{
    "classical": {
        "rewards": [
            -244.99999999999952,
            35.09999999999999,
            -71.50000000000006,
            -284.49999999999983,
            -240.39999999999955
        ],
        "steps": [
            200,
            200,
            200,
            200,
            200
        ]
    },
    "drl": {
        "rewards": [
            -240.49999999999997,
            -326.6000000000003,
            -191.7999999999996,
            -107.29999999999994,
            -97.79999999999984
        ],
        "steps": [
            200,
            200,
            200,
            200,
            200
        ]
    }
}