2025-05-28 04:02:16,389 - INFO - [AUDIT] - ===== AUDIT LOG INITIALIZED =====
2025-05-28 04:02:16,389 - INFO - [AUDIT] - Agent Configuration: {}
2025-05-28 04:02:16,393 - INFO - [AUDIT] - Model loaded from models/ppo_agent.pth
2025-05-28 04:02:16,394 - INFO - [AUDIT] - Model loaded from models/safety_compliant/safety_compliant_drl_final.pth
2025-05-28 04:02:16,848 - INFO - [AUDIT] - Safety mode transition: NORMAL -> SAFE_HOLD, Reason: Critical telemetry values detected
2025-05-28 04:02:16,856 - INFO - [AUDIT] - Action: 0, Confidence: 1.0000, Safety Mode: SAFE_HOLD, Override: Safe hold mode active
2025-05-28 04:02:16,856 - INFO - [AUDIT] - Action: 0, Confidence: 1.0000, Safety Mode: SAFE_HOLD, Override: Safe hold mode active
2025-05-28 04:02:16,857 - INFO - [AUDIT] - Action: 0, Confidence: 1.0000, Safety Mode: SAFE_HOLD, Override: Safe hold mode active
2025-05-28 04:02:16,857 - INFO - [AUDIT] - Action: 0, Confidence: 1.0000, Safety Mode: SAFE_HOLD, Override: Safe hold mode active
2025-05-28 04:02:16,857 - INFO - [AUDIT] - Action: 0, Confidence: 1.0000, Safety Mode: SAFE_HOLD, Override: Safe hold mode active
2025-05-28 04:02:16,857 - INFO - [AUDIT] - Action: 0, Confidence: 1.0000, Safety Mode: SAFE_HOLD, Override: Safe hold mode active
2025-05-28 04:02:16,857 - INFO - [AUDIT] - Action: 0, Confidence: 1.0000, Safety Mode: SAFE_HOLD, Override: Safe hold mode active
2025-05-28 04:02:16,858 - INFO - [AUDIT] - Action: 0, Confidence: 1.0000, Safety Mode: SAFE_HOLD, Override: Safe hold mode active
2025-05-28 04:02:16,858 - INFO - [AUDIT] - Action: 0, Confidence: 1.0000, Safety Mode: SAFE_HOLD, Override: Safe hold mode active
2025-05-28 04:02:16,858 - INFO - [AUDIT] - Action: 0, Confidence: 1.0000, Safety Mode: SAFE_HOLD, Override: Safe hold mode active
2025-05-28 04:02:16,858 - INFO - [AUDIT] - Action: 0, Confidence: 1.0000, Safety Mode: SAFE_HOLD, Override: Safe hold mode active
2025-05-28 04:02:16,858 - INFO - [AUDIT] - Action: 0, Confidence: 1.0000, Safety Mode: SAFE_HOLD, Override: Safe hold mode active
2025-05-28 04:02:16,859 - INFO - [AUDIT] - Action: 0, Confidence: 1.0000, Safety Mode: SAFE_HOLD, Override: Safe hold mode active
2025-05-28 04:02:16,859 - INFO - [AUDIT] - Action: 0, Confidence: 1.0000, Safety Mode: SAFE_HOLD, Override: Safe hold mode active
2025-05-28 04:02:16,859 - INFO - [AUDIT] - Action: 0, Confidence: 1.0000, Safety Mode: SAFE_HOLD, Override: Safe hold mode active
2025-05-28 04:02:16,859 - INFO - [AUDIT] - Action: 0, Confidence: 1.0000, Safety Mode: SAFE_HOLD, Override: Safe hold mode active
2025-05-28 04:02:16,859 - INFO - [AUDIT] - Action: 0, Confidence: 1.0000, Safety Mode: SAFE_HOLD, Override: Safe hold mode active
2025-05-28 04:02:16,860 - INFO - [AUDIT] - Action: 0, Confidence: 1.0000, Safety Mode: SAFE_HOLD, Override: Safe hold mode active
2025-05-28 04:02:16,860 - INFO - [AUDIT] - Action: 0, Confidence: 1.0000, Safety Mode: SAFE_HOLD, Override: Safe hold mode active
2025-05-28 04:02:16,860 - INFO - [AUDIT] - Action: 0, Confidence: 1.0000, Safety Mode: SAFE_HOLD, Override: Safe hold mode active
2025-05-28 04:02:16,860 - INFO - [AUDIT] - Action: 0, Confidence: 1.0000, Safety Mode: SAFE_HOLD, Override: Safe hold mode active
2025-05-28 04:02:16,860 - INFO - [AUDIT] - Action: 0, Confidence: 1.0000, Safety Mode: SAFE_HOLD, Override: Safe hold mode active
2025-05-28 04:02:16,861 - INFO - [AUDIT] - Action: 0, Confidence: 1.0000, Safety Mode: SAFE_HOLD, Override: Safe hold mode active
2025-05-28 04:02:16,861 - INFO - [AUDIT] - Action: 0, Confidence: 1.0000, Safety Mode: SAFE_HOLD, Override: Safe hold mode active
2025-05-28 04:02:16,861 - INFO - [AUDIT] - Action: 0, Confidence: 1.0000, Safety Mode: SAFE_HOLD, Override: Safe hold mode active
2025-05-28 04:02:16,861 - INFO - [AUDIT] - Action: 0, Confidence: 1.0000, Safety Mode: SAFE_HOLD, Override: Safe hold mode active
2025-05-28 04:02:16,861 - INFO - [AUDIT] - Action: 0, Confidence: 1.0000, Safety Mode: SAFE_HOLD, Override: Safe hold mode active
2025-05-28 04:02:16,862 - INFO - [AUDIT] - Action: 0, Confidence: 1.0000, Safety Mode: SAFE_HOLD, Override: Safe hold mode active
2025-05-28 04:02:16,862 - INFO - [AUDIT] - Action: 0, Confidence: 1.0000, Safety Mode: SAFE_HOLD, Override: Safe hold mode active
2025-05-28 04:02:16,862 - INFO - [AUDIT] - Action: 0, Confidence: 1.0000, Safety Mode: SAFE_HOLD, Override: Safe hold mode active
2025-05-28 04:02:16,862 - INFO - [AUDIT] - Action: 0, Confidence: 1.0000, Safety Mode: SAFE_HOLD, Override: Safe hold mode active
2025-05-28 04:02:16,862 - INFO - [AUDIT] - Action: 0, Confidence: 1.0000, Safety Mode: SAFE_HOLD, Override: Safe hold mode active
2025-05-28 04:02:16,863 - INFO - [AUDIT] - Action: 0, Confidence: 1.0000, Safety Mode: SAFE_HOLD, Override: Safe hold mode active
2025-05-28 04:02:16,863 - INFO - [AUDIT] - Action: 0, Confidence: 1.0000, Safety Mode: SAFE_HOLD, Override: Safe hold mode active
2025-05-28 04:02:16,863 - INFO - [AUDIT] - Action: 0, Confidence: 1.0000, Safety Mode: SAFE_HOLD, Override: Safe hold mode active
2025-05-28 04:02:16,863 - INFO - [AUDIT] - Action: 0, Confidence: 1.0000, Safety Mode: SAFE_HOLD, Override: Safe hold mode active
2025-05-28 04:02:16,863 - INFO - [AUDIT] - Action: 0, Confidence: 1.0000, Safety Mode: SAFE_HOLD, Override: Safe hold mode active
2025-05-28 04:02:16,863 - INFO - [AUDIT] - Action: 0, Confidence: 1.0000, Safety Mode: SAFE_HOLD, Override: Safe hold mode active
2025-05-28 04:02:16,864 - INFO - [AUDIT] - Action: 0, Confidence: 1.0000, Safety Mode: SAFE_HOLD, Override: Safe hold mode active
2025-05-28 04:02:16,864 - INFO - [AUDIT] - Action: 0, Confidence: 1.0000, Safety Mode: SAFE_HOLD, Override: Safe hold mode active
2025-05-28 04:02:16,864 - INFO - [AUDIT] - Action: 0, Confidence: 1.0000, Safety Mode: SAFE_HOLD, Override: Safe hold mode active
2025-05-28 04:02:16,864 - INFO - [AUDIT] - Action: 0, Confidence: 1.0000, Safety Mode: SAFE_HOLD, Override: Safe hold mode active
2025-05-28 04:02:16,864 - INFO - [AUDIT] - Action: 0, Confidence: 1.0000, Safety Mode: SAFE_HOLD, Override: Safe hold mode active
2025-05-28 04:02:16,865 - INFO - [AUDIT] - Action: 0, Confidence: 1.0000, Safety Mode: SAFE_HOLD, Override: Safe hold mode active
2025-05-28 04:02:16,865 - INFO - [AUDIT] - Action: 0, Confidence: 1.0000, Safety Mode: SAFE_HOLD, Override: Safe hold mode active
2025-05-28 04:02:16,865 - INFO - [AUDIT] - Action: 0, Confidence: 1.0000, Safety Mode: SAFE_HOLD, Override: Safe hold mode active
2025-05-28 04:02:16,865 - INFO - [AUDIT] - Action: 0, Confidence: 1.0000, Safety Mode: SAFE_HOLD, Override: Safe hold mode active
2025-05-28 04:02:16,865 - INFO - [AUDIT] - Action: 0, Confidence: 1.0000, Safety Mode: SAFE_HOLD, Override: Safe hold mode active
2025-05-28 04:02:16,866 - INFO - [AUDIT] - Action: 0, Confidence: 1.0000, Safety Mode: SAFE_HOLD, Override: Safe hold mode active
2025-05-28 04:02:16,866 - INFO - [AUDIT] - Action: 0, Confidence: 1.0000, Safety Mode: SAFE_HOLD, Override: Safe hold mode active
2025-05-28 04:02:16,866 - INFO - [AUDIT] - Action: 0, Confidence: 1.0000, Safety Mode: SAFE_HOLD, Override: Safe hold mode active
2025-05-28 04:02:16,866 - INFO - [AUDIT] - Action: 0, Confidence: 1.0000, Safety Mode: SAFE_HOLD, Override: Safe hold mode active
2025-05-28 04:02:16,867 - INFO - [AUDIT] - Action: 0, Confidence: 1.0000, Safety Mode: SAFE_HOLD, Override: Safe hold mode active
2025-05-28 04:02:16,867 - INFO - [AUDIT] - Action: 0, Confidence: 1.0000, Safety Mode: SAFE_HOLD, Override: Safe hold mode active
2025-05-28 04:02:16,867 - INFO - [AUDIT] - Action: 0, Confidence: 1.0000, Safety Mode: SAFE_HOLD, Override: Safe hold mode active
2025-05-28 04:02:16,867 - INFO - [AUDIT] - Action: 0, Confidence: 1.0000, Safety Mode: SAFE_HOLD, Override: Safe hold mode active
2025-05-28 04:02:16,868 - INFO - [AUDIT] - Action: 0, Confidence: 1.0000, Safety Mode: SAFE_HOLD, Override: Safe hold mode active
2025-05-28 04:02:16,868 - INFO - [AUDIT] - Action: 0, Confidence: 1.0000, Safety Mode: SAFE_HOLD, Override: Safe hold mode active
2025-05-28 04:02:16,868 - INFO - [AUDIT] - Action: 0, Confidence: 1.0000, Safety Mode: SAFE_HOLD, Override: Safe hold mode active
2025-05-28 04:02:16,868 - INFO - [AUDIT] - Action: 0, Confidence: 1.0000, Safety Mode: SAFE_HOLD, Override: Safe hold mode active
2025-05-28 04:02:16,868 - INFO - [AUDIT] - Action: 0, Confidence: 1.0000, Safety Mode: SAFE_HOLD, Override: Safe hold mode active
2025-05-28 04:02:16,869 - INFO - [AUDIT] - Action: 0, Confidence: 1.0000, Safety Mode: SAFE_HOLD, Override: Safe hold mode active
2025-05-28 04:02:16,869 - INFO - [AUDIT] - Action: 0, Confidence: 1.0000, Safety Mode: SAFE_HOLD, Override: Safe hold mode active
2025-05-28 04:02:16,869 - INFO - [AUDIT] - Action: 0, Confidence: 1.0000, Safety Mode: SAFE_HOLD, Override: Safe hold mode active
2025-05-28 04:02:16,869 - INFO - [AUDIT] - Action: 0, Confidence: 1.0000, Safety Mode: SAFE_HOLD, Override: Safe hold mode active
2025-05-28 04:02:16,869 - INFO - [AUDIT] - Action: 0, Confidence: 1.0000, Safety Mode: SAFE_HOLD, Override: Safe hold mode active
2025-05-28 04:02:16,870 - INFO - [AUDIT] - Action: 0, Confidence: 1.0000, Safety Mode: SAFE_HOLD, Override: Safe hold mode active
2025-05-28 04:02:16,870 - INFO - [AUDIT] - Action: 0, Confidence: 1.0000, Safety Mode: SAFE_HOLD, Override: Safe hold mode active
2025-05-28 04:02:16,870 - INFO - [AUDIT] - Action: 0, Confidence: 1.0000, Safety Mode: SAFE_HOLD, Override: Safe hold mode active
2025-05-28 04:02:16,870 - INFO - [AUDIT] - Action: 0, Confidence: 1.0000, Safety Mode: SAFE_HOLD, Override: Safe hold mode active
2025-05-28 04:02:16,870 - INFO - [AUDIT] - Action: 0, Confidence: 1.0000, Safety Mode: SAFE_HOLD, Override: Safe hold mode active
2025-05-28 04:02:16,871 - INFO - [AUDIT] - Action: 0, Confidence: 1.0000, Safety Mode: SAFE_HOLD, Override: Safe hold mode active
2025-05-28 04:02:16,871 - INFO - [AUDIT] - Action: 0, Confidence: 1.0000, Safety Mode: SAFE_HOLD, Override: Safe hold mode active
2025-05-28 04:02:16,871 - INFO - [AUDIT] - Action: 0, Confidence: 1.0000, Safety Mode: SAFE_HOLD, Override: Safe hold mode active
2025-05-28 04:02:16,871 - INFO - [AUDIT] - Action: 0, Confidence: 1.0000, Safety Mode: SAFE_HOLD, Override: Safe hold mode active
2025-05-28 04:02:16,871 - INFO - [AUDIT] - Action: 0, Confidence: 1.0000, Safety Mode: SAFE_HOLD, Override: Safe hold mode active
2025-05-28 04:02:16,872 - INFO - [AUDIT] - Action: 0, Confidence: 1.0000, Safety Mode: SAFE_HOLD, Override: Safe hold mode active
2025-05-28 04:02:16,872 - INFO - [AUDIT] - Action: 0, Confidence: 1.0000, Safety Mode: SAFE_HOLD, Override: Safe hold mode active
2025-05-28 04:02:16,872 - INFO - [AUDIT] - Action: 0, Confidence: 1.0000, Safety Mode: SAFE_HOLD, Override: Safe hold mode active
2025-05-28 04:02:16,872 - INFO - [AUDIT] - Action: 0, Confidence: 1.0000, Safety Mode: SAFE_HOLD, Override: Safe hold mode active
2025-05-28 04:02:16,872 - INFO - [AUDIT] - Action: 0, Confidence: 1.0000, Safety Mode: SAFE_HOLD, Override: Safe hold mode active
2025-05-28 04:02:16,873 - INFO - [AUDIT] - Action: 0, Confidence: 1.0000, Safety Mode: SAFE_HOLD, Override: Safe hold mode active
2025-05-28 04:02:16,873 - INFO - [AUDIT] - Action: 0, Confidence: 1.0000, Safety Mode: SAFE_HOLD, Override: Safe hold mode active
2025-05-28 04:02:16,873 - INFO - [AUDIT] - Action: 0, Confidence: 1.0000, Safety Mode: SAFE_HOLD, Override: Safe hold mode active
2025-05-28 04:02:16,873 - INFO - [AUDIT] - Action: 0, Confidence: 1.0000, Safety Mode: SAFE_HOLD, Override: Safe hold mode active
2025-05-28 04:02:16,873 - INFO - [AUDIT] - Action: 0, Confidence: 1.0000, Safety Mode: SAFE_HOLD, Override: Safe hold mode active
2025-05-28 04:02:16,874 - INFO - [AUDIT] - Action: 0, Confidence: 1.0000, Safety Mode: SAFE_HOLD, Override: Safe hold mode active
2025-05-28 04:02:16,874 - INFO - [AUDIT] - Action: 0, Confidence: 1.0000, Safety Mode: SAFE_HOLD, Override: Safe hold mode active
2025-05-28 04:02:16,874 - INFO - [AUDIT] - Action: 0, Confidence: 1.0000, Safety Mode: SAFE_HOLD, Override: Safe hold mode active
2025-05-28 04:02:16,874 - INFO - [AUDIT] - Action: 0, Confidence: 1.0000, Safety Mode: SAFE_HOLD, Override: Safe hold mode active
2025-05-28 04:02:16,874 - INFO - [AUDIT] - Action: 0, Confidence: 1.0000, Safety Mode: SAFE_HOLD, Override: Safe hold mode active
2025-05-28 04:02:16,874 - INFO - [AUDIT] - Action: 0, Confidence: 1.0000, Safety Mode: SAFE_HOLD, Override: Safe hold mode active
2025-05-28 04:02:16,875 - INFO - [AUDIT] - Action: 0, Confidence: 1.0000, Safety Mode: SAFE_HOLD, Override: Safe hold mode active
2025-05-28 04:02:16,875 - INFO - [AUDIT] - Action: 0, Confidence: 1.0000, Safety Mode: SAFE_HOLD, Override: Safe hold mode active
2025-05-28 04:02:16,875 - INFO - [AUDIT] - Action: 0, Confidence: 1.0000, Safety Mode: SAFE_HOLD, Override: Safe hold mode active
2025-05-28 04:02:16,875 - INFO - [AUDIT] - Action: 0, Confidence: 1.0000, Safety Mode: SAFE_HOLD, Override: Safe hold mode active
2025-05-28 04:02:16,875 - INFO - [AUDIT] - Action: 0, Confidence: 1.0000, Safety Mode: SAFE_HOLD, Override: Safe hold mode active
2025-05-28 04:02:16,876 - INFO - [AUDIT] - Action: 0, Confidence: 1.0000, Safety Mode: SAFE_HOLD, Override: Safe hold mode active
2025-05-28 04:02:16,876 - INFO - [AUDIT] - Action: 0, Confidence: 1.0000, Safety Mode: SAFE_HOLD, Override: Safe hold mode active
2025-05-28 04:02:16,876 - INFO - [AUDIT] - Action: 0, Confidence: 1.0000, Safety Mode: SAFE_HOLD, Override: Safe hold mode active
2025-05-28 04:02:16,876 - INFO - [AUDIT] - Action: 0, Confidence: 1.0000, Safety Mode: SAFE_HOLD, Override: Safe hold mode active
2025-05-28 04:02:16,876 - INFO - [AUDIT] - Action: 0, Confidence: 1.0000, Safety Mode: SAFE_HOLD, Override: Safe hold mode active
2025-05-28 04:02:16,877 - INFO - [AUDIT] - Action: 0, Confidence: 1.0000, Safety Mode: SAFE_HOLD, Override: Safe hold mode active
2025-05-28 04:02:16,877 - INFO - [AUDIT] - Action: 0, Confidence: 1.0000, Safety Mode: SAFE_HOLD, Override: Safe hold mode active
2025-05-28 04:02:16,877 - INFO - [AUDIT] - Action: 0, Confidence: 1.0000, Safety Mode: SAFE_HOLD, Override: Safe hold mode active
2025-05-28 04:02:16,877 - INFO - [AUDIT] - Action: 0, Confidence: 1.0000, Safety Mode: SAFE_HOLD, Override: Safe hold mode active
2025-05-28 04:02:16,877 - INFO - [AUDIT] - Action: 0, Confidence: 1.0000, Safety Mode: SAFE_HOLD, Override: Safe hold mode active
2025-05-28 04:02:16,878 - INFO - [AUDIT] - Action: 0, Confidence: 1.0000, Safety Mode: SAFE_HOLD, Override: Safe hold mode active
2025-05-28 04:02:16,878 - INFO - [AUDIT] - Action: 0, Confidence: 1.0000, Safety Mode: SAFE_HOLD, Override: Safe hold mode active
2025-05-28 04:02:16,878 - INFO - [AUDIT] - Action: 0, Confidence: 1.0000, Safety Mode: SAFE_HOLD, Override: Safe hold mode active
2025-05-28 04:02:16,878 - INFO - [AUDIT] - Action: 0, Confidence: 1.0000, Safety Mode: SAFE_HOLD, Override: Safe hold mode active
2025-05-28 04:02:16,878 - INFO - [AUDIT] - Action: 0, Confidence: 1.0000, Safety Mode: SAFE_HOLD, Override: Safe hold mode active
2025-05-28 04:02:16,879 - INFO - [AUDIT] - Action: 0, Confidence: 1.0000, Safety Mode: SAFE_HOLD, Override: Safe hold mode active
2025-05-28 04:02:16,879 - INFO - [AUDIT] - Action: 0, Confidence: 1.0000, Safety Mode: SAFE_HOLD, Override: Safe hold mode active
2025-05-28 04:02:16,879 - INFO - [AUDIT] - Action: 0, Confidence: 1.0000, Safety Mode: SAFE_HOLD, Override: Safe hold mode active
2025-05-28 04:02:16,879 - INFO - [AUDIT] - Action: 0, Confidence: 1.0000, Safety Mode: SAFE_HOLD, Override: Safe hold mode active
2025-05-28 04:02:16,879 - INFO - [AUDIT] - Action: 0, Confidence: 1.0000, Safety Mode: SAFE_HOLD, Override: Safe hold mode active
2025-05-28 04:02:16,880 - INFO - [AUDIT] - Action: 0, Confidence: 1.0000, Safety Mode: SAFE_HOLD, Override: Safe hold mode active
2025-05-28 04:02:16,880 - INFO - [AUDIT] - Action: 0, Confidence: 1.0000, Safety Mode: SAFE_HOLD, Override: Safe hold mode active
2025-05-28 04:02:16,880 - INFO - [AUDIT] - Action: 0, Confidence: 1.0000, Safety Mode: SAFE_HOLD, Override: Safe hold mode active
2025-05-28 04:02:16,880 - INFO - [AUDIT] - Action: 0, Confidence: 1.0000, Safety Mode: SAFE_HOLD, Override: Safe hold mode active
2025-05-28 04:02:16,880 - INFO - [AUDIT] - Action: 0, Confidence: 1.0000, Safety Mode: SAFE_HOLD, Override: Safe hold mode active
2025-05-28 04:02:16,881 - INFO - [AUDIT] - Action: 0, Confidence: 1.0000, Safety Mode: SAFE_HOLD, Override: Safe hold mode active
2025-05-28 04:02:16,881 - INFO - [AUDIT] - Action: 0, Confidence: 1.0000, Safety Mode: SAFE_HOLD, Override: Safe hold mode active
2025-05-28 04:02:16,881 - INFO - [AUDIT] - Action: 0, Confidence: 1.0000, Safety Mode: SAFE_HOLD, Override: Safe hold mode active
2025-05-28 04:02:16,881 - INFO - [AUDIT] - Action: 0, Confidence: 1.0000, Safety Mode: SAFE_HOLD, Override: Safe hold mode active
2025-05-28 04:02:16,881 - INFO - [AUDIT] - Action: 0, Confidence: 1.0000, Safety Mode: SAFE_HOLD, Override: Safe hold mode active
2025-05-28 04:02:16,882 - INFO - [AUDIT] - Action: 0, Confidence: 1.0000, Safety Mode: SAFE_HOLD, Override: Safe hold mode active
2025-05-28 04:02:16,882 - INFO - [AUDIT] - Action: 0, Confidence: 1.0000, Safety Mode: SAFE_HOLD, Override: Safe hold mode active
2025-05-28 04:02:16,882 - INFO - [AUDIT] - Action: 0, Confidence: 1.0000, Safety Mode: SAFE_HOLD, Override: Safe hold mode active
2025-05-28 04:02:16,882 - INFO - [AUDIT] - Action: 0, Confidence: 1.0000, Safety Mode: SAFE_HOLD, Override: Safe hold mode active
2025-05-28 04:02:16,882 - INFO - [AUDIT] - Action: 0, Confidence: 1.0000, Safety Mode: SAFE_HOLD, Override: Safe hold mode active
2025-05-28 04:02:16,883 - INFO - [AUDIT] - Action: 0, Confidence: 1.0000, Safety Mode: SAFE_HOLD, Override: Safe hold mode active
2025-05-28 04:02:16,883 - INFO - [AUDIT] - Action: 0, Confidence: 1.0000, Safety Mode: SAFE_HOLD, Override: Safe hold mode active
2025-05-28 04:02:16,883 - INFO - [AUDIT] - Action: 0, Confidence: 1.0000, Safety Mode: SAFE_HOLD, Override: Safe hold mode active
2025-05-28 04:02:16,883 - INFO - [AUDIT] - Action: 0, Confidence: 1.0000, Safety Mode: SAFE_HOLD, Override: Safe hold mode active
2025-05-28 04:02:16,883 - INFO - [AUDIT] - Action: 0, Confidence: 1.0000, Safety Mode: SAFE_HOLD, Override: Safe hold mode active
2025-05-28 04:02:16,884 - INFO - [AUDIT] - Action: 0, Confidence: 1.0000, Safety Mode: SAFE_HOLD, Override: Safe hold mode active
2025-05-28 04:02:16,884 - INFO - [AUDIT] - Action: 0, Confidence: 1.0000, Safety Mode: SAFE_HOLD, Override: Safe hold mode active
2025-05-28 04:02:16,884 - INFO - [AUDIT] - Action: 0, Confidence: 1.0000, Safety Mode: SAFE_HOLD, Override: Safe hold mode active
2025-05-28 04:02:16,884 - INFO - [AUDIT] - Action: 0, Confidence: 1.0000, Safety Mode: SAFE_HOLD, Override: Safe hold mode active
2025-05-28 04:02:16,884 - INFO - [AUDIT] - Action: 0, Confidence: 1.0000, Safety Mode: SAFE_HOLD, Override: Safe hold mode active
2025-05-28 04:02:16,885 - INFO - [AUDIT] - Action: 0, Confidence: 1.0000, Safety Mode: SAFE_HOLD, Override: Safe hold mode active
2025-05-28 04:02:16,885 - INFO - [AUDIT] - Action: 0, Confidence: 1.0000, Safety Mode: SAFE_HOLD, Override: Safe hold mode active
2025-05-28 04:02:16,885 - INFO - [AUDIT] - Action: 0, Confidence: 1.0000, Safety Mode: SAFE_HOLD, Override: Safe hold mode active
2025-05-28 04:02:16,885 - INFO - [AUDIT] - Action: 0, Confidence: 1.0000, Safety Mode: SAFE_HOLD, Override: Safe hold mode active
2025-05-28 04:02:16,885 - INFO - [AUDIT] - Action: 0, Confidence: 1.0000, Safety Mode: SAFE_HOLD, Override: Safe hold mode active
2025-05-28 04:02:16,886 - INFO - [AUDIT] - Action: 0, Confidence: 1.0000, Safety Mode: SAFE_HOLD, Override: Safe hold mode active
2025-05-28 04:02:16,886 - INFO - [AUDIT] - Action: 0, Confidence: 1.0000, Safety Mode: SAFE_HOLD, Override: Safe hold mode active
2025-05-28 04:02:16,886 - INFO - [AUDIT] - Action: 0, Confidence: 1.0000, Safety Mode: SAFE_HOLD, Override: Safe hold mode active
2025-05-28 04:02:16,886 - INFO - [AUDIT] - Action: 0, Confidence: 1.0000, Safety Mode: SAFE_HOLD, Override: Safe hold mode active
2025-05-28 04:02:16,887 - INFO - [AUDIT] - Action: 0, Confidence: 1.0000, Safety Mode: SAFE_HOLD, Override: Safe hold mode active
2025-05-28 04:02:16,887 - INFO - [AUDIT] - Action: 0, Confidence: 1.0000, Safety Mode: SAFE_HOLD, Override: Safe hold mode active
2025-05-28 04:02:16,887 - INFO - [AUDIT] - Action: 0, Confidence: 1.0000, Safety Mode: SAFE_HOLD, Override: Safe hold mode active
2025-05-28 04:02:16,887 - INFO - [AUDIT] - Action: 0, Confidence: 1.0000, Safety Mode: SAFE_HOLD, Override: Safe hold mode active
2025-05-28 04:02:16,887 - INFO - [AUDIT] - Action: 0, Confidence: 1.0000, Safety Mode: SAFE_HOLD, Override: Safe hold mode active
2025-05-28 04:02:16,888 - INFO - [AUDIT] - Action: 0, Confidence: 1.0000, Safety Mode: SAFE_HOLD, Override: Safe hold mode active
2025-05-28 04:02:16,888 - INFO - [AUDIT] - Action: 0, Confidence: 1.0000, Safety Mode: SAFE_HOLD, Override: Safe hold mode active
2025-05-28 04:02:16,888 - INFO - [AUDIT] - Action: 0, Confidence: 1.0000, Safety Mode: SAFE_HOLD, Override: Safe hold mode active
2025-05-28 04:02:16,888 - INFO - [AUDIT] - Action: 0, Confidence: 1.0000, Safety Mode: SAFE_HOLD, Override: Safe hold mode active
2025-05-28 04:02:16,888 - INFO - [AUDIT] - Action: 0, Confidence: 1.0000, Safety Mode: SAFE_HOLD, Override: Safe hold mode active
2025-05-28 04:02:16,888 - INFO - [AUDIT] - Action: 0, Confidence: 1.0000, Safety Mode: SAFE_HOLD, Override: Safe hold mode active
2025-05-28 04:02:16,889 - INFO - [AUDIT] - Action: 0, Confidence: 1.0000, Safety Mode: SAFE_HOLD, Override: Safe hold mode active
2025-05-28 04:02:16,889 - INFO - [AUDIT] - Action: 0, Confidence: 1.0000, Safety Mode: SAFE_HOLD, Override: Safe hold mode active
2025-05-28 04:02:16,889 - INFO - [AUDIT] - Action: 0, Confidence: 1.0000, Safety Mode: SAFE_HOLD, Override: Safe hold mode active
2025-05-28 04:02:16,889 - INFO - [AUDIT] - Action: 0, Confidence: 1.0000, Safety Mode: SAFE_HOLD, Override: Safe hold mode active
2025-05-28 04:02:16,889 - INFO - [AUDIT] - Action: 0, Confidence: 1.0000, Safety Mode: SAFE_HOLD, Override: Safe hold mode active
2025-05-28 04:02:16,890 - INFO - [AUDIT] - Action: 0, Confidence: 1.0000, Safety Mode: SAFE_HOLD, Override: Safe hold mode active
2025-05-28 04:02:16,890 - INFO - [AUDIT] - Action: 0, Confidence: 1.0000, Safety Mode: SAFE_HOLD, Override: Safe hold mode active
2025-05-28 04:02:16,890 - INFO - [AUDIT] - Action: 0, Confidence: 1.0000, Safety Mode: SAFE_HOLD, Override: Safe hold mode active
2025-05-28 04:02:16,890 - INFO - [AUDIT] - Action: 0, Confidence: 1.0000, Safety Mode: SAFE_HOLD, Override: Safe hold mode active
2025-05-28 04:02:16,890 - INFO - [AUDIT] - Action: 0, Confidence: 1.0000, Safety Mode: SAFE_HOLD, Override: Safe hold mode active
2025-05-28 04:02:16,891 - INFO - [AUDIT] - Action: 0, Confidence: 1.0000, Safety Mode: SAFE_HOLD, Override: Safe hold mode active
2025-05-28 04:02:16,891 - INFO - [AUDIT] - Action: 0, Confidence: 1.0000, Safety Mode: SAFE_HOLD, Override: Safe hold mode active
2025-05-28 04:02:16,891 - INFO - [AUDIT] - Action: 0, Confidence: 1.0000, Safety Mode: SAFE_HOLD, Override: Safe hold mode active
2025-05-28 04:02:16,891 - INFO - [AUDIT] - Action: 0, Confidence: 1.0000, Safety Mode: SAFE_HOLD, Override: Safe hold mode active
2025-05-28 04:02:16,891 - INFO - [AUDIT] - Action: 0, Confidence: 1.0000, Safety Mode: SAFE_HOLD, Override: Safe hold mode active
2025-05-28 04:02:16,892 - INFO - [AUDIT] - Action: 0, Confidence: 1.0000, Safety Mode: SAFE_HOLD, Override: Safe hold mode active
2025-05-28 04:02:16,892 - INFO - [AUDIT] - Action: 0, Confidence: 1.0000, Safety Mode: SAFE_HOLD, Override: Safe hold mode active
2025-05-28 04:02:16,892 - INFO - [AUDIT] - Action: 0, Confidence: 1.0000, Safety Mode: SAFE_HOLD, Override: Safe hold mode active
2025-05-28 04:02:16,892 - INFO - [AUDIT] - Action: 0, Confidence: 1.0000, Safety Mode: SAFE_HOLD, Override: Safe hold mode active
2025-05-28 04:02:16,892 - INFO - [AUDIT] - Action: 0, Confidence: 1.0000, Safety Mode: SAFE_HOLD, Override: Safe hold mode active
2025-05-28 04:02:16,893 - INFO - [AUDIT] - Action: 0, Confidence: 1.0000, Safety Mode: SAFE_HOLD, Override: Safe hold mode active
2025-05-28 04:02:16,893 - INFO - [AUDIT] - Action: 0, Confidence: 1.0000, Safety Mode: SAFE_HOLD, Override: Safe hold mode active
2025-05-28 04:02:16,893 - INFO - [AUDIT] - Action: 0, Confidence: 1.0000, Safety Mode: SAFE_HOLD, Override: Safe hold mode active
2025-05-28 04:02:16,893 - INFO - [AUDIT] - Action: 0, Confidence: 1.0000, Safety Mode: SAFE_HOLD, Override: Safe hold mode active
2025-05-28 04:02:16,893 - INFO - [AUDIT] - Action: 0, Confidence: 1.0000, Safety Mode: SAFE_HOLD, Override: Safe hold mode active
2025-05-28 04:02:16,894 - INFO - [AUDIT] - Action: 0, Confidence: 1.0000, Safety Mode: SAFE_HOLD, Override: Safe hold mode active
2025-05-28 04:02:16,894 - INFO - [AUDIT] - Action: 0, Confidence: 1.0000, Safety Mode: SAFE_HOLD, Override: Safe hold mode active
2025-05-28 04:02:16,894 - INFO - [AUDIT] - Action: 0, Confidence: 1.0000, Safety Mode: SAFE_HOLD, Override: Safe hold mode active
2025-05-28 04:02:16,894 - INFO - [AUDIT] - Action: 0, Confidence: 1.0000, Safety Mode: SAFE_HOLD, Override: Safe hold mode active
2025-05-28 04:02:16,894 - INFO - [AUDIT] - Action: 0, Confidence: 1.0000, Safety Mode: SAFE_HOLD, Override: Safe hold mode active
2025-05-28 04:02:16,895 - INFO - [AUDIT] - Action: 0, Confidence: 1.0000, Safety Mode: SAFE_HOLD, Override: Safe hold mode active
2025-05-28 04:02:16,895 - INFO - [AUDIT] - Action: 0, Confidence: 1.0000, Safety Mode: SAFE_HOLD, Override: Safe hold mode active
2025-05-28 04:02:16,895 - INFO - [AUDIT] - Action: 0, Confidence: 1.0000, Safety Mode: SAFE_HOLD, Override: Safe hold mode active
2025-05-28 04:02:16,895 - INFO - [AUDIT] - Action: 0, Confidence: 1.0000, Safety Mode: SAFE_HOLD, Override: Safe hold mode active
2025-05-28 04:02:16,895 - INFO - [AUDIT] - Action: 0, Confidence: 1.0000, Safety Mode: SAFE_HOLD, Override: Safe hold mode active
2025-05-28 04:02:16,896 - INFO - [AUDIT] - Action: 0, Confidence: 1.0000, Safety Mode: SAFE_HOLD, Override: Safe hold mode active
2025-05-28 04:02:16,896 - INFO - [AUDIT] - Action: 0, Confidence: 1.0000, Safety Mode: SAFE_HOLD, Override: Safe hold mode active
2025-05-28 04:02:16,896 - INFO - [AUDIT] - Action: 0, Confidence: 1.0000, Safety Mode: SAFE_HOLD, Override: Safe hold mode active
2025-05-28 04:02:16,896 - INFO - [AUDIT] - Action: 0, Confidence: 1.0000, Safety Mode: SAFE_HOLD, Override: Safe hold mode active
2025-05-28 04:02:16,896 - INFO - [AUDIT] - Action: 0, Confidence: 1.0000, Safety Mode: SAFE_HOLD, Override: Safe hold mode active
2025-05-28 04:02:16,897 - INFO - [AUDIT] - Action: 0, Confidence: 1.0000, Safety Mode: SAFE_HOLD, Override: Safe hold mode active
2025-05-28 04:02:16,897 - INFO - [AUDIT] - Action: 0, Confidence: 1.0000, Safety Mode: SAFE_HOLD, Override: Safe hold mode active
2025-05-28 04:02:16,897 - INFO - [AUDIT] - Action: 0, Confidence: 1.0000, Safety Mode: SAFE_HOLD, Override: Safe hold mode active
2025-05-28 04:02:16,897 - INFO - [AUDIT] - Action: 0, Confidence: 1.0000, Safety Mode: SAFE_HOLD, Override: Safe hold mode active
2025-05-28 04:02:16,897 - INFO - [AUDIT] - Action: 0, Confidence: 1.0000, Safety Mode: SAFE_HOLD, Override: Safe hold mode active
2025-05-28 04:02:16,898 - INFO - [AUDIT] - Action: 0, Confidence: 1.0000, Safety Mode: SAFE_HOLD, Override: Safe hold mode active
2025-05-28 04:02:16,898 - INFO - [AUDIT] - Action: 0, Confidence: 1.0000, Safety Mode: SAFE_HOLD, Override: Safe hold mode active
2025-05-28 04:02:16,898 - INFO - [AUDIT] - Action: 0, Confidence: 1.0000, Safety Mode: SAFE_HOLD, Override: Safe hold mode active
2025-05-28 04:02:16,898 - INFO - [AUDIT] - Action: 0, Confidence: 1.0000, Safety Mode: SAFE_HOLD, Override: Safe hold mode active
2025-05-28 04:02:16,898 - INFO - [AUDIT] - Action: 0, Confidence: 1.0000, Safety Mode: SAFE_HOLD, Override: Safe hold mode active
2025-05-28 04:02:16,899 - INFO - [AUDIT] - Action: 0, Confidence: 1.0000, Safety Mode: SAFE_HOLD, Override: Safe hold mode active
2025-05-28 04:02:16,899 - INFO - [AUDIT] - Action: 0, Confidence: 1.0000, Safety Mode: SAFE_HOLD, Override: Safe hold mode active
2025-05-28 04:02:16,899 - INFO - [AUDIT] - Action: 0, Confidence: 1.0000, Safety Mode: SAFE_HOLD, Override: Safe hold mode active
2025-05-28 04:02:16,899 - INFO - [AUDIT] - Action: 0, Confidence: 1.0000, Safety Mode: SAFE_HOLD, Override: Safe hold mode active
2025-05-28 04:02:16,899 - INFO - [AUDIT] - Action: 0, Confidence: 1.0000, Safety Mode: SAFE_HOLD, Override: Safe hold mode active
2025-05-28 04:02:16,900 - INFO - [AUDIT] - Action: 0, Confidence: 1.0000, Safety Mode: SAFE_HOLD, Override: Safe hold mode active
2025-05-28 04:02:16,900 - INFO - [AUDIT] - Action: 0, Confidence: 1.0000, Safety Mode: SAFE_HOLD, Override: Safe hold mode active
2025-05-28 04:02:16,900 - INFO - [AUDIT] - Action: 0, Confidence: 1.0000, Safety Mode: SAFE_HOLD, Override: Safe hold mode active
2025-05-28 04:02:16,900 - INFO - [AUDIT] - Action: 0, Confidence: 1.0000, Safety Mode: SAFE_HOLD, Override: Safe hold mode active
2025-05-28 04:02:16,900 - INFO - [AUDIT] - Action: 0, Confidence: 1.0000, Safety Mode: SAFE_HOLD, Override: Safe hold mode active
2025-05-28 04:02:16,901 - INFO - [AUDIT] - Action: 0, Confidence: 1.0000, Safety Mode: SAFE_HOLD, Override: Safe hold mode active
2025-05-28 04:02:16,901 - INFO - [AUDIT] - Action: 0, Confidence: 1.0000, Safety Mode: SAFE_HOLD, Override: Safe hold mode active
2025-05-28 04:02:16,901 - INFO - [AUDIT] - Action: 0, Confidence: 1.0000, Safety Mode: SAFE_HOLD, Override: Safe hold mode active
2025-05-28 04:02:16,901 - INFO - [AUDIT] - Action: 0, Confidence: 1.0000, Safety Mode: SAFE_HOLD, Override: Safe hold mode active
2025-05-28 04:02:16,901 - INFO - [AUDIT] - Action: 0, Confidence: 1.0000, Safety Mode: SAFE_HOLD, Override: Safe hold mode active
2025-05-28 04:02:16,902 - INFO - [AUDIT] - Action: 0, Confidence: 1.0000, Safety Mode: SAFE_HOLD, Override: Safe hold mode active
2025-05-28 04:02:16,902 - INFO - [AUDIT] - Action: 0, Confidence: 1.0000, Safety Mode: SAFE_HOLD, Override: Safe hold mode active
2025-05-28 04:02:16,902 - INFO - [AUDIT] - Action: 0, Confidence: 1.0000, Safety Mode: SAFE_HOLD, Override: Safe hold mode active
2025-05-28 04:02:16,902 - INFO - [AUDIT] - Action: 0, Confidence: 1.0000, Safety Mode: SAFE_HOLD, Override: Safe hold mode active
2025-05-28 04:02:16,902 - INFO - [AUDIT] - Action: 0, Confidence: 1.0000, Safety Mode: SAFE_HOLD, Override: Safe hold mode active
2025-05-28 04:02:16,903 - INFO - [AUDIT] - Action: 0, Confidence: 1.0000, Safety Mode: SAFE_HOLD, Override: Safe hold mode active
2025-05-28 04:02:16,903 - INFO - [AUDIT] - Action: 0, Confidence: 1.0000, Safety Mode: SAFE_HOLD, Override: Safe hold mode active
2025-05-28 04:02:16,903 - INFO - [AUDIT] - Action: 0, Confidence: 1.0000, Safety Mode: SAFE_HOLD, Override: Safe hold mode active
2025-05-28 04:02:16,903 - INFO - [AUDIT] - Action: 0, Confidence: 1.0000, Safety Mode: SAFE_HOLD, Override: Safe hold mode active
2025-05-28 04:02:16,903 - INFO - [AUDIT] - Action: 0, Confidence: 1.0000, Safety Mode: SAFE_HOLD, Override: Safe hold mode active
2025-05-28 04:02:16,904 - INFO - [AUDIT] - Action: 0, Confidence: 1.0000, Safety Mode: SAFE_HOLD, Override: Safe hold mode active
2025-05-28 04:02:16,904 - INFO - [AUDIT] - Action: 0, Confidence: 1.0000, Safety Mode: SAFE_HOLD, Override: Safe hold mode active
2025-05-28 04:02:16,904 - INFO - [AUDIT] - Action: 0, Confidence: 1.0000, Safety Mode: SAFE_HOLD, Override: Safe hold mode active
2025-05-28 04:02:16,904 - INFO - [AUDIT] - Action: 0, Confidence: 1.0000, Safety Mode: SAFE_HOLD, Override: Safe hold mode active
2025-05-28 04:02:16,904 - INFO - [AUDIT] - Action: 0, Confidence: 1.0000, Safety Mode: SAFE_HOLD, Override: Safe hold mode active
2025-05-28 04:02:16,905 - INFO - [AUDIT] - Action: 0, Confidence: 1.0000, Safety Mode: SAFE_HOLD, Override: Safe hold mode active
2025-05-28 04:02:16,905 - INFO - [AUDIT] - Action: 0, Confidence: 1.0000, Safety Mode: SAFE_HOLD, Override: Safe hold mode active
2025-05-28 04:02:16,905 - INFO - [AUDIT] - Action: 0, Confidence: 1.0000, Safety Mode: SAFE_HOLD, Override: Safe hold mode active
2025-05-28 04:02:16,905 - INFO - [AUDIT] - Action: 0, Confidence: 1.0000, Safety Mode: SAFE_HOLD, Override: Safe hold mode active
2025-05-28 04:02:16,905 - INFO - [AUDIT] - Action: 0, Confidence: 1.0000, Safety Mode: SAFE_HOLD, Override: Safe hold mode active
2025-05-28 04:02:16,905 - INFO - [AUDIT] - Action: 0, Confidence: 1.0000, Safety Mode: SAFE_HOLD, Override: Safe hold mode active
2025-05-28 04:02:16,906 - INFO - [AUDIT] - Action: 0, Confidence: 1.0000, Safety Mode: SAFE_HOLD, Override: Safe hold mode active
2025-05-28 04:02:16,906 - INFO - [AUDIT] - Action: 0, Confidence: 1.0000, Safety Mode: SAFE_HOLD, Override: Safe hold mode active
2025-05-28 04:02:16,906 - INFO - [AUDIT] - Action: 0, Confidence: 1.0000, Safety Mode: SAFE_HOLD, Override: Safe hold mode active
2025-05-28 04:02:16,906 - INFO - [AUDIT] - Action: 0, Confidence: 1.0000, Safety Mode: SAFE_HOLD, Override: Safe hold mode active
2025-05-28 04:02:16,907 - INFO - [AUDIT] - Action: 0, Confidence: 1.0000, Safety Mode: SAFE_HOLD, Override: Safe hold mode active
2025-05-28 04:02:16,907 - INFO - [AUDIT] - Action: 0, Confidence: 1.0000, Safety Mode: SAFE_HOLD, Override: Safe hold mode active
2025-05-28 04:02:16,907 - INFO - [AUDIT] - Action: 0, Confidence: 1.0000, Safety Mode: SAFE_HOLD, Override: Safe hold mode active
2025-05-28 04:02:16,907 - INFO - [AUDIT] - Action: 0, Confidence: 1.0000, Safety Mode: SAFE_HOLD, Override: Safe hold mode active
2025-05-28 04:02:16,907 - INFO - [AUDIT] - Action: 0, Confidence: 1.0000, Safety Mode: SAFE_HOLD, Override: Safe hold mode active
2025-05-28 04:02:16,908 - INFO - [AUDIT] - Action: 0, Confidence: 1.0000, Safety Mode: SAFE_HOLD, Override: Safe hold mode active
2025-05-28 04:02:16,908 - INFO - [AUDIT] - Action: 0, Confidence: 1.0000, Safety Mode: SAFE_HOLD, Override: Safe hold mode active
2025-05-28 04:02:16,908 - INFO - [AUDIT] - Action: 0, Confidence: 1.0000, Safety Mode: SAFE_HOLD, Override: Safe hold mode active
2025-05-28 04:02:16,908 - INFO - [AUDIT] - Action: 0, Confidence: 1.0000, Safety Mode: SAFE_HOLD, Override: Safe hold mode active
2025-05-28 04:02:16,908 - INFO - [AUDIT] - Action: 0, Confidence: 1.0000, Safety Mode: SAFE_HOLD, Override: Safe hold mode active
2025-05-28 04:02:16,908 - INFO - [AUDIT] - Action: 0, Confidence: 1.0000, Safety Mode: SAFE_HOLD, Override: Safe hold mode active
2025-05-28 04:02:16,909 - INFO - [AUDIT] - Action: 0, Confidence: 1.0000, Safety Mode: SAFE_HOLD, Override: Safe hold mode active
2025-05-28 04:02:16,909 - INFO - [AUDIT] - Action: 0, Confidence: 1.0000, Safety Mode: SAFE_HOLD, Override: Safe hold mode active
2025-05-28 04:02:16,909 - INFO - [AUDIT] - Action: 0, Confidence: 1.0000, Safety Mode: SAFE_HOLD, Override: Safe hold mode active
2025-05-28 04:02:16,909 - INFO - [AUDIT] - Action: 0, Confidence: 1.0000, Safety Mode: SAFE_HOLD, Override: Safe hold mode active
2025-05-28 04:02:16,909 - INFO - [AUDIT] - Action: 0, Confidence: 1.0000, Safety Mode: SAFE_HOLD, Override: Safe hold mode active
2025-05-28 04:02:16,910 - INFO - [AUDIT] - Action: 0, Confidence: 1.0000, Safety Mode: SAFE_HOLD, Override: Safe hold mode active
2025-05-28 04:02:16,910 - INFO - [AUDIT] - Action: 0, Confidence: 1.0000, Safety Mode: SAFE_HOLD, Override: Safe hold mode active
2025-05-28 04:02:16,910 - INFO - [AUDIT] - Action: 0, Confidence: 1.0000, Safety Mode: SAFE_HOLD, Override: Safe hold mode active
2025-05-28 04:02:16,910 - INFO - [AUDIT] - Action: 0, Confidence: 1.0000, Safety Mode: SAFE_HOLD, Override: Safe hold mode active
2025-05-28 04:02:16,910 - INFO - [AUDIT] - Action: 0, Confidence: 1.0000, Safety Mode: SAFE_HOLD, Override: Safe hold mode active
2025-05-28 04:02:16,911 - INFO - [AUDIT] - Action: 0, Confidence: 1.0000, Safety Mode: SAFE_HOLD, Override: Safe hold mode active
2025-05-28 04:02:16,911 - INFO - [AUDIT] - Action: 0, Confidence: 1.0000, Safety Mode: SAFE_HOLD, Override: Safe hold mode active
2025-05-28 04:02:16,911 - INFO - [AUDIT] - Action: 0, Confidence: 1.0000, Safety Mode: SAFE_HOLD, Override: Safe hold mode active
2025-05-28 04:02:16,911 - INFO - [AUDIT] - Action: 0, Confidence: 1.0000, Safety Mode: SAFE_HOLD, Override: Safe hold mode active
2025-05-28 04:02:16,911 - INFO - [AUDIT] - Action: 0, Confidence: 1.0000, Safety Mode: SAFE_HOLD, Override: Safe hold mode active
2025-05-28 04:02:16,912 - INFO - [AUDIT] - Action: 0, Confidence: 1.0000, Safety Mode: SAFE_HOLD, Override: Safe hold mode active
2025-05-28 04:02:16,912 - INFO - [AUDIT] - Action: 0, Confidence: 1.0000, Safety Mode: SAFE_HOLD, Override: Safe hold mode active
2025-05-28 04:02:16,912 - INFO - [AUDIT] - Action: 0, Confidence: 1.0000, Safety Mode: SAFE_HOLD, Override: Safe hold mode active
2025-05-28 04:02:16,912 - INFO - [AUDIT] - Action: 0, Confidence: 1.0000, Safety Mode: SAFE_HOLD, Override: Safe hold mode active
2025-05-28 04:02:16,912 - INFO - [AUDIT] - Action: 0, Confidence: 1.0000, Safety Mode: SAFE_HOLD, Override: Safe hold mode active
2025-05-28 04:02:16,913 - INFO - [AUDIT] - Action: 0, Confidence: 1.0000, Safety Mode: SAFE_HOLD, Override: Safe hold mode active
2025-05-28 04:02:16,913 - INFO - [AUDIT] - Action: 0, Confidence: 1.0000, Safety Mode: SAFE_HOLD, Override: Safe hold mode active
2025-05-28 04:02:16,913 - INFO - [AUDIT] - Action: 0, Confidence: 1.0000, Safety Mode: SAFE_HOLD, Override: Safe hold mode active
2025-05-28 04:02:16,913 - INFO - [AUDIT] - Action: 0, Confidence: 1.0000, Safety Mode: SAFE_HOLD, Override: Safe hold mode active
2025-05-28 04:02:16,913 - INFO - [AUDIT] - Action: 0, Confidence: 1.0000, Safety Mode: SAFE_HOLD, Override: Safe hold mode active
2025-05-28 04:02:16,914 - INFO - [AUDIT] - Action: 0, Confidence: 1.0000, Safety Mode: SAFE_HOLD, Override: Safe hold mode active
2025-05-28 04:02:16,914 - INFO - [AUDIT] - Action: 0, Confidence: 1.0000, Safety Mode: SAFE_HOLD, Override: Safe hold mode active
2025-05-28 04:02:16,914 - INFO - [AUDIT] - Action: 0, Confidence: 1.0000, Safety Mode: SAFE_HOLD, Override: Safe hold mode active
2025-05-28 04:02:16,914 - INFO - [AUDIT] - Action: 0, Confidence: 1.0000, Safety Mode: SAFE_HOLD, Override: Safe hold mode active
2025-05-28 04:02:16,914 - INFO - [AUDIT] - Action: 0, Confidence: 1.0000, Safety Mode: SAFE_HOLD, Override: Safe hold mode active
2025-05-28 04:02:16,914 - INFO - [AUDIT] - Action: 0, Confidence: 1.0000, Safety Mode: SAFE_HOLD, Override: Safe hold mode active
2025-05-28 04:02:16,915 - INFO - [AUDIT] - Action: 0, Confidence: 1.0000, Safety Mode: SAFE_HOLD, Override: Safe hold mode active
2025-05-28 04:02:16,915 - INFO - [AUDIT] - Action: 0, Confidence: 1.0000, Safety Mode: SAFE_HOLD, Override: Safe hold mode active
2025-05-28 04:02:16,915 - INFO - [AUDIT] - Action: 0, Confidence: 1.0000, Safety Mode: SAFE_HOLD, Override: Safe hold mode active
2025-05-28 04:02:16,915 - INFO - [AUDIT] - Action: 0, Confidence: 1.0000, Safety Mode: SAFE_HOLD, Override: Safe hold mode active
2025-05-28 04:02:16,915 - INFO - [AUDIT] - Action: 0, Confidence: 1.0000, Safety Mode: SAFE_HOLD, Override: Safe hold mode active
2025-05-28 04:02:16,916 - INFO - [AUDIT] - Action: 0, Confidence: 1.0000, Safety Mode: SAFE_HOLD, Override: Safe hold mode active
2025-05-28 04:02:16,916 - INFO - [AUDIT] - Action: 0, Confidence: 1.0000, Safety Mode: SAFE_HOLD, Override: Safe hold mode active
2025-05-28 04:02:16,916 - INFO - [AUDIT] - Action: 0, Confidence: 1.0000, Safety Mode: SAFE_HOLD, Override: Safe hold mode active
2025-05-28 04:02:16,916 - INFO - [AUDIT] - Action: 0, Confidence: 1.0000, Safety Mode: SAFE_HOLD, Override: Safe hold mode active
2025-05-28 04:02:16,916 - INFO - [AUDIT] - Action: 0, Confidence: 1.0000, Safety Mode: SAFE_HOLD, Override: Safe hold mode active
2025-05-28 04:02:16,917 - INFO - [AUDIT] - Action: 0, Confidence: 1.0000, Safety Mode: SAFE_HOLD, Override: Safe hold mode active
2025-05-28 04:02:16,917 - INFO - [AUDIT] - Action: 0, Confidence: 1.0000, Safety Mode: SAFE_HOLD, Override: Safe hold mode active
2025-05-28 04:02:16,917 - INFO - [AUDIT] - Action: 0, Confidence: 1.0000, Safety Mode: SAFE_HOLD, Override: Safe hold mode active
2025-05-28 04:02:16,917 - INFO - [AUDIT] - Action: 0, Confidence: 1.0000, Safety Mode: SAFE_HOLD, Override: Safe hold mode active
2025-05-28 04:02:16,918 - INFO - [AUDIT] - Action: 0, Confidence: 1.0000, Safety Mode: SAFE_HOLD, Override: Safe hold mode active
2025-05-28 04:02:16,918 - INFO - [AUDIT] - Action: 0, Confidence: 1.0000, Safety Mode: SAFE_HOLD, Override: Safe hold mode active
2025-05-28 04:02:16,918 - INFO - [AUDIT] - Action: 0, Confidence: 1.0000, Safety Mode: SAFE_HOLD, Override: Safe hold mode active
2025-05-28 04:02:16,918 - INFO - [AUDIT] - Action: 0, Confidence: 1.0000, Safety Mode: SAFE_HOLD, Override: Safe hold mode active
2025-05-28 04:02:16,919 - INFO - [AUDIT] - Action: 0, Confidence: 1.0000, Safety Mode: SAFE_HOLD, Override: Safe hold mode active
2025-05-28 04:02:16,919 - INFO - [AUDIT] - Action: 0, Confidence: 1.0000, Safety Mode: SAFE_HOLD, Override: Safe hold mode active
2025-05-28 04:02:16,920 - INFO - [AUDIT] - Action: 0, Confidence: 1.0000, Safety Mode: SAFE_HOLD, Override: Safe hold mode active
2025-05-28 04:02:16,920 - INFO - [AUDIT] - Action: 0, Confidence: 1.0000, Safety Mode: SAFE_HOLD, Override: Safe hold mode active
2025-05-28 04:02:16,920 - INFO - [AUDIT] - Action: 0, Confidence: 1.0000, Safety Mode: SAFE_HOLD, Override: Safe hold mode active
2025-05-28 04:02:16,920 - INFO - [AUDIT] - Action: 0, Confidence: 1.0000, Safety Mode: SAFE_HOLD, Override: Safe hold mode active
2025-05-28 04:02:16,920 - INFO - [AUDIT] - Action: 0, Confidence: 1.0000, Safety Mode: SAFE_HOLD, Override: Safe hold mode active
2025-05-28 04:02:16,921 - INFO - [AUDIT] - Action: 0, Confidence: 1.0000, Safety Mode: SAFE_HOLD, Override: Safe hold mode active
2025-05-28 04:02:16,921 - INFO - [AUDIT] - Action: 0, Confidence: 1.0000, Safety Mode: SAFE_HOLD, Override: Safe hold mode active
2025-05-28 04:02:16,921 - INFO - [AUDIT] - Action: 0, Confidence: 1.0000, Safety Mode: SAFE_HOLD, Override: Safe hold mode active
2025-05-28 04:02:16,921 - INFO - [AUDIT] - Action: 0, Confidence: 1.0000, Safety Mode: SAFE_HOLD, Override: Safe hold mode active
2025-05-28 04:02:16,921 - INFO - [AUDIT] - Action: 0, Confidence: 1.0000, Safety Mode: SAFE_HOLD, Override: Safe hold mode active
2025-05-28 04:02:16,921 - INFO - [AUDIT] - Action: 0, Confidence: 1.0000, Safety Mode: SAFE_HOLD, Override: Safe hold mode active
2025-05-28 04:02:16,922 - INFO - [AUDIT] - Action: 0, Confidence: 1.0000, Safety Mode: SAFE_HOLD, Override: Safe hold mode active
2025-05-28 04:02:16,922 - INFO - [AUDIT] - Action: 0, Confidence: 1.0000, Safety Mode: SAFE_HOLD, Override: Safe hold mode active
2025-05-28 04:02:16,922 - INFO - [AUDIT] - Action: 0, Confidence: 1.0000, Safety Mode: SAFE_HOLD, Override: Safe hold mode active
2025-05-28 04:02:16,922 - INFO - [AUDIT] - Action: 0, Confidence: 1.0000, Safety Mode: SAFE_HOLD, Override: Safe hold mode active
2025-05-28 04:02:16,922 - INFO - [AUDIT] - Action: 0, Confidence: 1.0000, Safety Mode: SAFE_HOLD, Override: Safe hold mode active
2025-05-28 04:02:16,923 - INFO - [AUDIT] - Action: 0, Confidence: 1.0000, Safety Mode: SAFE_HOLD, Override: Safe hold mode active
2025-05-28 04:02:16,923 - INFO - [AUDIT] - Action: 0, Confidence: 1.0000, Safety Mode: SAFE_HOLD, Override: Safe hold mode active
2025-05-28 04:02:16,923 - INFO - [AUDIT] - Action: 0, Confidence: 1.0000, Safety Mode: SAFE_HOLD, Override: Safe hold mode active
2025-05-28 04:02:16,923 - INFO - [AUDIT] - Action: 0, Confidence: 1.0000, Safety Mode: SAFE_HOLD, Override: Safe hold mode active
2025-05-28 04:02:16,923 - INFO - [AUDIT] - Action: 0, Confidence: 1.0000, Safety Mode: SAFE_HOLD, Override: Safe hold mode active
2025-05-28 04:02:16,923 - INFO - [AUDIT] - Action: 0, Confidence: 1.0000, Safety Mode: SAFE_HOLD, Override: Safe hold mode active
2025-05-28 04:02:16,924 - INFO - [AUDIT] - Action: 0, Confidence: 1.0000, Safety Mode: SAFE_HOLD, Override: Safe hold mode active
2025-05-28 04:02:16,924 - INFO - [AUDIT] - Action: 0, Confidence: 1.0000, Safety Mode: SAFE_HOLD, Override: Safe hold mode active
2025-05-28 04:02:16,924 - INFO - [AUDIT] - Action: 0, Confidence: 1.0000, Safety Mode: SAFE_HOLD, Override: Safe hold mode active
2025-05-28 04:02:16,924 - INFO - [AUDIT] - Action: 0, Confidence: 1.0000, Safety Mode: SAFE_HOLD, Override: Safe hold mode active
2025-05-28 04:02:16,924 - INFO - [AUDIT] - Action: 0, Confidence: 1.0000, Safety Mode: SAFE_HOLD, Override: Safe hold mode active
2025-05-28 04:02:16,925 - INFO - [AUDIT] - Action: 0, Confidence: 1.0000, Safety Mode: SAFE_HOLD, Override: Safe hold mode active
2025-05-28 04:02:16,925 - INFO - [AUDIT] - Action: 0, Confidence: 1.0000, Safety Mode: SAFE_HOLD, Override: Safe hold mode active
2025-05-28 04:02:16,925 - INFO - [AUDIT] - Action: 0, Confidence: 1.0000, Safety Mode: SAFE_HOLD, Override: Safe hold mode active
2025-05-28 04:02:16,925 - INFO - [AUDIT] - Action: 0, Confidence: 1.0000, Safety Mode: SAFE_HOLD, Override: Safe hold mode active
2025-05-28 04:02:16,925 - INFO - [AUDIT] - Action: 0, Confidence: 1.0000, Safety Mode: SAFE_HOLD, Override: Safe hold mode active
2025-05-28 04:02:16,926 - INFO - [AUDIT] - Action: 0, Confidence: 1.0000, Safety Mode: SAFE_HOLD, Override: Safe hold mode active
2025-05-28 04:02:16,926 - INFO - [AUDIT] - Action: 0, Confidence: 1.0000, Safety Mode: SAFE_HOLD, Override: Safe hold mode active
2025-05-28 04:02:16,926 - INFO - [AUDIT] - Action: 0, Confidence: 1.0000, Safety Mode: SAFE_HOLD, Override: Safe hold mode active
2025-05-28 04:02:16,926 - INFO - [AUDIT] - Action: 0, Confidence: 1.0000, Safety Mode: SAFE_HOLD, Override: Safe hold mode active
2025-05-28 04:02:16,926 - INFO - [AUDIT] - Action: 0, Confidence: 1.0000, Safety Mode: SAFE_HOLD, Override: Safe hold mode active
2025-05-28 04:02:16,926 - INFO - [AUDIT] - Action: 0, Confidence: 1.0000, Safety Mode: SAFE_HOLD, Override: Safe hold mode active
2025-05-28 04:02:16,927 - INFO - [AUDIT] - Action: 0, Confidence: 1.0000, Safety Mode: SAFE_HOLD, Override: Safe hold mode active
2025-05-28 04:02:16,927 - INFO - [AUDIT] - Action: 0, Confidence: 1.0000, Safety Mode: SAFE_HOLD, Override: Safe hold mode active
2025-05-28 04:02:16,927 - INFO - [AUDIT] - Action: 0, Confidence: 1.0000, Safety Mode: SAFE_HOLD, Override: Safe hold mode active
2025-05-28 04:02:16,927 - INFO - [AUDIT] - Action: 0, Confidence: 1.0000, Safety Mode: SAFE_HOLD, Override: Safe hold mode active
2025-05-28 04:02:16,928 - INFO - [AUDIT] - Action: 0, Confidence: 1.0000, Safety Mode: SAFE_HOLD, Override: Safe hold mode active
2025-05-28 04:02:16,928 - INFO - [AUDIT] - Action: 0, Confidence: 1.0000, Safety Mode: SAFE_HOLD, Override: Safe hold mode active
2025-05-28 04:02:16,928 - INFO - [AUDIT] - Action: 0, Confidence: 1.0000, Safety Mode: SAFE_HOLD, Override: Safe hold mode active
2025-05-28 04:02:16,928 - INFO - [AUDIT] - Action: 0, Confidence: 1.0000, Safety Mode: SAFE_HOLD, Override: Safe hold mode active
2025-05-28 04:02:16,928 - INFO - [AUDIT] - Action: 0, Confidence: 1.0000, Safety Mode: SAFE_HOLD, Override: Safe hold mode active
2025-05-28 04:02:16,929 - INFO - [AUDIT] - Action: 0, Confidence: 1.0000, Safety Mode: SAFE_HOLD, Override: Safe hold mode active
2025-05-28 04:02:16,929 - INFO - [AUDIT] - Action: 0, Confidence: 1.0000, Safety Mode: SAFE_HOLD, Override: Safe hold mode active
2025-05-28 04:02:16,929 - INFO - [AUDIT] - Action: 0, Confidence: 1.0000, Safety Mode: SAFE_HOLD, Override: Safe hold mode active
2025-05-28 04:02:16,929 - INFO - [AUDIT] - Action: 0, Confidence: 1.0000, Safety Mode: SAFE_HOLD, Override: Safe hold mode active
2025-05-28 04:02:16,929 - INFO - [AUDIT] - Action: 0, Confidence: 1.0000, Safety Mode: SAFE_HOLD, Override: Safe hold mode active
2025-05-28 04:02:16,929 - INFO - [AUDIT] - Action: 0, Confidence: 1.0000, Safety Mode: SAFE_HOLD, Override: Safe hold mode active
2025-05-28 04:02:16,930 - INFO - [AUDIT] - Action: 0, Confidence: 1.0000, Safety Mode: SAFE_HOLD, Override: Safe hold mode active
2025-05-28 04:02:16,930 - INFO - [AUDIT] - Action: 0, Confidence: 1.0000, Safety Mode: SAFE_HOLD, Override: Safe hold mode active
2025-05-28 04:02:16,930 - INFO - [AUDIT] - Action: 0, Confidence: 1.0000, Safety Mode: SAFE_HOLD, Override: Safe hold mode active
2025-05-28 04:02:16,930 - INFO - [AUDIT] - Action: 0, Confidence: 1.0000, Safety Mode: SAFE_HOLD, Override: Safe hold mode active
2025-05-28 04:02:16,930 - INFO - [AUDIT] - Action: 0, Confidence: 1.0000, Safety Mode: SAFE_HOLD, Override: Safe hold mode active
2025-05-28 04:02:16,931 - INFO - [AUDIT] - Action: 0, Confidence: 1.0000, Safety Mode: SAFE_HOLD, Override: Safe hold mode active
2025-05-28 04:02:16,931 - INFO - [AUDIT] - Action: 0, Confidence: 1.0000, Safety Mode: SAFE_HOLD, Override: Safe hold mode active
2025-05-28 04:02:16,931 - INFO - [AUDIT] - Action: 0, Confidence: 1.0000, Safety Mode: SAFE_HOLD, Override: Safe hold mode active
2025-05-28 04:02:16,931 - INFO - [AUDIT] - Action: 0, Confidence: 1.0000, Safety Mode: SAFE_HOLD, Override: Safe hold mode active
2025-05-28 04:02:16,931 - INFO - [AUDIT] - Action: 0, Confidence: 1.0000, Safety Mode: SAFE_HOLD, Override: Safe hold mode active
2025-05-28 04:02:16,932 - INFO - [AUDIT] - Action: 0, Confidence: 1.0000, Safety Mode: SAFE_HOLD, Override: Safe hold mode active
2025-05-28 04:02:16,932 - INFO - [AUDIT] - Action: 0, Confidence: 1.0000, Safety Mode: SAFE_HOLD, Override: Safe hold mode active
2025-05-28 04:02:16,932 - INFO - [AUDIT] - Action: 0, Confidence: 1.0000, Safety Mode: SAFE_HOLD, Override: Safe hold mode active
2025-05-28 04:02:16,932 - INFO - [AUDIT] - Action: 0, Confidence: 1.0000, Safety Mode: SAFE_HOLD, Override: Safe hold mode active
2025-05-28 04:02:16,932 - INFO - [AUDIT] - Action: 0, Confidence: 1.0000, Safety Mode: SAFE_HOLD, Override: Safe hold mode active
2025-05-28 04:02:16,932 - INFO - [AUDIT] - Action: 0, Confidence: 1.0000, Safety Mode: SAFE_HOLD, Override: Safe hold mode active
2025-05-28 04:02:16,933 - INFO - [AUDIT] - Action: 0, Confidence: 1.0000, Safety Mode: SAFE_HOLD, Override: Safe hold mode active
2025-05-28 04:02:16,933 - INFO - [AUDIT] - Action: 0, Confidence: 1.0000, Safety Mode: SAFE_HOLD, Override: Safe hold mode active
2025-05-28 04:02:16,933 - INFO - [AUDIT] - Action: 0, Confidence: 1.0000, Safety Mode: SAFE_HOLD, Override: Safe hold mode active
2025-05-28 04:02:16,933 - INFO - [AUDIT] - Action: 0, Confidence: 1.0000, Safety Mode: SAFE_HOLD, Override: Safe hold mode active
2025-05-28 04:02:16,933 - INFO - [AUDIT] - Action: 0, Confidence: 1.0000, Safety Mode: SAFE_HOLD, Override: Safe hold mode active
2025-05-28 04:02:16,934 - INFO - [AUDIT] - Action: 0, Confidence: 1.0000, Safety Mode: SAFE_HOLD, Override: Safe hold mode active
2025-05-28 04:02:16,934 - INFO - [AUDIT] - Action: 0, Confidence: 1.0000, Safety Mode: SAFE_HOLD, Override: Safe hold mode active
2025-05-28 04:02:16,934 - INFO - [AUDIT] - Action: 0, Confidence: 1.0000, Safety Mode: SAFE_HOLD, Override: Safe hold mode active
2025-05-28 04:02:16,934 - INFO - [AUDIT] - Action: 0, Confidence: 1.0000, Safety Mode: SAFE_HOLD, Override: Safe hold mode active
2025-05-28 04:02:16,934 - INFO - [AUDIT] - Action: 0, Confidence: 1.0000, Safety Mode: SAFE_HOLD, Override: Safe hold mode active
2025-05-28 04:02:16,935 - INFO - [AUDIT] - Action: 0, Confidence: 1.0000, Safety Mode: SAFE_HOLD, Override: Safe hold mode active
2025-05-28 04:02:16,935 - INFO - [AUDIT] - Action: 0, Confidence: 1.0000, Safety Mode: SAFE_HOLD, Override: Safe hold mode active
2025-05-28 04:02:16,935 - INFO - [AUDIT] - Action: 0, Confidence: 1.0000, Safety Mode: SAFE_HOLD, Override: Safe hold mode active
2025-05-28 04:02:16,935 - INFO - [AUDIT] - Action: 0, Confidence: 1.0000, Safety Mode: SAFE_HOLD, Override: Safe hold mode active
2025-05-28 04:02:16,935 - INFO - [AUDIT] - Action: 0, Confidence: 1.0000, Safety Mode: SAFE_HOLD, Override: Safe hold mode active
2025-05-28 04:02:16,936 - INFO - [AUDIT] - Action: 0, Confidence: 1.0000, Safety Mode: SAFE_HOLD, Override: Safe hold mode active
2025-05-28 04:02:16,936 - INFO - [AUDIT] - Action: 0, Confidence: 1.0000, Safety Mode: SAFE_HOLD, Override: Safe hold mode active
2025-05-28 04:02:16,936 - INFO - [AUDIT] - Action: 0, Confidence: 1.0000, Safety Mode: SAFE_HOLD, Override: Safe hold mode active
2025-05-28 04:02:16,936 - INFO - [AUDIT] - Action: 0, Confidence: 1.0000, Safety Mode: SAFE_HOLD, Override: Safe hold mode active
2025-05-28 04:02:16,937 - INFO - [AUDIT] - Action: 0, Confidence: 1.0000, Safety Mode: SAFE_HOLD, Override: Safe hold mode active
2025-05-28 04:02:16,937 - INFO - [AUDIT] - Action: 0, Confidence: 1.0000, Safety Mode: SAFE_HOLD, Override: Safe hold mode active
2025-05-28 04:02:16,937 - INFO - [AUDIT] - Action: 0, Confidence: 1.0000, Safety Mode: SAFE_HOLD, Override: Safe hold mode active
2025-05-28 04:02:16,937 - INFO - [AUDIT] - Action: 0, Confidence: 1.0000, Safety Mode: SAFE_HOLD, Override: Safe hold mode active
2025-05-28 04:02:16,937 - INFO - [AUDIT] - Action: 0, Confidence: 1.0000, Safety Mode: SAFE_HOLD, Override: Safe hold mode active
2025-05-28 04:02:16,938 - INFO - [AUDIT] - Action: 0, Confidence: 1.0000, Safety Mode: SAFE_HOLD, Override: Safe hold mode active
2025-05-28 04:02:16,938 - INFO - [AUDIT] - Action: 0, Confidence: 1.0000, Safety Mode: SAFE_HOLD, Override: Safe hold mode active
2025-05-28 04:02:16,938 - INFO - [AUDIT] - Action: 0, Confidence: 1.0000, Safety Mode: SAFE_HOLD, Override: Safe hold mode active
2025-05-28 04:02:16,938 - INFO - [AUDIT] - Action: 0, Confidence: 1.0000, Safety Mode: SAFE_HOLD, Override: Safe hold mode active
2025-05-28 04:02:16,938 - INFO - [AUDIT] - Action: 0, Confidence: 1.0000, Safety Mode: SAFE_HOLD, Override: Safe hold mode active
2025-05-28 04:02:16,939 - INFO - [AUDIT] - Action: 0, Confidence: 1.0000, Safety Mode: SAFE_HOLD, Override: Safe hold mode active
2025-05-28 04:02:16,939 - INFO - [AUDIT] - Action: 0, Confidence: 1.0000, Safety Mode: SAFE_HOLD, Override: Safe hold mode active
2025-05-28 04:02:16,939 - INFO - [AUDIT] - Action: 0, Confidence: 1.0000, Safety Mode: SAFE_HOLD, Override: Safe hold mode active
2025-05-28 04:02:16,939 - INFO - [AUDIT] - Action: 0, Confidence: 1.0000, Safety Mode: SAFE_HOLD, Override: Safe hold mode active
2025-05-28 04:02:16,939 - INFO - [AUDIT] - Action: 0, Confidence: 1.0000, Safety Mode: SAFE_HOLD, Override: Safe hold mode active
2025-05-28 04:02:16,940 - INFO - [AUDIT] - Action: 0, Confidence: 1.0000, Safety Mode: SAFE_HOLD, Override: Safe hold mode active
2025-05-28 04:02:16,940 - INFO - [AUDIT] - Action: 0, Confidence: 1.0000, Safety Mode: SAFE_HOLD, Override: Safe hold mode active
2025-05-28 04:02:16,940 - INFO - [AUDIT] - Action: 0, Confidence: 1.0000, Safety Mode: SAFE_HOLD, Override: Safe hold mode active
2025-05-28 04:02:16,940 - INFO - [AUDIT] - Action: 0, Confidence: 1.0000, Safety Mode: SAFE_HOLD, Override: Safe hold mode active
2025-05-28 04:02:16,940 - INFO - [AUDIT] - Action: 0, Confidence: 1.0000, Safety Mode: SAFE_HOLD, Override: Safe hold mode active
2025-05-28 04:02:16,940 - INFO - [AUDIT] - Action: 0, Confidence: 1.0000, Safety Mode: SAFE_HOLD, Override: Safe hold mode active
2025-05-28 04:02:16,941 - INFO - [AUDIT] - Action: 0, Confidence: 1.0000, Safety Mode: SAFE_HOLD, Override: Safe hold mode active
2025-05-28 04:02:16,941 - INFO - [AUDIT] - Action: 0, Confidence: 1.0000, Safety Mode: SAFE_HOLD, Override: Safe hold mode active
2025-05-28 04:02:16,941 - INFO - [AUDIT] - Action: 0, Confidence: 1.0000, Safety Mode: SAFE_HOLD, Override: Safe hold mode active
2025-05-28 04:02:16,941 - INFO - [AUDIT] - Action: 0, Confidence: 1.0000, Safety Mode: SAFE_HOLD, Override: Safe hold mode active
2025-05-28 04:02:16,941 - INFO - [AUDIT] - Action: 0, Confidence: 1.0000, Safety Mode: SAFE_HOLD, Override: Safe hold mode active
2025-05-28 04:02:16,942 - INFO - [AUDIT] - Action: 0, Confidence: 1.0000, Safety Mode: SAFE_HOLD, Override: Safe hold mode active
2025-05-28 04:02:16,942 - INFO - [AUDIT] - Action: 0, Confidence: 1.0000, Safety Mode: SAFE_HOLD, Override: Safe hold mode active
2025-05-28 04:02:16,942 - INFO - [AUDIT] - Action: 0, Confidence: 1.0000, Safety Mode: SAFE_HOLD, Override: Safe hold mode active
2025-05-28 04:02:16,942 - INFO - [AUDIT] - Action: 0, Confidence: 1.0000, Safety Mode: SAFE_HOLD, Override: Safe hold mode active
2025-05-28 04:02:16,942 - INFO - [AUDIT] - Action: 0, Confidence: 1.0000, Safety Mode: SAFE_HOLD, Override: Safe hold mode active
2025-05-28 04:02:16,943 - INFO - [AUDIT] - Action: 0, Confidence: 1.0000, Safety Mode: SAFE_HOLD, Override: Safe hold mode active
2025-05-28 04:02:16,943 - INFO - [AUDIT] - Action: 0, Confidence: 1.0000, Safety Mode: SAFE_HOLD, Override: Safe hold mode active
2025-05-28 04:02:16,943 - INFO - [AUDIT] - Action: 0, Confidence: 1.0000, Safety Mode: SAFE_HOLD, Override: Safe hold mode active
2025-05-28 04:02:16,943 - INFO - [AUDIT] - Action: 0, Confidence: 1.0000, Safety Mode: SAFE_HOLD, Override: Safe hold mode active
2025-05-28 04:02:16,943 - INFO - [AUDIT] - Action: 0, Confidence: 1.0000, Safety Mode: SAFE_HOLD, Override: Safe hold mode active
2025-05-28 04:02:16,944 - INFO - [AUDIT] - Action: 0, Confidence: 1.0000, Safety Mode: SAFE_HOLD, Override: Safe hold mode active
2025-05-28 04:02:16,944 - INFO - [AUDIT] - Action: 0, Confidence: 1.0000, Safety Mode: SAFE_HOLD, Override: Safe hold mode active
2025-05-28 04:02:16,944 - INFO - [AUDIT] - Action: 0, Confidence: 1.0000, Safety Mode: SAFE_HOLD, Override: Safe hold mode active
2025-05-28 04:02:16,944 - INFO - [AUDIT] - Action: 0, Confidence: 1.0000, Safety Mode: SAFE_HOLD, Override: Safe hold mode active
2025-05-28 04:02:16,944 - INFO - [AUDIT] - Action: 0, Confidence: 1.0000, Safety Mode: SAFE_HOLD, Override: Safe hold mode active
2025-05-28 04:02:16,945 - INFO - [AUDIT] - Action: 0, Confidence: 1.0000, Safety Mode: SAFE_HOLD, Override: Safe hold mode active
2025-05-28 04:02:16,945 - INFO - [AUDIT] - Action: 0, Confidence: 1.0000, Safety Mode: SAFE_HOLD, Override: Safe hold mode active
2025-05-28 04:02:16,945 - INFO - [AUDIT] - Action: 0, Confidence: 1.0000, Safety Mode: SAFE_HOLD, Override: Safe hold mode active
2025-05-28 04:02:16,945 - INFO - [AUDIT] - Action: 0, Confidence: 1.0000, Safety Mode: SAFE_HOLD, Override: Safe hold mode active
2025-05-28 04:02:16,945 - INFO - [AUDIT] - Action: 0, Confidence: 1.0000, Safety Mode: SAFE_HOLD, Override: Safe hold mode active
2025-05-28 04:02:16,946 - INFO - [AUDIT] - Action: 0, Confidence: 1.0000, Safety Mode: SAFE_HOLD, Override: Safe hold mode active
2025-05-28 04:02:16,946 - INFO - [AUDIT] - Action: 0, Confidence: 1.0000, Safety Mode: SAFE_HOLD, Override: Safe hold mode active
2025-05-28 04:02:16,946 - INFO - [AUDIT] - Action: 0, Confidence: 1.0000, Safety Mode: SAFE_HOLD, Override: Safe hold mode active
2025-05-28 04:02:16,946 - INFO - [AUDIT] - Action: 0, Confidence: 1.0000, Safety Mode: SAFE_HOLD, Override: Safe hold mode active
2025-05-28 04:02:16,946 - INFO - [AUDIT] - Action: 0, Confidence: 1.0000, Safety Mode: SAFE_HOLD, Override: Safe hold mode active
2025-05-28 04:02:16,947 - INFO - [AUDIT] - Action: 0, Confidence: 1.0000, Safety Mode: SAFE_HOLD, Override: Safe hold mode active
2025-05-28 04:02:16,947 - INFO - [AUDIT] - Action: 0, Confidence: 1.0000, Safety Mode: SAFE_HOLD, Override: Safe hold mode active
2025-05-28 04:02:16,947 - INFO - [AUDIT] - Action: 0, Confidence: 1.0000, Safety Mode: SAFE_HOLD, Override: Safe hold mode active
2025-05-28 04:02:16,947 - INFO - [AUDIT] - Action: 0, Confidence: 1.0000, Safety Mode: SAFE_HOLD, Override: Safe hold mode active
2025-05-28 04:02:16,947 - INFO - [AUDIT] - Action: 0, Confidence: 1.0000, Safety Mode: SAFE_HOLD, Override: Safe hold mode active
2025-05-28 04:02:16,948 - INFO - [AUDIT] - Action: 0, Confidence: 1.0000, Safety Mode: SAFE_HOLD, Override: Safe hold mode active
2025-05-28 04:02:16,948 - INFO - [AUDIT] - Action: 0, Confidence: 1.0000, Safety Mode: SAFE_HOLD, Override: Safe hold mode active
2025-05-28 04:02:16,948 - INFO - [AUDIT] - Action: 0, Confidence: 1.0000, Safety Mode: SAFE_HOLD, Override: Safe hold mode active
2025-05-28 04:02:16,948 - INFO - [AUDIT] - Action: 0, Confidence: 1.0000, Safety Mode: SAFE_HOLD, Override: Safe hold mode active
2025-05-28 04:02:16,948 - INFO - [AUDIT] - Action: 0, Confidence: 1.0000, Safety Mode: SAFE_HOLD, Override: Safe hold mode active
2025-05-28 04:02:16,949 - INFO - [AUDIT] - Action: 0, Confidence: 1.0000, Safety Mode: SAFE_HOLD, Override: Safe hold mode active
2025-05-28 04:02:16,949 - INFO - [AUDIT] - Action: 0, Confidence: 1.0000, Safety Mode: SAFE_HOLD, Override: Safe hold mode active
2025-05-28 04:02:16,949 - INFO - [AUDIT] - Action: 0, Confidence: 1.0000, Safety Mode: SAFE_HOLD, Override: Safe hold mode active
2025-05-28 04:02:16,949 - INFO - [AUDIT] - Action: 0, Confidence: 1.0000, Safety Mode: SAFE_HOLD, Override: Safe hold mode active
2025-05-28 04:02:16,949 - INFO - [AUDIT] - Action: 0, Confidence: 1.0000, Safety Mode: SAFE_HOLD, Override: Safe hold mode active
2025-05-28 04:02:16,949 - INFO - [AUDIT] - Action: 0, Confidence: 1.0000, Safety Mode: SAFE_HOLD, Override: Safe hold mode active
2025-05-28 04:02:16,950 - INFO - [AUDIT] - Action: 0, Confidence: 1.0000, Safety Mode: SAFE_HOLD, Override: Safe hold mode active
2025-05-28 04:02:16,950 - INFO - [AUDIT] - Action: 0, Confidence: 1.0000, Safety Mode: SAFE_HOLD, Override: Safe hold mode active
2025-05-28 04:02:16,950 - INFO - [AUDIT] - Action: 0, Confidence: 1.0000, Safety Mode: SAFE_HOLD, Override: Safe hold mode active
2025-05-28 04:02:16,950 - INFO - [AUDIT] - Action: 0, Confidence: 1.0000, Safety Mode: SAFE_HOLD, Override: Safe hold mode active
2025-05-28 04:02:16,950 - INFO - [AUDIT] - Action: 0, Confidence: 1.0000, Safety Mode: SAFE_HOLD, Override: Safe hold mode active
2025-05-28 04:02:16,951 - INFO - [AUDIT] - Action: 0, Confidence: 1.0000, Safety Mode: SAFE_HOLD, Override: Safe hold mode active
2025-05-28 04:02:16,951 - INFO - [AUDIT] - Action: 0, Confidence: 1.0000, Safety Mode: SAFE_HOLD, Override: Safe hold mode active
2025-05-28 04:02:16,951 - INFO - [AUDIT] - Action: 0, Confidence: 1.0000, Safety Mode: SAFE_HOLD, Override: Safe hold mode active
2025-05-28 04:02:16,951 - INFO - [AUDIT] - Action: 0, Confidence: 1.0000, Safety Mode: SAFE_HOLD, Override: Safe hold mode active
2025-05-28 04:02:16,951 - INFO - [AUDIT] - Action: 0, Confidence: 1.0000, Safety Mode: SAFE_HOLD, Override: Safe hold mode active
2025-05-28 04:02:16,952 - INFO - [AUDIT] - Action: 0, Confidence: 1.0000, Safety Mode: SAFE_HOLD, Override: Safe hold mode active
2025-05-28 04:02:16,952 - INFO - [AUDIT] - Action: 0, Confidence: 1.0000, Safety Mode: SAFE_HOLD, Override: Safe hold mode active
2025-05-28 04:02:16,952 - INFO - [AUDIT] - Action: 0, Confidence: 1.0000, Safety Mode: SAFE_HOLD, Override: Safe hold mode active
2025-05-28 04:02:16,952 - INFO - [AUDIT] - Action: 0, Confidence: 1.0000, Safety Mode: SAFE_HOLD, Override: Safe hold mode active
2025-05-28 04:02:16,952 - INFO - [AUDIT] - Action: 0, Confidence: 1.0000, Safety Mode: SAFE_HOLD, Override: Safe hold mode active
2025-05-28 04:02:16,953 - INFO - [AUDIT] - Action: 0, Confidence: 1.0000, Safety Mode: SAFE_HOLD, Override: Safe hold mode active
2025-05-28 04:02:16,953 - INFO - [AUDIT] - Action: 0, Confidence: 1.0000, Safety Mode: SAFE_HOLD, Override: Safe hold mode active
2025-05-28 04:02:16,953 - INFO - [AUDIT] - Action: 0, Confidence: 1.0000, Safety Mode: SAFE_HOLD, Override: Safe hold mode active
2025-05-28 04:02:16,953 - INFO - [AUDIT] - Action: 0, Confidence: 1.0000, Safety Mode: SAFE_HOLD, Override: Safe hold mode active
2025-05-28 04:02:16,953 - INFO - [AUDIT] - Action: 0, Confidence: 1.0000, Safety Mode: SAFE_HOLD, Override: Safe hold mode active
2025-05-28 04:02:16,954 - INFO - [AUDIT] - Action: 0, Confidence: 1.0000, Safety Mode: SAFE_HOLD, Override: Safe hold mode active
2025-05-28 04:02:16,954 - INFO - [AUDIT] - Action: 0, Confidence: 1.0000, Safety Mode: SAFE_HOLD, Override: Safe hold mode active
2025-05-28 04:02:16,954 - INFO - [AUDIT] - Action: 0, Confidence: 1.0000, Safety Mode: SAFE_HOLD, Override: Safe hold mode active
2025-05-28 04:02:16,954 - INFO - [AUDIT] - Action: 0, Confidence: 1.0000, Safety Mode: SAFE_HOLD, Override: Safe hold mode active
2025-05-28 04:02:16,954 - INFO - [AUDIT] - Action: 0, Confidence: 1.0000, Safety Mode: SAFE_HOLD, Override: Safe hold mode active
2025-05-28 04:02:16,955 - INFO - [AUDIT] - Action: 0, Confidence: 1.0000, Safety Mode: SAFE_HOLD, Override: Safe hold mode active
2025-05-28 04:02:16,955 - INFO - [AUDIT] - Action: 0, Confidence: 1.0000, Safety Mode: SAFE_HOLD, Override: Safe hold mode active
2025-05-28 04:02:16,955 - INFO - [AUDIT] - Action: 0, Confidence: 1.0000, Safety Mode: SAFE_HOLD, Override: Safe hold mode active
2025-05-28 04:02:16,955 - INFO - [AUDIT] - Action: 0, Confidence: 1.0000, Safety Mode: SAFE_HOLD, Override: Safe hold mode active
2025-05-28 04:02:16,955 - INFO - [AUDIT] - Action: 0, Confidence: 1.0000, Safety Mode: SAFE_HOLD, Override: Safe hold mode active
2025-05-28 04:02:16,955 - INFO - [AUDIT] - Action: 0, Confidence: 1.0000, Safety Mode: SAFE_HOLD, Override: Safe hold mode active
2025-05-28 04:02:16,956 - INFO - [AUDIT] - Action: 0, Confidence: 1.0000, Safety Mode: SAFE_HOLD, Override: Safe hold mode active
2025-05-28 04:02:16,956 - INFO - [AUDIT] - Action: 0, Confidence: 1.0000, Safety Mode: SAFE_HOLD, Override: Safe hold mode active
2025-05-28 04:02:16,956 - INFO - [AUDIT] - Action: 0, Confidence: 1.0000, Safety Mode: SAFE_HOLD, Override: Safe hold mode active
2025-05-28 04:02:16,956 - INFO - [AUDIT] - Action: 0, Confidence: 1.0000, Safety Mode: SAFE_HOLD, Override: Safe hold mode active
2025-05-28 04:02:16,957 - INFO - [AUDIT] - Action: 0, Confidence: 1.0000, Safety Mode: SAFE_HOLD, Override: Safe hold mode active
2025-05-28 04:02:16,957 - INFO - [AUDIT] - Action: 0, Confidence: 1.0000, Safety Mode: SAFE_HOLD, Override: Safe hold mode active
2025-05-28 04:02:16,957 - INFO - [AUDIT] - Action: 0, Confidence: 1.0000, Safety Mode: SAFE_HOLD, Override: Safe hold mode active
2025-05-28 04:02:16,957 - INFO - [AUDIT] - Action: 0, Confidence: 1.0000, Safety Mode: SAFE_HOLD, Override: Safe hold mode active
2025-05-28 04:02:16,957 - INFO - [AUDIT] - Action: 0, Confidence: 1.0000, Safety Mode: SAFE_HOLD, Override: Safe hold mode active
2025-05-28 04:02:16,958 - INFO - [AUDIT] - Action: 0, Confidence: 1.0000, Safety Mode: SAFE_HOLD, Override: Safe hold mode active
2025-05-28 04:02:16,958 - INFO - [AUDIT] - Action: 0, Confidence: 1.0000, Safety Mode: SAFE_HOLD, Override: Safe hold mode active
2025-05-28 04:02:16,958 - INFO - [AUDIT] - Action: 0, Confidence: 1.0000, Safety Mode: SAFE_HOLD, Override: Safe hold mode active
2025-05-28 04:02:16,958 - INFO - [AUDIT] - Action: 0, Confidence: 1.0000, Safety Mode: SAFE_HOLD, Override: Safe hold mode active
2025-05-28 04:02:16,958 - INFO - [AUDIT] - Action: 0, Confidence: 1.0000, Safety Mode: SAFE_HOLD, Override: Safe hold mode active
2025-05-28 04:02:16,958 - INFO - [AUDIT] - Action: 0, Confidence: 1.0000, Safety Mode: SAFE_HOLD, Override: Safe hold mode active
2025-05-28 04:02:16,959 - INFO - [AUDIT] - Action: 0, Confidence: 1.0000, Safety Mode: SAFE_HOLD, Override: Safe hold mode active
2025-05-28 04:02:16,959 - INFO - [AUDIT] - Action: 0, Confidence: 1.0000, Safety Mode: SAFE_HOLD, Override: Safe hold mode active
2025-05-28 04:02:16,959 - INFO - [AUDIT] - Action: 0, Confidence: 1.0000, Safety Mode: SAFE_HOLD, Override: Safe hold mode active
2025-05-28 04:02:16,959 - INFO - [AUDIT] - Action: 0, Confidence: 1.0000, Safety Mode: SAFE_HOLD, Override: Safe hold mode active
2025-05-28 04:02:16,959 - INFO - [AUDIT] - Action: 0, Confidence: 1.0000, Safety Mode: SAFE_HOLD, Override: Safe hold mode active
2025-05-28 04:02:16,960 - INFO - [AUDIT] - Action: 0, Confidence: 1.0000, Safety Mode: SAFE_HOLD, Override: Safe hold mode active
2025-05-28 04:02:16,960 - INFO - [AUDIT] - Action: 0, Confidence: 1.0000, Safety Mode: SAFE_HOLD, Override: Safe hold mode active
2025-05-28 04:02:16,960 - INFO - [AUDIT] - Action: 0, Confidence: 1.0000, Safety Mode: SAFE_HOLD, Override: Safe hold mode active
2025-05-28 04:02:16,960 - INFO - [AUDIT] - Action: 0, Confidence: 1.0000, Safety Mode: SAFE_HOLD, Override: Safe hold mode active
2025-05-28 04:02:16,960 - INFO - [AUDIT] - Action: 0, Confidence: 1.0000, Safety Mode: SAFE_HOLD, Override: Safe hold mode active
2025-05-28 04:02:16,961 - INFO - [AUDIT] - Action: 0, Confidence: 1.0000, Safety Mode: SAFE_HOLD, Override: Safe hold mode active
2025-05-28 04:02:16,961 - INFO - [AUDIT] - Action: 0, Confidence: 1.0000, Safety Mode: SAFE_HOLD, Override: Safe hold mode active
2025-05-28 04:02:16,961 - INFO - [AUDIT] - Action: 0, Confidence: 1.0000, Safety Mode: SAFE_HOLD, Override: Safe hold mode active
2025-05-28 04:02:16,961 - INFO - [AUDIT] - Action: 0, Confidence: 1.0000, Safety Mode: SAFE_HOLD, Override: Safe hold mode active
2025-05-28 04:02:16,961 - INFO - [AUDIT] - Action: 0, Confidence: 1.0000, Safety Mode: SAFE_HOLD, Override: Safe hold mode active
2025-05-28 04:02:16,962 - INFO - [AUDIT] - Action: 0, Confidence: 1.0000, Safety Mode: SAFE_HOLD, Override: Safe hold mode active
2025-05-28 04:02:16,962 - INFO - [AUDIT] - Action: 0, Confidence: 1.0000, Safety Mode: SAFE_HOLD, Override: Safe hold mode active
2025-05-28 04:02:16,962 - INFO - [AUDIT] - Action: 0, Confidence: 1.0000, Safety Mode: SAFE_HOLD, Override: Safe hold mode active
2025-05-28 04:02:16,962 - INFO - [AUDIT] - Action: 0, Confidence: 1.0000, Safety Mode: SAFE_HOLD, Override: Safe hold mode active
2025-05-28 04:02:16,962 - INFO - [AUDIT] - Action: 0, Confidence: 1.0000, Safety Mode: SAFE_HOLD, Override: Safe hold mode active
2025-05-28 04:02:16,962 - INFO - [AUDIT] - Action: 0, Confidence: 1.0000, Safety Mode: SAFE_HOLD, Override: Safe hold mode active
2025-05-28 04:02:16,963 - INFO - [AUDIT] - Action: 0, Confidence: 1.0000, Safety Mode: SAFE_HOLD, Override: Safe hold mode active
2025-05-28 04:02:16,963 - INFO - [AUDIT] - Action: 0, Confidence: 1.0000, Safety Mode: SAFE_HOLD, Override: Safe hold mode active
2025-05-28 04:02:16,963 - INFO - [AUDIT] - Action: 0, Confidence: 1.0000, Safety Mode: SAFE_HOLD, Override: Safe hold mode active
2025-05-28 04:02:16,963 - INFO - [AUDIT] - Action: 0, Confidence: 1.0000, Safety Mode: SAFE_HOLD, Override: Safe hold mode active
2025-05-28 04:02:16,963 - INFO - [AUDIT] - Action: 0, Confidence: 1.0000, Safety Mode: SAFE_HOLD, Override: Safe hold mode active
2025-05-28 04:02:16,964 - INFO - [AUDIT] - Action: 0, Confidence: 1.0000, Safety Mode: SAFE_HOLD, Override: Safe hold mode active
2025-05-28 04:02:16,964 - INFO - [AUDIT] - Action: 0, Confidence: 1.0000, Safety Mode: SAFE_HOLD, Override: Safe hold mode active
2025-05-28 04:02:16,964 - INFO - [AUDIT] - Action: 0, Confidence: 1.0000, Safety Mode: SAFE_HOLD, Override: Safe hold mode active
2025-05-28 04:02:16,964 - INFO - [AUDIT] - Action: 0, Confidence: 1.0000, Safety Mode: SAFE_HOLD, Override: Safe hold mode active
2025-05-28 04:02:16,964 - INFO - [AUDIT] - Action: 0, Confidence: 1.0000, Safety Mode: SAFE_HOLD, Override: Safe hold mode active
2025-05-28 04:02:16,965 - INFO - [AUDIT] - Action: 0, Confidence: 1.0000, Safety Mode: SAFE_HOLD, Override: Safe hold mode active
2025-05-28 04:02:16,965 - INFO - [AUDIT] - Action: 0, Confidence: 1.0000, Safety Mode: SAFE_HOLD, Override: Safe hold mode active
2025-05-28 04:02:16,965 - INFO - [AUDIT] - Action: 0, Confidence: 1.0000, Safety Mode: SAFE_HOLD, Override: Safe hold mode active
2025-05-28 04:02:16,965 - INFO - [AUDIT] - Action: 0, Confidence: 1.0000, Safety Mode: SAFE_HOLD, Override: Safe hold mode active
2025-05-28 04:02:16,965 - INFO - [AUDIT] - Action: 0, Confidence: 1.0000, Safety Mode: SAFE_HOLD, Override: Safe hold mode active
2025-05-28 04:02:16,965 - INFO - [AUDIT] - Action: 0, Confidence: 1.0000, Safety Mode: SAFE_HOLD, Override: Safe hold mode active
2025-05-28 04:02:16,966 - INFO - [AUDIT] - Action: 0, Confidence: 1.0000, Safety Mode: SAFE_HOLD, Override: Safe hold mode active
2025-05-28 04:02:16,966 - INFO - [AUDIT] - Action: 0, Confidence: 1.0000, Safety Mode: SAFE_HOLD, Override: Safe hold mode active
2025-05-28 04:02:16,966 - INFO - [AUDIT] - Action: 0, Confidence: 1.0000, Safety Mode: SAFE_HOLD, Override: Safe hold mode active
2025-05-28 04:02:16,966 - INFO - [AUDIT] - Action: 0, Confidence: 1.0000, Safety Mode: SAFE_HOLD, Override: Safe hold mode active
2025-05-28 04:02:16,967 - INFO - [AUDIT] - Action: 0, Confidence: 1.0000, Safety Mode: SAFE_HOLD, Override: Safe hold mode active
2025-05-28 04:02:16,967 - INFO - [AUDIT] - Action: 0, Confidence: 1.0000, Safety Mode: SAFE_HOLD, Override: Safe hold mode active
2025-05-28 04:02:16,967 - INFO - [AUDIT] - Action: 0, Confidence: 1.0000, Safety Mode: SAFE_HOLD, Override: Safe hold mode active
2025-05-28 04:02:16,967 - INFO - [AUDIT] - Action: 0, Confidence: 1.0000, Safety Mode: SAFE_HOLD, Override: Safe hold mode active
2025-05-28 04:02:16,967 - INFO - [AUDIT] - Action: 0, Confidence: 1.0000, Safety Mode: SAFE_HOLD, Override: Safe hold mode active
2025-05-28 04:02:16,968 - INFO - [AUDIT] - Action: 0, Confidence: 1.0000, Safety Mode: SAFE_HOLD, Override: Safe hold mode active
2025-05-28 04:02:16,968 - INFO - [AUDIT] - Action: 0, Confidence: 1.0000, Safety Mode: SAFE_HOLD, Override: Safe hold mode active
2025-05-28 04:02:16,968 - INFO - [AUDIT] - Action: 0, Confidence: 1.0000, Safety Mode: SAFE_HOLD, Override: Safe hold mode active
2025-05-28 04:02:16,968 - INFO - [AUDIT] - Action: 0, Confidence: 1.0000, Safety Mode: SAFE_HOLD, Override: Safe hold mode active
2025-05-28 04:02:16,968 - INFO - [AUDIT] - Action: 0, Confidence: 1.0000, Safety Mode: SAFE_HOLD, Override: Safe hold mode active
2025-05-28 04:02:16,969 - INFO - [AUDIT] - Action: 0, Confidence: 1.0000, Safety Mode: SAFE_HOLD, Override: Safe hold mode active
2025-05-28 04:02:16,969 - INFO - [AUDIT] - Action: 0, Confidence: 1.0000, Safety Mode: SAFE_HOLD, Override: Safe hold mode active
2025-05-28 04:02:16,969 - INFO - [AUDIT] - Action: 0, Confidence: 1.0000, Safety Mode: SAFE_HOLD, Override: Safe hold mode active
2025-05-28 04:02:16,969 - INFO - [AUDIT] - Action: 0, Confidence: 1.0000, Safety Mode: SAFE_HOLD, Override: Safe hold mode active
2025-05-28 04:02:16,969 - INFO - [AUDIT] - Action: 0, Confidence: 1.0000, Safety Mode: SAFE_HOLD, Override: Safe hold mode active
2025-05-28 04:02:16,970 - INFO - [AUDIT] - Action: 0, Confidence: 1.0000, Safety Mode: SAFE_HOLD, Override: Safe hold mode active
2025-05-28 04:02:16,970 - INFO - [AUDIT] - Action: 0, Confidence: 1.0000, Safety Mode: SAFE_HOLD, Override: Safe hold mode active
2025-05-28 04:02:16,970 - INFO - [AUDIT] - Action: 0, Confidence: 1.0000, Safety Mode: SAFE_HOLD, Override: Safe hold mode active
2025-05-28 04:02:16,970 - INFO - [AUDIT] - Action: 0, Confidence: 1.0000, Safety Mode: SAFE_HOLD, Override: Safe hold mode active
2025-05-28 04:02:16,970 - INFO - [AUDIT] - Action: 0, Confidence: 1.0000, Safety Mode: SAFE_HOLD, Override: Safe hold mode active
2025-05-28 04:02:16,970 - INFO - [AUDIT] - Action: 0, Confidence: 1.0000, Safety Mode: SAFE_HOLD, Override: Safe hold mode active
2025-05-28 04:02:16,971 - INFO - [AUDIT] - Action: 0, Confidence: 1.0000, Safety Mode: SAFE_HOLD, Override: Safe hold mode active
2025-05-28 04:02:16,971 - INFO - [AUDIT] - Action: 0, Confidence: 1.0000, Safety Mode: SAFE_HOLD, Override: Safe hold mode active
2025-05-28 04:02:16,971 - INFO - [AUDIT] - Action: 0, Confidence: 1.0000, Safety Mode: SAFE_HOLD, Override: Safe hold mode active
2025-05-28 04:02:16,971 - INFO - [AUDIT] - Action: 0, Confidence: 1.0000, Safety Mode: SAFE_HOLD, Override: Safe hold mode active
2025-05-28 04:02:16,971 - INFO - [AUDIT] - Action: 0, Confidence: 1.0000, Safety Mode: SAFE_HOLD, Override: Safe hold mode active
2025-05-28 04:02:16,972 - INFO - [AUDIT] - Action: 0, Confidence: 1.0000, Safety Mode: SAFE_HOLD, Override: Safe hold mode active
2025-05-28 04:02:16,972 - INFO - [AUDIT] - Action: 0, Confidence: 1.0000, Safety Mode: SAFE_HOLD, Override: Safe hold mode active
2025-05-28 04:02:16,972 - INFO - [AUDIT] - Action: 0, Confidence: 1.0000, Safety Mode: SAFE_HOLD, Override: Safe hold mode active
2025-05-28 04:02:16,972 - INFO - [AUDIT] - Action: 0, Confidence: 1.0000, Safety Mode: SAFE_HOLD, Override: Safe hold mode active
2025-05-28 04:02:16,972 - INFO - [AUDIT] - Action: 0, Confidence: 1.0000, Safety Mode: SAFE_HOLD, Override: Safe hold mode active
2025-05-28 04:02:16,973 - INFO - [AUDIT] - Action: 0, Confidence: 1.0000, Safety Mode: SAFE_HOLD, Override: Safe hold mode active
2025-05-28 04:02:16,973 - INFO - [AUDIT] - Action: 0, Confidence: 1.0000, Safety Mode: SAFE_HOLD, Override: Safe hold mode active
2025-05-28 04:02:16,973 - INFO - [AUDIT] - Action: 0, Confidence: 1.0000, Safety Mode: SAFE_HOLD, Override: Safe hold mode active
2025-05-28 04:02:16,973 - INFO - [AUDIT] - Action: 0, Confidence: 1.0000, Safety Mode: SAFE_HOLD, Override: Safe hold mode active
2025-05-28 04:02:16,973 - INFO - [AUDIT] - Action: 0, Confidence: 1.0000, Safety Mode: SAFE_HOLD, Override: Safe hold mode active
2025-05-28 04:02:16,974 - INFO - [AUDIT] - Action: 0, Confidence: 1.0000, Safety Mode: SAFE_HOLD, Override: Safe hold mode active
2025-05-28 04:02:16,974 - INFO - [AUDIT] - Action: 0, Confidence: 1.0000, Safety Mode: SAFE_HOLD, Override: Safe hold mode active
2025-05-28 04:02:16,974 - INFO - [AUDIT] - Action: 0, Confidence: 1.0000, Safety Mode: SAFE_HOLD, Override: Safe hold mode active
2025-05-28 04:02:16,974 - INFO - [AUDIT] - Action: 0, Confidence: 1.0000, Safety Mode: SAFE_HOLD, Override: Safe hold mode active
2025-05-28 04:02:16,975 - INFO - [AUDIT] - Action: 0, Confidence: 1.0000, Safety Mode: SAFE_HOLD, Override: Safe hold mode active
2025-05-28 04:02:16,975 - INFO - [AUDIT] - Action: 0, Confidence: 1.0000, Safety Mode: SAFE_HOLD, Override: Safe hold mode active
2025-05-28 04:02:16,975 - INFO - [AUDIT] - Action: 0, Confidence: 1.0000, Safety Mode: SAFE_HOLD, Override: Safe hold mode active
2025-05-28 04:02:16,976 - INFO - [AUDIT] - Action: 0, Confidence: 1.0000, Safety Mode: SAFE_HOLD, Override: Safe hold mode active
2025-05-28 04:02:16,976 - INFO - [AUDIT] - Action: 0, Confidence: 1.0000, Safety Mode: SAFE_HOLD, Override: Safe hold mode active
2025-05-28 04:02:16,976 - INFO - [AUDIT] - Action: 0, Confidence: 1.0000, Safety Mode: SAFE_HOLD, Override: Safe hold mode active
2025-05-28 04:02:16,976 - INFO - [AUDIT] - Action: 0, Confidence: 1.0000, Safety Mode: SAFE_HOLD, Override: Safe hold mode active
2025-05-28 04:02:16,977 - INFO - [AUDIT] - Action: 0, Confidence: 1.0000, Safety Mode: SAFE_HOLD, Override: Safe hold mode active
2025-05-28 04:02:16,977 - INFO - [AUDIT] - Action: 0, Confidence: 1.0000, Safety Mode: SAFE_HOLD, Override: Safe hold mode active
2025-05-28 04:02:16,977 - INFO - [AUDIT] - Action: 0, Confidence: 1.0000, Safety Mode: SAFE_HOLD, Override: Safe hold mode active
2025-05-28 04:02:16,977 - INFO - [AUDIT] - Action: 0, Confidence: 1.0000, Safety Mode: SAFE_HOLD, Override: Safe hold mode active
2025-05-28 04:02:16,977 - INFO - [AUDIT] - Action: 0, Confidence: 1.0000, Safety Mode: SAFE_HOLD, Override: Safe hold mode active
2025-05-28 04:02:16,978 - INFO - [AUDIT] - Action: 0, Confidence: 1.0000, Safety Mode: SAFE_HOLD, Override: Safe hold mode active
2025-05-28 04:02:16,978 - INFO - [AUDIT] - Action: 0, Confidence: 1.0000, Safety Mode: SAFE_HOLD, Override: Safe hold mode active
2025-05-28 04:02:16,978 - INFO - [AUDIT] - Action: 0, Confidence: 1.0000, Safety Mode: SAFE_HOLD, Override: Safe hold mode active
2025-05-28 04:02:16,978 - INFO - [AUDIT] - Action: 0, Confidence: 1.0000, Safety Mode: SAFE_HOLD, Override: Safe hold mode active
2025-05-28 04:02:16,978 - INFO - [AUDIT] - Action: 0, Confidence: 1.0000, Safety Mode: SAFE_HOLD, Override: Safe hold mode active
2025-05-28 04:02:16,979 - INFO - [AUDIT] - Action: 0, Confidence: 1.0000, Safety Mode: SAFE_HOLD, Override: Safe hold mode active
2025-05-28 04:02:16,979 - INFO - [AUDIT] - Action: 0, Confidence: 1.0000, Safety Mode: SAFE_HOLD, Override: Safe hold mode active
2025-05-28 04:02:16,979 - INFO - [AUDIT] - Action: 0, Confidence: 1.0000, Safety Mode: SAFE_HOLD, Override: Safe hold mode active
2025-05-28 04:02:16,979 - INFO - [AUDIT] - Action: 0, Confidence: 1.0000, Safety Mode: SAFE_HOLD, Override: Safe hold mode active
2025-05-28 04:02:16,979 - INFO - [AUDIT] - Action: 0, Confidence: 1.0000, Safety Mode: SAFE_HOLD, Override: Safe hold mode active
2025-05-28 04:02:16,980 - INFO - [AUDIT] - Action: 0, Confidence: 1.0000, Safety Mode: SAFE_HOLD, Override: Safe hold mode active
2025-05-28 04:02:16,980 - INFO - [AUDIT] - Action: 0, Confidence: 1.0000, Safety Mode: SAFE_HOLD, Override: Safe hold mode active
2025-05-28 04:02:16,980 - INFO - [AUDIT] - Action: 0, Confidence: 1.0000, Safety Mode: SAFE_HOLD, Override: Safe hold mode active
2025-05-28 04:02:16,980 - INFO - [AUDIT] - Action: 0, Confidence: 1.0000, Safety Mode: SAFE_HOLD, Override: Safe hold mode active
2025-05-28 04:02:16,980 - INFO - [AUDIT] - Action: 0, Confidence: 1.0000, Safety Mode: SAFE_HOLD, Override: Safe hold mode active
2025-05-28 04:02:16,980 - INFO - [AUDIT] - Action: 0, Confidence: 1.0000, Safety Mode: SAFE_HOLD, Override: Safe hold mode active
2025-05-28 04:02:16,981 - INFO - [AUDIT] - Action: 0, Confidence: 1.0000, Safety Mode: SAFE_HOLD, Override: Safe hold mode active
2025-05-28 04:02:16,981 - INFO - [AUDIT] - Action: 0, Confidence: 1.0000, Safety Mode: SAFE_HOLD, Override: Safe hold mode active
2025-05-28 04:02:16,981 - INFO - [AUDIT] - Action: 0, Confidence: 1.0000, Safety Mode: SAFE_HOLD, Override: Safe hold mode active
2025-05-28 04:02:16,981 - INFO - [AUDIT] - Action: 0, Confidence: 1.0000, Safety Mode: SAFE_HOLD, Override: Safe hold mode active
2025-05-28 04:02:16,981 - INFO - [AUDIT] - Action: 0, Confidence: 1.0000, Safety Mode: SAFE_HOLD, Override: Safe hold mode active
2025-05-28 04:02:16,982 - INFO - [AUDIT] - Action: 0, Confidence: 1.0000, Safety Mode: SAFE_HOLD, Override: Safe hold mode active
2025-05-28 04:02:16,982 - INFO - [AUDIT] - Action: 0, Confidence: 1.0000, Safety Mode: SAFE_HOLD, Override: Safe hold mode active
2025-05-28 04:02:16,982 - INFO - [AUDIT] - Action: 0, Confidence: 1.0000, Safety Mode: SAFE_HOLD, Override: Safe hold mode active
2025-05-28 04:02:16,982 - INFO - [AUDIT] - Action: 0, Confidence: 1.0000, Safety Mode: SAFE_HOLD, Override: Safe hold mode active
2025-05-28 04:02:16,982 - INFO - [AUDIT] - Action: 0, Confidence: 1.0000, Safety Mode: SAFE_HOLD, Override: Safe hold mode active
2025-05-28 04:02:16,983 - INFO - [AUDIT] - Action: 0, Confidence: 1.0000, Safety Mode: SAFE_HOLD, Override: Safe hold mode active
2025-05-28 04:02:16,983 - INFO - [AUDIT] - Action: 0, Confidence: 1.0000, Safety Mode: SAFE_HOLD, Override: Safe hold mode active
2025-05-28 04:02:16,983 - INFO - [AUDIT] - Action: 0, Confidence: 1.0000, Safety Mode: SAFE_HOLD, Override: Safe hold mode active
2025-05-28 04:02:16,983 - INFO - [AUDIT] - Action: 0, Confidence: 1.0000, Safety Mode: SAFE_HOLD, Override: Safe hold mode active
2025-05-28 04:02:16,983 - INFO - [AUDIT] - Action: 0, Confidence: 1.0000, Safety Mode: SAFE_HOLD, Override: Safe hold mode active
2025-05-28 04:02:16,984 - INFO - [AUDIT] - Action: 0, Confidence: 1.0000, Safety Mode: SAFE_HOLD, Override: Safe hold mode active
2025-05-28 04:02:16,984 - INFO - [AUDIT] - Action: 0, Confidence: 1.0000, Safety Mode: SAFE_HOLD, Override: Safe hold mode active
2025-05-28 04:02:16,984 - INFO - [AUDIT] - Action: 0, Confidence: 1.0000, Safety Mode: SAFE_HOLD, Override: Safe hold mode active
2025-05-28 04:02:16,984 - INFO - [AUDIT] - Action: 0, Confidence: 1.0000, Safety Mode: SAFE_HOLD, Override: Safe hold mode active
2025-05-28 04:02:16,984 - INFO - [AUDIT] - Action: 0, Confidence: 1.0000, Safety Mode: SAFE_HOLD, Override: Safe hold mode active
2025-05-28 04:02:16,985 - INFO - [AUDIT] - Action: 0, Confidence: 1.0000, Safety Mode: SAFE_HOLD, Override: Safe hold mode active
2025-05-28 04:02:16,985 - INFO - [AUDIT] - Action: 0, Confidence: 1.0000, Safety Mode: SAFE_HOLD, Override: Safe hold mode active
2025-05-28 04:02:16,985 - INFO - [AUDIT] - Action: 0, Confidence: 1.0000, Safety Mode: SAFE_HOLD, Override: Safe hold mode active
2025-05-28 04:02:16,985 - INFO - [AUDIT] - Action: 0, Confidence: 1.0000, Safety Mode: SAFE_HOLD, Override: Safe hold mode active
2025-05-28 04:02:16,985 - INFO - [AUDIT] - Action: 0, Confidence: 1.0000, Safety Mode: SAFE_HOLD, Override: Safe hold mode active
2025-05-28 04:02:16,986 - INFO - [AUDIT] - Action: 0, Confidence: 1.0000, Safety Mode: SAFE_HOLD, Override: Safe hold mode active
2025-05-28 04:02:16,986 - INFO - [AUDIT] - Action: 0, Confidence: 1.0000, Safety Mode: SAFE_HOLD, Override: Safe hold mode active
2025-05-28 04:02:16,986 - INFO - [AUDIT] - Action: 0, Confidence: 1.0000, Safety Mode: SAFE_HOLD, Override: Safe hold mode active
2025-05-28 04:02:16,986 - INFO - [AUDIT] - Action: 0, Confidence: 1.0000, Safety Mode: SAFE_HOLD, Override: Safe hold mode active
2025-05-28 04:02:16,986 - INFO - [AUDIT] - Action: 0, Confidence: 1.0000, Safety Mode: SAFE_HOLD, Override: Safe hold mode active
2025-05-28 04:02:16,987 - INFO - [AUDIT] - Action: 0, Confidence: 1.0000, Safety Mode: SAFE_HOLD, Override: Safe hold mode active
2025-05-28 04:02:16,987 - INFO - [AUDIT] - Action: 0, Confidence: 1.0000, Safety Mode: SAFE_HOLD, Override: Safe hold mode active
2025-05-28 04:02:16,987 - INFO - [AUDIT] - Action: 0, Confidence: 1.0000, Safety Mode: SAFE_HOLD, Override: Safe hold mode active
2025-05-28 04:02:16,987 - INFO - [AUDIT] - Action: 0, Confidence: 1.0000, Safety Mode: SAFE_HOLD, Override: Safe hold mode active
2025-05-28 04:02:16,987 - INFO - [AUDIT] - Action: 0, Confidence: 1.0000, Safety Mode: SAFE_HOLD, Override: Safe hold mode active
2025-05-28 04:02:16,988 - INFO - [AUDIT] - Action: 0, Confidence: 1.0000, Safety Mode: SAFE_HOLD, Override: Safe hold mode active
2025-05-28 04:02:16,988 - INFO - [AUDIT] - Action: 0, Confidence: 1.0000, Safety Mode: SAFE_HOLD, Override: Safe hold mode active
2025-05-28 04:02:16,988 - INFO - [AUDIT] - Action: 0, Confidence: 1.0000, Safety Mode: SAFE_HOLD, Override: Safe hold mode active
2025-05-28 04:02:16,988 - INFO - [AUDIT] - Action: 0, Confidence: 1.0000, Safety Mode: SAFE_HOLD, Override: Safe hold mode active
2025-05-28 04:02:16,988 - INFO - [AUDIT] - Action: 0, Confidence: 1.0000, Safety Mode: SAFE_HOLD, Override: Safe hold mode active
2025-05-28 04:02:16,988 - INFO - [AUDIT] - Action: 0, Confidence: 1.0000, Safety Mode: SAFE_HOLD, Override: Safe hold mode active
2025-05-28 04:02:16,989 - INFO - [AUDIT] - Action: 0, Confidence: 1.0000, Safety Mode: SAFE_HOLD, Override: Safe hold mode active
2025-05-28 04:02:16,989 - INFO - [AUDIT] - Action: 0, Confidence: 1.0000, Safety Mode: SAFE_HOLD, Override: Safe hold mode active
2025-05-28 04:02:16,989 - INFO - [AUDIT] - Action: 0, Confidence: 1.0000, Safety Mode: SAFE_HOLD, Override: Safe hold mode active
2025-05-28 04:02:16,989 - INFO - [AUDIT] - Action: 0, Confidence: 1.0000, Safety Mode: SAFE_HOLD, Override: Safe hold mode active
2025-05-28 04:02:16,989 - INFO - [AUDIT] - Action: 0, Confidence: 1.0000, Safety Mode: SAFE_HOLD, Override: Safe hold mode active
2025-05-28 04:02:16,990 - INFO - [AUDIT] - Action: 0, Confidence: 1.0000, Safety Mode: SAFE_HOLD, Override: Safe hold mode active
2025-05-28 04:02:16,990 - INFO - [AUDIT] - Action: 0, Confidence: 1.0000, Safety Mode: SAFE_HOLD, Override: Safe hold mode active
2025-05-28 04:02:16,990 - INFO - [AUDIT] - Action: 0, Confidence: 1.0000, Safety Mode: SAFE_HOLD, Override: Safe hold mode active
2025-05-28 04:02:16,990 - INFO - [AUDIT] - Action: 0, Confidence: 1.0000, Safety Mode: SAFE_HOLD, Override: Safe hold mode active
2025-05-28 04:02:16,990 - INFO - [AUDIT] - Action: 0, Confidence: 1.0000, Safety Mode: SAFE_HOLD, Override: Safe hold mode active
2025-05-28 04:02:16,990 - INFO - [AUDIT] - Action: 0, Confidence: 1.0000, Safety Mode: SAFE_HOLD, Override: Safe hold mode active
2025-05-28 04:02:16,991 - INFO - [AUDIT] - Action: 0, Confidence: 1.0000, Safety Mode: SAFE_HOLD, Override: Safe hold mode active
2025-05-28 04:02:16,991 - INFO - [AUDIT] - Action: 0, Confidence: 1.0000, Safety Mode: SAFE_HOLD, Override: Safe hold mode active
2025-05-28 04:02:16,991 - INFO - [AUDIT] - Action: 0, Confidence: 1.0000, Safety Mode: SAFE_HOLD, Override: Safe hold mode active
2025-05-28 04:02:16,991 - INFO - [AUDIT] - Action: 0, Confidence: 1.0000, Safety Mode: SAFE_HOLD, Override: Safe hold mode active
2025-05-28 04:02:16,991 - INFO - [AUDIT] - Action: 0, Confidence: 1.0000, Safety Mode: SAFE_HOLD, Override: Safe hold mode active
2025-05-28 04:02:16,992 - INFO - [AUDIT] - Action: 0, Confidence: 1.0000, Safety Mode: SAFE_HOLD, Override: Safe hold mode active
2025-05-28 04:02:16,992 - INFO - [AUDIT] - Action: 0, Confidence: 1.0000, Safety Mode: SAFE_HOLD, Override: Safe hold mode active
2025-05-28 04:02:16,992 - INFO - [AUDIT] - Action: 0, Confidence: 1.0000, Safety Mode: SAFE_HOLD, Override: Safe hold mode active
2025-05-28 04:02:16,992 - INFO - [AUDIT] - Action: 0, Confidence: 1.0000, Safety Mode: SAFE_HOLD, Override: Safe hold mode active
2025-05-28 04:02:16,992 - INFO - [AUDIT] - Action: 0, Confidence: 1.0000, Safety Mode: SAFE_HOLD, Override: Safe hold mode active
2025-05-28 04:02:16,993 - INFO - [AUDIT] - Action: 0, Confidence: 1.0000, Safety Mode: SAFE_HOLD, Override: Safe hold mode active
2025-05-28 04:02:16,993 - INFO - [AUDIT] - Action: 0, Confidence: 1.0000, Safety Mode: SAFE_HOLD, Override: Safe hold mode active
2025-05-28 04:02:16,993 - INFO - [AUDIT] - Action: 0, Confidence: 1.0000, Safety Mode: SAFE_HOLD, Override: Safe hold mode active
2025-05-28 04:02:16,993 - INFO - [AUDIT] - Action: 0, Confidence: 1.0000, Safety Mode: SAFE_HOLD, Override: Safe hold mode active
2025-05-28 04:02:16,993 - INFO - [AUDIT] - Action: 0, Confidence: 1.0000, Safety Mode: SAFE_HOLD, Override: Safe hold mode active
2025-05-28 04:02:16,994 - INFO - [AUDIT] - Action: 0, Confidence: 1.0000, Safety Mode: SAFE_HOLD, Override: Safe hold mode active
2025-05-28 04:02:16,994 - INFO - [AUDIT] - Action: 0, Confidence: 1.0000, Safety Mode: SAFE_HOLD, Override: Safe hold mode active
2025-05-28 04:02:16,994 - INFO - [AUDIT] - Action: 0, Confidence: 1.0000, Safety Mode: SAFE_HOLD, Override: Safe hold mode active
2025-05-28 04:02:16,994 - INFO - [AUDIT] - Action: 0, Confidence: 1.0000, Safety Mode: SAFE_HOLD, Override: Safe hold mode active
2025-05-28 04:02:16,994 - INFO - [AUDIT] - Action: 0, Confidence: 1.0000, Safety Mode: SAFE_HOLD, Override: Safe hold mode active
2025-05-28 04:02:16,994 - INFO - [AUDIT] - Action: 0, Confidence: 1.0000, Safety Mode: SAFE_HOLD, Override: Safe hold mode active
2025-05-28 04:02:16,995 - INFO - [AUDIT] - Action: 0, Confidence: 1.0000, Safety Mode: SAFE_HOLD, Override: Safe hold mode active
2025-05-28 04:02:16,995 - INFO - [AUDIT] - Action: 0, Confidence: 1.0000, Safety Mode: SAFE_HOLD, Override: Safe hold mode active
2025-05-28 04:02:16,995 - INFO - [AUDIT] - Action: 0, Confidence: 1.0000, Safety Mode: SAFE_HOLD, Override: Safe hold mode active
2025-05-28 04:02:16,995 - INFO - [AUDIT] - Action: 0, Confidence: 1.0000, Safety Mode: SAFE_HOLD, Override: Safe hold mode active
2025-05-28 04:02:16,995 - INFO - [AUDIT] - Action: 0, Confidence: 1.0000, Safety Mode: SAFE_HOLD, Override: Safe hold mode active
2025-05-28 04:02:16,996 - INFO - [AUDIT] - Action: 0, Confidence: 1.0000, Safety Mode: SAFE_HOLD, Override: Safe hold mode active
2025-05-28 04:02:16,996 - INFO - [AUDIT] - Action: 0, Confidence: 1.0000, Safety Mode: SAFE_HOLD, Override: Safe hold mode active
2025-05-28 04:02:16,996 - INFO - [AUDIT] - Action: 0, Confidence: 1.0000, Safety Mode: SAFE_HOLD, Override: Safe hold mode active
2025-05-28 04:02:16,996 - INFO - [AUDIT] - Action: 0, Confidence: 1.0000, Safety Mode: SAFE_HOLD, Override: Safe hold mode active
2025-05-28 04:02:16,996 - INFO - [AUDIT] - Action: 0, Confidence: 1.0000, Safety Mode: SAFE_HOLD, Override: Safe hold mode active
2025-05-28 04:02:16,997 - INFO - [AUDIT] - Action: 0, Confidence: 1.0000, Safety Mode: SAFE_HOLD, Override: Safe hold mode active
2025-05-28 04:02:16,997 - INFO - [AUDIT] - Action: 0, Confidence: 1.0000, Safety Mode: SAFE_HOLD, Override: Safe hold mode active
2025-05-28 04:02:16,997 - INFO - [AUDIT] - Action: 0, Confidence: 1.0000, Safety Mode: SAFE_HOLD, Override: Safe hold mode active
2025-05-28 04:02:16,997 - INFO - [AUDIT] - Action: 0, Confidence: 1.0000, Safety Mode: SAFE_HOLD, Override: Safe hold mode active
2025-05-28 04:02:16,997 - INFO - [AUDIT] - Action: 0, Confidence: 1.0000, Safety Mode: SAFE_HOLD, Override: Safe hold mode active
2025-05-28 04:02:16,998 - INFO - [AUDIT] - Action: 0, Confidence: 1.0000, Safety Mode: SAFE_HOLD, Override: Safe hold mode active
2025-05-28 04:02:16,998 - INFO - [AUDIT] - Action: 0, Confidence: 1.0000, Safety Mode: SAFE_HOLD, Override: Safe hold mode active
2025-05-28 04:02:16,998 - INFO - [AUDIT] - Action: 0, Confidence: 1.0000, Safety Mode: SAFE_HOLD, Override: Safe hold mode active
2025-05-28 04:02:16,998 - INFO - [AUDIT] - Action: 0, Confidence: 1.0000, Safety Mode: SAFE_HOLD, Override: Safe hold mode active
2025-05-28 04:02:16,998 - INFO - [AUDIT] - Action: 0, Confidence: 1.0000, Safety Mode: SAFE_HOLD, Override: Safe hold mode active
2025-05-28 04:02:16,999 - INFO - [AUDIT] - Action: 0, Confidence: 1.0000, Safety Mode: SAFE_HOLD, Override: Safe hold mode active
2025-05-28 04:02:16,999 - INFO - [AUDIT] - Action: 0, Confidence: 1.0000, Safety Mode: SAFE_HOLD, Override: Safe hold mode active
2025-05-28 04:02:16,999 - INFO - [AUDIT] - Action: 0, Confidence: 1.0000, Safety Mode: SAFE_HOLD, Override: Safe hold mode active
2025-05-28 04:02:16,999 - INFO - [AUDIT] - Action: 0, Confidence: 1.0000, Safety Mode: SAFE_HOLD, Override: Safe hold mode active
2025-05-28 04:02:16,999 - INFO - [AUDIT] - Action: 0, Confidence: 1.0000, Safety Mode: SAFE_HOLD, Override: Safe hold mode active
2025-05-28 04:02:16,999 - INFO - [AUDIT] - Action: 0, Confidence: 1.0000, Safety Mode: SAFE_HOLD, Override: Safe hold mode active
2025-05-28 04:02:17,000 - INFO - [AUDIT] - Action: 0, Confidence: 1.0000, Safety Mode: SAFE_HOLD, Override: Safe hold mode active
2025-05-28 04:02:17,000 - INFO - [AUDIT] - Action: 0, Confidence: 1.0000, Safety Mode: SAFE_HOLD, Override: Safe hold mode active
2025-05-28 04:02:17,000 - INFO - [AUDIT] - Action: 0, Confidence: 1.0000, Safety Mode: SAFE_HOLD, Override: Safe hold mode active
2025-05-28 04:02:17,000 - INFO - [AUDIT] - Action: 0, Confidence: 1.0000, Safety Mode: SAFE_HOLD, Override: Safe hold mode active
2025-05-28 04:02:17,000 - INFO - [AUDIT] - Action: 0, Confidence: 1.0000, Safety Mode: SAFE_HOLD, Override: Safe hold mode active
2025-05-28 04:02:17,001 - INFO - [AUDIT] - Action: 0, Confidence: 1.0000, Safety Mode: SAFE_HOLD, Override: Safe hold mode active
2025-05-28 04:02:17,001 - INFO - [AUDIT] - Action: 0, Confidence: 1.0000, Safety Mode: SAFE_HOLD, Override: Safe hold mode active
2025-05-28 04:02:17,001 - INFO - [AUDIT] - Action: 0, Confidence: 1.0000, Safety Mode: SAFE_HOLD, Override: Safe hold mode active
2025-05-28 04:02:17,001 - INFO - [AUDIT] - Action: 0, Confidence: 1.0000, Safety Mode: SAFE_HOLD, Override: Safe hold mode active
2025-05-28 04:02:17,001 - INFO - [AUDIT] - Action: 0, Confidence: 1.0000, Safety Mode: SAFE_HOLD, Override: Safe hold mode active
2025-05-28 04:02:17,002 - INFO - [AUDIT] - Action: 0, Confidence: 1.0000, Safety Mode: SAFE_HOLD, Override: Safe hold mode active
2025-05-28 04:02:17,002 - INFO - [AUDIT] - Action: 0, Confidence: 1.0000, Safety Mode: SAFE_HOLD, Override: Safe hold mode active
2025-05-28 04:02:17,002 - INFO - [AUDIT] - Action: 0, Confidence: 1.0000, Safety Mode: SAFE_HOLD, Override: Safe hold mode active
2025-05-28 04:02:17,002 - INFO - [AUDIT] - Action: 0, Confidence: 1.0000, Safety Mode: SAFE_HOLD, Override: Safe hold mode active
2025-05-28 04:02:17,002 - INFO - [AUDIT] - Action: 0, Confidence: 1.0000, Safety Mode: SAFE_HOLD, Override: Safe hold mode active
2025-05-28 04:02:17,003 - INFO - [AUDIT] - Action: 0, Confidence: 1.0000, Safety Mode: SAFE_HOLD, Override: Safe hold mode active
2025-05-28 04:02:17,003 - INFO - [AUDIT] - Action: 0, Confidence: 1.0000, Safety Mode: SAFE_HOLD, Override: Safe hold mode active
2025-05-28 04:02:17,003 - INFO - [AUDIT] - Action: 0, Confidence: 1.0000, Safety Mode: SAFE_HOLD, Override: Safe hold mode active
2025-05-28 04:02:17,003 - INFO - [AUDIT] - Action: 0, Confidence: 1.0000, Safety Mode: SAFE_HOLD, Override: Safe hold mode active
2025-05-28 04:02:17,003 - INFO - [AUDIT] - Action: 0, Confidence: 1.0000, Safety Mode: SAFE_HOLD, Override: Safe hold mode active
2025-05-28 04:02:17,003 - INFO - [AUDIT] - Action: 0, Confidence: 1.0000, Safety Mode: SAFE_HOLD, Override: Safe hold mode active
2025-05-28 04:02:17,004 - INFO - [AUDIT] - Action: 0, Confidence: 1.0000, Safety Mode: SAFE_HOLD, Override: Safe hold mode active
2025-05-28 04:02:17,004 - INFO - [AUDIT] - Action: 0, Confidence: 1.0000, Safety Mode: SAFE_HOLD, Override: Safe hold mode active
2025-05-28 04:02:17,004 - INFO - [AUDIT] - Action: 0, Confidence: 1.0000, Safety Mode: SAFE_HOLD, Override: Safe hold mode active
2025-05-28 04:02:17,004 - INFO - [AUDIT] - Action: 0, Confidence: 1.0000, Safety Mode: SAFE_HOLD, Override: Safe hold mode active
2025-05-28 04:02:17,004 - INFO - [AUDIT] - Action: 0, Confidence: 1.0000, Safety Mode: SAFE_HOLD, Override: Safe hold mode active
2025-05-28 04:02:17,005 - INFO - [AUDIT] - Action: 0, Confidence: 1.0000, Safety Mode: SAFE_HOLD, Override: Safe hold mode active
2025-05-28 04:02:17,005 - INFO - [AUDIT] - Action: 0, Confidence: 1.0000, Safety Mode: SAFE_HOLD, Override: Safe hold mode active
2025-05-28 04:02:17,005 - INFO - [AUDIT] - Action: 0, Confidence: 1.0000, Safety Mode: SAFE_HOLD, Override: Safe hold mode active
2025-05-28 04:02:17,005 - INFO - [AUDIT] - Action: 0, Confidence: 1.0000, Safety Mode: SAFE_HOLD, Override: Safe hold mode active
2025-05-28 04:02:17,005 - INFO - [AUDIT] - Action: 0, Confidence: 1.0000, Safety Mode: SAFE_HOLD, Override: Safe hold mode active
2025-05-28 04:02:17,006 - INFO - [AUDIT] - Action: 0, Confidence: 1.0000, Safety Mode: SAFE_HOLD, Override: Safe hold mode active
2025-05-28 04:02:17,006 - INFO - [AUDIT] - Action: 0, Confidence: 1.0000, Safety Mode: SAFE_HOLD, Override: Safe hold mode active
2025-05-28 04:02:17,006 - INFO - [AUDIT] - Action: 0, Confidence: 1.0000, Safety Mode: SAFE_HOLD, Override: Safe hold mode active
2025-05-28 04:02:17,006 - INFO - [AUDIT] - Action: 0, Confidence: 1.0000, Safety Mode: SAFE_HOLD, Override: Safe hold mode active
2025-05-28 04:02:17,006 - INFO - [AUDIT] - Action: 0, Confidence: 1.0000, Safety Mode: SAFE_HOLD, Override: Safe hold mode active
2025-05-28 04:02:17,007 - INFO - [AUDIT] - Action: 0, Confidence: 1.0000, Safety Mode: SAFE_HOLD, Override: Safe hold mode active
2025-05-28 04:02:17,007 - INFO - [AUDIT] - Action: 0, Confidence: 1.0000, Safety Mode: SAFE_HOLD, Override: Safe hold mode active
2025-05-28 04:02:17,007 - INFO - [AUDIT] - Action: 0, Confidence: 1.0000, Safety Mode: SAFE_HOLD, Override: Safe hold mode active
2025-05-28 04:02:17,007 - INFO - [AUDIT] - Action: 0, Confidence: 1.0000, Safety Mode: SAFE_HOLD, Override: Safe hold mode active
2025-05-28 04:02:17,007 - INFO - [AUDIT] - Action: 0, Confidence: 1.0000, Safety Mode: SAFE_HOLD, Override: Safe hold mode active
2025-05-28 04:02:17,008 - INFO - [AUDIT] - Action: 0, Confidence: 1.0000, Safety Mode: SAFE_HOLD, Override: Safe hold mode active
2025-05-28 04:02:17,008 - INFO - [AUDIT] - Action: 0, Confidence: 1.0000, Safety Mode: SAFE_HOLD, Override: Safe hold mode active
2025-05-28 04:02:17,008 - INFO - [AUDIT] - Action: 0, Confidence: 1.0000, Safety Mode: SAFE_HOLD, Override: Safe hold mode active
2025-05-28 04:02:17,008 - INFO - [AUDIT] - Action: 0, Confidence: 1.0000, Safety Mode: SAFE_HOLD, Override: Safe hold mode active
2025-05-28 04:02:17,008 - INFO - [AUDIT] - Action: 0, Confidence: 1.0000, Safety Mode: SAFE_HOLD, Override: Safe hold mode active
2025-05-28 04:02:17,009 - INFO - [AUDIT] - Action: 0, Confidence: 1.0000, Safety Mode: SAFE_HOLD, Override: Safe hold mode active
2025-05-28 04:02:17,009 - INFO - [AUDIT] - Action: 0, Confidence: 1.0000, Safety Mode: SAFE_HOLD, Override: Safe hold mode active
2025-05-28 04:02:17,009 - INFO - [AUDIT] - Action: 0, Confidence: 1.0000, Safety Mode: SAFE_HOLD, Override: Safe hold mode active
2025-05-28 04:02:17,009 - INFO - [AUDIT] - Action: 0, Confidence: 1.0000, Safety Mode: SAFE_HOLD, Override: Safe hold mode active
2025-05-28 04:02:17,009 - INFO - [AUDIT] - Action: 0, Confidence: 1.0000, Safety Mode: SAFE_HOLD, Override: Safe hold mode active
2025-05-28 04:02:17,009 - INFO - [AUDIT] - Action: 0, Confidence: 1.0000, Safety Mode: SAFE_HOLD, Override: Safe hold mode active
2025-05-28 04:02:17,010 - INFO - [AUDIT] - Action: 0, Confidence: 1.0000, Safety Mode: SAFE_HOLD, Override: Safe hold mode active
2025-05-28 04:02:17,010 - INFO - [AUDIT] - Action: 0, Confidence: 1.0000, Safety Mode: SAFE_HOLD, Override: Safe hold mode active
2025-05-28 04:02:17,010 - INFO - [AUDIT] - Action: 0, Confidence: 1.0000, Safety Mode: SAFE_HOLD, Override: Safe hold mode active
2025-05-28 04:02:17,010 - INFO - [AUDIT] - Action: 0, Confidence: 1.0000, Safety Mode: SAFE_HOLD, Override: Safe hold mode active
2025-05-28 04:02:17,010 - INFO - [AUDIT] - Action: 0, Confidence: 1.0000, Safety Mode: SAFE_HOLD, Override: Safe hold mode active
2025-05-28 04:02:17,011 - INFO - [AUDIT] - Action: 0, Confidence: 1.0000, Safety Mode: SAFE_HOLD, Override: Safe hold mode active
2025-05-28 04:02:17,011 - INFO - [AUDIT] - Action: 0, Confidence: 1.0000, Safety Mode: SAFE_HOLD, Override: Safe hold mode active
2025-05-28 04:02:17,011 - INFO - [AUDIT] - Action: 0, Confidence: 1.0000, Safety Mode: SAFE_HOLD, Override: Safe hold mode active
2025-05-28 04:02:17,011 - INFO - [AUDIT] - Action: 0, Confidence: 1.0000, Safety Mode: SAFE_HOLD, Override: Safe hold mode active
2025-05-28 04:02:17,011 - INFO - [AUDIT] - Action: 0, Confidence: 1.0000, Safety Mode: SAFE_HOLD, Override: Safe hold mode active
2025-05-28 04:02:17,012 - INFO - [AUDIT] - Action: 0, Confidence: 1.0000, Safety Mode: SAFE_HOLD, Override: Safe hold mode active
2025-05-28 04:02:17,012 - INFO - [AUDIT] - Action: 0, Confidence: 1.0000, Safety Mode: SAFE_HOLD, Override: Safe hold mode active
2025-05-28 04:02:17,012 - INFO - [AUDIT] - Action: 0, Confidence: 1.0000, Safety Mode: SAFE_HOLD, Override: Safe hold mode active
2025-05-28 04:02:17,012 - INFO - [AUDIT] - Action: 0, Confidence: 1.0000, Safety Mode: SAFE_HOLD, Override: Safe hold mode active
2025-05-28 04:02:17,012 - INFO - [AUDIT] - Action: 0, Confidence: 1.0000, Safety Mode: SAFE_HOLD, Override: Safe hold mode active
2025-05-28 04:02:17,013 - INFO - [AUDIT] - Action: 0, Confidence: 1.0000, Safety Mode: SAFE_HOLD, Override: Safe hold mode active
2025-05-28 04:02:17,013 - INFO - [AUDIT] - Action: 0, Confidence: 1.0000, Safety Mode: SAFE_HOLD, Override: Safe hold mode active
2025-05-28 04:02:17,013 - INFO - [AUDIT] - Action: 0, Confidence: 1.0000, Safety Mode: SAFE_HOLD, Override: Safe hold mode active
2025-05-28 04:02:17,013 - INFO - [AUDIT] - Action: 0, Confidence: 1.0000, Safety Mode: SAFE_HOLD, Override: Safe hold mode active
2025-05-28 04:02:17,013 - INFO - [AUDIT] - Action: 0, Confidence: 1.0000, Safety Mode: SAFE_HOLD, Override: Safe hold mode active
2025-05-28 04:02:17,014 - INFO - [AUDIT] - Action: 0, Confidence: 1.0000, Safety Mode: SAFE_HOLD, Override: Safe hold mode active
2025-05-28 04:02:17,014 - INFO - [AUDIT] - Action: 0, Confidence: 1.0000, Safety Mode: SAFE_HOLD, Override: Safe hold mode active
2025-05-28 04:02:17,014 - INFO - [AUDIT] - Action: 0, Confidence: 1.0000, Safety Mode: SAFE_HOLD, Override: Safe hold mode active
2025-05-28 04:02:17,014 - INFO - [AUDIT] - Action: 0, Confidence: 1.0000, Safety Mode: SAFE_HOLD, Override: Safe hold mode active
2025-05-28 04:02:17,014 - INFO - [AUDIT] - Action: 0, Confidence: 1.0000, Safety Mode: SAFE_HOLD, Override: Safe hold mode active
2025-05-28 04:02:17,015 - INFO - [AUDIT] - Action: 0, Confidence: 1.0000, Safety Mode: SAFE_HOLD, Override: Safe hold mode active
2025-05-28 04:02:17,015 - INFO - [AUDIT] - Action: 0, Confidence: 1.0000, Safety Mode: SAFE_HOLD, Override: Safe hold mode active
2025-05-28 04:02:17,015 - INFO - [AUDIT] - Action: 0, Confidence: 1.0000, Safety Mode: SAFE_HOLD, Override: Safe hold mode active
2025-05-28 04:02:17,015 - INFO - [AUDIT] - Action: 0, Confidence: 1.0000, Safety Mode: SAFE_HOLD, Override: Safe hold mode active
2025-05-28 04:02:17,015 - INFO - [AUDIT] - Action: 0, Confidence: 1.0000, Safety Mode: SAFE_HOLD, Override: Safe hold mode active
2025-05-28 04:02:17,016 - INFO - [AUDIT] - Action: 0, Confidence: 1.0000, Safety Mode: SAFE_HOLD, Override: Safe hold mode active
2025-05-28 04:02:17,016 - INFO - [AUDIT] - Action: 0, Confidence: 1.0000, Safety Mode: SAFE_HOLD, Override: Safe hold mode active
2025-05-28 04:02:17,016 - INFO - [AUDIT] - Action: 0, Confidence: 1.0000, Safety Mode: SAFE_HOLD, Override: Safe hold mode active
2025-05-28 04:02:17,016 - INFO - [AUDIT] - Action: 0, Confidence: 1.0000, Safety Mode: SAFE_HOLD, Override: Safe hold mode active
2025-05-28 04:02:17,016 - INFO - [AUDIT] - Action: 0, Confidence: 1.0000, Safety Mode: SAFE_HOLD, Override: Safe hold mode active
2025-05-28 04:02:17,017 - INFO - [AUDIT] - Action: 0, Confidence: 1.0000, Safety Mode: SAFE_HOLD, Override: Safe hold mode active
2025-05-28 04:02:17,017 - INFO - [AUDIT] - Action: 0, Confidence: 1.0000, Safety Mode: SAFE_HOLD, Override: Safe hold mode active
2025-05-28 04:02:17,017 - INFO - [AUDIT] - Action: 0, Confidence: 1.0000, Safety Mode: SAFE_HOLD, Override: Safe hold mode active
2025-05-28 04:02:17,017 - INFO - [AUDIT] - Action: 0, Confidence: 1.0000, Safety Mode: SAFE_HOLD, Override: Safe hold mode active
2025-05-28 04:02:17,018 - INFO - [AUDIT] - Action: 0, Confidence: 1.0000, Safety Mode: SAFE_HOLD, Override: Safe hold mode active
2025-05-28 04:02:17,018 - INFO - [AUDIT] - Action: 0, Confidence: 1.0000, Safety Mode: SAFE_HOLD, Override: Safe hold mode active
2025-05-28 04:02:17,018 - INFO - [AUDIT] - Action: 0, Confidence: 1.0000, Safety Mode: SAFE_HOLD, Override: Safe hold mode active
2025-05-28 04:02:17,018 - INFO - [AUDIT] - Action: 0, Confidence: 1.0000, Safety Mode: SAFE_HOLD, Override: Safe hold mode active
2025-05-28 04:02:17,019 - INFO - [AUDIT] - Action: 0, Confidence: 1.0000, Safety Mode: SAFE_HOLD, Override: Safe hold mode active
2025-05-28 04:02:17,019 - INFO - [AUDIT] - Action: 0, Confidence: 1.0000, Safety Mode: SAFE_HOLD, Override: Safe hold mode active
2025-05-28 04:02:17,019 - INFO - [AUDIT] - Action: 0, Confidence: 1.0000, Safety Mode: SAFE_HOLD, Override: Safe hold mode active
2025-05-28 04:02:17,019 - INFO - [AUDIT] - Action: 0, Confidence: 1.0000, Safety Mode: SAFE_HOLD, Override: Safe hold mode active
2025-05-28 04:02:17,019 - INFO - [AUDIT] - Action: 0, Confidence: 1.0000, Safety Mode: SAFE_HOLD, Override: Safe hold mode active
2025-05-28 04:02:17,020 - INFO - [AUDIT] - Action: 0, Confidence: 1.0000, Safety Mode: SAFE_HOLD, Override: Safe hold mode active
2025-05-28 04:02:17,020 - INFO - [AUDIT] - Action: 0, Confidence: 1.0000, Safety Mode: SAFE_HOLD, Override: Safe hold mode active
2025-05-28 04:02:17,020 - INFO - [AUDIT] - Action: 0, Confidence: 1.0000, Safety Mode: SAFE_HOLD, Override: Safe hold mode active
2025-05-28 04:02:17,020 - INFO - [AUDIT] - Action: 0, Confidence: 1.0000, Safety Mode: SAFE_HOLD, Override: Safe hold mode active
2025-05-28 04:02:17,020 - INFO - [AUDIT] - Action: 0, Confidence: 1.0000, Safety Mode: SAFE_HOLD, Override: Safe hold mode active
2025-05-28 04:02:17,021 - INFO - [AUDIT] - Action: 0, Confidence: 1.0000, Safety Mode: SAFE_HOLD, Override: Safe hold mode active
2025-05-28 04:02:17,021 - INFO - [AUDIT] - Action: 0, Confidence: 1.0000, Safety Mode: SAFE_HOLD, Override: Safe hold mode active
2025-05-28 04:02:17,021 - INFO - [AUDIT] - Action: 0, Confidence: 1.0000, Safety Mode: SAFE_HOLD, Override: Safe hold mode active
2025-05-28 04:02:17,021 - INFO - [AUDIT] - Action: 0, Confidence: 1.0000, Safety Mode: SAFE_HOLD, Override: Safe hold mode active
2025-05-28 04:02:17,021 - INFO - [AUDIT] - Action: 0, Confidence: 1.0000, Safety Mode: SAFE_HOLD, Override: Safe hold mode active
2025-05-28 04:02:17,022 - INFO - [AUDIT] - Action: 0, Confidence: 1.0000, Safety Mode: SAFE_HOLD, Override: Safe hold mode active
2025-05-28 04:02:17,022 - INFO - [AUDIT] - Action: 0, Confidence: 1.0000, Safety Mode: SAFE_HOLD, Override: Safe hold mode active
2025-05-28 04:02:17,022 - INFO - [AUDIT] - Action: 0, Confidence: 1.0000, Safety Mode: SAFE_HOLD, Override: Safe hold mode active
2025-05-28 04:02:17,022 - INFO - [AUDIT] - Action: 0, Confidence: 1.0000, Safety Mode: SAFE_HOLD, Override: Safe hold mode active
2025-05-28 04:02:17,022 - INFO - [AUDIT] - Action: 0, Confidence: 1.0000, Safety Mode: SAFE_HOLD, Override: Safe hold mode active
2025-05-28 04:02:17,022 - INFO - [AUDIT] - Action: 0, Confidence: 1.0000, Safety Mode: SAFE_HOLD, Override: Safe hold mode active
2025-05-28 04:02:17,023 - INFO - [AUDIT] - Action: 0, Confidence: 1.0000, Safety Mode: SAFE_HOLD, Override: Safe hold mode active
2025-05-28 04:02:17,023 - INFO - [AUDIT] - Action: 0, Confidence: 1.0000, Safety Mode: SAFE_HOLD, Override: Safe hold mode active
2025-05-28 04:02:17,023 - INFO - [AUDIT] - Action: 0, Confidence: 1.0000, Safety Mode: SAFE_HOLD, Override: Safe hold mode active
2025-05-28 04:02:17,023 - INFO - [AUDIT] - Action: 0, Confidence: 1.0000, Safety Mode: SAFE_HOLD, Override: Safe hold mode active
2025-05-28 04:02:17,023 - INFO - [AUDIT] - Action: 0, Confidence: 1.0000, Safety Mode: SAFE_HOLD, Override: Safe hold mode active
2025-05-28 04:02:17,024 - INFO - [AUDIT] - Action: 0, Confidence: 1.0000, Safety Mode: SAFE_HOLD, Override: Safe hold mode active
2025-05-28 04:02:17,024 - INFO - [AUDIT] - Action: 0, Confidence: 1.0000, Safety Mode: SAFE_HOLD, Override: Safe hold mode active
2025-05-28 04:02:17,024 - INFO - [AUDIT] - Action: 0, Confidence: 1.0000, Safety Mode: SAFE_HOLD, Override: Safe hold mode active
2025-05-28 04:02:17,024 - INFO - [AUDIT] - Action: 0, Confidence: 1.0000, Safety Mode: SAFE_HOLD, Override: Safe hold mode active
2025-05-28 04:02:17,024 - INFO - [AUDIT] - Action: 0, Confidence: 1.0000, Safety Mode: SAFE_HOLD, Override: Safe hold mode active
2025-05-28 04:02:17,025 - INFO - [AUDIT] - Action: 0, Confidence: 1.0000, Safety Mode: SAFE_HOLD, Override: Safe hold mode active
2025-05-28 04:02:17,025 - INFO - [AUDIT] - Action: 0, Confidence: 1.0000, Safety Mode: SAFE_HOLD, Override: Safe hold mode active
2025-05-28 04:02:17,025 - INFO - [AUDIT] - Action: 0, Confidence: 1.0000, Safety Mode: SAFE_HOLD, Override: Safe hold mode active
2025-05-28 04:02:17,025 - INFO - [AUDIT] - Action: 0, Confidence: 1.0000, Safety Mode: SAFE_HOLD, Override: Safe hold mode active
2025-05-28 04:02:17,025 - INFO - [AUDIT] - Action: 0, Confidence: 1.0000, Safety Mode: SAFE_HOLD, Override: Safe hold mode active
2025-05-28 04:02:17,026 - INFO - [AUDIT] - Action: 0, Confidence: 1.0000, Safety Mode: SAFE_HOLD, Override: Safe hold mode active
2025-05-28 04:02:17,026 - INFO - [AUDIT] - Action: 0, Confidence: 1.0000, Safety Mode: SAFE_HOLD, Override: Safe hold mode active
2025-05-28 04:02:17,026 - INFO - [AUDIT] - Action: 0, Confidence: 1.0000, Safety Mode: SAFE_HOLD, Override: Safe hold mode active
2025-05-28 04:02:17,026 - INFO - [AUDIT] - Action: 0, Confidence: 1.0000, Safety Mode: SAFE_HOLD, Override: Safe hold mode active
2025-05-28 04:02:17,026 - INFO - [AUDIT] - Action: 0, Confidence: 1.0000, Safety Mode: SAFE_HOLD, Override: Safe hold mode active
2025-05-28 04:02:17,027 - INFO - [AUDIT] - Action: 0, Confidence: 1.0000, Safety Mode: SAFE_HOLD, Override: Safe hold mode active
2025-05-28 04:02:17,027 - INFO - [AUDIT] - Action: 0, Confidence: 1.0000, Safety Mode: SAFE_HOLD, Override: Safe hold mode active
2025-05-28 04:02:17,027 - INFO - [AUDIT] - Action: 0, Confidence: 1.0000, Safety Mode: SAFE_HOLD, Override: Safe hold mode active
2025-05-28 04:02:17,027 - INFO - [AUDIT] - Action: 0, Confidence: 1.0000, Safety Mode: SAFE_HOLD, Override: Safe hold mode active
2025-05-28 04:02:17,028 - INFO - [AUDIT] - Action: 0, Confidence: 1.0000, Safety Mode: SAFE_HOLD, Override: Safe hold mode active
2025-05-28 04:02:17,028 - INFO - [AUDIT] - Action: 0, Confidence: 1.0000, Safety Mode: SAFE_HOLD, Override: Safe hold mode active
2025-05-28 04:02:17,028 - INFO - [AUDIT] - Action: 0, Confidence: 1.0000, Safety Mode: SAFE_HOLD, Override: Safe hold mode active
2025-05-28 04:02:17,029 - INFO - [AUDIT] - Action: 0, Confidence: 1.0000, Safety Mode: SAFE_HOLD, Override: Safe hold mode active
2025-05-28 04:02:17,029 - INFO - [AUDIT] - Action: 0, Confidence: 1.0000, Safety Mode: SAFE_HOLD, Override: Safe hold mode active
2025-05-28 04:02:17,029 - INFO - [AUDIT] - Action: 0, Confidence: 1.0000, Safety Mode: SAFE_HOLD, Override: Safe hold mode active
2025-05-28 04:02:17,029 - INFO - [AUDIT] - Action: 0, Confidence: 1.0000, Safety Mode: SAFE_HOLD, Override: Safe hold mode active
2025-05-28 04:02:17,029 - INFO - [AUDIT] - Action: 0, Confidence: 1.0000, Safety Mode: SAFE_HOLD, Override: Safe hold mode active
2025-05-28 04:02:17,030 - INFO - [AUDIT] - Action: 0, Confidence: 1.0000, Safety Mode: SAFE_HOLD, Override: Safe hold mode active
2025-05-28 04:02:17,030 - INFO - [AUDIT] - Action: 0, Confidence: 1.0000, Safety Mode: SAFE_HOLD, Override: Safe hold mode active
2025-05-28 04:02:17,030 - INFO - [AUDIT] - Action: 0, Confidence: 1.0000, Safety Mode: SAFE_HOLD, Override: Safe hold mode active
2025-05-28 04:02:17,030 - INFO - [AUDIT] - Action: 0, Confidence: 1.0000, Safety Mode: SAFE_HOLD, Override: Safe hold mode active
2025-05-28 04:02:17,030 - INFO - [AUDIT] - Action: 0, Confidence: 1.0000, Safety Mode: SAFE_HOLD, Override: Safe hold mode active
2025-05-28 04:02:17,031 - INFO - [AUDIT] - Action: 0, Confidence: 1.0000, Safety Mode: SAFE_HOLD, Override: Safe hold mode active
2025-05-28 04:02:17,031 - INFO - [AUDIT] - Action: 0, Confidence: 1.0000, Safety Mode: SAFE_HOLD, Override: Safe hold mode active
2025-05-28 04:02:17,031 - INFO - [AUDIT] - Action: 0, Confidence: 1.0000, Safety Mode: SAFE_HOLD, Override: Safe hold mode active
2025-05-28 04:02:17,031 - INFO - [AUDIT] - Action: 0, Confidence: 1.0000, Safety Mode: SAFE_HOLD, Override: Safe hold mode active
2025-05-28 04:02:17,031 - INFO - [AUDIT] - Action: 0, Confidence: 1.0000, Safety Mode: SAFE_HOLD, Override: Safe hold mode active
2025-05-28 04:02:17,032 - INFO - [AUDIT] - Action: 0, Confidence: 1.0000, Safety Mode: SAFE_HOLD, Override: Safe hold mode active
2025-05-28 04:02:17,032 - INFO - [AUDIT] - Action: 0, Confidence: 1.0000, Safety Mode: SAFE_HOLD, Override: Safe hold mode active
2025-05-28 04:02:17,032 - INFO - [AUDIT] - Action: 0, Confidence: 1.0000, Safety Mode: SAFE_HOLD, Override: Safe hold mode active
2025-05-28 04:02:17,032 - INFO - [AUDIT] - Action: 0, Confidence: 1.0000, Safety Mode: SAFE_HOLD, Override: Safe hold mode active
2025-05-28 04:02:17,032 - INFO - [AUDIT] - Action: 0, Confidence: 1.0000, Safety Mode: SAFE_HOLD, Override: Safe hold mode active
2025-05-28 04:02:17,033 - INFO - [AUDIT] - Action: 0, Confidence: 1.0000, Safety Mode: SAFE_HOLD, Override: Safe hold mode active
2025-05-28 04:02:17,033 - INFO - [AUDIT] - Action: 0, Confidence: 1.0000, Safety Mode: SAFE_HOLD, Override: Safe hold mode active
2025-05-28 04:02:17,033 - INFO - [AUDIT] - Action: 0, Confidence: 1.0000, Safety Mode: SAFE_HOLD, Override: Safe hold mode active
2025-05-28 04:02:17,033 - INFO - [AUDIT] - Action: 0, Confidence: 1.0000, Safety Mode: SAFE_HOLD, Override: Safe hold mode active
2025-05-28 04:02:17,033 - INFO - [AUDIT] - Action: 0, Confidence: 1.0000, Safety Mode: SAFE_HOLD, Override: Safe hold mode active
2025-05-28 04:02:17,034 - INFO - [AUDIT] - Action: 0, Confidence: 1.0000, Safety Mode: SAFE_HOLD, Override: Safe hold mode active
2025-05-28 04:02:17,034 - INFO - [AUDIT] - Action: 0, Confidence: 1.0000, Safety Mode: SAFE_HOLD, Override: Safe hold mode active
2025-05-28 04:02:17,034 - INFO - [AUDIT] - Action: 0, Confidence: 1.0000, Safety Mode: SAFE_HOLD, Override: Safe hold mode active
2025-05-28 04:02:17,034 - INFO - [AUDIT] - Action: 0, Confidence: 1.0000, Safety Mode: SAFE_HOLD, Override: Safe hold mode active
2025-05-28 04:02:17,034 - INFO - [AUDIT] - Action: 0, Confidence: 1.0000, Safety Mode: SAFE_HOLD, Override: Safe hold mode active
2025-05-28 04:02:17,035 - INFO - [AUDIT] - Action: 0, Confidence: 1.0000, Safety Mode: SAFE_HOLD, Override: Safe hold mode active
2025-05-28 04:02:17,035 - INFO - [AUDIT] - Action: 0, Confidence: 1.0000, Safety Mode: SAFE_HOLD, Override: Safe hold mode active
2025-05-28 04:02:17,035 - INFO - [AUDIT] - Action: 0, Confidence: 1.0000, Safety Mode: SAFE_HOLD, Override: Safe hold mode active
2025-05-28 04:02:17,035 - INFO - [AUDIT] - Action: 0, Confidence: 1.0000, Safety Mode: SAFE_HOLD, Override: Safe hold mode active
2025-05-28 04:02:17,036 - INFO - [AUDIT] - Action: 0, Confidence: 1.0000, Safety Mode: SAFE_HOLD, Override: Safe hold mode active
2025-05-28 04:02:17,036 - INFO - [AUDIT] - Action: 0, Confidence: 1.0000, Safety Mode: SAFE_HOLD, Override: Safe hold mode active
2025-05-28 04:02:17,036 - INFO - [AUDIT] - Action: 0, Confidence: 1.0000, Safety Mode: SAFE_HOLD, Override: Safe hold mode active
2025-05-28 04:02:17,036 - INFO - [AUDIT] - Action: 0, Confidence: 1.0000, Safety Mode: SAFE_HOLD, Override: Safe hold mode active
2025-05-28 04:02:17,037 - INFO - [AUDIT] - Action: 0, Confidence: 1.0000, Safety Mode: SAFE_HOLD, Override: Safe hold mode active
2025-05-28 04:02:17,037 - INFO - [AUDIT] - Action: 0, Confidence: 1.0000, Safety Mode: SAFE_HOLD, Override: Safe hold mode active
2025-05-28 04:02:17,037 - INFO - [AUDIT] - Action: 0, Confidence: 1.0000, Safety Mode: SAFE_HOLD, Override: Safe hold mode active
2025-05-28 04:02:17,037 - INFO - [AUDIT] - Action: 0, Confidence: 1.0000, Safety Mode: SAFE_HOLD, Override: Safe hold mode active
2025-05-28 04:02:17,037 - INFO - [AUDIT] - Action: 0, Confidence: 1.0000, Safety Mode: SAFE_HOLD, Override: Safe hold mode active
2025-05-28 04:02:17,037 - INFO - [AUDIT] - Action: 0, Confidence: 1.0000, Safety Mode: SAFE_HOLD, Override: Safe hold mode active
2025-05-28 04:02:17,038 - INFO - [AUDIT] - Action: 0, Confidence: 1.0000, Safety Mode: SAFE_HOLD, Override: Safe hold mode active
2025-05-28 04:02:17,038 - INFO - [AUDIT] - Action: 0, Confidence: 1.0000, Safety Mode: SAFE_HOLD, Override: Safe hold mode active
2025-05-28 04:02:17,038 - INFO - [AUDIT] - Action: 0, Confidence: 1.0000, Safety Mode: SAFE_HOLD, Override: Safe hold mode active
2025-05-28 04:02:17,038 - INFO - [AUDIT] - Action: 0, Confidence: 1.0000, Safety Mode: SAFE_HOLD, Override: Safe hold mode active
2025-05-28 04:02:17,038 - INFO - [AUDIT] - Action: 0, Confidence: 1.0000, Safety Mode: SAFE_HOLD, Override: Safe hold mode active
2025-05-28 04:02:17,039 - INFO - [AUDIT] - Action: 0, Confidence: 1.0000, Safety Mode: SAFE_HOLD, Override: Safe hold mode active
2025-05-28 04:02:17,039 - INFO - [AUDIT] - Action: 0, Confidence: 1.0000, Safety Mode: SAFE_HOLD, Override: Safe hold mode active
2025-05-28 04:02:17,039 - INFO - [AUDIT] - Action: 0, Confidence: 1.0000, Safety Mode: SAFE_HOLD, Override: Safe hold mode active
2025-05-28 04:02:17,039 - INFO - [AUDIT] - Action: 0, Confidence: 1.0000, Safety Mode: SAFE_HOLD, Override: Safe hold mode active
2025-05-28 04:02:17,039 - INFO - [AUDIT] - Action: 0, Confidence: 1.0000, Safety Mode: SAFE_HOLD, Override: Safe hold mode active
2025-05-28 04:02:17,040 - INFO - [AUDIT] - Action: 0, Confidence: 1.0000, Safety Mode: SAFE_HOLD, Override: Safe hold mode active
2025-05-28 04:02:17,040 - INFO - [AUDIT] - Action: 0, Confidence: 1.0000, Safety Mode: SAFE_HOLD, Override: Safe hold mode active
2025-05-28 04:02:17,040 - INFO - [AUDIT] - Action: 0, Confidence: 1.0000, Safety Mode: SAFE_HOLD, Override: Safe hold mode active
2025-05-28 04:02:17,040 - INFO - [AUDIT] - Action: 0, Confidence: 1.0000, Safety Mode: SAFE_HOLD, Override: Safe hold mode active
2025-05-28 04:02:17,040 - INFO - [AUDIT] - Action: 0, Confidence: 1.0000, Safety Mode: SAFE_HOLD, Override: Safe hold mode active
2025-05-28 04:02:17,041 - INFO - [AUDIT] - Action: 0, Confidence: 1.0000, Safety Mode: SAFE_HOLD, Override: Safe hold mode active
2025-05-28 04:02:17,041 - INFO - [AUDIT] - Action: 0, Confidence: 1.0000, Safety Mode: SAFE_HOLD, Override: Safe hold mode active
2025-05-28 04:02:17,041 - INFO - [AUDIT] - Action: 0, Confidence: 1.0000, Safety Mode: SAFE_HOLD, Override: Safe hold mode active
2025-05-28 04:02:17,041 - INFO - [AUDIT] - Action: 0, Confidence: 1.0000, Safety Mode: SAFE_HOLD, Override: Safe hold mode active
2025-05-28 04:02:17,041 - INFO - [AUDIT] - Action: 0, Confidence: 1.0000, Safety Mode: SAFE_HOLD, Override: Safe hold mode active
2025-05-28 04:02:17,042 - INFO - [AUDIT] - Action: 0, Confidence: 1.0000, Safety Mode: SAFE_HOLD, Override: Safe hold mode active
2025-05-28 04:02:17,042 - INFO - [AUDIT] - Action: 0, Confidence: 1.0000, Safety Mode: SAFE_HOLD, Override: Safe hold mode active
2025-05-28 04:02:17,042 - INFO - [AUDIT] - Action: 0, Confidence: 1.0000, Safety Mode: SAFE_HOLD, Override: Safe hold mode active
2025-05-28 04:02:17,042 - INFO - [AUDIT] - Action: 0, Confidence: 1.0000, Safety Mode: SAFE_HOLD, Override: Safe hold mode active
2025-05-28 04:02:17,042 - INFO - [AUDIT] - Action: 0, Confidence: 1.0000, Safety Mode: SAFE_HOLD, Override: Safe hold mode active
2025-05-28 04:02:17,043 - INFO - [AUDIT] - Action: 0, Confidence: 1.0000, Safety Mode: SAFE_HOLD, Override: Safe hold mode active
2025-05-28 04:02:17,043 - INFO - [AUDIT] - Action: 0, Confidence: 1.0000, Safety Mode: SAFE_HOLD, Override: Safe hold mode active
2025-05-28 04:02:17,043 - INFO - [AUDIT] - Action: 0, Confidence: 1.0000, Safety Mode: SAFE_HOLD, Override: Safe hold mode active
2025-05-28 04:02:17,043 - INFO - [AUDIT] - Action: 0, Confidence: 1.0000, Safety Mode: SAFE_HOLD, Override: Safe hold mode active
2025-05-28 04:02:17,043 - INFO - [AUDIT] - Action: 0, Confidence: 1.0000, Safety Mode: SAFE_HOLD, Override: Safe hold mode active
2025-05-28 04:02:17,044 - INFO - [AUDIT] - Action: 0, Confidence: 1.0000, Safety Mode: SAFE_HOLD, Override: Safe hold mode active
2025-05-28 04:02:17,044 - INFO - [AUDIT] - Action: 0, Confidence: 1.0000, Safety Mode: SAFE_HOLD, Override: Safe hold mode active
2025-05-28 04:02:17,044 - INFO - [AUDIT] - Action: 0, Confidence: 1.0000, Safety Mode: SAFE_HOLD, Override: Safe hold mode active
2025-05-28 04:02:17,044 - INFO - [AUDIT] - Action: 0, Confidence: 1.0000, Safety Mode: SAFE_HOLD, Override: Safe hold mode active
2025-05-28 04:02:17,044 - INFO - [AUDIT] - Action: 0, Confidence: 1.0000, Safety Mode: SAFE_HOLD, Override: Safe hold mode active
2025-05-28 04:02:17,045 - INFO - [AUDIT] - Action: 0, Confidence: 1.0000, Safety Mode: SAFE_HOLD, Override: Safe hold mode active
2025-05-28 04:02:17,045 - INFO - [AUDIT] - Action: 0, Confidence: 1.0000, Safety Mode: SAFE_HOLD, Override: Safe hold mode active
2025-05-28 04:02:17,045 - INFO - [AUDIT] - Action: 0, Confidence: 1.0000, Safety Mode: SAFE_HOLD, Override: Safe hold mode active
2025-05-28 04:02:17,046 - INFO - [AUDIT] - Action: 0, Confidence: 1.0000, Safety Mode: SAFE_HOLD, Override: Safe hold mode active
2025-05-28 04:02:17,046 - INFO - [AUDIT] - Action: 0, Confidence: 1.0000, Safety Mode: SAFE_HOLD, Override: Safe hold mode active
2025-05-28 04:02:17,046 - INFO - [AUDIT] - Action: 0, Confidence: 1.0000, Safety Mode: SAFE_HOLD, Override: Safe hold mode active
2025-05-28 04:02:17,047 - INFO - [AUDIT] - Action: 0, Confidence: 1.0000, Safety Mode: SAFE_HOLD, Override: Safe hold mode active
2025-05-28 04:02:17,047 - INFO - [AUDIT] - Action: 0, Confidence: 1.0000, Safety Mode: SAFE_HOLD, Override: Safe hold mode active
2025-05-28 04:02:17,047 - INFO - [AUDIT] - Action: 0, Confidence: 1.0000, Safety Mode: SAFE_HOLD, Override: Safe hold mode active
2025-05-28 04:02:17,047 - INFO - [AUDIT] - Action: 0, Confidence: 1.0000, Safety Mode: SAFE_HOLD, Override: Safe hold mode active
2025-05-28 04:02:17,048 - INFO - [AUDIT] - Action: 0, Confidence: 1.0000, Safety Mode: SAFE_HOLD, Override: Safe hold mode active
2025-05-28 04:02:17,048 - INFO - [AUDIT] - Action: 0, Confidence: 1.0000, Safety Mode: SAFE_HOLD, Override: Safe hold mode active
2025-05-28 04:02:17,048 - INFO - [AUDIT] - Action: 0, Confidence: 1.0000, Safety Mode: SAFE_HOLD, Override: Safe hold mode active
2025-05-28 04:02:17,048 - INFO - [AUDIT] - Action: 0, Confidence: 1.0000, Safety Mode: SAFE_HOLD, Override: Safe hold mode active
2025-05-28 04:02:17,048 - INFO - [AUDIT] - Action: 0, Confidence: 1.0000, Safety Mode: SAFE_HOLD, Override: Safe hold mode active
2025-05-28 04:02:17,048 - INFO - [AUDIT] - Action: 0, Confidence: 1.0000, Safety Mode: SAFE_HOLD, Override: Safe hold mode active
2025-05-28 04:02:17,049 - INFO - [AUDIT] - Action: 0, Confidence: 1.0000, Safety Mode: SAFE_HOLD, Override: Safe hold mode active
2025-05-28 04:02:17,049 - INFO - [AUDIT] - Action: 0, Confidence: 1.0000, Safety Mode: SAFE_HOLD, Override: Safe hold mode active
2025-05-28 04:02:17,049 - INFO - [AUDIT] - Action: 0, Confidence: 1.0000, Safety Mode: SAFE_HOLD, Override: Safe hold mode active
2025-05-28 04:02:17,049 - INFO - [AUDIT] - Action: 0, Confidence: 1.0000, Safety Mode: SAFE_HOLD, Override: Safe hold mode active
2025-05-28 04:02:17,049 - INFO - [AUDIT] - Action: 0, Confidence: 1.0000, Safety Mode: SAFE_HOLD, Override: Safe hold mode active
2025-05-28 04:02:17,050 - INFO - [AUDIT] - Action: 0, Confidence: 1.0000, Safety Mode: SAFE_HOLD, Override: Safe hold mode active
2025-05-28 04:02:17,050 - INFO - [AUDIT] - Action: 0, Confidence: 1.0000, Safety Mode: SAFE_HOLD, Override: Safe hold mode active
2025-05-28 04:02:17,050 - INFO - [AUDIT] - Action: 0, Confidence: 1.0000, Safety Mode: SAFE_HOLD, Override: Safe hold mode active
2025-05-28 04:02:17,051 - INFO - [AUDIT] - Action: 0, Confidence: 1.0000, Safety Mode: SAFE_HOLD, Override: Safe hold mode active
2025-05-28 04:02:17,051 - INFO - [AUDIT] - Action: 0, Confidence: 1.0000, Safety Mode: SAFE_HOLD, Override: Safe hold mode active
2025-05-28 04:02:17,051 - INFO - [AUDIT] - Action: 0, Confidence: 1.0000, Safety Mode: SAFE_HOLD, Override: Safe hold mode active
2025-05-28 04:02:17,051 - INFO - [AUDIT] - Action: 0, Confidence: 1.0000, Safety Mode: SAFE_HOLD, Override: Safe hold mode active
2025-05-28 04:02:17,052 - INFO - [AUDIT] - Action: 0, Confidence: 1.0000, Safety Mode: SAFE_HOLD, Override: Safe hold mode active
2025-05-28 04:02:17,052 - INFO - [AUDIT] - Action: 0, Confidence: 1.0000, Safety Mode: SAFE_HOLD, Override: Safe hold mode active
2025-05-28 04:02:17,052 - INFO - [AUDIT] - Action: 0, Confidence: 1.0000, Safety Mode: SAFE_HOLD, Override: Safe hold mode active
2025-05-28 04:02:17,052 - INFO - [AUDIT] - Action: 0, Confidence: 1.0000, Safety Mode: SAFE_HOLD, Override: Safe hold mode active
2025-05-28 04:02:17,052 - INFO - [AUDIT] - Action: 0, Confidence: 1.0000, Safety Mode: SAFE_HOLD, Override: Safe hold mode active
2025-05-28 04:02:17,053 - INFO - [AUDIT] - Action: 0, Confidence: 1.0000, Safety Mode: SAFE_HOLD, Override: Safe hold mode active
2025-05-28 04:02:17,053 - INFO - [AUDIT] - Action: 0, Confidence: 1.0000, Safety Mode: SAFE_HOLD, Override: Safe hold mode active
2025-05-28 04:02:17,053 - INFO - [AUDIT] - Action: 0, Confidence: 1.0000, Safety Mode: SAFE_HOLD, Override: Safe hold mode active
2025-05-28 04:02:17,053 - INFO - [AUDIT] - Action: 0, Confidence: 1.0000, Safety Mode: SAFE_HOLD, Override: Safe hold mode active
2025-05-28 04:02:17,053 - INFO - [AUDIT] - Action: 0, Confidence: 1.0000, Safety Mode: SAFE_HOLD, Override: Safe hold mode active
2025-05-28 04:02:17,054 - INFO - [AUDIT] - Action: 0, Confidence: 1.0000, Safety Mode: SAFE_HOLD, Override: Safe hold mode active
2025-05-28 04:02:17,054 - INFO - [AUDIT] - Action: 0, Confidence: 1.0000, Safety Mode: SAFE_HOLD, Override: Safe hold mode active
2025-05-28 04:02:17,054 - INFO - [AUDIT] - Action: 0, Confidence: 1.0000, Safety Mode: SAFE_HOLD, Override: Safe hold mode active
2025-05-28 04:02:17,054 - INFO - [AUDIT] - Action: 0, Confidence: 1.0000, Safety Mode: SAFE_HOLD, Override: Safe hold mode active
2025-05-28 04:02:17,054 - INFO - [AUDIT] - Action: 0, Confidence: 1.0000, Safety Mode: SAFE_HOLD, Override: Safe hold mode active
2025-05-28 04:02:17,055 - INFO - [AUDIT] - Action: 0, Confidence: 1.0000, Safety Mode: SAFE_HOLD, Override: Safe hold mode active
2025-05-28 04:02:17,055 - INFO - [AUDIT] - Action: 0, Confidence: 1.0000, Safety Mode: SAFE_HOLD, Override: Safe hold mode active
2025-05-28 04:02:17,055 - INFO - [AUDIT] - Action: 0, Confidence: 1.0000, Safety Mode: SAFE_HOLD, Override: Safe hold mode active
2025-05-28 04:02:17,055 - INFO - [AUDIT] - Action: 0, Confidence: 1.0000, Safety Mode: SAFE_HOLD, Override: Safe hold mode active
2025-05-28 04:02:17,055 - INFO - [AUDIT] - Action: 0, Confidence: 1.0000, Safety Mode: SAFE_HOLD, Override: Safe hold mode active
2025-05-28 04:02:17,056 - INFO - [AUDIT] - Action: 0, Confidence: 1.0000, Safety Mode: SAFE_HOLD, Override: Safe hold mode active
2025-05-28 04:02:17,056 - INFO - [AUDIT] - Action: 0, Confidence: 1.0000, Safety Mode: SAFE_HOLD, Override: Safe hold mode active
2025-05-28 04:02:17,056 - INFO - [AUDIT] - Action: 0, Confidence: 1.0000, Safety Mode: SAFE_HOLD, Override: Safe hold mode active
2025-05-28 04:02:17,056 - INFO - [AUDIT] - Action: 0, Confidence: 1.0000, Safety Mode: SAFE_HOLD, Override: Safe hold mode active
2025-05-28 04:02:17,056 - INFO - [AUDIT] - Action: 0, Confidence: 1.0000, Safety Mode: SAFE_HOLD, Override: Safe hold mode active
2025-05-28 04:02:17,057 - INFO - [AUDIT] - Action: 0, Confidence: 1.0000, Safety Mode: SAFE_HOLD, Override: Safe hold mode active
2025-05-28 04:02:17,057 - INFO - [AUDIT] - Action: 0, Confidence: 1.0000, Safety Mode: SAFE_HOLD, Override: Safe hold mode active
2025-05-28 04:02:17,057 - INFO - [AUDIT] - Action: 0, Confidence: 1.0000, Safety Mode: SAFE_HOLD, Override: Safe hold mode active
2025-05-28 04:02:17,057 - INFO - [AUDIT] - Action: 0, Confidence: 1.0000, Safety Mode: SAFE_HOLD, Override: Safe hold mode active
2025-05-28 04:02:17,058 - INFO - [AUDIT] - Action: 0, Confidence: 1.0000, Safety Mode: SAFE_HOLD, Override: Safe hold mode active
2025-05-28 04:02:17,058 - INFO - [AUDIT] - Action: 0, Confidence: 1.0000, Safety Mode: SAFE_HOLD, Override: Safe hold mode active
2025-05-28 04:02:17,058 - INFO - [AUDIT] - Action: 0, Confidence: 1.0000, Safety Mode: SAFE_HOLD, Override: Safe hold mode active
2025-05-28 04:02:17,058 - INFO - [AUDIT] - Action: 0, Confidence: 1.0000, Safety Mode: SAFE_HOLD, Override: Safe hold mode active
2025-05-28 04:02:17,058 - INFO - [AUDIT] - Action: 0, Confidence: 1.0000, Safety Mode: SAFE_HOLD, Override: Safe hold mode active
2025-05-28 04:02:17,059 - INFO - [AUDIT] - Action: 0, Confidence: 1.0000, Safety Mode: SAFE_HOLD, Override: Safe hold mode active
2025-05-28 04:02:17,059 - INFO - [AUDIT] - Action: 0, Confidence: 1.0000, Safety Mode: SAFE_HOLD, Override: Safe hold mode active
2025-05-28 04:02:17,059 - INFO - [AUDIT] - Action: 0, Confidence: 1.0000, Safety Mode: SAFE_HOLD, Override: Safe hold mode active
2025-05-28 04:02:17,059 - INFO - [AUDIT] - Action: 0, Confidence: 1.0000, Safety Mode: SAFE_HOLD, Override: Safe hold mode active
2025-05-28 04:02:17,060 - INFO - [AUDIT] - Action: 0, Confidence: 1.0000, Safety Mode: SAFE_HOLD, Override: Safe hold mode active
2025-05-28 04:02:17,060 - INFO - [AUDIT] - Action: 0, Confidence: 1.0000, Safety Mode: SAFE_HOLD, Override: Safe hold mode active
2025-05-28 04:02:17,060 - INFO - [AUDIT] - Action: 0, Confidence: 1.0000, Safety Mode: SAFE_HOLD, Override: Safe hold mode active
2025-05-28 04:02:17,060 - INFO - [AUDIT] - Action: 0, Confidence: 1.0000, Safety Mode: SAFE_HOLD, Override: Safe hold mode active
2025-05-28 04:02:17,061 - INFO - [AUDIT] - Action: 0, Confidence: 1.0000, Safety Mode: SAFE_HOLD, Override: Safe hold mode active
2025-05-28 04:02:17,061 - INFO - [AUDIT] - Action: 0, Confidence: 1.0000, Safety Mode: SAFE_HOLD, Override: Safe hold mode active
2025-05-28 04:02:17,061 - INFO - [AUDIT] - Action: 0, Confidence: 1.0000, Safety Mode: SAFE_HOLD, Override: Safe hold mode active
2025-05-28 04:02:17,061 - INFO - [AUDIT] - Action: 0, Confidence: 1.0000, Safety Mode: SAFE_HOLD, Override: Safe hold mode active
2025-05-28 04:02:17,062 - INFO - [AUDIT] - Action: 0, Confidence: 1.0000, Safety Mode: SAFE_HOLD, Override: Safe hold mode active
2025-05-28 04:02:17,062 - INFO - [AUDIT] - Action: 0, Confidence: 1.0000, Safety Mode: SAFE_HOLD, Override: Safe hold mode active
2025-05-28 04:02:17,062 - INFO - [AUDIT] - Action: 0, Confidence: 1.0000, Safety Mode: SAFE_HOLD, Override: Safe hold mode active
2025-05-28 04:02:17,062 - INFO - [AUDIT] - Action: 0, Confidence: 1.0000, Safety Mode: SAFE_HOLD, Override: Safe hold mode active
2025-05-28 04:02:17,062 - INFO - [AUDIT] - Action: 0, Confidence: 1.0000, Safety Mode: SAFE_HOLD, Override: Safe hold mode active
2025-05-28 04:02:17,063 - INFO - [AUDIT] - Action: 0, Confidence: 1.0000, Safety Mode: SAFE_HOLD, Override: Safe hold mode active
2025-05-28 04:02:17,063 - INFO - [AUDIT] - Action: 0, Confidence: 1.0000, Safety Mode: SAFE_HOLD, Override: Safe hold mode active
2025-05-28 04:02:17,063 - INFO - [AUDIT] - Action: 0, Confidence: 1.0000, Safety Mode: SAFE_HOLD, Override: Safe hold mode active
2025-05-28 04:02:17,063 - INFO - [AUDIT] - Action: 0, Confidence: 1.0000, Safety Mode: SAFE_HOLD, Override: Safe hold mode active
2025-05-28 04:02:17,063 - INFO - [AUDIT] - Action: 0, Confidence: 1.0000, Safety Mode: SAFE_HOLD, Override: Safe hold mode active
2025-05-28 04:02:17,064 - INFO - [AUDIT] - Action: 0, Confidence: 1.0000, Safety Mode: SAFE_HOLD, Override: Safe hold mode active
2025-05-28 04:02:17,064 - INFO - [AUDIT] - Action: 0, Confidence: 1.0000, Safety Mode: SAFE_HOLD, Override: Safe hold mode active
2025-05-28 04:02:17,064 - INFO - [AUDIT] - Action: 0, Confidence: 1.0000, Safety Mode: SAFE_HOLD, Override: Safe hold mode active
2025-05-28 04:02:17,064 - INFO - [AUDIT] - Action: 0, Confidence: 1.0000, Safety Mode: SAFE_HOLD, Override: Safe hold mode active
2025-05-28 04:02:17,064 - INFO - [AUDIT] - Action: 0, Confidence: 1.0000, Safety Mode: SAFE_HOLD, Override: Safe hold mode active
2025-05-28 04:02:17,064 - INFO - [AUDIT] - Action: 0, Confidence: 1.0000, Safety Mode: SAFE_HOLD, Override: Safe hold mode active
2025-05-28 04:02:17,065 - INFO - [AUDIT] - Action: 0, Confidence: 1.0000, Safety Mode: SAFE_HOLD, Override: Safe hold mode active
2025-05-28 04:02:17,065 - INFO - [AUDIT] - Action: 0, Confidence: 1.0000, Safety Mode: SAFE_HOLD, Override: Safe hold mode active
2025-05-28 04:02:17,065 - INFO - [AUDIT] - Action: 0, Confidence: 1.0000, Safety Mode: SAFE_HOLD, Override: Safe hold mode active
2025-05-28 04:02:17,065 - INFO - [AUDIT] - Action: 0, Confidence: 1.0000, Safety Mode: SAFE_HOLD, Override: Safe hold mode active
2025-05-28 04:02:17,065 - INFO - [AUDIT] - Action: 0, Confidence: 1.0000, Safety Mode: SAFE_HOLD, Override: Safe hold mode active
2025-05-28 04:02:17,066 - INFO - [AUDIT] - Action: 0, Confidence: 1.0000, Safety Mode: SAFE_HOLD, Override: Safe hold mode active
2025-05-28 04:02:17,066 - INFO - [AUDIT] - Action: 0, Confidence: 1.0000, Safety Mode: SAFE_HOLD, Override: Safe hold mode active
2025-05-28 04:02:17,066 - INFO - [AUDIT] - Action: 0, Confidence: 1.0000, Safety Mode: SAFE_HOLD, Override: Safe hold mode active
2025-05-28 04:02:17,066 - INFO - [AUDIT] - Action: 0, Confidence: 1.0000, Safety Mode: SAFE_HOLD, Override: Safe hold mode active
2025-05-28 04:02:17,066 - INFO - [AUDIT] - Action: 0, Confidence: 1.0000, Safety Mode: SAFE_HOLD, Override: Safe hold mode active
2025-05-28 04:02:17,067 - INFO - [AUDIT] - Action: 0, Confidence: 1.0000, Safety Mode: SAFE_HOLD, Override: Safe hold mode active
2025-05-28 04:02:17,067 - INFO - [AUDIT] - Action: 0, Confidence: 1.0000, Safety Mode: SAFE_HOLD, Override: Safe hold mode active
2025-05-28 04:02:17,067 - INFO - [AUDIT] - Action: 0, Confidence: 1.0000, Safety Mode: SAFE_HOLD, Override: Safe hold mode active
2025-05-28 04:02:17,067 - INFO - [AUDIT] - Action: 0, Confidence: 1.0000, Safety Mode: SAFE_HOLD, Override: Safe hold mode active
2025-05-28 04:02:17,068 - INFO - [AUDIT] - Action: 0, Confidence: 1.0000, Safety Mode: SAFE_HOLD, Override: Safe hold mode active
2025-05-28 04:02:17,068 - INFO - [AUDIT] - Action: 0, Confidence: 1.0000, Safety Mode: SAFE_HOLD, Override: Safe hold mode active
2025-05-28 04:02:17,068 - INFO - [AUDIT] - Action: 0, Confidence: 1.0000, Safety Mode: SAFE_HOLD, Override: Safe hold mode active
2025-05-28 04:02:17,068 - INFO - [AUDIT] - Action: 0, Confidence: 1.0000, Safety Mode: SAFE_HOLD, Override: Safe hold mode active
2025-05-28 04:02:17,068 - INFO - [AUDIT] - Action: 0, Confidence: 1.0000, Safety Mode: SAFE_HOLD, Override: Safe hold mode active
2025-05-28 04:02:17,069 - INFO - [AUDIT] - Action: 0, Confidence: 1.0000, Safety Mode: SAFE_HOLD, Override: Safe hold mode active
2025-05-28 04:02:17,069 - INFO - [AUDIT] - Action: 0, Confidence: 1.0000, Safety Mode: SAFE_HOLD, Override: Safe hold mode active
2025-05-28 04:02:17,069 - INFO - [AUDIT] - Action: 0, Confidence: 1.0000, Safety Mode: SAFE_HOLD, Override: Safe hold mode active
2025-05-28 04:02:17,069 - INFO - [AUDIT] - Action: 0, Confidence: 1.0000, Safety Mode: SAFE_HOLD, Override: Safe hold mode active
2025-05-28 04:02:17,069 - INFO - [AUDIT] - Action: 0, Confidence: 1.0000, Safety Mode: SAFE_HOLD, Override: Safe hold mode active
2025-05-28 04:02:17,070 - INFO - [AUDIT] - Action: 0, Confidence: 1.0000, Safety Mode: SAFE_HOLD, Override: Safe hold mode active
2025-05-28 04:02:17,070 - INFO - [AUDIT] - Action: 0, Confidence: 1.0000, Safety Mode: SAFE_HOLD, Override: Safe hold mode active
2025-05-28 04:02:17,070 - INFO - [AUDIT] - Action: 0, Confidence: 1.0000, Safety Mode: SAFE_HOLD, Override: Safe hold mode active
2025-05-28 04:02:17,070 - INFO - [AUDIT] - Action: 0, Confidence: 1.0000, Safety Mode: SAFE_HOLD, Override: Safe hold mode active
2025-05-28 04:02:17,070 - INFO - [AUDIT] - Action: 0, Confidence: 1.0000, Safety Mode: SAFE_HOLD, Override: Safe hold mode active
2025-05-28 04:02:17,071 - INFO - [AUDIT] - Action: 0, Confidence: 1.0000, Safety Mode: SAFE_HOLD, Override: Safe hold mode active
2025-05-28 04:02:17,071 - INFO - [AUDIT] - Action: 0, Confidence: 1.0000, Safety Mode: SAFE_HOLD, Override: Safe hold mode active
2025-05-28 04:02:17,071 - INFO - [AUDIT] - Action: 0, Confidence: 1.0000, Safety Mode: SAFE_HOLD, Override: Safe hold mode active
2025-05-28 04:02:17,071 - INFO - [AUDIT] - Action: 0, Confidence: 1.0000, Safety Mode: SAFE_HOLD, Override: Safe hold mode active
2025-05-28 04:02:17,072 - INFO - [AUDIT] - Action: 0, Confidence: 1.0000, Safety Mode: SAFE_HOLD, Override: Safe hold mode active
2025-05-28 04:02:17,072 - INFO - [AUDIT] - Action: 0, Confidence: 1.0000, Safety Mode: SAFE_HOLD, Override: Safe hold mode active
2025-05-28 04:02:17,072 - INFO - [AUDIT] - Action: 0, Confidence: 1.0000, Safety Mode: SAFE_HOLD, Override: Safe hold mode active
2025-05-28 04:02:17,072 - INFO - [AUDIT] - Action: 0, Confidence: 1.0000, Safety Mode: SAFE_HOLD, Override: Safe hold mode active
2025-05-28 04:02:17,072 - INFO - [AUDIT] - Action: 0, Confidence: 1.0000, Safety Mode: SAFE_HOLD, Override: Safe hold mode active
2025-05-28 04:02:17,073 - INFO - [AUDIT] - Action: 0, Confidence: 1.0000, Safety Mode: SAFE_HOLD, Override: Safe hold mode active
2025-05-28 04:02:17,073 - INFO - [AUDIT] - Action: 0, Confidence: 1.0000, Safety Mode: SAFE_HOLD, Override: Safe hold mode active
2025-05-28 04:02:17,073 - INFO - [AUDIT] - Action: 0, Confidence: 1.0000, Safety Mode: SAFE_HOLD, Override: Safe hold mode active
2025-05-28 04:02:17,073 - INFO - [AUDIT] - Action: 0, Confidence: 1.0000, Safety Mode: SAFE_HOLD, Override: Safe hold mode active
2025-05-28 04:02:17,073 - INFO - [AUDIT] - Action: 0, Confidence: 1.0000, Safety Mode: SAFE_HOLD, Override: Safe hold mode active
2025-05-28 04:02:17,074 - INFO - [AUDIT] - Action: 0, Confidence: 1.0000, Safety Mode: SAFE_HOLD, Override: Safe hold mode active
2025-05-28 04:02:17,074 - INFO - [AUDIT] - Action: 0, Confidence: 1.0000, Safety Mode: SAFE_HOLD, Override: Safe hold mode active
2025-05-28 04:02:17,074 - INFO - [AUDIT] - Action: 0, Confidence: 1.0000, Safety Mode: SAFE_HOLD, Override: Safe hold mode active
2025-05-28 04:02:17,074 - INFO - [AUDIT] - Action: 0, Confidence: 1.0000, Safety Mode: SAFE_HOLD, Override: Safe hold mode active
2025-05-28 04:02:17,074 - INFO - [AUDIT] - Action: 0, Confidence: 1.0000, Safety Mode: SAFE_HOLD, Override: Safe hold mode active
2025-05-28 04:02:17,074 - INFO - [AUDIT] - Action: 0, Confidence: 1.0000, Safety Mode: SAFE_HOLD, Override: Safe hold mode active
2025-05-28 04:02:17,075 - INFO - [AUDIT] - Action: 0, Confidence: 1.0000, Safety Mode: SAFE_HOLD, Override: Safe hold mode active
2025-05-28 04:02:17,075 - INFO - [AUDIT] - Action: 0, Confidence: 1.0000, Safety Mode: SAFE_HOLD, Override: Safe hold mode active
2025-05-28 04:02:17,075 - INFO - [AUDIT] - Action: 0, Confidence: 1.0000, Safety Mode: SAFE_HOLD, Override: Safe hold mode active
2025-05-28 04:02:17,075 - INFO - [AUDIT] - Action: 0, Confidence: 1.0000, Safety Mode: SAFE_HOLD, Override: Safe hold mode active
2025-05-28 04:02:17,075 - INFO - [AUDIT] - Action: 0, Confidence: 1.0000, Safety Mode: SAFE_HOLD, Override: Safe hold mode active
2025-05-28 04:02:17,076 - INFO - [AUDIT] - Action: 0, Confidence: 1.0000, Safety Mode: SAFE_HOLD, Override: Safe hold mode active
2025-05-28 04:02:17,076 - INFO - [AUDIT] - Action: 0, Confidence: 1.0000, Safety Mode: SAFE_HOLD, Override: Safe hold mode active
2025-05-28 04:02:17,076 - INFO - [AUDIT] - Action: 0, Confidence: 1.0000, Safety Mode: SAFE_HOLD, Override: Safe hold mode active
2025-05-28 04:02:17,076 - INFO - [AUDIT] - Action: 0, Confidence: 1.0000, Safety Mode: SAFE_HOLD, Override: Safe hold mode active
2025-05-28 04:02:17,076 - INFO - [AUDIT] - Action: 0, Confidence: 1.0000, Safety Mode: SAFE_HOLD, Override: Safe hold mode active
2025-05-28 04:02:17,077 - INFO - [AUDIT] - Action: 0, Confidence: 1.0000, Safety Mode: SAFE_HOLD, Override: Safe hold mode active
2025-05-28 04:02:17,077 - INFO - [AUDIT] - Action: 0, Confidence: 1.0000, Safety Mode: SAFE_HOLD, Override: Safe hold mode active
2025-05-28 04:02:17,077 - INFO - [AUDIT] - Action: 0, Confidence: 1.0000, Safety Mode: SAFE_HOLD, Override: Safe hold mode active
2025-05-28 04:02:17,077 - INFO - [AUDIT] - Action: 0, Confidence: 1.0000, Safety Mode: SAFE_HOLD, Override: Safe hold mode active
2025-05-28 04:02:17,077 - INFO - [AUDIT] - Action: 0, Confidence: 1.0000, Safety Mode: SAFE_HOLD, Override: Safe hold mode active
2025-05-28 04:02:17,078 - INFO - [AUDIT] - Action: 0, Confidence: 1.0000, Safety Mode: SAFE_HOLD, Override: Safe hold mode active
2025-05-28 04:02:17,078 - INFO - [AUDIT] - Action: 0, Confidence: 1.0000, Safety Mode: SAFE_HOLD, Override: Safe hold mode active
2025-05-28 04:02:17,078 - INFO - [AUDIT] - Action: 0, Confidence: 1.0000, Safety Mode: SAFE_HOLD, Override: Safe hold mode active
2025-05-28 04:02:17,078 - INFO - [AUDIT] - Action: 0, Confidence: 1.0000, Safety Mode: SAFE_HOLD, Override: Safe hold mode active
2025-05-28 04:02:17,078 - INFO - [AUDIT] - Action: 0, Confidence: 1.0000, Safety Mode: SAFE_HOLD, Override: Safe hold mode active
2025-05-28 04:02:17,079 - INFO - [AUDIT] - Action: 0, Confidence: 1.0000, Safety Mode: SAFE_HOLD, Override: Safe hold mode active
2025-05-28 04:02:17,079 - INFO - [AUDIT] - Action: 0, Confidence: 1.0000, Safety Mode: SAFE_HOLD, Override: Safe hold mode active
2025-05-28 04:02:17,079 - INFO - [AUDIT] - Action: 0, Confidence: 1.0000, Safety Mode: SAFE_HOLD, Override: Safe hold mode active
2025-05-28 04:02:17,079 - INFO - [AUDIT] - Action: 0, Confidence: 1.0000, Safety Mode: SAFE_HOLD, Override: Safe hold mode active
2025-05-28 04:02:17,079 - INFO - [AUDIT] - Action: 0, Confidence: 1.0000, Safety Mode: SAFE_HOLD, Override: Safe hold mode active
2025-05-28 04:02:17,079 - INFO - [AUDIT] - Action: 0, Confidence: 1.0000, Safety Mode: SAFE_HOLD, Override: Safe hold mode active
2025-05-28 04:02:17,080 - INFO - [AUDIT] - Action: 0, Confidence: 1.0000, Safety Mode: SAFE_HOLD, Override: Safe hold mode active
2025-05-28 04:02:17,080 - INFO - [AUDIT] - Action: 0, Confidence: 1.0000, Safety Mode: SAFE_HOLD, Override: Safe hold mode active
2025-05-28 04:02:17,080 - INFO - [AUDIT] - Action: 0, Confidence: 1.0000, Safety Mode: SAFE_HOLD, Override: Safe hold mode active
2025-05-28 04:02:17,080 - INFO - [AUDIT] - Action: 0, Confidence: 1.0000, Safety Mode: SAFE_HOLD, Override: Safe hold mode active
2025-05-28 04:02:17,080 - INFO - [AUDIT] - Action: 0, Confidence: 1.0000, Safety Mode: SAFE_HOLD, Override: Safe hold mode active
2025-05-28 04:02:17,081 - INFO - [AUDIT] - Action: 0, Confidence: 1.0000, Safety Mode: SAFE_HOLD, Override: Safe hold mode active
2025-05-28 04:02:17,081 - INFO - [AUDIT] - Action: 0, Confidence: 1.0000, Safety Mode: SAFE_HOLD, Override: Safe hold mode active
2025-05-28 04:02:17,081 - INFO - [AUDIT] - Action: 0, Confidence: 1.0000, Safety Mode: SAFE_HOLD, Override: Safe hold mode active
2025-05-28 04:02:17,081 - INFO - [AUDIT] - Action: 0, Confidence: 1.0000, Safety Mode: SAFE_HOLD, Override: Safe hold mode active
2025-05-28 04:02:17,081 - INFO - [AUDIT] - Action: 0, Confidence: 1.0000, Safety Mode: SAFE_HOLD, Override: Safe hold mode active
2025-05-28 04:02:17,082 - INFO - [AUDIT] - Action: 0, Confidence: 1.0000, Safety Mode: SAFE_HOLD, Override: Safe hold mode active
2025-05-28 04:02:17,082 - INFO - [AUDIT] - Action: 0, Confidence: 1.0000, Safety Mode: SAFE_HOLD, Override: Safe hold mode active
2025-05-28 04:02:17,082 - INFO - [AUDIT] - Action: 0, Confidence: 1.0000, Safety Mode: SAFE_HOLD, Override: Safe hold mode active
2025-05-28 04:02:17,082 - INFO - [AUDIT] - Action: 0, Confidence: 1.0000, Safety Mode: SAFE_HOLD, Override: Safe hold mode active
2025-05-28 04:02:17,082 - INFO - [AUDIT] - Action: 0, Confidence: 1.0000, Safety Mode: SAFE_HOLD, Override: Safe hold mode active
2025-05-28 04:02:17,083 - INFO - [AUDIT] - Action: 0, Confidence: 1.0000, Safety Mode: SAFE_HOLD, Override: Safe hold mode active
2025-05-28 04:02:17,083 - INFO - [AUDIT] - Action: 0, Confidence: 1.0000, Safety Mode: SAFE_HOLD, Override: Safe hold mode active
2025-05-28 04:02:17,083 - INFO - [AUDIT] - Action: 0, Confidence: 1.0000, Safety Mode: SAFE_HOLD, Override: Safe hold mode active
2025-05-28 04:02:17,083 - INFO - [AUDIT] - Action: 0, Confidence: 1.0000, Safety Mode: SAFE_HOLD, Override: Safe hold mode active
2025-05-28 04:02:17,083 - INFO - [AUDIT] - Action: 0, Confidence: 1.0000, Safety Mode: SAFE_HOLD, Override: Safe hold mode active
2025-05-28 04:02:17,084 - INFO - [AUDIT] - Action: 0, Confidence: 1.0000, Safety Mode: SAFE_HOLD, Override: Safe hold mode active
2025-05-28 04:02:17,084 - INFO - [AUDIT] - Action: 0, Confidence: 1.0000, Safety Mode: SAFE_HOLD, Override: Safe hold mode active
2025-05-28 04:02:17,084 - INFO - [AUDIT] - Action: 0, Confidence: 1.0000, Safety Mode: SAFE_HOLD, Override: Safe hold mode active
2025-05-28 04:02:17,084 - INFO - [AUDIT] - Action: 0, Confidence: 1.0000, Safety Mode: SAFE_HOLD, Override: Safe hold mode active
2025-05-28 04:02:17,084 - INFO - [AUDIT] - Action: 0, Confidence: 1.0000, Safety Mode: SAFE_HOLD, Override: Safe hold mode active
2025-05-28 04:02:17,085 - INFO - [AUDIT] - Action: 0, Confidence: 1.0000, Safety Mode: SAFE_HOLD, Override: Safe hold mode active
2025-05-28 04:02:17,085 - INFO - [AUDIT] - Action: 0, Confidence: 1.0000, Safety Mode: SAFE_HOLD, Override: Safe hold mode active
2025-05-28 04:02:17,085 - INFO - [AUDIT] - Action: 0, Confidence: 1.0000, Safety Mode: SAFE_HOLD, Override: Safe hold mode active
2025-05-28 04:02:17,085 - INFO - [AUDIT] - Action: 0, Confidence: 1.0000, Safety Mode: SAFE_HOLD, Override: Safe hold mode active
2025-05-28 04:02:17,085 - INFO - [AUDIT] - Action: 0, Confidence: 1.0000, Safety Mode: SAFE_HOLD, Override: Safe hold mode active
2025-05-28 04:02:17,086 - INFO - [AUDIT] - Action: 0, Confidence: 1.0000, Safety Mode: SAFE_HOLD, Override: Safe hold mode active
2025-05-28 04:02:17,086 - INFO - [AUDIT] - Action: 0, Confidence: 1.0000, Safety Mode: SAFE_HOLD, Override: Safe hold mode active
2025-05-28 04:02:17,086 - INFO - [AUDIT] - Action: 0, Confidence: 1.0000, Safety Mode: SAFE_HOLD, Override: Safe hold mode active
2025-05-28 04:02:17,086 - INFO - [AUDIT] - Action: 0, Confidence: 1.0000, Safety Mode: SAFE_HOLD, Override: Safe hold mode active
2025-05-28 04:02:17,086 - INFO - [AUDIT] - Action: 0, Confidence: 1.0000, Safety Mode: SAFE_HOLD, Override: Safe hold mode active
2025-05-28 04:02:17,087 - INFO - [AUDIT] - Action: 0, Confidence: 1.0000, Safety Mode: SAFE_HOLD, Override: Safe hold mode active
2025-05-28 04:02:17,087 - INFO - [AUDIT] - Action: 0, Confidence: 1.0000, Safety Mode: SAFE_HOLD, Override: Safe hold mode active
2025-05-28 04:02:17,087 - INFO - [AUDIT] - Action: 0, Confidence: 1.0000, Safety Mode: SAFE_HOLD, Override: Safe hold mode active
2025-05-28 04:02:17,087 - INFO - [AUDIT] - Action: 0, Confidence: 1.0000, Safety Mode: SAFE_HOLD, Override: Safe hold mode active
2025-05-28 04:02:17,087 - INFO - [AUDIT] - Action: 0, Confidence: 1.0000, Safety Mode: SAFE_HOLD, Override: Safe hold mode active
2025-05-28 04:02:17,088 - INFO - [AUDIT] - Action: 0, Confidence: 1.0000, Safety Mode: SAFE_HOLD, Override: Safe hold mode active
2025-05-28 04:02:17,088 - INFO - [AUDIT] - Action: 0, Confidence: 1.0000, Safety Mode: SAFE_HOLD, Override: Safe hold mode active
2025-05-28 04:02:17,088 - INFO - [AUDIT] - Action: 0, Confidence: 1.0000, Safety Mode: SAFE_HOLD, Override: Safe hold mode active
2025-05-28 04:02:17,088 - INFO - [AUDIT] - Action: 0, Confidence: 1.0000, Safety Mode: SAFE_HOLD, Override: Safe hold mode active
2025-05-28 04:02:17,088 - INFO - [AUDIT] - Action: 0, Confidence: 1.0000, Safety Mode: SAFE_HOLD, Override: Safe hold mode active
2025-05-28 04:02:17,089 - INFO - [AUDIT] - Action: 0, Confidence: 1.0000, Safety Mode: SAFE_HOLD, Override: Safe hold mode active
2025-05-28 04:02:17,089 - INFO - [AUDIT] - Action: 0, Confidence: 1.0000, Safety Mode: SAFE_HOLD, Override: Safe hold mode active
2025-05-28 04:02:17,089 - INFO - [AUDIT] - Action: 0, Confidence: 1.0000, Safety Mode: SAFE_HOLD, Override: Safe hold mode active
2025-05-28 04:02:17,089 - INFO - [AUDIT] - Action: 0, Confidence: 1.0000, Safety Mode: SAFE_HOLD, Override: Safe hold mode active
2025-05-28 04:02:17,089 - INFO - [AUDIT] - Action: 0, Confidence: 1.0000, Safety Mode: SAFE_HOLD, Override: Safe hold mode active
2025-05-28 04:02:17,089 - INFO - [AUDIT] - Action: 0, Confidence: 1.0000, Safety Mode: SAFE_HOLD, Override: Safe hold mode active
2025-05-28 04:02:17,090 - INFO - [AUDIT] - Action: 0, Confidence: 1.0000, Safety Mode: SAFE_HOLD, Override: Safe hold mode active
2025-05-28 04:02:17,090 - INFO - [AUDIT] - Action: 0, Confidence: 1.0000, Safety Mode: SAFE_HOLD, Override: Safe hold mode active
2025-05-28 04:02:17,090 - INFO - [AUDIT] - Action: 0, Confidence: 1.0000, Safety Mode: SAFE_HOLD, Override: Safe hold mode active
2025-05-28 04:02:17,090 - INFO - [AUDIT] - Action: 0, Confidence: 1.0000, Safety Mode: SAFE_HOLD, Override: Safe hold mode active
2025-05-28 04:02:17,090 - INFO - [AUDIT] - Action: 0, Confidence: 1.0000, Safety Mode: SAFE_HOLD, Override: Safe hold mode active
2025-05-28 04:02:17,091 - INFO - [AUDIT] - Action: 0, Confidence: 1.0000, Safety Mode: SAFE_HOLD, Override: Safe hold mode active
2025-05-28 04:02:17,091 - INFO - [AUDIT] - Action: 0, Confidence: 1.0000, Safety Mode: SAFE_HOLD, Override: Safe hold mode active
2025-05-28 04:02:17,091 - INFO - [AUDIT] - Action: 0, Confidence: 1.0000, Safety Mode: SAFE_HOLD, Override: Safe hold mode active
2025-05-28 04:02:17,091 - INFO - [AUDIT] - Action: 0, Confidence: 1.0000, Safety Mode: SAFE_HOLD, Override: Safe hold mode active
2025-05-28 04:02:17,091 - INFO - [AUDIT] - Action: 0, Confidence: 1.0000, Safety Mode: SAFE_HOLD, Override: Safe hold mode active
2025-05-28 04:02:17,092 - INFO - [AUDIT] - Action: 0, Confidence: 1.0000, Safety Mode: SAFE_HOLD, Override: Safe hold mode active
2025-05-28 04:02:17,092 - INFO - [AUDIT] - Action: 0, Confidence: 1.0000, Safety Mode: SAFE_HOLD, Override: Safe hold mode active
2025-05-28 04:02:17,092 - INFO - [AUDIT] - Action: 0, Confidence: 1.0000, Safety Mode: SAFE_HOLD, Override: Safe hold mode active
2025-05-28 04:02:17,092 - INFO - [AUDIT] - Action: 0, Confidence: 1.0000, Safety Mode: SAFE_HOLD, Override: Safe hold mode active
2025-05-28 04:02:17,092 - INFO - [AUDIT] - Action: 0, Confidence: 1.0000, Safety Mode: SAFE_HOLD, Override: Safe hold mode active
2025-05-28 04:02:17,093 - INFO - [AUDIT] - Action: 0, Confidence: 1.0000, Safety Mode: SAFE_HOLD, Override: Safe hold mode active
2025-05-28 04:02:17,093 - INFO - [AUDIT] - Action: 0, Confidence: 1.0000, Safety Mode: SAFE_HOLD, Override: Safe hold mode active
2025-05-28 04:02:17,093 - INFO - [AUDIT] - Action: 0, Confidence: 1.0000, Safety Mode: SAFE_HOLD, Override: Safe hold mode active
2025-05-28 04:02:17,093 - INFO - [AUDIT] - Action: 0, Confidence: 1.0000, Safety Mode: SAFE_HOLD, Override: Safe hold mode active
2025-05-28 04:02:17,093 - INFO - [AUDIT] - Action: 0, Confidence: 1.0000, Safety Mode: SAFE_HOLD, Override: Safe hold mode active
2025-05-28 04:02:17,094 - INFO - [AUDIT] - Action: 0, Confidence: 1.0000, Safety Mode: SAFE_HOLD, Override: Safe hold mode active
2025-05-28 04:02:17,094 - INFO - [AUDIT] - Action: 0, Confidence: 1.0000, Safety Mode: SAFE_HOLD, Override: Safe hold mode active
2025-05-28 04:02:17,094 - INFO - [AUDIT] - Action: 0, Confidence: 1.0000, Safety Mode: SAFE_HOLD, Override: Safe hold mode active
2025-05-28 04:02:17,094 - INFO - [AUDIT] - Action: 0, Confidence: 1.0000, Safety Mode: SAFE_HOLD, Override: Safe hold mode active
2025-05-28 04:02:17,094 - INFO - [AUDIT] - Action: 0, Confidence: 1.0000, Safety Mode: SAFE_HOLD, Override: Safe hold mode active
2025-05-28 04:02:17,095 - INFO - [AUDIT] - Action: 0, Confidence: 1.0000, Safety Mode: SAFE_HOLD, Override: Safe hold mode active
2025-05-28 04:02:17,095 - INFO - [AUDIT] - Action: 0, Confidence: 1.0000, Safety Mode: SAFE_HOLD, Override: Safe hold mode active
2025-05-28 04:02:17,095 - INFO - [AUDIT] - Action: 0, Confidence: 1.0000, Safety Mode: SAFE_HOLD, Override: Safe hold mode active
2025-05-28 04:02:17,095 - INFO - [AUDIT] - Action: 0, Confidence: 1.0000, Safety Mode: SAFE_HOLD, Override: Safe hold mode active
2025-05-28 04:02:17,095 - INFO - [AUDIT] - Action: 0, Confidence: 1.0000, Safety Mode: SAFE_HOLD, Override: Safe hold mode active
2025-05-28 04:02:17,095 - INFO - [AUDIT] - Action: 0, Confidence: 1.0000, Safety Mode: SAFE_HOLD, Override: Safe hold mode active
2025-05-28 04:02:17,096 - INFO - [AUDIT] - Action: 0, Confidence: 1.0000, Safety Mode: SAFE_HOLD, Override: Safe hold mode active
2025-05-28 04:02:17,096 - INFO - [AUDIT] - Action: 0, Confidence: 1.0000, Safety Mode: SAFE_HOLD, Override: Safe hold mode active
2025-05-28 04:02:17,096 - INFO - [AUDIT] - Action: 0, Confidence: 1.0000, Safety Mode: SAFE_HOLD, Override: Safe hold mode active
2025-05-28 04:02:17,096 - INFO - [AUDIT] - Action: 0, Confidence: 1.0000, Safety Mode: SAFE_HOLD, Override: Safe hold mode active
2025-05-28 04:02:17,096 - INFO - [AUDIT] - Action: 0, Confidence: 1.0000, Safety Mode: SAFE_HOLD, Override: Safe hold mode active
2025-05-28 04:02:17,097 - INFO - [AUDIT] - Action: 0, Confidence: 1.0000, Safety Mode: SAFE_HOLD, Override: Safe hold mode active
2025-05-28 04:02:17,097 - INFO - [AUDIT] - Action: 0, Confidence: 1.0000, Safety Mode: SAFE_HOLD, Override: Safe hold mode active
2025-05-28 04:02:17,097 - INFO - [AUDIT] - Action: 0, Confidence: 1.0000, Safety Mode: SAFE_HOLD, Override: Safe hold mode active
2025-05-28 04:02:17,097 - INFO - [AUDIT] - Action: 0, Confidence: 1.0000, Safety Mode: SAFE_HOLD, Override: Safe hold mode active
2025-05-28 04:02:17,098 - INFO - [AUDIT] - Action: 0, Confidence: 1.0000, Safety Mode: SAFE_HOLD, Override: Safe hold mode active
2025-05-28 04:02:17,098 - INFO - [AUDIT] - Action: 0, Confidence: 1.0000, Safety Mode: SAFE_HOLD, Override: Safe hold mode active
2025-05-28 04:02:17,098 - INFO - [AUDIT] - Action: 0, Confidence: 1.0000, Safety Mode: SAFE_HOLD, Override: Safe hold mode active
2025-05-28 04:02:17,098 - INFO - [AUDIT] - Action: 0, Confidence: 1.0000, Safety Mode: SAFE_HOLD, Override: Safe hold mode active
2025-05-28 04:02:17,098 - INFO - [AUDIT] - Action: 0, Confidence: 1.0000, Safety Mode: SAFE_HOLD, Override: Safe hold mode active
2025-05-28 04:02:17,099 - INFO - [AUDIT] - Action: 0, Confidence: 1.0000, Safety Mode: SAFE_HOLD, Override: Safe hold mode active
2025-05-28 04:02:17,099 - INFO - [AUDIT] - Action: 0, Confidence: 1.0000, Safety Mode: SAFE_HOLD, Override: Safe hold mode active
2025-05-28 04:02:17,099 - INFO - [AUDIT] - Action: 0, Confidence: 1.0000, Safety Mode: SAFE_HOLD, Override: Safe hold mode active
2025-05-28 04:02:17,099 - INFO - [AUDIT] - Action: 0, Confidence: 1.0000, Safety Mode: SAFE_HOLD, Override: Safe hold mode active
2025-05-28 04:02:17,099 - INFO - [AUDIT] - Action: 0, Confidence: 1.0000, Safety Mode: SAFE_HOLD, Override: Safe hold mode active
2025-05-28 04:02:17,100 - INFO - [AUDIT] - Action: 0, Confidence: 1.0000, Safety Mode: SAFE_HOLD, Override: Safe hold mode active
2025-05-28 04:02:17,100 - INFO - [AUDIT] - Action: 0, Confidence: 1.0000, Safety Mode: SAFE_HOLD, Override: Safe hold mode active
2025-05-28 04:02:17,100 - INFO - [AUDIT] - Action: 0, Confidence: 1.0000, Safety Mode: SAFE_HOLD, Override: Safe hold mode active
2025-05-28 04:02:17,100 - INFO - [AUDIT] - Action: 0, Confidence: 1.0000, Safety Mode: SAFE_HOLD, Override: Safe hold mode active
2025-05-28 04:02:17,100 - INFO - [AUDIT] - Action: 0, Confidence: 1.0000, Safety Mode: SAFE_HOLD, Override: Safe hold mode active
2025-05-28 04:02:17,101 - INFO - [AUDIT] - Action: 0, Confidence: 1.0000, Safety Mode: SAFE_HOLD, Override: Safe hold mode active
2025-05-28 04:02:17,101 - INFO - [AUDIT] - Action: 0, Confidence: 1.0000, Safety Mode: SAFE_HOLD, Override: Safe hold mode active
2025-05-28 04:02:17,101 - INFO - [AUDIT] - Action: 0, Confidence: 1.0000, Safety Mode: SAFE_HOLD, Override: Safe hold mode active
2025-05-28 04:02:17,101 - INFO - [AUDIT] - Action: 0, Confidence: 1.0000, Safety Mode: SAFE_HOLD, Override: Safe hold mode active
2025-05-28 04:02:17,101 - INFO - [AUDIT] - Action: 0, Confidence: 1.0000, Safety Mode: SAFE_HOLD, Override: Safe hold mode active
2025-05-28 04:02:17,102 - INFO - [AUDIT] - Action: 0, Confidence: 1.0000, Safety Mode: SAFE_HOLD, Override: Safe hold mode active
2025-05-28 04:02:17,102 - INFO - [AUDIT] - Action: 0, Confidence: 1.0000, Safety Mode: SAFE_HOLD, Override: Safe hold mode active
2025-05-28 04:02:17,102 - INFO - [AUDIT] - Action: 0, Confidence: 1.0000, Safety Mode: SAFE_HOLD, Override: Safe hold mode active
2025-05-28 04:02:17,102 - INFO - [AUDIT] - Action: 0, Confidence: 1.0000, Safety Mode: SAFE_HOLD, Override: Safe hold mode active
2025-05-28 04:02:17,102 - INFO - [AUDIT] - Action: 0, Confidence: 1.0000, Safety Mode: SAFE_HOLD, Override: Safe hold mode active
2025-05-28 04:02:17,103 - INFO - [AUDIT] - Action: 0, Confidence: 1.0000, Safety Mode: SAFE_HOLD, Override: Safe hold mode active
2025-05-28 04:02:17,103 - INFO - [AUDIT] - Action: 0, Confidence: 1.0000, Safety Mode: SAFE_HOLD, Override: Safe hold mode active
2025-05-28 04:02:17,103 - INFO - [AUDIT] - Action: 0, Confidence: 1.0000, Safety Mode: SAFE_HOLD, Override: Safe hold mode active
2025-05-28 04:02:17,103 - INFO - [AUDIT] - Action: 0, Confidence: 1.0000, Safety Mode: SAFE_HOLD, Override: Safe hold mode active
2025-05-28 04:02:17,103 - INFO - [AUDIT] - Action: 0, Confidence: 1.0000, Safety Mode: SAFE_HOLD, Override: Safe hold mode active
2025-05-28 04:02:17,104 - INFO - [AUDIT] - Action: 0, Confidence: 1.0000, Safety Mode: SAFE_HOLD, Override: Safe hold mode active
2025-05-28 04:02:17,104 - INFO - [AUDIT] - Action: 0, Confidence: 1.0000, Safety Mode: SAFE_HOLD, Override: Safe hold mode active
2025-05-28 04:02:17,104 - INFO - [AUDIT] - Action: 0, Confidence: 1.0000, Safety Mode: SAFE_HOLD, Override: Safe hold mode active
2025-05-28 04:02:17,104 - INFO - [AUDIT] - Action: 0, Confidence: 1.0000, Safety Mode: SAFE_HOLD, Override: Safe hold mode active
2025-05-28 04:02:17,104 - INFO - [AUDIT] - Action: 0, Confidence: 1.0000, Safety Mode: SAFE_HOLD, Override: Safe hold mode active
2025-05-28 04:02:17,104 - INFO - [AUDIT] - Action: 0, Confidence: 1.0000, Safety Mode: SAFE_HOLD, Override: Safe hold mode active
2025-05-28 04:02:17,105 - INFO - [AUDIT] - Action: 0, Confidence: 1.0000, Safety Mode: SAFE_HOLD, Override: Safe hold mode active
2025-05-28 04:02:17,105 - INFO - [AUDIT] - Action: 0, Confidence: 1.0000, Safety Mode: SAFE_HOLD, Override: Safe hold mode active
2025-05-28 04:02:17,105 - INFO - [AUDIT] - Action: 0, Confidence: 1.0000, Safety Mode: SAFE_HOLD, Override: Safe hold mode active
2025-05-28 04:02:17,105 - INFO - [AUDIT] - Action: 0, Confidence: 1.0000, Safety Mode: SAFE_HOLD, Override: Safe hold mode active
2025-05-28 04:02:17,106 - INFO - [AUDIT] - Action: 0, Confidence: 1.0000, Safety Mode: SAFE_HOLD, Override: Safe hold mode active
2025-05-28 04:02:17,106 - INFO - [AUDIT] - Action: 0, Confidence: 1.0000, Safety Mode: SAFE_HOLD, Override: Safe hold mode active
2025-05-28 04:02:17,106 - INFO - [AUDIT] - Action: 0, Confidence: 1.0000, Safety Mode: SAFE_HOLD, Override: Safe hold mode active
2025-05-28 04:02:17,106 - INFO - [AUDIT] - Action: 0, Confidence: 1.0000, Safety Mode: SAFE_HOLD, Override: Safe hold mode active
2025-05-28 04:02:17,106 - INFO - [AUDIT] - Action: 0, Confidence: 1.0000, Safety Mode: SAFE_HOLD, Override: Safe hold mode active
2025-05-28 04:02:17,107 - INFO - [AUDIT] - Action: 0, Confidence: 1.0000, Safety Mode: SAFE_HOLD, Override: Safe hold mode active
2025-05-28 04:02:17,107 - INFO - [AUDIT] - Action: 0, Confidence: 1.0000, Safety Mode: SAFE_HOLD, Override: Safe hold mode active
2025-05-28 04:02:17,107 - INFO - [AUDIT] - Action: 0, Confidence: 1.0000, Safety Mode: SAFE_HOLD, Override: Safe hold mode active
2025-05-28 04:02:17,107 - INFO - [AUDIT] - Action: 0, Confidence: 1.0000, Safety Mode: SAFE_HOLD, Override: Safe hold mode active
2025-05-28 04:02:17,107 - INFO - [AUDIT] - Action: 0, Confidence: 1.0000, Safety Mode: SAFE_HOLD, Override: Safe hold mode active
2025-05-28 04:02:17,107 - INFO - [AUDIT] - Action: 0, Confidence: 1.0000, Safety Mode: SAFE_HOLD, Override: Safe hold mode active
2025-05-28 04:02:17,108 - INFO - [AUDIT] - Action: 0, Confidence: 1.0000, Safety Mode: SAFE_HOLD, Override: Safe hold mode active
2025-05-28 04:02:17,108 - INFO - [AUDIT] - Action: 0, Confidence: 1.0000, Safety Mode: SAFE_HOLD, Override: Safe hold mode active
2025-05-28 04:02:17,108 - INFO - [AUDIT] - Action: 0, Confidence: 1.0000, Safety Mode: SAFE_HOLD, Override: Safe hold mode active
2025-05-28 04:02:17,108 - INFO - [AUDIT] - Action: 0, Confidence: 1.0000, Safety Mode: SAFE_HOLD, Override: Safe hold mode active
2025-05-28 04:02:17,108 - INFO - [AUDIT] - Action: 0, Confidence: 1.0000, Safety Mode: SAFE_HOLD, Override: Safe hold mode active
2025-05-28 04:02:17,109 - INFO - [AUDIT] - Action: 0, Confidence: 1.0000, Safety Mode: SAFE_HOLD, Override: Safe hold mode active
2025-05-28 04:02:17,109 - INFO - [AUDIT] - Action: 0, Confidence: 1.0000, Safety Mode: SAFE_HOLD, Override: Safe hold mode active
2025-05-28 04:02:17,109 - INFO - [AUDIT] - Action: 0, Confidence: 1.0000, Safety Mode: SAFE_HOLD, Override: Safe hold mode active
2025-05-28 04:02:17,109 - INFO - [AUDIT] - Action: 0, Confidence: 1.0000, Safety Mode: SAFE_HOLD, Override: Safe hold mode active
2025-05-28 04:02:17,109 - INFO - [AUDIT] - Action: 0, Confidence: 1.0000, Safety Mode: SAFE_HOLD, Override: Safe hold mode active
2025-05-28 04:02:17,110 - INFO - [AUDIT] - Action: 0, Confidence: 1.0000, Safety Mode: SAFE_HOLD, Override: Safe hold mode active
2025-05-28 04:02:17,110 - INFO - [AUDIT] - Action: 0, Confidence: 1.0000, Safety Mode: SAFE_HOLD, Override: Safe hold mode active
2025-05-28 04:02:17,110 - INFO - [AUDIT] - Action: 0, Confidence: 1.0000, Safety Mode: SAFE_HOLD, Override: Safe hold mode active
2025-05-28 04:02:17,110 - INFO - [AUDIT] - Action: 0, Confidence: 1.0000, Safety Mode: SAFE_HOLD, Override: Safe hold mode active
2025-05-28 04:02:17,110 - INFO - [AUDIT] - Action: 0, Confidence: 1.0000, Safety Mode: SAFE_HOLD, Override: Safe hold mode active
2025-05-28 04:02:17,111 - INFO - [AUDIT] - Action: 0, Confidence: 1.0000, Safety Mode: SAFE_HOLD, Override: Safe hold mode active
2025-05-28 04:02:17,111 - INFO - [AUDIT] - Action: 0, Confidence: 1.0000, Safety Mode: SAFE_HOLD, Override: Safe hold mode active
2025-05-28 04:02:17,111 - INFO - [AUDIT] - Action: 0, Confidence: 1.0000, Safety Mode: SAFE_HOLD, Override: Safe hold mode active
2025-05-28 04:02:17,111 - INFO - [AUDIT] - Action: 0, Confidence: 1.0000, Safety Mode: SAFE_HOLD, Override: Safe hold mode active
2025-05-28 04:02:17,111 - INFO - [AUDIT] - Action: 0, Confidence: 1.0000, Safety Mode: SAFE_HOLD, Override: Safe hold mode active
2025-05-28 04:02:17,112 - INFO - [AUDIT] - Action: 0, Confidence: 1.0000, Safety Mode: SAFE_HOLD, Override: Safe hold mode active
2025-05-28 04:02:17,112 - INFO - [AUDIT] - Action: 0, Confidence: 1.0000, Safety Mode: SAFE_HOLD, Override: Safe hold mode active
2025-05-28 04:02:17,112 - INFO - [AUDIT] - Action: 0, Confidence: 1.0000, Safety Mode: SAFE_HOLD, Override: Safe hold mode active
2025-05-28 04:02:17,112 - INFO - [AUDIT] - Action: 0, Confidence: 1.0000, Safety Mode: SAFE_HOLD, Override: Safe hold mode active
2025-05-28 04:02:17,112 - INFO - [AUDIT] - Action: 0, Confidence: 1.0000, Safety Mode: SAFE_HOLD, Override: Safe hold mode active
2025-05-28 04:02:17,112 - INFO - [AUDIT] - Action: 0, Confidence: 1.0000, Safety Mode: SAFE_HOLD, Override: Safe hold mode active
2025-05-28 04:02:17,113 - INFO - [AUDIT] - Action: 0, Confidence: 1.0000, Safety Mode: SAFE_HOLD, Override: Safe hold mode active
2025-05-28 04:02:17,113 - INFO - [AUDIT] - Action: 0, Confidence: 1.0000, Safety Mode: SAFE_HOLD, Override: Safe hold mode active
2025-05-28 04:02:17,113 - INFO - [AUDIT] - Action: 0, Confidence: 1.0000, Safety Mode: SAFE_HOLD, Override: Safe hold mode active
2025-05-28 04:02:17,113 - INFO - [AUDIT] - Action: 0, Confidence: 1.0000, Safety Mode: SAFE_HOLD, Override: Safe hold mode active
2025-05-28 04:02:17,113 - INFO - [AUDIT] - Action: 0, Confidence: 1.0000, Safety Mode: SAFE_HOLD, Override: Safe hold mode active
2025-05-28 04:02:17,114 - INFO - [AUDIT] - Action: 0, Confidence: 1.0000, Safety Mode: SAFE_HOLD, Override: Safe hold mode active
2025-05-28 04:02:17,114 - INFO - [AUDIT] - Action: 0, Confidence: 1.0000, Safety Mode: SAFE_HOLD, Override: Safe hold mode active
2025-05-28 04:02:17,114 - INFO - [AUDIT] - Action: 0, Confidence: 1.0000, Safety Mode: SAFE_HOLD, Override: Safe hold mode active
2025-05-28 04:02:17,114 - INFO - [AUDIT] - Action: 0, Confidence: 1.0000, Safety Mode: SAFE_HOLD, Override: Safe hold mode active
2025-05-28 04:02:17,114 - INFO - [AUDIT] - Action: 0, Confidence: 1.0000, Safety Mode: SAFE_HOLD, Override: Safe hold mode active
2025-05-28 04:02:17,115 - INFO - [AUDIT] - Action: 0, Confidence: 1.0000, Safety Mode: SAFE_HOLD, Override: Safe hold mode active
2025-05-28 04:02:17,115 - INFO - [AUDIT] - Action: 0, Confidence: 1.0000, Safety Mode: SAFE_HOLD, Override: Safe hold mode active
2025-05-28 04:02:17,115 - INFO - [AUDIT] - Action: 0, Confidence: 1.0000, Safety Mode: SAFE_HOLD, Override: Safe hold mode active
2025-05-28 04:02:17,115 - INFO - [AUDIT] - Action: 0, Confidence: 1.0000, Safety Mode: SAFE_HOLD, Override: Safe hold mode active
2025-05-28 04:02:17,115 - INFO - [AUDIT] - Action: 0, Confidence: 1.0000, Safety Mode: SAFE_HOLD, Override: Safe hold mode active
2025-05-28 04:02:17,116 - INFO - [AUDIT] - Action: 0, Confidence: 1.0000, Safety Mode: SAFE_HOLD, Override: Safe hold mode active
2025-05-28 04:02:17,116 - INFO - [AUDIT] - Action: 0, Confidence: 1.0000, Safety Mode: SAFE_HOLD, Override: Safe hold mode active
2025-05-28 04:02:17,116 - INFO - [AUDIT] - Action: 0, Confidence: 1.0000, Safety Mode: SAFE_HOLD, Override: Safe hold mode active
2025-05-28 04:02:17,116 - INFO - [AUDIT] - Action: 0, Confidence: 1.0000, Safety Mode: SAFE_HOLD, Override: Safe hold mode active
2025-05-28 04:02:17,116 - INFO - [AUDIT] - Action: 0, Confidence: 1.0000, Safety Mode: SAFE_HOLD, Override: Safe hold mode active
2025-05-28 04:02:17,117 - INFO - [AUDIT] - Action: 0, Confidence: 1.0000, Safety Mode: SAFE_HOLD, Override: Safe hold mode active
2025-05-28 04:02:17,117 - INFO - [AUDIT] - Action: 0, Confidence: 1.0000, Safety Mode: SAFE_HOLD, Override: Safe hold mode active
2025-05-28 04:02:17,117 - INFO - [AUDIT] - Action: 0, Confidence: 1.0000, Safety Mode: SAFE_HOLD, Override: Safe hold mode active
2025-05-28 04:02:17,117 - INFO - [AUDIT] - Action: 0, Confidence: 1.0000, Safety Mode: SAFE_HOLD, Override: Safe hold mode active
2025-05-28 04:02:17,117 - INFO - [AUDIT] - Action: 0, Confidence: 1.0000, Safety Mode: SAFE_HOLD, Override: Safe hold mode active
2025-05-28 04:02:17,118 - INFO - [AUDIT] - Action: 0, Confidence: 1.0000, Safety Mode: SAFE_HOLD, Override: Safe hold mode active
2025-05-28 04:02:17,118 - INFO - [AUDIT] - Action: 0, Confidence: 1.0000, Safety Mode: SAFE_HOLD, Override: Safe hold mode active
2025-05-28 04:02:17,118 - INFO - [AUDIT] - Action: 0, Confidence: 1.0000, Safety Mode: SAFE_HOLD, Override: Safe hold mode active
2025-05-28 04:02:17,118 - INFO - [AUDIT] - Action: 0, Confidence: 1.0000, Safety Mode: SAFE_HOLD, Override: Safe hold mode active
2025-05-28 04:02:17,118 - INFO - [AUDIT] - Action: 0, Confidence: 1.0000, Safety Mode: SAFE_HOLD, Override: Safe hold mode active
2025-05-28 04:02:17,119 - INFO - [AUDIT] - Action: 0, Confidence: 1.0000, Safety Mode: SAFE_HOLD, Override: Safe hold mode active
2025-05-28 04:02:17,119 - INFO - [AUDIT] - Action: 0, Confidence: 1.0000, Safety Mode: SAFE_HOLD, Override: Safe hold mode active
2025-05-28 04:02:17,119 - INFO - [AUDIT] - Action: 0, Confidence: 1.0000, Safety Mode: SAFE_HOLD, Override: Safe hold mode active
2025-05-28 04:02:17,119 - INFO - [AUDIT] - Action: 0, Confidence: 1.0000, Safety Mode: SAFE_HOLD, Override: Safe hold mode active
2025-05-28 04:02:17,119 - INFO - [AUDIT] - Action: 0, Confidence: 1.0000, Safety Mode: SAFE_HOLD, Override: Safe hold mode active
2025-05-28 04:02:17,119 - INFO - [AUDIT] - Action: 0, Confidence: 1.0000, Safety Mode: SAFE_HOLD, Override: Safe hold mode active
2025-05-28 04:02:17,120 - INFO - [AUDIT] - Action: 0, Confidence: 1.0000, Safety Mode: SAFE_HOLD, Override: Safe hold mode active
2025-05-28 04:02:17,120 - INFO - [AUDIT] - Action: 0, Confidence: 1.0000, Safety Mode: SAFE_HOLD, Override: Safe hold mode active
2025-05-28 04:02:17,120 - INFO - [AUDIT] - Action: 0, Confidence: 1.0000, Safety Mode: SAFE_HOLD, Override: Safe hold mode active
2025-05-28 04:02:17,120 - INFO - [AUDIT] - Action: 0, Confidence: 1.0000, Safety Mode: SAFE_HOLD, Override: Safe hold mode active
2025-05-28 04:02:17,121 - INFO - [AUDIT] - Action: 0, Confidence: 1.0000, Safety Mode: SAFE_HOLD, Override: Safe hold mode active
2025-05-28 04:02:17,121 - INFO - [AUDIT] - Action: 0, Confidence: 1.0000, Safety Mode: SAFE_HOLD, Override: Safe hold mode active
2025-05-28 04:02:17,121 - INFO - [AUDIT] - Action: 0, Confidence: 1.0000, Safety Mode: SAFE_HOLD, Override: Safe hold mode active
2025-05-28 04:02:17,121 - INFO - [AUDIT] - Action: 0, Confidence: 1.0000, Safety Mode: SAFE_HOLD, Override: Safe hold mode active
2025-05-28 04:02:17,122 - INFO - [AUDIT] - Action: 0, Confidence: 1.0000, Safety Mode: SAFE_HOLD, Override: Safe hold mode active
2025-05-28 04:02:17,122 - INFO - [AUDIT] - Action: 0, Confidence: 1.0000, Safety Mode: SAFE_HOLD, Override: Safe hold mode active
2025-05-28 04:02:17,122 - INFO - [AUDIT] - Action: 0, Confidence: 1.0000, Safety Mode: SAFE_HOLD, Override: Safe hold mode active
2025-05-28 04:02:17,122 - INFO - [AUDIT] - Action: 0, Confidence: 1.0000, Safety Mode: SAFE_HOLD, Override: Safe hold mode active
2025-05-28 04:02:17,122 - INFO - [AUDIT] - Action: 0, Confidence: 1.0000, Safety Mode: SAFE_HOLD, Override: Safe hold mode active
2025-05-28 04:02:17,123 - INFO - [AUDIT] - Action: 0, Confidence: 1.0000, Safety Mode: SAFE_HOLD, Override: Safe hold mode active
2025-05-28 04:02:17,123 - INFO - [AUDIT] - Action: 0, Confidence: 1.0000, Safety Mode: SAFE_HOLD, Override: Safe hold mode active
2025-05-28 04:02:17,123 - INFO - [AUDIT] - Action: 0, Confidence: 1.0000, Safety Mode: SAFE_HOLD, Override: Safe hold mode active
2025-05-28 04:02:17,123 - INFO - [AUDIT] - Action: 0, Confidence: 1.0000, Safety Mode: SAFE_HOLD, Override: Safe hold mode active
2025-05-28 04:02:17,123 - INFO - [AUDIT] - Action: 0, Confidence: 1.0000, Safety Mode: SAFE_HOLD, Override: Safe hold mode active
2025-05-28 04:02:17,124 - INFO - [AUDIT] - Action: 0, Confidence: 1.0000, Safety Mode: SAFE_HOLD, Override: Safe hold mode active
2025-05-28 04:02:17,124 - INFO - [AUDIT] - Action: 0, Confidence: 1.0000, Safety Mode: SAFE_HOLD, Override: Safe hold mode active
2025-05-28 04:02:17,124 - INFO - [AUDIT] - Action: 0, Confidence: 1.0000, Safety Mode: SAFE_HOLD, Override: Safe hold mode active
2025-05-28 04:02:17,124 - INFO - [AUDIT] - Action: 0, Confidence: 1.0000, Safety Mode: SAFE_HOLD, Override: Safe hold mode active
2025-05-28 04:02:17,125 - INFO - [AUDIT] - Action: 0, Confidence: 1.0000, Safety Mode: SAFE_HOLD, Override: Safe hold mode active
2025-05-28 04:02:17,125 - INFO - [AUDIT] - Action: 0, Confidence: 1.0000, Safety Mode: SAFE_HOLD, Override: Safe hold mode active
2025-05-28 04:02:17,125 - INFO - [AUDIT] - Action: 0, Confidence: 1.0000, Safety Mode: SAFE_HOLD, Override: Safe hold mode active
2025-05-28 04:02:17,125 - INFO - [AUDIT] - Action: 0, Confidence: 1.0000, Safety Mode: SAFE_HOLD, Override: Safe hold mode active
2025-05-28 04:02:17,125 - INFO - [AUDIT] - Action: 0, Confidence: 1.0000, Safety Mode: SAFE_HOLD, Override: Safe hold mode active
2025-05-28 04:02:17,126 - INFO - [AUDIT] - Action: 0, Confidence: 1.0000, Safety Mode: SAFE_HOLD, Override: Safe hold mode active
2025-05-28 04:02:17,126 - INFO - [AUDIT] - Action: 0, Confidence: 1.0000, Safety Mode: SAFE_HOLD, Override: Safe hold mode active
2025-05-28 04:02:17,126 - INFO - [AUDIT] - Action: 0, Confidence: 1.0000, Safety Mode: SAFE_HOLD, Override: Safe hold mode active
2025-05-28 04:02:17,126 - INFO - [AUDIT] - Action: 0, Confidence: 1.0000, Safety Mode: SAFE_HOLD, Override: Safe hold mode active
2025-05-28 04:02:17,126 - INFO - [AUDIT] - Action: 0, Confidence: 1.0000, Safety Mode: SAFE_HOLD, Override: Safe hold mode active
2025-05-28 04:02:17,126 - INFO - [AUDIT] - Action: 0, Confidence: 1.0000, Safety Mode: SAFE_HOLD, Override: Safe hold mode active
2025-05-28 04:02:17,127 - INFO - [AUDIT] - Action: 0, Confidence: 1.0000, Safety Mode: SAFE_HOLD, Override: Safe hold mode active
2025-05-28 04:02:17,127 - INFO - [AUDIT] - Action: 0, Confidence: 1.0000, Safety Mode: SAFE_HOLD, Override: Safe hold mode active
2025-05-28 04:02:17,127 - INFO - [AUDIT] - Action: 0, Confidence: 1.0000, Safety Mode: SAFE_HOLD, Override: Safe hold mode active
2025-05-28 04:02:17,127 - INFO - [AUDIT] - Action: 0, Confidence: 1.0000, Safety Mode: SAFE_HOLD, Override: Safe hold mode active
2025-05-28 04:02:17,127 - INFO - [AUDIT] - Action: 0, Confidence: 1.0000, Safety Mode: SAFE_HOLD, Override: Safe hold mode active
2025-05-28 04:02:17,128 - INFO - [AUDIT] - Action: 0, Confidence: 1.0000, Safety Mode: SAFE_HOLD, Override: Safe hold mode active
2025-05-28 04:02:17,128 - INFO - [AUDIT] - Action: 0, Confidence: 1.0000, Safety Mode: SAFE_HOLD, Override: Safe hold mode active
2025-05-28 04:02:17,128 - INFO - [AUDIT] - Action: 0, Confidence: 1.0000, Safety Mode: SAFE_HOLD, Override: Safe hold mode active
2025-05-28 04:02:17,128 - INFO - [AUDIT] - Action: 0, Confidence: 1.0000, Safety Mode: SAFE_HOLD, Override: Safe hold mode active
2025-05-28 04:02:17,128 - INFO - [AUDIT] - Action: 0, Confidence: 1.0000, Safety Mode: SAFE_HOLD, Override: Safe hold mode active
2025-05-28 04:02:17,129 - INFO - [AUDIT] - Action: 0, Confidence: 1.0000, Safety Mode: SAFE_HOLD, Override: Safe hold mode active
2025-05-28 04:02:17,129 - INFO - [AUDIT] - Action: 0, Confidence: 1.0000, Safety Mode: SAFE_HOLD, Override: Safe hold mode active
2025-05-28 04:02:17,129 - INFO - [AUDIT] - Action: 0, Confidence: 1.0000, Safety Mode: SAFE_HOLD, Override: Safe hold mode active
2025-05-28 04:02:17,129 - INFO - [AUDIT] - Action: 0, Confidence: 1.0000, Safety Mode: SAFE_HOLD, Override: Safe hold mode active
2025-05-28 04:02:17,129 - INFO - [AUDIT] - Action: 0, Confidence: 1.0000, Safety Mode: SAFE_HOLD, Override: Safe hold mode active
2025-05-28 04:02:17,130 - INFO - [AUDIT] - Action: 0, Confidence: 1.0000, Safety Mode: SAFE_HOLD, Override: Safe hold mode active
2025-05-28 04:02:17,130 - INFO - [AUDIT] - Action: 0, Confidence: 1.0000, Safety Mode: SAFE_HOLD, Override: Safe hold mode active
2025-05-28 04:02:17,130 - INFO - [AUDIT] - Action: 0, Confidence: 1.0000, Safety Mode: SAFE_HOLD, Override: Safe hold mode active
2025-05-28 04:02:17,130 - INFO - [AUDIT] - Action: 0, Confidence: 1.0000, Safety Mode: SAFE_HOLD, Override: Safe hold mode active
2025-05-28 04:02:17,130 - INFO - [AUDIT] - Action: 0, Confidence: 1.0000, Safety Mode: SAFE_HOLD, Override: Safe hold mode active
2025-05-28 04:02:17,130 - INFO - [AUDIT] - Action: 0, Confidence: 1.0000, Safety Mode: SAFE_HOLD, Override: Safe hold mode active
2025-05-28 04:02:17,131 - INFO - [AUDIT] - Action: 0, Confidence: 1.0000, Safety Mode: SAFE_HOLD, Override: Safe hold mode active
2025-05-28 04:02:17,131 - INFO - [AUDIT] - Action: 0, Confidence: 1.0000, Safety Mode: SAFE_HOLD, Override: Safe hold mode active
2025-05-28 04:02:17,131 - INFO - [AUDIT] - Action: 0, Confidence: 1.0000, Safety Mode: SAFE_HOLD, Override: Safe hold mode active
2025-05-28 04:02:17,131 - INFO - [AUDIT] - Action: 0, Confidence: 1.0000, Safety Mode: SAFE_HOLD, Override: Safe hold mode active
2025-05-28 04:02:17,131 - INFO - [AUDIT] - Action: 0, Confidence: 1.0000, Safety Mode: SAFE_HOLD, Override: Safe hold mode active
2025-05-28 04:02:17,132 - INFO - [AUDIT] - Action: 0, Confidence: 1.0000, Safety Mode: SAFE_HOLD, Override: Safe hold mode active
2025-05-28 04:02:17,132 - INFO - [AUDIT] - Action: 0, Confidence: 1.0000, Safety Mode: SAFE_HOLD, Override: Safe hold mode active
2025-05-28 04:02:17,132 - INFO - [AUDIT] - Action: 0, Confidence: 1.0000, Safety Mode: SAFE_HOLD, Override: Safe hold mode active
2025-05-28 04:02:17,132 - INFO - [AUDIT] - Action: 0, Confidence: 1.0000, Safety Mode: SAFE_HOLD, Override: Safe hold mode active
2025-05-28 04:02:17,132 - INFO - [AUDIT] - Action: 0, Confidence: 1.0000, Safety Mode: SAFE_HOLD, Override: Safe hold mode active
2025-05-28 04:02:17,133 - INFO - [AUDIT] - Action: 0, Confidence: 1.0000, Safety Mode: SAFE_HOLD, Override: Safe hold mode active
2025-05-28 04:02:17,133 - INFO - [AUDIT] - Action: 0, Confidence: 1.0000, Safety Mode: SAFE_HOLD, Override: Safe hold mode active
2025-05-28 04:02:17,133 - INFO - [AUDIT] - Action: 0, Confidence: 1.0000, Safety Mode: SAFE_HOLD, Override: Safe hold mode active
2025-05-28 04:02:17,133 - INFO - [AUDIT] - Action: 0, Confidence: 1.0000, Safety Mode: SAFE_HOLD, Override: Safe hold mode active
2025-05-28 04:02:17,133 - INFO - [AUDIT] - Action: 0, Confidence: 1.0000, Safety Mode: SAFE_HOLD, Override: Safe hold mode active
2025-05-28 04:02:17,134 - INFO - [AUDIT] - Action: 0, Confidence: 1.0000, Safety Mode: SAFE_HOLD, Override: Safe hold mode active
2025-05-28 04:02:17,134 - INFO - [AUDIT] - Action: 0, Confidence: 1.0000, Safety Mode: SAFE_HOLD, Override: Safe hold mode active
2025-05-28 04:02:17,134 - INFO - [AUDIT] - Action: 0, Confidence: 1.0000, Safety Mode: SAFE_HOLD, Override: Safe hold mode active
2025-05-28 04:02:17,134 - INFO - [AUDIT] - Action: 0, Confidence: 1.0000, Safety Mode: SAFE_HOLD, Override: Safe hold mode active
2025-05-28 04:02:17,134 - INFO - [AUDIT] - Action: 0, Confidence: 1.0000, Safety Mode: SAFE_HOLD, Override: Safe hold mode active
2025-05-28 04:02:17,134 - INFO - [AUDIT] - Action: 0, Confidence: 1.0000, Safety Mode: SAFE_HOLD, Override: Safe hold mode active
2025-05-28 04:02:17,135 - INFO - [AUDIT] - Action: 0, Confidence: 1.0000, Safety Mode: SAFE_HOLD, Override: Safe hold mode active
2025-05-28 04:02:17,135 - INFO - [AUDIT] - Action: 0, Confidence: 1.0000, Safety Mode: SAFE_HOLD, Override: Safe hold mode active
2025-05-28 04:02:17,135 - INFO - [AUDIT] - Action: 0, Confidence: 1.0000, Safety Mode: SAFE_HOLD, Override: Safe hold mode active
2025-05-28 04:02:17,135 - INFO - [AUDIT] - Action: 0, Confidence: 1.0000, Safety Mode: SAFE_HOLD, Override: Safe hold mode active
2025-05-28 04:02:17,135 - INFO - [AUDIT] - Action: 0, Confidence: 1.0000, Safety Mode: SAFE_HOLD, Override: Safe hold mode active
2025-05-28 04:02:17,136 - INFO - [AUDIT] - Action: 0, Confidence: 1.0000, Safety Mode: SAFE_HOLD, Override: Safe hold mode active
2025-05-28 04:02:17,136 - INFO - [AUDIT] - Action: 0, Confidence: 1.0000, Safety Mode: SAFE_HOLD, Override: Safe hold mode active
2025-05-28 04:02:17,136 - INFO - [AUDIT] - Action: 0, Confidence: 1.0000, Safety Mode: SAFE_HOLD, Override: Safe hold mode active
2025-05-28 04:02:17,136 - INFO - [AUDIT] - Action: 0, Confidence: 1.0000, Safety Mode: SAFE_HOLD, Override: Safe hold mode active
2025-05-28 04:02:17,136 - INFO - [AUDIT] - Action: 0, Confidence: 1.0000, Safety Mode: SAFE_HOLD, Override: Safe hold mode active
2025-05-28 04:02:17,137 - INFO - [AUDIT] - Action: 0, Confidence: 1.0000, Safety Mode: SAFE_HOLD, Override: Safe hold mode active
2025-05-28 04:02:17,137 - INFO - [AUDIT] - Action: 0, Confidence: 1.0000, Safety Mode: SAFE_HOLD, Override: Safe hold mode active
2025-05-28 04:02:17,137 - INFO - [AUDIT] - Action: 0, Confidence: 1.0000, Safety Mode: SAFE_HOLD, Override: Safe hold mode active
2025-05-28 04:02:17,137 - INFO - [AUDIT] - Action: 0, Confidence: 1.0000, Safety Mode: SAFE_HOLD, Override: Safe hold mode active
2025-05-28 04:02:17,138 - INFO - [AUDIT] - Action: 0, Confidence: 1.0000, Safety Mode: SAFE_HOLD, Override: Safe hold mode active
2025-05-28 04:02:17,138 - INFO - [AUDIT] - Action: 0, Confidence: 1.0000, Safety Mode: SAFE_HOLD, Override: Safe hold mode active
2025-05-28 04:02:17,138 - INFO - [AUDIT] - Action: 0, Confidence: 1.0000, Safety Mode: SAFE_HOLD, Override: Safe hold mode active
2025-05-28 04:02:17,138 - INFO - [AUDIT] - Action: 0, Confidence: 1.0000, Safety Mode: SAFE_HOLD, Override: Safe hold mode active
2025-05-28 04:02:17,138 - INFO - [AUDIT] - Action: 0, Confidence: 1.0000, Safety Mode: SAFE_HOLD, Override: Safe hold mode active
2025-05-28 04:02:17,139 - INFO - [AUDIT] - Action: 0, Confidence: 1.0000, Safety Mode: SAFE_HOLD, Override: Safe hold mode active
2025-05-28 04:02:17,139 - INFO - [AUDIT] - Action: 0, Confidence: 1.0000, Safety Mode: SAFE_HOLD, Override: Safe hold mode active
2025-05-28 04:02:17,139 - INFO - [AUDIT] - Action: 0, Confidence: 1.0000, Safety Mode: SAFE_HOLD, Override: Safe hold mode active
2025-05-28 04:02:17,139 - INFO - [AUDIT] - Action: 0, Confidence: 1.0000, Safety Mode: SAFE_HOLD, Override: Safe hold mode active
2025-05-28 04:02:17,139 - INFO - [AUDIT] - Action: 0, Confidence: 1.0000, Safety Mode: SAFE_HOLD, Override: Safe hold mode active
2025-05-28 04:02:17,139 - INFO - [AUDIT] - Action: 0, Confidence: 1.0000, Safety Mode: SAFE_HOLD, Override: Safe hold mode active
2025-05-28 04:02:17,140 - INFO - [AUDIT] - Action: 0, Confidence: 1.0000, Safety Mode: SAFE_HOLD, Override: Safe hold mode active
2025-05-28 04:02:17,140 - INFO - [AUDIT] - Action: 0, Confidence: 1.0000, Safety Mode: SAFE_HOLD, Override: Safe hold mode active
2025-05-28 04:02:17,140 - INFO - [AUDIT] - Action: 0, Confidence: 1.0000, Safety Mode: SAFE_HOLD, Override: Safe hold mode active
2025-05-28 04:02:17,140 - INFO - [AUDIT] - Action: 0, Confidence: 1.0000, Safety Mode: SAFE_HOLD, Override: Safe hold mode active
2025-05-28 04:02:17,141 - INFO - [AUDIT] - Action: 0, Confidence: 1.0000, Safety Mode: SAFE_HOLD, Override: Safe hold mode active
2025-05-28 04:02:17,141 - INFO - [AUDIT] - Action: 0, Confidence: 1.0000, Safety Mode: SAFE_HOLD, Override: Safe hold mode active
2025-05-28 04:02:17,141 - INFO - [AUDIT] - Action: 0, Confidence: 1.0000, Safety Mode: SAFE_HOLD, Override: Safe hold mode active
2025-05-28 04:02:17,141 - INFO - [AUDIT] - Action: 0, Confidence: 1.0000, Safety Mode: SAFE_HOLD, Override: Safe hold mode active
2025-05-28 04:02:17,141 - INFO - [AUDIT] - Action: 0, Confidence: 1.0000, Safety Mode: SAFE_HOLD, Override: Safe hold mode active
2025-05-28 04:02:17,142 - INFO - [AUDIT] - Action: 0, Confidence: 1.0000, Safety Mode: SAFE_HOLD, Override: Safe hold mode active
2025-05-28 04:02:17,142 - INFO - [AUDIT] - Action: 0, Confidence: 1.0000, Safety Mode: SAFE_HOLD, Override: Safe hold mode active
2025-05-28 04:02:17,142 - INFO - [AUDIT] - Action: 0, Confidence: 1.0000, Safety Mode: SAFE_HOLD, Override: Safe hold mode active
2025-05-28 04:02:17,142 - INFO - [AUDIT] - Action: 0, Confidence: 1.0000, Safety Mode: SAFE_HOLD, Override: Safe hold mode active
2025-05-28 04:02:17,142 - INFO - [AUDIT] - Action: 0, Confidence: 1.0000, Safety Mode: SAFE_HOLD, Override: Safe hold mode active
2025-05-28 04:02:17,143 - INFO - [AUDIT] - Action: 0, Confidence: 1.0000, Safety Mode: SAFE_HOLD, Override: Safe hold mode active
2025-05-28 04:02:17,143 - INFO - [AUDIT] - Action: 0, Confidence: 1.0000, Safety Mode: SAFE_HOLD, Override: Safe hold mode active
2025-05-28 04:02:17,143 - INFO - [AUDIT] - Action: 0, Confidence: 1.0000, Safety Mode: SAFE_HOLD, Override: Safe hold mode active
2025-05-28 04:02:17,143 - INFO - [AUDIT] - Action: 0, Confidence: 1.0000, Safety Mode: SAFE_HOLD, Override: Safe hold mode active
2025-05-28 04:02:17,143 - INFO - [AUDIT] - Action: 0, Confidence: 1.0000, Safety Mode: SAFE_HOLD, Override: Safe hold mode active
2025-05-28 04:02:17,144 - INFO - [AUDIT] - Action: 0, Confidence: 1.0000, Safety Mode: SAFE_HOLD, Override: Safe hold mode active
2025-05-28 04:02:17,144 - INFO - [AUDIT] - Action: 0, Confidence: 1.0000, Safety Mode: SAFE_HOLD, Override: Safe hold mode active
2025-05-28 04:02:17,144 - INFO - [AUDIT] - Action: 0, Confidence: 1.0000, Safety Mode: SAFE_HOLD, Override: Safe hold mode active
2025-05-28 04:02:17,144 - INFO - [AUDIT] - Action: 0, Confidence: 1.0000, Safety Mode: SAFE_HOLD, Override: Safe hold mode active
2025-05-28 04:02:17,144 - INFO - [AUDIT] - Action: 0, Confidence: 1.0000, Safety Mode: SAFE_HOLD, Override: Safe hold mode active
2025-05-28 04:02:17,145 - INFO - [AUDIT] - Action: 0, Confidence: 1.0000, Safety Mode: SAFE_HOLD, Override: Safe hold mode active
2025-05-28 04:02:17,145 - INFO - [AUDIT] - Action: 0, Confidence: 1.0000, Safety Mode: SAFE_HOLD, Override: Safe hold mode active
2025-05-28 04:02:17,145 - INFO - [AUDIT] - Action: 0, Confidence: 1.0000, Safety Mode: SAFE_HOLD, Override: Safe hold mode active
2025-05-28 04:02:17,145 - INFO - [AUDIT] - Action: 0, Confidence: 1.0000, Safety Mode: SAFE_HOLD, Override: Safe hold mode active
2025-05-28 04:02:17,145 - INFO - [AUDIT] - Action: 0, Confidence: 1.0000, Safety Mode: SAFE_HOLD, Override: Safe hold mode active
2025-05-28 04:02:17,146 - INFO - [AUDIT] - Action: 0, Confidence: 1.0000, Safety Mode: SAFE_HOLD, Override: Safe hold mode active
2025-05-28 04:02:17,146 - INFO - [AUDIT] - Action: 0, Confidence: 1.0000, Safety Mode: SAFE_HOLD, Override: Safe hold mode active
2025-05-28 04:02:17,146 - INFO - [AUDIT] - Action: 0, Confidence: 1.0000, Safety Mode: SAFE_HOLD, Override: Safe hold mode active
2025-05-28 04:02:17,146 - INFO - [AUDIT] - Action: 0, Confidence: 1.0000, Safety Mode: SAFE_HOLD, Override: Safe hold mode active
2025-05-28 04:02:17,146 - INFO - [AUDIT] - Action: 0, Confidence: 1.0000, Safety Mode: SAFE_HOLD, Override: Safe hold mode active
2025-05-28 04:02:17,147 - INFO - [AUDIT] - Action: 0, Confidence: 1.0000, Safety Mode: SAFE_HOLD, Override: Safe hold mode active
2025-05-28 04:02:17,147 - INFO - [AUDIT] - Action: 0, Confidence: 1.0000, Safety Mode: SAFE_HOLD, Override: Safe hold mode active
2025-05-28 04:02:17,147 - INFO - [AUDIT] - Action: 0, Confidence: 1.0000, Safety Mode: SAFE_HOLD, Override: Safe hold mode active
2025-05-28 04:02:17,147 - INFO - [AUDIT] - Action: 0, Confidence: 1.0000, Safety Mode: SAFE_HOLD, Override: Safe hold mode active
2025-05-28 04:02:17,147 - INFO - [AUDIT] - Action: 0, Confidence: 1.0000, Safety Mode: SAFE_HOLD, Override: Safe hold mode active
2025-05-28 04:02:17,148 - INFO - [AUDIT] - Action: 0, Confidence: 1.0000, Safety Mode: SAFE_HOLD, Override: Safe hold mode active
2025-05-28 04:02:17,148 - INFO - [AUDIT] - Action: 0, Confidence: 1.0000, Safety Mode: SAFE_HOLD, Override: Safe hold mode active
2025-05-28 04:02:17,148 - INFO - [AUDIT] - Action: 0, Confidence: 1.0000, Safety Mode: SAFE_HOLD, Override: Safe hold mode active
2025-05-28 04:02:17,148 - INFO - [AUDIT] - Action: 0, Confidence: 1.0000, Safety Mode: SAFE_HOLD, Override: Safe hold mode active
2025-05-28 04:02:17,148 - INFO - [AUDIT] - Action: 0, Confidence: 1.0000, Safety Mode: SAFE_HOLD, Override: Safe hold mode active
2025-05-28 04:02:17,149 - INFO - [AUDIT] - Action: 0, Confidence: 1.0000, Safety Mode: SAFE_HOLD, Override: Safe hold mode active
2025-05-28 04:02:17,149 - INFO - [AUDIT] - Action: 0, Confidence: 1.0000, Safety Mode: SAFE_HOLD, Override: Safe hold mode active
2025-05-28 04:02:17,149 - INFO - [AUDIT] - Action: 0, Confidence: 1.0000, Safety Mode: SAFE_HOLD, Override: Safe hold mode active
2025-05-28 04:02:17,149 - INFO - [AUDIT] - Action: 0, Confidence: 1.0000, Safety Mode: SAFE_HOLD, Override: Safe hold mode active
2025-05-28 04:02:17,149 - INFO - [AUDIT] - Action: 0, Confidence: 1.0000, Safety Mode: SAFE_HOLD, Override: Safe hold mode active
2025-05-28 04:02:17,150 - INFO - [AUDIT] - Action: 0, Confidence: 1.0000, Safety Mode: SAFE_HOLD, Override: Safe hold mode active
2025-05-28 04:02:17,150 - INFO - [AUDIT] - Action: 0, Confidence: 1.0000, Safety Mode: SAFE_HOLD, Override: Safe hold mode active
2025-05-28 04:02:17,150 - INFO - [AUDIT] - Action: 0, Confidence: 1.0000, Safety Mode: SAFE_HOLD, Override: Safe hold mode active
2025-05-28 04:02:17,150 - INFO - [AUDIT] - Action: 0, Confidence: 1.0000, Safety Mode: SAFE_HOLD, Override: Safe hold mode active
2025-05-28 04:02:17,150 - INFO - [AUDIT] - Action: 0, Confidence: 1.0000, Safety Mode: SAFE_HOLD, Override: Safe hold mode active
2025-05-28 04:02:17,151 - INFO - [AUDIT] - Action: 0, Confidence: 1.0000, Safety Mode: SAFE_HOLD, Override: Safe hold mode active
2025-05-28 04:02:17,151 - INFO - [AUDIT] - Action: 0, Confidence: 1.0000, Safety Mode: SAFE_HOLD, Override: Safe hold mode active
2025-05-28 04:02:17,151 - INFO - [AUDIT] - Action: 0, Confidence: 1.0000, Safety Mode: SAFE_HOLD, Override: Safe hold mode active
2025-05-28 04:02:17,151 - INFO - [AUDIT] - Action: 0, Confidence: 1.0000, Safety Mode: SAFE_HOLD, Override: Safe hold mode active
2025-05-28 04:02:17,151 - INFO - [AUDIT] - Action: 0, Confidence: 1.0000, Safety Mode: SAFE_HOLD, Override: Safe hold mode active
2025-05-28 04:02:17,152 - INFO - [AUDIT] - Action: 0, Confidence: 1.0000, Safety Mode: SAFE_HOLD, Override: Safe hold mode active
2025-05-28 04:02:17,152 - INFO - [AUDIT] - Action: 0, Confidence: 1.0000, Safety Mode: SAFE_HOLD, Override: Safe hold mode active
2025-05-28 04:02:17,152 - INFO - [AUDIT] - Action: 0, Confidence: 1.0000, Safety Mode: SAFE_HOLD, Override: Safe hold mode active
2025-05-28 04:02:17,152 - INFO - [AUDIT] - Action: 0, Confidence: 1.0000, Safety Mode: SAFE_HOLD, Override: Safe hold mode active
2025-05-28 04:02:17,152 - INFO - [AUDIT] - Action: 0, Confidence: 1.0000, Safety Mode: SAFE_HOLD, Override: Safe hold mode active
2025-05-28 04:02:17,153 - INFO - [AUDIT] - Action: 0, Confidence: 1.0000, Safety Mode: SAFE_HOLD, Override: Safe hold mode active
2025-05-28 04:02:17,153 - INFO - [AUDIT] - Action: 0, Confidence: 1.0000, Safety Mode: SAFE_HOLD, Override: Safe hold mode active
2025-05-28 04:02:17,153 - INFO - [AUDIT] - Action: 0, Confidence: 1.0000, Safety Mode: SAFE_HOLD, Override: Safe hold mode active
2025-05-28 04:02:17,153 - INFO - [AUDIT] - Action: 0, Confidence: 1.0000, Safety Mode: SAFE_HOLD, Override: Safe hold mode active
2025-05-28 04:02:17,153 - INFO - [AUDIT] - Action: 0, Confidence: 1.0000, Safety Mode: SAFE_HOLD, Override: Safe hold mode active
2025-05-28 04:02:17,154 - INFO - [AUDIT] - Action: 0, Confidence: 1.0000, Safety Mode: SAFE_HOLD, Override: Safe hold mode active
2025-05-28 04:02:17,154 - INFO - [AUDIT] - Action: 0, Confidence: 1.0000, Safety Mode: SAFE_HOLD, Override: Safe hold mode active
2025-05-28 04:02:17,154 - INFO - [AUDIT] - Action: 0, Confidence: 1.0000, Safety Mode: SAFE_HOLD, Override: Safe hold mode active
2025-05-28 04:02:17,154 - INFO - [AUDIT] - Action: 0, Confidence: 1.0000, Safety Mode: SAFE_HOLD, Override: Safe hold mode active
2025-05-28 04:02:17,154 - INFO - [AUDIT] - Action: 0, Confidence: 1.0000, Safety Mode: SAFE_HOLD, Override: Safe hold mode active
2025-05-28 04:02:17,154 - INFO - [AUDIT] - Action: 0, Confidence: 1.0000, Safety Mode: SAFE_HOLD, Override: Safe hold mode active
2025-05-28 04:02:17,155 - INFO - [AUDIT] - Action: 0, Confidence: 1.0000, Safety Mode: SAFE_HOLD, Override: Safe hold mode active
2025-05-28 04:02:17,155 - INFO - [AUDIT] - Action: 0, Confidence: 1.0000, Safety Mode: SAFE_HOLD, Override: Safe hold mode active
2025-05-28 04:02:17,155 - INFO - [AUDIT] - Action: 0, Confidence: 1.0000, Safety Mode: SAFE_HOLD, Override: Safe hold mode active
2025-05-28 04:02:17,155 - INFO - [AUDIT] - Action: 0, Confidence: 1.0000, Safety Mode: SAFE_HOLD, Override: Safe hold mode active
2025-05-28 04:02:17,155 - INFO - [AUDIT] - Action: 0, Confidence: 1.0000, Safety Mode: SAFE_HOLD, Override: Safe hold mode active
2025-05-28 04:02:17,156 - INFO - [AUDIT] - Action: 0, Confidence: 1.0000, Safety Mode: SAFE_HOLD, Override: Safe hold mode active
2025-05-28 04:02:17,156 - INFO - [AUDIT] - Action: 0, Confidence: 1.0000, Safety Mode: SAFE_HOLD, Override: Safe hold mode active
2025-05-28 04:02:17,156 - INFO - [AUDIT] - Action: 0, Confidence: 1.0000, Safety Mode: SAFE_HOLD, Override: Safe hold mode active
2025-05-28 04:02:17,156 - INFO - [AUDIT] - Action: 0, Confidence: 1.0000, Safety Mode: SAFE_HOLD, Override: Safe hold mode active
2025-05-28 04:02:17,157 - INFO - [AUDIT] - Action: 0, Confidence: 1.0000, Safety Mode: SAFE_HOLD, Override: Safe hold mode active
2025-05-28 04:02:17,157 - INFO - [AUDIT] - Action: 0, Confidence: 1.0000, Safety Mode: SAFE_HOLD, Override: Safe hold mode active
2025-05-28 04:02:17,157 - INFO - [AUDIT] - Action: 0, Confidence: 1.0000, Safety Mode: SAFE_HOLD, Override: Safe hold mode active
2025-05-28 04:02:17,157 - INFO - [AUDIT] - Action: 0, Confidence: 1.0000, Safety Mode: SAFE_HOLD, Override: Safe hold mode active
2025-05-28 04:02:17,157 - INFO - [AUDIT] - Action: 0, Confidence: 1.0000, Safety Mode: SAFE_HOLD, Override: Safe hold mode active
2025-05-28 04:02:17,158 - INFO - [AUDIT] - Action: 0, Confidence: 1.0000, Safety Mode: SAFE_HOLD, Override: Safe hold mode active
2025-05-28 04:02:17,158 - INFO - [AUDIT] - Action: 0, Confidence: 1.0000, Safety Mode: SAFE_HOLD, Override: Safe hold mode active
2025-05-28 04:02:17,158 - INFO - [AUDIT] - Action: 0, Confidence: 1.0000, Safety Mode: SAFE_HOLD, Override: Safe hold mode active
2025-05-28 04:02:17,158 - INFO - [AUDIT] - Action: 0, Confidence: 1.0000, Safety Mode: SAFE_HOLD, Override: Safe hold mode active
2025-05-28 04:02:17,158 - INFO - [AUDIT] - Action: 0, Confidence: 1.0000, Safety Mode: SAFE_HOLD, Override: Safe hold mode active
2025-05-28 04:02:17,158 - INFO - [AUDIT] - Action: 0, Confidence: 1.0000, Safety Mode: SAFE_HOLD, Override: Safe hold mode active
2025-05-28 04:02:17,159 - INFO - [AUDIT] - Action: 0, Confidence: 1.0000, Safety Mode: SAFE_HOLD, Override: Safe hold mode active
2025-05-28 04:02:17,159 - INFO - [AUDIT] - Action: 0, Confidence: 1.0000, Safety Mode: SAFE_HOLD, Override: Safe hold mode active
2025-05-28 04:02:17,159 - INFO - [AUDIT] - Action: 0, Confidence: 1.0000, Safety Mode: SAFE_HOLD, Override: Safe hold mode active
2025-05-28 04:02:17,159 - INFO - [AUDIT] - Action: 0, Confidence: 1.0000, Safety Mode: SAFE_HOLD, Override: Safe hold mode active
2025-05-28 04:02:17,160 - INFO - [AUDIT] - Action: 0, Confidence: 1.0000, Safety Mode: SAFE_HOLD, Override: Safe hold mode active
2025-05-28 04:02:17,160 - INFO - [AUDIT] - Action: 0, Confidence: 1.0000, Safety Mode: SAFE_HOLD, Override: Safe hold mode active
2025-05-28 04:02:17,160 - INFO - [AUDIT] - Action: 0, Confidence: 1.0000, Safety Mode: SAFE_HOLD, Override: Safe hold mode active
2025-05-28 04:02:17,160 - INFO - [AUDIT] - Action: 0, Confidence: 1.0000, Safety Mode: SAFE_HOLD, Override: Safe hold mode active
2025-05-28 04:02:17,160 - INFO - [AUDIT] - Action: 0, Confidence: 1.0000, Safety Mode: SAFE_HOLD, Override: Safe hold mode active
2025-05-28 04:02:17,160 - INFO - [AUDIT] - Action: 0, Confidence: 1.0000, Safety Mode: SAFE_HOLD, Override: Safe hold mode active
2025-05-28 04:02:17,161 - INFO - [AUDIT] - Action: 0, Confidence: 1.0000, Safety Mode: SAFE_HOLD, Override: Safe hold mode active
2025-05-28 04:02:17,161 - INFO - [AUDIT] - Action: 0, Confidence: 1.0000, Safety Mode: SAFE_HOLD, Override: Safe hold mode active
2025-05-28 04:02:17,161 - INFO - [AUDIT] - Action: 0, Confidence: 1.0000, Safety Mode: SAFE_HOLD, Override: Safe hold mode active
2025-05-28 04:02:17,161 - INFO - [AUDIT] - Action: 0, Confidence: 1.0000, Safety Mode: SAFE_HOLD, Override: Safe hold mode active
2025-05-28 04:02:17,161 - INFO - [AUDIT] - Action: 0, Confidence: 1.0000, Safety Mode: SAFE_HOLD, Override: Safe hold mode active
2025-05-28 04:02:17,162 - INFO - [AUDIT] - Action: 0, Confidence: 1.0000, Safety Mode: SAFE_HOLD, Override: Safe hold mode active
2025-05-28 04:02:17,162 - INFO - [AUDIT] - Action: 0, Confidence: 1.0000, Safety Mode: SAFE_HOLD, Override: Safe hold mode active
2025-05-28 04:02:17,162 - INFO - [AUDIT] - Action: 0, Confidence: 1.0000, Safety Mode: SAFE_HOLD, Override: Safe hold mode active
2025-05-28 04:02:17,162 - INFO - [AUDIT] - Action: 0, Confidence: 1.0000, Safety Mode: SAFE_HOLD, Override: Safe hold mode active
2025-05-28 04:02:17,162 - INFO - [AUDIT] - Action: 0, Confidence: 1.0000, Safety Mode: SAFE_HOLD, Override: Safe hold mode active
2025-05-28 04:02:17,163 - INFO - [AUDIT] - Action: 0, Confidence: 1.0000, Safety Mode: SAFE_HOLD, Override: Safe hold mode active
2025-05-28 04:02:17,163 - INFO - [AUDIT] - Action: 0, Confidence: 1.0000, Safety Mode: SAFE_HOLD, Override: Safe hold mode active
2025-05-28 04:02:17,163 - INFO - [AUDIT] - Action: 0, Confidence: 1.0000, Safety Mode: SAFE_HOLD, Override: Safe hold mode active
2025-05-28 04:02:17,163 - INFO - [AUDIT] - Action: 0, Confidence: 1.0000, Safety Mode: SAFE_HOLD, Override: Safe hold mode active
2025-05-28 04:02:17,163 - INFO - [AUDIT] - Action: 0, Confidence: 1.0000, Safety Mode: SAFE_HOLD, Override: Safe hold mode active
2025-05-28 04:02:17,163 - INFO - [AUDIT] - Action: 0, Confidence: 1.0000, Safety Mode: SAFE_HOLD, Override: Safe hold mode active
2025-05-28 04:02:17,164 - INFO - [AUDIT] - Action: 0, Confidence: 1.0000, Safety Mode: SAFE_HOLD, Override: Safe hold mode active
2025-05-28 04:02:17,164 - INFO - [AUDIT] - Action: 0, Confidence: 1.0000, Safety Mode: SAFE_HOLD, Override: Safe hold mode active
2025-05-28 04:02:17,164 - INFO - [AUDIT] - Action: 0, Confidence: 1.0000, Safety Mode: SAFE_HOLD, Override: Safe hold mode active
2025-05-28 04:02:17,164 - INFO - [AUDIT] - Action: 0, Confidence: 1.0000, Safety Mode: SAFE_HOLD, Override: Safe hold mode active
2025-05-28 04:02:17,164 - INFO - [AUDIT] - Action: 0, Confidence: 1.0000, Safety Mode: SAFE_HOLD, Override: Safe hold mode active
2025-05-28 04:02:17,165 - INFO - [AUDIT] - Action: 0, Confidence: 1.0000, Safety Mode: SAFE_HOLD, Override: Safe hold mode active
2025-05-28 04:02:17,165 - INFO - [AUDIT] - Action: 0, Confidence: 1.0000, Safety Mode: SAFE_HOLD, Override: Safe hold mode active
2025-05-28 04:02:17,165 - INFO - [AUDIT] - Action: 0, Confidence: 1.0000, Safety Mode: SAFE_HOLD, Override: Safe hold mode active
2025-05-28 04:02:17,165 - INFO - [AUDIT] - Action: 0, Confidence: 1.0000, Safety Mode: SAFE_HOLD, Override: Safe hold mode active
2025-05-28 04:02:17,165 - INFO - [AUDIT] - Action: 0, Confidence: 1.0000, Safety Mode: SAFE_HOLD, Override: Safe hold mode active
2025-05-28 04:02:17,166 - INFO - [AUDIT] - Action: 0, Confidence: 1.0000, Safety Mode: SAFE_HOLD, Override: Safe hold mode active
2025-05-28 04:02:17,166 - INFO - [AUDIT] - Action: 0, Confidence: 1.0000, Safety Mode: SAFE_HOLD, Override: Safe hold mode active
2025-05-28 04:02:17,166 - INFO - [AUDIT] - Action: 0, Confidence: 1.0000, Safety Mode: SAFE_HOLD, Override: Safe hold mode active
2025-05-28 04:02:17,166 - INFO - [AUDIT] - Action: 0, Confidence: 1.0000, Safety Mode: SAFE_HOLD, Override: Safe hold mode active
2025-05-28 04:02:17,166 - INFO - [AUDIT] - Action: 0, Confidence: 1.0000, Safety Mode: SAFE_HOLD, Override: Safe hold mode active
2025-05-28 04:02:17,166 - INFO - [AUDIT] - Action: 0, Confidence: 1.0000, Safety Mode: SAFE_HOLD, Override: Safe hold mode active
2025-05-28 04:02:17,167 - INFO - [AUDIT] - Action: 0, Confidence: 1.0000, Safety Mode: SAFE_HOLD, Override: Safe hold mode active
2025-05-28 04:02:17,167 - INFO - [AUDIT] - Action: 0, Confidence: 1.0000, Safety Mode: SAFE_HOLD, Override: Safe hold mode active
2025-05-28 04:02:17,167 - INFO - [AUDIT] - Action: 0, Confidence: 1.0000, Safety Mode: SAFE_HOLD, Override: Safe hold mode active
2025-05-28 04:02:17,167 - INFO - [AUDIT] - Action: 0, Confidence: 1.0000, Safety Mode: SAFE_HOLD, Override: Safe hold mode active
2025-05-28 04:02:17,167 - INFO - [AUDIT] - Action: 0, Confidence: 1.0000, Safety Mode: SAFE_HOLD, Override: Safe hold mode active
2025-05-28 04:02:17,168 - INFO - [AUDIT] - Action: 0, Confidence: 1.0000, Safety Mode: SAFE_HOLD, Override: Safe hold mode active
2025-05-28 04:02:17,168 - INFO - [AUDIT] - Action: 0, Confidence: 1.0000, Safety Mode: SAFE_HOLD, Override: Safe hold mode active
2025-05-28 04:02:17,168 - INFO - [AUDIT] - Action: 0, Confidence: 1.0000, Safety Mode: SAFE_HOLD, Override: Safe hold mode active
2025-05-28 04:02:17,168 - INFO - [AUDIT] - Action: 0, Confidence: 1.0000, Safety Mode: SAFE_HOLD, Override: Safe hold mode active
2025-05-28 04:02:17,168 - INFO - [AUDIT] - Action: 0, Confidence: 1.0000, Safety Mode: SAFE_HOLD, Override: Safe hold mode active
2025-05-28 04:02:17,169 - INFO - [AUDIT] - Action: 0, Confidence: 1.0000, Safety Mode: SAFE_HOLD, Override: Safe hold mode active
2025-05-28 04:02:17,169 - INFO - [AUDIT] - Action: 0, Confidence: 1.0000, Safety Mode: SAFE_HOLD, Override: Safe hold mode active
2025-05-28 04:02:17,169 - INFO - [AUDIT] - Action: 0, Confidence: 1.0000, Safety Mode: SAFE_HOLD, Override: Safe hold mode active
2025-05-28 04:02:17,169 - INFO - [AUDIT] - Action: 0, Confidence: 1.0000, Safety Mode: SAFE_HOLD, Override: Safe hold mode active
2025-05-28 04:02:17,169 - INFO - [AUDIT] - Action: 0, Confidence: 1.0000, Safety Mode: SAFE_HOLD, Override: Safe hold mode active
2025-05-28 04:02:17,169 - INFO - [AUDIT] - Action: 0, Confidence: 1.0000, Safety Mode: SAFE_HOLD, Override: Safe hold mode active
2025-05-28 04:02:17,170 - INFO - [AUDIT] - Action: 0, Confidence: 1.0000, Safety Mode: SAFE_HOLD, Override: Safe hold mode active
2025-05-28 04:02:17,170 - INFO - [AUDIT] - Action: 0, Confidence: 1.0000, Safety Mode: SAFE_HOLD, Override: Safe hold mode active
2025-05-28 04:02:17,170 - INFO - [AUDIT] - Action: 0, Confidence: 1.0000, Safety Mode: SAFE_HOLD, Override: Safe hold mode active
2025-05-28 04:02:17,170 - INFO - [AUDIT] - Action: 0, Confidence: 1.0000, Safety Mode: SAFE_HOLD, Override: Safe hold mode active
2025-05-28 04:02:17,170 - INFO - [AUDIT] - Action: 0, Confidence: 1.0000, Safety Mode: SAFE_HOLD, Override: Safe hold mode active
2025-05-28 04:02:17,171 - INFO - [AUDIT] - Action: 0, Confidence: 1.0000, Safety Mode: SAFE_HOLD, Override: Safe hold mode active
2025-05-28 04:02:17,171 - INFO - [AUDIT] - Action: 0, Confidence: 1.0000, Safety Mode: SAFE_HOLD, Override: Safe hold mode active
2025-05-28 04:02:17,171 - INFO - [AUDIT] - Action: 0, Confidence: 1.0000, Safety Mode: SAFE_HOLD, Override: Safe hold mode active
2025-05-28 04:02:17,171 - INFO - [AUDIT] - Action: 0, Confidence: 1.0000, Safety Mode: SAFE_HOLD, Override: Safe hold mode active
2025-05-28 04:02:17,171 - INFO - [AUDIT] - Action: 0, Confidence: 1.0000, Safety Mode: SAFE_HOLD, Override: Safe hold mode active
2025-05-28 04:02:17,172 - INFO - [AUDIT] - Action: 0, Confidence: 1.0000, Safety Mode: SAFE_HOLD, Override: Safe hold mode active
2025-05-28 04:02:17,172 - INFO - [AUDIT] - Action: 0, Confidence: 1.0000, Safety Mode: SAFE_HOLD, Override: Safe hold mode active
2025-05-28 04:02:17,172 - INFO - [AUDIT] - Action: 0, Confidence: 1.0000, Safety Mode: SAFE_HOLD, Override: Safe hold mode active
2025-05-28 04:02:17,172 - INFO - [AUDIT] - Action: 0, Confidence: 1.0000, Safety Mode: SAFE_HOLD, Override: Safe hold mode active
2025-05-28 04:02:17,172 - INFO - [AUDIT] - Action: 0, Confidence: 1.0000, Safety Mode: SAFE_HOLD, Override: Safe hold mode active
2025-05-28 04:02:17,172 - INFO - [AUDIT] - Action: 0, Confidence: 1.0000, Safety Mode: SAFE_HOLD, Override: Safe hold mode active
2025-05-28 04:02:17,173 - INFO - [AUDIT] - Action: 0, Confidence: 1.0000, Safety Mode: SAFE_HOLD, Override: Safe hold mode active
2025-05-28 04:02:17,173 - INFO - [AUDIT] - Action: 0, Confidence: 1.0000, Safety Mode: SAFE_HOLD, Override: Safe hold mode active
2025-05-28 04:02:17,173 - INFO - [AUDIT] - Action: 0, Confidence: 1.0000, Safety Mode: SAFE_HOLD, Override: Safe hold mode active
2025-05-28 04:02:17,173 - INFO - [AUDIT] - Action: 0, Confidence: 1.0000, Safety Mode: SAFE_HOLD, Override: Safe hold mode active
2025-05-28 04:02:17,173 - INFO - [AUDIT] - Action: 0, Confidence: 1.0000, Safety Mode: SAFE_HOLD, Override: Safe hold mode active
2025-05-28 04:02:17,174 - INFO - [AUDIT] - Action: 0, Confidence: 1.0000, Safety Mode: SAFE_HOLD, Override: Safe hold mode active
2025-05-28 04:02:17,174 - INFO - [AUDIT] - Action: 0, Confidence: 1.0000, Safety Mode: SAFE_HOLD, Override: Safe hold mode active
2025-05-28 04:02:17,174 - INFO - [AUDIT] - Action: 0, Confidence: 1.0000, Safety Mode: SAFE_HOLD, Override: Safe hold mode active
2025-05-28 04:02:17,174 - INFO - [AUDIT] - Action: 0, Confidence: 1.0000, Safety Mode: SAFE_HOLD, Override: Safe hold mode active
2025-05-28 04:02:17,174 - INFO - [AUDIT] - Action: 0, Confidence: 1.0000, Safety Mode: SAFE_HOLD, Override: Safe hold mode active
2025-05-28 04:02:17,175 - INFO - [AUDIT] - Action: 0, Confidence: 1.0000, Safety Mode: SAFE_HOLD, Override: Safe hold mode active
2025-05-28 04:02:17,175 - INFO - [AUDIT] - Action: 0, Confidence: 1.0000, Safety Mode: SAFE_HOLD, Override: Safe hold mode active
2025-05-28 04:02:17,175 - INFO - [AUDIT] - Action: 0, Confidence: 1.0000, Safety Mode: SAFE_HOLD, Override: Safe hold mode active
2025-05-28 04:02:17,175 - INFO - [AUDIT] - Action: 0, Confidence: 1.0000, Safety Mode: SAFE_HOLD, Override: Safe hold mode active
2025-05-28 04:02:17,175 - INFO - [AUDIT] - Action: 0, Confidence: 1.0000, Safety Mode: SAFE_HOLD, Override: Safe hold mode active
2025-05-28 04:02:17,176 - INFO - [AUDIT] - Action: 0, Confidence: 1.0000, Safety Mode: SAFE_HOLD, Override: Safe hold mode active
2025-05-28 04:02:17,176 - INFO - [AUDIT] - Action: 0, Confidence: 1.0000, Safety Mode: SAFE_HOLD, Override: Safe hold mode active
2025-05-28 04:02:17,176 - INFO - [AUDIT] - Action: 0, Confidence: 1.0000, Safety Mode: SAFE_HOLD, Override: Safe hold mode active
2025-05-28 04:02:17,176 - INFO - [AUDIT] - Action: 0, Confidence: 1.0000, Safety Mode: SAFE_HOLD, Override: Safe hold mode active
2025-05-28 04:02:17,177 - INFO - [AUDIT] - Action: 0, Confidence: 1.0000, Safety Mode: SAFE_HOLD, Override: Safe hold mode active
2025-05-28 04:02:17,177 - INFO - [AUDIT] - Action: 0, Confidence: 1.0000, Safety Mode: SAFE_HOLD, Override: Safe hold mode active
2025-05-28 04:02:17,177 - INFO - [AUDIT] - Action: 0, Confidence: 1.0000, Safety Mode: SAFE_HOLD, Override: Safe hold mode active
2025-05-28 04:02:17,177 - INFO - [AUDIT] - Action: 0, Confidence: 1.0000, Safety Mode: SAFE_HOLD, Override: Safe hold mode active
2025-05-28 04:02:17,177 - INFO - [AUDIT] - Action: 0, Confidence: 1.0000, Safety Mode: SAFE_HOLD, Override: Safe hold mode active
2025-05-28 04:02:17,178 - INFO - [AUDIT] - Action: 0, Confidence: 1.0000, Safety Mode: SAFE_HOLD, Override: Safe hold mode active
2025-05-28 04:02:17,178 - INFO - [AUDIT] - Action: 0, Confidence: 1.0000, Safety Mode: SAFE_HOLD, Override: Safe hold mode active
2025-05-28 04:02:17,178 - INFO - [AUDIT] - Action: 0, Confidence: 1.0000, Safety Mode: SAFE_HOLD, Override: Safe hold mode active
2025-05-28 04:02:17,178 - INFO - [AUDIT] - Action: 0, Confidence: 1.0000, Safety Mode: SAFE_HOLD, Override: Safe hold mode active
2025-05-28 04:02:17,178 - INFO - [AUDIT] - Action: 0, Confidence: 1.0000, Safety Mode: SAFE_HOLD, Override: Safe hold mode active
2025-05-28 04:02:17,178 - INFO - [AUDIT] - Action: 0, Confidence: 1.0000, Safety Mode: SAFE_HOLD, Override: Safe hold mode active
2025-05-28 04:02:17,179 - INFO - [AUDIT] - Action: 0, Confidence: 1.0000, Safety Mode: SAFE_HOLD, Override: Safe hold mode active
2025-05-28 04:02:17,179 - INFO - [AUDIT] - Action: 0, Confidence: 1.0000, Safety Mode: SAFE_HOLD, Override: Safe hold mode active
2025-05-28 04:02:17,179 - INFO - [AUDIT] - Action: 0, Confidence: 1.0000, Safety Mode: SAFE_HOLD, Override: Safe hold mode active
2025-05-28 04:02:17,179 - INFO - [AUDIT] - Action: 0, Confidence: 1.0000, Safety Mode: SAFE_HOLD, Override: Safe hold mode active
2025-05-28 04:02:17,179 - INFO - [AUDIT] - Action: 0, Confidence: 1.0000, Safety Mode: SAFE_HOLD, Override: Safe hold mode active
2025-05-28 04:02:17,180 - INFO - [AUDIT] - Action: 0, Confidence: 1.0000, Safety Mode: SAFE_HOLD, Override: Safe hold mode active
2025-05-28 04:02:17,180 - INFO - [AUDIT] - Action: 0, Confidence: 1.0000, Safety Mode: SAFE_HOLD, Override: Safe hold mode active
2025-05-28 04:02:17,180 - INFO - [AUDIT] - Action: 0, Confidence: 1.0000, Safety Mode: SAFE_HOLD, Override: Safe hold mode active
2025-05-28 04:02:17,180 - INFO - [AUDIT] - Action: 0, Confidence: 1.0000, Safety Mode: SAFE_HOLD, Override: Safe hold mode active
2025-05-28 04:02:17,180 - INFO - [AUDIT] - Action: 0, Confidence: 1.0000, Safety Mode: SAFE_HOLD, Override: Safe hold mode active
2025-05-28 04:02:17,181 - INFO - [AUDIT] - Action: 0, Confidence: 1.0000, Safety Mode: SAFE_HOLD, Override: Safe hold mode active
2025-05-28 04:02:17,181 - INFO - [AUDIT] - Action: 0, Confidence: 1.0000, Safety Mode: SAFE_HOLD, Override: Safe hold mode active
2025-05-28 04:02:17,181 - INFO - [AUDIT] - Action: 0, Confidence: 1.0000, Safety Mode: SAFE_HOLD, Override: Safe hold mode active
2025-05-28 04:02:17,181 - INFO - [AUDIT] - Action: 0, Confidence: 1.0000, Safety Mode: SAFE_HOLD, Override: Safe hold mode active
2025-05-28 04:02:17,181 - INFO - [AUDIT] - Action: 0, Confidence: 1.0000, Safety Mode: SAFE_HOLD, Override: Safe hold mode active
2025-05-28 04:02:17,182 - INFO - [AUDIT] - Action: 0, Confidence: 1.0000, Safety Mode: SAFE_HOLD, Override: Safe hold mode active
2025-05-28 04:02:17,182 - INFO - [AUDIT] - Action: 0, Confidence: 1.0000, Safety Mode: SAFE_HOLD, Override: Safe hold mode active
2025-05-28 04:02:17,182 - INFO - [AUDIT] - Action: 0, Confidence: 1.0000, Safety Mode: SAFE_HOLD, Override: Safe hold mode active
2025-05-28 04:02:17,182 - INFO - [AUDIT] - Action: 0, Confidence: 1.0000, Safety Mode: SAFE_HOLD, Override: Safe hold mode active
2025-05-28 04:02:17,182 - INFO - [AUDIT] - Action: 0, Confidence: 1.0000, Safety Mode: SAFE_HOLD, Override: Safe hold mode active
2025-05-28 04:02:17,183 - INFO - [AUDIT] - Action: 0, Confidence: 1.0000, Safety Mode: SAFE_HOLD, Override: Safe hold mode active
2025-05-28 04:02:17,183 - INFO - [AUDIT] - Action: 0, Confidence: 1.0000, Safety Mode: SAFE_HOLD, Override: Safe hold mode active
2025-05-28 04:02:17,183 - INFO - [AUDIT] - Action: 0, Confidence: 1.0000, Safety Mode: SAFE_HOLD, Override: Safe hold mode active
2025-05-28 04:02:17,183 - INFO - [AUDIT] - Action: 0, Confidence: 1.0000, Safety Mode: SAFE_HOLD, Override: Safe hold mode active
2025-05-28 04:02:17,183 - INFO - [AUDIT] - Action: 0, Confidence: 1.0000, Safety Mode: SAFE_HOLD, Override: Safe hold mode active
2025-05-28 04:02:17,184 - INFO - [AUDIT] - Action: 0, Confidence: 1.0000, Safety Mode: SAFE_HOLD, Override: Safe hold mode active
2025-05-28 04:02:17,184 - INFO - [AUDIT] - Action: 0, Confidence: 1.0000, Safety Mode: SAFE_HOLD, Override: Safe hold mode active
2025-05-28 04:02:17,184 - INFO - [AUDIT] - Action: 0, Confidence: 1.0000, Safety Mode: SAFE_HOLD, Override: Safe hold mode active
2025-05-28 04:02:17,184 - INFO - [AUDIT] - Action: 0, Confidence: 1.0000, Safety Mode: SAFE_HOLD, Override: Safe hold mode active
2025-05-28 04:02:17,184 - INFO - [AUDIT] - Action: 0, Confidence: 1.0000, Safety Mode: SAFE_HOLD, Override: Safe hold mode active
2025-05-28 04:02:17,185 - INFO - [AUDIT] - Action: 0, Confidence: 1.0000, Safety Mode: SAFE_HOLD, Override: Safe hold mode active
2025-05-28 04:02:17,185 - INFO - [AUDIT] - Action: 0, Confidence: 1.0000, Safety Mode: SAFE_HOLD, Override: Safe hold mode active
2025-05-28 04:02:17,185 - INFO - [AUDIT] - Action: 0, Confidence: 1.0000, Safety Mode: SAFE_HOLD, Override: Safe hold mode active
2025-05-28 04:02:17,185 - INFO - [AUDIT] - Action: 0, Confidence: 1.0000, Safety Mode: SAFE_HOLD, Override: Safe hold mode active
2025-05-28 04:02:17,186 - INFO - [AUDIT] - Action: 0, Confidence: 1.0000, Safety Mode: SAFE_HOLD, Override: Safe hold mode active
2025-05-28 04:02:17,186 - INFO - [AUDIT] - Action: 0, Confidence: 1.0000, Safety Mode: SAFE_HOLD, Override: Safe hold mode active
2025-05-28 04:02:17,186 - INFO - [AUDIT] - Action: 0, Confidence: 1.0000, Safety Mode: SAFE_HOLD, Override: Safe hold mode active
2025-05-28 04:02:17,186 - INFO - [AUDIT] - Action: 0, Confidence: 1.0000, Safety Mode: SAFE_HOLD, Override: Safe hold mode active
2025-05-28 04:02:17,186 - INFO - [AUDIT] - Action: 0, Confidence: 1.0000, Safety Mode: SAFE_HOLD, Override: Safe hold mode active
2025-05-28 04:02:17,187 - INFO - [AUDIT] - Action: 0, Confidence: 1.0000, Safety Mode: SAFE_HOLD, Override: Safe hold mode active
2025-05-28 04:02:17,187 - INFO - [AUDIT] - Action: 0, Confidence: 1.0000, Safety Mode: SAFE_HOLD, Override: Safe hold mode active
2025-05-28 04:02:17,187 - INFO - [AUDIT] - Action: 0, Confidence: 1.0000, Safety Mode: SAFE_HOLD, Override: Safe hold mode active
2025-05-28 04:02:17,187 - INFO - [AUDIT] - Action: 0, Confidence: 1.0000, Safety Mode: SAFE_HOLD, Override: Safe hold mode active
2025-05-28 04:02:17,187 - INFO - [AUDIT] - Action: 0, Confidence: 1.0000, Safety Mode: SAFE_HOLD, Override: Safe hold mode active
2025-05-28 04:02:17,188 - INFO - [AUDIT] - Action: 0, Confidence: 1.0000, Safety Mode: SAFE_HOLD, Override: Safe hold mode active
2025-05-28 04:02:17,188 - INFO - [AUDIT] - Action: 0, Confidence: 1.0000, Safety Mode: SAFE_HOLD, Override: Safe hold mode active
2025-05-28 04:02:17,188 - INFO - [AUDIT] - Action: 0, Confidence: 1.0000, Safety Mode: SAFE_HOLD, Override: Safe hold mode active
2025-05-28 04:02:17,188 - INFO - [AUDIT] - Action: 0, Confidence: 1.0000, Safety Mode: SAFE_HOLD, Override: Safe hold mode active
2025-05-28 04:02:17,188 - INFO - [AUDIT] - Action: 0, Confidence: 1.0000, Safety Mode: SAFE_HOLD, Override: Safe hold mode active
2025-05-28 04:02:17,188 - INFO - [AUDIT] - Action: 0, Confidence: 1.0000, Safety Mode: SAFE_HOLD, Override: Safe hold mode active
2025-05-28 04:02:17,189 - INFO - [AUDIT] - Action: 0, Confidence: 1.0000, Safety Mode: SAFE_HOLD, Override: Safe hold mode active
2025-05-28 04:02:17,189 - INFO - [AUDIT] - Action: 0, Confidence: 1.0000, Safety Mode: SAFE_HOLD, Override: Safe hold mode active
2025-05-28 04:02:17,189 - INFO - [AUDIT] - Action: 0, Confidence: 1.0000, Safety Mode: SAFE_HOLD, Override: Safe hold mode active
2025-05-28 04:02:17,189 - INFO - [AUDIT] - Action: 0, Confidence: 1.0000, Safety Mode: SAFE_HOLD, Override: Safe hold mode active
2025-05-28 04:02:17,189 - INFO - [AUDIT] - Action: 0, Confidence: 1.0000, Safety Mode: SAFE_HOLD, Override: Safe hold mode active
2025-05-28 04:02:17,190 - INFO - [AUDIT] - Action: 0, Confidence: 1.0000, Safety Mode: SAFE_HOLD, Override: Safe hold mode active
2025-05-28 04:02:17,190 - INFO - [AUDIT] - Action: 0, Confidence: 1.0000, Safety Mode: SAFE_HOLD, Override: Safe hold mode active
2025-05-28 04:02:17,190 - INFO - [AUDIT] - Action: 0, Confidence: 1.0000, Safety Mode: SAFE_HOLD, Override: Safe hold mode active
2025-05-28 04:02:17,190 - INFO - [AUDIT] - Action: 0, Confidence: 1.0000, Safety Mode: SAFE_HOLD, Override: Safe hold mode active
2025-05-28 04:02:17,190 - INFO - [AUDIT] - Action: 0, Confidence: 1.0000, Safety Mode: SAFE_HOLD, Override: Safe hold mode active
2025-05-28 04:02:17,191 - INFO - [AUDIT] - Action: 0, Confidence: 1.0000, Safety Mode: SAFE_HOLD, Override: Safe hold mode active
2025-05-28 04:02:17,191 - INFO - [AUDIT] - Action: 0, Confidence: 1.0000, Safety Mode: SAFE_HOLD, Override: Safe hold mode active
2025-05-28 04:02:17,191 - INFO - [AUDIT] - Action: 0, Confidence: 1.0000, Safety Mode: SAFE_HOLD, Override: Safe hold mode active
2025-05-28 04:02:17,191 - INFO - [AUDIT] - Action: 0, Confidence: 1.0000, Safety Mode: SAFE_HOLD, Override: Safe hold mode active
2025-05-28 04:02:17,191 - INFO - [AUDIT] - Action: 0, Confidence: 1.0000, Safety Mode: SAFE_HOLD, Override: Safe hold mode active
2025-05-28 04:02:17,192 - INFO - [AUDIT] - Action: 0, Confidence: 1.0000, Safety Mode: SAFE_HOLD, Override: Safe hold mode active
2025-05-28 04:02:17,192 - INFO - [AUDIT] - Action: 0, Confidence: 1.0000, Safety Mode: SAFE_HOLD, Override: Safe hold mode active
2025-05-28 04:02:17,192 - INFO - [AUDIT] - Action: 0, Confidence: 1.0000, Safety Mode: SAFE_HOLD, Override: Safe hold mode active
2025-05-28 04:02:17,192 - INFO - [AUDIT] - Action: 0, Confidence: 1.0000, Safety Mode: SAFE_HOLD, Override: Safe hold mode active
2025-05-28 04:02:17,192 - INFO - [AUDIT] - Action: 0, Confidence: 1.0000, Safety Mode: SAFE_HOLD, Override: Safe hold mode active
2025-05-28 04:02:17,193 - INFO - [AUDIT] - Action: 0, Confidence: 1.0000, Safety Mode: SAFE_HOLD, Override: Safe hold mode active
2025-05-28 04:02:17,193 - INFO - [AUDIT] - Action: 0, Confidence: 1.0000, Safety Mode: SAFE_HOLD, Override: Safe hold mode active
2025-05-28 04:02:17,193 - INFO - [AUDIT] - Action: 0, Confidence: 1.0000, Safety Mode: SAFE_HOLD, Override: Safe hold mode active
2025-05-28 04:02:17,193 - INFO - [AUDIT] - Action: 0, Confidence: 1.0000, Safety Mode: SAFE_HOLD, Override: Safe hold mode active
2025-05-28 04:02:17,193 - INFO - [AUDIT] - Action: 0, Confidence: 1.0000, Safety Mode: SAFE_HOLD, Override: Safe hold mode active
2025-05-28 04:02:17,194 - INFO - [AUDIT] - Action: 0, Confidence: 1.0000, Safety Mode: SAFE_HOLD, Override: Safe hold mode active
2025-05-28 04:02:17,194 - INFO - [AUDIT] - Action: 0, Confidence: 1.0000, Safety Mode: SAFE_HOLD, Override: Safe hold mode active
2025-05-28 04:02:17,194 - INFO - [AUDIT] - Action: 0, Confidence: 1.0000, Safety Mode: SAFE_HOLD, Override: Safe hold mode active
2025-05-28 04:02:17,194 - INFO - [AUDIT] - Action: 0, Confidence: 1.0000, Safety Mode: SAFE_HOLD, Override: Safe hold mode active
2025-05-28 04:02:17,194 - INFO - [AUDIT] - Action: 0, Confidence: 1.0000, Safety Mode: SAFE_HOLD, Override: Safe hold mode active
2025-05-28 04:02:17,195 - INFO - [AUDIT] - Action: 0, Confidence: 1.0000, Safety Mode: SAFE_HOLD, Override: Safe hold mode active
2025-05-28 04:02:17,195 - INFO - [AUDIT] - Action: 0, Confidence: 1.0000, Safety Mode: SAFE_HOLD, Override: Safe hold mode active
2025-05-28 04:02:17,195 - INFO - [AUDIT] - Action: 0, Confidence: 1.0000, Safety Mode: SAFE_HOLD, Override: Safe hold mode active
2025-05-28 04:02:17,195 - INFO - [AUDIT] - Action: 0, Confidence: 1.0000, Safety Mode: SAFE_HOLD, Override: Safe hold mode active
2025-05-28 04:02:17,195 - INFO - [AUDIT] - Action: 0, Confidence: 1.0000, Safety Mode: SAFE_HOLD, Override: Safe hold mode active
2025-05-28 04:02:17,195 - INFO - [AUDIT] - Action: 0, Confidence: 1.0000, Safety Mode: SAFE_HOLD, Override: Safe hold mode active
2025-05-28 04:02:17,196 - INFO - [AUDIT] - Action: 0, Confidence: 1.0000, Safety Mode: SAFE_HOLD, Override: Safe hold mode active
2025-05-28 04:02:17,196 - INFO - [AUDIT] - Action: 0, Confidence: 1.0000, Safety Mode: SAFE_HOLD, Override: Safe hold mode active
2025-05-28 04:02:17,196 - INFO - [AUDIT] - Action: 0, Confidence: 1.0000, Safety Mode: SAFE_HOLD, Override: Safe hold mode active
2025-05-28 04:02:17,196 - INFO - [AUDIT] - Action: 0, Confidence: 1.0000, Safety Mode: SAFE_HOLD, Override: Safe hold mode active
2025-05-28 04:02:17,196 - INFO - [AUDIT] - Action: 0, Confidence: 1.0000, Safety Mode: SAFE_HOLD, Override: Safe hold mode active
2025-05-28 04:02:17,197 - INFO - [AUDIT] - Action: 0, Confidence: 1.0000, Safety Mode: SAFE_HOLD, Override: Safe hold mode active
2025-05-28 04:02:17,197 - INFO - [AUDIT] - Action: 0, Confidence: 1.0000, Safety Mode: SAFE_HOLD, Override: Safe hold mode active
2025-05-28 04:02:17,197 - INFO - [AUDIT] - Action: 0, Confidence: 1.0000, Safety Mode: SAFE_HOLD, Override: Safe hold mode active
2025-05-28 04:02:17,197 - INFO - [AUDIT] - Action: 0, Confidence: 1.0000, Safety Mode: SAFE_HOLD, Override: Safe hold mode active
2025-05-28 04:02:17,197 - INFO - [AUDIT] - Action: 0, Confidence: 1.0000, Safety Mode: SAFE_HOLD, Override: Safe hold mode active
2025-05-28 04:02:17,198 - INFO - [AUDIT] - Action: 0, Confidence: 1.0000, Safety Mode: SAFE_HOLD, Override: Safe hold mode active
2025-05-28 04:02:17,198 - INFO - [AUDIT] - Action: 0, Confidence: 1.0000, Safety Mode: SAFE_HOLD, Override: Safe hold mode active
2025-05-28 04:02:17,198 - INFO - [AUDIT] - Action: 0, Confidence: 1.0000, Safety Mode: SAFE_HOLD, Override: Safe hold mode active
2025-05-28 04:02:17,198 - INFO - [AUDIT] - Action: 0, Confidence: 1.0000, Safety Mode: SAFE_HOLD, Override: Safe hold mode active
2025-05-28 04:02:17,198 - INFO - [AUDIT] - Action: 0, Confidence: 1.0000, Safety Mode: SAFE_HOLD, Override: Safe hold mode active
2025-05-28 04:02:17,199 - INFO - [AUDIT] - Action: 0, Confidence: 1.0000, Safety Mode: SAFE_HOLD, Override: Safe hold mode active
2025-05-28 04:02:17,199 - INFO - [AUDIT] - Action: 0, Confidence: 1.0000, Safety Mode: SAFE_HOLD, Override: Safe hold mode active
2025-05-28 04:02:17,199 - INFO - [AUDIT] - Action: 0, Confidence: 1.0000, Safety Mode: SAFE_HOLD, Override: Safe hold mode active
2025-05-28 04:02:17,199 - INFO - [AUDIT] - Action: 0, Confidence: 1.0000, Safety Mode: SAFE_HOLD, Override: Safe hold mode active
2025-05-28 04:02:17,199 - INFO - [AUDIT] - Action: 0, Confidence: 1.0000, Safety Mode: SAFE_HOLD, Override: Safe hold mode active
2025-05-28 04:02:17,200 - INFO - [AUDIT] - Action: 0, Confidence: 1.0000, Safety Mode: SAFE_HOLD, Override: Safe hold mode active
2025-05-28 04:02:17,200 - INFO - [AUDIT] - Action: 0, Confidence: 1.0000, Safety Mode: SAFE_HOLD, Override: Safe hold mode active
2025-05-28 04:02:17,200 - INFO - [AUDIT] - Action: 0, Confidence: 1.0000, Safety Mode: SAFE_HOLD, Override: Safe hold mode active
2025-05-28 04:02:17,200 - INFO - [AUDIT] - Action: 0, Confidence: 1.0000, Safety Mode: SAFE_HOLD, Override: Safe hold mode active
2025-05-28 04:02:17,200 - INFO - [AUDIT] - Action: 0, Confidence: 1.0000, Safety Mode: SAFE_HOLD, Override: Safe hold mode active
2025-05-28 04:02:17,200 - INFO - [AUDIT] - Action: 0, Confidence: 1.0000, Safety Mode: SAFE_HOLD, Override: Safe hold mode active
2025-05-28 04:02:17,201 - INFO - [AUDIT] - Action: 0, Confidence: 1.0000, Safety Mode: SAFE_HOLD, Override: Safe hold mode active
2025-05-28 04:02:17,201 - INFO - [AUDIT] - Action: 0, Confidence: 1.0000, Safety Mode: SAFE_HOLD, Override: Safe hold mode active
2025-05-28 04:02:17,201 - INFO - [AUDIT] - Action: 0, Confidence: 1.0000, Safety Mode: SAFE_HOLD, Override: Safe hold mode active
2025-05-28 04:02:17,201 - INFO - [AUDIT] - Action: 0, Confidence: 1.0000, Safety Mode: SAFE_HOLD, Override: Safe hold mode active
2025-05-28 04:02:17,202 - INFO - [AUDIT] - Action: 0, Confidence: 1.0000, Safety Mode: SAFE_HOLD, Override: Safe hold mode active
2025-05-28 04:02:17,202 - INFO - [AUDIT] - Action: 0, Confidence: 1.0000, Safety Mode: SAFE_HOLD, Override: Safe hold mode active
2025-05-28 04:02:17,202 - INFO - [AUDIT] - Action: 0, Confidence: 1.0000, Safety Mode: SAFE_HOLD, Override: Safe hold mode active
2025-05-28 04:02:17,202 - INFO - [AUDIT] - Action: 0, Confidence: 1.0000, Safety Mode: SAFE_HOLD, Override: Safe hold mode active
2025-05-28 04:02:17,202 - INFO - [AUDIT] - Action: 0, Confidence: 1.0000, Safety Mode: SAFE_HOLD, Override: Safe hold mode active
2025-05-28 04:02:17,203 - INFO - [AUDIT] - Action: 0, Confidence: 1.0000, Safety Mode: SAFE_HOLD, Override: Safe hold mode active
2025-05-28 04:02:17,203 - INFO - [AUDIT] - Action: 0, Confidence: 1.0000, Safety Mode: SAFE_HOLD, Override: Safe hold mode active
2025-05-28 04:02:17,203 - INFO - [AUDIT] - Action: 0, Confidence: 1.0000, Safety Mode: SAFE_HOLD, Override: Safe hold mode active
2025-05-28 04:02:17,203 - INFO - [AUDIT] - Action: 0, Confidence: 1.0000, Safety Mode: SAFE_HOLD, Override: Safe hold mode active
2025-05-28 04:02:17,203 - INFO - [AUDIT] - Action: 0, Confidence: 1.0000, Safety Mode: SAFE_HOLD, Override: Safe hold mode active
2025-05-28 04:02:17,204 - INFO - [AUDIT] - Action: 0, Confidence: 1.0000, Safety Mode: SAFE_HOLD, Override: Safe hold mode active
2025-05-28 04:02:17,204 - INFO - [AUDIT] - Action: 0, Confidence: 1.0000, Safety Mode: SAFE_HOLD, Override: Safe hold mode active
2025-05-28 04:02:17,204 - INFO - [AUDIT] - Action: 0, Confidence: 1.0000, Safety Mode: SAFE_HOLD, Override: Safe hold mode active
2025-05-28 04:02:17,204 - INFO - [AUDIT] - Action: 0, Confidence: 1.0000, Safety Mode: SAFE_HOLD, Override: Safe hold mode active
2025-05-28 04:02:17,204 - INFO - [AUDIT] - Action: 0, Confidence: 1.0000, Safety Mode: SAFE_HOLD, Override: Safe hold mode active
2025-05-28 04:02:17,204 - INFO - [AUDIT] - Action: 0, Confidence: 1.0000, Safety Mode: SAFE_HOLD, Override: Safe hold mode active
2025-05-28 04:02:17,205 - INFO - [AUDIT] - Action: 0, Confidence: 1.0000, Safety Mode: SAFE_HOLD, Override: Safe hold mode active
2025-05-28 04:02:17,205 - INFO - [AUDIT] - Action: 0, Confidence: 1.0000, Safety Mode: SAFE_HOLD, Override: Safe hold mode active
2025-05-28 04:02:17,205 - INFO - [AUDIT] - Action: 0, Confidence: 1.0000, Safety Mode: SAFE_HOLD, Override: Safe hold mode active
2025-05-28 04:02:17,205 - INFO - [AUDIT] - Action: 0, Confidence: 1.0000, Safety Mode: SAFE_HOLD, Override: Safe hold mode active
2025-05-28 04:02:17,205 - INFO - [AUDIT] - Action: 0, Confidence: 1.0000, Safety Mode: SAFE_HOLD, Override: Safe hold mode active
2025-05-28 04:02:17,206 - INFO - [AUDIT] - Action: 0, Confidence: 1.0000, Safety Mode: SAFE_HOLD, Override: Safe hold mode active
2025-05-28 04:02:17,206 - INFO - [AUDIT] - Action: 0, Confidence: 1.0000, Safety Mode: SAFE_HOLD, Override: Safe hold mode active
2025-05-28 04:02:17,206 - INFO - [AUDIT] - Action: 0, Confidence: 1.0000, Safety Mode: SAFE_HOLD, Override: Safe hold mode active
2025-05-28 04:02:17,206 - INFO - [AUDIT] - Action: 0, Confidence: 1.0000, Safety Mode: SAFE_HOLD, Override: Safe hold mode active
2025-05-28 04:02:17,206 - INFO - [AUDIT] - Action: 0, Confidence: 1.0000, Safety Mode: SAFE_HOLD, Override: Safe hold mode active
2025-05-28 04:02:17,207 - INFO - [AUDIT] - Action: 0, Confidence: 1.0000, Safety Mode: SAFE_HOLD, Override: Safe hold mode active
2025-05-28 04:02:17,207 - INFO - [AUDIT] - Action: 0, Confidence: 1.0000, Safety Mode: SAFE_HOLD, Override: Safe hold mode active
2025-05-28 04:02:17,207 - INFO - [AUDIT] - Action: 0, Confidence: 1.0000, Safety Mode: SAFE_HOLD, Override: Safe hold mode active
2025-05-28 04:02:17,207 - INFO - [AUDIT] - Action: 0, Confidence: 1.0000, Safety Mode: SAFE_HOLD, Override: Safe hold mode active
2025-05-28 04:02:17,207 - INFO - [AUDIT] - Action: 0, Confidence: 1.0000, Safety Mode: SAFE_HOLD, Override: Safe hold mode active
2025-05-28 04:02:17,208 - INFO - [AUDIT] - Action: 0, Confidence: 1.0000, Safety Mode: SAFE_HOLD, Override: Safe hold mode active
2025-05-28 04:02:17,208 - INFO - [AUDIT] - Action: 0, Confidence: 1.0000, Safety Mode: SAFE_HOLD, Override: Safe hold mode active
2025-05-28 04:02:17,208 - INFO - [AUDIT] - Action: 0, Confidence: 1.0000, Safety Mode: SAFE_HOLD, Override: Safe hold mode active
2025-05-28 04:02:17,208 - INFO - [AUDIT] - Action: 0, Confidence: 1.0000, Safety Mode: SAFE_HOLD, Override: Safe hold mode active
2025-05-28 04:02:17,208 - INFO - [AUDIT] - Action: 0, Confidence: 1.0000, Safety Mode: SAFE_HOLD, Override: Safe hold mode active
2025-05-28 04:02:17,209 - INFO - [AUDIT] - Action: 0, Confidence: 1.0000, Safety Mode: SAFE_HOLD, Override: Safe hold mode active
2025-05-28 04:02:17,209 - INFO - [AUDIT] - Action: 0, Confidence: 1.0000, Safety Mode: SAFE_HOLD, Override: Safe hold mode active
2025-05-28 04:02:17,209 - INFO - [AUDIT] - Action: 0, Confidence: 1.0000, Safety Mode: SAFE_HOLD, Override: Safe hold mode active
2025-05-28 04:02:17,209 - INFO - [AUDIT] - Action: 0, Confidence: 1.0000, Safety Mode: SAFE_HOLD, Override: Safe hold mode active
2025-05-28 04:02:17,209 - INFO - [AUDIT] - Action: 0, Confidence: 1.0000, Safety Mode: SAFE_HOLD, Override: Safe hold mode active
2025-05-28 04:02:17,210 - INFO - [AUDIT] - Action: 0, Confidence: 1.0000, Safety Mode: SAFE_HOLD, Override: Safe hold mode active
2025-05-28 04:02:17,210 - INFO - [AUDIT] - Action: 0, Confidence: 1.0000, Safety Mode: SAFE_HOLD, Override: Safe hold mode active
2025-05-28 04:02:17,210 - INFO - [AUDIT] - Action: 0, Confidence: 1.0000, Safety Mode: SAFE_HOLD, Override: Safe hold mode active
2025-05-28 04:02:17,210 - INFO - [AUDIT] - Action: 0, Confidence: 1.0000, Safety Mode: SAFE_HOLD, Override: Safe hold mode active
2025-05-28 04:02:17,210 - INFO - [AUDIT] - Action: 0, Confidence: 1.0000, Safety Mode: SAFE_HOLD, Override: Safe hold mode active
2025-05-28 04:02:17,211 - INFO - [AUDIT] - Action: 0, Confidence: 1.0000, Safety Mode: SAFE_HOLD, Override: Safe hold mode active
2025-05-28 04:02:17,211 - INFO - [AUDIT] - Action: 0, Confidence: 1.0000, Safety Mode: SAFE_HOLD, Override: Safe hold mode active
2025-05-28 04:02:17,211 - INFO - [AUDIT] - Action: 0, Confidence: 1.0000, Safety Mode: SAFE_HOLD, Override: Safe hold mode active
2025-05-28 04:02:17,211 - INFO - [AUDIT] - Action: 0, Confidence: 1.0000, Safety Mode: SAFE_HOLD, Override: Safe hold mode active
2025-05-28 04:02:17,211 - INFO - [AUDIT] - Action: 0, Confidence: 1.0000, Safety Mode: SAFE_HOLD, Override: Safe hold mode active
2025-05-28 04:02:17,212 - INFO - [AUDIT] - Action: 0, Confidence: 1.0000, Safety Mode: SAFE_HOLD, Override: Safe hold mode active
2025-05-28 04:02:17,212 - INFO - [AUDIT] - Action: 0, Confidence: 1.0000, Safety Mode: SAFE_HOLD, Override: Safe hold mode active
2025-05-28 04:02:17,212 - INFO - [AUDIT] - Action: 0, Confidence: 1.0000, Safety Mode: SAFE_HOLD, Override: Safe hold mode active
2025-05-28 04:02:17,212 - INFO - [AUDIT] - Action: 0, Confidence: 1.0000, Safety Mode: SAFE_HOLD, Override: Safe hold mode active
2025-05-28 04:02:17,212 - INFO - [AUDIT] - Action: 0, Confidence: 1.0000, Safety Mode: SAFE_HOLD, Override: Safe hold mode active
2025-05-28 04:02:17,213 - INFO - [AUDIT] - Action: 0, Confidence: 1.0000, Safety Mode: SAFE_HOLD, Override: Safe hold mode active
2025-05-28 04:02:17,213 - INFO - [AUDIT] - Action: 0, Confidence: 1.0000, Safety Mode: SAFE_HOLD, Override: Safe hold mode active
2025-05-28 04:02:17,213 - INFO - [AUDIT] - Action: 0, Confidence: 1.0000, Safety Mode: SAFE_HOLD, Override: Safe hold mode active
2025-05-28 04:02:17,213 - INFO - [AUDIT] - Action: 0, Confidence: 1.0000, Safety Mode: SAFE_HOLD, Override: Safe hold mode active
2025-05-28 04:02:17,213 - INFO - [AUDIT] - Action: 0, Confidence: 1.0000, Safety Mode: SAFE_HOLD, Override: Safe hold mode active
2025-05-28 04:02:17,214 - INFO - [AUDIT] - Action: 0, Confidence: 1.0000, Safety Mode: SAFE_HOLD, Override: Safe hold mode active
2025-05-28 04:02:17,214 - INFO - [AUDIT] - Action: 0, Confidence: 1.0000, Safety Mode: SAFE_HOLD, Override: Safe hold mode active
2025-05-28 04:02:17,214 - INFO - [AUDIT] - Action: 0, Confidence: 1.0000, Safety Mode: SAFE_HOLD, Override: Safe hold mode active
2025-05-28 04:02:17,214 - INFO - [AUDIT] - Action: 0, Confidence: 1.0000, Safety Mode: SAFE_HOLD, Override: Safe hold mode active
2025-05-28 04:02:17,214 - INFO - [AUDIT] - Action: 0, Confidence: 1.0000, Safety Mode: SAFE_HOLD, Override: Safe hold mode active
2025-05-28 04:02:17,214 - INFO - [AUDIT] - Action: 0, Confidence: 1.0000, Safety Mode: SAFE_HOLD, Override: Safe hold mode active
2025-05-28 04:02:17,215 - INFO - [AUDIT] - Action: 0, Confidence: 1.0000, Safety Mode: SAFE_HOLD, Override: Safe hold mode active
2025-05-28 04:02:17,215 - INFO - [AUDIT] - Action: 0, Confidence: 1.0000, Safety Mode: SAFE_HOLD, Override: Safe hold mode active
2025-05-28 04:02:17,215 - INFO - [AUDIT] - Action: 0, Confidence: 1.0000, Safety Mode: SAFE_HOLD, Override: Safe hold mode active
2025-05-28 04:02:17,215 - INFO - [AUDIT] - Action: 0, Confidence: 1.0000, Safety Mode: SAFE_HOLD, Override: Safe hold mode active
2025-05-28 04:02:17,216 - INFO - [AUDIT] - Action: 0, Confidence: 1.0000, Safety Mode: SAFE_HOLD, Override: Safe hold mode active
2025-05-28 04:02:17,216 - INFO - [AUDIT] - Action: 0, Confidence: 1.0000, Safety Mode: SAFE_HOLD, Override: Safe hold mode active
2025-05-28 04:02:17,216 - INFO - [AUDIT] - Action: 0, Confidence: 1.0000, Safety Mode: SAFE_HOLD, Override: Safe hold mode active
2025-05-28 04:02:17,216 - INFO - [AUDIT] - Action: 0, Confidence: 1.0000, Safety Mode: SAFE_HOLD, Override: Safe hold mode active
2025-05-28 04:02:17,216 - INFO - [AUDIT] - Action: 0, Confidence: 1.0000, Safety Mode: SAFE_HOLD, Override: Safe hold mode active
2025-05-28 04:02:17,217 - INFO - [AUDIT] - Action: 0, Confidence: 1.0000, Safety Mode: SAFE_HOLD, Override: Safe hold mode active
2025-05-28 04:02:17,217 - INFO - [AUDIT] - Action: 0, Confidence: 1.0000, Safety Mode: SAFE_HOLD, Override: Safe hold mode active
2025-05-28 04:02:17,217 - INFO - [AUDIT] - Action: 0, Confidence: 1.0000, Safety Mode: SAFE_HOLD, Override: Safe hold mode active
2025-05-28 04:02:17,217 - INFO - [AUDIT] - Action: 0, Confidence: 1.0000, Safety Mode: SAFE_HOLD, Override: Safe hold mode active
2025-05-28 04:02:17,218 - INFO - [AUDIT] - Action: 0, Confidence: 1.0000, Safety Mode: SAFE_HOLD, Override: Safe hold mode active
2025-05-28 04:02:17,218 - INFO - [AUDIT] - Action: 0, Confidence: 1.0000, Safety Mode: SAFE_HOLD, Override: Safe hold mode active
2025-05-28 04:02:17,218 - INFO - [AUDIT] - Action: 0, Confidence: 1.0000, Safety Mode: SAFE_HOLD, Override: Safe hold mode active
2025-05-28 04:02:17,218 - INFO - [AUDIT] - Action: 0, Confidence: 1.0000, Safety Mode: SAFE_HOLD, Override: Safe hold mode active
2025-05-28 04:02:17,218 - INFO - [AUDIT] - Action: 0, Confidence: 1.0000, Safety Mode: SAFE_HOLD, Override: Safe hold mode active
2025-05-28 04:02:17,219 - INFO - [AUDIT] - Action: 0, Confidence: 1.0000, Safety Mode: SAFE_HOLD, Override: Safe hold mode active
2025-05-28 04:02:17,219 - INFO - [AUDIT] - Action: 0, Confidence: 1.0000, Safety Mode: SAFE_HOLD, Override: Safe hold mode active
2025-05-28 04:02:17,219 - INFO - [AUDIT] - Action: 0, Confidence: 1.0000, Safety Mode: SAFE_HOLD, Override: Safe hold mode active
2025-05-28 04:02:17,219 - INFO - [AUDIT] - Action: 0, Confidence: 1.0000, Safety Mode: SAFE_HOLD, Override: Safe hold mode active
2025-05-28 04:02:17,220 - INFO - [AUDIT] - Action: 0, Confidence: 1.0000, Safety Mode: SAFE_HOLD, Override: Safe hold mode active
2025-05-28 04:02:17,220 - INFO - [AUDIT] - Action: 0, Confidence: 1.0000, Safety Mode: SAFE_HOLD, Override: Safe hold mode active
2025-05-28 04:02:17,220 - INFO - [AUDIT] - Action: 0, Confidence: 1.0000, Safety Mode: SAFE_HOLD, Override: Safe hold mode active
2025-05-28 04:02:17,220 - INFO - [AUDIT] - Action: 0, Confidence: 1.0000, Safety Mode: SAFE_HOLD, Override: Safe hold mode active
2025-05-28 04:02:17,220 - INFO - [AUDIT] - Action: 0, Confidence: 1.0000, Safety Mode: SAFE_HOLD, Override: Safe hold mode active
2025-05-28 04:02:17,221 - INFO - [AUDIT] - Action: 0, Confidence: 1.0000, Safety Mode: SAFE_HOLD, Override: Safe hold mode active
2025-05-28 04:02:17,221 - INFO - [AUDIT] - Action: 0, Confidence: 1.0000, Safety Mode: SAFE_HOLD, Override: Safe hold mode active
2025-05-28 04:02:17,221 - INFO - [AUDIT] - Action: 0, Confidence: 1.0000, Safety Mode: SAFE_HOLD, Override: Safe hold mode active
2025-05-28 04:02:17,221 - INFO - [AUDIT] - Action: 0, Confidence: 1.0000, Safety Mode: SAFE_HOLD, Override: Safe hold mode active
2025-05-28 04:02:17,221 - INFO - [AUDIT] - Action: 0, Confidence: 1.0000, Safety Mode: SAFE_HOLD, Override: Safe hold mode active
2025-05-28 04:02:17,222 - INFO - [AUDIT] - Action: 0, Confidence: 1.0000, Safety Mode: SAFE_HOLD, Override: Safe hold mode active
2025-05-28 04:02:17,222 - INFO - [AUDIT] - Action: 0, Confidence: 1.0000, Safety Mode: SAFE_HOLD, Override: Safe hold mode active
2025-05-28 04:02:17,222 - INFO - [AUDIT] - Action: 0, Confidence: 1.0000, Safety Mode: SAFE_HOLD, Override: Safe hold mode active
2025-05-28 04:02:17,222 - INFO - [AUDIT] - Action: 0, Confidence: 1.0000, Safety Mode: SAFE_HOLD, Override: Safe hold mode active
2025-05-28 04:02:17,222 - INFO - [AUDIT] - Action: 0, Confidence: 1.0000, Safety Mode: SAFE_HOLD, Override: Safe hold mode active
2025-05-28 04:02:17,223 - INFO - [AUDIT] - Action: 0, Confidence: 1.0000, Safety Mode: SAFE_HOLD, Override: Safe hold mode active
2025-05-28 04:02:17,223 - INFO - [AUDIT] - Action: 0, Confidence: 1.0000, Safety Mode: SAFE_HOLD, Override: Safe hold mode active
2025-05-28 04:02:17,223 - INFO - [AUDIT] - Action: 0, Confidence: 1.0000, Safety Mode: SAFE_HOLD, Override: Safe hold mode active
2025-05-28 04:02:17,223 - INFO - [AUDIT] - Action: 0, Confidence: 1.0000, Safety Mode: SAFE_HOLD, Override: Safe hold mode active
2025-05-28 04:02:17,223 - INFO - [AUDIT] - Action: 0, Confidence: 1.0000, Safety Mode: SAFE_HOLD, Override: Safe hold mode active
2025-05-28 04:02:17,224 - INFO - [AUDIT] - Action: 0, Confidence: 1.0000, Safety Mode: SAFE_HOLD, Override: Safe hold mode active
2025-05-28 04:02:17,224 - INFO - [AUDIT] - Action: 0, Confidence: 1.0000, Safety Mode: SAFE_HOLD, Override: Safe hold mode active
2025-05-28 04:02:17,224 - INFO - [AUDIT] - Action: 0, Confidence: 1.0000, Safety Mode: SAFE_HOLD, Override: Safe hold mode active
2025-05-28 04:02:17,224 - INFO - [AUDIT] - Action: 0, Confidence: 1.0000, Safety Mode: SAFE_HOLD, Override: Safe hold mode active
2025-05-28 04:02:17,224 - INFO - [AUDIT] - Action: 0, Confidence: 1.0000, Safety Mode: SAFE_HOLD, Override: Safe hold mode active
2025-05-28 04:02:17,225 - INFO - [AUDIT] - Action: 0, Confidence: 1.0000, Safety Mode: SAFE_HOLD, Override: Safe hold mode active
2025-05-28 04:02:17,225 - INFO - [AUDIT] - Action: 0, Confidence: 1.0000, Safety Mode: SAFE_HOLD, Override: Safe hold mode active
2025-05-28 04:02:17,225 - INFO - [AUDIT] - Action: 0, Confidence: 1.0000, Safety Mode: SAFE_HOLD, Override: Safe hold mode active
2025-05-28 04:02:17,225 - INFO - [AUDIT] - Action: 0, Confidence: 1.0000, Safety Mode: SAFE_HOLD, Override: Safe hold mode active
2025-05-28 04:02:17,225 - INFO - [AUDIT] - Action: 0, Confidence: 1.0000, Safety Mode: SAFE_HOLD, Override: Safe hold mode active
2025-05-28 04:02:17,226 - INFO - [AUDIT] - Action: 0, Confidence: 1.0000, Safety Mode: SAFE_HOLD, Override: Safe hold mode active
2025-05-28 04:02:17,226 - INFO - [AUDIT] - Action: 0, Confidence: 1.0000, Safety Mode: SAFE_HOLD, Override: Safe hold mode active
2025-05-28 04:02:17,226 - INFO - [AUDIT] - Action: 0, Confidence: 1.0000, Safety Mode: SAFE_HOLD, Override: Safe hold mode active
2025-05-28 04:02:17,226 - INFO - [AUDIT] - Action: 0, Confidence: 1.0000, Safety Mode: SAFE_HOLD, Override: Safe hold mode active
2025-05-28 04:02:17,226 - INFO - [AUDIT] - Action: 0, Confidence: 1.0000, Safety Mode: SAFE_HOLD, Override: Safe hold mode active
2025-05-28 04:02:17,227 - INFO - [AUDIT] - Action: 0, Confidence: 1.0000, Safety Mode: SAFE_HOLD, Override: Safe hold mode active
2025-05-28 04:02:17,227 - INFO - [AUDIT] - Action: 0, Confidence: 1.0000, Safety Mode: SAFE_HOLD, Override: Safe hold mode active
2025-05-28 04:02:17,227 - INFO - [AUDIT] - Action: 0, Confidence: 1.0000, Safety Mode: SAFE_HOLD, Override: Safe hold mode active
2025-05-28 04:02:17,227 - INFO - [AUDIT] - Action: 0, Confidence: 1.0000, Safety Mode: SAFE_HOLD, Override: Safe hold mode active
2025-05-28 04:02:17,227 - INFO - [AUDIT] - Action: 0, Confidence: 1.0000, Safety Mode: SAFE_HOLD, Override: Safe hold mode active
2025-05-28 04:02:17,228 - INFO - [AUDIT] - Action: 0, Confidence: 1.0000, Safety Mode: SAFE_HOLD, Override: Safe hold mode active
2025-05-28 04:02:17,228 - INFO - [AUDIT] - Action: 0, Confidence: 1.0000, Safety Mode: SAFE_HOLD, Override: Safe hold mode active
2025-05-28 04:02:17,228 - INFO - [AUDIT] - Action: 0, Confidence: 1.0000, Safety Mode: SAFE_HOLD, Override: Safe hold mode active
2025-05-28 04:02:17,228 - INFO - [AUDIT] - Action: 0, Confidence: 1.0000, Safety Mode: SAFE_HOLD, Override: Safe hold mode active
2025-05-28 04:02:17,228 - INFO - [AUDIT] - Action: 0, Confidence: 1.0000, Safety Mode: SAFE_HOLD, Override: Safe hold mode active
2025-05-28 04:02:17,228 - INFO - [AUDIT] - Action: 0, Confidence: 1.0000, Safety Mode: SAFE_HOLD, Override: Safe hold mode active
2025-05-28 04:02:17,229 - INFO - [AUDIT] - Action: 0, Confidence: 1.0000, Safety Mode: SAFE_HOLD, Override: Safe hold mode active
2025-05-28 04:02:17,229 - INFO - [AUDIT] - Action: 0, Confidence: 1.0000, Safety Mode: SAFE_HOLD, Override: Safe hold mode active
2025-05-28 04:02:17,229 - INFO - [AUDIT] - Action: 0, Confidence: 1.0000, Safety Mode: SAFE_HOLD, Override: Safe hold mode active
2025-05-28 04:02:17,229 - INFO - [AUDIT] - Action: 0, Confidence: 1.0000, Safety Mode: SAFE_HOLD, Override: Safe hold mode active
2025-05-28 04:02:17,229 - INFO - [AUDIT] - Action: 0, Confidence: 1.0000, Safety Mode: SAFE_HOLD, Override: Safe hold mode active
2025-05-28 04:02:17,230 - INFO - [AUDIT] - Action: 0, Confidence: 1.0000, Safety Mode: SAFE_HOLD, Override: Safe hold mode active
2025-05-28 04:02:17,230 - INFO - [AUDIT] - Action: 0, Confidence: 1.0000, Safety Mode: SAFE_HOLD, Override: Safe hold mode active
2025-05-28 04:02:17,230 - INFO - [AUDIT] - Action: 0, Confidence: 1.0000, Safety Mode: SAFE_HOLD, Override: Safe hold mode active
2025-05-28 04:02:17,230 - INFO - [AUDIT] - Action: 0, Confidence: 1.0000, Safety Mode: SAFE_HOLD, Override: Safe hold mode active
2025-05-28 04:02:17,230 - INFO - [AUDIT] - Action: 0, Confidence: 1.0000, Safety Mode: SAFE_HOLD, Override: Safe hold mode active
2025-05-28 04:02:17,231 - INFO - [AUDIT] - Action: 0, Confidence: 1.0000, Safety Mode: SAFE_HOLD, Override: Safe hold mode active
2025-05-28 04:02:17,231 - INFO - [AUDIT] - Action: 0, Confidence: 1.0000, Safety Mode: SAFE_HOLD, Override: Safe hold mode active
2025-05-28 04:02:17,231 - INFO - [AUDIT] - Action: 0, Confidence: 1.0000, Safety Mode: SAFE_HOLD, Override: Safe hold mode active
2025-05-28 04:02:17,231 - INFO - [AUDIT] - Action: 0, Confidence: 1.0000, Safety Mode: SAFE_HOLD, Override: Safe hold mode active
2025-05-28 04:02:17,231 - INFO - [AUDIT] - Action: 0, Confidence: 1.0000, Safety Mode: SAFE_HOLD, Override: Safe hold mode active
2025-05-28 04:02:17,232 - INFO - [AUDIT] - Action: 0, Confidence: 1.0000, Safety Mode: SAFE_HOLD, Override: Safe hold mode active
2025-05-28 04:02:17,232 - INFO - [AUDIT] - Action: 0, Confidence: 1.0000, Safety Mode: SAFE_HOLD, Override: Safe hold mode active
2025-05-28 04:02:17,232 - INFO - [AUDIT] - Action: 0, Confidence: 1.0000, Safety Mode: SAFE_HOLD, Override: Safe hold mode active
2025-05-28 04:02:17,232 - INFO - [AUDIT] - Action: 0, Confidence: 1.0000, Safety Mode: SAFE_HOLD, Override: Safe hold mode active
2025-05-28 04:02:17,232 - INFO - [AUDIT] - Action: 0, Confidence: 1.0000, Safety Mode: SAFE_HOLD, Override: Safe hold mode active
2025-05-28 04:02:17,233 - INFO - [AUDIT] - Action: 0, Confidence: 1.0000, Safety Mode: SAFE_HOLD, Override: Safe hold mode active
2025-05-28 04:02:17,233 - INFO - [AUDIT] - Action: 0, Confidence: 1.0000, Safety Mode: SAFE_HOLD, Override: Safe hold mode active
2025-05-28 04:02:17,233 - INFO - [AUDIT] - Action: 0, Confidence: 1.0000, Safety Mode: SAFE_HOLD, Override: Safe hold mode active
2025-05-28 04:02:17,233 - INFO - [AUDIT] - Action: 0, Confidence: 1.0000, Safety Mode: SAFE_HOLD, Override: Safe hold mode active
2025-05-28 04:02:17,233 - INFO - [AUDIT] - Action: 0, Confidence: 1.0000, Safety Mode: SAFE_HOLD, Override: Safe hold mode active
2025-05-28 04:02:17,234 - INFO - [AUDIT] - Action: 0, Confidence: 1.0000, Safety Mode: SAFE_HOLD, Override: Safe hold mode active
2025-05-28 04:02:17,234 - INFO - [AUDIT] - Action: 0, Confidence: 1.0000, Safety Mode: SAFE_HOLD, Override: Safe hold mode active
2025-05-28 04:02:17,234 - INFO - [AUDIT] - Action: 0, Confidence: 1.0000, Safety Mode: SAFE_HOLD, Override: Safe hold mode active
2025-05-28 04:02:17,234 - INFO - [AUDIT] - Action: 0, Confidence: 1.0000, Safety Mode: SAFE_HOLD, Override: Safe hold mode active
2025-05-28 04:02:17,234 - INFO - [AUDIT] - Action: 0, Confidence: 1.0000, Safety Mode: SAFE_HOLD, Override: Safe hold mode active
2025-05-28 04:02:17,235 - INFO - [AUDIT] - Action: 0, Confidence: 1.0000, Safety Mode: SAFE_HOLD, Override: Safe hold mode active
2025-05-28 04:02:17,235 - INFO - [AUDIT] - Action: 0, Confidence: 1.0000, Safety Mode: SAFE_HOLD, Override: Safe hold mode active
2025-05-28 04:02:17,235 - INFO - [AUDIT] - Action: 0, Confidence: 1.0000, Safety Mode: SAFE_HOLD, Override: Safe hold mode active
2025-05-28 04:02:17,235 - INFO - [AUDIT] - Action: 0, Confidence: 1.0000, Safety Mode: SAFE_HOLD, Override: Safe hold mode active
2025-05-28 04:02:17,235 - INFO - [AUDIT] - Action: 0, Confidence: 1.0000, Safety Mode: SAFE_HOLD, Override: Safe hold mode active
2025-05-28 04:02:17,236 - INFO - [AUDIT] - Action: 0, Confidence: 1.0000, Safety Mode: SAFE_HOLD, Override: Safe hold mode active
2025-05-28 04:02:17,236 - INFO - [AUDIT] - Action: 0, Confidence: 1.0000, Safety Mode: SAFE_HOLD, Override: Safe hold mode active
2025-05-28 04:02:17,236 - INFO - [AUDIT] - Action: 0, Confidence: 1.0000, Safety Mode: SAFE_HOLD, Override: Safe hold mode active
2025-05-28 04:02:17,236 - INFO - [AUDIT] - Action: 0, Confidence: 1.0000, Safety Mode: SAFE_HOLD, Override: Safe hold mode active
2025-05-28 04:02:17,236 - INFO - [AUDIT] - Action: 0, Confidence: 1.0000, Safety Mode: SAFE_HOLD, Override: Safe hold mode active
2025-05-28 04:02:17,237 - INFO - [AUDIT] - Action: 0, Confidence: 1.0000, Safety Mode: SAFE_HOLD, Override: Safe hold mode active
2025-05-28 04:02:17,237 - INFO - [AUDIT] - Action: 0, Confidence: 1.0000, Safety Mode: SAFE_HOLD, Override: Safe hold mode active
2025-05-28 04:02:17,237 - INFO - [AUDIT] - Action: 0, Confidence: 1.0000, Safety Mode: SAFE_HOLD, Override: Safe hold mode active
2025-05-28 04:02:17,237 - INFO - [AUDIT] - Action: 0, Confidence: 1.0000, Safety Mode: SAFE_HOLD, Override: Safe hold mode active
2025-05-28 04:02:17,237 - INFO - [AUDIT] - Action: 0, Confidence: 1.0000, Safety Mode: SAFE_HOLD, Override: Safe hold mode active
2025-05-28 04:02:17,238 - INFO - [AUDIT] - Action: 0, Confidence: 1.0000, Safety Mode: SAFE_HOLD, Override: Safe hold mode active
2025-05-28 04:02:17,238 - INFO - [AUDIT] - Action: 0, Confidence: 1.0000, Safety Mode: SAFE_HOLD, Override: Safe hold mode active
2025-05-28 04:02:17,238 - INFO - [AUDIT] - Action: 0, Confidence: 1.0000, Safety Mode: SAFE_HOLD, Override: Safe hold mode active
2025-05-28 04:02:17,238 - INFO - [AUDIT] - Action: 0, Confidence: 1.0000, Safety Mode: SAFE_HOLD, Override: Safe hold mode active
2025-05-28 04:02:17,238 - INFO - [AUDIT] - Action: 0, Confidence: 1.0000, Safety Mode: SAFE_HOLD, Override: Safe hold mode active
2025-05-28 04:02:17,238 - INFO - [AUDIT] - Action: 0, Confidence: 1.0000, Safety Mode: SAFE_HOLD, Override: Safe hold mode active
2025-05-28 04:02:17,239 - INFO - [AUDIT] - Action: 0, Confidence: 1.0000, Safety Mode: SAFE_HOLD, Override: Safe hold mode active
2025-05-28 04:02:17,239 - INFO - [AUDIT] - Action: 0, Confidence: 1.0000, Safety Mode: SAFE_HOLD, Override: Safe hold mode active
2025-05-28 04:02:17,239 - INFO - [AUDIT] - Action: 0, Confidence: 1.0000, Safety Mode: SAFE_HOLD, Override: Safe hold mode active
2025-05-28 04:02:17,239 - INFO - [AUDIT] - Action: 0, Confidence: 1.0000, Safety Mode: SAFE_HOLD, Override: Safe hold mode active
2025-05-28 04:02:17,239 - INFO - [AUDIT] - Action: 0, Confidence: 1.0000, Safety Mode: SAFE_HOLD, Override: Safe hold mode active
2025-05-28 04:02:17,240 - INFO - [AUDIT] - Action: 0, Confidence: 1.0000, Safety Mode: SAFE_HOLD, Override: Safe hold mode active
2025-05-28 04:02:17,240 - INFO - [AUDIT] - Action: 0, Confidence: 1.0000, Safety Mode: SAFE_HOLD, Override: Safe hold mode active
2025-05-28 04:02:17,240 - INFO - [AUDIT] - Action: 0, Confidence: 1.0000, Safety Mode: SAFE_HOLD, Override: Safe hold mode active
2025-05-28 04:02:17,240 - INFO - [AUDIT] - Action: 0, Confidence: 1.0000, Safety Mode: SAFE_HOLD, Override: Safe hold mode active
2025-05-28 04:02:17,240 - INFO - [AUDIT] - Action: 0, Confidence: 1.0000, Safety Mode: SAFE_HOLD, Override: Safe hold mode active
2025-05-28 04:02:17,241 - INFO - [AUDIT] - Action: 0, Confidence: 1.0000, Safety Mode: SAFE_HOLD, Override: Safe hold mode active
2025-05-28 04:02:17,241 - INFO - [AUDIT] - Action: 0, Confidence: 1.0000, Safety Mode: SAFE_HOLD, Override: Safe hold mode active
2025-05-28 04:02:17,241 - INFO - [AUDIT] - Action: 0, Confidence: 1.0000, Safety Mode: SAFE_HOLD, Override: Safe hold mode active
2025-05-28 04:02:17,241 - INFO - [AUDIT] - Action: 0, Confidence: 1.0000, Safety Mode: SAFE_HOLD, Override: Safe hold mode active
2025-05-28 04:02:17,241 - INFO - [AUDIT] - Action: 0, Confidence: 1.0000, Safety Mode: SAFE_HOLD, Override: Safe hold mode active
2025-05-28 04:02:17,241 - INFO - [AUDIT] - Action: 0, Confidence: 1.0000, Safety Mode: SAFE_HOLD, Override: Safe hold mode active
2025-05-28 04:02:17,242 - INFO - [AUDIT] - Action: 0, Confidence: 1.0000, Safety Mode: SAFE_HOLD, Override: Safe hold mode active
2025-05-28 04:02:17,242 - INFO - [AUDIT] - Action: 0, Confidence: 1.0000, Safety Mode: SAFE_HOLD, Override: Safe hold mode active
2025-05-28 04:02:17,242 - INFO - [AUDIT] - Action: 0, Confidence: 1.0000, Safety Mode: SAFE_HOLD, Override: Safe hold mode active
2025-05-28 04:02:17,242 - INFO - [AUDIT] - Action: 0, Confidence: 1.0000, Safety Mode: SAFE_HOLD, Override: Safe hold mode active
2025-05-28 04:02:17,242 - INFO - [AUDIT] - Action: 0, Confidence: 1.0000, Safety Mode: SAFE_HOLD, Override: Safe hold mode active
2025-05-28 04:02:17,243 - INFO - [AUDIT] - Action: 0, Confidence: 1.0000, Safety Mode: SAFE_HOLD, Override: Safe hold mode active
2025-05-28 04:02:17,243 - INFO - [AUDIT] - Action: 0, Confidence: 1.0000, Safety Mode: SAFE_HOLD, Override: Safe hold mode active
2025-05-28 04:02:17,243 - INFO - [AUDIT] - Action: 0, Confidence: 1.0000, Safety Mode: SAFE_HOLD, Override: Safe hold mode active
2025-05-28 04:02:17,243 - INFO - [AUDIT] - Action: 0, Confidence: 1.0000, Safety Mode: SAFE_HOLD, Override: Safe hold mode active
2025-05-28 04:02:17,243 - INFO - [AUDIT] - Action: 0, Confidence: 1.0000, Safety Mode: SAFE_HOLD, Override: Safe hold mode active
2025-05-28 04:02:17,244 - INFO - [AUDIT] - Action: 0, Confidence: 1.0000, Safety Mode: SAFE_HOLD, Override: Safe hold mode active
2025-05-28 04:02:17,244 - INFO - [AUDIT] - Action: 0, Confidence: 1.0000, Safety Mode: SAFE_HOLD, Override: Safe hold mode active
2025-05-28 04:02:17,244 - INFO - [AUDIT] - Action: 0, Confidence: 1.0000, Safety Mode: SAFE_HOLD, Override: Safe hold mode active
2025-05-28 04:02:17,244 - INFO - [AUDIT] - Action: 0, Confidence: 1.0000, Safety Mode: SAFE_HOLD, Override: Safe hold mode active
2025-05-28 04:02:17,244 - INFO - [AUDIT] - Action: 0, Confidence: 1.0000, Safety Mode: SAFE_HOLD, Override: Safe hold mode active
2025-05-28 04:02:17,245 - INFO - [AUDIT] - Action: 0, Confidence: 1.0000, Safety Mode: SAFE_HOLD, Override: Safe hold mode active
2025-05-28 04:02:17,245 - INFO - [AUDIT] - Action: 0, Confidence: 1.0000, Safety Mode: SAFE_HOLD, Override: Safe hold mode active
2025-05-28 04:02:17,245 - INFO - [AUDIT] - Action: 0, Confidence: 1.0000, Safety Mode: SAFE_HOLD, Override: Safe hold mode active
2025-05-28 04:02:17,245 - INFO - [AUDIT] - Action: 0, Confidence: 1.0000, Safety Mode: SAFE_HOLD, Override: Safe hold mode active
2025-05-28 04:02:17,245 - INFO - [AUDIT] - Action: 0, Confidence: 1.0000, Safety Mode: SAFE_HOLD, Override: Safe hold mode active
2025-05-28 04:02:17,245 - INFO - [AUDIT] - Action: 0, Confidence: 1.0000, Safety Mode: SAFE_HOLD, Override: Safe hold mode active
2025-05-28 04:02:17,246 - INFO - [AUDIT] - Action: 0, Confidence: 1.0000, Safety Mode: SAFE_HOLD, Override: Safe hold mode active
2025-05-28 04:02:17,246 - INFO - [AUDIT] - Action: 0, Confidence: 1.0000, Safety Mode: SAFE_HOLD, Override: Safe hold mode active
2025-05-28 04:02:17,246 - INFO - [AUDIT] - Action: 0, Confidence: 1.0000, Safety Mode: SAFE_HOLD, Override: Safe hold mode active
2025-05-28 04:02:17,246 - INFO - [AUDIT] - Action: 0, Confidence: 1.0000, Safety Mode: SAFE_HOLD, Override: Safe hold mode active
2025-05-28 04:02:17,246 - INFO - [AUDIT] - Action: 0, Confidence: 1.0000, Safety Mode: SAFE_HOLD, Override: Safe hold mode active
2025-05-28 04:02:17,247 - INFO - [AUDIT] - Action: 0, Confidence: 1.0000, Safety Mode: SAFE_HOLD, Override: Safe hold mode active
2025-05-28 04:02:17,247 - INFO - [AUDIT] - Action: 0, Confidence: 1.0000, Safety Mode: SAFE_HOLD, Override: Safe hold mode active
2025-05-28 04:02:17,247 - INFO - [AUDIT] - Action: 0, Confidence: 1.0000, Safety Mode: SAFE_HOLD, Override: Safe hold mode active
2025-05-28 04:02:17,247 - INFO - [AUDIT] - Action: 0, Confidence: 1.0000, Safety Mode: SAFE_HOLD, Override: Safe hold mode active
2025-05-28 04:02:17,247 - INFO - [AUDIT] - Action: 0, Confidence: 1.0000, Safety Mode: SAFE_HOLD, Override: Safe hold mode active
2025-05-28 04:02:17,248 - INFO - [AUDIT] - Action: 0, Confidence: 1.0000, Safety Mode: SAFE_HOLD, Override: Safe hold mode active
2025-05-28 04:02:17,248 - INFO - [AUDIT] - Action: 0, Confidence: 1.0000, Safety Mode: SAFE_HOLD, Override: Safe hold mode active
2025-05-28 04:02:17,248 - INFO - [AUDIT] - Action: 0, Confidence: 1.0000, Safety Mode: SAFE_HOLD, Override: Safe hold mode active
2025-05-28 04:02:17,248 - INFO - [AUDIT] - Action: 0, Confidence: 1.0000, Safety Mode: SAFE_HOLD, Override: Safe hold mode active
2025-05-28 04:02:17,248 - INFO - [AUDIT] - Action: 0, Confidence: 1.0000, Safety Mode: SAFE_HOLD, Override: Safe hold mode active
2025-05-28 04:02:17,249 - INFO - [AUDIT] - Action: 0, Confidence: 1.0000, Safety Mode: SAFE_HOLD, Override: Safe hold mode active
2025-05-28 04:02:17,249 - INFO - [AUDIT] - Action: 0, Confidence: 1.0000, Safety Mode: SAFE_HOLD, Override: Safe hold mode active
2025-05-28 04:02:17,249 - INFO - [AUDIT] - Action: 0, Confidence: 1.0000, Safety Mode: SAFE_HOLD, Override: Safe hold mode active
2025-05-28 04:02:17,249 - INFO - [AUDIT] - Action: 0, Confidence: 1.0000, Safety Mode: SAFE_HOLD, Override: Safe hold mode active
2025-05-28 04:02:17,249 - INFO - [AUDIT] - Action: 0, Confidence: 1.0000, Safety Mode: SAFE_HOLD, Override: Safe hold mode active
2025-05-28 04:02:17,249 - INFO - [AUDIT] - Action: 0, Confidence: 1.0000, Safety Mode: SAFE_HOLD, Override: Safe hold mode active
2025-05-28 04:02:17,250 - INFO - [AUDIT] - Action: 0, Confidence: 1.0000, Safety Mode: SAFE_HOLD, Override: Safe hold mode active
2025-05-28 04:02:17,250 - INFO - [AUDIT] - Action: 0, Confidence: 1.0000, Safety Mode: SAFE_HOLD, Override: Safe hold mode active
2025-05-28 04:02:17,250 - INFO - [AUDIT] - Action: 0, Confidence: 1.0000, Safety Mode: SAFE_HOLD, Override: Safe hold mode active
2025-05-28 04:02:17,250 - INFO - [AUDIT] - Action: 0, Confidence: 1.0000, Safety Mode: SAFE_HOLD, Override: Safe hold mode active
2025-05-28 04:02:17,250 - INFO - [AUDIT] - Action: 0, Confidence: 1.0000, Safety Mode: SAFE_HOLD, Override: Safe hold mode active
2025-05-28 04:02:17,251 - INFO - [AUDIT] - Action: 0, Confidence: 1.0000, Safety Mode: SAFE_HOLD, Override: Safe hold mode active
2025-05-28 04:02:17,251 - INFO - [AUDIT] - Action: 0, Confidence: 1.0000, Safety Mode: SAFE_HOLD, Override: Safe hold mode active
2025-05-28 04:02:17,251 - INFO - [AUDIT] - Action: 0, Confidence: 1.0000, Safety Mode: SAFE_HOLD, Override: Safe hold mode active
2025-05-28 04:02:17,251 - INFO - [AUDIT] - Action: 0, Confidence: 1.0000, Safety Mode: SAFE_HOLD, Override: Safe hold mode active
2025-05-28 04:02:17,252 - INFO - [AUDIT] - Action: 0, Confidence: 1.0000, Safety Mode: SAFE_HOLD, Override: Safe hold mode active
2025-05-28 04:02:17,252 - INFO - [AUDIT] - Action: 0, Confidence: 1.0000, Safety Mode: SAFE_HOLD, Override: Safe hold mode active
2025-05-28 04:02:17,252 - INFO - [AUDIT] - Action: 0, Confidence: 1.0000, Safety Mode: SAFE_HOLD, Override: Safe hold mode active
2025-05-28 04:02:17,252 - INFO - [AUDIT] - Action: 0, Confidence: 1.0000, Safety Mode: SAFE_HOLD, Override: Safe hold mode active
2025-05-28 04:02:17,252 - INFO - [AUDIT] - Action: 0, Confidence: 1.0000, Safety Mode: SAFE_HOLD, Override: Safe hold mode active
2025-05-28 04:02:17,253 - INFO - [AUDIT] - Action: 0, Confidence: 1.0000, Safety Mode: SAFE_HOLD, Override: Safe hold mode active
2025-05-28 04:02:17,253 - INFO - [AUDIT] - Action: 0, Confidence: 1.0000, Safety Mode: SAFE_HOLD, Override: Safe hold mode active
2025-05-28 04:02:17,253 - INFO - [AUDIT] - Action: 0, Confidence: 1.0000, Safety Mode: SAFE_HOLD, Override: Safe hold mode active
2025-05-28 04:02:17,253 - INFO - [AUDIT] - Action: 0, Confidence: 1.0000, Safety Mode: SAFE_HOLD, Override: Safe hold mode active
2025-05-28 04:02:17,253 - INFO - [AUDIT] - Action: 0, Confidence: 1.0000, Safety Mode: SAFE_HOLD, Override: Safe hold mode active
2025-05-28 04:02:17,253 - INFO - [AUDIT] - Action: 0, Confidence: 1.0000, Safety Mode: SAFE_HOLD, Override: Safe hold mode active
2025-05-28 04:02:17,254 - INFO - [AUDIT] - Action: 0, Confidence: 1.0000, Safety Mode: SAFE_HOLD, Override: Safe hold mode active
2025-05-28 04:02:17,254 - INFO - [AUDIT] - Action: 0, Confidence: 1.0000, Safety Mode: SAFE_HOLD, Override: Safe hold mode active
2025-05-28 04:02:17,254 - INFO - [AUDIT] - Action: 0, Confidence: 1.0000, Safety Mode: SAFE_HOLD, Override: Safe hold mode active
2025-05-28 04:02:17,254 - INFO - [AUDIT] - Action: 0, Confidence: 1.0000, Safety Mode: SAFE_HOLD, Override: Safe hold mode active
2025-05-28 04:02:17,254 - INFO - [AUDIT] - Action: 0, Confidence: 1.0000, Safety Mode: SAFE_HOLD, Override: Safe hold mode active
2025-05-28 04:02:17,255 - INFO - [AUDIT] - Action: 0, Confidence: 1.0000, Safety Mode: SAFE_HOLD, Override: Safe hold mode active
2025-05-28 04:02:17,255 - INFO - [AUDIT] - Action: 0, Confidence: 1.0000, Safety Mode: SAFE_HOLD, Override: Safe hold mode active
2025-05-28 04:02:17,789 - INFO - [AUDIT] - Action: 0, Confidence: 1.0000, Safety Mode: SAFE_HOLD, Override: Safe hold mode active
2025-05-28 04:02:17,789 - INFO - [AUDIT] - Action: 0, Confidence: 1.0000, Safety Mode: SAFE_HOLD, Override: Safe hold mode active
2025-05-28 04:02:17,789 - INFO - [AUDIT] - Action: 0, Confidence: 1.0000, Safety Mode: SAFE_HOLD, Override: Safe hold mode active
2025-05-28 04:02:17,789 - INFO - [AUDIT] - Action: 0, Confidence: 1.0000, Safety Mode: SAFE_HOLD, Override: Safe hold mode active
2025-05-28 04:02:17,790 - INFO - [AUDIT] - Action: 0, Confidence: 1.0000, Safety Mode: SAFE_HOLD, Override: Safe hold mode active
2025-05-28 04:02:17,790 - INFO - [AUDIT] - Action: 0, Confidence: 1.0000, Safety Mode: SAFE_HOLD, Override: Safe hold mode active
2025-05-28 04:02:17,790 - INFO - [AUDIT] - Action: 0, Confidence: 1.0000, Safety Mode: SAFE_HOLD, Override: Safe hold mode active
2025-05-28 04:02:17,790 - INFO - [AUDIT] - Action: 0, Confidence: 1.0000, Safety Mode: SAFE_HOLD, Override: Safe hold mode active
2025-05-28 04:02:17,790 - INFO - [AUDIT] - Action: 0, Confidence: 1.0000, Safety Mode: SAFE_HOLD, Override: Safe hold mode active
2025-05-28 04:02:17,791 - INFO - [AUDIT] - Action: 0, Confidence: 1.0000, Safety Mode: SAFE_HOLD, Override: Safe hold mode active
2025-05-28 04:02:17,791 - INFO - [AUDIT] - Action: 0, Confidence: 1.0000, Safety Mode: SAFE_HOLD, Override: Safe hold mode active
2025-05-28 04:02:17,791 - INFO - [AUDIT] - Action: 0, Confidence: 1.0000, Safety Mode: SAFE_HOLD, Override: Safe hold mode active
2025-05-28 04:02:17,791 - INFO - [AUDIT] - Action: 0, Confidence: 1.0000, Safety Mode: SAFE_HOLD, Override: Safe hold mode active
2025-05-28 04:02:17,791 - INFO - [AUDIT] - Action: 0, Confidence: 1.0000, Safety Mode: SAFE_HOLD, Override: Safe hold mode active
2025-05-28 04:02:17,792 - INFO - [AUDIT] - Action: 0, Confidence: 1.0000, Safety Mode: SAFE_HOLD, Override: Safe hold mode active
2025-05-28 04:02:17,792 - INFO - [AUDIT] - Action: 0, Confidence: 1.0000, Safety Mode: SAFE_HOLD, Override: Safe hold mode active
2025-05-28 04:02:17,792 - INFO - [AUDIT] - Action: 0, Confidence: 1.0000, Safety Mode: SAFE_HOLD, Override: Safe hold mode active
2025-05-28 04:02:17,792 - INFO - [AUDIT] - Action: 0, Confidence: 1.0000, Safety Mode: SAFE_HOLD, Override: Safe hold mode active
2025-05-28 04:02:17,792 - INFO - [AUDIT] - Action: 0, Confidence: 1.0000, Safety Mode: SAFE_HOLD, Override: Safe hold mode active
2025-05-28 04:02:17,793 - INFO - [AUDIT] - Action: 0, Confidence: 1.0000, Safety Mode: SAFE_HOLD, Override: Safe hold mode active
2025-05-28 04:02:17,793 - INFO - [AUDIT] - Action: 0, Confidence: 1.0000, Safety Mode: SAFE_HOLD, Override: Safe hold mode active
2025-05-28 04:02:17,793 - INFO - [AUDIT] - Action: 0, Confidence: 1.0000, Safety Mode: SAFE_HOLD, Override: Safe hold mode active
2025-05-28 04:02:17,793 - INFO - [AUDIT] - Action: 0, Confidence: 1.0000, Safety Mode: SAFE_HOLD, Override: Safe hold mode active
2025-05-28 04:02:17,794 - INFO - [AUDIT] - Action: 0, Confidence: 1.0000, Safety Mode: SAFE_HOLD, Override: Safe hold mode active
2025-05-28 04:02:17,794 - INFO - [AUDIT] - Action: 0, Confidence: 1.0000, Safety Mode: SAFE_HOLD, Override: Safe hold mode active
2025-05-28 04:02:17,794 - INFO - [AUDIT] - Action: 0, Confidence: 1.0000, Safety Mode: SAFE_HOLD, Override: Safe hold mode active
2025-05-28 04:02:17,794 - INFO - [AUDIT] - Action: 0, Confidence: 1.0000, Safety Mode: SAFE_HOLD, Override: Safe hold mode active
2025-05-28 04:02:17,794 - INFO - [AUDIT] - Action: 0, Confidence: 1.0000, Safety Mode: SAFE_HOLD, Override: Safe hold mode active
2025-05-28 04:02:17,795 - INFO - [AUDIT] - Action: 0, Confidence: 1.0000, Safety Mode: SAFE_HOLD, Override: Safe hold mode active
2025-05-28 04:02:17,795 - INFO - [AUDIT] - Action: 0, Confidence: 1.0000, Safety Mode: SAFE_HOLD, Override: Safe hold mode active
2025-05-28 04:02:17,795 - INFO - [AUDIT] - Action: 0, Confidence: 1.0000, Safety Mode: SAFE_HOLD, Override: Safe hold mode active
2025-05-28 04:02:17,795 - INFO - [AUDIT] - Action: 0, Confidence: 1.0000, Safety Mode: SAFE_HOLD, Override: Safe hold mode active
2025-05-28 04:02:17,795 - INFO - [AUDIT] - Action: 0, Confidence: 1.0000, Safety Mode: SAFE_HOLD, Override: Safe hold mode active
2025-05-28 04:02:17,796 - INFO - [AUDIT] - Action: 0, Confidence: 1.0000, Safety Mode: SAFE_HOLD, Override: Safe hold mode active
2025-05-28 04:02:17,796 - INFO - [AUDIT] - Action: 0, Confidence: 1.0000, Safety Mode: SAFE_HOLD, Override: Safe hold mode active
2025-05-28 04:02:17,796 - INFO - [AUDIT] - Action: 0, Confidence: 1.0000, Safety Mode: SAFE_HOLD, Override: Safe hold mode active
2025-05-28 04:02:17,796 - INFO - [AUDIT] - Action: 0, Confidence: 1.0000, Safety Mode: SAFE_HOLD, Override: Safe hold mode active
2025-05-28 04:02:17,797 - INFO - [AUDIT] - Action: 0, Confidence: 1.0000, Safety Mode: SAFE_HOLD, Override: Safe hold mode active
2025-05-28 04:02:17,797 - INFO - [AUDIT] - Action: 0, Confidence: 1.0000, Safety Mode: SAFE_HOLD, Override: Safe hold mode active
2025-05-28 04:02:17,797 - INFO - [AUDIT] - Action: 0, Confidence: 1.0000, Safety Mode: SAFE_HOLD, Override: Safe hold mode active
2025-05-28 04:02:17,797 - INFO - [AUDIT] - Action: 0, Confidence: 1.0000, Safety Mode: SAFE_HOLD, Override: Safe hold mode active
2025-05-28 04:02:17,797 - INFO - [AUDIT] - Action: 0, Confidence: 1.0000, Safety Mode: SAFE_HOLD, Override: Safe hold mode active
2025-05-28 04:02:17,798 - INFO - [AUDIT] - Action: 0, Confidence: 1.0000, Safety Mode: SAFE_HOLD, Override: Safe hold mode active
2025-05-28 04:02:17,798 - INFO - [AUDIT] - Action: 0, Confidence: 1.0000, Safety Mode: SAFE_HOLD, Override: Safe hold mode active
2025-05-28 04:02:17,798 - INFO - [AUDIT] - Action: 0, Confidence: 1.0000, Safety Mode: SAFE_HOLD, Override: Safe hold mode active
2025-05-28 04:02:17,798 - INFO - [AUDIT] - Action: 0, Confidence: 1.0000, Safety Mode: SAFE_HOLD, Override: Safe hold mode active
2025-05-28 04:02:17,798 - INFO - [AUDIT] - Action: 0, Confidence: 1.0000, Safety Mode: SAFE_HOLD, Override: Safe hold mode active
2025-05-28 04:02:17,799 - INFO - [AUDIT] - Action: 0, Confidence: 1.0000, Safety Mode: SAFE_HOLD, Override: Safe hold mode active
2025-05-28 04:02:17,799 - INFO - [AUDIT] - Action: 0, Confidence: 1.0000, Safety Mode: SAFE_HOLD, Override: Safe hold mode active
2025-05-28 04:02:17,799 - INFO - [AUDIT] - Action: 0, Confidence: 1.0000, Safety Mode: SAFE_HOLD, Override: Safe hold mode active
2025-05-28 04:02:17,799 - INFO - [AUDIT] - Action: 0, Confidence: 1.0000, Safety Mode: SAFE_HOLD, Override: Safe hold mode active
2025-05-28 04:02:17,799 - INFO - [AUDIT] - Action: 0, Confidence: 1.0000, Safety Mode: SAFE_HOLD, Override: Safe hold mode active
2025-05-28 04:02:17,800 - INFO - [AUDIT] - Action: 0, Confidence: 1.0000, Safety Mode: SAFE_HOLD, Override: Safe hold mode active
2025-05-28 04:02:17,800 - INFO - [AUDIT] - Action: 0, Confidence: 1.0000, Safety Mode: SAFE_HOLD, Override: Safe hold mode active
2025-05-28 04:02:17,800 - INFO - [AUDIT] - Action: 0, Confidence: 1.0000, Safety Mode: SAFE_HOLD, Override: Safe hold mode active
2025-05-28 04:02:17,800 - INFO - [AUDIT] - Action: 0, Confidence: 1.0000, Safety Mode: SAFE_HOLD, Override: Safe hold mode active
2025-05-28 04:02:17,800 - INFO - [AUDIT] - Action: 0, Confidence: 1.0000, Safety Mode: SAFE_HOLD, Override: Safe hold mode active
2025-05-28 04:02:17,801 - INFO - [AUDIT] - Action: 0, Confidence: 1.0000, Safety Mode: SAFE_HOLD, Override: Safe hold mode active
2025-05-28 04:02:17,801 - INFO - [AUDIT] - Action: 0, Confidence: 1.0000, Safety Mode: SAFE_HOLD, Override: Safe hold mode active
2025-05-28 04:02:17,801 - INFO - [AUDIT] - Action: 0, Confidence: 1.0000, Safety Mode: SAFE_HOLD, Override: Safe hold mode active
2025-05-28 04:02:17,801 - INFO - [AUDIT] - Action: 0, Confidence: 1.0000, Safety Mode: SAFE_HOLD, Override: Safe hold mode active
2025-05-28 04:02:17,802 - INFO - [AUDIT] - Action: 0, Confidence: 1.0000, Safety Mode: SAFE_HOLD, Override: Safe hold mode active
2025-05-28 04:02:17,802 - INFO - [AUDIT] - Action: 0, Confidence: 1.0000, Safety Mode: SAFE_HOLD, Override: Safe hold mode active
2025-05-28 04:02:17,802 - INFO - [AUDIT] - Action: 0, Confidence: 1.0000, Safety Mode: SAFE_HOLD, Override: Safe hold mode active
2025-05-28 04:02:17,802 - INFO - [AUDIT] - Action: 0, Confidence: 1.0000, Safety Mode: SAFE_HOLD, Override: Safe hold mode active
2025-05-28 04:02:17,802 - INFO - [AUDIT] - Action: 0, Confidence: 1.0000, Safety Mode: SAFE_HOLD, Override: Safe hold mode active
2025-05-28 04:02:17,802 - INFO - [AUDIT] - Action: 0, Confidence: 1.0000, Safety Mode: SAFE_HOLD, Override: Safe hold mode active
2025-05-28 04:02:17,803 - INFO - [AUDIT] - Action: 0, Confidence: 1.0000, Safety Mode: SAFE_HOLD, Override: Safe hold mode active
2025-05-28 04:02:17,803 - INFO - [AUDIT] - Action: 0, Confidence: 1.0000, Safety Mode: SAFE_HOLD, Override: Safe hold mode active
2025-05-28 04:02:17,803 - INFO - [AUDIT] - Action: 0, Confidence: 1.0000, Safety Mode: SAFE_HOLD, Override: Safe hold mode active
2025-05-28 04:02:17,803 - INFO - [AUDIT] - Action: 0, Confidence: 1.0000, Safety Mode: SAFE_HOLD, Override: Safe hold mode active
2025-05-28 04:02:17,803 - INFO - [AUDIT] - Action: 0, Confidence: 1.0000, Safety Mode: SAFE_HOLD, Override: Safe hold mode active
2025-05-28 04:02:17,804 - INFO - [AUDIT] - Action: 0, Confidence: 1.0000, Safety Mode: SAFE_HOLD, Override: Safe hold mode active
2025-05-28 04:02:17,804 - INFO - [AUDIT] - Action: 0, Confidence: 1.0000, Safety Mode: SAFE_HOLD, Override: Safe hold mode active
2025-05-28 04:02:17,804 - INFO - [AUDIT] - Action: 0, Confidence: 1.0000, Safety Mode: SAFE_HOLD, Override: Safe hold mode active
2025-05-28 04:02:17,804 - INFO - [AUDIT] - Action: 0, Confidence: 1.0000, Safety Mode: SAFE_HOLD, Override: Safe hold mode active
2025-05-28 04:02:17,804 - INFO - [AUDIT] - Action: 0, Confidence: 1.0000, Safety Mode: SAFE_HOLD, Override: Safe hold mode active
2025-05-28 04:02:17,805 - INFO - [AUDIT] - Action: 0, Confidence: 1.0000, Safety Mode: SAFE_HOLD, Override: Safe hold mode active
2025-05-28 04:02:17,805 - INFO - [AUDIT] - Action: 0, Confidence: 1.0000, Safety Mode: SAFE_HOLD, Override: Safe hold mode active
2025-05-28 04:02:17,805 - INFO - [AUDIT] - Action: 0, Confidence: 1.0000, Safety Mode: SAFE_HOLD, Override: Safe hold mode active
2025-05-28 04:02:17,805 - INFO - [AUDIT] - Action: 0, Confidence: 1.0000, Safety Mode: SAFE_HOLD, Override: Safe hold mode active
2025-05-28 04:02:17,805 - INFO - [AUDIT] - Action: 0, Confidence: 1.0000, Safety Mode: SAFE_HOLD, Override: Safe hold mode active
2025-05-28 04:02:17,805 - INFO - [AUDIT] - Action: 0, Confidence: 1.0000, Safety Mode: SAFE_HOLD, Override: Safe hold mode active
2025-05-28 04:02:17,806 - INFO - [AUDIT] - Action: 0, Confidence: 1.0000, Safety Mode: SAFE_HOLD, Override: Safe hold mode active
2025-05-28 04:02:17,806 - INFO - [AUDIT] - Action: 0, Confidence: 1.0000, Safety Mode: SAFE_HOLD, Override: Safe hold mode active
2025-05-28 04:02:17,806 - INFO - [AUDIT] - Action: 0, Confidence: 1.0000, Safety Mode: SAFE_HOLD, Override: Safe hold mode active
2025-05-28 04:02:17,806 - INFO - [AUDIT] - Action: 0, Confidence: 1.0000, Safety Mode: SAFE_HOLD, Override: Safe hold mode active
2025-05-28 04:02:17,806 - INFO - [AUDIT] - Action: 0, Confidence: 1.0000, Safety Mode: SAFE_HOLD, Override: Safe hold mode active
2025-05-28 04:02:17,807 - INFO - [AUDIT] - Action: 0, Confidence: 1.0000, Safety Mode: SAFE_HOLD, Override: Safe hold mode active
2025-05-28 04:02:17,807 - INFO - [AUDIT] - Action: 0, Confidence: 1.0000, Safety Mode: SAFE_HOLD, Override: Safe hold mode active
2025-05-28 04:02:17,807 - INFO - [AUDIT] - Action: 0, Confidence: 1.0000, Safety Mode: SAFE_HOLD, Override: Safe hold mode active
2025-05-28 04:02:17,807 - INFO - [AUDIT] - Action: 0, Confidence: 1.0000, Safety Mode: SAFE_HOLD, Override: Safe hold mode active
2025-05-28 04:02:17,807 - INFO - [AUDIT] - Action: 0, Confidence: 1.0000, Safety Mode: SAFE_HOLD, Override: Safe hold mode active
2025-05-28 04:02:17,807 - INFO - [AUDIT] - Action: 0, Confidence: 1.0000, Safety Mode: SAFE_HOLD, Override: Safe hold mode active
2025-05-28 04:02:17,808 - INFO - [AUDIT] - Action: 0, Confidence: 1.0000, Safety Mode: SAFE_HOLD, Override: Safe hold mode active
2025-05-28 04:02:17,808 - INFO - [AUDIT] - Action: 0, Confidence: 1.0000, Safety Mode: SAFE_HOLD, Override: Safe hold mode active
2025-05-28 04:02:17,808 - INFO - [AUDIT] - Action: 0, Confidence: 1.0000, Safety Mode: SAFE_HOLD, Override: Safe hold mode active
2025-05-28 04:02:17,808 - INFO - [AUDIT] - Action: 0, Confidence: 1.0000, Safety Mode: SAFE_HOLD, Override: Safe hold mode active
2025-05-28 04:02:17,808 - INFO - [AUDIT] - Action: 0, Confidence: 1.0000, Safety Mode: SAFE_HOLD, Override: Safe hold mode active
2025-05-28 04:02:17,809 - INFO - [AUDIT] - Action: 0, Confidence: 1.0000, Safety Mode: SAFE_HOLD, Override: Safe hold mode active
2025-05-28 04:02:17,809 - INFO - [AUDIT] - Action: 0, Confidence: 1.0000, Safety Mode: SAFE_HOLD, Override: Safe hold mode active
2025-05-28 04:02:17,809 - INFO - [AUDIT] - Action: 0, Confidence: 1.0000, Safety Mode: SAFE_HOLD, Override: Safe hold mode active
2025-05-28 04:02:17,809 - INFO - [AUDIT] - Action: 0, Confidence: 1.0000, Safety Mode: SAFE_HOLD, Override: Safe hold mode active
2025-05-28 04:02:17,809 - INFO - [AUDIT] - Action: 0, Confidence: 1.0000, Safety Mode: SAFE_HOLD, Override: Safe hold mode active
2025-05-28 04:02:17,810 - INFO - [AUDIT] - Action: 0, Confidence: 1.0000, Safety Mode: SAFE_HOLD, Override: Safe hold mode active
2025-05-28 04:02:17,810 - INFO - [AUDIT] - Action: 0, Confidence: 1.0000, Safety Mode: SAFE_HOLD, Override: Safe hold mode active
2025-05-28 04:02:17,810 - INFO - [AUDIT] - Action: 0, Confidence: 1.0000, Safety Mode: SAFE_HOLD, Override: Safe hold mode active
2025-05-28 04:02:17,810 - INFO - [AUDIT] - Action: 0, Confidence: 1.0000, Safety Mode: SAFE_HOLD, Override: Safe hold mode active
2025-05-28 04:02:17,810 - INFO - [AUDIT] - Action: 0, Confidence: 1.0000, Safety Mode: SAFE_HOLD, Override: Safe hold mode active
2025-05-28 04:02:17,810 - INFO - [AUDIT] - Action: 0, Confidence: 1.0000, Safety Mode: SAFE_HOLD, Override: Safe hold mode active
2025-05-28 04:02:17,811 - INFO - [AUDIT] - Action: 0, Confidence: 1.0000, Safety Mode: SAFE_HOLD, Override: Safe hold mode active
2025-05-28 04:02:17,811 - INFO - [AUDIT] - Action: 0, Confidence: 1.0000, Safety Mode: SAFE_HOLD, Override: Safe hold mode active
2025-05-28 04:02:17,811 - INFO - [AUDIT] - Action: 0, Confidence: 1.0000, Safety Mode: SAFE_HOLD, Override: Safe hold mode active
2025-05-28 04:02:17,811 - INFO - [AUDIT] - Action: 0, Confidence: 1.0000, Safety Mode: SAFE_HOLD, Override: Safe hold mode active
2025-05-28 04:02:17,811 - INFO - [AUDIT] - Action: 0, Confidence: 1.0000, Safety Mode: SAFE_HOLD, Override: Safe hold mode active
2025-05-28 04:02:17,812 - INFO - [AUDIT] - Action: 0, Confidence: 1.0000, Safety Mode: SAFE_HOLD, Override: Safe hold mode active
2025-05-28 04:02:17,812 - INFO - [AUDIT] - Action: 0, Confidence: 1.0000, Safety Mode: SAFE_HOLD, Override: Safe hold mode active
2025-05-28 04:02:17,812 - INFO - [AUDIT] - Action: 0, Confidence: 1.0000, Safety Mode: SAFE_HOLD, Override: Safe hold mode active
2025-05-28 04:02:17,812 - INFO - [AUDIT] - Action: 0, Confidence: 1.0000, Safety Mode: SAFE_HOLD, Override: Safe hold mode active
2025-05-28 04:02:17,812 - INFO - [AUDIT] - Action: 0, Confidence: 1.0000, Safety Mode: SAFE_HOLD, Override: Safe hold mode active
2025-05-28 04:02:17,812 - INFO - [AUDIT] - Action: 0, Confidence: 1.0000, Safety Mode: SAFE_HOLD, Override: Safe hold mode active
2025-05-28 04:02:17,813 - INFO - [AUDIT] - Action: 0, Confidence: 1.0000, Safety Mode: SAFE_HOLD, Override: Safe hold mode active
2025-05-28 04:02:17,813 - INFO - [AUDIT] - Action: 0, Confidence: 1.0000, Safety Mode: SAFE_HOLD, Override: Safe hold mode active
2025-05-28 04:02:17,813 - INFO - [AUDIT] - Action: 0, Confidence: 1.0000, Safety Mode: SAFE_HOLD, Override: Safe hold mode active
2025-05-28 04:02:17,813 - INFO - [AUDIT] - Action: 0, Confidence: 1.0000, Safety Mode: SAFE_HOLD, Override: Safe hold mode active
2025-05-28 04:02:17,814 - INFO - [AUDIT] - Action: 0, Confidence: 1.0000, Safety Mode: SAFE_HOLD, Override: Safe hold mode active
2025-05-28 04:02:17,814 - INFO - [AUDIT] - Action: 0, Confidence: 1.0000, Safety Mode: SAFE_HOLD, Override: Safe hold mode active
2025-05-28 04:02:17,814 - INFO - [AUDIT] - Action: 0, Confidence: 1.0000, Safety Mode: SAFE_HOLD, Override: Safe hold mode active
2025-05-28 04:02:17,814 - INFO - [AUDIT] - Action: 0, Confidence: 1.0000, Safety Mode: SAFE_HOLD, Override: Safe hold mode active
2025-05-28 04:02:17,814 - INFO - [AUDIT] - Action: 0, Confidence: 1.0000, Safety Mode: SAFE_HOLD, Override: Safe hold mode active
2025-05-28 04:02:17,815 - INFO - [AUDIT] - Action: 0, Confidence: 1.0000, Safety Mode: SAFE_HOLD, Override: Safe hold mode active
2025-05-28 04:02:17,815 - INFO - [AUDIT] - Action: 0, Confidence: 1.0000, Safety Mode: SAFE_HOLD, Override: Safe hold mode active
2025-05-28 04:02:17,815 - INFO - [AUDIT] - Action: 0, Confidence: 1.0000, Safety Mode: SAFE_HOLD, Override: Safe hold mode active
2025-05-28 04:02:17,815 - INFO - [AUDIT] - Action: 0, Confidence: 1.0000, Safety Mode: SAFE_HOLD, Override: Safe hold mode active
2025-05-28 04:02:17,815 - INFO - [AUDIT] - Action: 0, Confidence: 1.0000, Safety Mode: SAFE_HOLD, Override: Safe hold mode active
2025-05-28 04:02:17,816 - INFO - [AUDIT] - Action: 0, Confidence: 1.0000, Safety Mode: SAFE_HOLD, Override: Safe hold mode active
2025-05-28 04:02:17,816 - INFO - [AUDIT] - Action: 0, Confidence: 1.0000, Safety Mode: SAFE_HOLD, Override: Safe hold mode active
2025-05-28 04:02:17,816 - INFO - [AUDIT] - Action: 0, Confidence: 1.0000, Safety Mode: SAFE_HOLD, Override: Safe hold mode active
2025-05-28 04:02:17,816 - INFO - [AUDIT] - Action: 0, Confidence: 1.0000, Safety Mode: SAFE_HOLD, Override: Safe hold mode active
2025-05-28 04:02:17,816 - INFO - [AUDIT] - Action: 0, Confidence: 1.0000, Safety Mode: SAFE_HOLD, Override: Safe hold mode active
2025-05-28 04:02:17,816 - INFO - [AUDIT] - Action: 0, Confidence: 1.0000, Safety Mode: SAFE_HOLD, Override: Safe hold mode active
2025-05-28 04:02:17,817 - INFO - [AUDIT] - Action: 0, Confidence: 1.0000, Safety Mode: SAFE_HOLD, Override: Safe hold mode active
2025-05-28 04:02:17,817 - INFO - [AUDIT] - Action: 0, Confidence: 1.0000, Safety Mode: SAFE_HOLD, Override: Safe hold mode active
2025-05-28 04:02:17,817 - INFO - [AUDIT] - Action: 0, Confidence: 1.0000, Safety Mode: SAFE_HOLD, Override: Safe hold mode active
2025-05-28 04:02:17,817 - INFO - [AUDIT] - Action: 0, Confidence: 1.0000, Safety Mode: SAFE_HOLD, Override: Safe hold mode active
2025-05-28 04:02:17,818 - INFO - [AUDIT] - Action: 0, Confidence: 1.0000, Safety Mode: SAFE_HOLD, Override: Safe hold mode active
2025-05-28 04:02:17,818 - INFO - [AUDIT] - Action: 0, Confidence: 1.0000, Safety Mode: SAFE_HOLD, Override: Safe hold mode active
2025-05-28 04:02:17,818 - INFO - [AUDIT] - Action: 0, Confidence: 1.0000, Safety Mode: SAFE_HOLD, Override: Safe hold mode active
2025-05-28 04:02:17,818 - INFO - [AUDIT] - Action: 0, Confidence: 1.0000, Safety Mode: SAFE_HOLD, Override: Safe hold mode active
2025-05-28 04:02:17,818 - INFO - [AUDIT] - Action: 0, Confidence: 1.0000, Safety Mode: SAFE_HOLD, Override: Safe hold mode active
2025-05-28 04:02:17,819 - INFO - [AUDIT] - Action: 0, Confidence: 1.0000, Safety Mode: SAFE_HOLD, Override: Safe hold mode active
2025-05-28 04:02:17,819 - INFO - [AUDIT] - Action: 0, Confidence: 1.0000, Safety Mode: SAFE_HOLD, Override: Safe hold mode active
2025-05-28 04:02:17,819 - INFO - [AUDIT] - Action: 0, Confidence: 1.0000, Safety Mode: SAFE_HOLD, Override: Safe hold mode active
2025-05-28 04:02:17,819 - INFO - [AUDIT] - Action: 0, Confidence: 1.0000, Safety Mode: SAFE_HOLD, Override: Safe hold mode active
2025-05-28 04:02:17,820 - INFO - [AUDIT] - Action: 0, Confidence: 1.0000, Safety Mode: SAFE_HOLD, Override: Safe hold mode active
2025-05-28 04:02:17,820 - INFO - [AUDIT] - Action: 0, Confidence: 1.0000, Safety Mode: SAFE_HOLD, Override: Safe hold mode active
2025-05-28 04:02:17,820 - INFO - [AUDIT] - Action: 0, Confidence: 1.0000, Safety Mode: SAFE_HOLD, Override: Safe hold mode active
2025-05-28 04:02:17,820 - INFO - [AUDIT] - Action: 0, Confidence: 1.0000, Safety Mode: SAFE_HOLD, Override: Safe hold mode active
2025-05-28 04:02:17,820 - INFO - [AUDIT] - Action: 0, Confidence: 1.0000, Safety Mode: SAFE_HOLD, Override: Safe hold mode active
2025-05-28 04:02:17,821 - INFO - [AUDIT] - Action: 0, Confidence: 1.0000, Safety Mode: SAFE_HOLD, Override: Safe hold mode active
2025-05-28 04:02:17,821 - INFO - [AUDIT] - Action: 0, Confidence: 1.0000, Safety Mode: SAFE_HOLD, Override: Safe hold mode active
2025-05-28 04:02:17,821 - INFO - [AUDIT] - Action: 0, Confidence: 1.0000, Safety Mode: SAFE_HOLD, Override: Safe hold mode active
2025-05-28 04:02:17,821 - INFO - [AUDIT] - Action: 0, Confidence: 1.0000, Safety Mode: SAFE_HOLD, Override: Safe hold mode active
2025-05-28 04:02:17,821 - INFO - [AUDIT] - Action: 0, Confidence: 1.0000, Safety Mode: SAFE_HOLD, Override: Safe hold mode active
2025-05-28 04:02:17,822 - INFO - [AUDIT] - Action: 0, Confidence: 1.0000, Safety Mode: SAFE_HOLD, Override: Safe hold mode active
2025-05-28 04:02:17,822 - INFO - [AUDIT] - Action: 0, Confidence: 1.0000, Safety Mode: SAFE_HOLD, Override: Safe hold mode active
2025-05-28 04:02:17,822 - INFO - [AUDIT] - Action: 0, Confidence: 1.0000, Safety Mode: SAFE_HOLD, Override: Safe hold mode active
2025-05-28 04:02:17,822 - INFO - [AUDIT] - Action: 0, Confidence: 1.0000, Safety Mode: SAFE_HOLD, Override: Safe hold mode active
2025-05-28 04:02:17,822 - INFO - [AUDIT] - Action: 0, Confidence: 1.0000, Safety Mode: SAFE_HOLD, Override: Safe hold mode active
2025-05-28 04:02:17,822 - INFO - [AUDIT] - Action: 0, Confidence: 1.0000, Safety Mode: SAFE_HOLD, Override: Safe hold mode active
2025-05-28 04:02:17,823 - INFO - [AUDIT] - Action: 0, Confidence: 1.0000, Safety Mode: SAFE_HOLD, Override: Safe hold mode active
2025-05-28 04:02:17,823 - INFO - [AUDIT] - Action: 0, Confidence: 1.0000, Safety Mode: SAFE_HOLD, Override: Safe hold mode active
2025-05-28 04:02:17,823 - INFO - [AUDIT] - Action: 0, Confidence: 1.0000, Safety Mode: SAFE_HOLD, Override: Safe hold mode active
2025-05-28 04:02:17,823 - INFO - [AUDIT] - Action: 0, Confidence: 1.0000, Safety Mode: SAFE_HOLD, Override: Safe hold mode active
2025-05-28 04:02:17,824 - INFO - [AUDIT] - Action: 0, Confidence: 1.0000, Safety Mode: SAFE_HOLD, Override: Safe hold mode active
2025-05-28 04:02:17,824 - INFO - [AUDIT] - Action: 0, Confidence: 1.0000, Safety Mode: SAFE_HOLD, Override: Safe hold mode active
2025-05-28 04:02:17,824 - INFO - [AUDIT] - Action: 0, Confidence: 1.0000, Safety Mode: SAFE_HOLD, Override: Safe hold mode active
2025-05-28 04:02:17,824 - INFO - [AUDIT] - Action: 0, Confidence: 1.0000, Safety Mode: SAFE_HOLD, Override: Safe hold mode active
2025-05-28 04:02:17,824 - INFO - [AUDIT] - Action: 0, Confidence: 1.0000, Safety Mode: SAFE_HOLD, Override: Safe hold mode active
2025-05-28 04:02:17,825 - INFO - [AUDIT] - Action: 0, Confidence: 1.0000, Safety Mode: SAFE_HOLD, Override: Safe hold mode active
2025-05-28 04:02:17,825 - INFO - [AUDIT] - Action: 0, Confidence: 1.0000, Safety Mode: SAFE_HOLD, Override: Safe hold mode active
2025-05-28 04:02:17,825 - INFO - [AUDIT] - Action: 0, Confidence: 1.0000, Safety Mode: SAFE_HOLD, Override: Safe hold mode active
2025-05-28 04:02:17,825 - INFO - [AUDIT] - Action: 0, Confidence: 1.0000, Safety Mode: SAFE_HOLD, Override: Safe hold mode active
2025-05-28 04:02:17,825 - INFO - [AUDIT] - Action: 0, Confidence: 1.0000, Safety Mode: SAFE_HOLD, Override: Safe hold mode active
2025-05-28 04:02:17,826 - INFO - [AUDIT] - Action: 0, Confidence: 1.0000, Safety Mode: SAFE_HOLD, Override: Safe hold mode active
2025-05-28 04:02:17,826 - INFO - [AUDIT] - Action: 0, Confidence: 1.0000, Safety Mode: SAFE_HOLD, Override: Safe hold mode active
2025-05-28 04:02:17,826 - INFO - [AUDIT] - Action: 0, Confidence: 1.0000, Safety Mode: SAFE_HOLD, Override: Safe hold mode active
2025-05-28 04:02:17,826 - INFO - [AUDIT] - Action: 0, Confidence: 1.0000, Safety Mode: SAFE_HOLD, Override: Safe hold mode active
2025-05-28 04:02:17,827 - INFO - [AUDIT] - Action: 0, Confidence: 1.0000, Safety Mode: SAFE_HOLD, Override: Safe hold mode active
2025-05-28 04:02:17,827 - INFO - [AUDIT] - Action: 0, Confidence: 1.0000, Safety Mode: SAFE_HOLD, Override: Safe hold mode active
2025-05-28 04:02:17,827 - INFO - [AUDIT] - Action: 0, Confidence: 1.0000, Safety Mode: SAFE_HOLD, Override: Safe hold mode active
2025-05-28 04:02:17,827 - INFO - [AUDIT] - Action: 0, Confidence: 1.0000, Safety Mode: SAFE_HOLD, Override: Safe hold mode active
2025-05-28 04:02:17,827 - INFO - [AUDIT] - Action: 0, Confidence: 1.0000, Safety Mode: SAFE_HOLD, Override: Safe hold mode active
2025-05-28 04:02:17,827 - INFO - [AUDIT] - Action: 0, Confidence: 1.0000, Safety Mode: SAFE_HOLD, Override: Safe hold mode active
2025-05-28 04:02:17,828 - INFO - [AUDIT] - Action: 0, Confidence: 1.0000, Safety Mode: SAFE_HOLD, Override: Safe hold mode active
2025-05-28 04:02:17,828 - INFO - [AUDIT] - Action: 0, Confidence: 1.0000, Safety Mode: SAFE_HOLD, Override: Safe hold mode active
2025-05-28 04:02:17,828 - INFO - [AUDIT] - Action: 0, Confidence: 1.0000, Safety Mode: SAFE_HOLD, Override: Safe hold mode active
2025-05-28 04:02:17,828 - INFO - [AUDIT] - Action: 0, Confidence: 1.0000, Safety Mode: SAFE_HOLD, Override: Safe hold mode active
2025-05-28 04:02:17,829 - INFO - [AUDIT] - Action: 0, Confidence: 1.0000, Safety Mode: SAFE_HOLD, Override: Safe hold mode active
2025-05-28 04:02:17,829 - INFO - [AUDIT] - Action: 0, Confidence: 1.0000, Safety Mode: SAFE_HOLD, Override: Safe hold mode active
2025-05-28 04:02:17,829 - INFO - [AUDIT] - Action: 0, Confidence: 1.0000, Safety Mode: SAFE_HOLD, Override: Safe hold mode active
2025-05-28 04:02:17,829 - INFO - [AUDIT] - Action: 0, Confidence: 1.0000, Safety Mode: SAFE_HOLD, Override: Safe hold mode active
2025-05-28 04:02:17,829 - INFO - [AUDIT] - Action: 0, Confidence: 1.0000, Safety Mode: SAFE_HOLD, Override: Safe hold mode active
2025-05-28 04:02:17,830 - INFO - [AUDIT] - Action: 0, Confidence: 1.0000, Safety Mode: SAFE_HOLD, Override: Safe hold mode active
2025-05-28 04:02:17,830 - INFO - [AUDIT] - Action: 0, Confidence: 1.0000, Safety Mode: SAFE_HOLD, Override: Safe hold mode active
2025-05-28 04:02:17,830 - INFO - [AUDIT] - Action: 0, Confidence: 1.0000, Safety Mode: SAFE_HOLD, Override: Safe hold mode active
2025-05-28 04:02:17,830 - INFO - [AUDIT] - Action: 0, Confidence: 1.0000, Safety Mode: SAFE_HOLD, Override: Safe hold mode active
2025-05-28 04:02:17,830 - INFO - [AUDIT] - Action: 0, Confidence: 1.0000, Safety Mode: SAFE_HOLD, Override: Safe hold mode active
2025-05-28 04:02:17,831 - INFO - [AUDIT] - Action: 0, Confidence: 1.0000, Safety Mode: SAFE_HOLD, Override: Safe hold mode active
2025-05-28 04:02:17,831 - INFO - [AUDIT] - Action: 0, Confidence: 1.0000, Safety Mode: SAFE_HOLD, Override: Safe hold mode active
2025-05-28 04:02:17,831 - INFO - [AUDIT] - Action: 0, Confidence: 1.0000, Safety Mode: SAFE_HOLD, Override: Safe hold mode active
2025-05-28 04:02:17,831 - INFO - [AUDIT] - Action: 0, Confidence: 1.0000, Safety Mode: SAFE_HOLD, Override: Safe hold mode active
2025-05-28 04:02:17,831 - INFO - [AUDIT] - Action: 0, Confidence: 1.0000, Safety Mode: SAFE_HOLD, Override: Safe hold mode active
2025-05-28 04:02:17,832 - INFO - [AUDIT] - Action: 0, Confidence: 1.0000, Safety Mode: SAFE_HOLD, Override: Safe hold mode active
2025-05-28 04:02:17,832 - INFO - [AUDIT] - Action: 0, Confidence: 1.0000, Safety Mode: SAFE_HOLD, Override: Safe hold mode active
2025-05-28 04:02:17,832 - INFO - [AUDIT] - Action: 0, Confidence: 1.0000, Safety Mode: SAFE_HOLD, Override: Safe hold mode active
2025-05-28 04:02:17,832 - INFO - [AUDIT] - Action: 0, Confidence: 1.0000, Safety Mode: SAFE_HOLD, Override: Safe hold mode active
2025-05-28 04:02:17,832 - INFO - [AUDIT] - Action: 0, Confidence: 1.0000, Safety Mode: SAFE_HOLD, Override: Safe hold mode active
2025-05-28 04:02:17,833 - INFO - [AUDIT] - Action: 0, Confidence: 1.0000, Safety Mode: SAFE_HOLD, Override: Safe hold mode active
2025-05-28 04:02:17,833 - INFO - [AUDIT] - Action: 0, Confidence: 1.0000, Safety Mode: SAFE_HOLD, Override: Safe hold mode active
2025-05-28 04:02:17,833 - INFO - [AUDIT] - Action: 0, Confidence: 1.0000, Safety Mode: SAFE_HOLD, Override: Safe hold mode active
2025-05-28 04:02:17,833 - INFO - [AUDIT] - Action: 0, Confidence: 1.0000, Safety Mode: SAFE_HOLD, Override: Safe hold mode active
2025-05-28 04:02:17,834 - INFO - [AUDIT] - Action: 0, Confidence: 1.0000, Safety Mode: SAFE_HOLD, Override: Safe hold mode active
2025-05-28 04:02:17,834 - INFO - [AUDIT] - Action: 0, Confidence: 1.0000, Safety Mode: SAFE_HOLD, Override: Safe hold mode active
2025-05-28 04:02:17,834 - INFO - [AUDIT] - Action: 0, Confidence: 1.0000, Safety Mode: SAFE_HOLD, Override: Safe hold mode active
2025-05-28 04:02:17,834 - INFO - [AUDIT] - Action: 0, Confidence: 1.0000, Safety Mode: SAFE_HOLD, Override: Safe hold mode active
2025-05-28 04:02:17,834 - INFO - [AUDIT] - Action: 0, Confidence: 1.0000, Safety Mode: SAFE_HOLD, Override: Safe hold mode active
2025-05-28 04:02:17,835 - INFO - [AUDIT] - Action: 0, Confidence: 1.0000, Safety Mode: SAFE_HOLD, Override: Safe hold mode active
2025-05-28 04:02:17,835 - INFO - [AUDIT] - Action: 0, Confidence: 1.0000, Safety Mode: SAFE_HOLD, Override: Safe hold mode active
2025-05-28 04:02:17,835 - INFO - [AUDIT] - Action: 0, Confidence: 1.0000, Safety Mode: SAFE_HOLD, Override: Safe hold mode active
2025-05-28 04:02:17,835 - INFO - [AUDIT] - Action: 0, Confidence: 1.0000, Safety Mode: SAFE_HOLD, Override: Safe hold mode active
2025-05-28 04:02:17,836 - INFO - [AUDIT] - Action: 0, Confidence: 1.0000, Safety Mode: SAFE_HOLD, Override: Safe hold mode active
2025-05-28 04:02:17,836 - INFO - [AUDIT] - Action: 0, Confidence: 1.0000, Safety Mode: SAFE_HOLD, Override: Safe hold mode active
2025-05-28 04:02:17,836 - INFO - [AUDIT] - Action: 0, Confidence: 1.0000, Safety Mode: SAFE_HOLD, Override: Safe hold mode active
2025-05-28 04:02:17,836 - INFO - [AUDIT] - Action: 0, Confidence: 1.0000, Safety Mode: SAFE_HOLD, Override: Safe hold mode active
2025-05-28 04:02:17,836 - INFO - [AUDIT] - Action: 0, Confidence: 1.0000, Safety Mode: SAFE_HOLD, Override: Safe hold mode active
2025-05-28 04:02:17,836 - INFO - [AUDIT] - Action: 0, Confidence: 1.0000, Safety Mode: SAFE_HOLD, Override: Safe hold mode active
2025-05-28 04:02:17,837 - INFO - [AUDIT] - Action: 0, Confidence: 1.0000, Safety Mode: SAFE_HOLD, Override: Safe hold mode active
2025-05-28 04:02:17,837 - INFO - [AUDIT] - Action: 0, Confidence: 1.0000, Safety Mode: SAFE_HOLD, Override: Safe hold mode active
2025-05-28 04:02:17,837 - INFO - [AUDIT] - Action: 0, Confidence: 1.0000, Safety Mode: SAFE_HOLD, Override: Safe hold mode active
2025-05-28 04:02:17,837 - INFO - [AUDIT] - Action: 0, Confidence: 1.0000, Safety Mode: SAFE_HOLD, Override: Safe hold mode active
2025-05-28 04:02:17,837 - INFO - [AUDIT] - Action: 0, Confidence: 1.0000, Safety Mode: SAFE_HOLD, Override: Safe hold mode active
2025-05-28 04:02:17,838 - INFO - [AUDIT] - Action: 0, Confidence: 1.0000, Safety Mode: SAFE_HOLD, Override: Safe hold mode active
2025-05-28 04:02:17,838 - INFO - [AUDIT] - Action: 0, Confidence: 1.0000, Safety Mode: SAFE_HOLD, Override: Safe hold mode active
2025-05-28 04:02:17,838 - INFO - [AUDIT] - Action: 0, Confidence: 1.0000, Safety Mode: SAFE_HOLD, Override: Safe hold mode active
2025-05-28 04:02:17,838 - INFO - [AUDIT] - Action: 0, Confidence: 1.0000, Safety Mode: SAFE_HOLD, Override: Safe hold mode active
2025-05-28 04:02:17,839 - INFO - [AUDIT] - Action: 0, Confidence: 1.0000, Safety Mode: SAFE_HOLD, Override: Safe hold mode active
2025-05-28 04:02:17,839 - INFO - [AUDIT] - Action: 0, Confidence: 1.0000, Safety Mode: SAFE_HOLD, Override: Safe hold mode active
2025-05-28 04:02:17,839 - INFO - [AUDIT] - Action: 0, Confidence: 1.0000, Safety Mode: SAFE_HOLD, Override: Safe hold mode active
2025-05-28 04:02:17,839 - INFO - [AUDIT] - Action: 0, Confidence: 1.0000, Safety Mode: SAFE_HOLD, Override: Safe hold mode active
2025-05-28 04:02:17,839 - INFO - [AUDIT] - Action: 0, Confidence: 1.0000, Safety Mode: SAFE_HOLD, Override: Safe hold mode active
2025-05-28 04:02:17,840 - INFO - [AUDIT] - Action: 0, Confidence: 1.0000, Safety Mode: SAFE_HOLD, Override: Safe hold mode active
2025-05-28 04:02:17,840 - INFO - [AUDIT] - Action: 0, Confidence: 1.0000, Safety Mode: SAFE_HOLD, Override: Safe hold mode active
2025-05-28 04:02:17,840 - INFO - [AUDIT] - Action: 0, Confidence: 1.0000, Safety Mode: SAFE_HOLD, Override: Safe hold mode active
2025-05-28 04:02:17,840 - INFO - [AUDIT] - Action: 0, Confidence: 1.0000, Safety Mode: SAFE_HOLD, Override: Safe hold mode active
2025-05-28 04:02:17,840 - INFO - [AUDIT] - Action: 0, Confidence: 1.0000, Safety Mode: SAFE_HOLD, Override: Safe hold mode active
2025-05-28 04:02:17,841 - INFO - [AUDIT] - Action: 0, Confidence: 1.0000, Safety Mode: SAFE_HOLD, Override: Safe hold mode active
2025-05-28 04:02:17,841 - INFO - [AUDIT] - Action: 0, Confidence: 1.0000, Safety Mode: SAFE_HOLD, Override: Safe hold mode active
2025-05-28 04:02:17,841 - INFO - [AUDIT] - Action: 0, Confidence: 1.0000, Safety Mode: SAFE_HOLD, Override: Safe hold mode active
2025-05-28 04:02:17,841 - INFO - [AUDIT] - Action: 0, Confidence: 1.0000, Safety Mode: SAFE_HOLD, Override: Safe hold mode active
2025-05-28 04:02:17,841 - INFO - [AUDIT] - Action: 0, Confidence: 1.0000, Safety Mode: SAFE_HOLD, Override: Safe hold mode active
2025-05-28 04:02:17,841 - INFO - [AUDIT] - Action: 0, Confidence: 1.0000, Safety Mode: SAFE_HOLD, Override: Safe hold mode active
2025-05-28 04:02:17,842 - INFO - [AUDIT] - Action: 0, Confidence: 1.0000, Safety Mode: SAFE_HOLD, Override: Safe hold mode active
2025-05-28 04:02:17,842 - INFO - [AUDIT] - Action: 0, Confidence: 1.0000, Safety Mode: SAFE_HOLD, Override: Safe hold mode active
2025-05-28 04:02:17,842 - INFO - [AUDIT] - Action: 0, Confidence: 1.0000, Safety Mode: SAFE_HOLD, Override: Safe hold mode active
2025-05-28 04:02:17,842 - INFO - [AUDIT] - Action: 0, Confidence: 1.0000, Safety Mode: SAFE_HOLD, Override: Safe hold mode active
2025-05-28 04:02:17,842 - INFO - [AUDIT] - Action: 0, Confidence: 1.0000, Safety Mode: SAFE_HOLD, Override: Safe hold mode active
2025-05-28 04:02:17,843 - INFO - [AUDIT] - Action: 0, Confidence: 1.0000, Safety Mode: SAFE_HOLD, Override: Safe hold mode active
2025-05-28 04:02:17,843 - INFO - [AUDIT] - Action: 0, Confidence: 1.0000, Safety Mode: SAFE_HOLD, Override: Safe hold mode active
2025-05-28 04:02:17,843 - INFO - [AUDIT] - Action: 0, Confidence: 1.0000, Safety Mode: SAFE_HOLD, Override: Safe hold mode active
2025-05-28 04:02:17,843 - INFO - [AUDIT] - Action: 0, Confidence: 1.0000, Safety Mode: SAFE_HOLD, Override: Safe hold mode active
2025-05-28 04:02:17,843 - INFO - [AUDIT] - Action: 0, Confidence: 1.0000, Safety Mode: SAFE_HOLD, Override: Safe hold mode active
2025-05-28 04:02:17,844 - INFO - [AUDIT] - Action: 0, Confidence: 1.0000, Safety Mode: SAFE_HOLD, Override: Safe hold mode active
2025-05-28 04:02:17,844 - INFO - [AUDIT] - Action: 0, Confidence: 1.0000, Safety Mode: SAFE_HOLD, Override: Safe hold mode active
2025-05-28 04:02:17,844 - INFO - [AUDIT] - Action: 0, Confidence: 1.0000, Safety Mode: SAFE_HOLD, Override: Safe hold mode active
2025-05-28 04:02:17,844 - INFO - [AUDIT] - Action: 0, Confidence: 1.0000, Safety Mode: SAFE_HOLD, Override: Safe hold mode active
2025-05-28 04:02:17,844 - INFO - [AUDIT] - Action: 0, Confidence: 1.0000, Safety Mode: SAFE_HOLD, Override: Safe hold mode active
2025-05-28 04:02:17,845 - INFO - [AUDIT] - Action: 0, Confidence: 1.0000, Safety Mode: SAFE_HOLD, Override: Safe hold mode active
2025-05-28 04:02:17,845 - INFO - [AUDIT] - Action: 0, Confidence: 1.0000, Safety Mode: SAFE_HOLD, Override: Safe hold mode active
2025-05-28 04:02:17,845 - INFO - [AUDIT] - Action: 0, Confidence: 1.0000, Safety Mode: SAFE_HOLD, Override: Safe hold mode active
2025-05-28 04:02:17,845 - INFO - [AUDIT] - Action: 0, Confidence: 1.0000, Safety Mode: SAFE_HOLD, Override: Safe hold mode active
2025-05-28 04:02:17,845 - INFO - [AUDIT] - Action: 0, Confidence: 1.0000, Safety Mode: SAFE_HOLD, Override: Safe hold mode active
2025-05-28 04:02:17,846 - INFO - [AUDIT] - Action: 0, Confidence: 1.0000, Safety Mode: SAFE_HOLD, Override: Safe hold mode active
2025-05-28 04:02:17,846 - INFO - [AUDIT] - Action: 0, Confidence: 1.0000, Safety Mode: SAFE_HOLD, Override: Safe hold mode active
2025-05-28 04:02:17,846 - INFO - [AUDIT] - Action: 0, Confidence: 1.0000, Safety Mode: SAFE_HOLD, Override: Safe hold mode active
2025-05-28 04:02:17,846 - INFO - [AUDIT] - Action: 0, Confidence: 1.0000, Safety Mode: SAFE_HOLD, Override: Safe hold mode active
2025-05-28 04:02:17,846 - INFO - [AUDIT] - Action: 0, Confidence: 1.0000, Safety Mode: SAFE_HOLD, Override: Safe hold mode active
2025-05-28 04:02:17,847 - INFO - [AUDIT] - Action: 0, Confidence: 1.0000, Safety Mode: SAFE_HOLD, Override: Safe hold mode active
2025-05-28 04:02:17,847 - INFO - [AUDIT] - Action: 0, Confidence: 1.0000, Safety Mode: SAFE_HOLD, Override: Safe hold mode active
2025-05-28 04:02:17,847 - INFO - [AUDIT] - Action: 0, Confidence: 1.0000, Safety Mode: SAFE_HOLD, Override: Safe hold mode active
2025-05-28 04:02:17,847 - INFO - [AUDIT] - Action: 0, Confidence: 1.0000, Safety Mode: SAFE_HOLD, Override: Safe hold mode active
2025-05-28 04:02:17,847 - INFO - [AUDIT] - Action: 0, Confidence: 1.0000, Safety Mode: SAFE_HOLD, Override: Safe hold mode active
2025-05-28 04:02:17,848 - INFO - [AUDIT] - Action: 0, Confidence: 1.0000, Safety Mode: SAFE_HOLD, Override: Safe hold mode active
2025-05-28 04:02:17,848 - INFO - [AUDIT] - Action: 0, Confidence: 1.0000, Safety Mode: SAFE_HOLD, Override: Safe hold mode active
2025-05-28 04:02:17,848 - INFO - [AUDIT] - Action: 0, Confidence: 1.0000, Safety Mode: SAFE_HOLD, Override: Safe hold mode active
2025-05-28 04:02:17,848 - INFO - [AUDIT] - Action: 0, Confidence: 1.0000, Safety Mode: SAFE_HOLD, Override: Safe hold mode active
2025-05-28 04:02:17,848 - INFO - [AUDIT] - Action: 0, Confidence: 1.0000, Safety Mode: SAFE_HOLD, Override: Safe hold mode active
2025-05-28 04:02:17,849 - INFO - [AUDIT] - Action: 0, Confidence: 1.0000, Safety Mode: SAFE_HOLD, Override: Safe hold mode active
2025-05-28 04:02:17,849 - INFO - [AUDIT] - Action: 0, Confidence: 1.0000, Safety Mode: SAFE_HOLD, Override: Safe hold mode active
2025-05-28 04:02:17,849 - INFO - [AUDIT] - Action: 0, Confidence: 1.0000, Safety Mode: SAFE_HOLD, Override: Safe hold mode active
2025-05-28 04:02:17,849 - INFO - [AUDIT] - Action: 0, Confidence: 1.0000, Safety Mode: SAFE_HOLD, Override: Safe hold mode active
2025-05-28 04:02:17,849 - INFO - [AUDIT] - Action: 0, Confidence: 1.0000, Safety Mode: SAFE_HOLD, Override: Safe hold mode active
2025-05-28 04:02:17,850 - INFO - [AUDIT] - Action: 0, Confidence: 1.0000, Safety Mode: SAFE_HOLD, Override: Safe hold mode active
2025-05-28 04:02:17,850 - INFO - [AUDIT] - Action: 0, Confidence: 1.0000, Safety Mode: SAFE_HOLD, Override: Safe hold mode active
2025-05-28 04:02:17,850 - INFO - [AUDIT] - Action: 0, Confidence: 1.0000, Safety Mode: SAFE_HOLD, Override: Safe hold mode active
2025-05-28 04:02:17,850 - INFO - [AUDIT] - Action: 0, Confidence: 1.0000, Safety Mode: SAFE_HOLD, Override: Safe hold mode active
2025-05-28 04:02:17,850 - INFO - [AUDIT] - Action: 0, Confidence: 1.0000, Safety Mode: SAFE_HOLD, Override: Safe hold mode active
2025-05-28 04:02:17,850 - INFO - [AUDIT] - Action: 0, Confidence: 1.0000, Safety Mode: SAFE_HOLD, Override: Safe hold mode active
2025-05-28 04:02:17,851 - INFO - [AUDIT] - Action: 0, Confidence: 1.0000, Safety Mode: SAFE_HOLD, Override: Safe hold mode active
2025-05-28 04:02:17,851 - INFO - [AUDIT] - Action: 0, Confidence: 1.0000, Safety Mode: SAFE_HOLD, Override: Safe hold mode active
2025-05-28 04:02:17,851 - INFO - [AUDIT] - Action: 0, Confidence: 1.0000, Safety Mode: SAFE_HOLD, Override: Safe hold mode active
2025-05-28 04:02:17,851 - INFO - [AUDIT] - Action: 0, Confidence: 1.0000, Safety Mode: SAFE_HOLD, Override: Safe hold mode active
2025-05-28 04:02:17,852 - INFO - [AUDIT] - Action: 0, Confidence: 1.0000, Safety Mode: SAFE_HOLD, Override: Safe hold mode active
2025-05-28 04:02:17,852 - INFO - [AUDIT] - Action: 0, Confidence: 1.0000, Safety Mode: SAFE_HOLD, Override: Safe hold mode active
2025-05-28 04:02:17,852 - INFO - [AUDIT] - Action: 0, Confidence: 1.0000, Safety Mode: SAFE_HOLD, Override: Safe hold mode active
2025-05-28 04:02:17,852 - INFO - [AUDIT] - Action: 0, Confidence: 1.0000, Safety Mode: SAFE_HOLD, Override: Safe hold mode active
2025-05-28 04:02:17,853 - INFO - [AUDIT] - Action: 0, Confidence: 1.0000, Safety Mode: SAFE_HOLD, Override: Safe hold mode active
2025-05-28 04:02:17,853 - INFO - [AUDIT] - Action: 0, Confidence: 1.0000, Safety Mode: SAFE_HOLD, Override: Safe hold mode active
2025-05-28 04:02:17,853 - INFO - [AUDIT] - Action: 0, Confidence: 1.0000, Safety Mode: SAFE_HOLD, Override: Safe hold mode active
2025-05-28 04:02:17,853 - INFO - [AUDIT] - Action: 0, Confidence: 1.0000, Safety Mode: SAFE_HOLD, Override: Safe hold mode active
2025-05-28 04:02:17,853 - INFO - [AUDIT] - Action: 0, Confidence: 1.0000, Safety Mode: SAFE_HOLD, Override: Safe hold mode active
2025-05-28 04:02:17,854 - INFO - [AUDIT] - Action: 0, Confidence: 1.0000, Safety Mode: SAFE_HOLD, Override: Safe hold mode active
2025-05-28 04:02:17,854 - INFO - [AUDIT] - Action: 0, Confidence: 1.0000, Safety Mode: SAFE_HOLD, Override: Safe hold mode active
2025-05-28 04:02:17,854 - INFO - [AUDIT] - Action: 0, Confidence: 1.0000, Safety Mode: SAFE_HOLD, Override: Safe hold mode active
2025-05-28 04:02:17,854 - INFO - [AUDIT] - Action: 0, Confidence: 1.0000, Safety Mode: SAFE_HOLD, Override: Safe hold mode active
2025-05-28 04:02:17,854 - INFO - [AUDIT] - Action: 0, Confidence: 1.0000, Safety Mode: SAFE_HOLD, Override: Safe hold mode active
2025-05-28 04:02:17,855 - INFO - [AUDIT] - Action: 0, Confidence: 1.0000, Safety Mode: SAFE_HOLD, Override: Safe hold mode active
2025-05-28 04:02:17,855 - INFO - [AUDIT] - Action: 0, Confidence: 1.0000, Safety Mode: SAFE_HOLD, Override: Safe hold mode active
2025-05-28 04:02:17,855 - INFO - [AUDIT] - Action: 0, Confidence: 1.0000, Safety Mode: SAFE_HOLD, Override: Safe hold mode active
2025-05-28 04:02:17,855 - INFO - [AUDIT] - Action: 0, Confidence: 1.0000, Safety Mode: SAFE_HOLD, Override: Safe hold mode active
2025-05-28 04:02:17,855 - INFO - [AUDIT] - Action: 0, Confidence: 1.0000, Safety Mode: SAFE_HOLD, Override: Safe hold mode active
2025-05-28 04:02:17,855 - INFO - [AUDIT] - Action: 0, Confidence: 1.0000, Safety Mode: SAFE_HOLD, Override: Safe hold mode active
2025-05-28 04:02:17,856 - INFO - [AUDIT] - Action: 0, Confidence: 1.0000, Safety Mode: SAFE_HOLD, Override: Safe hold mode active
2025-05-28 04:02:17,856 - INFO - [AUDIT] - Action: 0, Confidence: 1.0000, Safety Mode: SAFE_HOLD, Override: Safe hold mode active
2025-05-28 04:02:17,856 - INFO - [AUDIT] - Action: 0, Confidence: 1.0000, Safety Mode: SAFE_HOLD, Override: Safe hold mode active
2025-05-28 04:02:17,856 - INFO - [AUDIT] - Action: 0, Confidence: 1.0000, Safety Mode: SAFE_HOLD, Override: Safe hold mode active
2025-05-28 04:02:17,856 - INFO - [AUDIT] - Action: 0, Confidence: 1.0000, Safety Mode: SAFE_HOLD, Override: Safe hold mode active
2025-05-28 04:02:17,857 - INFO - [AUDIT] - Action: 0, Confidence: 1.0000, Safety Mode: SAFE_HOLD, Override: Safe hold mode active
2025-05-28 04:02:17,857 - INFO - [AUDIT] - Action: 0, Confidence: 1.0000, Safety Mode: SAFE_HOLD, Override: Safe hold mode active
2025-05-28 04:02:17,857 - INFO - [AUDIT] - Action: 0, Confidence: 1.0000, Safety Mode: SAFE_HOLD, Override: Safe hold mode active
2025-05-28 04:02:17,857 - INFO - [AUDIT] - Action: 0, Confidence: 1.0000, Safety Mode: SAFE_HOLD, Override: Safe hold mode active
2025-05-28 04:02:17,857 - INFO - [AUDIT] - Action: 0, Confidence: 1.0000, Safety Mode: SAFE_HOLD, Override: Safe hold mode active
2025-05-28 04:02:17,858 - INFO - [AUDIT] - Action: 0, Confidence: 1.0000, Safety Mode: SAFE_HOLD, Override: Safe hold mode active
2025-05-28 04:02:17,858 - INFO - [AUDIT] - Action: 0, Confidence: 1.0000, Safety Mode: SAFE_HOLD, Override: Safe hold mode active
2025-05-28 04:02:17,858 - INFO - [AUDIT] - Action: 0, Confidence: 1.0000, Safety Mode: SAFE_HOLD, Override: Safe hold mode active
2025-05-28 04:02:17,859 - INFO - [AUDIT] - Action: 0, Confidence: 1.0000, Safety Mode: SAFE_HOLD, Override: Safe hold mode active
2025-05-28 04:02:17,859 - INFO - [AUDIT] - Action: 0, Confidence: 1.0000, Safety Mode: SAFE_HOLD, Override: Safe hold mode active
2025-05-28 04:02:17,859 - INFO - [AUDIT] - Action: 0, Confidence: 1.0000, Safety Mode: SAFE_HOLD, Override: Safe hold mode active
2025-05-28 04:02:17,859 - INFO - [AUDIT] - Action: 0, Confidence: 1.0000, Safety Mode: SAFE_HOLD, Override: Safe hold mode active
2025-05-28 04:02:17,859 - INFO - [AUDIT] - Action: 0, Confidence: 1.0000, Safety Mode: SAFE_HOLD, Override: Safe hold mode active
2025-05-28 04:02:17,860 - INFO - [AUDIT] - Action: 0, Confidence: 1.0000, Safety Mode: SAFE_HOLD, Override: Safe hold mode active
2025-05-28 04:02:17,860 - INFO - [AUDIT] - Action: 0, Confidence: 1.0000, Safety Mode: SAFE_HOLD, Override: Safe hold mode active
2025-05-28 04:02:17,860 - INFO - [AUDIT] - Action: 0, Confidence: 1.0000, Safety Mode: SAFE_HOLD, Override: Safe hold mode active
2025-05-28 04:02:17,860 - INFO - [AUDIT] - Action: 0, Confidence: 1.0000, Safety Mode: SAFE_HOLD, Override: Safe hold mode active
2025-05-28 04:02:17,860 - INFO - [AUDIT] - Action: 0, Confidence: 1.0000, Safety Mode: SAFE_HOLD, Override: Safe hold mode active
2025-05-28 04:02:17,861 - INFO - [AUDIT] - Action: 0, Confidence: 1.0000, Safety Mode: SAFE_HOLD, Override: Safe hold mode active
2025-05-28 04:02:17,861 - INFO - [AUDIT] - Action: 0, Confidence: 1.0000, Safety Mode: SAFE_HOLD, Override: Safe hold mode active
2025-05-28 04:02:17,861 - INFO - [AUDIT] - Action: 0, Confidence: 1.0000, Safety Mode: SAFE_HOLD, Override: Safe hold mode active
2025-05-28 04:02:17,861 - INFO - [AUDIT] - Action: 0, Confidence: 1.0000, Safety Mode: SAFE_HOLD, Override: Safe hold mode active
2025-05-28 04:02:17,861 - INFO - [AUDIT] - Action: 0, Confidence: 1.0000, Safety Mode: SAFE_HOLD, Override: Safe hold mode active
2025-05-28 04:02:17,861 - INFO - [AUDIT] - Action: 0, Confidence: 1.0000, Safety Mode: SAFE_HOLD, Override: Safe hold mode active
2025-05-28 04:02:17,862 - INFO - [AUDIT] - Action: 0, Confidence: 1.0000, Safety Mode: SAFE_HOLD, Override: Safe hold mode active
2025-05-28 04:02:17,862 - INFO - [AUDIT] - Action: 0, Confidence: 1.0000, Safety Mode: SAFE_HOLD, Override: Safe hold mode active
2025-05-28 04:02:17,862 - INFO - [AUDIT] - Action: 0, Confidence: 1.0000, Safety Mode: SAFE_HOLD, Override: Safe hold mode active
2025-05-28 04:02:17,862 - INFO - [AUDIT] - Action: 0, Confidence: 1.0000, Safety Mode: SAFE_HOLD, Override: Safe hold mode active
2025-05-28 04:02:17,862 - INFO - [AUDIT] - Action: 0, Confidence: 1.0000, Safety Mode: SAFE_HOLD, Override: Safe hold mode active
2025-05-28 04:02:17,863 - INFO - [AUDIT] - Action: 0, Confidence: 1.0000, Safety Mode: SAFE_HOLD, Override: Safe hold mode active
2025-05-28 04:02:17,863 - INFO - [AUDIT] - Action: 0, Confidence: 1.0000, Safety Mode: SAFE_HOLD, Override: Safe hold mode active
2025-05-28 04:02:17,863 - INFO - [AUDIT] - Action: 0, Confidence: 1.0000, Safety Mode: SAFE_HOLD, Override: Safe hold mode active
2025-05-28 04:02:17,863 - INFO - [AUDIT] - Action: 0, Confidence: 1.0000, Safety Mode: SAFE_HOLD, Override: Safe hold mode active
2025-05-28 04:02:17,863 - INFO - [AUDIT] - Action: 0, Confidence: 1.0000, Safety Mode: SAFE_HOLD, Override: Safe hold mode active
2025-05-28 04:02:17,863 - INFO - [AUDIT] - Action: 0, Confidence: 1.0000, Safety Mode: SAFE_HOLD, Override: Safe hold mode active
2025-05-28 04:02:17,864 - INFO - [AUDIT] - Action: 0, Confidence: 1.0000, Safety Mode: SAFE_HOLD, Override: Safe hold mode active
2025-05-28 04:02:17,864 - INFO - [AUDIT] - Action: 0, Confidence: 1.0000, Safety Mode: SAFE_HOLD, Override: Safe hold mode active
2025-05-28 04:02:17,864 - INFO - [AUDIT] - Action: 0, Confidence: 1.0000, Safety Mode: SAFE_HOLD, Override: Safe hold mode active
2025-05-28 04:02:17,864 - INFO - [AUDIT] - Action: 0, Confidence: 1.0000, Safety Mode: SAFE_HOLD, Override: Safe hold mode active
2025-05-28 04:02:17,864 - INFO - [AUDIT] - Action: 0, Confidence: 1.0000, Safety Mode: SAFE_HOLD, Override: Safe hold mode active
2025-05-28 04:02:17,865 - INFO - [AUDIT] - Action: 0, Confidence: 1.0000, Safety Mode: SAFE_HOLD, Override: Safe hold mode active
2025-05-28 04:02:17,865 - INFO - [AUDIT] - Action: 0, Confidence: 1.0000, Safety Mode: SAFE_HOLD, Override: Safe hold mode active
2025-05-28 04:02:17,865 - INFO - [AUDIT] - Action: 0, Confidence: 1.0000, Safety Mode: SAFE_HOLD, Override: Safe hold mode active
2025-05-28 04:02:17,865 - INFO - [AUDIT] - Action: 0, Confidence: 1.0000, Safety Mode: SAFE_HOLD, Override: Safe hold mode active
2025-05-28 04:02:17,865 - INFO - [AUDIT] - Action: 0, Confidence: 1.0000, Safety Mode: SAFE_HOLD, Override: Safe hold mode active
2025-05-28 04:02:17,866 - INFO - [AUDIT] - Action: 0, Confidence: 1.0000, Safety Mode: SAFE_HOLD, Override: Safe hold mode active
2025-05-28 04:02:17,866 - INFO - [AUDIT] - Action: 0, Confidence: 1.0000, Safety Mode: SAFE_HOLD, Override: Safe hold mode active
2025-05-28 04:02:17,866 - INFO - [AUDIT] - Action: 0, Confidence: 1.0000, Safety Mode: SAFE_HOLD, Override: Safe hold mode active
2025-05-28 04:02:17,866 - INFO - [AUDIT] - Action: 0, Confidence: 1.0000, Safety Mode: SAFE_HOLD, Override: Safe hold mode active
2025-05-28 04:02:17,866 - INFO - [AUDIT] - Action: 0, Confidence: 1.0000, Safety Mode: SAFE_HOLD, Override: Safe hold mode active
2025-05-28 04:02:17,866 - INFO - [AUDIT] - Action: 0, Confidence: 1.0000, Safety Mode: SAFE_HOLD, Override: Safe hold mode active
2025-05-28 04:02:17,867 - INFO - [AUDIT] - Action: 0, Confidence: 1.0000, Safety Mode: SAFE_HOLD, Override: Safe hold mode active
2025-05-28 04:02:17,867 - INFO - [AUDIT] - Action: 0, Confidence: 1.0000, Safety Mode: SAFE_HOLD, Override: Safe hold mode active
2025-05-28 04:02:17,867 - INFO - [AUDIT] - Action: 0, Confidence: 1.0000, Safety Mode: SAFE_HOLD, Override: Safe hold mode active
2025-05-28 04:02:17,867 - INFO - [AUDIT] - Action: 0, Confidence: 1.0000, Safety Mode: SAFE_HOLD, Override: Safe hold mode active
2025-05-28 04:02:17,868 - INFO - [AUDIT] - Action: 0, Confidence: 1.0000, Safety Mode: SAFE_HOLD, Override: Safe hold mode active
2025-05-28 04:02:17,868 - INFO - [AUDIT] - Action: 0, Confidence: 1.0000, Safety Mode: SAFE_HOLD, Override: Safe hold mode active
2025-05-28 04:02:17,868 - INFO - [AUDIT] - Action: 0, Confidence: 1.0000, Safety Mode: SAFE_HOLD, Override: Safe hold mode active
2025-05-28 04:02:17,868 - INFO - [AUDIT] - Action: 0, Confidence: 1.0000, Safety Mode: SAFE_HOLD, Override: Safe hold mode active
2025-05-28 04:02:17,868 - INFO - [AUDIT] - Action: 0, Confidence: 1.0000, Safety Mode: SAFE_HOLD, Override: Safe hold mode active
2025-05-28 04:02:17,868 - INFO - [AUDIT] - Action: 0, Confidence: 1.0000, Safety Mode: SAFE_HOLD, Override: Safe hold mode active
2025-05-28 04:02:17,869 - INFO - [AUDIT] - Action: 0, Confidence: 1.0000, Safety Mode: SAFE_HOLD, Override: Safe hold mode active
2025-05-28 04:02:17,869 - INFO - [AUDIT] - Action: 0, Confidence: 1.0000, Safety Mode: SAFE_HOLD, Override: Safe hold mode active
2025-05-28 04:02:17,869 - INFO - [AUDIT] - Action: 0, Confidence: 1.0000, Safety Mode: SAFE_HOLD, Override: Safe hold mode active
2025-05-28 04:02:17,869 - INFO - [AUDIT] - Action: 0, Confidence: 1.0000, Safety Mode: SAFE_HOLD, Override: Safe hold mode active
2025-05-28 04:02:17,870 - INFO - [AUDIT] - Action: 0, Confidence: 1.0000, Safety Mode: SAFE_HOLD, Override: Safe hold mode active
2025-05-28 04:02:17,870 - INFO - [AUDIT] - Action: 0, Confidence: 1.0000, Safety Mode: SAFE_HOLD, Override: Safe hold mode active
2025-05-28 04:02:17,870 - INFO - [AUDIT] - Action: 0, Confidence: 1.0000, Safety Mode: SAFE_HOLD, Override: Safe hold mode active
2025-05-28 04:02:17,870 - INFO - [AUDIT] - Action: 0, Confidence: 1.0000, Safety Mode: SAFE_HOLD, Override: Safe hold mode active
2025-05-28 04:02:17,870 - INFO - [AUDIT] - Action: 0, Confidence: 1.0000, Safety Mode: SAFE_HOLD, Override: Safe hold mode active
2025-05-28 04:02:17,870 - INFO - [AUDIT] - Action: 0, Confidence: 1.0000, Safety Mode: SAFE_HOLD, Override: Safe hold mode active
2025-05-28 04:02:17,871 - INFO - [AUDIT] - Action: 0, Confidence: 1.0000, Safety Mode: SAFE_HOLD, Override: Safe hold mode active
2025-05-28 04:02:17,871 - INFO - [AUDIT] - Action: 0, Confidence: 1.0000, Safety Mode: SAFE_HOLD, Override: Safe hold mode active
2025-05-28 04:02:17,871 - INFO - [AUDIT] - Action: 0, Confidence: 1.0000, Safety Mode: SAFE_HOLD, Override: Safe hold mode active
2025-05-28 04:02:17,871 - INFO - [AUDIT] - Action: 0, Confidence: 1.0000, Safety Mode: SAFE_HOLD, Override: Safe hold mode active
2025-05-28 04:02:17,871 - INFO - [AUDIT] - Action: 0, Confidence: 1.0000, Safety Mode: SAFE_HOLD, Override: Safe hold mode active
2025-05-28 04:02:17,872 - INFO - [AUDIT] - Action: 0, Confidence: 1.0000, Safety Mode: SAFE_HOLD, Override: Safe hold mode active
2025-05-28 04:02:17,872 - INFO - [AUDIT] - Action: 0, Confidence: 1.0000, Safety Mode: SAFE_HOLD, Override: Safe hold mode active
2025-05-28 04:02:17,872 - INFO - [AUDIT] - Action: 0, Confidence: 1.0000, Safety Mode: SAFE_HOLD, Override: Safe hold mode active
2025-05-28 04:02:17,872 - INFO - [AUDIT] - Action: 0, Confidence: 1.0000, Safety Mode: SAFE_HOLD, Override: Safe hold mode active
2025-05-28 04:02:17,872 - INFO - [AUDIT] - Action: 0, Confidence: 1.0000, Safety Mode: SAFE_HOLD, Override: Safe hold mode active
2025-05-28 04:02:17,873 - INFO - [AUDIT] - Action: 0, Confidence: 1.0000, Safety Mode: SAFE_HOLD, Override: Safe hold mode active
2025-05-28 04:02:17,873 - INFO - [AUDIT] - Action: 0, Confidence: 1.0000, Safety Mode: SAFE_HOLD, Override: Safe hold mode active
2025-05-28 04:02:17,873 - INFO - [AUDIT] - Action: 0, Confidence: 1.0000, Safety Mode: SAFE_HOLD, Override: Safe hold mode active
2025-05-28 04:02:17,874 - INFO - [AUDIT] - Action: 0, Confidence: 1.0000, Safety Mode: SAFE_HOLD, Override: Safe hold mode active
2025-05-28 04:02:17,874 - INFO - [AUDIT] - Action: 0, Confidence: 1.0000, Safety Mode: SAFE_HOLD, Override: Safe hold mode active
2025-05-28 04:02:17,874 - INFO - [AUDIT] - Action: 0, Confidence: 1.0000, Safety Mode: SAFE_HOLD, Override: Safe hold mode active
2025-05-28 04:02:17,874 - INFO - [AUDIT] - Action: 0, Confidence: 1.0000, Safety Mode: SAFE_HOLD, Override: Safe hold mode active
2025-05-28 04:02:17,874 - INFO - [AUDIT] - Action: 0, Confidence: 1.0000, Safety Mode: SAFE_HOLD, Override: Safe hold mode active
2025-05-28 04:02:17,875 - INFO - [AUDIT] - Action: 0, Confidence: 1.0000, Safety Mode: SAFE_HOLD, Override: Safe hold mode active
2025-05-28 04:02:17,875 - INFO - [AUDIT] - Action: 0, Confidence: 1.0000, Safety Mode: SAFE_HOLD, Override: Safe hold mode active
2025-05-28 04:02:17,875 - INFO - [AUDIT] - Action: 0, Confidence: 1.0000, Safety Mode: SAFE_HOLD, Override: Safe hold mode active
2025-05-28 04:02:17,875 - INFO - [AUDIT] - Action: 0, Confidence: 1.0000, Safety Mode: SAFE_HOLD, Override: Safe hold mode active
2025-05-28 04:02:17,875 - INFO - [AUDIT] - Action: 0, Confidence: 1.0000, Safety Mode: SAFE_HOLD, Override: Safe hold mode active
2025-05-28 04:02:17,876 - INFO - [AUDIT] - Action: 0, Confidence: 1.0000, Safety Mode: SAFE_HOLD, Override: Safe hold mode active
2025-05-28 04:02:17,876 - INFO - [AUDIT] - Action: 0, Confidence: 1.0000, Safety Mode: SAFE_HOLD, Override: Safe hold mode active
2025-05-28 04:02:17,876 - INFO - [AUDIT] - Action: 0, Confidence: 1.0000, Safety Mode: SAFE_HOLD, Override: Safe hold mode active
2025-05-28 04:02:17,876 - INFO - [AUDIT] - Action: 0, Confidence: 1.0000, Safety Mode: SAFE_HOLD, Override: Safe hold mode active
2025-05-28 04:02:17,876 - INFO - [AUDIT] - Action: 0, Confidence: 1.0000, Safety Mode: SAFE_HOLD, Override: Safe hold mode active
2025-05-28 04:02:17,877 - INFO - [AUDIT] - Action: 0, Confidence: 1.0000, Safety Mode: SAFE_HOLD, Override: Safe hold mode active
2025-05-28 04:02:17,877 - INFO - [AUDIT] - Action: 0, Confidence: 1.0000, Safety Mode: SAFE_HOLD, Override: Safe hold mode active
2025-05-28 04:02:17,877 - INFO - [AUDIT] - Action: 0, Confidence: 1.0000, Safety Mode: SAFE_HOLD, Override: Safe hold mode active
2025-05-28 04:02:17,877 - INFO - [AUDIT] - Action: 0, Confidence: 1.0000, Safety Mode: SAFE_HOLD, Override: Safe hold mode active
2025-05-28 04:02:17,877 - INFO - [AUDIT] - Action: 0, Confidence: 1.0000, Safety Mode: SAFE_HOLD, Override: Safe hold mode active
2025-05-28 04:02:17,877 - INFO - [AUDIT] - Action: 0, Confidence: 1.0000, Safety Mode: SAFE_HOLD, Override: Safe hold mode active
2025-05-28 04:02:17,878 - INFO - [AUDIT] - Action: 0, Confidence: 1.0000, Safety Mode: SAFE_HOLD, Override: Safe hold mode active
2025-05-28 04:02:17,878 - INFO - [AUDIT] - Action: 0, Confidence: 1.0000, Safety Mode: SAFE_HOLD, Override: Safe hold mode active
2025-05-28 04:02:17,878 - INFO - [AUDIT] - Action: 0, Confidence: 1.0000, Safety Mode: SAFE_HOLD, Override: Safe hold mode active
2025-05-28 04:02:17,878 - INFO - [AUDIT] - Action: 0, Confidence: 1.0000, Safety Mode: SAFE_HOLD, Override: Safe hold mode active
2025-05-28 04:02:17,879 - INFO - [AUDIT] - Action: 0, Confidence: 1.0000, Safety Mode: SAFE_HOLD, Override: Safe hold mode active
2025-05-28 04:02:17,879 - INFO - [AUDIT] - Action: 0, Confidence: 1.0000, Safety Mode: SAFE_HOLD, Override: Safe hold mode active
2025-05-28 04:02:17,879 - INFO - [AUDIT] - Action: 0, Confidence: 1.0000, Safety Mode: SAFE_HOLD, Override: Safe hold mode active
2025-05-28 04:02:17,879 - INFO - [AUDIT] - Action: 0, Confidence: 1.0000, Safety Mode: SAFE_HOLD, Override: Safe hold mode active
2025-05-28 04:02:17,879 - INFO - [AUDIT] - Action: 0, Confidence: 1.0000, Safety Mode: SAFE_HOLD, Override: Safe hold mode active
2025-05-28 04:02:17,879 - INFO - [AUDIT] - Action: 0, Confidence: 1.0000, Safety Mode: SAFE_HOLD, Override: Safe hold mode active
2025-05-28 04:02:17,880 - INFO - [AUDIT] - Action: 0, Confidence: 1.0000, Safety Mode: SAFE_HOLD, Override: Safe hold mode active
2025-05-28 04:02:17,880 - INFO - [AUDIT] - Action: 0, Confidence: 1.0000, Safety Mode: SAFE_HOLD, Override: Safe hold mode active
2025-05-28 04:02:17,880 - INFO - [AUDIT] - Action: 0, Confidence: 1.0000, Safety Mode: SAFE_HOLD, Override: Safe hold mode active
2025-05-28 04:02:17,880 - INFO - [AUDIT] - Action: 0, Confidence: 1.0000, Safety Mode: SAFE_HOLD, Override: Safe hold mode active
2025-05-28 04:02:17,880 - INFO - [AUDIT] - Action: 0, Confidence: 1.0000, Safety Mode: SAFE_HOLD, Override: Safe hold mode active
2025-05-28 04:02:17,881 - INFO - [AUDIT] - Action: 0, Confidence: 1.0000, Safety Mode: SAFE_HOLD, Override: Safe hold mode active
2025-05-28 04:02:17,881 - INFO - [AUDIT] - Action: 0, Confidence: 1.0000, Safety Mode: SAFE_HOLD, Override: Safe hold mode active
2025-05-28 04:02:17,881 - INFO - [AUDIT] - Action: 0, Confidence: 1.0000, Safety Mode: SAFE_HOLD, Override: Safe hold mode active
2025-05-28 04:02:17,881 - INFO - [AUDIT] - Action: 0, Confidence: 1.0000, Safety Mode: SAFE_HOLD, Override: Safe hold mode active
2025-05-28 04:02:17,881 - INFO - [AUDIT] - Action: 0, Confidence: 1.0000, Safety Mode: SAFE_HOLD, Override: Safe hold mode active
2025-05-28 04:02:17,882 - INFO - [AUDIT] - Action: 0, Confidence: 1.0000, Safety Mode: SAFE_HOLD, Override: Safe hold mode active
2025-05-28 04:02:17,882 - INFO - [AUDIT] - Action: 0, Confidence: 1.0000, Safety Mode: SAFE_HOLD, Override: Safe hold mode active
2025-05-28 04:02:17,882 - INFO - [AUDIT] - Action: 0, Confidence: 1.0000, Safety Mode: SAFE_HOLD, Override: Safe hold mode active
2025-05-28 04:02:17,882 - INFO - [AUDIT] - Action: 0, Confidence: 1.0000, Safety Mode: SAFE_HOLD, Override: Safe hold mode active
2025-05-28 04:02:17,882 - INFO - [AUDIT] - Action: 0, Confidence: 1.0000, Safety Mode: SAFE_HOLD, Override: Safe hold mode active
2025-05-28 04:02:17,882 - INFO - [AUDIT] - Action: 0, Confidence: 1.0000, Safety Mode: SAFE_HOLD, Override: Safe hold mode active
2025-05-28 04:02:17,883 - INFO - [AUDIT] - Action: 0, Confidence: 1.0000, Safety Mode: SAFE_HOLD, Override: Safe hold mode active
2025-05-28 04:02:17,883 - INFO - [AUDIT] - Action: 0, Confidence: 1.0000, Safety Mode: SAFE_HOLD, Override: Safe hold mode active
2025-05-28 04:02:17,883 - INFO - [AUDIT] - Action: 0, Confidence: 1.0000, Safety Mode: SAFE_HOLD, Override: Safe hold mode active
2025-05-28 04:02:17,883 - INFO - [AUDIT] - Action: 0, Confidence: 1.0000, Safety Mode: SAFE_HOLD, Override: Safe hold mode active
2025-05-28 04:02:17,883 - INFO - [AUDIT] - Action: 0, Confidence: 1.0000, Safety Mode: SAFE_HOLD, Override: Safe hold mode active
2025-05-28 04:02:17,884 - INFO - [AUDIT] - Action: 0, Confidence: 1.0000, Safety Mode: SAFE_HOLD, Override: Safe hold mode active
2025-05-28 04:02:17,884 - INFO - [AUDIT] - Action: 0, Confidence: 1.0000, Safety Mode: SAFE_HOLD, Override: Safe hold mode active
2025-05-28 04:02:17,884 - INFO - [AUDIT] - Action: 0, Confidence: 1.0000, Safety Mode: SAFE_HOLD, Override: Safe hold mode active
2025-05-28 04:02:17,884 - INFO - [AUDIT] - Action: 0, Confidence: 1.0000, Safety Mode: SAFE_HOLD, Override: Safe hold mode active
2025-05-28 04:02:17,885 - INFO - [AUDIT] - Action: 0, Confidence: 1.0000, Safety Mode: SAFE_HOLD, Override: Safe hold mode active
2025-05-28 04:02:17,885 - INFO - [AUDIT] - Action: 0, Confidence: 1.0000, Safety Mode: SAFE_HOLD, Override: Safe hold mode active
2025-05-28 04:02:17,885 - INFO - [AUDIT] - Action: 0, Confidence: 1.0000, Safety Mode: SAFE_HOLD, Override: Safe hold mode active
2025-05-28 04:02:17,885 - INFO - [AUDIT] - Action: 0, Confidence: 1.0000, Safety Mode: SAFE_HOLD, Override: Safe hold mode active
2025-05-28 04:02:17,885 - INFO - [AUDIT] - Action: 0, Confidence: 1.0000, Safety Mode: SAFE_HOLD, Override: Safe hold mode active
2025-05-28 04:02:17,886 - INFO - [AUDIT] - Action: 0, Confidence: 1.0000, Safety Mode: SAFE_HOLD, Override: Safe hold mode active
2025-05-28 04:02:17,886 - INFO - [AUDIT] - Action: 0, Confidence: 1.0000, Safety Mode: SAFE_HOLD, Override: Safe hold mode active
2025-05-28 04:02:17,886 - INFO - [AUDIT] - Action: 0, Confidence: 1.0000, Safety Mode: SAFE_HOLD, Override: Safe hold mode active
2025-05-28 04:02:17,886 - INFO - [AUDIT] - Action: 0, Confidence: 1.0000, Safety Mode: SAFE_HOLD, Override: Safe hold mode active
2025-05-28 04:02:17,886 - INFO - [AUDIT] - Action: 0, Confidence: 1.0000, Safety Mode: SAFE_HOLD, Override: Safe hold mode active
2025-05-28 04:02:17,887 - INFO - [AUDIT] - Action: 0, Confidence: 1.0000, Safety Mode: SAFE_HOLD, Override: Safe hold mode active
2025-05-28 04:02:17,887 - INFO - [AUDIT] - Action: 0, Confidence: 1.0000, Safety Mode: SAFE_HOLD, Override: Safe hold mode active
2025-05-28 04:02:17,887 - INFO - [AUDIT] - Action: 0, Confidence: 1.0000, Safety Mode: SAFE_HOLD, Override: Safe hold mode active
2025-05-28 04:02:17,887 - INFO - [AUDIT] - Action: 0, Confidence: 1.0000, Safety Mode: SAFE_HOLD, Override: Safe hold mode active
2025-05-28 04:02:17,887 - INFO - [AUDIT] - Action: 0, Confidence: 1.0000, Safety Mode: SAFE_HOLD, Override: Safe hold mode active
2025-05-28 04:02:17,888 - INFO - [AUDIT] - Action: 0, Confidence: 1.0000, Safety Mode: SAFE_HOLD, Override: Safe hold mode active
2025-05-28 04:02:17,888 - INFO - [AUDIT] - Action: 0, Confidence: 1.0000, Safety Mode: SAFE_HOLD, Override: Safe hold mode active
2025-05-28 04:02:17,888 - INFO - [AUDIT] - Action: 0, Confidence: 1.0000, Safety Mode: SAFE_HOLD, Override: Safe hold mode active
2025-05-28 04:02:17,888 - INFO - [AUDIT] - Action: 0, Confidence: 1.0000, Safety Mode: SAFE_HOLD, Override: Safe hold mode active
2025-05-28 04:02:17,888 - INFO - [AUDIT] - Action: 0, Confidence: 1.0000, Safety Mode: SAFE_HOLD, Override: Safe hold mode active
2025-05-28 04:02:17,889 - INFO - [AUDIT] - Action: 0, Confidence: 1.0000, Safety Mode: SAFE_HOLD, Override: Safe hold mode active
2025-05-28 04:02:17,889 - INFO - [AUDIT] - Action: 0, Confidence: 1.0000, Safety Mode: SAFE_HOLD, Override: Safe hold mode active
2025-05-28 04:02:17,889 - INFO - [AUDIT] - Action: 0, Confidence: 1.0000, Safety Mode: SAFE_HOLD, Override: Safe hold mode active
2025-05-28 04:02:17,889 - INFO - [AUDIT] - Action: 0, Confidence: 1.0000, Safety Mode: SAFE_HOLD, Override: Safe hold mode active
2025-05-28 04:02:17,889 - INFO - [AUDIT] - Action: 0, Confidence: 1.0000, Safety Mode: SAFE_HOLD, Override: Safe hold mode active
2025-05-28 04:02:17,890 - INFO - [AUDIT] - Action: 0, Confidence: 1.0000, Safety Mode: SAFE_HOLD, Override: Safe hold mode active
2025-05-28 04:02:17,890 - INFO - [AUDIT] - Action: 0, Confidence: 1.0000, Safety Mode: SAFE_HOLD, Override: Safe hold mode active
2025-05-28 04:02:17,890 - INFO - [AUDIT] - Action: 0, Confidence: 1.0000, Safety Mode: SAFE_HOLD, Override: Safe hold mode active
2025-05-28 04:02:17,890 - INFO - [AUDIT] - Action: 0, Confidence: 1.0000, Safety Mode: SAFE_HOLD, Override: Safe hold mode active
2025-05-28 04:02:17,890 - INFO - [AUDIT] - Action: 0, Confidence: 1.0000, Safety Mode: SAFE_HOLD, Override: Safe hold mode active
2025-05-28 04:02:17,890 - INFO - [AUDIT] - Action: 0, Confidence: 1.0000, Safety Mode: SAFE_HOLD, Override: Safe hold mode active
2025-05-28 04:02:17,891 - INFO - [AUDIT] - Action: 0, Confidence: 1.0000, Safety Mode: SAFE_HOLD, Override: Safe hold mode active
2025-05-28 04:02:17,891 - INFO - [AUDIT] - Action: 0, Confidence: 1.0000, Safety Mode: SAFE_HOLD, Override: Safe hold mode active
2025-05-28 04:02:17,891 - INFO - [AUDIT] - Action: 0, Confidence: 1.0000, Safety Mode: SAFE_HOLD, Override: Safe hold mode active
2025-05-28 04:02:17,891 - INFO - [AUDIT] - Action: 0, Confidence: 1.0000, Safety Mode: SAFE_HOLD, Override: Safe hold mode active
2025-05-28 04:02:17,891 - INFO - [AUDIT] - Action: 0, Confidence: 1.0000, Safety Mode: SAFE_HOLD, Override: Safe hold mode active
2025-05-28 04:02:17,892 - INFO - [AUDIT] - Action: 0, Confidence: 1.0000, Safety Mode: SAFE_HOLD, Override: Safe hold mode active
2025-05-28 04:02:17,892 - INFO - [AUDIT] - Action: 0, Confidence: 1.0000, Safety Mode: SAFE_HOLD, Override: Safe hold mode active
2025-05-28 04:02:17,892 - INFO - [AUDIT] - Action: 0, Confidence: 1.0000, Safety Mode: SAFE_HOLD, Override: Safe hold mode active
2025-05-28 04:02:17,892 - INFO - [AUDIT] - Action: 0, Confidence: 1.0000, Safety Mode: SAFE_HOLD, Override: Safe hold mode active
2025-05-28 04:02:17,892 - INFO - [AUDIT] - Action: 0, Confidence: 1.0000, Safety Mode: SAFE_HOLD, Override: Safe hold mode active
2025-05-28 04:02:17,892 - INFO - [AUDIT] - Action: 0, Confidence: 1.0000, Safety Mode: SAFE_HOLD, Override: Safe hold mode active
2025-05-28 04:02:17,893 - INFO - [AUDIT] - Action: 0, Confidence: 1.0000, Safety Mode: SAFE_HOLD, Override: Safe hold mode active
2025-05-28 04:02:17,893 - INFO - [AUDIT] - Action: 0, Confidence: 1.0000, Safety Mode: SAFE_HOLD, Override: Safe hold mode active
2025-05-28 04:02:17,893 - INFO - [AUDIT] - Action: 0, Confidence: 1.0000, Safety Mode: SAFE_HOLD, Override: Safe hold mode active
2025-05-28 04:02:17,893 - INFO - [AUDIT] - Action: 0, Confidence: 1.0000, Safety Mode: SAFE_HOLD, Override: Safe hold mode active
2025-05-28 04:02:17,893 - INFO - [AUDIT] - Action: 0, Confidence: 1.0000, Safety Mode: SAFE_HOLD, Override: Safe hold mode active
2025-05-28 04:02:17,894 - INFO - [AUDIT] - Action: 0, Confidence: 1.0000, Safety Mode: SAFE_HOLD, Override: Safe hold mode active
2025-05-28 04:02:17,894 - INFO - [AUDIT] - Action: 0, Confidence: 1.0000, Safety Mode: SAFE_HOLD, Override: Safe hold mode active
2025-05-28 04:02:17,894 - INFO - [AUDIT] - Action: 0, Confidence: 1.0000, Safety Mode: SAFE_HOLD, Override: Safe hold mode active
2025-05-28 04:02:17,894 - INFO - [AUDIT] - Action: 0, Confidence: 1.0000, Safety Mode: SAFE_HOLD, Override: Safe hold mode active
2025-05-28 04:02:17,894 - INFO - [AUDIT] - Action: 0, Confidence: 1.0000, Safety Mode: SAFE_HOLD, Override: Safe hold mode active
2025-05-28 04:02:17,894 - INFO - [AUDIT] - Action: 0, Confidence: 1.0000, Safety Mode: SAFE_HOLD, Override: Safe hold mode active
2025-05-28 04:02:17,895 - INFO - [AUDIT] - Action: 0, Confidence: 1.0000, Safety Mode: SAFE_HOLD, Override: Safe hold mode active
2025-05-28 04:02:17,895 - INFO - [AUDIT] - Action: 0, Confidence: 1.0000, Safety Mode: SAFE_HOLD, Override: Safe hold mode active
2025-05-28 04:02:17,895 - INFO - [AUDIT] - Action: 0, Confidence: 1.0000, Safety Mode: SAFE_HOLD, Override: Safe hold mode active
2025-05-28 04:02:17,895 - INFO - [AUDIT] - Action: 0, Confidence: 1.0000, Safety Mode: SAFE_HOLD, Override: Safe hold mode active
2025-05-28 04:02:17,895 - INFO - [AUDIT] - Action: 0, Confidence: 1.0000, Safety Mode: SAFE_HOLD, Override: Safe hold mode active
2025-05-28 04:02:17,896 - INFO - [AUDIT] - Action: 0, Confidence: 1.0000, Safety Mode: SAFE_HOLD, Override: Safe hold mode active
2025-05-28 04:02:17,896 - INFO - [AUDIT] - Action: 0, Confidence: 1.0000, Safety Mode: SAFE_HOLD, Override: Safe hold mode active
2025-05-28 04:02:17,896 - INFO - [AUDIT] - Action: 0, Confidence: 1.0000, Safety Mode: SAFE_HOLD, Override: Safe hold mode active
2025-05-28 04:02:17,896 - INFO - [AUDIT] - Action: 0, Confidence: 1.0000, Safety Mode: SAFE_HOLD, Override: Safe hold mode active
2025-05-28 04:02:17,896 - INFO - [AUDIT] - Action: 0, Confidence: 1.0000, Safety Mode: SAFE_HOLD, Override: Safe hold mode active
2025-05-28 04:02:17,896 - INFO - [AUDIT] - Action: 0, Confidence: 1.0000, Safety Mode: SAFE_HOLD, Override: Safe hold mode active
2025-05-28 04:02:17,897 - INFO - [AUDIT] - Action: 0, Confidence: 1.0000, Safety Mode: SAFE_HOLD, Override: Safe hold mode active
2025-05-28 04:02:17,897 - INFO - [AUDIT] - Action: 0, Confidence: 1.0000, Safety Mode: SAFE_HOLD, Override: Safe hold mode active
2025-05-28 04:02:17,897 - INFO - [AUDIT] - Action: 0, Confidence: 1.0000, Safety Mode: SAFE_HOLD, Override: Safe hold mode active
2025-05-28 04:02:17,897 - INFO - [AUDIT] - Action: 0, Confidence: 1.0000, Safety Mode: SAFE_HOLD, Override: Safe hold mode active
2025-05-28 04:02:17,897 - INFO - [AUDIT] - Action: 0, Confidence: 1.0000, Safety Mode: SAFE_HOLD, Override: Safe hold mode active
2025-05-28 04:02:17,898 - INFO - [AUDIT] - Action: 0, Confidence: 1.0000, Safety Mode: SAFE_HOLD, Override: Safe hold mode active
2025-05-28 04:02:17,898 - INFO - [AUDIT] - Action: 0, Confidence: 1.0000, Safety Mode: SAFE_HOLD, Override: Safe hold mode active
2025-05-28 04:02:17,898 - INFO - [AUDIT] - Action: 0, Confidence: 1.0000, Safety Mode: SAFE_HOLD, Override: Safe hold mode active
2025-05-28 04:02:17,898 - INFO - [AUDIT] - Action: 0, Confidence: 1.0000, Safety Mode: SAFE_HOLD, Override: Safe hold mode active
2025-05-28 04:02:17,898 - INFO - [AUDIT] - Action: 0, Confidence: 1.0000, Safety Mode: SAFE_HOLD, Override: Safe hold mode active
2025-05-28 04:02:17,899 - INFO - [AUDIT] - Action: 0, Confidence: 1.0000, Safety Mode: SAFE_HOLD, Override: Safe hold mode active
2025-05-28 04:02:17,899 - INFO - [AUDIT] - Action: 0, Confidence: 1.0000, Safety Mode: SAFE_HOLD, Override: Safe hold mode active
2025-05-28 04:02:17,899 - INFO - [AUDIT] - Action: 0, Confidence: 1.0000, Safety Mode: SAFE_HOLD, Override: Safe hold mode active
2025-05-28 04:02:17,899 - INFO - [AUDIT] - Action: 0, Confidence: 1.0000, Safety Mode: SAFE_HOLD, Override: Safe hold mode active
2025-05-28 04:02:17,899 - INFO - [AUDIT] - Action: 0, Confidence: 1.0000, Safety Mode: SAFE_HOLD, Override: Safe hold mode active
2025-05-28 04:02:17,900 - INFO - [AUDIT] - Action: 0, Confidence: 1.0000, Safety Mode: SAFE_HOLD, Override: Safe hold mode active
2025-05-28 04:02:17,900 - INFO - [AUDIT] - Action: 0, Confidence: 1.0000, Safety Mode: SAFE_HOLD, Override: Safe hold mode active
2025-05-28 04:02:17,900 - INFO - [AUDIT] - Action: 0, Confidence: 1.0000, Safety Mode: SAFE_HOLD, Override: Safe hold mode active
2025-05-28 04:02:17,900 - INFO - [AUDIT] - Action: 0, Confidence: 1.0000, Safety Mode: SAFE_HOLD, Override: Safe hold mode active
2025-05-28 04:02:17,900 - INFO - [AUDIT] - Action: 0, Confidence: 1.0000, Safety Mode: SAFE_HOLD, Override: Safe hold mode active
2025-05-28 04:02:17,900 - INFO - [AUDIT] - Action: 0, Confidence: 1.0000, Safety Mode: SAFE_HOLD, Override: Safe hold mode active
2025-05-28 04:02:17,901 - INFO - [AUDIT] - Action: 0, Confidence: 1.0000, Safety Mode: SAFE_HOLD, Override: Safe hold mode active
2025-05-28 04:02:17,901 - INFO - [AUDIT] - Action: 0, Confidence: 1.0000, Safety Mode: SAFE_HOLD, Override: Safe hold mode active
2025-05-28 04:02:17,901 - INFO - [AUDIT] - Action: 0, Confidence: 1.0000, Safety Mode: SAFE_HOLD, Override: Safe hold mode active
2025-05-28 04:02:17,901 - INFO - [AUDIT] - Action: 0, Confidence: 1.0000, Safety Mode: SAFE_HOLD, Override: Safe hold mode active
2025-05-28 04:02:17,902 - INFO - [AUDIT] - Action: 0, Confidence: 1.0000, Safety Mode: SAFE_HOLD, Override: Safe hold mode active
2025-05-28 04:02:17,902 - INFO - [AUDIT] - Action: 0, Confidence: 1.0000, Safety Mode: SAFE_HOLD, Override: Safe hold mode active
2025-05-28 04:02:17,902 - INFO - [AUDIT] - Action: 0, Confidence: 1.0000, Safety Mode: SAFE_HOLD, Override: Safe hold mode active
2025-05-28 04:02:17,902 - INFO - [AUDIT] - Action: 0, Confidence: 1.0000, Safety Mode: SAFE_HOLD, Override: Safe hold mode active
2025-05-28 04:02:17,902 - INFO - [AUDIT] - Action: 0, Confidence: 1.0000, Safety Mode: SAFE_HOLD, Override: Safe hold mode active
2025-05-28 04:02:17,903 - INFO - [AUDIT] - Action: 0, Confidence: 1.0000, Safety Mode: SAFE_HOLD, Override: Safe hold mode active
2025-05-28 04:02:17,903 - INFO - [AUDIT] - Action: 0, Confidence: 1.0000, Safety Mode: SAFE_HOLD, Override: Safe hold mode active
2025-05-28 04:02:17,903 - INFO - [AUDIT] - Action: 0, Confidence: 1.0000, Safety Mode: SAFE_HOLD, Override: Safe hold mode active
2025-05-28 04:02:17,903 - INFO - [AUDIT] - Action: 0, Confidence: 1.0000, Safety Mode: SAFE_HOLD, Override: Safe hold mode active
2025-05-28 04:02:17,904 - INFO - [AUDIT] - Action: 0, Confidence: 1.0000, Safety Mode: SAFE_HOLD, Override: Safe hold mode active
2025-05-28 04:02:17,904 - INFO - [AUDIT] - Action: 0, Confidence: 1.0000, Safety Mode: SAFE_HOLD, Override: Safe hold mode active
2025-05-28 04:02:17,904 - INFO - [AUDIT] - Action: 0, Confidence: 1.0000, Safety Mode: SAFE_HOLD, Override: Safe hold mode active
2025-05-28 04:02:17,904 - INFO - [AUDIT] - Action: 0, Confidence: 1.0000, Safety Mode: SAFE_HOLD, Override: Safe hold mode active
2025-05-28 04:02:17,905 - INFO - [AUDIT] - Action: 0, Confidence: 1.0000, Safety Mode: SAFE_HOLD, Override: Safe hold mode active
2025-05-28 04:02:17,905 - INFO - [AUDIT] - Action: 0, Confidence: 1.0000, Safety Mode: SAFE_HOLD, Override: Safe hold mode active
2025-05-28 04:02:17,905 - INFO - [AUDIT] - Action: 0, Confidence: 1.0000, Safety Mode: SAFE_HOLD, Override: Safe hold mode active
2025-05-28 04:02:17,905 - INFO - [AUDIT] - Action: 0, Confidence: 1.0000, Safety Mode: SAFE_HOLD, Override: Safe hold mode active
2025-05-28 04:02:17,905 - INFO - [AUDIT] - Action: 0, Confidence: 1.0000, Safety Mode: SAFE_HOLD, Override: Safe hold mode active
2025-05-28 04:02:17,905 - INFO - [AUDIT] - Action: 0, Confidence: 1.0000, Safety Mode: SAFE_HOLD, Override: Safe hold mode active
2025-05-28 04:02:17,906 - INFO - [AUDIT] - Action: 0, Confidence: 1.0000, Safety Mode: SAFE_HOLD, Override: Safe hold mode active
2025-05-28 04:02:17,906 - INFO - [AUDIT] - Action: 0, Confidence: 1.0000, Safety Mode: SAFE_HOLD, Override: Safe hold mode active
2025-05-28 04:02:17,906 - INFO - [AUDIT] - Action: 0, Confidence: 1.0000, Safety Mode: SAFE_HOLD, Override: Safe hold mode active
2025-05-28 04:02:17,906 - INFO - [AUDIT] - Action: 0, Confidence: 1.0000, Safety Mode: SAFE_HOLD, Override: Safe hold mode active
2025-05-28 04:02:17,906 - INFO - [AUDIT] - Action: 0, Confidence: 1.0000, Safety Mode: SAFE_HOLD, Override: Safe hold mode active
2025-05-28 04:02:17,907 - INFO - [AUDIT] - Action: 0, Confidence: 1.0000, Safety Mode: SAFE_HOLD, Override: Safe hold mode active
2025-05-28 04:02:17,907 - INFO - [AUDIT] - Action: 0, Confidence: 1.0000, Safety Mode: SAFE_HOLD, Override: Safe hold mode active
2025-05-28 04:02:17,907 - INFO - [AUDIT] - Action: 0, Confidence: 1.0000, Safety Mode: SAFE_HOLD, Override: Safe hold mode active
2025-05-28 04:02:17,907 - INFO - [AUDIT] - Action: 0, Confidence: 1.0000, Safety Mode: SAFE_HOLD, Override: Safe hold mode active
2025-05-28 04:02:17,907 - INFO - [AUDIT] - Action: 0, Confidence: 1.0000, Safety Mode: SAFE_HOLD, Override: Safe hold mode active
2025-05-28 04:02:17,908 - INFO - [AUDIT] - Action: 0, Confidence: 1.0000, Safety Mode: SAFE_HOLD, Override: Safe hold mode active
2025-05-28 04:02:17,908 - INFO - [AUDIT] - Action: 0, Confidence: 1.0000, Safety Mode: SAFE_HOLD, Override: Safe hold mode active
2025-05-28 04:02:17,908 - INFO - [AUDIT] - Action: 0, Confidence: 1.0000, Safety Mode: SAFE_HOLD, Override: Safe hold mode active
2025-05-28 04:02:17,908 - INFO - [AUDIT] - Action: 0, Confidence: 1.0000, Safety Mode: SAFE_HOLD, Override: Safe hold mode active
2025-05-28 04:02:17,908 - INFO - [AUDIT] - Action: 0, Confidence: 1.0000, Safety Mode: SAFE_HOLD, Override: Safe hold mode active
2025-05-28 04:02:17,909 - INFO - [AUDIT] - Action: 0, Confidence: 1.0000, Safety Mode: SAFE_HOLD, Override: Safe hold mode active
2025-05-28 04:02:17,909 - INFO - [AUDIT] - Action: 0, Confidence: 1.0000, Safety Mode: SAFE_HOLD, Override: Safe hold mode active
2025-05-28 04:02:17,909 - INFO - [AUDIT] - Action: 0, Confidence: 1.0000, Safety Mode: SAFE_HOLD, Override: Safe hold mode active
2025-05-28 04:02:17,909 - INFO - [AUDIT] - Action: 0, Confidence: 1.0000, Safety Mode: SAFE_HOLD, Override: Safe hold mode active
2025-05-28 04:02:17,909 - INFO - [AUDIT] - Action: 0, Confidence: 1.0000, Safety Mode: SAFE_HOLD, Override: Safe hold mode active
2025-05-28 04:02:17,910 - INFO - [AUDIT] - Action: 0, Confidence: 1.0000, Safety Mode: SAFE_HOLD, Override: Safe hold mode active
2025-05-28 04:02:17,910 - INFO - [AUDIT] - Action: 0, Confidence: 1.0000, Safety Mode: SAFE_HOLD, Override: Safe hold mode active
2025-05-28 04:02:17,910 - INFO - [AUDIT] - Action: 0, Confidence: 1.0000, Safety Mode: SAFE_HOLD, Override: Safe hold mode active
2025-05-28 04:02:17,910 - INFO - [AUDIT] - Action: 0, Confidence: 1.0000, Safety Mode: SAFE_HOLD, Override: Safe hold mode active
2025-05-28 04:02:17,910 - INFO - [AUDIT] - Action: 0, Confidence: 1.0000, Safety Mode: SAFE_HOLD, Override: Safe hold mode active
2025-05-28 04:02:17,911 - INFO - [AUDIT] - Action: 0, Confidence: 1.0000, Safety Mode: SAFE_HOLD, Override: Safe hold mode active
2025-05-28 04:02:17,911 - INFO - [AUDIT] - Action: 0, Confidence: 1.0000, Safety Mode: SAFE_HOLD, Override: Safe hold mode active
2025-05-28 04:02:17,911 - INFO - [AUDIT] - Action: 0, Confidence: 1.0000, Safety Mode: SAFE_HOLD, Override: Safe hold mode active
2025-05-28 04:02:17,911 - INFO - [AUDIT] - Action: 0, Confidence: 1.0000, Safety Mode: SAFE_HOLD, Override: Safe hold mode active
2025-05-28 04:02:17,911 - INFO - [AUDIT] - Action: 0, Confidence: 1.0000, Safety Mode: SAFE_HOLD, Override: Safe hold mode active
2025-05-28 04:02:17,912 - INFO - [AUDIT] - Action: 0, Confidence: 1.0000, Safety Mode: SAFE_HOLD, Override: Safe hold mode active
2025-05-28 04:02:17,912 - INFO - [AUDIT] - Action: 0, Confidence: 1.0000, Safety Mode: SAFE_HOLD, Override: Safe hold mode active
2025-05-28 04:02:17,912 - INFO - [AUDIT] - Action: 0, Confidence: 1.0000, Safety Mode: SAFE_HOLD, Override: Safe hold mode active
2025-05-28 04:02:17,912 - INFO - [AUDIT] - Action: 0, Confidence: 1.0000, Safety Mode: SAFE_HOLD, Override: Safe hold mode active
2025-05-28 04:02:17,912 - INFO - [AUDIT] - Action: 0, Confidence: 1.0000, Safety Mode: SAFE_HOLD, Override: Safe hold mode active
2025-05-28 04:02:17,912 - INFO - [AUDIT] - Action: 0, Confidence: 1.0000, Safety Mode: SAFE_HOLD, Override: Safe hold mode active
2025-05-28 04:02:17,913 - INFO - [AUDIT] - Action: 0, Confidence: 1.0000, Safety Mode: SAFE_HOLD, Override: Safe hold mode active
2025-05-28 04:02:17,913 - INFO - [AUDIT] - Action: 0, Confidence: 1.0000, Safety Mode: SAFE_HOLD, Override: Safe hold mode active
2025-05-28 04:02:17,913 - INFO - [AUDIT] - Action: 0, Confidence: 1.0000, Safety Mode: SAFE_HOLD, Override: Safe hold mode active
2025-05-28 04:02:17,913 - INFO - [AUDIT] - Action: 0, Confidence: 1.0000, Safety Mode: SAFE_HOLD, Override: Safe hold mode active
2025-05-28 04:02:17,914 - INFO - [AUDIT] - Action: 0, Confidence: 1.0000, Safety Mode: SAFE_HOLD, Override: Safe hold mode active
2025-05-28 04:02:17,914 - INFO - [AUDIT] - Action: 0, Confidence: 1.0000, Safety Mode: SAFE_HOLD, Override: Safe hold mode active
2025-05-28 04:02:17,914 - INFO - [AUDIT] - Action: 0, Confidence: 1.0000, Safety Mode: SAFE_HOLD, Override: Safe hold mode active
2025-05-28 04:02:17,914 - INFO - [AUDIT] - Action: 0, Confidence: 1.0000, Safety Mode: SAFE_HOLD, Override: Safe hold mode active
2025-05-28 04:02:17,914 - INFO - [AUDIT] - Action: 0, Confidence: 1.0000, Safety Mode: SAFE_HOLD, Override: Safe hold mode active
2025-05-28 04:02:17,915 - INFO - [AUDIT] - Action: 0, Confidence: 1.0000, Safety Mode: SAFE_HOLD, Override: Safe hold mode active
2025-05-28 04:02:17,915 - INFO - [AUDIT] - Action: 0, Confidence: 1.0000, Safety Mode: SAFE_HOLD, Override: Safe hold mode active
2025-05-28 04:02:17,915 - INFO - [AUDIT] - Action: 0, Confidence: 1.0000, Safety Mode: SAFE_HOLD, Override: Safe hold mode active
2025-05-28 04:02:17,915 - INFO - [AUDIT] - Action: 0, Confidence: 1.0000, Safety Mode: SAFE_HOLD, Override: Safe hold mode active
2025-05-28 04:02:17,915 - INFO - [AUDIT] - Action: 0, Confidence: 1.0000, Safety Mode: SAFE_HOLD, Override: Safe hold mode active
2025-05-28 04:02:17,915 - INFO - [AUDIT] - Action: 0, Confidence: 1.0000, Safety Mode: SAFE_HOLD, Override: Safe hold mode active
2025-05-28 04:02:17,916 - INFO - [AUDIT] - Action: 0, Confidence: 1.0000, Safety Mode: SAFE_HOLD, Override: Safe hold mode active
2025-05-28 04:02:17,916 - INFO - [AUDIT] - Action: 0, Confidence: 1.0000, Safety Mode: SAFE_HOLD, Override: Safe hold mode active
2025-05-28 04:02:17,916 - INFO - [AUDIT] - Action: 0, Confidence: 1.0000, Safety Mode: SAFE_HOLD, Override: Safe hold mode active
2025-05-28 04:02:17,916 - INFO - [AUDIT] - Action: 0, Confidence: 1.0000, Safety Mode: SAFE_HOLD, Override: Safe hold mode active
2025-05-28 04:02:17,916 - INFO - [AUDIT] - Action: 0, Confidence: 1.0000, Safety Mode: SAFE_HOLD, Override: Safe hold mode active
2025-05-28 04:02:17,917 - INFO - [AUDIT] - Action: 0, Confidence: 1.0000, Safety Mode: SAFE_HOLD, Override: Safe hold mode active
2025-05-28 04:02:17,917 - INFO - [AUDIT] - Action: 0, Confidence: 1.0000, Safety Mode: SAFE_HOLD, Override: Safe hold mode active
2025-05-28 04:02:17,917 - INFO - [AUDIT] - Action: 0, Confidence: 1.0000, Safety Mode: SAFE_HOLD, Override: Safe hold mode active
2025-05-28 04:02:17,917 - INFO - [AUDIT] - Action: 0, Confidence: 1.0000, Safety Mode: SAFE_HOLD, Override: Safe hold mode active
2025-05-28 04:02:17,917 - INFO - [AUDIT] - Action: 0, Confidence: 1.0000, Safety Mode: SAFE_HOLD, Override: Safe hold mode active
2025-05-28 04:02:17,918 - INFO - [AUDIT] - Action: 0, Confidence: 1.0000, Safety Mode: SAFE_HOLD, Override: Safe hold mode active
2025-05-28 04:02:17,918 - INFO - [AUDIT] - Action: 0, Confidence: 1.0000, Safety Mode: SAFE_HOLD, Override: Safe hold mode active
2025-05-28 04:02:17,918 - INFO - [AUDIT] - Action: 0, Confidence: 1.0000, Safety Mode: SAFE_HOLD, Override: Safe hold mode active
2025-05-28 04:02:17,918 - INFO - [AUDIT] - Action: 0, Confidence: 1.0000, Safety Mode: SAFE_HOLD, Override: Safe hold mode active
2025-05-28 04:02:17,918 - INFO - [AUDIT] - Action: 0, Confidence: 1.0000, Safety Mode: SAFE_HOLD, Override: Safe hold mode active
2025-05-28 04:02:17,919 - INFO - [AUDIT] - Action: 0, Confidence: 1.0000, Safety Mode: SAFE_HOLD, Override: Safe hold mode active
2025-05-28 04:02:17,919 - INFO - [AUDIT] - Action: 0, Confidence: 1.0000, Safety Mode: SAFE_HOLD, Override: Safe hold mode active
2025-05-28 04:02:17,919 - INFO - [AUDIT] - Action: 0, Confidence: 1.0000, Safety Mode: SAFE_HOLD, Override: Safe hold mode active
2025-05-28 04:02:17,919 - INFO - [AUDIT] - Action: 0, Confidence: 1.0000, Safety Mode: SAFE_HOLD, Override: Safe hold mode active
2025-05-28 04:02:17,919 - INFO - [AUDIT] - Action: 0, Confidence: 1.0000, Safety Mode: SAFE_HOLD, Override: Safe hold mode active
2025-05-28 04:02:17,920 - INFO - [AUDIT] - Action: 0, Confidence: 1.0000, Safety Mode: SAFE_HOLD, Override: Safe hold mode active
2025-05-28 04:02:17,920 - INFO - [AUDIT] - Action: 0, Confidence: 1.0000, Safety Mode: SAFE_HOLD, Override: Safe hold mode active
2025-05-28 04:02:17,920 - INFO - [AUDIT] - Action: 0, Confidence: 1.0000, Safety Mode: SAFE_HOLD, Override: Safe hold mode active
2025-05-28 04:02:17,920 - INFO - [AUDIT] - Action: 0, Confidence: 1.0000, Safety Mode: SAFE_HOLD, Override: Safe hold mode active
2025-05-28 04:02:17,920 - INFO - [AUDIT] - Action: 0, Confidence: 1.0000, Safety Mode: SAFE_HOLD, Override: Safe hold mode active
2025-05-28 04:02:17,921 - INFO - [AUDIT] - Action: 0, Confidence: 1.0000, Safety Mode: SAFE_HOLD, Override: Safe hold mode active
2025-05-28 04:02:17,921 - INFO - [AUDIT] - Action: 0, Confidence: 1.0000, Safety Mode: SAFE_HOLD, Override: Safe hold mode active
2025-05-28 04:02:17,921 - INFO - [AUDIT] - Action: 0, Confidence: 1.0000, Safety Mode: SAFE_HOLD, Override: Safe hold mode active
2025-05-28 04:02:17,921 - INFO - [AUDIT] - Action: 0, Confidence: 1.0000, Safety Mode: SAFE_HOLD, Override: Safe hold mode active
2025-05-28 04:02:17,921 - INFO - [AUDIT] - Action: 0, Confidence: 1.0000, Safety Mode: SAFE_HOLD, Override: Safe hold mode active
2025-05-28 04:02:17,921 - INFO - [AUDIT] - Action: 0, Confidence: 1.0000, Safety Mode: SAFE_HOLD, Override: Safe hold mode active
2025-05-28 04:02:17,922 - INFO - [AUDIT] - Action: 0, Confidence: 1.0000, Safety Mode: SAFE_HOLD, Override: Safe hold mode active
2025-05-28 04:02:17,922 - INFO - [AUDIT] - Action: 0, Confidence: 1.0000, Safety Mode: SAFE_HOLD, Override: Safe hold mode active
2025-05-28 04:02:17,922 - INFO - [AUDIT] - Action: 0, Confidence: 1.0000, Safety Mode: SAFE_HOLD, Override: Safe hold mode active
2025-05-28 04:02:17,922 - INFO - [AUDIT] - Action: 0, Confidence: 1.0000, Safety Mode: SAFE_HOLD, Override: Safe hold mode active
2025-05-28 04:02:17,922 - INFO - [AUDIT] - Action: 0, Confidence: 1.0000, Safety Mode: SAFE_HOLD, Override: Safe hold mode active
2025-05-28 04:02:17,922 - INFO - [AUDIT] - Action: 0, Confidence: 1.0000, Safety Mode: SAFE_HOLD, Override: Safe hold mode active
2025-05-28 04:02:17,923 - INFO - [AUDIT] - Action: 0, Confidence: 1.0000, Safety Mode: SAFE_HOLD, Override: Safe hold mode active
2025-05-28 04:02:17,923 - INFO - [AUDIT] - Action: 0, Confidence: 1.0000, Safety Mode: SAFE_HOLD, Override: Safe hold mode active
2025-05-28 04:02:17,923 - INFO - [AUDIT] - Action: 0, Confidence: 1.0000, Safety Mode: SAFE_HOLD, Override: Safe hold mode active
2025-05-28 04:02:17,923 - INFO - [AUDIT] - Action: 0, Confidence: 1.0000, Safety Mode: SAFE_HOLD, Override: Safe hold mode active
2025-05-28 04:02:17,923 - INFO - [AUDIT] - Action: 0, Confidence: 1.0000, Safety Mode: SAFE_HOLD, Override: Safe hold mode active
2025-05-28 04:02:17,924 - INFO - [AUDIT] - Action: 0, Confidence: 1.0000, Safety Mode: SAFE_HOLD, Override: Safe hold mode active
2025-05-28 04:02:17,924 - INFO - [AUDIT] - Action: 0, Confidence: 1.0000, Safety Mode: SAFE_HOLD, Override: Safe hold mode active
2025-05-28 04:02:17,924 - INFO - [AUDIT] - Action: 0, Confidence: 1.0000, Safety Mode: SAFE_HOLD, Override: Safe hold mode active
2025-05-28 04:02:17,924 - INFO - [AUDIT] - Action: 0, Confidence: 1.0000, Safety Mode: SAFE_HOLD, Override: Safe hold mode active
2025-05-28 04:02:17,924 - INFO - [AUDIT] - Action: 0, Confidence: 1.0000, Safety Mode: SAFE_HOLD, Override: Safe hold mode active
2025-05-28 04:02:17,925 - INFO - [AUDIT] - Action: 0, Confidence: 1.0000, Safety Mode: SAFE_HOLD, Override: Safe hold mode active
2025-05-28 04:02:17,925 - INFO - [AUDIT] - Action: 0, Confidence: 1.0000, Safety Mode: SAFE_HOLD, Override: Safe hold mode active
2025-05-28 04:02:17,925 - INFO - [AUDIT] - Action: 0, Confidence: 1.0000, Safety Mode: SAFE_HOLD, Override: Safe hold mode active
2025-05-28 04:02:17,925 - INFO - [AUDIT] - Action: 0, Confidence: 1.0000, Safety Mode: SAFE_HOLD, Override: Safe hold mode active
2025-05-28 04:02:17,925 - INFO - [AUDIT] - Action: 0, Confidence: 1.0000, Safety Mode: SAFE_HOLD, Override: Safe hold mode active
2025-05-28 04:02:17,925 - INFO - [AUDIT] - Action: 0, Confidence: 1.0000, Safety Mode: SAFE_HOLD, Override: Safe hold mode active
2025-05-28 04:02:17,926 - INFO - [AUDIT] - Action: 0, Confidence: 1.0000, Safety Mode: SAFE_HOLD, Override: Safe hold mode active
2025-05-28 04:02:17,926 - INFO - [AUDIT] - Action: 0, Confidence: 1.0000, Safety Mode: SAFE_HOLD, Override: Safe hold mode active
2025-05-28 04:02:17,926 - INFO - [AUDIT] - Action: 0, Confidence: 1.0000, Safety Mode: SAFE_HOLD, Override: Safe hold mode active
2025-05-28 04:02:17,926 - INFO - [AUDIT] - Action: 0, Confidence: 1.0000, Safety Mode: SAFE_HOLD, Override: Safe hold mode active
2025-05-28 04:02:17,926 - INFO - [AUDIT] - Action: 0, Confidence: 1.0000, Safety Mode: SAFE_HOLD, Override: Safe hold mode active
2025-05-28 04:02:17,927 - INFO - [AUDIT] - Action: 0, Confidence: 1.0000, Safety Mode: SAFE_HOLD, Override: Safe hold mode active
2025-05-28 04:02:17,927 - INFO - [AUDIT] - Action: 0, Confidence: 1.0000, Safety Mode: SAFE_HOLD, Override: Safe hold mode active
2025-05-28 04:02:17,927 - INFO - [AUDIT] - Action: 0, Confidence: 1.0000, Safety Mode: SAFE_HOLD, Override: Safe hold mode active
2025-05-28 04:02:17,927 - INFO - [AUDIT] - Action: 0, Confidence: 1.0000, Safety Mode: SAFE_HOLD, Override: Safe hold mode active
2025-05-28 04:02:17,927 - INFO - [AUDIT] - Action: 0, Confidence: 1.0000, Safety Mode: SAFE_HOLD, Override: Safe hold mode active
2025-05-28 04:02:17,927 - INFO - [AUDIT] - Action: 0, Confidence: 1.0000, Safety Mode: SAFE_HOLD, Override: Safe hold mode active
2025-05-28 04:02:17,928 - INFO - [AUDIT] - Action: 0, Confidence: 1.0000, Safety Mode: SAFE_HOLD, Override: Safe hold mode active
2025-05-28 04:02:17,928 - INFO - [AUDIT] - Action: 0, Confidence: 1.0000, Safety Mode: SAFE_HOLD, Override: Safe hold mode active
2025-05-28 04:02:17,928 - INFO - [AUDIT] - Action: 0, Confidence: 1.0000, Safety Mode: SAFE_HOLD, Override: Safe hold mode active
2025-05-28 04:02:17,928 - INFO - [AUDIT] - Action: 0, Confidence: 1.0000, Safety Mode: SAFE_HOLD, Override: Safe hold mode active
2025-05-28 04:02:17,928 - INFO - [AUDIT] - Action: 0, Confidence: 1.0000, Safety Mode: SAFE_HOLD, Override: Safe hold mode active
2025-05-28 04:02:17,929 - INFO - [AUDIT] - Action: 0, Confidence: 1.0000, Safety Mode: SAFE_HOLD, Override: Safe hold mode active
2025-05-28 04:02:17,929 - INFO - [AUDIT] - Action: 0, Confidence: 1.0000, Safety Mode: SAFE_HOLD, Override: Safe hold mode active
2025-05-28 04:02:17,929 - INFO - [AUDIT] - Action: 0, Confidence: 1.0000, Safety Mode: SAFE_HOLD, Override: Safe hold mode active
2025-05-28 04:02:17,929 - INFO - [AUDIT] - Action: 0, Confidence: 1.0000, Safety Mode: SAFE_HOLD, Override: Safe hold mode active
2025-05-28 04:02:17,929 - INFO - [AUDIT] - Action: 0, Confidence: 1.0000, Safety Mode: SAFE_HOLD, Override: Safe hold mode active
2025-05-28 04:02:17,930 - INFO - [AUDIT] - Action: 0, Confidence: 1.0000, Safety Mode: SAFE_HOLD, Override: Safe hold mode active
2025-05-28 04:02:17,930 - INFO - [AUDIT] - Action: 0, Confidence: 1.0000, Safety Mode: SAFE_HOLD, Override: Safe hold mode active
2025-05-28 04:02:17,930 - INFO - [AUDIT] - Action: 0, Confidence: 1.0000, Safety Mode: SAFE_HOLD, Override: Safe hold mode active
2025-05-28 04:02:17,930 - INFO - [AUDIT] - Action: 0, Confidence: 1.0000, Safety Mode: SAFE_HOLD, Override: Safe hold mode active
2025-05-28 04:02:17,930 - INFO - [AUDIT] - Action: 0, Confidence: 1.0000, Safety Mode: SAFE_HOLD, Override: Safe hold mode active
2025-05-28 04:02:17,931 - INFO - [AUDIT] - Action: 0, Confidence: 1.0000, Safety Mode: SAFE_HOLD, Override: Safe hold mode active
2025-05-28 04:02:17,931 - INFO - [AUDIT] - Action: 0, Confidence: 1.0000, Safety Mode: SAFE_HOLD, Override: Safe hold mode active
2025-05-28 04:02:17,931 - INFO - [AUDIT] - Action: 0, Confidence: 1.0000, Safety Mode: SAFE_HOLD, Override: Safe hold mode active
2025-05-28 04:02:17,931 - INFO - [AUDIT] - Action: 0, Confidence: 1.0000, Safety Mode: SAFE_HOLD, Override: Safe hold mode active
2025-05-28 04:02:17,931 - INFO - [AUDIT] - Action: 0, Confidence: 1.0000, Safety Mode: SAFE_HOLD, Override: Safe hold mode active
2025-05-28 04:02:17,931 - INFO - [AUDIT] - Action: 0, Confidence: 1.0000, Safety Mode: SAFE_HOLD, Override: Safe hold mode active
2025-05-28 04:02:17,932 - INFO - [AUDIT] - Action: 0, Confidence: 1.0000, Safety Mode: SAFE_HOLD, Override: Safe hold mode active
2025-05-28 04:02:17,932 - INFO - [AUDIT] - Action: 0, Confidence: 1.0000, Safety Mode: SAFE_HOLD, Override: Safe hold mode active
2025-05-28 04:02:17,932 - INFO - [AUDIT] - Action: 0, Confidence: 1.0000, Safety Mode: SAFE_HOLD, Override: Safe hold mode active
2025-05-28 04:02:17,932 - INFO - [AUDIT] - Action: 0, Confidence: 1.0000, Safety Mode: SAFE_HOLD, Override: Safe hold mode active
2025-05-28 04:02:17,932 - INFO - [AUDIT] - Action: 0, Confidence: 1.0000, Safety Mode: SAFE_HOLD, Override: Safe hold mode active
2025-05-28 04:02:17,933 - INFO - [AUDIT] - Action: 0, Confidence: 1.0000, Safety Mode: SAFE_HOLD, Override: Safe hold mode active
2025-05-28 04:02:17,933 - INFO - [AUDIT] - Action: 0, Confidence: 1.0000, Safety Mode: SAFE_HOLD, Override: Safe hold mode active
2025-05-28 04:02:17,933 - INFO - [AUDIT] - Action: 0, Confidence: 1.0000, Safety Mode: SAFE_HOLD, Override: Safe hold mode active
2025-05-28 04:02:17,933 - INFO - [AUDIT] - Action: 0, Confidence: 1.0000, Safety Mode: SAFE_HOLD, Override: Safe hold mode active
2025-05-28 04:02:17,933 - INFO - [AUDIT] - Action: 0, Confidence: 1.0000, Safety Mode: SAFE_HOLD, Override: Safe hold mode active
2025-05-28 04:02:17,934 - INFO - [AUDIT] - Action: 0, Confidence: 1.0000, Safety Mode: SAFE_HOLD, Override: Safe hold mode active
2025-05-28 04:02:17,934 - INFO - [AUDIT] - Action: 0, Confidence: 1.0000, Safety Mode: SAFE_HOLD, Override: Safe hold mode active
2025-05-28 04:02:17,934 - INFO - [AUDIT] - Action: 0, Confidence: 1.0000, Safety Mode: SAFE_HOLD, Override: Safe hold mode active
2025-05-28 04:02:17,934 - INFO - [AUDIT] - Action: 0, Confidence: 1.0000, Safety Mode: SAFE_HOLD, Override: Safe hold mode active
2025-05-28 04:02:17,934 - INFO - [AUDIT] - Action: 0, Confidence: 1.0000, Safety Mode: SAFE_HOLD, Override: Safe hold mode active
2025-05-28 04:02:17,935 - INFO - [AUDIT] - Action: 0, Confidence: 1.0000, Safety Mode: SAFE_HOLD, Override: Safe hold mode active
2025-05-28 04:02:17,935 - INFO - [AUDIT] - Action: 0, Confidence: 1.0000, Safety Mode: SAFE_HOLD, Override: Safe hold mode active
2025-05-28 04:02:17,935 - INFO - [AUDIT] - Action: 0, Confidence: 1.0000, Safety Mode: SAFE_HOLD, Override: Safe hold mode active
2025-05-28 04:02:17,935 - INFO - [AUDIT] - Action: 0, Confidence: 1.0000, Safety Mode: SAFE_HOLD, Override: Safe hold mode active
2025-05-28 04:02:17,935 - INFO - [AUDIT] - Action: 0, Confidence: 1.0000, Safety Mode: SAFE_HOLD, Override: Safe hold mode active
2025-05-28 04:02:17,936 - INFO - [AUDIT] - Action: 0, Confidence: 1.0000, Safety Mode: SAFE_HOLD, Override: Safe hold mode active
2025-05-28 04:02:17,936 - INFO - [AUDIT] - Action: 0, Confidence: 1.0000, Safety Mode: SAFE_HOLD, Override: Safe hold mode active
2025-05-28 04:02:17,936 - INFO - [AUDIT] - Action: 0, Confidence: 1.0000, Safety Mode: SAFE_HOLD, Override: Safe hold mode active
2025-05-28 04:02:17,936 - INFO - [AUDIT] - Action: 0, Confidence: 1.0000, Safety Mode: SAFE_HOLD, Override: Safe hold mode active
2025-05-28 04:02:17,936 - INFO - [AUDIT] - Action: 0, Confidence: 1.0000, Safety Mode: SAFE_HOLD, Override: Safe hold mode active
2025-05-28 04:02:17,936 - INFO - [AUDIT] - Action: 0, Confidence: 1.0000, Safety Mode: SAFE_HOLD, Override: Safe hold mode active
2025-05-28 04:02:17,937 - INFO - [AUDIT] - Action: 0, Confidence: 1.0000, Safety Mode: SAFE_HOLD, Override: Safe hold mode active
2025-05-28 04:02:17,937 - INFO - [AUDIT] - Action: 0, Confidence: 1.0000, Safety Mode: SAFE_HOLD, Override: Safe hold mode active
2025-05-28 04:02:17,937 - INFO - [AUDIT] - Action: 0, Confidence: 1.0000, Safety Mode: SAFE_HOLD, Override: Safe hold mode active
2025-05-28 04:02:17,937 - INFO - [AUDIT] - Action: 0, Confidence: 1.0000, Safety Mode: SAFE_HOLD, Override: Safe hold mode active
2025-05-28 04:02:17,937 - INFO - [AUDIT] - Action: 0, Confidence: 1.0000, Safety Mode: SAFE_HOLD, Override: Safe hold mode active
2025-05-28 04:02:17,938 - INFO - [AUDIT] - Action: 0, Confidence: 1.0000, Safety Mode: SAFE_HOLD, Override: Safe hold mode active
2025-05-28 04:02:17,938 - INFO - [AUDIT] - Action: 0, Confidence: 1.0000, Safety Mode: SAFE_HOLD, Override: Safe hold mode active
2025-05-28 04:02:17,938 - INFO - [AUDIT] - Action: 0, Confidence: 1.0000, Safety Mode: SAFE_HOLD, Override: Safe hold mode active
2025-05-28 04:02:17,938 - INFO - [AUDIT] - Action: 0, Confidence: 1.0000, Safety Mode: SAFE_HOLD, Override: Safe hold mode active
2025-05-28 04:02:17,938 - INFO - [AUDIT] - Action: 0, Confidence: 1.0000, Safety Mode: SAFE_HOLD, Override: Safe hold mode active
2025-05-28 04:02:17,939 - INFO - [AUDIT] - Action: 0, Confidence: 1.0000, Safety Mode: SAFE_HOLD, Override: Safe hold mode active
2025-05-28 04:02:17,939 - INFO - [AUDIT] - Action: 0, Confidence: 1.0000, Safety Mode: SAFE_HOLD, Override: Safe hold mode active
2025-05-28 04:02:17,939 - INFO - [AUDIT] - Action: 0, Confidence: 1.0000, Safety Mode: SAFE_HOLD, Override: Safe hold mode active
2025-05-28 04:02:17,939 - INFO - [AUDIT] - Action: 0, Confidence: 1.0000, Safety Mode: SAFE_HOLD, Override: Safe hold mode active
2025-05-28 04:02:17,939 - INFO - [AUDIT] - Action: 0, Confidence: 1.0000, Safety Mode: SAFE_HOLD, Override: Safe hold mode active
2025-05-28 04:02:17,940 - INFO - [AUDIT] - Action: 0, Confidence: 1.0000, Safety Mode: SAFE_HOLD, Override: Safe hold mode active
2025-05-28 04:02:17,940 - INFO - [AUDIT] - Action: 0, Confidence: 1.0000, Safety Mode: SAFE_HOLD, Override: Safe hold mode active
2025-05-28 04:02:17,940 - INFO - [AUDIT] - Action: 0, Confidence: 1.0000, Safety Mode: SAFE_HOLD, Override: Safe hold mode active
2025-05-28 04:02:17,940 - INFO - [AUDIT] - Action: 0, Confidence: 1.0000, Safety Mode: SAFE_HOLD, Override: Safe hold mode active
2025-05-28 04:02:17,940 - INFO - [AUDIT] - Action: 0, Confidence: 1.0000, Safety Mode: SAFE_HOLD, Override: Safe hold mode active
2025-05-28 04:02:17,940 - INFO - [AUDIT] - Action: 0, Confidence: 1.0000, Safety Mode: SAFE_HOLD, Override: Safe hold mode active
2025-05-28 04:02:17,941 - INFO - [AUDIT] - Action: 0, Confidence: 1.0000, Safety Mode: SAFE_HOLD, Override: Safe hold mode active
2025-05-28 04:02:17,941 - INFO - [AUDIT] - Action: 0, Confidence: 1.0000, Safety Mode: SAFE_HOLD, Override: Safe hold mode active
2025-05-28 04:02:17,941 - INFO - [AUDIT] - Action: 0, Confidence: 1.0000, Safety Mode: SAFE_HOLD, Override: Safe hold mode active
2025-05-28 04:02:17,941 - INFO - [AUDIT] - Action: 0, Confidence: 1.0000, Safety Mode: SAFE_HOLD, Override: Safe hold mode active
2025-05-28 04:02:17,941 - INFO - [AUDIT] - Action: 0, Confidence: 1.0000, Safety Mode: SAFE_HOLD, Override: Safe hold mode active
2025-05-28 04:02:17,942 - INFO - [AUDIT] - Action: 0, Confidence: 1.0000, Safety Mode: SAFE_HOLD, Override: Safe hold mode active
2025-05-28 04:02:17,942 - INFO - [AUDIT] - Action: 0, Confidence: 1.0000, Safety Mode: SAFE_HOLD, Override: Safe hold mode active
2025-05-28 04:02:17,942 - INFO - [AUDIT] - Action: 0, Confidence: 1.0000, Safety Mode: SAFE_HOLD, Override: Safe hold mode active
2025-05-28 04:02:17,942 - INFO - [AUDIT] - Action: 0, Confidence: 1.0000, Safety Mode: SAFE_HOLD, Override: Safe hold mode active
2025-05-28 04:02:17,942 - INFO - [AUDIT] - Action: 0, Confidence: 1.0000, Safety Mode: SAFE_HOLD, Override: Safe hold mode active
2025-05-28 04:02:17,942 - INFO - [AUDIT] - Action: 0, Confidence: 1.0000, Safety Mode: SAFE_HOLD, Override: Safe hold mode active
2025-05-28 04:02:17,943 - INFO - [AUDIT] - Action: 0, Confidence: 1.0000, Safety Mode: SAFE_HOLD, Override: Safe hold mode active
2025-05-28 04:02:17,943 - INFO - [AUDIT] - Action: 0, Confidence: 1.0000, Safety Mode: SAFE_HOLD, Override: Safe hold mode active
2025-05-28 04:02:17,943 - INFO - [AUDIT] - Action: 0, Confidence: 1.0000, Safety Mode: SAFE_HOLD, Override: Safe hold mode active
2025-05-28 04:02:17,943 - INFO - [AUDIT] - Action: 0, Confidence: 1.0000, Safety Mode: SAFE_HOLD, Override: Safe hold mode active
2025-05-28 04:02:17,943 - INFO - [AUDIT] - Action: 0, Confidence: 1.0000, Safety Mode: SAFE_HOLD, Override: Safe hold mode active
2025-05-28 04:02:17,944 - INFO - [AUDIT] - Action: 0, Confidence: 1.0000, Safety Mode: SAFE_HOLD, Override: Safe hold mode active
2025-05-28 04:02:17,944 - INFO - [AUDIT] - Action: 0, Confidence: 1.0000, Safety Mode: SAFE_HOLD, Override: Safe hold mode active
2025-05-28 04:02:17,944 - INFO - [AUDIT] - Action: 0, Confidence: 1.0000, Safety Mode: SAFE_HOLD, Override: Safe hold mode active
2025-05-28 04:02:17,944 - INFO - [AUDIT] - Action: 0, Confidence: 1.0000, Safety Mode: SAFE_HOLD, Override: Safe hold mode active
2025-05-28 04:02:17,944 - INFO - [AUDIT] - Action: 0, Confidence: 1.0000, Safety Mode: SAFE_HOLD, Override: Safe hold mode active
2025-05-28 04:02:17,945 - INFO - [AUDIT] - Action: 0, Confidence: 1.0000, Safety Mode: SAFE_HOLD, Override: Safe hold mode active
2025-05-28 04:02:17,945 - INFO - [AUDIT] - Action: 0, Confidence: 1.0000, Safety Mode: SAFE_HOLD, Override: Safe hold mode active
2025-05-28 04:02:17,945 - INFO - [AUDIT] - Action: 0, Confidence: 1.0000, Safety Mode: SAFE_HOLD, Override: Safe hold mode active
2025-05-28 04:02:17,945 - INFO - [AUDIT] - Action: 0, Confidence: 1.0000, Safety Mode: SAFE_HOLD, Override: Safe hold mode active
2025-05-28 04:02:17,945 - INFO - [AUDIT] - Action: 0, Confidence: 1.0000, Safety Mode: SAFE_HOLD, Override: Safe hold mode active
2025-05-28 04:02:17,945 - INFO - [AUDIT] - Action: 0, Confidence: 1.0000, Safety Mode: SAFE_HOLD, Override: Safe hold mode active
2025-05-28 04:02:17,946 - INFO - [AUDIT] - Action: 0, Confidence: 1.0000, Safety Mode: SAFE_HOLD, Override: Safe hold mode active
2025-05-28 04:02:17,946 - INFO - [AUDIT] - Action: 0, Confidence: 1.0000, Safety Mode: SAFE_HOLD, Override: Safe hold mode active
2025-05-28 04:02:17,946 - INFO - [AUDIT] - Action: 0, Confidence: 1.0000, Safety Mode: SAFE_HOLD, Override: Safe hold mode active
2025-05-28 04:02:17,946 - INFO - [AUDIT] - Action: 0, Confidence: 1.0000, Safety Mode: SAFE_HOLD, Override: Safe hold mode active
2025-05-28 04:02:17,946 - INFO - [AUDIT] - Action: 0, Confidence: 1.0000, Safety Mode: SAFE_HOLD, Override: Safe hold mode active
2025-05-28 04:02:17,947 - INFO - [AUDIT] - Action: 0, Confidence: 1.0000, Safety Mode: SAFE_HOLD, Override: Safe hold mode active
2025-05-28 04:02:17,947 - INFO - [AUDIT] - Action: 0, Confidence: 1.0000, Safety Mode: SAFE_HOLD, Override: Safe hold mode active
2025-05-28 04:02:17,947 - INFO - [AUDIT] - Action: 0, Confidence: 1.0000, Safety Mode: SAFE_HOLD, Override: Safe hold mode active
2025-05-28 04:02:17,947 - INFO - [AUDIT] - Action: 0, Confidence: 1.0000, Safety Mode: SAFE_HOLD, Override: Safe hold mode active
2025-05-28 04:02:17,947 - INFO - [AUDIT] - Action: 0, Confidence: 1.0000, Safety Mode: SAFE_HOLD, Override: Safe hold mode active
2025-05-28 04:02:17,948 - INFO - [AUDIT] - Action: 0, Confidence: 1.0000, Safety Mode: SAFE_HOLD, Override: Safe hold mode active
2025-05-28 04:02:17,948 - INFO - [AUDIT] - Action: 0, Confidence: 1.0000, Safety Mode: SAFE_HOLD, Override: Safe hold mode active
2025-05-28 04:02:17,948 - INFO - [AUDIT] - Action: 0, Confidence: 1.0000, Safety Mode: SAFE_HOLD, Override: Safe hold mode active
2025-05-28 04:02:17,948 - INFO - [AUDIT] - Action: 0, Confidence: 1.0000, Safety Mode: SAFE_HOLD, Override: Safe hold mode active
2025-05-28 04:02:17,948 - INFO - [AUDIT] - Action: 0, Confidence: 1.0000, Safety Mode: SAFE_HOLD, Override: Safe hold mode active
2025-05-28 04:02:17,949 - INFO - [AUDIT] - Action: 0, Confidence: 1.0000, Safety Mode: SAFE_HOLD, Override: Safe hold mode active
2025-05-28 04:02:17,949 - INFO - [AUDIT] - Action: 0, Confidence: 1.0000, Safety Mode: SAFE_HOLD, Override: Safe hold mode active
2025-05-28 04:02:17,949 - INFO - [AUDIT] - Action: 0, Confidence: 1.0000, Safety Mode: SAFE_HOLD, Override: Safe hold mode active
2025-05-28 04:02:17,949 - INFO - [AUDIT] - Action: 0, Confidence: 1.0000, Safety Mode: SAFE_HOLD, Override: Safe hold mode active
2025-05-28 04:02:17,949 - INFO - [AUDIT] - Action: 0, Confidence: 1.0000, Safety Mode: SAFE_HOLD, Override: Safe hold mode active
2025-05-28 04:02:17,950 - INFO - [AUDIT] - Action: 0, Confidence: 1.0000, Safety Mode: SAFE_HOLD, Override: Safe hold mode active
2025-05-28 04:02:17,950 - INFO - [AUDIT] - Action: 0, Confidence: 1.0000, Safety Mode: SAFE_HOLD, Override: Safe hold mode active
2025-05-28 04:02:17,950 - INFO - [AUDIT] - Action: 0, Confidence: 1.0000, Safety Mode: SAFE_HOLD, Override: Safe hold mode active
2025-05-28 04:02:17,950 - INFO - [AUDIT] - Action: 0, Confidence: 1.0000, Safety Mode: SAFE_HOLD, Override: Safe hold mode active
2025-05-28 04:02:17,950 - INFO - [AUDIT] - Action: 0, Confidence: 1.0000, Safety Mode: SAFE_HOLD, Override: Safe hold mode active
2025-05-28 04:02:17,951 - INFO - [AUDIT] - Action: 0, Confidence: 1.0000, Safety Mode: SAFE_HOLD, Override: Safe hold mode active
2025-05-28 04:02:17,951 - INFO - [AUDIT] - Action: 0, Confidence: 1.0000, Safety Mode: SAFE_HOLD, Override: Safe hold mode active
2025-05-28 04:02:17,951 - INFO - [AUDIT] - Action: 0, Confidence: 1.0000, Safety Mode: SAFE_HOLD, Override: Safe hold mode active
2025-05-28 04:02:17,951 - INFO - [AUDIT] - Action: 0, Confidence: 1.0000, Safety Mode: SAFE_HOLD, Override: Safe hold mode active
2025-05-28 04:02:17,951 - INFO - [AUDIT] - Action: 0, Confidence: 1.0000, Safety Mode: SAFE_HOLD, Override: Safe hold mode active
2025-05-28 04:02:17,952 - INFO - [AUDIT] - Action: 0, Confidence: 1.0000, Safety Mode: SAFE_HOLD, Override: Safe hold mode active
2025-05-28 04:02:17,952 - INFO - [AUDIT] - Action: 0, Confidence: 1.0000, Safety Mode: SAFE_HOLD, Override: Safe hold mode active
2025-05-28 04:02:17,952 - INFO - [AUDIT] - Action: 0, Confidence: 1.0000, Safety Mode: SAFE_HOLD, Override: Safe hold mode active
2025-05-28 04:02:17,952 - INFO - [AUDIT] - Action: 0, Confidence: 1.0000, Safety Mode: SAFE_HOLD, Override: Safe hold mode active
2025-05-28 04:02:17,952 - INFO - [AUDIT] - Action: 0, Confidence: 1.0000, Safety Mode: SAFE_HOLD, Override: Safe hold mode active
2025-05-28 04:02:17,952 - INFO - [AUDIT] - Action: 0, Confidence: 1.0000, Safety Mode: SAFE_HOLD, Override: Safe hold mode active
2025-05-28 04:02:17,953 - INFO - [AUDIT] - Action: 0, Confidence: 1.0000, Safety Mode: SAFE_HOLD, Override: Safe hold mode active
2025-05-28 04:02:17,953 - INFO - [AUDIT] - Action: 0, Confidence: 1.0000, Safety Mode: SAFE_HOLD, Override: Safe hold mode active
2025-05-28 04:02:17,953 - INFO - [AUDIT] - Action: 0, Confidence: 1.0000, Safety Mode: SAFE_HOLD, Override: Safe hold mode active
2025-05-28 04:02:17,953 - INFO - [AUDIT] - Action: 0, Confidence: 1.0000, Safety Mode: SAFE_HOLD, Override: Safe hold mode active
2025-05-28 04:02:17,954 - INFO - [AUDIT] - Action: 0, Confidence: 1.0000, Safety Mode: SAFE_HOLD, Override: Safe hold mode active
2025-05-28 04:02:17,954 - INFO - [AUDIT] - Action: 0, Confidence: 1.0000, Safety Mode: SAFE_HOLD, Override: Safe hold mode active
2025-05-28 04:02:17,954 - INFO - [AUDIT] - Action: 0, Confidence: 1.0000, Safety Mode: SAFE_HOLD, Override: Safe hold mode active
2025-05-28 04:02:17,954 - INFO - [AUDIT] - Action: 0, Confidence: 1.0000, Safety Mode: SAFE_HOLD, Override: Safe hold mode active
2025-05-28 04:02:17,954 - INFO - [AUDIT] - Action: 0, Confidence: 1.0000, Safety Mode: SAFE_HOLD, Override: Safe hold mode active
2025-05-28 04:02:17,955 - INFO - [AUDIT] - Action: 0, Confidence: 1.0000, Safety Mode: SAFE_HOLD, Override: Safe hold mode active
2025-05-28 04:02:17,955 - INFO - [AUDIT] - Action: 0, Confidence: 1.0000, Safety Mode: SAFE_HOLD, Override: Safe hold mode active
2025-05-28 04:02:17,955 - INFO - [AUDIT] - Action: 0, Confidence: 1.0000, Safety Mode: SAFE_HOLD, Override: Safe hold mode active
2025-05-28 04:02:17,955 - INFO - [AUDIT] - Action: 0, Confidence: 1.0000, Safety Mode: SAFE_HOLD, Override: Safe hold mode active
2025-05-28 04:02:17,955 - INFO - [AUDIT] - Action: 0, Confidence: 1.0000, Safety Mode: SAFE_HOLD, Override: Safe hold mode active
2025-05-28 04:02:17,955 - INFO - [AUDIT] - Action: 0, Confidence: 1.0000, Safety Mode: SAFE_HOLD, Override: Safe hold mode active
2025-05-28 04:02:17,956 - INFO - [AUDIT] - Action: 0, Confidence: 1.0000, Safety Mode: SAFE_HOLD, Override: Safe hold mode active
2025-05-28 04:02:17,956 - INFO - [AUDIT] - Action: 0, Confidence: 1.0000, Safety Mode: SAFE_HOLD, Override: Safe hold mode active
2025-05-28 04:02:17,956 - INFO - [AUDIT] - Action: 0, Confidence: 1.0000, Safety Mode: SAFE_HOLD, Override: Safe hold mode active
2025-05-28 04:02:17,956 - INFO - [AUDIT] - Action: 0, Confidence: 1.0000, Safety Mode: SAFE_HOLD, Override: Safe hold mode active
2025-05-28 04:02:17,956 - INFO - [AUDIT] - Action: 0, Confidence: 1.0000, Safety Mode: SAFE_HOLD, Override: Safe hold mode active
2025-05-28 04:02:17,957 - INFO - [AUDIT] - Action: 0, Confidence: 1.0000, Safety Mode: SAFE_HOLD, Override: Safe hold mode active
2025-05-28 04:02:17,957 - INFO - [AUDIT] - Action: 0, Confidence: 1.0000, Safety Mode: SAFE_HOLD, Override: Safe hold mode active
2025-05-28 04:02:17,957 - INFO - [AUDIT] - Action: 0, Confidence: 1.0000, Safety Mode: SAFE_HOLD, Override: Safe hold mode active
2025-05-28 04:02:17,957 - INFO - [AUDIT] - Action: 0, Confidence: 1.0000, Safety Mode: SAFE_HOLD, Override: Safe hold mode active
2025-05-28 04:02:17,957 - INFO - [AUDIT] - Action: 0, Confidence: 1.0000, Safety Mode: SAFE_HOLD, Override: Safe hold mode active
2025-05-28 04:02:17,958 - INFO - [AUDIT] - Action: 0, Confidence: 1.0000, Safety Mode: SAFE_HOLD, Override: Safe hold mode active
2025-05-28 04:02:17,958 - INFO - [AUDIT] - Action: 0, Confidence: 1.0000, Safety Mode: SAFE_HOLD, Override: Safe hold mode active
2025-05-28 04:02:17,958 - INFO - [AUDIT] - Action: 0, Confidence: 1.0000, Safety Mode: SAFE_HOLD, Override: Safe hold mode active
2025-05-28 04:02:17,958 - INFO - [AUDIT] - Action: 0, Confidence: 1.0000, Safety Mode: SAFE_HOLD, Override: Safe hold mode active
2025-05-28 04:02:17,958 - INFO - [AUDIT] - Action: 0, Confidence: 1.0000, Safety Mode: SAFE_HOLD, Override: Safe hold mode active
2025-05-28 04:02:17,959 - INFO - [AUDIT] - Action: 0, Confidence: 1.0000, Safety Mode: SAFE_HOLD, Override: Safe hold mode active
2025-05-28 04:02:17,959 - INFO - [AUDIT] - Action: 0, Confidence: 1.0000, Safety Mode: SAFE_HOLD, Override: Safe hold mode active
2025-05-28 04:02:17,959 - INFO - [AUDIT] - Action: 0, Confidence: 1.0000, Safety Mode: SAFE_HOLD, Override: Safe hold mode active
2025-05-28 04:02:17,959 - INFO - [AUDIT] - Action: 0, Confidence: 1.0000, Safety Mode: SAFE_HOLD, Override: Safe hold mode active
2025-05-28 04:02:17,959 - INFO - [AUDIT] - Action: 0, Confidence: 1.0000, Safety Mode: SAFE_HOLD, Override: Safe hold mode active
2025-05-28 04:02:17,960 - INFO - [AUDIT] - Action: 0, Confidence: 1.0000, Safety Mode: SAFE_HOLD, Override: Safe hold mode active
2025-05-28 04:02:17,960 - INFO - [AUDIT] - Action: 0, Confidence: 1.0000, Safety Mode: SAFE_HOLD, Override: Safe hold mode active
2025-05-28 04:02:17,960 - INFO - [AUDIT] - Action: 0, Confidence: 1.0000, Safety Mode: SAFE_HOLD, Override: Safe hold mode active
2025-05-28 04:02:17,960 - INFO - [AUDIT] - Action: 0, Confidence: 1.0000, Safety Mode: SAFE_HOLD, Override: Safe hold mode active
2025-05-28 04:02:17,960 - INFO - [AUDIT] - Action: 0, Confidence: 1.0000, Safety Mode: SAFE_HOLD, Override: Safe hold mode active
2025-05-28 04:02:17,961 - INFO - [AUDIT] - Action: 0, Confidence: 1.0000, Safety Mode: SAFE_HOLD, Override: Safe hold mode active
2025-05-28 04:02:17,961 - INFO - [AUDIT] - Action: 0, Confidence: 1.0000, Safety Mode: SAFE_HOLD, Override: Safe hold mode active
2025-05-28 04:02:17,961 - INFO - [AUDIT] - Action: 0, Confidence: 1.0000, Safety Mode: SAFE_HOLD, Override: Safe hold mode active
2025-05-28 04:02:17,961 - INFO - [AUDIT] - Action: 0, Confidence: 1.0000, Safety Mode: SAFE_HOLD, Override: Safe hold mode active
2025-05-28 04:02:17,961 - INFO - [AUDIT] - Action: 0, Confidence: 1.0000, Safety Mode: SAFE_HOLD, Override: Safe hold mode active
2025-05-28 04:02:17,962 - INFO - [AUDIT] - Action: 0, Confidence: 1.0000, Safety Mode: SAFE_HOLD, Override: Safe hold mode active
2025-05-28 04:02:17,962 - INFO - [AUDIT] - Action: 0, Confidence: 1.0000, Safety Mode: SAFE_HOLD, Override: Safe hold mode active
2025-05-28 04:02:17,962 - INFO - [AUDIT] - Action: 0, Confidence: 1.0000, Safety Mode: SAFE_HOLD, Override: Safe hold mode active
2025-05-28 04:02:17,962 - INFO - [AUDIT] - Action: 0, Confidence: 1.0000, Safety Mode: SAFE_HOLD, Override: Safe hold mode active
2025-05-28 04:02:17,962 - INFO - [AUDIT] - Action: 0, Confidence: 1.0000, Safety Mode: SAFE_HOLD, Override: Safe hold mode active
2025-05-28 04:02:17,963 - INFO - [AUDIT] - Action: 0, Confidence: 1.0000, Safety Mode: SAFE_HOLD, Override: Safe hold mode active
2025-05-28 04:02:17,963 - INFO - [AUDIT] - Action: 0, Confidence: 1.0000, Safety Mode: SAFE_HOLD, Override: Safe hold mode active
2025-05-28 04:02:17,963 - INFO - [AUDIT] - Action: 0, Confidence: 1.0000, Safety Mode: SAFE_HOLD, Override: Safe hold mode active
2025-05-28 04:02:17,963 - INFO - [AUDIT] - Action: 0, Confidence: 1.0000, Safety Mode: SAFE_HOLD, Override: Safe hold mode active
2025-05-28 04:02:17,963 - INFO - [AUDIT] - Action: 0, Confidence: 1.0000, Safety Mode: SAFE_HOLD, Override: Safe hold mode active
2025-05-28 04:02:17,964 - INFO - [AUDIT] - Action: 0, Confidence: 1.0000, Safety Mode: SAFE_HOLD, Override: Safe hold mode active
2025-05-28 04:02:17,964 - INFO - [AUDIT] - Action: 0, Confidence: 1.0000, Safety Mode: SAFE_HOLD, Override: Safe hold mode active
2025-05-28 04:02:17,964 - INFO - [AUDIT] - Action: 0, Confidence: 1.0000, Safety Mode: SAFE_HOLD, Override: Safe hold mode active
2025-05-28 04:02:17,964 - INFO - [AUDIT] - Action: 0, Confidence: 1.0000, Safety Mode: SAFE_HOLD, Override: Safe hold mode active
2025-05-28 04:02:17,964 - INFO - [AUDIT] - Action: 0, Confidence: 1.0000, Safety Mode: SAFE_HOLD, Override: Safe hold mode active
2025-05-28 04:02:17,964 - INFO - [AUDIT] - Action: 0, Confidence: 1.0000, Safety Mode: SAFE_HOLD, Override: Safe hold mode active
2025-05-28 04:02:17,965 - INFO - [AUDIT] - Action: 0, Confidence: 1.0000, Safety Mode: SAFE_HOLD, Override: Safe hold mode active
2025-05-28 04:02:17,965 - INFO - [AUDIT] - Action: 0, Confidence: 1.0000, Safety Mode: SAFE_HOLD, Override: Safe hold mode active
2025-05-28 04:02:17,965 - INFO - [AUDIT] - Action: 0, Confidence: 1.0000, Safety Mode: SAFE_HOLD, Override: Safe hold mode active
2025-05-28 04:02:17,965 - INFO - [AUDIT] - Action: 0, Confidence: 1.0000, Safety Mode: SAFE_HOLD, Override: Safe hold mode active
2025-05-28 04:02:17,965 - INFO - [AUDIT] - Action: 0, Confidence: 1.0000, Safety Mode: SAFE_HOLD, Override: Safe hold mode active
2025-05-28 04:02:17,966 - INFO - [AUDIT] - Action: 0, Confidence: 1.0000, Safety Mode: SAFE_HOLD, Override: Safe hold mode active
2025-05-28 04:02:17,966 - INFO - [AUDIT] - Action: 0, Confidence: 1.0000, Safety Mode: SAFE_HOLD, Override: Safe hold mode active
2025-05-28 04:02:17,966 - INFO - [AUDIT] - Action: 0, Confidence: 1.0000, Safety Mode: SAFE_HOLD, Override: Safe hold mode active
2025-05-28 04:02:17,966 - INFO - [AUDIT] - Action: 0, Confidence: 1.0000, Safety Mode: SAFE_HOLD, Override: Safe hold mode active
2025-05-28 04:02:17,966 - INFO - [AUDIT] - Action: 0, Confidence: 1.0000, Safety Mode: SAFE_HOLD, Override: Safe hold mode active
2025-05-28 04:02:17,966 - INFO - [AUDIT] - Action: 0, Confidence: 1.0000, Safety Mode: SAFE_HOLD, Override: Safe hold mode active
2025-05-28 04:02:17,967 - INFO - [AUDIT] - Action: 0, Confidence: 1.0000, Safety Mode: SAFE_HOLD, Override: Safe hold mode active
2025-05-28 04:02:17,967 - INFO - [AUDIT] - Action: 0, Confidence: 1.0000, Safety Mode: SAFE_HOLD, Override: Safe hold mode active
2025-05-28 04:02:17,967 - INFO - [AUDIT] - Action: 0, Confidence: 1.0000, Safety Mode: SAFE_HOLD, Override: Safe hold mode active
2025-05-28 04:02:17,967 - INFO - [AUDIT] - Action: 0, Confidence: 1.0000, Safety Mode: SAFE_HOLD, Override: Safe hold mode active
2025-05-28 04:02:17,967 - INFO - [AUDIT] - Action: 0, Confidence: 1.0000, Safety Mode: SAFE_HOLD, Override: Safe hold mode active
2025-05-28 04:02:17,968 - INFO - [AUDIT] - Action: 0, Confidence: 1.0000, Safety Mode: SAFE_HOLD, Override: Safe hold mode active
2025-05-28 04:02:17,968 - INFO - [AUDIT] - Action: 0, Confidence: 1.0000, Safety Mode: SAFE_HOLD, Override: Safe hold mode active
2025-05-28 04:02:17,968 - INFO - [AUDIT] - Action: 0, Confidence: 1.0000, Safety Mode: SAFE_HOLD, Override: Safe hold mode active
2025-05-28 04:02:17,968 - INFO - [AUDIT] - Action: 0, Confidence: 1.0000, Safety Mode: SAFE_HOLD, Override: Safe hold mode active
2025-05-28 04:02:17,968 - INFO - [AUDIT] - Action: 0, Confidence: 1.0000, Safety Mode: SAFE_HOLD, Override: Safe hold mode active
2025-05-28 04:02:17,969 - INFO - [AUDIT] - Action: 0, Confidence: 1.0000, Safety Mode: SAFE_HOLD, Override: Safe hold mode active
2025-05-28 04:02:17,969 - INFO - [AUDIT] - Action: 0, Confidence: 1.0000, Safety Mode: SAFE_HOLD, Override: Safe hold mode active
2025-05-28 04:02:17,969 - INFO - [AUDIT] - Action: 0, Confidence: 1.0000, Safety Mode: SAFE_HOLD, Override: Safe hold mode active
2025-05-28 04:02:17,969 - INFO - [AUDIT] - Action: 0, Confidence: 1.0000, Safety Mode: SAFE_HOLD, Override: Safe hold mode active
2025-05-28 04:02:17,969 - INFO - [AUDIT] - Action: 0, Confidence: 1.0000, Safety Mode: SAFE_HOLD, Override: Safe hold mode active
2025-05-28 04:02:17,969 - INFO - [AUDIT] - Action: 0, Confidence: 1.0000, Safety Mode: SAFE_HOLD, Override: Safe hold mode active
2025-05-28 04:02:17,970 - INFO - [AUDIT] - Action: 0, Confidence: 1.0000, Safety Mode: SAFE_HOLD, Override: Safe hold mode active
2025-05-28 04:02:17,970 - INFO - [AUDIT] - Action: 0, Confidence: 1.0000, Safety Mode: SAFE_HOLD, Override: Safe hold mode active
2025-05-28 04:02:17,970 - INFO - [AUDIT] - Action: 0, Confidence: 1.0000, Safety Mode: SAFE_HOLD, Override: Safe hold mode active
2025-05-28 04:02:17,970 - INFO - [AUDIT] - Action: 0, Confidence: 1.0000, Safety Mode: SAFE_HOLD, Override: Safe hold mode active
2025-05-28 04:02:17,970 - INFO - [AUDIT] - Action: 0, Confidence: 1.0000, Safety Mode: SAFE_HOLD, Override: Safe hold mode active
2025-05-28 04:02:17,970 - INFO - [AUDIT] - Action: 0, Confidence: 1.0000, Safety Mode: SAFE_HOLD, Override: Safe hold mode active
2025-05-28 04:02:17,971 - INFO - [AUDIT] - Action: 0, Confidence: 1.0000, Safety Mode: SAFE_HOLD, Override: Safe hold mode active
2025-05-28 04:02:17,971 - INFO - [AUDIT] - Action: 0, Confidence: 1.0000, Safety Mode: SAFE_HOLD, Override: Safe hold mode active
2025-05-28 04:02:17,971 - INFO - [AUDIT] - Action: 0, Confidence: 1.0000, Safety Mode: SAFE_HOLD, Override: Safe hold mode active
2025-05-28 04:02:17,971 - INFO - [AUDIT] - Action: 0, Confidence: 1.0000, Safety Mode: SAFE_HOLD, Override: Safe hold mode active
2025-05-28 04:02:17,971 - INFO - [AUDIT] - Action: 0, Confidence: 1.0000, Safety Mode: SAFE_HOLD, Override: Safe hold mode active
2025-05-28 04:02:17,972 - INFO - [AUDIT] - Action: 0, Confidence: 1.0000, Safety Mode: SAFE_HOLD, Override: Safe hold mode active
2025-05-28 04:02:17,972 - INFO - [AUDIT] - Action: 0, Confidence: 1.0000, Safety Mode: SAFE_HOLD, Override: Safe hold mode active
2025-05-28 04:02:17,972 - INFO - [AUDIT] - Action: 0, Confidence: 1.0000, Safety Mode: SAFE_HOLD, Override: Safe hold mode active
2025-05-28 04:02:17,972 - INFO - [AUDIT] - Action: 0, Confidence: 1.0000, Safety Mode: SAFE_HOLD, Override: Safe hold mode active
2025-05-28 04:02:17,972 - INFO - [AUDIT] - Action: 0, Confidence: 1.0000, Safety Mode: SAFE_HOLD, Override: Safe hold mode active
2025-05-28 04:02:17,973 - INFO - [AUDIT] - Action: 0, Confidence: 1.0000, Safety Mode: SAFE_HOLD, Override: Safe hold mode active
2025-05-28 04:02:17,973 - INFO - [AUDIT] - Action: 0, Confidence: 1.0000, Safety Mode: SAFE_HOLD, Override: Safe hold mode active
2025-05-28 04:02:17,973 - INFO - [AUDIT] - Action: 0, Confidence: 1.0000, Safety Mode: SAFE_HOLD, Override: Safe hold mode active
2025-05-28 04:02:17,973 - INFO - [AUDIT] - Action: 0, Confidence: 1.0000, Safety Mode: SAFE_HOLD, Override: Safe hold mode active
2025-05-28 04:02:17,973 - INFO - [AUDIT] - Action: 0, Confidence: 1.0000, Safety Mode: SAFE_HOLD, Override: Safe hold mode active
2025-05-28 04:02:17,973 - INFO - [AUDIT] - Action: 0, Confidence: 1.0000, Safety Mode: SAFE_HOLD, Override: Safe hold mode active
2025-05-28 04:02:17,974 - INFO - [AUDIT] - Action: 0, Confidence: 1.0000, Safety Mode: SAFE_HOLD, Override: Safe hold mode active
2025-05-28 04:02:17,974 - INFO - [AUDIT] - Action: 0, Confidence: 1.0000, Safety Mode: SAFE_HOLD, Override: Safe hold mode active
2025-05-28 04:02:17,974 - INFO - [AUDIT] - Action: 0, Confidence: 1.0000, Safety Mode: SAFE_HOLD, Override: Safe hold mode active
2025-05-28 04:02:17,974 - INFO - [AUDIT] - Action: 0, Confidence: 1.0000, Safety Mode: SAFE_HOLD, Override: Safe hold mode active
2025-05-28 04:02:17,974 - INFO - [AUDIT] - Action: 0, Confidence: 1.0000, Safety Mode: SAFE_HOLD, Override: Safe hold mode active
2025-05-28 04:02:17,975 - INFO - [AUDIT] - Action: 0, Confidence: 1.0000, Safety Mode: SAFE_HOLD, Override: Safe hold mode active
2025-05-28 04:02:17,975 - INFO - [AUDIT] - Action: 0, Confidence: 1.0000, Safety Mode: SAFE_HOLD, Override: Safe hold mode active
2025-05-28 04:02:17,975 - INFO - [AUDIT] - Action: 0, Confidence: 1.0000, Safety Mode: SAFE_HOLD, Override: Safe hold mode active
2025-05-28 04:02:17,975 - INFO - [AUDIT] - Action: 0, Confidence: 1.0000, Safety Mode: SAFE_HOLD, Override: Safe hold mode active
2025-05-28 04:02:17,975 - INFO - [AUDIT] - Action: 0, Confidence: 1.0000, Safety Mode: SAFE_HOLD, Override: Safe hold mode active
2025-05-28 04:02:17,976 - INFO - [AUDIT] - Action: 0, Confidence: 1.0000, Safety Mode: SAFE_HOLD, Override: Safe hold mode active
2025-05-28 04:02:17,976 - INFO - [AUDIT] - Action: 0, Confidence: 1.0000, Safety Mode: SAFE_HOLD, Override: Safe hold mode active
2025-05-28 04:02:17,976 - INFO - [AUDIT] - Action: 0, Confidence: 1.0000, Safety Mode: SAFE_HOLD, Override: Safe hold mode active
2025-05-28 04:02:17,976 - INFO - [AUDIT] - Action: 0, Confidence: 1.0000, Safety Mode: SAFE_HOLD, Override: Safe hold mode active
2025-05-28 04:02:17,976 - INFO - [AUDIT] - Action: 0, Confidence: 1.0000, Safety Mode: SAFE_HOLD, Override: Safe hold mode active
2025-05-28 04:02:17,976 - INFO - [AUDIT] - Action: 0, Confidence: 1.0000, Safety Mode: SAFE_HOLD, Override: Safe hold mode active
2025-05-28 04:02:17,977 - INFO - [AUDIT] - Action: 0, Confidence: 1.0000, Safety Mode: SAFE_HOLD, Override: Safe hold mode active
2025-05-28 04:02:17,977 - INFO - [AUDIT] - Action: 0, Confidence: 1.0000, Safety Mode: SAFE_HOLD, Override: Safe hold mode active
2025-05-28 04:02:17,977 - INFO - [AUDIT] - Action: 0, Confidence: 1.0000, Safety Mode: SAFE_HOLD, Override: Safe hold mode active
2025-05-28 04:02:17,977 - INFO - [AUDIT] - Action: 0, Confidence: 1.0000, Safety Mode: SAFE_HOLD, Override: Safe hold mode active
2025-05-28 04:02:17,977 - INFO - [AUDIT] - Action: 0, Confidence: 1.0000, Safety Mode: SAFE_HOLD, Override: Safe hold mode active
2025-05-28 04:02:17,978 - INFO - [AUDIT] - Action: 0, Confidence: 1.0000, Safety Mode: SAFE_HOLD, Override: Safe hold mode active
2025-05-28 04:02:17,978 - INFO - [AUDIT] - Action: 0, Confidence: 1.0000, Safety Mode: SAFE_HOLD, Override: Safe hold mode active
2025-05-28 04:02:17,978 - INFO - [AUDIT] - Action: 0, Confidence: 1.0000, Safety Mode: SAFE_HOLD, Override: Safe hold mode active
2025-05-28 04:02:17,978 - INFO - [AUDIT] - Action: 0, Confidence: 1.0000, Safety Mode: SAFE_HOLD, Override: Safe hold mode active
2025-05-28 04:02:17,978 - INFO - [AUDIT] - Action: 0, Confidence: 1.0000, Safety Mode: SAFE_HOLD, Override: Safe hold mode active
2025-05-28 04:02:17,979 - INFO - [AUDIT] - Action: 0, Confidence: 1.0000, Safety Mode: SAFE_HOLD, Override: Safe hold mode active
2025-05-28 04:02:17,979 - INFO - [AUDIT] - Action: 0, Confidence: 1.0000, Safety Mode: SAFE_HOLD, Override: Safe hold mode active
2025-05-28 04:02:17,979 - INFO - [AUDIT] - Action: 0, Confidence: 1.0000, Safety Mode: SAFE_HOLD, Override: Safe hold mode active
2025-05-28 04:02:17,979 - INFO - [AUDIT] - Action: 0, Confidence: 1.0000, Safety Mode: SAFE_HOLD, Override: Safe hold mode active
2025-05-28 04:02:17,979 - INFO - [AUDIT] - Action: 0, Confidence: 1.0000, Safety Mode: SAFE_HOLD, Override: Safe hold mode active
2025-05-28 04:02:17,980 - INFO - [AUDIT] - Action: 0, Confidence: 1.0000, Safety Mode: SAFE_HOLD, Override: Safe hold mode active
2025-05-28 04:02:17,980 - INFO - [AUDIT] - Action: 0, Confidence: 1.0000, Safety Mode: SAFE_HOLD, Override: Safe hold mode active
2025-05-28 04:02:17,980 - INFO - [AUDIT] - Action: 0, Confidence: 1.0000, Safety Mode: SAFE_HOLD, Override: Safe hold mode active
2025-05-28 04:02:17,980 - INFO - [AUDIT] - Action: 0, Confidence: 1.0000, Safety Mode: SAFE_HOLD, Override: Safe hold mode active
2025-05-28 04:02:17,980 - INFO - [AUDIT] - Action: 0, Confidence: 1.0000, Safety Mode: SAFE_HOLD, Override: Safe hold mode active
2025-05-28 04:02:17,981 - INFO - [AUDIT] - Action: 0, Confidence: 1.0000, Safety Mode: SAFE_HOLD, Override: Safe hold mode active
2025-05-28 04:02:17,981 - INFO - [AUDIT] - Action: 0, Confidence: 1.0000, Safety Mode: SAFE_HOLD, Override: Safe hold mode active
2025-05-28 04:02:17,981 - INFO - [AUDIT] - Action: 0, Confidence: 1.0000, Safety Mode: SAFE_HOLD, Override: Safe hold mode active
2025-05-28 04:02:17,981 - INFO - [AUDIT] - Action: 0, Confidence: 1.0000, Safety Mode: SAFE_HOLD, Override: Safe hold mode active
2025-05-28 04:02:17,981 - INFO - [AUDIT] - Action: 0, Confidence: 1.0000, Safety Mode: SAFE_HOLD, Override: Safe hold mode active
2025-05-28 04:02:17,982 - INFO - [AUDIT] - Action: 0, Confidence: 1.0000, Safety Mode: SAFE_HOLD, Override: Safe hold mode active
2025-05-28 04:02:17,982 - INFO - [AUDIT] - Action: 0, Confidence: 1.0000, Safety Mode: SAFE_HOLD, Override: Safe hold mode active
2025-05-28 04:02:17,982 - INFO - [AUDIT] - Action: 0, Confidence: 1.0000, Safety Mode: SAFE_HOLD, Override: Safe hold mode active
2025-05-28 04:02:17,982 - INFO - [AUDIT] - Action: 0, Confidence: 1.0000, Safety Mode: SAFE_HOLD, Override: Safe hold mode active
2025-05-28 04:02:17,982 - INFO - [AUDIT] - Action: 0, Confidence: 1.0000, Safety Mode: SAFE_HOLD, Override: Safe hold mode active
2025-05-28 04:02:17,982 - INFO - [AUDIT] - Action: 0, Confidence: 1.0000, Safety Mode: SAFE_HOLD, Override: Safe hold mode active
2025-05-28 04:02:17,983 - INFO - [AUDIT] - Action: 0, Confidence: 1.0000, Safety Mode: SAFE_HOLD, Override: Safe hold mode active
2025-05-28 04:02:17,983 - INFO - [AUDIT] - Action: 0, Confidence: 1.0000, Safety Mode: SAFE_HOLD, Override: Safe hold mode active
2025-05-28 04:02:17,983 - INFO - [AUDIT] - Action: 0, Confidence: 1.0000, Safety Mode: SAFE_HOLD, Override: Safe hold mode active
2025-05-28 04:02:17,983 - INFO - [AUDIT] - Action: 0, Confidence: 1.0000, Safety Mode: SAFE_HOLD, Override: Safe hold mode active
2025-05-28 04:02:17,983 - INFO - [AUDIT] - Action: 0, Confidence: 1.0000, Safety Mode: SAFE_HOLD, Override: Safe hold mode active
2025-05-28 04:02:17,984 - INFO - [AUDIT] - Action: 0, Confidence: 1.0000, Safety Mode: SAFE_HOLD, Override: Safe hold mode active
2025-05-28 04:02:17,984 - INFO - [AUDIT] - Action: 0, Confidence: 1.0000, Safety Mode: SAFE_HOLD, Override: Safe hold mode active
2025-05-28 04:02:17,984 - INFO - [AUDIT] - Action: 0, Confidence: 1.0000, Safety Mode: SAFE_HOLD, Override: Safe hold mode active
2025-05-28 04:02:17,984 - INFO - [AUDIT] - Action: 0, Confidence: 1.0000, Safety Mode: SAFE_HOLD, Override: Safe hold mode active
2025-05-28 04:02:17,985 - INFO - [AUDIT] - Action: 0, Confidence: 1.0000, Safety Mode: SAFE_HOLD, Override: Safe hold mode active
2025-05-28 04:02:17,985 - INFO - [AUDIT] - Action: 0, Confidence: 1.0000, Safety Mode: SAFE_HOLD, Override: Safe hold mode active
2025-05-28 04:02:17,985 - INFO - [AUDIT] - Action: 0, Confidence: 1.0000, Safety Mode: SAFE_HOLD, Override: Safe hold mode active
2025-05-28 04:02:18,332 - INFO - [AUDIT] - Action: 0, Confidence: 1.0000, Safety Mode: SAFE_HOLD, Override: Safe hold mode active
2025-05-28 04:02:18,332 - INFO - [AUDIT] - Action: 0, Confidence: 1.0000, Safety Mode: SAFE_HOLD, Override: Safe hold mode active
2025-05-28 04:02:18,332 - INFO - [AUDIT] - Action: 0, Confidence: 1.0000, Safety Mode: SAFE_HOLD, Override: Safe hold mode active
2025-05-28 04:02:18,332 - INFO - [AUDIT] - Action: 0, Confidence: 1.0000, Safety Mode: SAFE_HOLD, Override: Safe hold mode active
2025-05-28 04:02:18,333 - INFO - [AUDIT] - Action: 0, Confidence: 1.0000, Safety Mode: SAFE_HOLD, Override: Safe hold mode active
2025-05-28 04:02:18,333 - INFO - [AUDIT] - Action: 0, Confidence: 1.0000, Safety Mode: SAFE_HOLD, Override: Safe hold mode active
2025-05-28 04:02:18,333 - INFO - [AUDIT] - Action: 0, Confidence: 1.0000, Safety Mode: SAFE_HOLD, Override: Safe hold mode active
2025-05-28 04:02:18,333 - INFO - [AUDIT] - Action: 0, Confidence: 1.0000, Safety Mode: SAFE_HOLD, Override: Safe hold mode active
2025-05-28 04:02:18,334 - INFO - [AUDIT] - Action: 0, Confidence: 1.0000, Safety Mode: SAFE_HOLD, Override: Safe hold mode active
2025-05-28 04:02:18,334 - INFO - [AUDIT] - Action: 0, Confidence: 1.0000, Safety Mode: SAFE_HOLD, Override: Safe hold mode active
2025-05-28 04:02:18,334 - INFO - [AUDIT] - Action: 0, Confidence: 1.0000, Safety Mode: SAFE_HOLD, Override: Safe hold mode active
2025-05-28 04:02:18,334 - INFO - [AUDIT] - Action: 0, Confidence: 1.0000, Safety Mode: SAFE_HOLD, Override: Safe hold mode active
2025-05-28 04:02:18,334 - INFO - [AUDIT] - Action: 0, Confidence: 1.0000, Safety Mode: SAFE_HOLD, Override: Safe hold mode active
2025-05-28 04:02:18,335 - INFO - [AUDIT] - Action: 0, Confidence: 1.0000, Safety Mode: SAFE_HOLD, Override: Safe hold mode active
2025-05-28 04:02:18,335 - INFO - [AUDIT] - Action: 0, Confidence: 1.0000, Safety Mode: SAFE_HOLD, Override: Safe hold mode active
2025-05-28 04:02:18,335 - INFO - [AUDIT] - Action: 0, Confidence: 1.0000, Safety Mode: SAFE_HOLD, Override: Safe hold mode active
2025-05-28 04:02:18,335 - INFO - [AUDIT] - Action: 0, Confidence: 1.0000, Safety Mode: SAFE_HOLD, Override: Safe hold mode active
2025-05-28 04:02:18,336 - INFO - [AUDIT] - Action: 0, Confidence: 1.0000, Safety Mode: SAFE_HOLD, Override: Safe hold mode active
2025-05-28 04:02:18,336 - INFO - [AUDIT] - Action: 0, Confidence: 1.0000, Safety Mode: SAFE_HOLD, Override: Safe hold mode active
2025-05-28 04:02:18,336 - INFO - [AUDIT] - Action: 0, Confidence: 1.0000, Safety Mode: SAFE_HOLD, Override: Safe hold mode active
2025-05-28 04:02:18,336 - INFO - [AUDIT] - Action: 0, Confidence: 1.0000, Safety Mode: SAFE_HOLD, Override: Safe hold mode active
2025-05-28 04:02:18,336 - INFO - [AUDIT] - Action: 0, Confidence: 1.0000, Safety Mode: SAFE_HOLD, Override: Safe hold mode active
2025-05-28 04:02:18,337 - INFO - [AUDIT] - Action: 0, Confidence: 1.0000, Safety Mode: SAFE_HOLD, Override: Safe hold mode active
2025-05-28 04:02:18,337 - INFO - [AUDIT] - Action: 0, Confidence: 1.0000, Safety Mode: SAFE_HOLD, Override: Safe hold mode active
2025-05-28 04:02:18,337 - INFO - [AUDIT] - Action: 0, Confidence: 1.0000, Safety Mode: SAFE_HOLD, Override: Safe hold mode active
2025-05-28 04:02:18,337 - INFO - [AUDIT] - Action: 0, Confidence: 1.0000, Safety Mode: SAFE_HOLD, Override: Safe hold mode active
2025-05-28 04:02:18,337 - INFO - [AUDIT] - Action: 0, Confidence: 1.0000, Safety Mode: SAFE_HOLD, Override: Safe hold mode active
2025-05-28 04:02:18,338 - INFO - [AUDIT] - Action: 0, Confidence: 1.0000, Safety Mode: SAFE_HOLD, Override: Safe hold mode active
2025-05-28 04:02:18,338 - INFO - [AUDIT] - Action: 0, Confidence: 1.0000, Safety Mode: SAFE_HOLD, Override: Safe hold mode active
2025-05-28 04:02:18,338 - INFO - [AUDIT] - Action: 0, Confidence: 1.0000, Safety Mode: SAFE_HOLD, Override: Safe hold mode active
2025-05-28 04:02:18,338 - INFO - [AUDIT] - Action: 0, Confidence: 1.0000, Safety Mode: SAFE_HOLD, Override: Safe hold mode active
2025-05-28 04:02:18,338 - INFO - [AUDIT] - Action: 0, Confidence: 1.0000, Safety Mode: SAFE_HOLD, Override: Safe hold mode active
2025-05-28 04:02:18,339 - INFO - [AUDIT] - Action: 0, Confidence: 1.0000, Safety Mode: SAFE_HOLD, Override: Safe hold mode active
2025-05-28 04:02:18,339 - INFO - [AUDIT] - Action: 0, Confidence: 1.0000, Safety Mode: SAFE_HOLD, Override: Safe hold mode active
2025-05-28 04:02:18,339 - INFO - [AUDIT] - Action: 0, Confidence: 1.0000, Safety Mode: SAFE_HOLD, Override: Safe hold mode active
2025-05-28 04:02:18,339 - INFO - [AUDIT] - Action: 0, Confidence: 1.0000, Safety Mode: SAFE_HOLD, Override: Safe hold mode active
2025-05-28 04:02:18,339 - INFO - [AUDIT] - Action: 0, Confidence: 1.0000, Safety Mode: SAFE_HOLD, Override: Safe hold mode active
2025-05-28 04:02:18,340 - INFO - [AUDIT] - Action: 0, Confidence: 1.0000, Safety Mode: SAFE_HOLD, Override: Safe hold mode active
2025-05-28 04:02:18,340 - INFO - [AUDIT] - Action: 0, Confidence: 1.0000, Safety Mode: SAFE_HOLD, Override: Safe hold mode active
2025-05-28 04:02:18,340 - INFO - [AUDIT] - Action: 0, Confidence: 1.0000, Safety Mode: SAFE_HOLD, Override: Safe hold mode active
2025-05-28 04:02:18,340 - INFO - [AUDIT] - Action: 0, Confidence: 1.0000, Safety Mode: SAFE_HOLD, Override: Safe hold mode active
2025-05-28 04:02:18,340 - INFO - [AUDIT] - Action: 0, Confidence: 1.0000, Safety Mode: SAFE_HOLD, Override: Safe hold mode active
2025-05-28 04:02:18,341 - INFO - [AUDIT] - Action: 0, Confidence: 1.0000, Safety Mode: SAFE_HOLD, Override: Safe hold mode active
2025-05-28 04:02:18,341 - INFO - [AUDIT] - Action: 0, Confidence: 1.0000, Safety Mode: SAFE_HOLD, Override: Safe hold mode active
2025-05-28 04:02:18,341 - INFO - [AUDIT] - Action: 0, Confidence: 1.0000, Safety Mode: SAFE_HOLD, Override: Safe hold mode active
2025-05-28 04:02:18,341 - INFO - [AUDIT] - Action: 0, Confidence: 1.0000, Safety Mode: SAFE_HOLD, Override: Safe hold mode active
2025-05-28 04:02:18,341 - INFO - [AUDIT] - Action: 0, Confidence: 1.0000, Safety Mode: SAFE_HOLD, Override: Safe hold mode active
2025-05-28 04:02:18,342 - INFO - [AUDIT] - Action: 0, Confidence: 1.0000, Safety Mode: SAFE_HOLD, Override: Safe hold mode active
2025-05-28 04:02:18,342 - INFO - [AUDIT] - Action: 0, Confidence: 1.0000, Safety Mode: SAFE_HOLD, Override: Safe hold mode active
2025-05-28 04:02:18,342 - INFO - [AUDIT] - Action: 0, Confidence: 1.0000, Safety Mode: SAFE_HOLD, Override: Safe hold mode active
2025-05-28 04:02:18,342 - INFO - [AUDIT] - Action: 0, Confidence: 1.0000, Safety Mode: SAFE_HOLD, Override: Safe hold mode active
2025-05-28 04:02:18,342 - INFO - [AUDIT] - Action: 0, Confidence: 1.0000, Safety Mode: SAFE_HOLD, Override: Safe hold mode active
2025-05-28 04:02:18,343 - INFO - [AUDIT] - Action: 0, Confidence: 1.0000, Safety Mode: SAFE_HOLD, Override: Safe hold mode active
2025-05-28 04:02:18,343 - INFO - [AUDIT] - Action: 0, Confidence: 1.0000, Safety Mode: SAFE_HOLD, Override: Safe hold mode active
2025-05-28 04:02:18,343 - INFO - [AUDIT] - Action: 0, Confidence: 1.0000, Safety Mode: SAFE_HOLD, Override: Safe hold mode active
2025-05-28 04:02:18,343 - INFO - [AUDIT] - Action: 0, Confidence: 1.0000, Safety Mode: SAFE_HOLD, Override: Safe hold mode active
2025-05-28 04:02:18,343 - INFO - [AUDIT] - Action: 0, Confidence: 1.0000, Safety Mode: SAFE_HOLD, Override: Safe hold mode active
2025-05-28 04:02:18,344 - INFO - [AUDIT] - Action: 0, Confidence: 1.0000, Safety Mode: SAFE_HOLD, Override: Safe hold mode active
2025-05-28 04:02:18,344 - INFO - [AUDIT] - Action: 0, Confidence: 1.0000, Safety Mode: SAFE_HOLD, Override: Safe hold mode active
2025-05-28 04:02:18,344 - INFO - [AUDIT] - Action: 0, Confidence: 1.0000, Safety Mode: SAFE_HOLD, Override: Safe hold mode active
2025-05-28 04:02:18,344 - INFO - [AUDIT] - Action: 0, Confidence: 1.0000, Safety Mode: SAFE_HOLD, Override: Safe hold mode active
2025-05-28 04:02:18,344 - INFO - [AUDIT] - Action: 0, Confidence: 1.0000, Safety Mode: SAFE_HOLD, Override: Safe hold mode active
2025-05-28 04:02:18,345 - INFO - [AUDIT] - Action: 0, Confidence: 1.0000, Safety Mode: SAFE_HOLD, Override: Safe hold mode active
2025-05-28 04:02:18,345 - INFO - [AUDIT] - Action: 0, Confidence: 1.0000, Safety Mode: SAFE_HOLD, Override: Safe hold mode active
2025-05-28 04:02:18,345 - INFO - [AUDIT] - Action: 0, Confidence: 1.0000, Safety Mode: SAFE_HOLD, Override: Safe hold mode active
2025-05-28 04:02:18,345 - INFO - [AUDIT] - Action: 0, Confidence: 1.0000, Safety Mode: SAFE_HOLD, Override: Safe hold mode active
2025-05-28 04:02:18,345 - INFO - [AUDIT] - Action: 0, Confidence: 1.0000, Safety Mode: SAFE_HOLD, Override: Safe hold mode active
2025-05-28 04:02:18,346 - INFO - [AUDIT] - Action: 0, Confidence: 1.0000, Safety Mode: SAFE_HOLD, Override: Safe hold mode active
2025-05-28 04:02:18,346 - INFO - [AUDIT] - Action: 0, Confidence: 1.0000, Safety Mode: SAFE_HOLD, Override: Safe hold mode active
2025-05-28 04:02:18,346 - INFO - [AUDIT] - Action: 0, Confidence: 1.0000, Safety Mode: SAFE_HOLD, Override: Safe hold mode active
2025-05-28 04:02:18,346 - INFO - [AUDIT] - Action: 0, Confidence: 1.0000, Safety Mode: SAFE_HOLD, Override: Safe hold mode active
2025-05-28 04:02:18,346 - INFO - [AUDIT] - Action: 0, Confidence: 1.0000, Safety Mode: SAFE_HOLD, Override: Safe hold mode active
2025-05-28 04:02:18,347 - INFO - [AUDIT] - Action: 0, Confidence: 1.0000, Safety Mode: SAFE_HOLD, Override: Safe hold mode active
2025-05-28 04:02:18,347 - INFO - [AUDIT] - Action: 0, Confidence: 1.0000, Safety Mode: SAFE_HOLD, Override: Safe hold mode active
2025-05-28 04:02:18,347 - INFO - [AUDIT] - Action: 0, Confidence: 1.0000, Safety Mode: SAFE_HOLD, Override: Safe hold mode active
2025-05-28 04:02:18,347 - INFO - [AUDIT] - Action: 0, Confidence: 1.0000, Safety Mode: SAFE_HOLD, Override: Safe hold mode active
2025-05-28 04:02:18,347 - INFO - [AUDIT] - Action: 0, Confidence: 1.0000, Safety Mode: SAFE_HOLD, Override: Safe hold mode active
2025-05-28 04:02:18,348 - INFO - [AUDIT] - Action: 0, Confidence: 1.0000, Safety Mode: SAFE_HOLD, Override: Safe hold mode active
2025-05-28 04:02:18,348 - INFO - [AUDIT] - Action: 0, Confidence: 1.0000, Safety Mode: SAFE_HOLD, Override: Safe hold mode active
2025-05-28 04:02:18,348 - INFO - [AUDIT] - Action: 0, Confidence: 1.0000, Safety Mode: SAFE_HOLD, Override: Safe hold mode active
2025-05-28 04:02:18,348 - INFO - [AUDIT] - Action: 0, Confidence: 1.0000, Safety Mode: SAFE_HOLD, Override: Safe hold mode active
2025-05-28 04:02:18,348 - INFO - [AUDIT] - Action: 0, Confidence: 1.0000, Safety Mode: SAFE_HOLD, Override: Safe hold mode active
2025-05-28 04:02:18,349 - INFO - [AUDIT] - Action: 0, Confidence: 1.0000, Safety Mode: SAFE_HOLD, Override: Safe hold mode active
2025-05-28 04:02:18,349 - INFO - [AUDIT] - Action: 0, Confidence: 1.0000, Safety Mode: SAFE_HOLD, Override: Safe hold mode active
2025-05-28 04:02:18,349 - INFO - [AUDIT] - Action: 0, Confidence: 1.0000, Safety Mode: SAFE_HOLD, Override: Safe hold mode active
2025-05-28 04:02:18,349 - INFO - [AUDIT] - Action: 0, Confidence: 1.0000, Safety Mode: SAFE_HOLD, Override: Safe hold mode active
2025-05-28 04:02:18,349 - INFO - [AUDIT] - Action: 0, Confidence: 1.0000, Safety Mode: SAFE_HOLD, Override: Safe hold mode active
2025-05-28 04:02:18,350 - INFO - [AUDIT] - Action: 0, Confidence: 1.0000, Safety Mode: SAFE_HOLD, Override: Safe hold mode active
2025-05-28 04:02:18,350 - INFO - [AUDIT] - Action: 0, Confidence: 1.0000, Safety Mode: SAFE_HOLD, Override: Safe hold mode active
2025-05-28 04:02:18,350 - INFO - [AUDIT] - Action: 0, Confidence: 1.0000, Safety Mode: SAFE_HOLD, Override: Safe hold mode active
2025-05-28 04:02:18,350 - INFO - [AUDIT] - Action: 0, Confidence: 1.0000, Safety Mode: SAFE_HOLD, Override: Safe hold mode active
2025-05-28 04:02:18,350 - INFO - [AUDIT] - Action: 0, Confidence: 1.0000, Safety Mode: SAFE_HOLD, Override: Safe hold mode active
2025-05-28 04:02:18,351 - INFO - [AUDIT] - Action: 0, Confidence: 1.0000, Safety Mode: SAFE_HOLD, Override: Safe hold mode active
2025-05-28 04:02:18,351 - INFO - [AUDIT] - Action: 0, Confidence: 1.0000, Safety Mode: SAFE_HOLD, Override: Safe hold mode active
2025-05-28 04:02:18,351 - INFO - [AUDIT] - Action: 0, Confidence: 1.0000, Safety Mode: SAFE_HOLD, Override: Safe hold mode active
2025-05-28 04:02:18,351 - INFO - [AUDIT] - Action: 0, Confidence: 1.0000, Safety Mode: SAFE_HOLD, Override: Safe hold mode active
2025-05-28 04:02:18,351 - INFO - [AUDIT] - Action: 0, Confidence: 1.0000, Safety Mode: SAFE_HOLD, Override: Safe hold mode active
2025-05-28 04:02:18,352 - INFO - [AUDIT] - Action: 0, Confidence: 1.0000, Safety Mode: SAFE_HOLD, Override: Safe hold mode active
2025-05-28 04:02:18,352 - INFO - [AUDIT] - Action: 0, Confidence: 1.0000, Safety Mode: SAFE_HOLD, Override: Safe hold mode active
2025-05-28 04:02:18,352 - INFO - [AUDIT] - Action: 0, Confidence: 1.0000, Safety Mode: SAFE_HOLD, Override: Safe hold mode active
2025-05-28 04:02:18,352 - INFO - [AUDIT] - Action: 0, Confidence: 1.0000, Safety Mode: SAFE_HOLD, Override: Safe hold mode active
2025-05-28 04:02:18,353 - INFO - [AUDIT] - Action: 0, Confidence: 1.0000, Safety Mode: SAFE_HOLD, Override: Safe hold mode active
2025-05-28 04:02:18,353 - INFO - [AUDIT] - Action: 0, Confidence: 1.0000, Safety Mode: SAFE_HOLD, Override: Safe hold mode active
2025-05-28 04:02:18,353 - INFO - [AUDIT] - Action: 0, Confidence: 1.0000, Safety Mode: SAFE_HOLD, Override: Safe hold mode active
2025-05-28 04:02:18,353 - INFO - [AUDIT] - Action: 0, Confidence: 1.0000, Safety Mode: SAFE_HOLD, Override: Safe hold mode active
2025-05-28 04:02:18,353 - INFO - [AUDIT] - Action: 0, Confidence: 1.0000, Safety Mode: SAFE_HOLD, Override: Safe hold mode active
2025-05-28 04:02:18,354 - INFO - [AUDIT] - Action: 0, Confidence: 1.0000, Safety Mode: SAFE_HOLD, Override: Safe hold mode active
2025-05-28 04:02:18,354 - INFO - [AUDIT] - Action: 0, Confidence: 1.0000, Safety Mode: SAFE_HOLD, Override: Safe hold mode active
2025-05-28 04:02:18,354 - INFO - [AUDIT] - Action: 0, Confidence: 1.0000, Safety Mode: SAFE_HOLD, Override: Safe hold mode active
2025-05-28 04:02:18,354 - INFO - [AUDIT] - Action: 0, Confidence: 1.0000, Safety Mode: SAFE_HOLD, Override: Safe hold mode active
2025-05-28 04:02:18,354 - INFO - [AUDIT] - Action: 0, Confidence: 1.0000, Safety Mode: SAFE_HOLD, Override: Safe hold mode active
2025-05-28 04:02:18,355 - INFO - [AUDIT] - Action: 0, Confidence: 1.0000, Safety Mode: SAFE_HOLD, Override: Safe hold mode active
2025-05-28 04:02:18,355 - INFO - [AUDIT] - Action: 0, Confidence: 1.0000, Safety Mode: SAFE_HOLD, Override: Safe hold mode active
2025-05-28 04:02:18,355 - INFO - [AUDIT] - Action: 0, Confidence: 1.0000, Safety Mode: SAFE_HOLD, Override: Safe hold mode active
2025-05-28 04:02:18,355 - INFO - [AUDIT] - Action: 0, Confidence: 1.0000, Safety Mode: SAFE_HOLD, Override: Safe hold mode active
2025-05-28 04:02:18,355 - INFO - [AUDIT] - Action: 0, Confidence: 1.0000, Safety Mode: SAFE_HOLD, Override: Safe hold mode active
2025-05-28 04:02:18,355 - INFO - [AUDIT] - Action: 0, Confidence: 1.0000, Safety Mode: SAFE_HOLD, Override: Safe hold mode active
2025-05-28 04:02:18,356 - INFO - [AUDIT] - Action: 0, Confidence: 1.0000, Safety Mode: SAFE_HOLD, Override: Safe hold mode active
2025-05-28 04:02:18,356 - INFO - [AUDIT] - Action: 0, Confidence: 1.0000, Safety Mode: SAFE_HOLD, Override: Safe hold mode active
2025-05-28 04:02:18,356 - INFO - [AUDIT] - Action: 0, Confidence: 1.0000, Safety Mode: SAFE_HOLD, Override: Safe hold mode active
2025-05-28 04:02:18,356 - INFO - [AUDIT] - Action: 0, Confidence: 1.0000, Safety Mode: SAFE_HOLD, Override: Safe hold mode active
2025-05-28 04:02:18,356 - INFO - [AUDIT] - Action: 0, Confidence: 1.0000, Safety Mode: SAFE_HOLD, Override: Safe hold mode active
2025-05-28 04:02:18,357 - INFO - [AUDIT] - Action: 0, Confidence: 1.0000, Safety Mode: SAFE_HOLD, Override: Safe hold mode active
2025-05-28 04:02:18,357 - INFO - [AUDIT] - Action: 0, Confidence: 1.0000, Safety Mode: SAFE_HOLD, Override: Safe hold mode active
2025-05-28 04:02:18,357 - INFO - [AUDIT] - Action: 0, Confidence: 1.0000, Safety Mode: SAFE_HOLD, Override: Safe hold mode active
2025-05-28 04:02:18,357 - INFO - [AUDIT] - Action: 0, Confidence: 1.0000, Safety Mode: SAFE_HOLD, Override: Safe hold mode active
2025-05-28 04:02:18,357 - INFO - [AUDIT] - Action: 0, Confidence: 1.0000, Safety Mode: SAFE_HOLD, Override: Safe hold mode active
2025-05-28 04:02:18,358 - INFO - [AUDIT] - Action: 0, Confidence: 1.0000, Safety Mode: SAFE_HOLD, Override: Safe hold mode active
2025-05-28 04:02:18,358 - INFO - [AUDIT] - Action: 0, Confidence: 1.0000, Safety Mode: SAFE_HOLD, Override: Safe hold mode active
2025-05-28 04:02:18,358 - INFO - [AUDIT] - Action: 0, Confidence: 1.0000, Safety Mode: SAFE_HOLD, Override: Safe hold mode active
2025-05-28 04:02:18,358 - INFO - [AUDIT] - Action: 0, Confidence: 1.0000, Safety Mode: SAFE_HOLD, Override: Safe hold mode active
2025-05-28 04:02:18,358 - INFO - [AUDIT] - Action: 0, Confidence: 1.0000, Safety Mode: SAFE_HOLD, Override: Safe hold mode active
2025-05-28 04:02:18,359 - INFO - [AUDIT] - Action: 0, Confidence: 1.0000, Safety Mode: SAFE_HOLD, Override: Safe hold mode active
2025-05-28 04:02:18,359 - INFO - [AUDIT] - Action: 0, Confidence: 1.0000, Safety Mode: SAFE_HOLD, Override: Safe hold mode active
2025-05-28 04:02:18,359 - INFO - [AUDIT] - Action: 0, Confidence: 1.0000, Safety Mode: SAFE_HOLD, Override: Safe hold mode active
2025-05-28 04:02:18,359 - INFO - [AUDIT] - Action: 0, Confidence: 1.0000, Safety Mode: SAFE_HOLD, Override: Safe hold mode active
2025-05-28 04:02:18,359 - INFO - [AUDIT] - Action: 0, Confidence: 1.0000, Safety Mode: SAFE_HOLD, Override: Safe hold mode active
2025-05-28 04:02:18,360 - INFO - [AUDIT] - Action: 0, Confidence: 1.0000, Safety Mode: SAFE_HOLD, Override: Safe hold mode active
2025-05-28 04:02:18,360 - INFO - [AUDIT] - Action: 0, Confidence: 1.0000, Safety Mode: SAFE_HOLD, Override: Safe hold mode active
2025-05-28 04:02:18,360 - INFO - [AUDIT] - Action: 0, Confidence: 1.0000, Safety Mode: SAFE_HOLD, Override: Safe hold mode active
2025-05-28 04:02:18,360 - INFO - [AUDIT] - Action: 0, Confidence: 1.0000, Safety Mode: SAFE_HOLD, Override: Safe hold mode active
2025-05-28 04:02:18,360 - INFO - [AUDIT] - Action: 0, Confidence: 1.0000, Safety Mode: SAFE_HOLD, Override: Safe hold mode active
2025-05-28 04:02:18,361 - INFO - [AUDIT] - Action: 0, Confidence: 1.0000, Safety Mode: SAFE_HOLD, Override: Safe hold mode active
2025-05-28 04:02:18,361 - INFO - [AUDIT] - Action: 0, Confidence: 1.0000, Safety Mode: SAFE_HOLD, Override: Safe hold mode active
2025-05-28 04:02:18,361 - INFO - [AUDIT] - Action: 0, Confidence: 1.0000, Safety Mode: SAFE_HOLD, Override: Safe hold mode active
2025-05-28 04:02:18,361 - INFO - [AUDIT] - Action: 0, Confidence: 1.0000, Safety Mode: SAFE_HOLD, Override: Safe hold mode active
2025-05-28 04:02:18,361 - INFO - [AUDIT] - Action: 0, Confidence: 1.0000, Safety Mode: SAFE_HOLD, Override: Safe hold mode active
2025-05-28 04:02:18,362 - INFO - [AUDIT] - Action: 0, Confidence: 1.0000, Safety Mode: SAFE_HOLD, Override: Safe hold mode active
2025-05-28 04:02:18,362 - INFO - [AUDIT] - Action: 0, Confidence: 1.0000, Safety Mode: SAFE_HOLD, Override: Safe hold mode active
2025-05-28 04:02:18,362 - INFO - [AUDIT] - Action: 0, Confidence: 1.0000, Safety Mode: SAFE_HOLD, Override: Safe hold mode active
2025-05-28 04:02:18,362 - INFO - [AUDIT] - Action: 0, Confidence: 1.0000, Safety Mode: SAFE_HOLD, Override: Safe hold mode active
2025-05-28 04:02:18,362 - INFO - [AUDIT] - Action: 0, Confidence: 1.0000, Safety Mode: SAFE_HOLD, Override: Safe hold mode active
2025-05-28 04:02:18,363 - INFO - [AUDIT] - Action: 0, Confidence: 1.0000, Safety Mode: SAFE_HOLD, Override: Safe hold mode active
2025-05-28 04:02:18,363 - INFO - [AUDIT] - Action: 0, Confidence: 1.0000, Safety Mode: SAFE_HOLD, Override: Safe hold mode active
2025-05-28 04:02:18,363 - INFO - [AUDIT] - Action: 0, Confidence: 1.0000, Safety Mode: SAFE_HOLD, Override: Safe hold mode active
2025-05-28 04:02:18,363 - INFO - [AUDIT] - Action: 0, Confidence: 1.0000, Safety Mode: SAFE_HOLD, Override: Safe hold mode active
2025-05-28 04:02:18,363 - INFO - [AUDIT] - Action: 0, Confidence: 1.0000, Safety Mode: SAFE_HOLD, Override: Safe hold mode active
2025-05-28 04:02:18,364 - INFO - [AUDIT] - Action: 0, Confidence: 1.0000, Safety Mode: SAFE_HOLD, Override: Safe hold mode active
2025-05-28 04:02:18,364 - INFO - [AUDIT] - Action: 0, Confidence: 1.0000, Safety Mode: SAFE_HOLD, Override: Safe hold mode active
2025-05-28 04:02:18,364 - INFO - [AUDIT] - Action: 0, Confidence: 1.0000, Safety Mode: SAFE_HOLD, Override: Safe hold mode active
2025-05-28 04:02:18,364 - INFO - [AUDIT] - Action: 0, Confidence: 1.0000, Safety Mode: SAFE_HOLD, Override: Safe hold mode active
2025-05-28 04:02:18,364 - INFO - [AUDIT] - Action: 0, Confidence: 1.0000, Safety Mode: SAFE_HOLD, Override: Safe hold mode active
2025-05-28 04:02:18,365 - INFO - [AUDIT] - Action: 0, Confidence: 1.0000, Safety Mode: SAFE_HOLD, Override: Safe hold mode active
2025-05-28 04:02:18,365 - INFO - [AUDIT] - Action: 0, Confidence: 1.0000, Safety Mode: SAFE_HOLD, Override: Safe hold mode active
2025-05-28 04:02:18,365 - INFO - [AUDIT] - Action: 0, Confidence: 1.0000, Safety Mode: SAFE_HOLD, Override: Safe hold mode active
2025-05-28 04:02:18,365 - INFO - [AUDIT] - Action: 0, Confidence: 1.0000, Safety Mode: SAFE_HOLD, Override: Safe hold mode active
2025-05-28 04:02:18,365 - INFO - [AUDIT] - Action: 0, Confidence: 1.0000, Safety Mode: SAFE_HOLD, Override: Safe hold mode active
2025-05-28 04:02:18,366 - INFO - [AUDIT] - Action: 0, Confidence: 1.0000, Safety Mode: SAFE_HOLD, Override: Safe hold mode active
2025-05-28 04:02:18,366 - INFO - [AUDIT] - Action: 0, Confidence: 1.0000, Safety Mode: SAFE_HOLD, Override: Safe hold mode active
2025-05-28 04:02:18,366 - INFO - [AUDIT] - Action: 0, Confidence: 1.0000, Safety Mode: SAFE_HOLD, Override: Safe hold mode active
2025-05-28 04:02:18,366 - INFO - [AUDIT] - Action: 0, Confidence: 1.0000, Safety Mode: SAFE_HOLD, Override: Safe hold mode active
2025-05-28 04:02:18,366 - INFO - [AUDIT] - Action: 0, Confidence: 1.0000, Safety Mode: SAFE_HOLD, Override: Safe hold mode active
2025-05-28 04:02:18,367 - INFO - [AUDIT] - Action: 0, Confidence: 1.0000, Safety Mode: SAFE_HOLD, Override: Safe hold mode active
2025-05-28 04:02:18,367 - INFO - [AUDIT] - Action: 0, Confidence: 1.0000, Safety Mode: SAFE_HOLD, Override: Safe hold mode active
2025-05-28 04:02:18,367 - INFO - [AUDIT] - Action: 0, Confidence: 1.0000, Safety Mode: SAFE_HOLD, Override: Safe hold mode active
2025-05-28 04:02:18,367 - INFO - [AUDIT] - Action: 0, Confidence: 1.0000, Safety Mode: SAFE_HOLD, Override: Safe hold mode active
2025-05-28 04:02:18,367 - INFO - [AUDIT] - Action: 0, Confidence: 1.0000, Safety Mode: SAFE_HOLD, Override: Safe hold mode active
2025-05-28 04:02:18,368 - INFO - [AUDIT] - Action: 0, Confidence: 1.0000, Safety Mode: SAFE_HOLD, Override: Safe hold mode active
2025-05-28 04:02:18,368 - INFO - [AUDIT] - Action: 0, Confidence: 1.0000, Safety Mode: SAFE_HOLD, Override: Safe hold mode active
2025-05-28 04:02:18,368 - INFO - [AUDIT] - Action: 0, Confidence: 1.0000, Safety Mode: SAFE_HOLD, Override: Safe hold mode active
2025-05-28 04:02:18,368 - INFO - [AUDIT] - Action: 0, Confidence: 1.0000, Safety Mode: SAFE_HOLD, Override: Safe hold mode active
2025-05-28 04:02:18,369 - INFO - [AUDIT] - Action: 0, Confidence: 1.0000, Safety Mode: SAFE_HOLD, Override: Safe hold mode active
2025-05-28 04:02:18,369 - INFO - [AUDIT] - Action: 0, Confidence: 1.0000, Safety Mode: SAFE_HOLD, Override: Safe hold mode active
2025-05-28 04:02:18,369 - INFO - [AUDIT] - Action: 0, Confidence: 1.0000, Safety Mode: SAFE_HOLD, Override: Safe hold mode active
2025-05-28 04:02:18,369 - INFO - [AUDIT] - Action: 0, Confidence: 1.0000, Safety Mode: SAFE_HOLD, Override: Safe hold mode active
2025-05-28 04:02:18,369 - INFO - [AUDIT] - Action: 0, Confidence: 1.0000, Safety Mode: SAFE_HOLD, Override: Safe hold mode active
2025-05-28 04:02:18,369 - INFO - [AUDIT] - Action: 0, Confidence: 1.0000, Safety Mode: SAFE_HOLD, Override: Safe hold mode active
2025-05-28 04:02:18,370 - INFO - [AUDIT] - Action: 0, Confidence: 1.0000, Safety Mode: SAFE_HOLD, Override: Safe hold mode active
2025-05-28 04:02:18,370 - INFO - [AUDIT] - Action: 0, Confidence: 1.0000, Safety Mode: SAFE_HOLD, Override: Safe hold mode active
2025-05-28 04:02:18,370 - INFO - [AUDIT] - Action: 0, Confidence: 1.0000, Safety Mode: SAFE_HOLD, Override: Safe hold mode active
2025-05-28 04:02:18,370 - INFO - [AUDIT] - Action: 0, Confidence: 1.0000, Safety Mode: SAFE_HOLD, Override: Safe hold mode active
2025-05-28 04:02:18,370 - INFO - [AUDIT] - Action: 0, Confidence: 1.0000, Safety Mode: SAFE_HOLD, Override: Safe hold mode active
2025-05-28 04:02:18,371 - INFO - [AUDIT] - Action: 0, Confidence: 1.0000, Safety Mode: SAFE_HOLD, Override: Safe hold mode active
2025-05-28 04:02:18,371 - INFO - [AUDIT] - Action: 0, Confidence: 1.0000, Safety Mode: SAFE_HOLD, Override: Safe hold mode active
2025-05-28 04:02:18,371 - INFO - [AUDIT] - Action: 0, Confidence: 1.0000, Safety Mode: SAFE_HOLD, Override: Safe hold mode active
2025-05-28 04:02:18,371 - INFO - [AUDIT] - Action: 0, Confidence: 1.0000, Safety Mode: SAFE_HOLD, Override: Safe hold mode active
2025-05-28 04:02:18,371 - INFO - [AUDIT] - Action: 0, Confidence: 1.0000, Safety Mode: SAFE_HOLD, Override: Safe hold mode active
2025-05-28 04:02:18,372 - INFO - [AUDIT] - Action: 0, Confidence: 1.0000, Safety Mode: SAFE_HOLD, Override: Safe hold mode active
2025-05-28 04:02:18,372 - INFO - [AUDIT] - Action: 0, Confidence: 1.0000, Safety Mode: SAFE_HOLD, Override: Safe hold mode active
2025-05-28 04:02:18,372 - INFO - [AUDIT] - Action: 0, Confidence: 1.0000, Safety Mode: SAFE_HOLD, Override: Safe hold mode active
2025-05-28 04:02:18,372 - INFO - [AUDIT] - Action: 0, Confidence: 1.0000, Safety Mode: SAFE_HOLD, Override: Safe hold mode active
2025-05-28 04:02:18,373 - INFO - [AUDIT] - Action: 0, Confidence: 1.0000, Safety Mode: SAFE_HOLD, Override: Safe hold mode active
2025-05-28 04:02:18,373 - INFO - [AUDIT] - Action: 0, Confidence: 1.0000, Safety Mode: SAFE_HOLD, Override: Safe hold mode active
2025-05-28 04:02:18,373 - INFO - [AUDIT] - Action: 0, Confidence: 1.0000, Safety Mode: SAFE_HOLD, Override: Safe hold mode active
2025-05-28 04:02:18,373 - INFO - [AUDIT] - Action: 0, Confidence: 1.0000, Safety Mode: SAFE_HOLD, Override: Safe hold mode active
2025-05-28 04:02:18,373 - INFO - [AUDIT] - Action: 0, Confidence: 1.0000, Safety Mode: SAFE_HOLD, Override: Safe hold mode active
2025-05-28 04:02:18,374 - INFO - [AUDIT] - Action: 0, Confidence: 1.0000, Safety Mode: SAFE_HOLD, Override: Safe hold mode active
2025-05-28 04:02:18,374 - INFO - [AUDIT] - Action: 0, Confidence: 1.0000, Safety Mode: SAFE_HOLD, Override: Safe hold mode active
2025-05-28 04:02:18,374 - INFO - [AUDIT] - Action: 0, Confidence: 1.0000, Safety Mode: SAFE_HOLD, Override: Safe hold mode active
2025-05-28 04:02:18,374 - INFO - [AUDIT] - Action: 0, Confidence: 1.0000, Safety Mode: SAFE_HOLD, Override: Safe hold mode active
2025-05-28 04:02:18,374 - INFO - [AUDIT] - Action: 0, Confidence: 1.0000, Safety Mode: SAFE_HOLD, Override: Safe hold mode active
2025-05-28 04:02:18,375 - INFO - [AUDIT] - Action: 0, Confidence: 1.0000, Safety Mode: SAFE_HOLD, Override: Safe hold mode active
2025-05-28 04:02:18,375 - INFO - [AUDIT] - Action: 0, Confidence: 1.0000, Safety Mode: SAFE_HOLD, Override: Safe hold mode active
2025-05-28 04:02:18,375 - INFO - [AUDIT] - Action: 0, Confidence: 1.0000, Safety Mode: SAFE_HOLD, Override: Safe hold mode active
2025-05-28 04:02:18,375 - INFO - [AUDIT] - Action: 0, Confidence: 1.0000, Safety Mode: SAFE_HOLD, Override: Safe hold mode active
2025-05-28 04:02:18,375 - INFO - [AUDIT] - Action: 0, Confidence: 1.0000, Safety Mode: SAFE_HOLD, Override: Safe hold mode active
2025-05-28 04:02:18,376 - INFO - [AUDIT] - Action: 0, Confidence: 1.0000, Safety Mode: SAFE_HOLD, Override: Safe hold mode active
2025-05-28 04:02:18,376 - INFO - [AUDIT] - Action: 0, Confidence: 1.0000, Safety Mode: SAFE_HOLD, Override: Safe hold mode active
2025-05-28 04:02:18,376 - INFO - [AUDIT] - Action: 0, Confidence: 1.0000, Safety Mode: SAFE_HOLD, Override: Safe hold mode active
2025-05-28 04:02:18,376 - INFO - [AUDIT] - Action: 0, Confidence: 1.0000, Safety Mode: SAFE_HOLD, Override: Safe hold mode active
2025-05-28 04:02:18,376 - INFO - [AUDIT] - Action: 0, Confidence: 1.0000, Safety Mode: SAFE_HOLD, Override: Safe hold mode active
2025-05-28 04:02:18,377 - INFO - [AUDIT] - Action: 0, Confidence: 1.0000, Safety Mode: SAFE_HOLD, Override: Safe hold mode active
2025-05-28 04:02:18,377 - INFO - [AUDIT] - Action: 0, Confidence: 1.0000, Safety Mode: SAFE_HOLD, Override: Safe hold mode active
2025-05-28 04:02:18,377 - INFO - [AUDIT] - Action: 0, Confidence: 1.0000, Safety Mode: SAFE_HOLD, Override: Safe hold mode active
2025-05-28 04:02:18,377 - INFO - [AUDIT] - Action: 0, Confidence: 1.0000, Safety Mode: SAFE_HOLD, Override: Safe hold mode active
2025-05-28 04:02:18,377 - INFO - [AUDIT] - Action: 0, Confidence: 1.0000, Safety Mode: SAFE_HOLD, Override: Safe hold mode active
2025-05-28 04:02:18,378 - INFO - [AUDIT] - Action: 0, Confidence: 1.0000, Safety Mode: SAFE_HOLD, Override: Safe hold mode active
2025-05-28 04:02:18,378 - INFO - [AUDIT] - Action: 0, Confidence: 1.0000, Safety Mode: SAFE_HOLD, Override: Safe hold mode active
2025-05-28 04:02:18,378 - INFO - [AUDIT] - Action: 0, Confidence: 1.0000, Safety Mode: SAFE_HOLD, Override: Safe hold mode active
2025-05-28 04:02:18,378 - INFO - [AUDIT] - Action: 0, Confidence: 1.0000, Safety Mode: SAFE_HOLD, Override: Safe hold mode active
2025-05-28 04:02:18,378 - INFO - [AUDIT] - Action: 0, Confidence: 1.0000, Safety Mode: SAFE_HOLD, Override: Safe hold mode active
2025-05-28 04:02:18,379 - INFO - [AUDIT] - Action: 0, Confidence: 1.0000, Safety Mode: SAFE_HOLD, Override: Safe hold mode active
2025-05-28 04:02:18,379 - INFO - [AUDIT] - Action: 0, Confidence: 1.0000, Safety Mode: SAFE_HOLD, Override: Safe hold mode active
2025-05-28 04:02:18,379 - INFO - [AUDIT] - Action: 0, Confidence: 1.0000, Safety Mode: SAFE_HOLD, Override: Safe hold mode active
2025-05-28 04:02:18,379 - INFO - [AUDIT] - Action: 0, Confidence: 1.0000, Safety Mode: SAFE_HOLD, Override: Safe hold mode active
2025-05-28 04:02:18,379 - INFO - [AUDIT] - Action: 0, Confidence: 1.0000, Safety Mode: SAFE_HOLD, Override: Safe hold mode active
2025-05-28 04:02:18,380 - INFO - [AUDIT] - Action: 0, Confidence: 1.0000, Safety Mode: SAFE_HOLD, Override: Safe hold mode active
2025-05-28 04:02:18,380 - INFO - [AUDIT] - Action: 0, Confidence: 1.0000, Safety Mode: SAFE_HOLD, Override: Safe hold mode active
2025-05-28 04:02:18,380 - INFO - [AUDIT] - Action: 0, Confidence: 1.0000, Safety Mode: SAFE_HOLD, Override: Safe hold mode active
2025-05-28 04:02:18,380 - INFO - [AUDIT] - Action: 0, Confidence: 1.0000, Safety Mode: SAFE_HOLD, Override: Safe hold mode active
2025-05-28 04:02:18,380 - INFO - [AUDIT] - Action: 0, Confidence: 1.0000, Safety Mode: SAFE_HOLD, Override: Safe hold mode active
2025-05-28 04:02:18,380 - INFO - [AUDIT] - Action: 0, Confidence: 1.0000, Safety Mode: SAFE_HOLD, Override: Safe hold mode active
2025-05-28 04:02:18,381 - INFO - [AUDIT] - Action: 0, Confidence: 1.0000, Safety Mode: SAFE_HOLD, Override: Safe hold mode active
2025-05-28 04:02:18,381 - INFO - [AUDIT] - Action: 0, Confidence: 1.0000, Safety Mode: SAFE_HOLD, Override: Safe hold mode active
2025-05-28 04:02:18,381 - INFO - [AUDIT] - Action: 0, Confidence: 1.0000, Safety Mode: SAFE_HOLD, Override: Safe hold mode active
2025-05-28 04:02:18,381 - INFO - [AUDIT] - Action: 0, Confidence: 1.0000, Safety Mode: SAFE_HOLD, Override: Safe hold mode active
2025-05-28 04:02:18,381 - INFO - [AUDIT] - Action: 0, Confidence: 1.0000, Safety Mode: SAFE_HOLD, Override: Safe hold mode active
2025-05-28 04:02:18,382 - INFO - [AUDIT] - Action: 0, Confidence: 1.0000, Safety Mode: SAFE_HOLD, Override: Safe hold mode active
2025-05-28 04:02:18,382 - INFO - [AUDIT] - Action: 0, Confidence: 1.0000, Safety Mode: SAFE_HOLD, Override: Safe hold mode active
2025-05-28 04:02:18,382 - INFO - [AUDIT] - Action: 0, Confidence: 1.0000, Safety Mode: SAFE_HOLD, Override: Safe hold mode active
2025-05-28 04:02:18,382 - INFO - [AUDIT] - Action: 0, Confidence: 1.0000, Safety Mode: SAFE_HOLD, Override: Safe hold mode active
2025-05-28 04:02:18,382 - INFO - [AUDIT] - Action: 0, Confidence: 1.0000, Safety Mode: SAFE_HOLD, Override: Safe hold mode active
2025-05-28 04:02:18,383 - INFO - [AUDIT] - Action: 0, Confidence: 1.0000, Safety Mode: SAFE_HOLD, Override: Safe hold mode active
2025-05-28 04:02:18,383 - INFO - [AUDIT] - Action: 0, Confidence: 1.0000, Safety Mode: SAFE_HOLD, Override: Safe hold mode active
2025-05-28 04:02:18,383 - INFO - [AUDIT] - Action: 0, Confidence: 1.0000, Safety Mode: SAFE_HOLD, Override: Safe hold mode active
2025-05-28 04:02:18,383 - INFO - [AUDIT] - Action: 0, Confidence: 1.0000, Safety Mode: SAFE_HOLD, Override: Safe hold mode active
2025-05-28 04:02:18,383 - INFO - [AUDIT] - Action: 0, Confidence: 1.0000, Safety Mode: SAFE_HOLD, Override: Safe hold mode active
2025-05-28 04:02:18,384 - INFO - [AUDIT] - Action: 0, Confidence: 1.0000, Safety Mode: SAFE_HOLD, Override: Safe hold mode active
2025-05-28 04:02:18,384 - INFO - [AUDIT] - Action: 0, Confidence: 1.0000, Safety Mode: SAFE_HOLD, Override: Safe hold mode active
2025-05-28 04:02:18,384 - INFO - [AUDIT] - Action: 0, Confidence: 1.0000, Safety Mode: SAFE_HOLD, Override: Safe hold mode active
2025-05-28 04:02:18,384 - INFO - [AUDIT] - Action: 0, Confidence: 1.0000, Safety Mode: SAFE_HOLD, Override: Safe hold mode active
2025-05-28 04:02:18,384 - INFO - [AUDIT] - Action: 0, Confidence: 1.0000, Safety Mode: SAFE_HOLD, Override: Safe hold mode active
2025-05-28 04:02:18,385 - INFO - [AUDIT] - Action: 0, Confidence: 1.0000, Safety Mode: SAFE_HOLD, Override: Safe hold mode active
2025-05-28 04:02:18,385 - INFO - [AUDIT] - Action: 0, Confidence: 1.0000, Safety Mode: SAFE_HOLD, Override: Safe hold mode active
2025-05-28 04:02:18,385 - INFO - [AUDIT] - Action: 0, Confidence: 1.0000, Safety Mode: SAFE_HOLD, Override: Safe hold mode active
2025-05-28 04:02:18,385 - INFO - [AUDIT] - Action: 0, Confidence: 1.0000, Safety Mode: SAFE_HOLD, Override: Safe hold mode active
2025-05-28 04:02:18,385 - INFO - [AUDIT] - Action: 0, Confidence: 1.0000, Safety Mode: SAFE_HOLD, Override: Safe hold mode active
2025-05-28 04:02:18,385 - INFO - [AUDIT] - Action: 0, Confidence: 1.0000, Safety Mode: SAFE_HOLD, Override: Safe hold mode active
2025-05-28 04:02:18,386 - INFO - [AUDIT] - Action: 0, Confidence: 1.0000, Safety Mode: SAFE_HOLD, Override: Safe hold mode active
2025-05-28 04:02:18,386 - INFO - [AUDIT] - Action: 0, Confidence: 1.0000, Safety Mode: SAFE_HOLD, Override: Safe hold mode active
2025-05-28 04:02:18,386 - INFO - [AUDIT] - Action: 0, Confidence: 1.0000, Safety Mode: SAFE_HOLD, Override: Safe hold mode active
2025-05-28 04:02:18,386 - INFO - [AUDIT] - Action: 0, Confidence: 1.0000, Safety Mode: SAFE_HOLD, Override: Safe hold mode active
2025-05-28 04:02:18,386 - INFO - [AUDIT] - Action: 0, Confidence: 1.0000, Safety Mode: SAFE_HOLD, Override: Safe hold mode active
2025-05-28 04:02:18,387 - INFO - [AUDIT] - Action: 0, Confidence: 1.0000, Safety Mode: SAFE_HOLD, Override: Safe hold mode active
2025-05-28 04:02:18,387 - INFO - [AUDIT] - Action: 0, Confidence: 1.0000, Safety Mode: SAFE_HOLD, Override: Safe hold mode active
2025-05-28 04:02:18,387 - INFO - [AUDIT] - Action: 0, Confidence: 1.0000, Safety Mode: SAFE_HOLD, Override: Safe hold mode active
2025-05-28 04:02:18,387 - INFO - [AUDIT] - Action: 0, Confidence: 1.0000, Safety Mode: SAFE_HOLD, Override: Safe hold mode active
2025-05-28 04:02:18,387 - INFO - [AUDIT] - Action: 0, Confidence: 1.0000, Safety Mode: SAFE_HOLD, Override: Safe hold mode active
2025-05-28 04:02:18,388 - INFO - [AUDIT] - Action: 0, Confidence: 1.0000, Safety Mode: SAFE_HOLD, Override: Safe hold mode active
2025-05-28 04:02:18,388 - INFO - [AUDIT] - Action: 0, Confidence: 1.0000, Safety Mode: SAFE_HOLD, Override: Safe hold mode active
2025-05-28 04:02:18,388 - INFO - [AUDIT] - Action: 0, Confidence: 1.0000, Safety Mode: SAFE_HOLD, Override: Safe hold mode active
2025-05-28 04:02:18,388 - INFO - [AUDIT] - Action: 0, Confidence: 1.0000, Safety Mode: SAFE_HOLD, Override: Safe hold mode active
2025-05-28 04:02:18,388 - INFO - [AUDIT] - Action: 0, Confidence: 1.0000, Safety Mode: SAFE_HOLD, Override: Safe hold mode active
2025-05-28 04:02:18,389 - INFO - [AUDIT] - Action: 0, Confidence: 1.0000, Safety Mode: SAFE_HOLD, Override: Safe hold mode active
2025-05-28 04:02:18,389 - INFO - [AUDIT] - Action: 0, Confidence: 1.0000, Safety Mode: SAFE_HOLD, Override: Safe hold mode active
2025-05-28 04:02:18,389 - INFO - [AUDIT] - Action: 0, Confidence: 1.0000, Safety Mode: SAFE_HOLD, Override: Safe hold mode active
2025-05-28 04:02:18,389 - INFO - [AUDIT] - Action: 0, Confidence: 1.0000, Safety Mode: SAFE_HOLD, Override: Safe hold mode active
2025-05-28 04:02:18,389 - INFO - [AUDIT] - Action: 0, Confidence: 1.0000, Safety Mode: SAFE_HOLD, Override: Safe hold mode active
2025-05-28 04:02:18,390 - INFO - [AUDIT] - Action: 0, Confidence: 1.0000, Safety Mode: SAFE_HOLD, Override: Safe hold mode active
2025-05-28 04:02:18,390 - INFO - [AUDIT] - Action: 0, Confidence: 1.0000, Safety Mode: SAFE_HOLD, Override: Safe hold mode active
2025-05-28 04:02:18,390 - INFO - [AUDIT] - Action: 0, Confidence: 1.0000, Safety Mode: SAFE_HOLD, Override: Safe hold mode active
2025-05-28 04:02:18,390 - INFO - [AUDIT] - Action: 0, Confidence: 1.0000, Safety Mode: SAFE_HOLD, Override: Safe hold mode active
2025-05-28 04:02:18,390 - INFO - [AUDIT] - Action: 0, Confidence: 1.0000, Safety Mode: SAFE_HOLD, Override: Safe hold mode active
2025-05-28 04:02:18,391 - INFO - [AUDIT] - Action: 0, Confidence: 1.0000, Safety Mode: SAFE_HOLD, Override: Safe hold mode active
2025-05-28 04:02:18,391 - INFO - [AUDIT] - Action: 0, Confidence: 1.0000, Safety Mode: SAFE_HOLD, Override: Safe hold mode active
2025-05-28 04:02:18,391 - INFO - [AUDIT] - Action: 0, Confidence: 1.0000, Safety Mode: SAFE_HOLD, Override: Safe hold mode active
2025-05-28 04:02:18,391 - INFO - [AUDIT] - Action: 0, Confidence: 1.0000, Safety Mode: SAFE_HOLD, Override: Safe hold mode active
2025-05-28 04:02:18,391 - INFO - [AUDIT] - Action: 0, Confidence: 1.0000, Safety Mode: SAFE_HOLD, Override: Safe hold mode active
2025-05-28 04:02:18,392 - INFO - [AUDIT] - Action: 0, Confidence: 1.0000, Safety Mode: SAFE_HOLD, Override: Safe hold mode active
2025-05-28 04:02:18,392 - INFO - [AUDIT] - Action: 0, Confidence: 1.0000, Safety Mode: SAFE_HOLD, Override: Safe hold mode active
2025-05-28 04:02:18,392 - INFO - [AUDIT] - Action: 0, Confidence: 1.0000, Safety Mode: SAFE_HOLD, Override: Safe hold mode active
2025-05-28 04:02:18,392 - INFO - [AUDIT] - Action: 0, Confidence: 1.0000, Safety Mode: SAFE_HOLD, Override: Safe hold mode active
2025-05-28 04:02:18,392 - INFO - [AUDIT] - Action: 0, Confidence: 1.0000, Safety Mode: SAFE_HOLD, Override: Safe hold mode active
2025-05-28 04:02:18,393 - INFO - [AUDIT] - Action: 0, Confidence: 1.0000, Safety Mode: SAFE_HOLD, Override: Safe hold mode active
2025-05-28 04:02:18,393 - INFO - [AUDIT] - Action: 0, Confidence: 1.0000, Safety Mode: SAFE_HOLD, Override: Safe hold mode active
2025-05-28 04:02:18,393 - INFO - [AUDIT] - Action: 0, Confidence: 1.0000, Safety Mode: SAFE_HOLD, Override: Safe hold mode active
2025-05-28 04:02:18,393 - INFO - [AUDIT] - Action: 0, Confidence: 1.0000, Safety Mode: SAFE_HOLD, Override: Safe hold mode active
2025-05-28 04:02:18,393 - INFO - [AUDIT] - Action: 0, Confidence: 1.0000, Safety Mode: SAFE_HOLD, Override: Safe hold mode active
2025-05-28 04:02:18,394 - INFO - [AUDIT] - Action: 0, Confidence: 1.0000, Safety Mode: SAFE_HOLD, Override: Safe hold mode active
2025-05-28 04:02:18,394 - INFO - [AUDIT] - Action: 0, Confidence: 1.0000, Safety Mode: SAFE_HOLD, Override: Safe hold mode active
2025-05-28 04:02:18,394 - INFO - [AUDIT] - Action: 0, Confidence: 1.0000, Safety Mode: SAFE_HOLD, Override: Safe hold mode active
2025-05-28 04:02:18,394 - INFO - [AUDIT] - Action: 0, Confidence: 1.0000, Safety Mode: SAFE_HOLD, Override: Safe hold mode active
2025-05-28 04:02:18,394 - INFO - [AUDIT] - Action: 0, Confidence: 1.0000, Safety Mode: SAFE_HOLD, Override: Safe hold mode active
2025-05-28 04:02:18,394 - INFO - [AUDIT] - Action: 0, Confidence: 1.0000, Safety Mode: SAFE_HOLD, Override: Safe hold mode active
2025-05-28 04:02:18,395 - INFO - [AUDIT] - Action: 0, Confidence: 1.0000, Safety Mode: SAFE_HOLD, Override: Safe hold mode active
2025-05-28 04:02:18,395 - INFO - [AUDIT] - Action: 0, Confidence: 1.0000, Safety Mode: SAFE_HOLD, Override: Safe hold mode active
2025-05-28 04:02:18,395 - INFO - [AUDIT] - Action: 0, Confidence: 1.0000, Safety Mode: SAFE_HOLD, Override: Safe hold mode active
2025-05-28 04:02:18,395 - INFO - [AUDIT] - Action: 0, Confidence: 1.0000, Safety Mode: SAFE_HOLD, Override: Safe hold mode active
2025-05-28 04:02:18,395 - INFO - [AUDIT] - Action: 0, Confidence: 1.0000, Safety Mode: SAFE_HOLD, Override: Safe hold mode active
2025-05-28 04:02:18,396 - INFO - [AUDIT] - Action: 0, Confidence: 1.0000, Safety Mode: SAFE_HOLD, Override: Safe hold mode active
2025-05-28 04:02:18,396 - INFO - [AUDIT] - Action: 0, Confidence: 1.0000, Safety Mode: SAFE_HOLD, Override: Safe hold mode active
2025-05-28 04:02:18,396 - INFO - [AUDIT] - Action: 0, Confidence: 1.0000, Safety Mode: SAFE_HOLD, Override: Safe hold mode active
2025-05-28 04:02:18,396 - INFO - [AUDIT] - Action: 0, Confidence: 1.0000, Safety Mode: SAFE_HOLD, Override: Safe hold mode active
2025-05-28 04:02:18,396 - INFO - [AUDIT] - Action: 0, Confidence: 1.0000, Safety Mode: SAFE_HOLD, Override: Safe hold mode active
2025-05-28 04:02:18,397 - INFO - [AUDIT] - Action: 0, Confidence: 1.0000, Safety Mode: SAFE_HOLD, Override: Safe hold mode active
2025-05-28 04:02:18,397 - INFO - [AUDIT] - Action: 0, Confidence: 1.0000, Safety Mode: SAFE_HOLD, Override: Safe hold mode active
2025-05-28 04:02:18,397 - INFO - [AUDIT] - Action: 0, Confidence: 1.0000, Safety Mode: SAFE_HOLD, Override: Safe hold mode active
2025-05-28 04:02:18,397 - INFO - [AUDIT] - Action: 0, Confidence: 1.0000, Safety Mode: SAFE_HOLD, Override: Safe hold mode active
2025-05-28 04:02:18,397 - INFO - [AUDIT] - Action: 0, Confidence: 1.0000, Safety Mode: SAFE_HOLD, Override: Safe hold mode active
2025-05-28 04:02:18,398 - INFO - [AUDIT] - Action: 0, Confidence: 1.0000, Safety Mode: SAFE_HOLD, Override: Safe hold mode active
2025-05-28 04:02:18,398 - INFO - [AUDIT] - Action: 0, Confidence: 1.0000, Safety Mode: SAFE_HOLD, Override: Safe hold mode active
2025-05-28 04:02:18,398 - INFO - [AUDIT] - Action: 0, Confidence: 1.0000, Safety Mode: SAFE_HOLD, Override: Safe hold mode active
2025-05-28 04:02:18,398 - INFO - [AUDIT] - Action: 0, Confidence: 1.0000, Safety Mode: SAFE_HOLD, Override: Safe hold mode active
2025-05-28 04:02:18,398 - INFO - [AUDIT] - Action: 0, Confidence: 1.0000, Safety Mode: SAFE_HOLD, Override: Safe hold mode active
2025-05-28 04:02:18,399 - INFO - [AUDIT] - Action: 0, Confidence: 1.0000, Safety Mode: SAFE_HOLD, Override: Safe hold mode active
2025-05-28 04:02:18,399 - INFO - [AUDIT] - Action: 0, Confidence: 1.0000, Safety Mode: SAFE_HOLD, Override: Safe hold mode active
2025-05-28 04:02:18,399 - INFO - [AUDIT] - Action: 0, Confidence: 1.0000, Safety Mode: SAFE_HOLD, Override: Safe hold mode active
2025-05-28 04:02:18,399 - INFO - [AUDIT] - Action: 0, Confidence: 1.0000, Safety Mode: SAFE_HOLD, Override: Safe hold mode active
2025-05-28 04:02:18,399 - INFO - [AUDIT] - Action: 0, Confidence: 1.0000, Safety Mode: SAFE_HOLD, Override: Safe hold mode active
2025-05-28 04:02:18,400 - INFO - [AUDIT] - Action: 0, Confidence: 1.0000, Safety Mode: SAFE_HOLD, Override: Safe hold mode active
2025-05-28 04:02:18,400 - INFO - [AUDIT] - Action: 0, Confidence: 1.0000, Safety Mode: SAFE_HOLD, Override: Safe hold mode active
2025-05-28 04:02:18,400 - INFO - [AUDIT] - Action: 0, Confidence: 1.0000, Safety Mode: SAFE_HOLD, Override: Safe hold mode active
2025-05-28 04:02:18,400 - INFO - [AUDIT] - Action: 0, Confidence: 1.0000, Safety Mode: SAFE_HOLD, Override: Safe hold mode active
2025-05-28 04:02:18,400 - INFO - [AUDIT] - Action: 0, Confidence: 1.0000, Safety Mode: SAFE_HOLD, Override: Safe hold mode active
2025-05-28 04:02:18,401 - INFO - [AUDIT] - Action: 0, Confidence: 1.0000, Safety Mode: SAFE_HOLD, Override: Safe hold mode active
2025-05-28 04:02:18,401 - INFO - [AUDIT] - Action: 0, Confidence: 1.0000, Safety Mode: SAFE_HOLD, Override: Safe hold mode active
2025-05-28 04:02:18,401 - INFO - [AUDIT] - Action: 0, Confidence: 1.0000, Safety Mode: SAFE_HOLD, Override: Safe hold mode active
2025-05-28 04:02:18,401 - INFO - [AUDIT] - Action: 0, Confidence: 1.0000, Safety Mode: SAFE_HOLD, Override: Safe hold mode active
2025-05-28 04:02:18,401 - INFO - [AUDIT] - Action: 0, Confidence: 1.0000, Safety Mode: SAFE_HOLD, Override: Safe hold mode active
2025-05-28 04:02:18,402 - INFO - [AUDIT] - Action: 0, Confidence: 1.0000, Safety Mode: SAFE_HOLD, Override: Safe hold mode active
2025-05-28 04:02:18,402 - INFO - [AUDIT] - Action: 0, Confidence: 1.0000, Safety Mode: SAFE_HOLD, Override: Safe hold mode active
2025-05-28 04:02:18,402 - INFO - [AUDIT] - Action: 0, Confidence: 1.0000, Safety Mode: SAFE_HOLD, Override: Safe hold mode active
2025-05-28 04:02:18,402 - INFO - [AUDIT] - Action: 0, Confidence: 1.0000, Safety Mode: SAFE_HOLD, Override: Safe hold mode active
2025-05-28 04:02:18,402 - INFO - [AUDIT] - Action: 0, Confidence: 1.0000, Safety Mode: SAFE_HOLD, Override: Safe hold mode active
2025-05-28 04:02:18,403 - INFO - [AUDIT] - Action: 0, Confidence: 1.0000, Safety Mode: SAFE_HOLD, Override: Safe hold mode active
2025-05-28 04:02:18,403 - INFO - [AUDIT] - Action: 0, Confidence: 1.0000, Safety Mode: SAFE_HOLD, Override: Safe hold mode active
2025-05-28 04:02:18,403 - INFO - [AUDIT] - Action: 0, Confidence: 1.0000, Safety Mode: SAFE_HOLD, Override: Safe hold mode active
2025-05-28 04:02:18,403 - INFO - [AUDIT] - Action: 0, Confidence: 1.0000, Safety Mode: SAFE_HOLD, Override: Safe hold mode active
2025-05-28 04:02:18,403 - INFO - [AUDIT] - Action: 0, Confidence: 1.0000, Safety Mode: SAFE_HOLD, Override: Safe hold mode active
2025-05-28 04:02:18,404 - INFO - [AUDIT] - Action: 0, Confidence: 1.0000, Safety Mode: SAFE_HOLD, Override: Safe hold mode active
2025-05-28 04:02:18,404 - INFO - [AUDIT] - Action: 0, Confidence: 1.0000, Safety Mode: SAFE_HOLD, Override: Safe hold mode active
2025-05-28 04:02:18,404 - INFO - [AUDIT] - Action: 0, Confidence: 1.0000, Safety Mode: SAFE_HOLD, Override: Safe hold mode active
2025-05-28 04:02:18,404 - INFO - [AUDIT] - Action: 0, Confidence: 1.0000, Safety Mode: SAFE_HOLD, Override: Safe hold mode active
2025-05-28 04:02:18,404 - INFO - [AUDIT] - Action: 0, Confidence: 1.0000, Safety Mode: SAFE_HOLD, Override: Safe hold mode active
2025-05-28 04:02:18,405 - INFO - [AUDIT] - Action: 0, Confidence: 1.0000, Safety Mode: SAFE_HOLD, Override: Safe hold mode active
2025-05-28 04:02:18,405 - INFO - [AUDIT] - Action: 0, Confidence: 1.0000, Safety Mode: SAFE_HOLD, Override: Safe hold mode active
2025-05-28 04:02:18,405 - INFO - [AUDIT] - Action: 0, Confidence: 1.0000, Safety Mode: SAFE_HOLD, Override: Safe hold mode active
2025-05-28 04:02:18,405 - INFO - [AUDIT] - Action: 0, Confidence: 1.0000, Safety Mode: SAFE_HOLD, Override: Safe hold mode active
2025-05-28 04:02:18,405 - INFO - [AUDIT] - Action: 0, Confidence: 1.0000, Safety Mode: SAFE_HOLD, Override: Safe hold mode active
2025-05-28 04:02:18,405 - INFO - [AUDIT] - Action: 0, Confidence: 1.0000, Safety Mode: SAFE_HOLD, Override: Safe hold mode active
2025-05-28 04:02:18,406 - INFO - [AUDIT] - Action: 0, Confidence: 1.0000, Safety Mode: SAFE_HOLD, Override: Safe hold mode active
2025-05-28 04:02:18,406 - INFO - [AUDIT] - Action: 0, Confidence: 1.0000, Safety Mode: SAFE_HOLD, Override: Safe hold mode active
2025-05-28 04:02:18,406 - INFO - [AUDIT] - Action: 0, Confidence: 1.0000, Safety Mode: SAFE_HOLD, Override: Safe hold mode active
2025-05-28 04:02:18,406 - INFO - [AUDIT] - Action: 0, Confidence: 1.0000, Safety Mode: SAFE_HOLD, Override: Safe hold mode active
2025-05-28 04:02:18,406 - INFO - [AUDIT] - Action: 0, Confidence: 1.0000, Safety Mode: SAFE_HOLD, Override: Safe hold mode active
2025-05-28 04:02:18,407 - INFO - [AUDIT] - Action: 0, Confidence: 1.0000, Safety Mode: SAFE_HOLD, Override: Safe hold mode active
2025-05-28 04:02:18,407 - INFO - [AUDIT] - Action: 0, Confidence: 1.0000, Safety Mode: SAFE_HOLD, Override: Safe hold mode active
2025-05-28 04:02:18,407 - INFO - [AUDIT] - Action: 0, Confidence: 1.0000, Safety Mode: SAFE_HOLD, Override: Safe hold mode active
2025-05-28 04:02:18,407 - INFO - [AUDIT] - Action: 0, Confidence: 1.0000, Safety Mode: SAFE_HOLD, Override: Safe hold mode active
2025-05-28 04:02:18,407 - INFO - [AUDIT] - Action: 0, Confidence: 1.0000, Safety Mode: SAFE_HOLD, Override: Safe hold mode active
2025-05-28 04:02:18,408 - INFO - [AUDIT] - Action: 0, Confidence: 1.0000, Safety Mode: SAFE_HOLD, Override: Safe hold mode active
2025-05-28 04:02:18,408 - INFO - [AUDIT] - Action: 0, Confidence: 1.0000, Safety Mode: SAFE_HOLD, Override: Safe hold mode active
2025-05-28 04:02:18,408 - INFO - [AUDIT] - Action: 0, Confidence: 1.0000, Safety Mode: SAFE_HOLD, Override: Safe hold mode active
2025-05-28 04:02:18,408 - INFO - [AUDIT] - Action: 0, Confidence: 1.0000, Safety Mode: SAFE_HOLD, Override: Safe hold mode active
2025-05-28 04:02:18,408 - INFO - [AUDIT] - Action: 0, Confidence: 1.0000, Safety Mode: SAFE_HOLD, Override: Safe hold mode active
2025-05-28 04:02:18,408 - INFO - [AUDIT] - Action: 0, Confidence: 1.0000, Safety Mode: SAFE_HOLD, Override: Safe hold mode active
2025-05-28 04:02:18,409 - INFO - [AUDIT] - Action: 0, Confidence: 1.0000, Safety Mode: SAFE_HOLD, Override: Safe hold mode active
2025-05-28 04:02:18,409 - INFO - [AUDIT] - Action: 0, Confidence: 1.0000, Safety Mode: SAFE_HOLD, Override: Safe hold mode active
2025-05-28 04:02:18,409 - INFO - [AUDIT] - Action: 0, Confidence: 1.0000, Safety Mode: SAFE_HOLD, Override: Safe hold mode active
2025-05-28 04:02:18,409 - INFO - [AUDIT] - Action: 0, Confidence: 1.0000, Safety Mode: SAFE_HOLD, Override: Safe hold mode active
2025-05-28 04:02:18,409 - INFO - [AUDIT] - Action: 0, Confidence: 1.0000, Safety Mode: SAFE_HOLD, Override: Safe hold mode active
2025-05-28 04:02:18,410 - INFO - [AUDIT] - Action: 0, Confidence: 1.0000, Safety Mode: SAFE_HOLD, Override: Safe hold mode active
2025-05-28 04:02:18,410 - INFO - [AUDIT] - Action: 0, Confidence: 1.0000, Safety Mode: SAFE_HOLD, Override: Safe hold mode active
2025-05-28 04:02:18,410 - INFO - [AUDIT] - Action: 0, Confidence: 1.0000, Safety Mode: SAFE_HOLD, Override: Safe hold mode active
2025-05-28 04:02:18,410 - INFO - [AUDIT] - Action: 0, Confidence: 1.0000, Safety Mode: SAFE_HOLD, Override: Safe hold mode active
2025-05-28 04:02:18,410 - INFO - [AUDIT] - Action: 0, Confidence: 1.0000, Safety Mode: SAFE_HOLD, Override: Safe hold mode active
2025-05-28 04:02:18,411 - INFO - [AUDIT] - Action: 0, Confidence: 1.0000, Safety Mode: SAFE_HOLD, Override: Safe hold mode active
2025-05-28 04:02:18,411 - INFO - [AUDIT] - Action: 0, Confidence: 1.0000, Safety Mode: SAFE_HOLD, Override: Safe hold mode active
2025-05-28 04:02:18,411 - INFO - [AUDIT] - Action: 0, Confidence: 1.0000, Safety Mode: SAFE_HOLD, Override: Safe hold mode active
2025-05-28 04:02:18,411 - INFO - [AUDIT] - Action: 0, Confidence: 1.0000, Safety Mode: SAFE_HOLD, Override: Safe hold mode active
2025-05-28 04:02:18,411 - INFO - [AUDIT] - Action: 0, Confidence: 1.0000, Safety Mode: SAFE_HOLD, Override: Safe hold mode active
2025-05-28 04:02:18,412 - INFO - [AUDIT] - Action: 0, Confidence: 1.0000, Safety Mode: SAFE_HOLD, Override: Safe hold mode active
2025-05-28 04:02:18,412 - INFO - [AUDIT] - Action: 0, Confidence: 1.0000, Safety Mode: SAFE_HOLD, Override: Safe hold mode active
2025-05-28 04:02:18,412 - INFO - [AUDIT] - Action: 0, Confidence: 1.0000, Safety Mode: SAFE_HOLD, Override: Safe hold mode active
2025-05-28 04:02:18,412 - INFO - [AUDIT] - Action: 0, Confidence: 1.0000, Safety Mode: SAFE_HOLD, Override: Safe hold mode active
2025-05-28 04:02:18,412 - INFO - [AUDIT] - Action: 0, Confidence: 1.0000, Safety Mode: SAFE_HOLD, Override: Safe hold mode active
2025-05-28 04:02:18,413 - INFO - [AUDIT] - Action: 0, Confidence: 1.0000, Safety Mode: SAFE_HOLD, Override: Safe hold mode active
2025-05-28 04:02:18,413 - INFO - [AUDIT] - Action: 0, Confidence: 1.0000, Safety Mode: SAFE_HOLD, Override: Safe hold mode active
2025-05-28 04:02:18,413 - INFO - [AUDIT] - Action: 0, Confidence: 1.0000, Safety Mode: SAFE_HOLD, Override: Safe hold mode active
2025-05-28 04:02:18,413 - INFO - [AUDIT] - Action: 0, Confidence: 1.0000, Safety Mode: SAFE_HOLD, Override: Safe hold mode active
2025-05-28 04:02:18,414 - INFO - [AUDIT] - Action: 0, Confidence: 1.0000, Safety Mode: SAFE_HOLD, Override: Safe hold mode active
2025-05-28 04:02:18,414 - INFO - [AUDIT] - Action: 0, Confidence: 1.0000, Safety Mode: SAFE_HOLD, Override: Safe hold mode active
2025-05-28 04:02:18,414 - INFO - [AUDIT] - Action: 0, Confidence: 1.0000, Safety Mode: SAFE_HOLD, Override: Safe hold mode active
2025-05-28 04:02:18,414 - INFO - [AUDIT] - Action: 0, Confidence: 1.0000, Safety Mode: SAFE_HOLD, Override: Safe hold mode active
2025-05-28 04:02:18,414 - INFO - [AUDIT] - Action: 0, Confidence: 1.0000, Safety Mode: SAFE_HOLD, Override: Safe hold mode active
2025-05-28 04:02:18,415 - INFO - [AUDIT] - Action: 0, Confidence: 1.0000, Safety Mode: SAFE_HOLD, Override: Safe hold mode active
2025-05-28 04:02:18,415 - INFO - [AUDIT] - Action: 0, Confidence: 1.0000, Safety Mode: SAFE_HOLD, Override: Safe hold mode active
2025-05-28 04:02:18,415 - INFO - [AUDIT] - Action: 0, Confidence: 1.0000, Safety Mode: SAFE_HOLD, Override: Safe hold mode active
2025-05-28 04:02:18,415 - INFO - [AUDIT] - Action: 0, Confidence: 1.0000, Safety Mode: SAFE_HOLD, Override: Safe hold mode active
2025-05-28 04:02:18,415 - INFO - [AUDIT] - Action: 0, Confidence: 1.0000, Safety Mode: SAFE_HOLD, Override: Safe hold mode active
2025-05-28 04:02:18,416 - INFO - [AUDIT] - Action: 0, Confidence: 1.0000, Safety Mode: SAFE_HOLD, Override: Safe hold mode active
2025-05-28 04:02:18,416 - INFO - [AUDIT] - Action: 0, Confidence: 1.0000, Safety Mode: SAFE_HOLD, Override: Safe hold mode active
2025-05-28 04:02:18,416 - INFO - [AUDIT] - Action: 0, Confidence: 1.0000, Safety Mode: SAFE_HOLD, Override: Safe hold mode active
2025-05-28 04:02:18,416 - INFO - [AUDIT] - Action: 0, Confidence: 1.0000, Safety Mode: SAFE_HOLD, Override: Safe hold mode active
2025-05-28 04:02:18,416 - INFO - [AUDIT] - Action: 0, Confidence: 1.0000, Safety Mode: SAFE_HOLD, Override: Safe hold mode active
2025-05-28 04:02:18,417 - INFO - [AUDIT] - Action: 0, Confidence: 1.0000, Safety Mode: SAFE_HOLD, Override: Safe hold mode active
2025-05-28 04:02:18,417 - INFO - [AUDIT] - Action: 0, Confidence: 1.0000, Safety Mode: SAFE_HOLD, Override: Safe hold mode active
2025-05-28 04:02:18,417 - INFO - [AUDIT] - Action: 0, Confidence: 1.0000, Safety Mode: SAFE_HOLD, Override: Safe hold mode active
2025-05-28 04:02:18,417 - INFO - [AUDIT] - Action: 0, Confidence: 1.0000, Safety Mode: SAFE_HOLD, Override: Safe hold mode active
2025-05-28 04:02:18,417 - INFO - [AUDIT] - Action: 0, Confidence: 1.0000, Safety Mode: SAFE_HOLD, Override: Safe hold mode active
2025-05-28 04:02:18,417 - INFO - [AUDIT] - Action: 0, Confidence: 1.0000, Safety Mode: SAFE_HOLD, Override: Safe hold mode active
2025-05-28 04:02:18,418 - INFO - [AUDIT] - Action: 0, Confidence: 1.0000, Safety Mode: SAFE_HOLD, Override: Safe hold mode active
2025-05-28 04:02:18,418 - INFO - [AUDIT] - Action: 0, Confidence: 1.0000, Safety Mode: SAFE_HOLD, Override: Safe hold mode active
2025-05-28 04:02:18,418 - INFO - [AUDIT] - Action: 0, Confidence: 1.0000, Safety Mode: SAFE_HOLD, Override: Safe hold mode active
2025-05-28 04:02:18,418 - INFO - [AUDIT] - Action: 0, Confidence: 1.0000, Safety Mode: SAFE_HOLD, Override: Safe hold mode active
2025-05-28 04:02:18,419 - INFO - [AUDIT] - Action: 0, Confidence: 1.0000, Safety Mode: SAFE_HOLD, Override: Safe hold mode active
2025-05-28 04:02:18,419 - INFO - [AUDIT] - Action: 0, Confidence: 1.0000, Safety Mode: SAFE_HOLD, Override: Safe hold mode active
2025-05-28 04:02:18,419 - INFO - [AUDIT] - Action: 0, Confidence: 1.0000, Safety Mode: SAFE_HOLD, Override: Safe hold mode active
2025-05-28 04:02:18,419 - INFO - [AUDIT] - Action: 0, Confidence: 1.0000, Safety Mode: SAFE_HOLD, Override: Safe hold mode active
2025-05-28 04:02:18,419 - INFO - [AUDIT] - Action: 0, Confidence: 1.0000, Safety Mode: SAFE_HOLD, Override: Safe hold mode active
2025-05-28 04:02:18,420 - INFO - [AUDIT] - Action: 0, Confidence: 1.0000, Safety Mode: SAFE_HOLD, Override: Safe hold mode active
2025-05-28 04:02:18,420 - INFO - [AUDIT] - Action: 0, Confidence: 1.0000, Safety Mode: SAFE_HOLD, Override: Safe hold mode active
2025-05-28 04:02:18,420 - INFO - [AUDIT] - Action: 0, Confidence: 1.0000, Safety Mode: SAFE_HOLD, Override: Safe hold mode active
2025-05-28 04:02:18,420 - INFO - [AUDIT] - Action: 0, Confidence: 1.0000, Safety Mode: SAFE_HOLD, Override: Safe hold mode active
2025-05-28 04:02:18,420 - INFO - [AUDIT] - Action: 0, Confidence: 1.0000, Safety Mode: SAFE_HOLD, Override: Safe hold mode active
2025-05-28 04:02:18,421 - INFO - [AUDIT] - Action: 0, Confidence: 1.0000, Safety Mode: SAFE_HOLD, Override: Safe hold mode active
2025-05-28 04:02:18,421 - INFO - [AUDIT] - Action: 0, Confidence: 1.0000, Safety Mode: SAFE_HOLD, Override: Safe hold mode active
2025-05-28 04:02:18,421 - INFO - [AUDIT] - Action: 0, Confidence: 1.0000, Safety Mode: SAFE_HOLD, Override: Safe hold mode active
2025-05-28 04:02:18,421 - INFO - [AUDIT] - Action: 0, Confidence: 1.0000, Safety Mode: SAFE_HOLD, Override: Safe hold mode active
2025-05-28 04:02:18,421 - INFO - [AUDIT] - Action: 0, Confidence: 1.0000, Safety Mode: SAFE_HOLD, Override: Safe hold mode active
2025-05-28 04:02:18,422 - INFO - [AUDIT] - Action: 0, Confidence: 1.0000, Safety Mode: SAFE_HOLD, Override: Safe hold mode active
2025-05-28 04:02:18,422 - INFO - [AUDIT] - Action: 0, Confidence: 1.0000, Safety Mode: SAFE_HOLD, Override: Safe hold mode active
2025-05-28 04:02:18,422 - INFO - [AUDIT] - Action: 0, Confidence: 1.0000, Safety Mode: SAFE_HOLD, Override: Safe hold mode active
2025-05-28 04:02:18,422 - INFO - [AUDIT] - Action: 0, Confidence: 1.0000, Safety Mode: SAFE_HOLD, Override: Safe hold mode active
2025-05-28 04:02:18,422 - INFO - [AUDIT] - Action: 0, Confidence: 1.0000, Safety Mode: SAFE_HOLD, Override: Safe hold mode active
2025-05-28 04:02:18,423 - INFO - [AUDIT] - Action: 0, Confidence: 1.0000, Safety Mode: SAFE_HOLD, Override: Safe hold mode active
2025-05-28 04:02:18,423 - INFO - [AUDIT] - Action: 0, Confidence: 1.0000, Safety Mode: SAFE_HOLD, Override: Safe hold mode active
2025-05-28 04:02:18,423 - INFO - [AUDIT] - Action: 0, Confidence: 1.0000, Safety Mode: SAFE_HOLD, Override: Safe hold mode active
2025-05-28 04:02:18,423 - INFO - [AUDIT] - Action: 0, Confidence: 1.0000, Safety Mode: SAFE_HOLD, Override: Safe hold mode active
2025-05-28 04:02:18,423 - INFO - [AUDIT] - Action: 0, Confidence: 1.0000, Safety Mode: SAFE_HOLD, Override: Safe hold mode active
2025-05-28 04:02:18,424 - INFO - [AUDIT] - Action: 0, Confidence: 1.0000, Safety Mode: SAFE_HOLD, Override: Safe hold mode active
2025-05-28 04:02:18,424 - INFO - [AUDIT] - Action: 0, Confidence: 1.0000, Safety Mode: SAFE_HOLD, Override: Safe hold mode active
2025-05-28 04:02:18,424 - INFO - [AUDIT] - Action: 0, Confidence: 1.0000, Safety Mode: SAFE_HOLD, Override: Safe hold mode active
2025-05-28 04:02:18,424 - INFO - [AUDIT] - Action: 0, Confidence: 1.0000, Safety Mode: SAFE_HOLD, Override: Safe hold mode active
2025-05-28 04:02:18,424 - INFO - [AUDIT] - Action: 0, Confidence: 1.0000, Safety Mode: SAFE_HOLD, Override: Safe hold mode active
2025-05-28 04:02:18,425 - INFO - [AUDIT] - Action: 0, Confidence: 1.0000, Safety Mode: SAFE_HOLD, Override: Safe hold mode active
2025-05-28 04:02:18,425 - INFO - [AUDIT] - Action: 0, Confidence: 1.0000, Safety Mode: SAFE_HOLD, Override: Safe hold mode active
2025-05-28 04:02:18,425 - INFO - [AUDIT] - Action: 0, Confidence: 1.0000, Safety Mode: SAFE_HOLD, Override: Safe hold mode active
2025-05-28 04:02:18,425 - INFO - [AUDIT] - Action: 0, Confidence: 1.0000, Safety Mode: SAFE_HOLD, Override: Safe hold mode active
2025-05-28 04:02:18,425 - INFO - [AUDIT] - Action: 0, Confidence: 1.0000, Safety Mode: SAFE_HOLD, Override: Safe hold mode active
2025-05-28 04:02:18,426 - INFO - [AUDIT] - Action: 0, Confidence: 1.0000, Safety Mode: SAFE_HOLD, Override: Safe hold mode active
2025-05-28 04:02:18,426 - INFO - [AUDIT] - Action: 0, Confidence: 1.0000, Safety Mode: SAFE_HOLD, Override: Safe hold mode active
2025-05-28 04:02:18,426 - INFO - [AUDIT] - Action: 0, Confidence: 1.0000, Safety Mode: SAFE_HOLD, Override: Safe hold mode active
2025-05-28 04:02:18,426 - INFO - [AUDIT] - Action: 0, Confidence: 1.0000, Safety Mode: SAFE_HOLD, Override: Safe hold mode active
2025-05-28 04:02:18,426 - INFO - [AUDIT] - Action: 0, Confidence: 1.0000, Safety Mode: SAFE_HOLD, Override: Safe hold mode active
2025-05-28 04:02:18,427 - INFO - [AUDIT] - Action: 0, Confidence: 1.0000, Safety Mode: SAFE_HOLD, Override: Safe hold mode active
2025-05-28 04:02:18,427 - INFO - [AUDIT] - Action: 0, Confidence: 1.0000, Safety Mode: SAFE_HOLD, Override: Safe hold mode active
2025-05-28 04:02:18,427 - INFO - [AUDIT] - Action: 0, Confidence: 1.0000, Safety Mode: SAFE_HOLD, Override: Safe hold mode active
2025-05-28 04:02:18,427 - INFO - [AUDIT] - Action: 0, Confidence: 1.0000, Safety Mode: SAFE_HOLD, Override: Safe hold mode active
2025-05-28 04:02:18,427 - INFO - [AUDIT] - Action: 0, Confidence: 1.0000, Safety Mode: SAFE_HOLD, Override: Safe hold mode active
2025-05-28 04:02:18,428 - INFO - [AUDIT] - Action: 0, Confidence: 1.0000, Safety Mode: SAFE_HOLD, Override: Safe hold mode active
2025-05-28 04:02:18,428 - INFO - [AUDIT] - Action: 0, Confidence: 1.0000, Safety Mode: SAFE_HOLD, Override: Safe hold mode active
2025-05-28 04:02:18,428 - INFO - [AUDIT] - Action: 0, Confidence: 1.0000, Safety Mode: SAFE_HOLD, Override: Safe hold mode active
2025-05-28 04:02:18,428 - INFO - [AUDIT] - Action: 0, Confidence: 1.0000, Safety Mode: SAFE_HOLD, Override: Safe hold mode active
2025-05-28 04:02:18,428 - INFO - [AUDIT] - Action: 0, Confidence: 1.0000, Safety Mode: SAFE_HOLD, Override: Safe hold mode active
2025-05-28 04:02:18,429 - INFO - [AUDIT] - Action: 0, Confidence: 1.0000, Safety Mode: SAFE_HOLD, Override: Safe hold mode active
2025-05-28 04:02:18,429 - INFO - [AUDIT] - Action: 0, Confidence: 1.0000, Safety Mode: SAFE_HOLD, Override: Safe hold mode active
2025-05-28 04:02:18,429 - INFO - [AUDIT] - Action: 0, Confidence: 1.0000, Safety Mode: SAFE_HOLD, Override: Safe hold mode active
2025-05-28 04:02:18,429 - INFO - [AUDIT] - Action: 0, Confidence: 1.0000, Safety Mode: SAFE_HOLD, Override: Safe hold mode active
2025-05-28 04:02:18,429 - INFO - [AUDIT] - Action: 0, Confidence: 1.0000, Safety Mode: SAFE_HOLD, Override: Safe hold mode active
2025-05-28 04:02:18,430 - INFO - [AUDIT] - Action: 0, Confidence: 1.0000, Safety Mode: SAFE_HOLD, Override: Safe hold mode active
2025-05-28 04:02:18,430 - INFO - [AUDIT] - Action: 0, Confidence: 1.0000, Safety Mode: SAFE_HOLD, Override: Safe hold mode active
2025-05-28 04:02:18,430 - INFO - [AUDIT] - Action: 0, Confidence: 1.0000, Safety Mode: SAFE_HOLD, Override: Safe hold mode active
2025-05-28 04:02:18,430 - INFO - [AUDIT] - Action: 0, Confidence: 1.0000, Safety Mode: SAFE_HOLD, Override: Safe hold mode active
2025-05-28 04:02:18,430 - INFO - [AUDIT] - Action: 0, Confidence: 1.0000, Safety Mode: SAFE_HOLD, Override: Safe hold mode active
2025-05-28 04:02:18,431 - INFO - [AUDIT] - Action: 0, Confidence: 1.0000, Safety Mode: SAFE_HOLD, Override: Safe hold mode active
2025-05-28 04:02:18,431 - INFO - [AUDIT] - Action: 0, Confidence: 1.0000, Safety Mode: SAFE_HOLD, Override: Safe hold mode active
2025-05-28 04:02:18,431 - INFO - [AUDIT] - Action: 0, Confidence: 1.0000, Safety Mode: SAFE_HOLD, Override: Safe hold mode active
2025-05-28 04:02:18,431 - INFO - [AUDIT] - Action: 0, Confidence: 1.0000, Safety Mode: SAFE_HOLD, Override: Safe hold mode active
2025-05-28 04:02:18,431 - INFO - [AUDIT] - Action: 0, Confidence: 1.0000, Safety Mode: SAFE_HOLD, Override: Safe hold mode active
2025-05-28 04:02:18,432 - INFO - [AUDIT] - Action: 0, Confidence: 1.0000, Safety Mode: SAFE_HOLD, Override: Safe hold mode active
2025-05-28 04:02:18,432 - INFO - [AUDIT] - Action: 0, Confidence: 1.0000, Safety Mode: SAFE_HOLD, Override: Safe hold mode active
2025-05-28 04:02:18,432 - INFO - [AUDIT] - Action: 0, Confidence: 1.0000, Safety Mode: SAFE_HOLD, Override: Safe hold mode active
2025-05-28 04:02:18,432 - INFO - [AUDIT] - Action: 0, Confidence: 1.0000, Safety Mode: SAFE_HOLD, Override: Safe hold mode active
2025-05-28 04:02:18,432 - INFO - [AUDIT] - Action: 0, Confidence: 1.0000, Safety Mode: SAFE_HOLD, Override: Safe hold mode active
2025-05-28 04:02:18,433 - INFO - [AUDIT] - Action: 0, Confidence: 1.0000, Safety Mode: SAFE_HOLD, Override: Safe hold mode active
2025-05-28 04:02:18,433 - INFO - [AUDIT] - Action: 0, Confidence: 1.0000, Safety Mode: SAFE_HOLD, Override: Safe hold mode active
2025-05-28 04:02:18,433 - INFO - [AUDIT] - Action: 0, Confidence: 1.0000, Safety Mode: SAFE_HOLD, Override: Safe hold mode active
2025-05-28 04:02:18,433 - INFO - [AUDIT] - Action: 0, Confidence: 1.0000, Safety Mode: SAFE_HOLD, Override: Safe hold mode active
2025-05-28 04:02:18,433 - INFO - [AUDIT] - Action: 0, Confidence: 1.0000, Safety Mode: SAFE_HOLD, Override: Safe hold mode active
2025-05-28 04:02:18,434 - INFO - [AUDIT] - Action: 0, Confidence: 1.0000, Safety Mode: SAFE_HOLD, Override: Safe hold mode active
2025-05-28 04:02:18,434 - INFO - [AUDIT] - Action: 0, Confidence: 1.0000, Safety Mode: SAFE_HOLD, Override: Safe hold mode active
2025-05-28 04:02:18,434 - INFO - [AUDIT] - Action: 0, Confidence: 1.0000, Safety Mode: SAFE_HOLD, Override: Safe hold mode active
2025-05-28 04:02:18,434 - INFO - [AUDIT] - Action: 0, Confidence: 1.0000, Safety Mode: SAFE_HOLD, Override: Safe hold mode active
2025-05-28 04:02:18,434 - INFO - [AUDIT] - Action: 0, Confidence: 1.0000, Safety Mode: SAFE_HOLD, Override: Safe hold mode active
2025-05-28 04:02:18,435 - INFO - [AUDIT] - Action: 0, Confidence: 1.0000, Safety Mode: SAFE_HOLD, Override: Safe hold mode active
2025-05-28 04:02:18,435 - INFO - [AUDIT] - Action: 0, Confidence: 1.0000, Safety Mode: SAFE_HOLD, Override: Safe hold mode active
2025-05-28 04:02:18,435 - INFO - [AUDIT] - Action: 0, Confidence: 1.0000, Safety Mode: SAFE_HOLD, Override: Safe hold mode active
2025-05-28 04:02:18,435 - INFO - [AUDIT] - Action: 0, Confidence: 1.0000, Safety Mode: SAFE_HOLD, Override: Safe hold mode active
2025-05-28 04:02:18,435 - INFO - [AUDIT] - Action: 0, Confidence: 1.0000, Safety Mode: SAFE_HOLD, Override: Safe hold mode active
2025-05-28 04:02:18,436 - INFO - [AUDIT] - Action: 0, Confidence: 1.0000, Safety Mode: SAFE_HOLD, Override: Safe hold mode active
2025-05-28 04:02:18,436 - INFO - [AUDIT] - Action: 0, Confidence: 1.0000, Safety Mode: SAFE_HOLD, Override: Safe hold mode active
2025-05-28 04:02:18,436 - INFO - [AUDIT] - Action: 0, Confidence: 1.0000, Safety Mode: SAFE_HOLD, Override: Safe hold mode active
2025-05-28 04:02:18,436 - INFO - [AUDIT] - Action: 0, Confidence: 1.0000, Safety Mode: SAFE_HOLD, Override: Safe hold mode active
2025-05-28 04:02:18,436 - INFO - [AUDIT] - Action: 0, Confidence: 1.0000, Safety Mode: SAFE_HOLD, Override: Safe hold mode active
2025-05-28 04:02:18,437 - INFO - [AUDIT] - Action: 0, Confidence: 1.0000, Safety Mode: SAFE_HOLD, Override: Safe hold mode active
2025-05-28 04:02:18,437 - INFO - [AUDIT] - Action: 0, Confidence: 1.0000, Safety Mode: SAFE_HOLD, Override: Safe hold mode active
2025-05-28 04:02:18,437 - INFO - [AUDIT] - Action: 0, Confidence: 1.0000, Safety Mode: SAFE_HOLD, Override: Safe hold mode active
2025-05-28 04:02:18,437 - INFO - [AUDIT] - Action: 0, Confidence: 1.0000, Safety Mode: SAFE_HOLD, Override: Safe hold mode active
2025-05-28 04:02:18,437 - INFO - [AUDIT] - Action: 0, Confidence: 1.0000, Safety Mode: SAFE_HOLD, Override: Safe hold mode active
2025-05-28 04:02:18,437 - INFO - [AUDIT] - Action: 0, Confidence: 1.0000, Safety Mode: SAFE_HOLD, Override: Safe hold mode active
2025-05-28 04:02:18,438 - INFO - [AUDIT] - Action: 0, Confidence: 1.0000, Safety Mode: SAFE_HOLD, Override: Safe hold mode active
2025-05-28 04:02:18,438 - INFO - [AUDIT] - Action: 0, Confidence: 1.0000, Safety Mode: SAFE_HOLD, Override: Safe hold mode active
2025-05-28 04:02:18,438 - INFO - [AUDIT] - Action: 0, Confidence: 1.0000, Safety Mode: SAFE_HOLD, Override: Safe hold mode active
2025-05-28 04:02:18,438 - INFO - [AUDIT] - Action: 0, Confidence: 1.0000, Safety Mode: SAFE_HOLD, Override: Safe hold mode active
2025-05-28 04:02:18,438 - INFO - [AUDIT] - Action: 0, Confidence: 1.0000, Safety Mode: SAFE_HOLD, Override: Safe hold mode active
2025-05-28 04:02:18,439 - INFO - [AUDIT] - Action: 0, Confidence: 1.0000, Safety Mode: SAFE_HOLD, Override: Safe hold mode active
2025-05-28 04:02:18,439 - INFO - [AUDIT] - Action: 0, Confidence: 1.0000, Safety Mode: SAFE_HOLD, Override: Safe hold mode active
2025-05-28 04:02:18,439 - INFO - [AUDIT] - Action: 0, Confidence: 1.0000, Safety Mode: SAFE_HOLD, Override: Safe hold mode active
2025-05-28 04:02:18,439 - INFO - [AUDIT] - Action: 0, Confidence: 1.0000, Safety Mode: SAFE_HOLD, Override: Safe hold mode active
2025-05-28 04:02:18,439 - INFO - [AUDIT] - Action: 0, Confidence: 1.0000, Safety Mode: SAFE_HOLD, Override: Safe hold mode active
2025-05-28 04:02:18,440 - INFO - [AUDIT] - Action: 0, Confidence: 1.0000, Safety Mode: SAFE_HOLD, Override: Safe hold mode active
2025-05-28 04:02:18,440 - INFO - [AUDIT] - Action: 0, Confidence: 1.0000, Safety Mode: SAFE_HOLD, Override: Safe hold mode active
2025-05-28 04:02:18,440 - INFO - [AUDIT] - Action: 0, Confidence: 1.0000, Safety Mode: SAFE_HOLD, Override: Safe hold mode active
2025-05-28 04:02:18,440 - INFO - [AUDIT] - Action: 0, Confidence: 1.0000, Safety Mode: SAFE_HOLD, Override: Safe hold mode active
2025-05-28 04:02:18,440 - INFO - [AUDIT] - Action: 0, Confidence: 1.0000, Safety Mode: SAFE_HOLD, Override: Safe hold mode active
2025-05-28 04:02:18,441 - INFO - [AUDIT] - Action: 0, Confidence: 1.0000, Safety Mode: SAFE_HOLD, Override: Safe hold mode active
2025-05-28 04:02:18,441 - INFO - [AUDIT] - Action: 0, Confidence: 1.0000, Safety Mode: SAFE_HOLD, Override: Safe hold mode active
2025-05-28 04:02:18,441 - INFO - [AUDIT] - Action: 0, Confidence: 1.0000, Safety Mode: SAFE_HOLD, Override: Safe hold mode active
2025-05-28 04:02:18,441 - INFO - [AUDIT] - Action: 0, Confidence: 1.0000, Safety Mode: SAFE_HOLD, Override: Safe hold mode active
2025-05-28 04:02:18,441 - INFO - [AUDIT] - Action: 0, Confidence: 1.0000, Safety Mode: SAFE_HOLD, Override: Safe hold mode active
2025-05-28 04:02:18,442 - INFO - [AUDIT] - Action: 0, Confidence: 1.0000, Safety Mode: SAFE_HOLD, Override: Safe hold mode active
2025-05-28 04:02:18,442 - INFO - [AUDIT] - Action: 0, Confidence: 1.0000, Safety Mode: SAFE_HOLD, Override: Safe hold mode active
2025-05-28 04:02:18,442 - INFO - [AUDIT] - Action: 0, Confidence: 1.0000, Safety Mode: SAFE_HOLD, Override: Safe hold mode active
2025-05-28 04:02:18,442 - INFO - [AUDIT] - Action: 0, Confidence: 1.0000, Safety Mode: SAFE_HOLD, Override: Safe hold mode active
2025-05-28 04:02:18,442 - INFO - [AUDIT] - Action: 0, Confidence: 1.0000, Safety Mode: SAFE_HOLD, Override: Safe hold mode active
2025-05-28 04:02:18,443 - INFO - [AUDIT] - Action: 0, Confidence: 1.0000, Safety Mode: SAFE_HOLD, Override: Safe hold mode active
2025-05-28 04:02:18,443 - INFO - [AUDIT] - Action: 0, Confidence: 1.0000, Safety Mode: SAFE_HOLD, Override: Safe hold mode active
2025-05-28 04:02:18,443 - INFO - [AUDIT] - Action: 0, Confidence: 1.0000, Safety Mode: SAFE_HOLD, Override: Safe hold mode active
2025-05-28 04:02:18,443 - INFO - [AUDIT] - Action: 0, Confidence: 1.0000, Safety Mode: SAFE_HOLD, Override: Safe hold mode active
2025-05-28 04:02:18,443 - INFO - [AUDIT] - Action: 0, Confidence: 1.0000, Safety Mode: SAFE_HOLD, Override: Safe hold mode active
2025-05-28 04:02:18,444 - INFO - [AUDIT] - Action: 0, Confidence: 1.0000, Safety Mode: SAFE_HOLD, Override: Safe hold mode active
2025-05-28 04:02:18,444 - INFO - [AUDIT] - Action: 0, Confidence: 1.0000, Safety Mode: SAFE_HOLD, Override: Safe hold mode active
2025-05-28 04:02:18,444 - INFO - [AUDIT] - Action: 0, Confidence: 1.0000, Safety Mode: SAFE_HOLD, Override: Safe hold mode active
2025-05-28 04:02:18,444 - INFO - [AUDIT] - Action: 0, Confidence: 1.0000, Safety Mode: SAFE_HOLD, Override: Safe hold mode active
2025-05-28 04:02:18,444 - INFO - [AUDIT] - Action: 0, Confidence: 1.0000, Safety Mode: SAFE_HOLD, Override: Safe hold mode active
2025-05-28 04:02:18,445 - INFO - [AUDIT] - Action: 0, Confidence: 1.0000, Safety Mode: SAFE_HOLD, Override: Safe hold mode active
2025-05-28 04:02:18,445 - INFO - [AUDIT] - Action: 0, Confidence: 1.0000, Safety Mode: SAFE_HOLD, Override: Safe hold mode active
2025-05-28 04:02:18,445 - INFO - [AUDIT] - Action: 0, Confidence: 1.0000, Safety Mode: SAFE_HOLD, Override: Safe hold mode active
2025-05-28 04:02:18,445 - INFO - [AUDIT] - Action: 0, Confidence: 1.0000, Safety Mode: SAFE_HOLD, Override: Safe hold mode active
2025-05-28 04:02:18,445 - INFO - [AUDIT] - Action: 0, Confidence: 1.0000, Safety Mode: SAFE_HOLD, Override: Safe hold mode active
2025-05-28 04:02:18,446 - INFO - [AUDIT] - Action: 0, Confidence: 1.0000, Safety Mode: SAFE_HOLD, Override: Safe hold mode active
2025-05-28 04:02:18,446 - INFO - [AUDIT] - Action: 0, Confidence: 1.0000, Safety Mode: SAFE_HOLD, Override: Safe hold mode active
2025-05-28 04:02:18,446 - INFO - [AUDIT] - Action: 0, Confidence: 1.0000, Safety Mode: SAFE_HOLD, Override: Safe hold mode active
2025-05-28 04:02:18,446 - INFO - [AUDIT] - Action: 0, Confidence: 1.0000, Safety Mode: SAFE_HOLD, Override: Safe hold mode active
2025-05-28 04:02:18,446 - INFO - [AUDIT] - Action: 0, Confidence: 1.0000, Safety Mode: SAFE_HOLD, Override: Safe hold mode active
2025-05-28 04:02:18,447 - INFO - [AUDIT] - Action: 0, Confidence: 1.0000, Safety Mode: SAFE_HOLD, Override: Safe hold mode active
2025-05-28 04:02:18,447 - INFO - [AUDIT] - Action: 0, Confidence: 1.0000, Safety Mode: SAFE_HOLD, Override: Safe hold mode active
2025-05-28 04:02:18,447 - INFO - [AUDIT] - Action: 0, Confidence: 1.0000, Safety Mode: SAFE_HOLD, Override: Safe hold mode active
2025-05-28 04:02:18,447 - INFO - [AUDIT] - Action: 0, Confidence: 1.0000, Safety Mode: SAFE_HOLD, Override: Safe hold mode active
2025-05-28 04:02:18,447 - INFO - [AUDIT] - Action: 0, Confidence: 1.0000, Safety Mode: SAFE_HOLD, Override: Safe hold mode active
2025-05-28 04:02:18,448 - INFO - [AUDIT] - Action: 0, Confidence: 1.0000, Safety Mode: SAFE_HOLD, Override: Safe hold mode active
2025-05-28 04:02:18,448 - INFO - [AUDIT] - Action: 0, Confidence: 1.0000, Safety Mode: SAFE_HOLD, Override: Safe hold mode active
2025-05-28 04:02:18,448 - INFO - [AUDIT] - Action: 0, Confidence: 1.0000, Safety Mode: SAFE_HOLD, Override: Safe hold mode active
2025-05-28 04:02:18,448 - INFO - [AUDIT] - Action: 0, Confidence: 1.0000, Safety Mode: SAFE_HOLD, Override: Safe hold mode active
2025-05-28 04:02:18,448 - INFO - [AUDIT] - Action: 0, Confidence: 1.0000, Safety Mode: SAFE_HOLD, Override: Safe hold mode active
2025-05-28 04:02:18,449 - INFO - [AUDIT] - Action: 0, Confidence: 1.0000, Safety Mode: SAFE_HOLD, Override: Safe hold mode active
2025-05-28 04:02:18,449 - INFO - [AUDIT] - Action: 0, Confidence: 1.0000, Safety Mode: SAFE_HOLD, Override: Safe hold mode active
2025-05-28 04:02:18,449 - INFO - [AUDIT] - Action: 0, Confidence: 1.0000, Safety Mode: SAFE_HOLD, Override: Safe hold mode active
2025-05-28 04:02:18,449 - INFO - [AUDIT] - Action: 0, Confidence: 1.0000, Safety Mode: SAFE_HOLD, Override: Safe hold mode active
2025-05-28 04:02:18,449 - INFO - [AUDIT] - Action: 0, Confidence: 1.0000, Safety Mode: SAFE_HOLD, Override: Safe hold mode active
2025-05-28 04:02:18,450 - INFO - [AUDIT] - Action: 0, Confidence: 1.0000, Safety Mode: SAFE_HOLD, Override: Safe hold mode active
2025-05-28 04:02:18,450 - INFO - [AUDIT] - Action: 0, Confidence: 1.0000, Safety Mode: SAFE_HOLD, Override: Safe hold mode active
2025-05-28 04:02:18,450 - INFO - [AUDIT] - Action: 0, Confidence: 1.0000, Safety Mode: SAFE_HOLD, Override: Safe hold mode active
2025-05-28 04:02:18,450 - INFO - [AUDIT] - Action: 0, Confidence: 1.0000, Safety Mode: SAFE_HOLD, Override: Safe hold mode active
2025-05-28 04:02:18,450 - INFO - [AUDIT] - Action: 0, Confidence: 1.0000, Safety Mode: SAFE_HOLD, Override: Safe hold mode active
2025-05-28 04:02:18,451 - INFO - [AUDIT] - Action: 0, Confidence: 1.0000, Safety Mode: SAFE_HOLD, Override: Safe hold mode active
2025-05-28 04:02:18,451 - INFO - [AUDIT] - Action: 0, Confidence: 1.0000, Safety Mode: SAFE_HOLD, Override: Safe hold mode active
2025-05-28 04:02:18,451 - INFO - [AUDIT] - Action: 0, Confidence: 1.0000, Safety Mode: SAFE_HOLD, Override: Safe hold mode active
2025-05-28 04:02:18,451 - INFO - [AUDIT] - Action: 0, Confidence: 1.0000, Safety Mode: SAFE_HOLD, Override: Safe hold mode active
2025-05-28 04:02:18,452 - INFO - [AUDIT] - Action: 0, Confidence: 1.0000, Safety Mode: SAFE_HOLD, Override: Safe hold mode active
2025-05-28 04:02:18,452 - INFO - [AUDIT] - Action: 0, Confidence: 1.0000, Safety Mode: SAFE_HOLD, Override: Safe hold mode active
2025-05-28 04:02:18,452 - INFO - [AUDIT] - Action: 0, Confidence: 1.0000, Safety Mode: SAFE_HOLD, Override: Safe hold mode active
2025-05-28 04:02:18,452 - INFO - [AUDIT] - Action: 0, Confidence: 1.0000, Safety Mode: SAFE_HOLD, Override: Safe hold mode active
2025-05-28 04:02:18,453 - INFO - [AUDIT] - Action: 0, Confidence: 1.0000, Safety Mode: SAFE_HOLD, Override: Safe hold mode active
2025-05-28 04:02:18,453 - INFO - [AUDIT] - Action: 0, Confidence: 1.0000, Safety Mode: SAFE_HOLD, Override: Safe hold mode active
2025-05-28 04:02:18,453 - INFO - [AUDIT] - Action: 0, Confidence: 1.0000, Safety Mode: SAFE_HOLD, Override: Safe hold mode active
2025-05-28 04:02:18,453 - INFO - [AUDIT] - Action: 0, Confidence: 1.0000, Safety Mode: SAFE_HOLD, Override: Safe hold mode active
2025-05-28 04:02:18,453 - INFO - [AUDIT] - Action: 0, Confidence: 1.0000, Safety Mode: SAFE_HOLD, Override: Safe hold mode active
2025-05-28 04:02:18,454 - INFO - [AUDIT] - Action: 0, Confidence: 1.0000, Safety Mode: SAFE_HOLD, Override: Safe hold mode active
2025-05-28 04:02:18,454 - INFO - [AUDIT] - Action: 0, Confidence: 1.0000, Safety Mode: SAFE_HOLD, Override: Safe hold mode active
2025-05-28 04:02:18,454 - INFO - [AUDIT] - Action: 0, Confidence: 1.0000, Safety Mode: SAFE_HOLD, Override: Safe hold mode active
2025-05-28 04:02:18,454 - INFO - [AUDIT] - Action: 0, Confidence: 1.0000, Safety Mode: SAFE_HOLD, Override: Safe hold mode active
2025-05-28 04:02:18,454 - INFO - [AUDIT] - Action: 0, Confidence: 1.0000, Safety Mode: SAFE_HOLD, Override: Safe hold mode active
2025-05-28 04:02:18,455 - INFO - [AUDIT] - Action: 0, Confidence: 1.0000, Safety Mode: SAFE_HOLD, Override: Safe hold mode active
2025-05-28 04:02:18,455 - INFO - [AUDIT] - Action: 0, Confidence: 1.0000, Safety Mode: SAFE_HOLD, Override: Safe hold mode active
2025-05-28 04:02:18,455 - INFO - [AUDIT] - Action: 0, Confidence: 1.0000, Safety Mode: SAFE_HOLD, Override: Safe hold mode active
2025-05-28 04:02:18,455 - INFO - [AUDIT] - Action: 0, Confidence: 1.0000, Safety Mode: SAFE_HOLD, Override: Safe hold mode active
2025-05-28 04:02:18,455 - INFO - [AUDIT] - Action: 0, Confidence: 1.0000, Safety Mode: SAFE_HOLD, Override: Safe hold mode active
2025-05-28 04:02:18,456 - INFO - [AUDIT] - Action: 0, Confidence: 1.0000, Safety Mode: SAFE_HOLD, Override: Safe hold mode active
2025-05-28 04:02:18,456 - INFO - [AUDIT] - Action: 0, Confidence: 1.0000, Safety Mode: SAFE_HOLD, Override: Safe hold mode active
2025-05-28 04:02:18,456 - INFO - [AUDIT] - Action: 0, Confidence: 1.0000, Safety Mode: SAFE_HOLD, Override: Safe hold mode active
2025-05-28 04:02:18,456 - INFO - [AUDIT] - Action: 0, Confidence: 1.0000, Safety Mode: SAFE_HOLD, Override: Safe hold mode active
2025-05-28 04:02:18,456 - INFO - [AUDIT] - Action: 0, Confidence: 1.0000, Safety Mode: SAFE_HOLD, Override: Safe hold mode active
2025-05-28 04:02:18,457 - INFO - [AUDIT] - Action: 0, Confidence: 1.0000, Safety Mode: SAFE_HOLD, Override: Safe hold mode active
2025-05-28 04:02:18,457 - INFO - [AUDIT] - Action: 0, Confidence: 1.0000, Safety Mode: SAFE_HOLD, Override: Safe hold mode active
2025-05-28 04:02:18,457 - INFO - [AUDIT] - Action: 0, Confidence: 1.0000, Safety Mode: SAFE_HOLD, Override: Safe hold mode active
2025-05-28 04:02:18,457 - INFO - [AUDIT] - Action: 0, Confidence: 1.0000, Safety Mode: SAFE_HOLD, Override: Safe hold mode active
2025-05-28 04:02:18,457 - INFO - [AUDIT] - Action: 0, Confidence: 1.0000, Safety Mode: SAFE_HOLD, Override: Safe hold mode active
2025-05-28 04:02:18,458 - INFO - [AUDIT] - Action: 0, Confidence: 1.0000, Safety Mode: SAFE_HOLD, Override: Safe hold mode active
2025-05-28 04:02:18,458 - INFO - [AUDIT] - Action: 0, Confidence: 1.0000, Safety Mode: SAFE_HOLD, Override: Safe hold mode active
2025-05-28 04:02:18,458 - INFO - [AUDIT] - Action: 0, Confidence: 1.0000, Safety Mode: SAFE_HOLD, Override: Safe hold mode active
2025-05-28 04:02:18,458 - INFO - [AUDIT] - Action: 0, Confidence: 1.0000, Safety Mode: SAFE_HOLD, Override: Safe hold mode active
2025-05-28 04:02:18,458 - INFO - [AUDIT] - Action: 0, Confidence: 1.0000, Safety Mode: SAFE_HOLD, Override: Safe hold mode active
2025-05-28 04:02:18,459 - INFO - [AUDIT] - Action: 0, Confidence: 1.0000, Safety Mode: SAFE_HOLD, Override: Safe hold mode active
2025-05-28 04:02:18,459 - INFO - [AUDIT] - Action: 0, Confidence: 1.0000, Safety Mode: SAFE_HOLD, Override: Safe hold mode active
2025-05-28 04:02:18,459 - INFO - [AUDIT] - Action: 0, Confidence: 1.0000, Safety Mode: SAFE_HOLD, Override: Safe hold mode active
2025-05-28 04:02:18,459 - INFO - [AUDIT] - Action: 0, Confidence: 1.0000, Safety Mode: SAFE_HOLD, Override: Safe hold mode active
2025-05-28 04:02:18,459 - INFO - [AUDIT] - Action: 0, Confidence: 1.0000, Safety Mode: SAFE_HOLD, Override: Safe hold mode active
2025-05-28 04:02:18,460 - INFO - [AUDIT] - Action: 0, Confidence: 1.0000, Safety Mode: SAFE_HOLD, Override: Safe hold mode active
2025-05-28 04:02:18,460 - INFO - [AUDIT] - Action: 0, Confidence: 1.0000, Safety Mode: SAFE_HOLD, Override: Safe hold mode active
2025-05-28 04:02:18,460 - INFO - [AUDIT] - Action: 0, Confidence: 1.0000, Safety Mode: SAFE_HOLD, Override: Safe hold mode active
2025-05-28 04:02:18,460 - INFO - [AUDIT] - Action: 0, Confidence: 1.0000, Safety Mode: SAFE_HOLD, Override: Safe hold mode active
2025-05-28 04:02:18,460 - INFO - [AUDIT] - Action: 0, Confidence: 1.0000, Safety Mode: SAFE_HOLD, Override: Safe hold mode active
2025-05-28 04:02:18,461 - INFO - [AUDIT] - Action: 0, Confidence: 1.0000, Safety Mode: SAFE_HOLD, Override: Safe hold mode active
2025-05-28 04:02:18,461 - INFO - [AUDIT] - Action: 0, Confidence: 1.0000, Safety Mode: SAFE_HOLD, Override: Safe hold mode active
2025-05-28 04:02:18,461 - INFO - [AUDIT] - Action: 0, Confidence: 1.0000, Safety Mode: SAFE_HOLD, Override: Safe hold mode active
2025-05-28 04:02:18,461 - INFO - [AUDIT] - Action: 0, Confidence: 1.0000, Safety Mode: SAFE_HOLD, Override: Safe hold mode active
2025-05-28 04:02:18,461 - INFO - [AUDIT] - Action: 0, Confidence: 1.0000, Safety Mode: SAFE_HOLD, Override: Safe hold mode active
2025-05-28 04:02:18,462 - INFO - [AUDIT] - Action: 0, Confidence: 1.0000, Safety Mode: SAFE_HOLD, Override: Safe hold mode active
2025-05-28 04:02:18,462 - INFO - [AUDIT] - Action: 0, Confidence: 1.0000, Safety Mode: SAFE_HOLD, Override: Safe hold mode active
2025-05-28 04:02:18,462 - INFO - [AUDIT] - Action: 0, Confidence: 1.0000, Safety Mode: SAFE_HOLD, Override: Safe hold mode active
2025-05-28 04:02:18,462 - INFO - [AUDIT] - Action: 0, Confidence: 1.0000, Safety Mode: SAFE_HOLD, Override: Safe hold mode active
2025-05-28 04:02:18,462 - INFO - [AUDIT] - Action: 0, Confidence: 1.0000, Safety Mode: SAFE_HOLD, Override: Safe hold mode active
2025-05-28 04:02:18,463 - INFO - [AUDIT] - Action: 0, Confidence: 1.0000, Safety Mode: SAFE_HOLD, Override: Safe hold mode active
2025-05-28 04:02:18,463 - INFO - [AUDIT] - Action: 0, Confidence: 1.0000, Safety Mode: SAFE_HOLD, Override: Safe hold mode active
2025-05-28 04:02:18,463 - INFO - [AUDIT] - Action: 0, Confidence: 1.0000, Safety Mode: SAFE_HOLD, Override: Safe hold mode active
2025-05-28 04:02:18,463 - INFO - [AUDIT] - Action: 0, Confidence: 1.0000, Safety Mode: SAFE_HOLD, Override: Safe hold mode active
2025-05-28 04:02:18,463 - INFO - [AUDIT] - Action: 0, Confidence: 1.0000, Safety Mode: SAFE_HOLD, Override: Safe hold mode active
2025-05-28 04:02:18,464 - INFO - [AUDIT] - Action: 0, Confidence: 1.0000, Safety Mode: SAFE_HOLD, Override: Safe hold mode active
2025-05-28 04:02:18,464 - INFO - [AUDIT] - Action: 0, Confidence: 1.0000, Safety Mode: SAFE_HOLD, Override: Safe hold mode active
2025-05-28 04:02:18,464 - INFO - [AUDIT] - Action: 0, Confidence: 1.0000, Safety Mode: SAFE_HOLD, Override: Safe hold mode active
2025-05-28 04:02:18,464 - INFO - [AUDIT] - Action: 0, Confidence: 1.0000, Safety Mode: SAFE_HOLD, Override: Safe hold mode active
2025-05-28 04:02:18,464 - INFO - [AUDIT] - Action: 0, Confidence: 1.0000, Safety Mode: SAFE_HOLD, Override: Safe hold mode active
2025-05-28 04:02:18,465 - INFO - [AUDIT] - Action: 0, Confidence: 1.0000, Safety Mode: SAFE_HOLD, Override: Safe hold mode active
2025-05-28 04:02:18,465 - INFO - [AUDIT] - Action: 0, Confidence: 1.0000, Safety Mode: SAFE_HOLD, Override: Safe hold mode active
2025-05-28 04:02:18,465 - INFO - [AUDIT] - Action: 0, Confidence: 1.0000, Safety Mode: SAFE_HOLD, Override: Safe hold mode active
2025-05-28 04:02:18,465 - INFO - [AUDIT] - Action: 0, Confidence: 1.0000, Safety Mode: SAFE_HOLD, Override: Safe hold mode active
2025-05-28 04:02:18,465 - INFO - [AUDIT] - Action: 0, Confidence: 1.0000, Safety Mode: SAFE_HOLD, Override: Safe hold mode active
2025-05-28 04:02:18,466 - INFO - [AUDIT] - Action: 0, Confidence: 1.0000, Safety Mode: SAFE_HOLD, Override: Safe hold mode active
2025-05-28 04:02:18,466 - INFO - [AUDIT] - Action: 0, Confidence: 1.0000, Safety Mode: SAFE_HOLD, Override: Safe hold mode active
2025-05-28 04:02:18,466 - INFO - [AUDIT] - Action: 0, Confidence: 1.0000, Safety Mode: SAFE_HOLD, Override: Safe hold mode active
2025-05-28 04:02:18,466 - INFO - [AUDIT] - Action: 0, Confidence: 1.0000, Safety Mode: SAFE_HOLD, Override: Safe hold mode active
2025-05-28 04:02:18,466 - INFO - [AUDIT] - Action: 0, Confidence: 1.0000, Safety Mode: SAFE_HOLD, Override: Safe hold mode active
2025-05-28 04:02:18,467 - INFO - [AUDIT] - Action: 0, Confidence: 1.0000, Safety Mode: SAFE_HOLD, Override: Safe hold mode active
2025-05-28 04:02:18,467 - INFO - [AUDIT] - Action: 0, Confidence: 1.0000, Safety Mode: SAFE_HOLD, Override: Safe hold mode active
2025-05-28 04:02:18,467 - INFO - [AUDIT] - Action: 0, Confidence: 1.0000, Safety Mode: SAFE_HOLD, Override: Safe hold mode active
2025-05-28 04:02:18,467 - INFO - [AUDIT] - Action: 0, Confidence: 1.0000, Safety Mode: SAFE_HOLD, Override: Safe hold mode active
2025-05-28 04:02:18,467 - INFO - [AUDIT] - Action: 0, Confidence: 1.0000, Safety Mode: SAFE_HOLD, Override: Safe hold mode active
2025-05-28 04:02:18,468 - INFO - [AUDIT] - Action: 0, Confidence: 1.0000, Safety Mode: SAFE_HOLD, Override: Safe hold mode active
2025-05-28 04:02:18,468 - INFO - [AUDIT] - Action: 0, Confidence: 1.0000, Safety Mode: SAFE_HOLD, Override: Safe hold mode active
2025-05-28 04:02:18,468 - INFO - [AUDIT] - Action: 0, Confidence: 1.0000, Safety Mode: SAFE_HOLD, Override: Safe hold mode active
2025-05-28 04:02:18,468 - INFO - [AUDIT] - Action: 0, Confidence: 1.0000, Safety Mode: SAFE_HOLD, Override: Safe hold mode active
2025-05-28 04:02:18,469 - INFO - [AUDIT] - Action: 0, Confidence: 1.0000, Safety Mode: SAFE_HOLD, Override: Safe hold mode active
2025-05-28 04:02:18,469 - INFO - [AUDIT] - Action: 0, Confidence: 1.0000, Safety Mode: SAFE_HOLD, Override: Safe hold mode active
2025-05-28 04:02:18,469 - INFO - [AUDIT] - Action: 0, Confidence: 1.0000, Safety Mode: SAFE_HOLD, Override: Safe hold mode active
2025-05-28 04:02:18,469 - INFO - [AUDIT] - Action: 0, Confidence: 1.0000, Safety Mode: SAFE_HOLD, Override: Safe hold mode active
2025-05-28 04:02:18,469 - INFO - [AUDIT] - Action: 0, Confidence: 1.0000, Safety Mode: SAFE_HOLD, Override: Safe hold mode active
2025-05-28 04:02:18,469 - INFO - [AUDIT] - Action: 0, Confidence: 1.0000, Safety Mode: SAFE_HOLD, Override: Safe hold mode active
2025-05-28 04:02:18,470 - INFO - [AUDIT] - Action: 0, Confidence: 1.0000, Safety Mode: SAFE_HOLD, Override: Safe hold mode active
2025-05-28 04:02:18,470 - INFO - [AUDIT] - Action: 0, Confidence: 1.0000, Safety Mode: SAFE_HOLD, Override: Safe hold mode active
2025-05-28 04:02:18,470 - INFO - [AUDIT] - Action: 0, Confidence: 1.0000, Safety Mode: SAFE_HOLD, Override: Safe hold mode active
2025-05-28 04:02:18,470 - INFO - [AUDIT] - Action: 0, Confidence: 1.0000, Safety Mode: SAFE_HOLD, Override: Safe hold mode active
2025-05-28 04:02:18,470 - INFO - [AUDIT] - Action: 0, Confidence: 1.0000, Safety Mode: SAFE_HOLD, Override: Safe hold mode active
2025-05-28 04:02:18,471 - INFO - [AUDIT] - Action: 0, Confidence: 1.0000, Safety Mode: SAFE_HOLD, Override: Safe hold mode active
2025-05-28 04:02:18,471 - INFO - [AUDIT] - Action: 0, Confidence: 1.0000, Safety Mode: SAFE_HOLD, Override: Safe hold mode active
2025-05-28 04:02:18,471 - INFO - [AUDIT] - Action: 0, Confidence: 1.0000, Safety Mode: SAFE_HOLD, Override: Safe hold mode active
2025-05-28 04:02:18,471 - INFO - [AUDIT] - Action: 0, Confidence: 1.0000, Safety Mode: SAFE_HOLD, Override: Safe hold mode active
2025-05-28 04:02:18,471 - INFO - [AUDIT] - Action: 0, Confidence: 1.0000, Safety Mode: SAFE_HOLD, Override: Safe hold mode active
2025-05-28 04:02:18,472 - INFO - [AUDIT] - Action: 0, Confidence: 1.0000, Safety Mode: SAFE_HOLD, Override: Safe hold mode active
2025-05-28 04:02:18,472 - INFO - [AUDIT] - Action: 0, Confidence: 1.0000, Safety Mode: SAFE_HOLD, Override: Safe hold mode active
2025-05-28 04:02:18,472 - INFO - [AUDIT] - Action: 0, Confidence: 1.0000, Safety Mode: SAFE_HOLD, Override: Safe hold mode active
2025-05-28 04:02:18,472 - INFO - [AUDIT] - Action: 0, Confidence: 1.0000, Safety Mode: SAFE_HOLD, Override: Safe hold mode active
2025-05-28 04:02:18,472 - INFO - [AUDIT] - Action: 0, Confidence: 1.0000, Safety Mode: SAFE_HOLD, Override: Safe hold mode active
2025-05-28 04:02:18,472 - INFO - [AUDIT] - Action: 0, Confidence: 1.0000, Safety Mode: SAFE_HOLD, Override: Safe hold mode active
2025-05-28 04:02:18,473 - INFO - [AUDIT] - Action: 0, Confidence: 1.0000, Safety Mode: SAFE_HOLD, Override: Safe hold mode active
2025-05-28 04:02:18,473 - INFO - [AUDIT] - Action: 0, Confidence: 1.0000, Safety Mode: SAFE_HOLD, Override: Safe hold mode active
2025-05-28 04:02:18,473 - INFO - [AUDIT] - Action: 0, Confidence: 1.0000, Safety Mode: SAFE_HOLD, Override: Safe hold mode active
2025-05-28 04:02:18,473 - INFO - [AUDIT] - Action: 0, Confidence: 1.0000, Safety Mode: SAFE_HOLD, Override: Safe hold mode active
2025-05-28 04:02:18,473 - INFO - [AUDIT] - Action: 0, Confidence: 1.0000, Safety Mode: SAFE_HOLD, Override: Safe hold mode active
2025-05-28 04:02:18,474 - INFO - [AUDIT] - Action: 0, Confidence: 1.0000, Safety Mode: SAFE_HOLD, Override: Safe hold mode active
2025-05-28 04:02:18,474 - INFO - [AUDIT] - Action: 0, Confidence: 1.0000, Safety Mode: SAFE_HOLD, Override: Safe hold mode active
2025-05-28 04:02:18,474 - INFO - [AUDIT] - Action: 0, Confidence: 1.0000, Safety Mode: SAFE_HOLD, Override: Safe hold mode active
2025-05-28 04:02:18,474 - INFO - [AUDIT] - Action: 0, Confidence: 1.0000, Safety Mode: SAFE_HOLD, Override: Safe hold mode active
2025-05-28 04:02:18,474 - INFO - [AUDIT] - Action: 0, Confidence: 1.0000, Safety Mode: SAFE_HOLD, Override: Safe hold mode active
2025-05-28 04:02:18,475 - INFO - [AUDIT] - Action: 0, Confidence: 1.0000, Safety Mode: SAFE_HOLD, Override: Safe hold mode active
2025-05-28 04:02:18,475 - INFO - [AUDIT] - Action: 0, Confidence: 1.0000, Safety Mode: SAFE_HOLD, Override: Safe hold mode active
2025-05-28 04:02:18,475 - INFO - [AUDIT] - Action: 0, Confidence: 1.0000, Safety Mode: SAFE_HOLD, Override: Safe hold mode active
2025-05-28 04:02:18,475 - INFO - [AUDIT] - Action: 0, Confidence: 1.0000, Safety Mode: SAFE_HOLD, Override: Safe hold mode active
2025-05-28 04:02:18,475 - INFO - [AUDIT] - Action: 0, Confidence: 1.0000, Safety Mode: SAFE_HOLD, Override: Safe hold mode active
2025-05-28 04:02:18,476 - INFO - [AUDIT] - Action: 0, Confidence: 1.0000, Safety Mode: SAFE_HOLD, Override: Safe hold mode active
2025-05-28 04:02:18,476 - INFO - [AUDIT] - Action: 0, Confidence: 1.0000, Safety Mode: SAFE_HOLD, Override: Safe hold mode active
2025-05-28 04:02:18,476 - INFO - [AUDIT] - Action: 0, Confidence: 1.0000, Safety Mode: SAFE_HOLD, Override: Safe hold mode active
2025-05-28 04:02:18,476 - INFO - [AUDIT] - Action: 0, Confidence: 1.0000, Safety Mode: SAFE_HOLD, Override: Safe hold mode active
2025-05-28 04:02:18,476 - INFO - [AUDIT] - Action: 0, Confidence: 1.0000, Safety Mode: SAFE_HOLD, Override: Safe hold mode active
2025-05-28 04:02:18,477 - INFO - [AUDIT] - Action: 0, Confidence: 1.0000, Safety Mode: SAFE_HOLD, Override: Safe hold mode active
2025-05-28 04:02:18,477 - INFO - [AUDIT] - Action: 0, Confidence: 1.0000, Safety Mode: SAFE_HOLD, Override: Safe hold mode active
2025-05-28 04:02:18,477 - INFO - [AUDIT] - Action: 0, Confidence: 1.0000, Safety Mode: SAFE_HOLD, Override: Safe hold mode active
2025-05-28 04:02:18,477 - INFO - [AUDIT] - Action: 0, Confidence: 1.0000, Safety Mode: SAFE_HOLD, Override: Safe hold mode active
2025-05-28 04:02:18,477 - INFO - [AUDIT] - Action: 0, Confidence: 1.0000, Safety Mode: SAFE_HOLD, Override: Safe hold mode active
2025-05-28 04:02:18,478 - INFO - [AUDIT] - Action: 0, Confidence: 1.0000, Safety Mode: SAFE_HOLD, Override: Safe hold mode active
2025-05-28 04:02:18,478 - INFO - [AUDIT] - Action: 0, Confidence: 1.0000, Safety Mode: SAFE_HOLD, Override: Safe hold mode active
2025-05-28 04:02:18,478 - INFO - [AUDIT] - Action: 0, Confidence: 1.0000, Safety Mode: SAFE_HOLD, Override: Safe hold mode active
2025-05-28 04:02:18,478 - INFO - [AUDIT] - Action: 0, Confidence: 1.0000, Safety Mode: SAFE_HOLD, Override: Safe hold mode active
2025-05-28 04:02:18,478 - INFO - [AUDIT] - Action: 0, Confidence: 1.0000, Safety Mode: SAFE_HOLD, Override: Safe hold mode active
2025-05-28 04:02:18,479 - INFO - [AUDIT] - Action: 0, Confidence: 1.0000, Safety Mode: SAFE_HOLD, Override: Safe hold mode active
2025-05-28 04:02:18,479 - INFO - [AUDIT] - Action: 0, Confidence: 1.0000, Safety Mode: SAFE_HOLD, Override: Safe hold mode active
2025-05-28 04:02:18,479 - INFO - [AUDIT] - Action: 0, Confidence: 1.0000, Safety Mode: SAFE_HOLD, Override: Safe hold mode active
2025-05-28 04:02:18,479 - INFO - [AUDIT] - Action: 0, Confidence: 1.0000, Safety Mode: SAFE_HOLD, Override: Safe hold mode active
2025-05-28 04:02:18,479 - INFO - [AUDIT] - Action: 0, Confidence: 1.0000, Safety Mode: SAFE_HOLD, Override: Safe hold mode active
2025-05-28 04:02:18,480 - INFO - [AUDIT] - Action: 0, Confidence: 1.0000, Safety Mode: SAFE_HOLD, Override: Safe hold mode active
2025-05-28 04:02:18,480 - INFO - [AUDIT] - Action: 0, Confidence: 1.0000, Safety Mode: SAFE_HOLD, Override: Safe hold mode active
2025-05-28 04:02:18,480 - INFO - [AUDIT] - Action: 0, Confidence: 1.0000, Safety Mode: SAFE_HOLD, Override: Safe hold mode active
2025-05-28 04:02:18,480 - INFO - [AUDIT] - Action: 0, Confidence: 1.0000, Safety Mode: SAFE_HOLD, Override: Safe hold mode active
2025-05-28 04:02:18,480 - INFO - [AUDIT] - Action: 0, Confidence: 1.0000, Safety Mode: SAFE_HOLD, Override: Safe hold mode active
2025-05-28 04:02:18,480 - INFO - [AUDIT] - Action: 0, Confidence: 1.0000, Safety Mode: SAFE_HOLD, Override: Safe hold mode active
2025-05-28 04:02:18,481 - INFO - [AUDIT] - Action: 0, Confidence: 1.0000, Safety Mode: SAFE_HOLD, Override: Safe hold mode active
2025-05-28 04:02:18,481 - INFO - [AUDIT] - Action: 0, Confidence: 1.0000, Safety Mode: SAFE_HOLD, Override: Safe hold mode active
2025-05-28 04:02:18,481 - INFO - [AUDIT] - Action: 0, Confidence: 1.0000, Safety Mode: SAFE_HOLD, Override: Safe hold mode active
2025-05-28 04:02:18,481 - INFO - [AUDIT] - Action: 0, Confidence: 1.0000, Safety Mode: SAFE_HOLD, Override: Safe hold mode active
2025-05-28 04:02:18,481 - INFO - [AUDIT] - Action: 0, Confidence: 1.0000, Safety Mode: SAFE_HOLD, Override: Safe hold mode active
2025-05-28 04:02:18,482 - INFO - [AUDIT] - Action: 0, Confidence: 1.0000, Safety Mode: SAFE_HOLD, Override: Safe hold mode active
2025-05-28 04:02:18,482 - INFO - [AUDIT] - Action: 0, Confidence: 1.0000, Safety Mode: SAFE_HOLD, Override: Safe hold mode active
2025-05-28 04:02:18,482 - INFO - [AUDIT] - Action: 0, Confidence: 1.0000, Safety Mode: SAFE_HOLD, Override: Safe hold mode active
2025-05-28 04:02:18,482 - INFO - [AUDIT] - Action: 0, Confidence: 1.0000, Safety Mode: SAFE_HOLD, Override: Safe hold mode active
2025-05-28 04:02:18,482 - INFO - [AUDIT] - Action: 0, Confidence: 1.0000, Safety Mode: SAFE_HOLD, Override: Safe hold mode active
2025-05-28 04:02:18,483 - INFO - [AUDIT] - Action: 0, Confidence: 1.0000, Safety Mode: SAFE_HOLD, Override: Safe hold mode active
2025-05-28 04:02:18,483 - INFO - [AUDIT] - Action: 0, Confidence: 1.0000, Safety Mode: SAFE_HOLD, Override: Safe hold mode active
2025-05-28 04:02:18,483 - INFO - [AUDIT] - Action: 0, Confidence: 1.0000, Safety Mode: SAFE_HOLD, Override: Safe hold mode active
2025-05-28 04:02:18,483 - INFO - [AUDIT] - Action: 0, Confidence: 1.0000, Safety Mode: SAFE_HOLD, Override: Safe hold mode active
2025-05-28 04:02:18,483 - INFO - [AUDIT] - Action: 0, Confidence: 1.0000, Safety Mode: SAFE_HOLD, Override: Safe hold mode active
2025-05-28 04:02:18,484 - INFO - [AUDIT] - Action: 0, Confidence: 1.0000, Safety Mode: SAFE_HOLD, Override: Safe hold mode active
2025-05-28 04:02:18,484 - INFO - [AUDIT] - Action: 0, Confidence: 1.0000, Safety Mode: SAFE_HOLD, Override: Safe hold mode active
2025-05-28 04:02:18,484 - INFO - [AUDIT] - Action: 0, Confidence: 1.0000, Safety Mode: SAFE_HOLD, Override: Safe hold mode active
2025-05-28 04:02:18,484 - INFO - [AUDIT] - Action: 0, Confidence: 1.0000, Safety Mode: SAFE_HOLD, Override: Safe hold mode active
2025-05-28 04:02:18,484 - INFO - [AUDIT] - Action: 0, Confidence: 1.0000, Safety Mode: SAFE_HOLD, Override: Safe hold mode active
2025-05-28 04:02:18,485 - INFO - [AUDIT] - Action: 0, Confidence: 1.0000, Safety Mode: SAFE_HOLD, Override: Safe hold mode active
2025-05-28 04:02:18,485 - INFO - [AUDIT] - Action: 0, Confidence: 1.0000, Safety Mode: SAFE_HOLD, Override: Safe hold mode active
2025-05-28 04:02:18,485 - INFO - [AUDIT] - Action: 0, Confidence: 1.0000, Safety Mode: SAFE_HOLD, Override: Safe hold mode active
2025-05-28 04:02:18,485 - INFO - [AUDIT] - Action: 0, Confidence: 1.0000, Safety Mode: SAFE_HOLD, Override: Safe hold mode active
2025-05-28 04:02:18,485 - INFO - [AUDIT] - Action: 0, Confidence: 1.0000, Safety Mode: SAFE_HOLD, Override: Safe hold mode active
2025-05-28 04:02:18,486 - INFO - [AUDIT] - Action: 0, Confidence: 1.0000, Safety Mode: SAFE_HOLD, Override: Safe hold mode active
2025-05-28 04:02:18,486 - INFO - [AUDIT] - Action: 0, Confidence: 1.0000, Safety Mode: SAFE_HOLD, Override: Safe hold mode active
2025-05-28 04:02:18,486 - INFO - [AUDIT] - Action: 0, Confidence: 1.0000, Safety Mode: SAFE_HOLD, Override: Safe hold mode active
2025-05-28 04:02:18,486 - INFO - [AUDIT] - Action: 0, Confidence: 1.0000, Safety Mode: SAFE_HOLD, Override: Safe hold mode active
2025-05-28 04:02:18,486 - INFO - [AUDIT] - Action: 0, Confidence: 1.0000, Safety Mode: SAFE_HOLD, Override: Safe hold mode active
2025-05-28 04:02:18,487 - INFO - [AUDIT] - Action: 0, Confidence: 1.0000, Safety Mode: SAFE_HOLD, Override: Safe hold mode active
2025-05-28 04:02:18,487 - INFO - [AUDIT] - Action: 0, Confidence: 1.0000, Safety Mode: SAFE_HOLD, Override: Safe hold mode active
2025-05-28 04:02:18,487 - INFO - [AUDIT] - Action: 0, Confidence: 1.0000, Safety Mode: SAFE_HOLD, Override: Safe hold mode active
2025-05-28 04:02:18,487 - INFO - [AUDIT] - Action: 0, Confidence: 1.0000, Safety Mode: SAFE_HOLD, Override: Safe hold mode active
2025-05-28 04:02:18,487 - INFO - [AUDIT] - Action: 0, Confidence: 1.0000, Safety Mode: SAFE_HOLD, Override: Safe hold mode active
2025-05-28 04:02:18,487 - INFO - [AUDIT] - Action: 0, Confidence: 1.0000, Safety Mode: SAFE_HOLD, Override: Safe hold mode active
2025-05-28 04:02:18,488 - INFO - [AUDIT] - Action: 0, Confidence: 1.0000, Safety Mode: SAFE_HOLD, Override: Safe hold mode active
2025-05-28 04:02:18,488 - INFO - [AUDIT] - Action: 0, Confidence: 1.0000, Safety Mode: SAFE_HOLD, Override: Safe hold mode active
2025-05-28 04:02:18,488 - INFO - [AUDIT] - Action: 0, Confidence: 1.0000, Safety Mode: SAFE_HOLD, Override: Safe hold mode active
2025-05-28 04:02:18,488 - INFO - [AUDIT] - Action: 0, Confidence: 1.0000, Safety Mode: SAFE_HOLD, Override: Safe hold mode active
2025-05-28 04:02:18,488 - INFO - [AUDIT] - Action: 0, Confidence: 1.0000, Safety Mode: SAFE_HOLD, Override: Safe hold mode active
2025-05-28 04:02:18,489 - INFO - [AUDIT] - Action: 0, Confidence: 1.0000, Safety Mode: SAFE_HOLD, Override: Safe hold mode active
2025-05-28 04:02:18,489 - INFO - [AUDIT] - Action: 0, Confidence: 1.0000, Safety Mode: SAFE_HOLD, Override: Safe hold mode active
2025-05-28 04:02:18,489 - INFO - [AUDIT] - Action: 0, Confidence: 1.0000, Safety Mode: SAFE_HOLD, Override: Safe hold mode active
2025-05-28 04:02:18,489 - INFO - [AUDIT] - Action: 0, Confidence: 1.0000, Safety Mode: SAFE_HOLD, Override: Safe hold mode active
2025-05-28 04:02:18,489 - INFO - [AUDIT] - Action: 0, Confidence: 1.0000, Safety Mode: SAFE_HOLD, Override: Safe hold mode active
2025-05-28 04:02:18,490 - INFO - [AUDIT] - Action: 0, Confidence: 1.0000, Safety Mode: SAFE_HOLD, Override: Safe hold mode active
2025-05-28 04:02:18,490 - INFO - [AUDIT] - Action: 0, Confidence: 1.0000, Safety Mode: SAFE_HOLD, Override: Safe hold mode active
2025-05-28 04:02:18,490 - INFO - [AUDIT] - Action: 0, Confidence: 1.0000, Safety Mode: SAFE_HOLD, Override: Safe hold mode active
2025-05-28 04:02:18,490 - INFO - [AUDIT] - Action: 0, Confidence: 1.0000, Safety Mode: SAFE_HOLD, Override: Safe hold mode active
2025-05-28 04:02:18,490 - INFO - [AUDIT] - Action: 0, Confidence: 1.0000, Safety Mode: SAFE_HOLD, Override: Safe hold mode active
2025-05-28 04:02:18,491 - INFO - [AUDIT] - Action: 0, Confidence: 1.0000, Safety Mode: SAFE_HOLD, Override: Safe hold mode active
2025-05-28 04:02:18,491 - INFO - [AUDIT] - Action: 0, Confidence: 1.0000, Safety Mode: SAFE_HOLD, Override: Safe hold mode active
2025-05-28 04:02:18,491 - INFO - [AUDIT] - Action: 0, Confidence: 1.0000, Safety Mode: SAFE_HOLD, Override: Safe hold mode active
2025-05-28 04:02:18,491 - INFO - [AUDIT] - Action: 0, Confidence: 1.0000, Safety Mode: SAFE_HOLD, Override: Safe hold mode active
2025-05-28 04:02:18,491 - INFO - [AUDIT] - Action: 0, Confidence: 1.0000, Safety Mode: SAFE_HOLD, Override: Safe hold mode active
2025-05-28 04:02:18,492 - INFO - [AUDIT] - Action: 0, Confidence: 1.0000, Safety Mode: SAFE_HOLD, Override: Safe hold mode active
2025-05-28 04:02:18,492 - INFO - [AUDIT] - Action: 0, Confidence: 1.0000, Safety Mode: SAFE_HOLD, Override: Safe hold mode active
2025-05-28 04:02:18,492 - INFO - [AUDIT] - Action: 0, Confidence: 1.0000, Safety Mode: SAFE_HOLD, Override: Safe hold mode active
2025-05-28 04:02:18,492 - INFO - [AUDIT] - Action: 0, Confidence: 1.0000, Safety Mode: SAFE_HOLD, Override: Safe hold mode active
2025-05-28 04:02:18,492 - INFO - [AUDIT] - Action: 0, Confidence: 1.0000, Safety Mode: SAFE_HOLD, Override: Safe hold mode active
2025-05-28 04:02:18,493 - INFO - [AUDIT] - Action: 0, Confidence: 1.0000, Safety Mode: SAFE_HOLD, Override: Safe hold mode active
2025-05-28 04:02:18,493 - INFO - [AUDIT] - Action: 0, Confidence: 1.0000, Safety Mode: SAFE_HOLD, Override: Safe hold mode active
2025-05-28 04:02:18,493 - INFO - [AUDIT] - Action: 0, Confidence: 1.0000, Safety Mode: SAFE_HOLD, Override: Safe hold mode active
2025-05-28 04:02:18,493 - INFO - [AUDIT] - Action: 0, Confidence: 1.0000, Safety Mode: SAFE_HOLD, Override: Safe hold mode active
2025-05-28 04:02:18,494 - INFO - [AUDIT] - Action: 0, Confidence: 1.0000, Safety Mode: SAFE_HOLD, Override: Safe hold mode active
2025-05-28 04:02:18,494 - INFO - [AUDIT] - Action: 0, Confidence: 1.0000, Safety Mode: SAFE_HOLD, Override: Safe hold mode active
2025-05-28 04:02:18,494 - INFO - [AUDIT] - Action: 0, Confidence: 1.0000, Safety Mode: SAFE_HOLD, Override: Safe hold mode active
2025-05-28 04:02:18,494 - INFO - [AUDIT] - Action: 0, Confidence: 1.0000, Safety Mode: SAFE_HOLD, Override: Safe hold mode active
2025-05-28 04:02:18,494 - INFO - [AUDIT] - Action: 0, Confidence: 1.0000, Safety Mode: SAFE_HOLD, Override: Safe hold mode active
2025-05-28 04:02:18,495 - INFO - [AUDIT] - Action: 0, Confidence: 1.0000, Safety Mode: SAFE_HOLD, Override: Safe hold mode active
2025-05-28 04:02:18,495 - INFO - [AUDIT] - Action: 0, Confidence: 1.0000, Safety Mode: SAFE_HOLD, Override: Safe hold mode active
2025-05-28 04:02:18,495 - INFO - [AUDIT] - Action: 0, Confidence: 1.0000, Safety Mode: SAFE_HOLD, Override: Safe hold mode active
2025-05-28 04:02:18,495 - INFO - [AUDIT] - Action: 0, Confidence: 1.0000, Safety Mode: SAFE_HOLD, Override: Safe hold mode active
2025-05-28 04:02:18,495 - INFO - [AUDIT] - Action: 0, Confidence: 1.0000, Safety Mode: SAFE_HOLD, Override: Safe hold mode active
2025-05-28 04:02:18,495 - INFO - [AUDIT] - Action: 0, Confidence: 1.0000, Safety Mode: SAFE_HOLD, Override: Safe hold mode active
2025-05-28 04:02:18,496 - INFO - [AUDIT] - Action: 0, Confidence: 1.0000, Safety Mode: SAFE_HOLD, Override: Safe hold mode active
2025-05-28 04:02:18,496 - INFO - [AUDIT] - Action: 0, Confidence: 1.0000, Safety Mode: SAFE_HOLD, Override: Safe hold mode active
2025-05-28 04:02:18,496 - INFO - [AUDIT] - Action: 0, Confidence: 1.0000, Safety Mode: SAFE_HOLD, Override: Safe hold mode active
2025-05-28 04:02:18,496 - INFO - [AUDIT] - Action: 0, Confidence: 1.0000, Safety Mode: SAFE_HOLD, Override: Safe hold mode active
2025-05-28 04:02:18,496 - INFO - [AUDIT] - Action: 0, Confidence: 1.0000, Safety Mode: SAFE_HOLD, Override: Safe hold mode active
2025-05-28 04:02:18,497 - INFO - [AUDIT] - Action: 0, Confidence: 1.0000, Safety Mode: SAFE_HOLD, Override: Safe hold mode active
2025-05-28 04:02:18,497 - INFO - [AUDIT] - Action: 0, Confidence: 1.0000, Safety Mode: SAFE_HOLD, Override: Safe hold mode active
2025-05-28 04:02:18,497 - INFO - [AUDIT] - Action: 0, Confidence: 1.0000, Safety Mode: SAFE_HOLD, Override: Safe hold mode active
2025-05-28 04:02:18,497 - INFO - [AUDIT] - Action: 0, Confidence: 1.0000, Safety Mode: SAFE_HOLD, Override: Safe hold mode active
2025-05-28 04:02:18,497 - INFO - [AUDIT] - Action: 0, Confidence: 1.0000, Safety Mode: SAFE_HOLD, Override: Safe hold mode active
2025-05-28 04:02:18,498 - INFO - [AUDIT] - Action: 0, Confidence: 1.0000, Safety Mode: SAFE_HOLD, Override: Safe hold mode active
2025-05-28 04:02:18,498 - INFO - [AUDIT] - Action: 0, Confidence: 1.0000, Safety Mode: SAFE_HOLD, Override: Safe hold mode active
2025-05-28 04:02:18,498 - INFO - [AUDIT] - Action: 0, Confidence: 1.0000, Safety Mode: SAFE_HOLD, Override: Safe hold mode active
2025-05-28 04:02:18,498 - INFO - [AUDIT] - Action: 0, Confidence: 1.0000, Safety Mode: SAFE_HOLD, Override: Safe hold mode active
2025-05-28 04:02:18,498 - INFO - [AUDIT] - Action: 0, Confidence: 1.0000, Safety Mode: SAFE_HOLD, Override: Safe hold mode active
2025-05-28 04:02:18,498 - INFO - [AUDIT] - Action: 0, Confidence: 1.0000, Safety Mode: SAFE_HOLD, Override: Safe hold mode active
2025-05-28 04:02:18,499 - INFO - [AUDIT] - Action: 0, Confidence: 1.0000, Safety Mode: SAFE_HOLD, Override: Safe hold mode active
2025-05-28 04:02:18,499 - INFO - [AUDIT] - Action: 0, Confidence: 1.0000, Safety Mode: SAFE_HOLD, Override: Safe hold mode active
2025-05-28 04:02:18,499 - INFO - [AUDIT] - Action: 0, Confidence: 1.0000, Safety Mode: SAFE_HOLD, Override: Safe hold mode active
2025-05-28 04:02:18,499 - INFO - [AUDIT] - Action: 0, Confidence: 1.0000, Safety Mode: SAFE_HOLD, Override: Safe hold mode active
2025-05-28 04:02:18,499 - INFO - [AUDIT] - Action: 0, Confidence: 1.0000, Safety Mode: SAFE_HOLD, Override: Safe hold mode active
2025-05-28 04:02:18,500 - INFO - [AUDIT] - Action: 0, Confidence: 1.0000, Safety Mode: SAFE_HOLD, Override: Safe hold mode active
2025-05-28 04:02:18,500 - INFO - [AUDIT] - Action: 0, Confidence: 1.0000, Safety Mode: SAFE_HOLD, Override: Safe hold mode active
2025-05-28 04:02:18,500 - INFO - [AUDIT] - Action: 0, Confidence: 1.0000, Safety Mode: SAFE_HOLD, Override: Safe hold mode active
2025-05-28 04:02:18,500 - INFO - [AUDIT] - Action: 0, Confidence: 1.0000, Safety Mode: SAFE_HOLD, Override: Safe hold mode active
2025-05-28 04:02:18,500 - INFO - [AUDIT] - Action: 0, Confidence: 1.0000, Safety Mode: SAFE_HOLD, Override: Safe hold mode active
2025-05-28 04:02:18,501 - INFO - [AUDIT] - Action: 0, Confidence: 1.0000, Safety Mode: SAFE_HOLD, Override: Safe hold mode active
2025-05-28 04:02:18,501 - INFO - [AUDIT] - Action: 0, Confidence: 1.0000, Safety Mode: SAFE_HOLD, Override: Safe hold mode active
2025-05-28 04:02:18,501 - INFO - [AUDIT] - Action: 0, Confidence: 1.0000, Safety Mode: SAFE_HOLD, Override: Safe hold mode active
2025-05-28 04:02:18,501 - INFO - [AUDIT] - Action: 0, Confidence: 1.0000, Safety Mode: SAFE_HOLD, Override: Safe hold mode active
2025-05-28 04:02:18,501 - INFO - [AUDIT] - Action: 0, Confidence: 1.0000, Safety Mode: SAFE_HOLD, Override: Safe hold mode active
2025-05-28 04:02:18,502 - INFO - [AUDIT] - Action: 0, Confidence: 1.0000, Safety Mode: SAFE_HOLD, Override: Safe hold mode active
2025-05-28 04:02:18,502 - INFO - [AUDIT] - Action: 0, Confidence: 1.0000, Safety Mode: SAFE_HOLD, Override: Safe hold mode active
2025-05-28 04:02:18,502 - INFO - [AUDIT] - Action: 0, Confidence: 1.0000, Safety Mode: SAFE_HOLD, Override: Safe hold mode active
2025-05-28 04:02:18,502 - INFO - [AUDIT] - Action: 0, Confidence: 1.0000, Safety Mode: SAFE_HOLD, Override: Safe hold mode active
2025-05-28 04:02:18,502 - INFO - [AUDIT] - Action: 0, Confidence: 1.0000, Safety Mode: SAFE_HOLD, Override: Safe hold mode active
2025-05-28 04:02:18,503 - INFO - [AUDIT] - Action: 0, Confidence: 1.0000, Safety Mode: SAFE_HOLD, Override: Safe hold mode active
2025-05-28 04:02:18,503 - INFO - [AUDIT] - Action: 0, Confidence: 1.0000, Safety Mode: SAFE_HOLD, Override: Safe hold mode active
2025-05-28 04:02:18,503 - INFO - [AUDIT] - Action: 0, Confidence: 1.0000, Safety Mode: SAFE_HOLD, Override: Safe hold mode active
2025-05-28 04:02:18,503 - INFO - [AUDIT] - Action: 0, Confidence: 1.0000, Safety Mode: SAFE_HOLD, Override: Safe hold mode active
2025-05-28 04:02:18,503 - INFO - [AUDIT] - Action: 0, Confidence: 1.0000, Safety Mode: SAFE_HOLD, Override: Safe hold mode active
2025-05-28 04:02:18,504 - INFO - [AUDIT] - Action: 0, Confidence: 1.0000, Safety Mode: SAFE_HOLD, Override: Safe hold mode active
2025-05-28 04:02:18,504 - INFO - [AUDIT] - Action: 0, Confidence: 1.0000, Safety Mode: SAFE_HOLD, Override: Safe hold mode active
2025-05-28 04:02:18,504 - INFO - [AUDIT] - Action: 0, Confidence: 1.0000, Safety Mode: SAFE_HOLD, Override: Safe hold mode active
2025-05-28 04:02:18,504 - INFO - [AUDIT] - Action: 0, Confidence: 1.0000, Safety Mode: SAFE_HOLD, Override: Safe hold mode active
2025-05-28 04:02:18,504 - INFO - [AUDIT] - Action: 0, Confidence: 1.0000, Safety Mode: SAFE_HOLD, Override: Safe hold mode active
2025-05-28 04:02:18,505 - INFO - [AUDIT] - Action: 0, Confidence: 1.0000, Safety Mode: SAFE_HOLD, Override: Safe hold mode active
2025-05-28 04:02:18,505 - INFO - [AUDIT] - Action: 0, Confidence: 1.0000, Safety Mode: SAFE_HOLD, Override: Safe hold mode active
2025-05-28 04:02:18,505 - INFO - [AUDIT] - Action: 0, Confidence: 1.0000, Safety Mode: SAFE_HOLD, Override: Safe hold mode active
2025-05-28 04:02:18,505 - INFO - [AUDIT] - Action: 0, Confidence: 1.0000, Safety Mode: SAFE_HOLD, Override: Safe hold mode active
2025-05-28 04:02:18,505 - INFO - [AUDIT] - Action: 0, Confidence: 1.0000, Safety Mode: SAFE_HOLD, Override: Safe hold mode active
2025-05-28 04:02:18,506 - INFO - [AUDIT] - Action: 0, Confidence: 1.0000, Safety Mode: SAFE_HOLD, Override: Safe hold mode active
2025-05-28 04:02:18,506 - INFO - [AUDIT] - Action: 0, Confidence: 1.0000, Safety Mode: SAFE_HOLD, Override: Safe hold mode active
2025-05-28 04:02:18,506 - INFO - [AUDIT] - Action: 0, Confidence: 1.0000, Safety Mode: SAFE_HOLD, Override: Safe hold mode active
2025-05-28 04:02:18,506 - INFO - [AUDIT] - Action: 0, Confidence: 1.0000, Safety Mode: SAFE_HOLD, Override: Safe hold mode active
2025-05-28 04:02:18,506 - INFO - [AUDIT] - Action: 0, Confidence: 1.0000, Safety Mode: SAFE_HOLD, Override: Safe hold mode active
2025-05-28 04:02:18,506 - INFO - [AUDIT] - Action: 0, Confidence: 1.0000, Safety Mode: SAFE_HOLD, Override: Safe hold mode active
2025-05-28 04:02:18,507 - INFO - [AUDIT] - Action: 0, Confidence: 1.0000, Safety Mode: SAFE_HOLD, Override: Safe hold mode active
2025-05-28 04:02:18,507 - INFO - [AUDIT] - Action: 0, Confidence: 1.0000, Safety Mode: SAFE_HOLD, Override: Safe hold mode active
2025-05-28 04:02:18,507 - INFO - [AUDIT] - Action: 0, Confidence: 1.0000, Safety Mode: SAFE_HOLD, Override: Safe hold mode active
2025-05-28 04:02:18,507 - INFO - [AUDIT] - Action: 0, Confidence: 1.0000, Safety Mode: SAFE_HOLD, Override: Safe hold mode active
2025-05-28 04:02:18,507 - INFO - [AUDIT] - Action: 0, Confidence: 1.0000, Safety Mode: SAFE_HOLD, Override: Safe hold mode active
2025-05-28 04:02:18,508 - INFO - [AUDIT] - Action: 0, Confidence: 1.0000, Safety Mode: SAFE_HOLD, Override: Safe hold mode active
2025-05-28 04:02:18,508 - INFO - [AUDIT] - Action: 0, Confidence: 1.0000, Safety Mode: SAFE_HOLD, Override: Safe hold mode active
2025-05-28 04:02:18,508 - INFO - [AUDIT] - Action: 0, Confidence: 1.0000, Safety Mode: SAFE_HOLD, Override: Safe hold mode active
2025-05-28 04:02:18,508 - INFO - [AUDIT] - Action: 0, Confidence: 1.0000, Safety Mode: SAFE_HOLD, Override: Safe hold mode active
2025-05-28 04:02:18,508 - INFO - [AUDIT] - Action: 0, Confidence: 1.0000, Safety Mode: SAFE_HOLD, Override: Safe hold mode active
2025-05-28 04:02:18,509 - INFO - [AUDIT] - Action: 0, Confidence: 1.0000, Safety Mode: SAFE_HOLD, Override: Safe hold mode active
2025-05-28 04:02:18,509 - INFO - [AUDIT] - Action: 0, Confidence: 1.0000, Safety Mode: SAFE_HOLD, Override: Safe hold mode active
2025-05-28 04:02:18,509 - INFO - [AUDIT] - Action: 0, Confidence: 1.0000, Safety Mode: SAFE_HOLD, Override: Safe hold mode active
2025-05-28 04:02:18,509 - INFO - [AUDIT] - Action: 0, Confidence: 1.0000, Safety Mode: SAFE_HOLD, Override: Safe hold mode active
2025-05-28 04:02:18,509 - INFO - [AUDIT] - Action: 0, Confidence: 1.0000, Safety Mode: SAFE_HOLD, Override: Safe hold mode active
2025-05-28 04:02:18,510 - INFO - [AUDIT] - Action: 0, Confidence: 1.0000, Safety Mode: SAFE_HOLD, Override: Safe hold mode active
2025-05-28 04:02:18,510 - INFO - [AUDIT] - Action: 0, Confidence: 1.0000, Safety Mode: SAFE_HOLD, Override: Safe hold mode active
2025-05-28 04:02:18,510 - INFO - [AUDIT] - Action: 0, Confidence: 1.0000, Safety Mode: SAFE_HOLD, Override: Safe hold mode active
2025-05-28 04:02:18,510 - INFO - [AUDIT] - Action: 0, Confidence: 1.0000, Safety Mode: SAFE_HOLD, Override: Safe hold mode active
2025-05-28 04:02:18,510 - INFO - [AUDIT] - Action: 0, Confidence: 1.0000, Safety Mode: SAFE_HOLD, Override: Safe hold mode active
2025-05-28 04:02:18,511 - INFO - [AUDIT] - Action: 0, Confidence: 1.0000, Safety Mode: SAFE_HOLD, Override: Safe hold mode active
2025-05-28 04:02:18,511 - INFO - [AUDIT] - Action: 0, Confidence: 1.0000, Safety Mode: SAFE_HOLD, Override: Safe hold mode active
2025-05-28 04:02:18,511 - INFO - [AUDIT] - Action: 0, Confidence: 1.0000, Safety Mode: SAFE_HOLD, Override: Safe hold mode active
2025-05-28 04:02:18,511 - INFO - [AUDIT] - Action: 0, Confidence: 1.0000, Safety Mode: SAFE_HOLD, Override: Safe hold mode active
2025-05-28 04:02:18,511 - INFO - [AUDIT] - Action: 0, Confidence: 1.0000, Safety Mode: SAFE_HOLD, Override: Safe hold mode active
2025-05-28 04:02:18,512 - INFO - [AUDIT] - Action: 0, Confidence: 1.0000, Safety Mode: SAFE_HOLD, Override: Safe hold mode active
2025-05-28 04:02:18,512 - INFO - [AUDIT] - Action: 0, Confidence: 1.0000, Safety Mode: SAFE_HOLD, Override: Safe hold mode active
2025-05-28 04:02:18,512 - INFO - [AUDIT] - Action: 0, Confidence: 1.0000, Safety Mode: SAFE_HOLD, Override: Safe hold mode active
2025-05-28 04:02:18,512 - INFO - [AUDIT] - Action: 0, Confidence: 1.0000, Safety Mode: SAFE_HOLD, Override: Safe hold mode active
2025-05-28 04:02:18,512 - INFO - [AUDIT] - Action: 0, Confidence: 1.0000, Safety Mode: SAFE_HOLD, Override: Safe hold mode active
2025-05-28 04:02:18,512 - INFO - [AUDIT] - Action: 0, Confidence: 1.0000, Safety Mode: SAFE_HOLD, Override: Safe hold mode active
2025-05-28 04:02:18,513 - INFO - [AUDIT] - Action: 0, Confidence: 1.0000, Safety Mode: SAFE_HOLD, Override: Safe hold mode active
2025-05-28 04:02:18,513 - INFO - [AUDIT] - Action: 0, Confidence: 1.0000, Safety Mode: SAFE_HOLD, Override: Safe hold mode active
2025-05-28 04:02:18,513 - INFO - [AUDIT] - Action: 0, Confidence: 1.0000, Safety Mode: SAFE_HOLD, Override: Safe hold mode active
2025-05-28 04:02:18,513 - INFO - [AUDIT] - Action: 0, Confidence: 1.0000, Safety Mode: SAFE_HOLD, Override: Safe hold mode active
2025-05-28 04:02:18,513 - INFO - [AUDIT] - Action: 0, Confidence: 1.0000, Safety Mode: SAFE_HOLD, Override: Safe hold mode active
2025-05-28 04:02:18,514 - INFO - [AUDIT] - Action: 0, Confidence: 1.0000, Safety Mode: SAFE_HOLD, Override: Safe hold mode active
2025-05-28 04:02:18,514 - INFO - [AUDIT] - Action: 0, Confidence: 1.0000, Safety Mode: SAFE_HOLD, Override: Safe hold mode active
2025-05-28 04:02:18,514 - INFO - [AUDIT] - Action: 0, Confidence: 1.0000, Safety Mode: SAFE_HOLD, Override: Safe hold mode active
2025-05-28 04:02:18,514 - INFO - [AUDIT] - Action: 0, Confidence: 1.0000, Safety Mode: SAFE_HOLD, Override: Safe hold mode active
2025-05-28 04:02:18,514 - INFO - [AUDIT] - Action: 0, Confidence: 1.0000, Safety Mode: SAFE_HOLD, Override: Safe hold mode active
2025-05-28 04:02:18,515 - INFO - [AUDIT] - Action: 0, Confidence: 1.0000, Safety Mode: SAFE_HOLD, Override: Safe hold mode active
2025-05-28 04:02:18,515 - INFO - [AUDIT] - Action: 0, Confidence: 1.0000, Safety Mode: SAFE_HOLD, Override: Safe hold mode active
2025-05-28 04:02:18,515 - INFO - [AUDIT] - Action: 0, Confidence: 1.0000, Safety Mode: SAFE_HOLD, Override: Safe hold mode active
2025-05-28 04:02:18,515 - INFO - [AUDIT] - Action: 0, Confidence: 1.0000, Safety Mode: SAFE_HOLD, Override: Safe hold mode active
2025-05-28 04:02:18,515 - INFO - [AUDIT] - Action: 0, Confidence: 1.0000, Safety Mode: SAFE_HOLD, Override: Safe hold mode active
2025-05-28 04:02:18,516 - INFO - [AUDIT] - Action: 0, Confidence: 1.0000, Safety Mode: SAFE_HOLD, Override: Safe hold mode active
2025-05-28 04:02:18,516 - INFO - [AUDIT] - Action: 0, Confidence: 1.0000, Safety Mode: SAFE_HOLD, Override: Safe hold mode active
2025-05-28 04:02:18,516 - INFO - [AUDIT] - Action: 0, Confidence: 1.0000, Safety Mode: SAFE_HOLD, Override: Safe hold mode active
2025-05-28 04:02:18,516 - INFO - [AUDIT] - Action: 0, Confidence: 1.0000, Safety Mode: SAFE_HOLD, Override: Safe hold mode active
2025-05-28 04:02:18,516 - INFO - [AUDIT] - Action: 0, Confidence: 1.0000, Safety Mode: SAFE_HOLD, Override: Safe hold mode active
2025-05-28 04:02:18,516 - INFO - [AUDIT] - Action: 0, Confidence: 1.0000, Safety Mode: SAFE_HOLD, Override: Safe hold mode active
2025-05-28 04:02:18,517 - INFO - [AUDIT] - Action: 0, Confidence: 1.0000, Safety Mode: SAFE_HOLD, Override: Safe hold mode active
2025-05-28 04:02:18,517 - INFO - [AUDIT] - Action: 0, Confidence: 1.0000, Safety Mode: SAFE_HOLD, Override: Safe hold mode active
2025-05-28 04:02:18,517 - INFO - [AUDIT] - Action: 0, Confidence: 1.0000, Safety Mode: SAFE_HOLD, Override: Safe hold mode active
2025-05-28 04:02:18,517 - INFO - [AUDIT] - Action: 0, Confidence: 1.0000, Safety Mode: SAFE_HOLD, Override: Safe hold mode active
2025-05-28 04:02:18,517 - INFO - [AUDIT] - Action: 0, Confidence: 1.0000, Safety Mode: SAFE_HOLD, Override: Safe hold mode active
2025-05-28 04:02:18,518 - INFO - [AUDIT] - Action: 0, Confidence: 1.0000, Safety Mode: SAFE_HOLD, Override: Safe hold mode active
2025-05-28 04:02:18,518 - INFO - [AUDIT] - Action: 0, Confidence: 1.0000, Safety Mode: SAFE_HOLD, Override: Safe hold mode active
2025-05-28 04:02:18,518 - INFO - [AUDIT] - Action: 0, Confidence: 1.0000, Safety Mode: SAFE_HOLD, Override: Safe hold mode active
2025-05-28 04:02:18,518 - INFO - [AUDIT] - Action: 0, Confidence: 1.0000, Safety Mode: SAFE_HOLD, Override: Safe hold mode active
2025-05-28 04:02:18,519 - INFO - [AUDIT] - Action: 0, Confidence: 1.0000, Safety Mode: SAFE_HOLD, Override: Safe hold mode active
2025-05-28 04:02:18,519 - INFO - [AUDIT] - Action: 0, Confidence: 1.0000, Safety Mode: SAFE_HOLD, Override: Safe hold mode active
2025-05-28 04:02:18,519 - INFO - [AUDIT] - Action: 0, Confidence: 1.0000, Safety Mode: SAFE_HOLD, Override: Safe hold mode active
2025-05-28 04:02:18,519 - INFO - [AUDIT] - Action: 0, Confidence: 1.0000, Safety Mode: SAFE_HOLD, Override: Safe hold mode active
2025-05-28 04:02:18,519 - INFO - [AUDIT] - Action: 0, Confidence: 1.0000, Safety Mode: SAFE_HOLD, Override: Safe hold mode active
2025-05-28 04:02:18,520 - INFO - [AUDIT] - Action: 0, Confidence: 1.0000, Safety Mode: SAFE_HOLD, Override: Safe hold mode active
2025-05-28 04:02:18,520 - INFO - [AUDIT] - Action: 0, Confidence: 1.0000, Safety Mode: SAFE_HOLD, Override: Safe hold mode active
2025-05-28 04:02:18,520 - INFO - [AUDIT] - Action: 0, Confidence: 1.0000, Safety Mode: SAFE_HOLD, Override: Safe hold mode active
2025-05-28 04:02:18,520 - INFO - [AUDIT] - Action: 0, Confidence: 1.0000, Safety Mode: SAFE_HOLD, Override: Safe hold mode active
2025-05-28 04:02:18,520 - INFO - [AUDIT] - Action: 0, Confidence: 1.0000, Safety Mode: SAFE_HOLD, Override: Safe hold mode active
2025-05-28 04:02:18,521 - INFO - [AUDIT] - Action: 0, Confidence: 1.0000, Safety Mode: SAFE_HOLD, Override: Safe hold mode active
2025-05-28 04:02:18,521 - INFO - [AUDIT] - Action: 0, Confidence: 1.0000, Safety Mode: SAFE_HOLD, Override: Safe hold mode active
2025-05-28 04:02:18,521 - INFO - [AUDIT] - Action: 0, Confidence: 1.0000, Safety Mode: SAFE_HOLD, Override: Safe hold mode active
2025-05-28 04:02:18,521 - INFO - [AUDIT] - Action: 0, Confidence: 1.0000, Safety Mode: SAFE_HOLD, Override: Safe hold mode active
2025-05-28 04:02:18,521 - INFO - [AUDIT] - Action: 0, Confidence: 1.0000, Safety Mode: SAFE_HOLD, Override: Safe hold mode active
2025-05-28 04:02:18,521 - INFO - [AUDIT] - Action: 0, Confidence: 1.0000, Safety Mode: SAFE_HOLD, Override: Safe hold mode active
2025-05-28 04:02:18,522 - INFO - [AUDIT] - Action: 0, Confidence: 1.0000, Safety Mode: SAFE_HOLD, Override: Safe hold mode active
2025-05-28 04:02:18,522 - INFO - [AUDIT] - Action: 0, Confidence: 1.0000, Safety Mode: SAFE_HOLD, Override: Safe hold mode active
2025-05-28 04:02:18,522 - INFO - [AUDIT] - Action: 0, Confidence: 1.0000, Safety Mode: SAFE_HOLD, Override: Safe hold mode active
2025-05-28 04:02:18,522 - INFO - [AUDIT] - Action: 0, Confidence: 1.0000, Safety Mode: SAFE_HOLD, Override: Safe hold mode active
2025-05-28 04:02:18,522 - INFO - [AUDIT] - Action: 0, Confidence: 1.0000, Safety Mode: SAFE_HOLD, Override: Safe hold mode active
2025-05-28 04:02:18,523 - INFO - [AUDIT] - Action: 0, Confidence: 1.0000, Safety Mode: SAFE_HOLD, Override: Safe hold mode active
2025-05-28 04:02:18,523 - INFO - [AUDIT] - Action: 0, Confidence: 1.0000, Safety Mode: SAFE_HOLD, Override: Safe hold mode active
2025-05-28 04:02:18,523 - INFO - [AUDIT] - Action: 0, Confidence: 1.0000, Safety Mode: SAFE_HOLD, Override: Safe hold mode active
2025-05-28 04:02:18,523 - INFO - [AUDIT] - Action: 0, Confidence: 1.0000, Safety Mode: SAFE_HOLD, Override: Safe hold mode active
2025-05-28 04:02:18,523 - INFO - [AUDIT] - Action: 0, Confidence: 1.0000, Safety Mode: SAFE_HOLD, Override: Safe hold mode active
2025-05-28 04:02:18,524 - INFO - [AUDIT] - Action: 0, Confidence: 1.0000, Safety Mode: SAFE_HOLD, Override: Safe hold mode active
2025-05-28 04:02:18,524 - INFO - [AUDIT] - Action: 0, Confidence: 1.0000, Safety Mode: SAFE_HOLD, Override: Safe hold mode active
2025-05-28 04:02:18,524 - INFO - [AUDIT] - Action: 0, Confidence: 1.0000, Safety Mode: SAFE_HOLD, Override: Safe hold mode active
2025-05-28 04:02:18,524 - INFO - [AUDIT] - Action: 0, Confidence: 1.0000, Safety Mode: SAFE_HOLD, Override: Safe hold mode active
2025-05-28 04:02:18,524 - INFO - [AUDIT] - Action: 0, Confidence: 1.0000, Safety Mode: SAFE_HOLD, Override: Safe hold mode active
2025-05-28 04:02:18,525 - INFO - [AUDIT] - Action: 0, Confidence: 1.0000, Safety Mode: SAFE_HOLD, Override: Safe hold mode active
2025-05-28 04:02:18,525 - INFO - [AUDIT] - Action: 0, Confidence: 1.0000, Safety Mode: SAFE_HOLD, Override: Safe hold mode active
2025-05-28 04:02:18,525 - INFO - [AUDIT] - Action: 0, Confidence: 1.0000, Safety Mode: SAFE_HOLD, Override: Safe hold mode active
2025-05-28 04:02:18,525 - INFO - [AUDIT] - Action: 0, Confidence: 1.0000, Safety Mode: SAFE_HOLD, Override: Safe hold mode active
2025-05-28 04:02:18,525 - INFO - [AUDIT] - Action: 0, Confidence: 1.0000, Safety Mode: SAFE_HOLD, Override: Safe hold mode active
2025-05-28 04:02:18,525 - INFO - [AUDIT] - Action: 0, Confidence: 1.0000, Safety Mode: SAFE_HOLD, Override: Safe hold mode active
2025-05-28 04:02:18,526 - INFO - [AUDIT] - Action: 0, Confidence: 1.0000, Safety Mode: SAFE_HOLD, Override: Safe hold mode active
2025-05-28 04:02:18,526 - INFO - [AUDIT] - Action: 0, Confidence: 1.0000, Safety Mode: SAFE_HOLD, Override: Safe hold mode active
2025-05-28 04:02:18,526 - INFO - [AUDIT] - Action: 0, Confidence: 1.0000, Safety Mode: SAFE_HOLD, Override: Safe hold mode active
2025-05-28 04:02:18,526 - INFO - [AUDIT] - Action: 0, Confidence: 1.0000, Safety Mode: SAFE_HOLD, Override: Safe hold mode active
2025-05-28 04:02:18,526 - INFO - [AUDIT] - Action: 0, Confidence: 1.0000, Safety Mode: SAFE_HOLD, Override: Safe hold mode active
2025-05-28 04:02:18,527 - INFO - [AUDIT] - Action: 0, Confidence: 1.0000, Safety Mode: SAFE_HOLD, Override: Safe hold mode active
2025-05-28 04:02:18,527 - INFO - [AUDIT] - Action: 0, Confidence: 1.0000, Safety Mode: SAFE_HOLD, Override: Safe hold mode active
2025-05-28 04:02:18,527 - INFO - [AUDIT] - Action: 0, Confidence: 1.0000, Safety Mode: SAFE_HOLD, Override: Safe hold mode active
2025-05-28 04:02:18,527 - INFO - [AUDIT] - Action: 0, Confidence: 1.0000, Safety Mode: SAFE_HOLD, Override: Safe hold mode active
2025-05-28 04:02:18,527 - INFO - [AUDIT] - Action: 0, Confidence: 1.0000, Safety Mode: SAFE_HOLD, Override: Safe hold mode active
2025-05-28 04:02:18,528 - INFO - [AUDIT] - Action: 0, Confidence: 1.0000, Safety Mode: SAFE_HOLD, Override: Safe hold mode active
2025-05-28 04:02:18,528 - INFO - [AUDIT] - Action: 0, Confidence: 1.0000, Safety Mode: SAFE_HOLD, Override: Safe hold mode active
2025-05-28 04:02:18,528 - INFO - [AUDIT] - Action: 0, Confidence: 1.0000, Safety Mode: SAFE_HOLD, Override: Safe hold mode active
2025-05-28 04:02:18,528 - INFO - [AUDIT] - Action: 0, Confidence: 1.0000, Safety Mode: SAFE_HOLD, Override: Safe hold mode active
2025-05-28 04:02:18,528 - INFO - [AUDIT] - Action: 0, Confidence: 1.0000, Safety Mode: SAFE_HOLD, Override: Safe hold mode active
2025-05-28 04:02:18,529 - INFO - [AUDIT] - Action: 0, Confidence: 1.0000, Safety Mode: SAFE_HOLD, Override: Safe hold mode active
2025-05-28 04:02:18,529 - INFO - [AUDIT] - Action: 0, Confidence: 1.0000, Safety Mode: SAFE_HOLD, Override: Safe hold mode active
2025-05-28 04:02:18,529 - INFO - [AUDIT] - Action: 0, Confidence: 1.0000, Safety Mode: SAFE_HOLD, Override: Safe hold mode active
2025-05-28 04:02:18,529 - INFO - [AUDIT] - Action: 0, Confidence: 1.0000, Safety Mode: SAFE_HOLD, Override: Safe hold mode active
2025-05-28 04:02:18,529 - INFO - [AUDIT] - Action: 0, Confidence: 1.0000, Safety Mode: SAFE_HOLD, Override: Safe hold mode active
2025-05-28 04:02:18,530 - INFO - [AUDIT] - Action: 0, Confidence: 1.0000, Safety Mode: SAFE_HOLD, Override: Safe hold mode active
2025-05-28 04:02:18,530 - INFO - [AUDIT] - Action: 0, Confidence: 1.0000, Safety Mode: SAFE_HOLD, Override: Safe hold mode active
2025-05-28 04:02:18,530 - INFO - [AUDIT] - Action: 0, Confidence: 1.0000, Safety Mode: SAFE_HOLD, Override: Safe hold mode active
2025-05-28 04:02:18,944 - INFO - [AUDIT] - Action: 0, Confidence: 1.0000, Safety Mode: SAFE_HOLD, Override: Safe hold mode active
2025-05-28 04:02:18,944 - INFO - [AUDIT] - Action: 0, Confidence: 1.0000, Safety Mode: SAFE_HOLD, Override: Safe hold mode active
2025-05-28 04:02:18,944 - INFO - [AUDIT] - Action: 0, Confidence: 1.0000, Safety Mode: SAFE_HOLD, Override: Safe hold mode active
2025-05-28 04:02:18,945 - INFO - [AUDIT] - Action: 0, Confidence: 1.0000, Safety Mode: SAFE_HOLD, Override: Safe hold mode active
2025-05-28 04:02:18,945 - INFO - [AUDIT] - Action: 0, Confidence: 1.0000, Safety Mode: SAFE_HOLD, Override: Safe hold mode active
2025-05-28 04:02:18,945 - INFO - [AUDIT] - Action: 0, Confidence: 1.0000, Safety Mode: SAFE_HOLD, Override: Safe hold mode active
2025-05-28 04:02:18,945 - INFO - [AUDIT] - Action: 0, Confidence: 1.0000, Safety Mode: SAFE_HOLD, Override: Safe hold mode active
2025-05-28 04:02:18,946 - INFO - [AUDIT] - Action: 0, Confidence: 1.0000, Safety Mode: SAFE_HOLD, Override: Safe hold mode active
2025-05-28 04:02:18,946 - INFO - [AUDIT] - Action: 0, Confidence: 1.0000, Safety Mode: SAFE_HOLD, Override: Safe hold mode active
2025-05-28 04:02:18,946 - INFO - [AUDIT] - Action: 0, Confidence: 1.0000, Safety Mode: SAFE_HOLD, Override: Safe hold mode active
2025-05-28 04:02:18,946 - INFO - [AUDIT] - Action: 0, Confidence: 1.0000, Safety Mode: SAFE_HOLD, Override: Safe hold mode active
2025-05-28 04:02:18,946 - INFO - [AUDIT] - Action: 0, Confidence: 1.0000, Safety Mode: SAFE_HOLD, Override: Safe hold mode active
2025-05-28 04:02:18,946 - INFO - [AUDIT] - Action: 0, Confidence: 1.0000, Safety Mode: SAFE_HOLD, Override: Safe hold mode active
2025-05-28 04:02:18,947 - INFO - [AUDIT] - Action: 0, Confidence: 1.0000, Safety Mode: SAFE_HOLD, Override: Safe hold mode active
2025-05-28 04:02:18,947 - INFO - [AUDIT] - Action: 0, Confidence: 1.0000, Safety Mode: SAFE_HOLD, Override: Safe hold mode active
2025-05-28 04:02:18,947 - INFO - [AUDIT] - Action: 0, Confidence: 1.0000, Safety Mode: SAFE_HOLD, Override: Safe hold mode active
2025-05-28 04:02:18,947 - INFO - [AUDIT] - Action: 0, Confidence: 1.0000, Safety Mode: SAFE_HOLD, Override: Safe hold mode active
2025-05-28 04:02:18,947 - INFO - [AUDIT] - Action: 0, Confidence: 1.0000, Safety Mode: SAFE_HOLD, Override: Safe hold mode active
2025-05-28 04:02:18,948 - INFO - [AUDIT] - Action: 0, Confidence: 1.0000, Safety Mode: SAFE_HOLD, Override: Safe hold mode active
2025-05-28 04:02:18,948 - INFO - [AUDIT] - Action: 0, Confidence: 1.0000, Safety Mode: SAFE_HOLD, Override: Safe hold mode active
2025-05-28 04:02:18,948 - INFO - [AUDIT] - Action: 0, Confidence: 1.0000, Safety Mode: SAFE_HOLD, Override: Safe hold mode active
2025-05-28 04:02:18,948 - INFO - [AUDIT] - Action: 0, Confidence: 1.0000, Safety Mode: SAFE_HOLD, Override: Safe hold mode active
2025-05-28 04:02:18,948 - INFO - [AUDIT] - Action: 0, Confidence: 1.0000, Safety Mode: SAFE_HOLD, Override: Safe hold mode active
2025-05-28 04:02:18,949 - INFO - [AUDIT] - Action: 0, Confidence: 1.0000, Safety Mode: SAFE_HOLD, Override: Safe hold mode active
2025-05-28 04:02:18,949 - INFO - [AUDIT] - Action: 0, Confidence: 1.0000, Safety Mode: SAFE_HOLD, Override: Safe hold mode active
2025-05-28 04:02:18,949 - INFO - [AUDIT] - Action: 0, Confidence: 1.0000, Safety Mode: SAFE_HOLD, Override: Safe hold mode active
2025-05-28 04:02:18,949 - INFO - [AUDIT] - Action: 0, Confidence: 1.0000, Safety Mode: SAFE_HOLD, Override: Safe hold mode active
2025-05-28 04:02:18,949 - INFO - [AUDIT] - Action: 0, Confidence: 1.0000, Safety Mode: SAFE_HOLD, Override: Safe hold mode active
2025-05-28 04:02:18,950 - INFO - [AUDIT] - Action: 0, Confidence: 1.0000, Safety Mode: SAFE_HOLD, Override: Safe hold mode active
2025-05-28 04:02:18,950 - INFO - [AUDIT] - Action: 0, Confidence: 1.0000, Safety Mode: SAFE_HOLD, Override: Safe hold mode active
2025-05-28 04:02:18,950 - INFO - [AUDIT] - Action: 0, Confidence: 1.0000, Safety Mode: SAFE_HOLD, Override: Safe hold mode active
2025-05-28 04:02:18,950 - INFO - [AUDIT] - Action: 0, Confidence: 1.0000, Safety Mode: SAFE_HOLD, Override: Safe hold mode active
2025-05-28 04:02:18,950 - INFO - [AUDIT] - Action: 0, Confidence: 1.0000, Safety Mode: SAFE_HOLD, Override: Safe hold mode active
2025-05-28 04:02:18,951 - INFO - [AUDIT] - Action: 0, Confidence: 1.0000, Safety Mode: SAFE_HOLD, Override: Safe hold mode active
2025-05-28 04:02:18,951 - INFO - [AUDIT] - Action: 0, Confidence: 1.0000, Safety Mode: SAFE_HOLD, Override: Safe hold mode active
2025-05-28 04:02:18,951 - INFO - [AUDIT] - Action: 0, Confidence: 1.0000, Safety Mode: SAFE_HOLD, Override: Safe hold mode active
2025-05-28 04:02:18,951 - INFO - [AUDIT] - Action: 0, Confidence: 1.0000, Safety Mode: SAFE_HOLD, Override: Safe hold mode active
2025-05-28 04:02:18,951 - INFO - [AUDIT] - Action: 0, Confidence: 1.0000, Safety Mode: SAFE_HOLD, Override: Safe hold mode active
2025-05-28 04:02:18,952 - INFO - [AUDIT] - Action: 0, Confidence: 1.0000, Safety Mode: SAFE_HOLD, Override: Safe hold mode active
2025-05-28 04:02:18,952 - INFO - [AUDIT] - Action: 0, Confidence: 1.0000, Safety Mode: SAFE_HOLD, Override: Safe hold mode active
2025-05-28 04:02:18,952 - INFO - [AUDIT] - Action: 0, Confidence: 1.0000, Safety Mode: SAFE_HOLD, Override: Safe hold mode active
2025-05-28 04:02:18,952 - INFO - [AUDIT] - Action: 0, Confidence: 1.0000, Safety Mode: SAFE_HOLD, Override: Safe hold mode active
2025-05-28 04:02:18,952 - INFO - [AUDIT] - Action: 0, Confidence: 1.0000, Safety Mode: SAFE_HOLD, Override: Safe hold mode active
2025-05-28 04:02:18,953 - INFO - [AUDIT] - Action: 0, Confidence: 1.0000, Safety Mode: SAFE_HOLD, Override: Safe hold mode active
2025-05-28 04:02:18,953 - INFO - [AUDIT] - Action: 0, Confidence: 1.0000, Safety Mode: SAFE_HOLD, Override: Safe hold mode active
2025-05-28 04:02:18,953 - INFO - [AUDIT] - Action: 0, Confidence: 1.0000, Safety Mode: SAFE_HOLD, Override: Safe hold mode active
2025-05-28 04:02:18,953 - INFO - [AUDIT] - Action: 0, Confidence: 1.0000, Safety Mode: SAFE_HOLD, Override: Safe hold mode active
2025-05-28 04:02:18,953 - INFO - [AUDIT] - Action: 0, Confidence: 1.0000, Safety Mode: SAFE_HOLD, Override: Safe hold mode active
2025-05-28 04:02:18,954 - INFO - [AUDIT] - Action: 0, Confidence: 1.0000, Safety Mode: SAFE_HOLD, Override: Safe hold mode active
2025-05-28 04:02:18,954 - INFO - [AUDIT] - Action: 0, Confidence: 1.0000, Safety Mode: SAFE_HOLD, Override: Safe hold mode active
2025-05-28 04:02:18,954 - INFO - [AUDIT] - Action: 0, Confidence: 1.0000, Safety Mode: SAFE_HOLD, Override: Safe hold mode active
2025-05-28 04:02:18,954 - INFO - [AUDIT] - Action: 0, Confidence: 1.0000, Safety Mode: SAFE_HOLD, Override: Safe hold mode active
2025-05-28 04:02:18,954 - INFO - [AUDIT] - Action: 0, Confidence: 1.0000, Safety Mode: SAFE_HOLD, Override: Safe hold mode active
2025-05-28 04:02:18,955 - INFO - [AUDIT] - Action: 0, Confidence: 1.0000, Safety Mode: SAFE_HOLD, Override: Safe hold mode active
2025-05-28 04:02:18,955 - INFO - [AUDIT] - Action: 0, Confidence: 1.0000, Safety Mode: SAFE_HOLD, Override: Safe hold mode active
2025-05-28 04:02:18,955 - INFO - [AUDIT] - Action: 0, Confidence: 1.0000, Safety Mode: SAFE_HOLD, Override: Safe hold mode active
2025-05-28 04:02:18,955 - INFO - [AUDIT] - Action: 0, Confidence: 1.0000, Safety Mode: SAFE_HOLD, Override: Safe hold mode active
2025-05-28 04:02:18,955 - INFO - [AUDIT] - Action: 0, Confidence: 1.0000, Safety Mode: SAFE_HOLD, Override: Safe hold mode active
2025-05-28 04:02:18,955 - INFO - [AUDIT] - Action: 0, Confidence: 1.0000, Safety Mode: SAFE_HOLD, Override: Safe hold mode active
2025-05-28 04:02:18,956 - INFO - [AUDIT] - Action: 0, Confidence: 1.0000, Safety Mode: SAFE_HOLD, Override: Safe hold mode active
2025-05-28 04:02:18,956 - INFO - [AUDIT] - Action: 0, Confidence: 1.0000, Safety Mode: SAFE_HOLD, Override: Safe hold mode active
2025-05-28 04:02:18,956 - INFO - [AUDIT] - Action: 0, Confidence: 1.0000, Safety Mode: SAFE_HOLD, Override: Safe hold mode active
2025-05-28 04:02:18,956 - INFO - [AUDIT] - Action: 0, Confidence: 1.0000, Safety Mode: SAFE_HOLD, Override: Safe hold mode active
2025-05-28 04:02:18,956 - INFO - [AUDIT] - Action: 0, Confidence: 1.0000, Safety Mode: SAFE_HOLD, Override: Safe hold mode active
2025-05-28 04:02:18,957 - INFO - [AUDIT] - Action: 0, Confidence: 1.0000, Safety Mode: SAFE_HOLD, Override: Safe hold mode active
2025-05-28 04:02:18,957 - INFO - [AUDIT] - Action: 0, Confidence: 1.0000, Safety Mode: SAFE_HOLD, Override: Safe hold mode active
2025-05-28 04:02:18,957 - INFO - [AUDIT] - Action: 0, Confidence: 1.0000, Safety Mode: SAFE_HOLD, Override: Safe hold mode active
2025-05-28 04:02:18,957 - INFO - [AUDIT] - Action: 0, Confidence: 1.0000, Safety Mode: SAFE_HOLD, Override: Safe hold mode active
2025-05-28 04:02:18,958 - INFO - [AUDIT] - Action: 0, Confidence: 1.0000, Safety Mode: SAFE_HOLD, Override: Safe hold mode active
2025-05-28 04:02:18,958 - INFO - [AUDIT] - Action: 0, Confidence: 1.0000, Safety Mode: SAFE_HOLD, Override: Safe hold mode active
2025-05-28 04:02:18,958 - INFO - [AUDIT] - Action: 0, Confidence: 1.0000, Safety Mode: SAFE_HOLD, Override: Safe hold mode active
2025-05-28 04:02:18,958 - INFO - [AUDIT] - Action: 0, Confidence: 1.0000, Safety Mode: SAFE_HOLD, Override: Safe hold mode active
2025-05-28 04:02:18,959 - INFO - [AUDIT] - Action: 0, Confidence: 1.0000, Safety Mode: SAFE_HOLD, Override: Safe hold mode active
2025-05-28 04:02:18,959 - INFO - [AUDIT] - Action: 0, Confidence: 1.0000, Safety Mode: SAFE_HOLD, Override: Safe hold mode active
2025-05-28 04:02:18,959 - INFO - [AUDIT] - Action: 0, Confidence: 1.0000, Safety Mode: SAFE_HOLD, Override: Safe hold mode active
2025-05-28 04:02:18,959 - INFO - [AUDIT] - Action: 0, Confidence: 1.0000, Safety Mode: SAFE_HOLD, Override: Safe hold mode active
2025-05-28 04:02:18,959 - INFO - [AUDIT] - Action: 0, Confidence: 1.0000, Safety Mode: SAFE_HOLD, Override: Safe hold mode active
2025-05-28 04:02:18,960 - INFO - [AUDIT] - Action: 0, Confidence: 1.0000, Safety Mode: SAFE_HOLD, Override: Safe hold mode active
2025-05-28 04:02:18,960 - INFO - [AUDIT] - Action: 0, Confidence: 1.0000, Safety Mode: SAFE_HOLD, Override: Safe hold mode active
2025-05-28 04:02:18,960 - INFO - [AUDIT] - Action: 0, Confidence: 1.0000, Safety Mode: SAFE_HOLD, Override: Safe hold mode active
2025-05-28 04:02:18,960 - INFO - [AUDIT] - Action: 0, Confidence: 1.0000, Safety Mode: SAFE_HOLD, Override: Safe hold mode active
2025-05-28 04:02:18,960 - INFO - [AUDIT] - Action: 0, Confidence: 1.0000, Safety Mode: SAFE_HOLD, Override: Safe hold mode active
2025-05-28 04:02:18,961 - INFO - [AUDIT] - Action: 0, Confidence: 1.0000, Safety Mode: SAFE_HOLD, Override: Safe hold mode active
2025-05-28 04:02:18,961 - INFO - [AUDIT] - Action: 0, Confidence: 1.0000, Safety Mode: SAFE_HOLD, Override: Safe hold mode active
2025-05-28 04:02:18,961 - INFO - [AUDIT] - Action: 0, Confidence: 1.0000, Safety Mode: SAFE_HOLD, Override: Safe hold mode active
2025-05-28 04:02:18,961 - INFO - [AUDIT] - Action: 0, Confidence: 1.0000, Safety Mode: SAFE_HOLD, Override: Safe hold mode active
2025-05-28 04:02:18,961 - INFO - [AUDIT] - Action: 0, Confidence: 1.0000, Safety Mode: SAFE_HOLD, Override: Safe hold mode active
2025-05-28 04:02:18,962 - INFO - [AUDIT] - Action: 0, Confidence: 1.0000, Safety Mode: SAFE_HOLD, Override: Safe hold mode active
2025-05-28 04:02:18,962 - INFO - [AUDIT] - Action: 0, Confidence: 1.0000, Safety Mode: SAFE_HOLD, Override: Safe hold mode active
2025-05-28 04:02:18,962 - INFO - [AUDIT] - Action: 0, Confidence: 1.0000, Safety Mode: SAFE_HOLD, Override: Safe hold mode active
2025-05-28 04:02:18,962 - INFO - [AUDIT] - Action: 0, Confidence: 1.0000, Safety Mode: SAFE_HOLD, Override: Safe hold mode active
2025-05-28 04:02:18,962 - INFO - [AUDIT] - Action: 0, Confidence: 1.0000, Safety Mode: SAFE_HOLD, Override: Safe hold mode active
2025-05-28 04:02:18,963 - INFO - [AUDIT] - Action: 0, Confidence: 1.0000, Safety Mode: SAFE_HOLD, Override: Safe hold mode active
2025-05-28 04:02:18,963 - INFO - [AUDIT] - Action: 0, Confidence: 1.0000, Safety Mode: SAFE_HOLD, Override: Safe hold mode active
2025-05-28 04:02:18,963 - INFO - [AUDIT] - Action: 0, Confidence: 1.0000, Safety Mode: SAFE_HOLD, Override: Safe hold mode active
2025-05-28 04:02:18,963 - INFO - [AUDIT] - Action: 0, Confidence: 1.0000, Safety Mode: SAFE_HOLD, Override: Safe hold mode active
2025-05-28 04:02:18,964 - INFO - [AUDIT] - Action: 0, Confidence: 1.0000, Safety Mode: SAFE_HOLD, Override: Safe hold mode active
2025-05-28 04:02:18,964 - INFO - [AUDIT] - Action: 0, Confidence: 1.0000, Safety Mode: SAFE_HOLD, Override: Safe hold mode active
2025-05-28 04:02:18,964 - INFO - [AUDIT] - Action: 0, Confidence: 1.0000, Safety Mode: SAFE_HOLD, Override: Safe hold mode active
2025-05-28 04:02:18,964 - INFO - [AUDIT] - Action: 0, Confidence: 1.0000, Safety Mode: SAFE_HOLD, Override: Safe hold mode active
2025-05-28 04:02:18,964 - INFO - [AUDIT] - Action: 0, Confidence: 1.0000, Safety Mode: SAFE_HOLD, Override: Safe hold mode active
2025-05-28 04:02:18,964 - INFO - [AUDIT] - Action: 0, Confidence: 1.0000, Safety Mode: SAFE_HOLD, Override: Safe hold mode active
2025-05-28 04:02:18,965 - INFO - [AUDIT] - Action: 0, Confidence: 1.0000, Safety Mode: SAFE_HOLD, Override: Safe hold mode active
2025-05-28 04:02:18,965 - INFO - [AUDIT] - Action: 0, Confidence: 1.0000, Safety Mode: SAFE_HOLD, Override: Safe hold mode active
2025-05-28 04:02:18,965 - INFO - [AUDIT] - Action: 0, Confidence: 1.0000, Safety Mode: SAFE_HOLD, Override: Safe hold mode active
2025-05-28 04:02:18,965 - INFO - [AUDIT] - Action: 0, Confidence: 1.0000, Safety Mode: SAFE_HOLD, Override: Safe hold mode active
2025-05-28 04:02:18,965 - INFO - [AUDIT] - Action: 0, Confidence: 1.0000, Safety Mode: SAFE_HOLD, Override: Safe hold mode active
2025-05-28 04:02:18,966 - INFO - [AUDIT] - Action: 0, Confidence: 1.0000, Safety Mode: SAFE_HOLD, Override: Safe hold mode active
2025-05-28 04:02:18,966 - INFO - [AUDIT] - Action: 0, Confidence: 1.0000, Safety Mode: SAFE_HOLD, Override: Safe hold mode active
2025-05-28 04:02:18,966 - INFO - [AUDIT] - Action: 0, Confidence: 1.0000, Safety Mode: SAFE_HOLD, Override: Safe hold mode active
2025-05-28 04:02:18,966 - INFO - [AUDIT] - Action: 0, Confidence: 1.0000, Safety Mode: SAFE_HOLD, Override: Safe hold mode active
2025-05-28 04:02:18,966 - INFO - [AUDIT] - Action: 0, Confidence: 1.0000, Safety Mode: SAFE_HOLD, Override: Safe hold mode active
2025-05-28 04:02:18,967 - INFO - [AUDIT] - Action: 0, Confidence: 1.0000, Safety Mode: SAFE_HOLD, Override: Safe hold mode active
2025-05-28 04:02:18,967 - INFO - [AUDIT] - Action: 0, Confidence: 1.0000, Safety Mode: SAFE_HOLD, Override: Safe hold mode active
2025-05-28 04:02:18,967 - INFO - [AUDIT] - Action: 0, Confidence: 1.0000, Safety Mode: SAFE_HOLD, Override: Safe hold mode active
2025-05-28 04:02:18,967 - INFO - [AUDIT] - Action: 0, Confidence: 1.0000, Safety Mode: SAFE_HOLD, Override: Safe hold mode active
2025-05-28 04:02:18,968 - INFO - [AUDIT] - Action: 0, Confidence: 1.0000, Safety Mode: SAFE_HOLD, Override: Safe hold mode active
2025-05-28 04:02:18,968 - INFO - [AUDIT] - Action: 0, Confidence: 1.0000, Safety Mode: SAFE_HOLD, Override: Safe hold mode active
2025-05-28 04:02:18,968 - INFO - [AUDIT] - Action: 0, Confidence: 1.0000, Safety Mode: SAFE_HOLD, Override: Safe hold mode active
2025-05-28 04:02:18,968 - INFO - [AUDIT] - Action: 0, Confidence: 1.0000, Safety Mode: SAFE_HOLD, Override: Safe hold mode active
2025-05-28 04:02:18,968 - INFO - [AUDIT] - Action: 0, Confidence: 1.0000, Safety Mode: SAFE_HOLD, Override: Safe hold mode active
2025-05-28 04:02:18,969 - INFO - [AUDIT] - Action: 0, Confidence: 1.0000, Safety Mode: SAFE_HOLD, Override: Safe hold mode active
2025-05-28 04:02:18,969 - INFO - [AUDIT] - Action: 0, Confidence: 1.0000, Safety Mode: SAFE_HOLD, Override: Safe hold mode active
2025-05-28 04:02:18,969 - INFO - [AUDIT] - Action: 0, Confidence: 1.0000, Safety Mode: SAFE_HOLD, Override: Safe hold mode active
2025-05-28 04:02:18,969 - INFO - [AUDIT] - Action: 0, Confidence: 1.0000, Safety Mode: SAFE_HOLD, Override: Safe hold mode active
2025-05-28 04:02:18,969 - INFO - [AUDIT] - Action: 0, Confidence: 1.0000, Safety Mode: SAFE_HOLD, Override: Safe hold mode active
2025-05-28 04:02:18,970 - INFO - [AUDIT] - Action: 0, Confidence: 1.0000, Safety Mode: SAFE_HOLD, Override: Safe hold mode active
2025-05-28 04:02:18,970 - INFO - [AUDIT] - Action: 0, Confidence: 1.0000, Safety Mode: SAFE_HOLD, Override: Safe hold mode active
2025-05-28 04:02:18,970 - INFO - [AUDIT] - Action: 0, Confidence: 1.0000, Safety Mode: SAFE_HOLD, Override: Safe hold mode active
2025-05-28 04:02:18,970 - INFO - [AUDIT] - Action: 0, Confidence: 1.0000, Safety Mode: SAFE_HOLD, Override: Safe hold mode active
2025-05-28 04:02:18,970 - INFO - [AUDIT] - Action: 0, Confidence: 1.0000, Safety Mode: SAFE_HOLD, Override: Safe hold mode active
2025-05-28 04:02:18,971 - INFO - [AUDIT] - Action: 0, Confidence: 1.0000, Safety Mode: SAFE_HOLD, Override: Safe hold mode active
2025-05-28 04:02:18,971 - INFO - [AUDIT] - Action: 0, Confidence: 1.0000, Safety Mode: SAFE_HOLD, Override: Safe hold mode active
2025-05-28 04:02:18,971 - INFO - [AUDIT] - Action: 0, Confidence: 1.0000, Safety Mode: SAFE_HOLD, Override: Safe hold mode active
2025-05-28 04:02:18,971 - INFO - [AUDIT] - Action: 0, Confidence: 1.0000, Safety Mode: SAFE_HOLD, Override: Safe hold mode active
2025-05-28 04:02:18,971 - INFO - [AUDIT] - Action: 0, Confidence: 1.0000, Safety Mode: SAFE_HOLD, Override: Safe hold mode active
2025-05-28 04:02:18,972 - INFO - [AUDIT] - Action: 0, Confidence: 1.0000, Safety Mode: SAFE_HOLD, Override: Safe hold mode active
2025-05-28 04:02:18,972 - INFO - [AUDIT] - Action: 0, Confidence: 1.0000, Safety Mode: SAFE_HOLD, Override: Safe hold mode active
2025-05-28 04:02:18,972 - INFO - [AUDIT] - Action: 0, Confidence: 1.0000, Safety Mode: SAFE_HOLD, Override: Safe hold mode active
2025-05-28 04:02:18,972 - INFO - [AUDIT] - Action: 0, Confidence: 1.0000, Safety Mode: SAFE_HOLD, Override: Safe hold mode active
2025-05-28 04:02:18,972 - INFO - [AUDIT] - Action: 0, Confidence: 1.0000, Safety Mode: SAFE_HOLD, Override: Safe hold mode active
2025-05-28 04:02:18,973 - INFO - [AUDIT] - Action: 0, Confidence: 1.0000, Safety Mode: SAFE_HOLD, Override: Safe hold mode active
2025-05-28 04:02:18,973 - INFO - [AUDIT] - Action: 0, Confidence: 1.0000, Safety Mode: SAFE_HOLD, Override: Safe hold mode active
2025-05-28 04:02:18,973 - INFO - [AUDIT] - Action: 0, Confidence: 1.0000, Safety Mode: SAFE_HOLD, Override: Safe hold mode active
2025-05-28 04:02:18,973 - INFO - [AUDIT] - Action: 0, Confidence: 1.0000, Safety Mode: SAFE_HOLD, Override: Safe hold mode active
2025-05-28 04:02:18,973 - INFO - [AUDIT] - Action: 0, Confidence: 1.0000, Safety Mode: SAFE_HOLD, Override: Safe hold mode active
2025-05-28 04:02:18,974 - INFO - [AUDIT] - Action: 0, Confidence: 1.0000, Safety Mode: SAFE_HOLD, Override: Safe hold mode active
2025-05-28 04:02:18,974 - INFO - [AUDIT] - Action: 0, Confidence: 1.0000, Safety Mode: SAFE_HOLD, Override: Safe hold mode active
2025-05-28 04:02:18,974 - INFO - [AUDIT] - Action: 0, Confidence: 1.0000, Safety Mode: SAFE_HOLD, Override: Safe hold mode active
2025-05-28 04:02:18,974 - INFO - [AUDIT] - Action: 0, Confidence: 1.0000, Safety Mode: SAFE_HOLD, Override: Safe hold mode active
2025-05-28 04:02:18,974 - INFO - [AUDIT] - Action: 0, Confidence: 1.0000, Safety Mode: SAFE_HOLD, Override: Safe hold mode active
2025-05-28 04:02:18,975 - INFO - [AUDIT] - Action: 0, Confidence: 1.0000, Safety Mode: SAFE_HOLD, Override: Safe hold mode active
2025-05-28 04:02:18,975 - INFO - [AUDIT] - Action: 0, Confidence: 1.0000, Safety Mode: SAFE_HOLD, Override: Safe hold mode active
2025-05-28 04:02:18,975 - INFO - [AUDIT] - Action: 0, Confidence: 1.0000, Safety Mode: SAFE_HOLD, Override: Safe hold mode active
2025-05-28 04:02:18,975 - INFO - [AUDIT] - Action: 0, Confidence: 1.0000, Safety Mode: SAFE_HOLD, Override: Safe hold mode active
2025-05-28 04:02:18,975 - INFO - [AUDIT] - Action: 0, Confidence: 1.0000, Safety Mode: SAFE_HOLD, Override: Safe hold mode active
2025-05-28 04:02:18,976 - INFO - [AUDIT] - Action: 0, Confidence: 1.0000, Safety Mode: SAFE_HOLD, Override: Safe hold mode active
2025-05-28 04:02:18,976 - INFO - [AUDIT] - Action: 0, Confidence: 1.0000, Safety Mode: SAFE_HOLD, Override: Safe hold mode active
2025-05-28 04:02:18,976 - INFO - [AUDIT] - Action: 0, Confidence: 1.0000, Safety Mode: SAFE_HOLD, Override: Safe hold mode active
2025-05-28 04:02:18,976 - INFO - [AUDIT] - Action: 0, Confidence: 1.0000, Safety Mode: SAFE_HOLD, Override: Safe hold mode active
2025-05-28 04:02:18,976 - INFO - [AUDIT] - Action: 0, Confidence: 1.0000, Safety Mode: SAFE_HOLD, Override: Safe hold mode active
2025-05-28 04:02:18,977 - INFO - [AUDIT] - Action: 0, Confidence: 1.0000, Safety Mode: SAFE_HOLD, Override: Safe hold mode active
2025-05-28 04:02:18,977 - INFO - [AUDIT] - Action: 0, Confidence: 1.0000, Safety Mode: SAFE_HOLD, Override: Safe hold mode active
2025-05-28 04:02:18,977 - INFO - [AUDIT] - Action: 0, Confidence: 1.0000, Safety Mode: SAFE_HOLD, Override: Safe hold mode active
2025-05-28 04:02:18,977 - INFO - [AUDIT] - Action: 0, Confidence: 1.0000, Safety Mode: SAFE_HOLD, Override: Safe hold mode active
2025-05-28 04:02:18,977 - INFO - [AUDIT] - Action: 0, Confidence: 1.0000, Safety Mode: SAFE_HOLD, Override: Safe hold mode active
2025-05-28 04:02:18,978 - INFO - [AUDIT] - Action: 0, Confidence: 1.0000, Safety Mode: SAFE_HOLD, Override: Safe hold mode active
2025-05-28 04:02:18,978 - INFO - [AUDIT] - Action: 0, Confidence: 1.0000, Safety Mode: SAFE_HOLD, Override: Safe hold mode active
2025-05-28 04:02:18,978 - INFO - [AUDIT] - Action: 0, Confidence: 1.0000, Safety Mode: SAFE_HOLD, Override: Safe hold mode active
2025-05-28 04:02:18,978 - INFO - [AUDIT] - Action: 0, Confidence: 1.0000, Safety Mode: SAFE_HOLD, Override: Safe hold mode active
2025-05-28 04:02:18,978 - INFO - [AUDIT] - Action: 0, Confidence: 1.0000, Safety Mode: SAFE_HOLD, Override: Safe hold mode active
2025-05-28 04:02:18,979 - INFO - [AUDIT] - Action: 0, Confidence: 1.0000, Safety Mode: SAFE_HOLD, Override: Safe hold mode active
2025-05-28 04:02:18,979 - INFO - [AUDIT] - Action: 0, Confidence: 1.0000, Safety Mode: SAFE_HOLD, Override: Safe hold mode active
2025-05-28 04:02:18,979 - INFO - [AUDIT] - Action: 0, Confidence: 1.0000, Safety Mode: SAFE_HOLD, Override: Safe hold mode active
2025-05-28 04:02:18,979 - INFO - [AUDIT] - Action: 0, Confidence: 1.0000, Safety Mode: SAFE_HOLD, Override: Safe hold mode active
2025-05-28 04:02:18,979 - INFO - [AUDIT] - Action: 0, Confidence: 1.0000, Safety Mode: SAFE_HOLD, Override: Safe hold mode active
2025-05-28 04:02:18,980 - INFO - [AUDIT] - Action: 0, Confidence: 1.0000, Safety Mode: SAFE_HOLD, Override: Safe hold mode active
2025-05-28 04:02:18,980 - INFO - [AUDIT] - Action: 0, Confidence: 1.0000, Safety Mode: SAFE_HOLD, Override: Safe hold mode active
2025-05-28 04:02:18,980 - INFO - [AUDIT] - Action: 0, Confidence: 1.0000, Safety Mode: SAFE_HOLD, Override: Safe hold mode active
2025-05-28 04:02:18,980 - INFO - [AUDIT] - Action: 0, Confidence: 1.0000, Safety Mode: SAFE_HOLD, Override: Safe hold mode active
2025-05-28 04:02:18,980 - INFO - [AUDIT] - Action: 0, Confidence: 1.0000, Safety Mode: SAFE_HOLD, Override: Safe hold mode active
2025-05-28 04:02:18,981 - INFO - [AUDIT] - Action: 0, Confidence: 1.0000, Safety Mode: SAFE_HOLD, Override: Safe hold mode active
2025-05-28 04:02:18,981 - INFO - [AUDIT] - Action: 0, Confidence: 1.0000, Safety Mode: SAFE_HOLD, Override: Safe hold mode active
2025-05-28 04:02:18,981 - INFO - [AUDIT] - Action: 0, Confidence: 1.0000, Safety Mode: SAFE_HOLD, Override: Safe hold mode active
2025-05-28 04:02:18,981 - INFO - [AUDIT] - Action: 0, Confidence: 1.0000, Safety Mode: SAFE_HOLD, Override: Safe hold mode active
2025-05-28 04:02:18,981 - INFO - [AUDIT] - Action: 0, Confidence: 1.0000, Safety Mode: SAFE_HOLD, Override: Safe hold mode active
2025-05-28 04:02:18,982 - INFO - [AUDIT] - Action: 0, Confidence: 1.0000, Safety Mode: SAFE_HOLD, Override: Safe hold mode active
2025-05-28 04:02:18,982 - INFO - [AUDIT] - Action: 0, Confidence: 1.0000, Safety Mode: SAFE_HOLD, Override: Safe hold mode active
2025-05-28 04:02:18,982 - INFO - [AUDIT] - Action: 0, Confidence: 1.0000, Safety Mode: SAFE_HOLD, Override: Safe hold mode active
2025-05-28 04:02:18,982 - INFO - [AUDIT] - Action: 0, Confidence: 1.0000, Safety Mode: SAFE_HOLD, Override: Safe hold mode active
2025-05-28 04:02:18,982 - INFO - [AUDIT] - Action: 0, Confidence: 1.0000, Safety Mode: SAFE_HOLD, Override: Safe hold mode active
2025-05-28 04:02:18,983 - INFO - [AUDIT] - Action: 0, Confidence: 1.0000, Safety Mode: SAFE_HOLD, Override: Safe hold mode active
2025-05-28 04:02:18,983 - INFO - [AUDIT] - Action: 0, Confidence: 1.0000, Safety Mode: SAFE_HOLD, Override: Safe hold mode active
2025-05-28 04:02:18,983 - INFO - [AUDIT] - Action: 0, Confidence: 1.0000, Safety Mode: SAFE_HOLD, Override: Safe hold mode active
2025-05-28 04:02:18,983 - INFO - [AUDIT] - Action: 0, Confidence: 1.0000, Safety Mode: SAFE_HOLD, Override: Safe hold mode active
2025-05-28 04:02:18,983 - INFO - [AUDIT] - Action: 0, Confidence: 1.0000, Safety Mode: SAFE_HOLD, Override: Safe hold mode active
2025-05-28 04:02:18,984 - INFO - [AUDIT] - Action: 0, Confidence: 1.0000, Safety Mode: SAFE_HOLD, Override: Safe hold mode active
2025-05-28 04:02:18,984 - INFO - [AUDIT] - Action: 0, Confidence: 1.0000, Safety Mode: SAFE_HOLD, Override: Safe hold mode active
2025-05-28 04:02:18,984 - INFO - [AUDIT] - Action: 0, Confidence: 1.0000, Safety Mode: SAFE_HOLD, Override: Safe hold mode active
2025-05-28 04:02:18,984 - INFO - [AUDIT] - Action: 0, Confidence: 1.0000, Safety Mode: SAFE_HOLD, Override: Safe hold mode active
2025-05-28 04:02:18,985 - INFO - [AUDIT] - Action: 0, Confidence: 1.0000, Safety Mode: SAFE_HOLD, Override: Safe hold mode active
2025-05-28 04:02:18,985 - INFO - [AUDIT] - Action: 0, Confidence: 1.0000, Safety Mode: SAFE_HOLD, Override: Safe hold mode active
2025-05-28 04:02:18,985 - INFO - [AUDIT] - Action: 0, Confidence: 1.0000, Safety Mode: SAFE_HOLD, Override: Safe hold mode active
2025-05-28 04:02:18,985 - INFO - [AUDIT] - Action: 0, Confidence: 1.0000, Safety Mode: SAFE_HOLD, Override: Safe hold mode active
2025-05-28 04:02:18,985 - INFO - [AUDIT] - Action: 0, Confidence: 1.0000, Safety Mode: SAFE_HOLD, Override: Safe hold mode active
2025-05-28 04:02:18,986 - INFO - [AUDIT] - Action: 0, Confidence: 1.0000, Safety Mode: SAFE_HOLD, Override: Safe hold mode active
2025-05-28 04:02:18,986 - INFO - [AUDIT] - Action: 0, Confidence: 1.0000, Safety Mode: SAFE_HOLD, Override: Safe hold mode active
2025-05-28 04:02:18,986 - INFO - [AUDIT] - Action: 0, Confidence: 1.0000, Safety Mode: SAFE_HOLD, Override: Safe hold mode active
2025-05-28 04:02:18,986 - INFO - [AUDIT] - Action: 0, Confidence: 1.0000, Safety Mode: SAFE_HOLD, Override: Safe hold mode active
2025-05-28 04:02:18,986 - INFO - [AUDIT] - Action: 0, Confidence: 1.0000, Safety Mode: SAFE_HOLD, Override: Safe hold mode active
2025-05-28 04:02:18,987 - INFO - [AUDIT] - Action: 0, Confidence: 1.0000, Safety Mode: SAFE_HOLD, Override: Safe hold mode active
2025-05-28 04:02:18,987 - INFO - [AUDIT] - Action: 0, Confidence: 1.0000, Safety Mode: SAFE_HOLD, Override: Safe hold mode active
2025-05-28 04:02:18,987 - INFO - [AUDIT] - Action: 0, Confidence: 1.0000, Safety Mode: SAFE_HOLD, Override: Safe hold mode active
2025-05-28 04:02:18,987 - INFO - [AUDIT] - Action: 0, Confidence: 1.0000, Safety Mode: SAFE_HOLD, Override: Safe hold mode active
2025-05-28 04:02:18,987 - INFO - [AUDIT] - Action: 0, Confidence: 1.0000, Safety Mode: SAFE_HOLD, Override: Safe hold mode active
2025-05-28 04:02:18,988 - INFO - [AUDIT] - Action: 0, Confidence: 1.0000, Safety Mode: SAFE_HOLD, Override: Safe hold mode active
2025-05-28 04:02:18,988 - INFO - [AUDIT] - Action: 0, Confidence: 1.0000, Safety Mode: SAFE_HOLD, Override: Safe hold mode active
2025-05-28 04:02:18,988 - INFO - [AUDIT] - Action: 0, Confidence: 1.0000, Safety Mode: SAFE_HOLD, Override: Safe hold mode active
2025-05-28 04:02:18,988 - INFO - [AUDIT] - Action: 0, Confidence: 1.0000, Safety Mode: SAFE_HOLD, Override: Safe hold mode active
2025-05-28 04:02:18,988 - INFO - [AUDIT] - Action: 0, Confidence: 1.0000, Safety Mode: SAFE_HOLD, Override: Safe hold mode active
2025-05-28 04:02:18,989 - INFO - [AUDIT] - Action: 0, Confidence: 1.0000, Safety Mode: SAFE_HOLD, Override: Safe hold mode active
2025-05-28 04:02:18,989 - INFO - [AUDIT] - Action: 0, Confidence: 1.0000, Safety Mode: SAFE_HOLD, Override: Safe hold mode active
2025-05-28 04:02:18,989 - INFO - [AUDIT] - Action: 0, Confidence: 1.0000, Safety Mode: SAFE_HOLD, Override: Safe hold mode active
2025-05-28 04:02:18,989 - INFO - [AUDIT] - Action: 0, Confidence: 1.0000, Safety Mode: SAFE_HOLD, Override: Safe hold mode active
2025-05-28 04:02:18,989 - INFO - [AUDIT] - Action: 0, Confidence: 1.0000, Safety Mode: SAFE_HOLD, Override: Safe hold mode active
2025-05-28 04:02:18,989 - INFO - [AUDIT] - Action: 0, Confidence: 1.0000, Safety Mode: SAFE_HOLD, Override: Safe hold mode active
2025-05-28 04:02:18,990 - INFO - [AUDIT] - Action: 0, Confidence: 1.0000, Safety Mode: SAFE_HOLD, Override: Safe hold mode active
2025-05-28 04:02:18,990 - INFO - [AUDIT] - Action: 0, Confidence: 1.0000, Safety Mode: SAFE_HOLD, Override: Safe hold mode active
2025-05-28 04:02:18,990 - INFO - [AUDIT] - Action: 0, Confidence: 1.0000, Safety Mode: SAFE_HOLD, Override: Safe hold mode active
2025-05-28 04:02:18,990 - INFO - [AUDIT] - Action: 0, Confidence: 1.0000, Safety Mode: SAFE_HOLD, Override: Safe hold mode active
2025-05-28 04:02:18,990 - INFO - [AUDIT] - Action: 0, Confidence: 1.0000, Safety Mode: SAFE_HOLD, Override: Safe hold mode active
2025-05-28 04:02:18,991 - INFO - [AUDIT] - Action: 0, Confidence: 1.0000, Safety Mode: SAFE_HOLD, Override: Safe hold mode active
2025-05-28 04:02:18,991 - INFO - [AUDIT] - Action: 0, Confidence: 1.0000, Safety Mode: SAFE_HOLD, Override: Safe hold mode active
2025-05-28 04:02:18,991 - INFO - [AUDIT] - Action: 0, Confidence: 1.0000, Safety Mode: SAFE_HOLD, Override: Safe hold mode active
2025-05-28 04:02:18,991 - INFO - [AUDIT] - Action: 0, Confidence: 1.0000, Safety Mode: SAFE_HOLD, Override: Safe hold mode active
2025-05-28 04:02:18,991 - INFO - [AUDIT] - Action: 0, Confidence: 1.0000, Safety Mode: SAFE_HOLD, Override: Safe hold mode active
2025-05-28 04:02:18,992 - INFO - [AUDIT] - Action: 0, Confidence: 1.0000, Safety Mode: SAFE_HOLD, Override: Safe hold mode active
2025-05-28 04:02:18,992 - INFO - [AUDIT] - Action: 0, Confidence: 1.0000, Safety Mode: SAFE_HOLD, Override: Safe hold mode active
2025-05-28 04:02:18,992 - INFO - [AUDIT] - Action: 0, Confidence: 1.0000, Safety Mode: SAFE_HOLD, Override: Safe hold mode active
2025-05-28 04:02:18,992 - INFO - [AUDIT] - Action: 0, Confidence: 1.0000, Safety Mode: SAFE_HOLD, Override: Safe hold mode active
2025-05-28 04:02:18,992 - INFO - [AUDIT] - Action: 0, Confidence: 1.0000, Safety Mode: SAFE_HOLD, Override: Safe hold mode active
2025-05-28 04:02:18,993 - INFO - [AUDIT] - Action: 0, Confidence: 1.0000, Safety Mode: SAFE_HOLD, Override: Safe hold mode active
2025-05-28 04:02:18,993 - INFO - [AUDIT] - Action: 0, Confidence: 1.0000, Safety Mode: SAFE_HOLD, Override: Safe hold mode active
2025-05-28 04:02:18,993 - INFO - [AUDIT] - Action: 0, Confidence: 1.0000, Safety Mode: SAFE_HOLD, Override: Safe hold mode active
2025-05-28 04:02:18,993 - INFO - [AUDIT] - Action: 0, Confidence: 1.0000, Safety Mode: SAFE_HOLD, Override: Safe hold mode active
2025-05-28 04:02:18,993 - INFO - [AUDIT] - Action: 0, Confidence: 1.0000, Safety Mode: SAFE_HOLD, Override: Safe hold mode active
2025-05-28 04:02:18,994 - INFO - [AUDIT] - Action: 0, Confidence: 1.0000, Safety Mode: SAFE_HOLD, Override: Safe hold mode active
2025-05-28 04:02:18,994 - INFO - [AUDIT] - Action: 0, Confidence: 1.0000, Safety Mode: SAFE_HOLD, Override: Safe hold mode active
2025-05-28 04:02:18,994 - INFO - [AUDIT] - Action: 0, Confidence: 1.0000, Safety Mode: SAFE_HOLD, Override: Safe hold mode active
2025-05-28 04:02:18,994 - INFO - [AUDIT] - Action: 0, Confidence: 1.0000, Safety Mode: SAFE_HOLD, Override: Safe hold mode active
2025-05-28 04:02:18,994 - INFO - [AUDIT] - Action: 0, Confidence: 1.0000, Safety Mode: SAFE_HOLD, Override: Safe hold mode active
2025-05-28 04:02:18,995 - INFO - [AUDIT] - Action: 0, Confidence: 1.0000, Safety Mode: SAFE_HOLD, Override: Safe hold mode active
2025-05-28 04:02:18,995 - INFO - [AUDIT] - Action: 0, Confidence: 1.0000, Safety Mode: SAFE_HOLD, Override: Safe hold mode active
2025-05-28 04:02:18,995 - INFO - [AUDIT] - Action: 0, Confidence: 1.0000, Safety Mode: SAFE_HOLD, Override: Safe hold mode active
2025-05-28 04:02:18,995 - INFO - [AUDIT] - Action: 0, Confidence: 1.0000, Safety Mode: SAFE_HOLD, Override: Safe hold mode active
2025-05-28 04:02:18,995 - INFO - [AUDIT] - Action: 0, Confidence: 1.0000, Safety Mode: SAFE_HOLD, Override: Safe hold mode active
2025-05-28 04:02:18,996 - INFO - [AUDIT] - Action: 0, Confidence: 1.0000, Safety Mode: SAFE_HOLD, Override: Safe hold mode active
2025-05-28 04:02:18,996 - INFO - [AUDIT] - Action: 0, Confidence: 1.0000, Safety Mode: SAFE_HOLD, Override: Safe hold mode active
2025-05-28 04:02:18,996 - INFO - [AUDIT] - Action: 0, Confidence: 1.0000, Safety Mode: SAFE_HOLD, Override: Safe hold mode active
2025-05-28 04:02:18,996 - INFO - [AUDIT] - Action: 0, Confidence: 1.0000, Safety Mode: SAFE_HOLD, Override: Safe hold mode active
2025-05-28 04:02:18,996 - INFO - [AUDIT] - Action: 0, Confidence: 1.0000, Safety Mode: SAFE_HOLD, Override: Safe hold mode active
2025-05-28 04:02:18,997 - INFO - [AUDIT] - Action: 0, Confidence: 1.0000, Safety Mode: SAFE_HOLD, Override: Safe hold mode active
2025-05-28 04:02:18,997 - INFO - [AUDIT] - Action: 0, Confidence: 1.0000, Safety Mode: SAFE_HOLD, Override: Safe hold mode active
2025-05-28 04:02:18,997 - INFO - [AUDIT] - Action: 0, Confidence: 1.0000, Safety Mode: SAFE_HOLD, Override: Safe hold mode active
2025-05-28 04:02:18,997 - INFO - [AUDIT] - Action: 0, Confidence: 1.0000, Safety Mode: SAFE_HOLD, Override: Safe hold mode active
2025-05-28 04:02:18,997 - INFO - [AUDIT] - Action: 0, Confidence: 1.0000, Safety Mode: SAFE_HOLD, Override: Safe hold mode active
2025-05-28 04:02:18,998 - INFO - [AUDIT] - Action: 0, Confidence: 1.0000, Safety Mode: SAFE_HOLD, Override: Safe hold mode active
2025-05-28 04:02:18,998 - INFO - [AUDIT] - Action: 0, Confidence: 1.0000, Safety Mode: SAFE_HOLD, Override: Safe hold mode active
2025-05-28 04:02:18,998 - INFO - [AUDIT] - Action: 0, Confidence: 1.0000, Safety Mode: SAFE_HOLD, Override: Safe hold mode active
2025-05-28 04:02:18,998 - INFO - [AUDIT] - Action: 0, Confidence: 1.0000, Safety Mode: SAFE_HOLD, Override: Safe hold mode active
2025-05-28 04:02:18,998 - INFO - [AUDIT] - Action: 0, Confidence: 1.0000, Safety Mode: SAFE_HOLD, Override: Safe hold mode active
2025-05-28 04:02:18,999 - INFO - [AUDIT] - Action: 0, Confidence: 1.0000, Safety Mode: SAFE_HOLD, Override: Safe hold mode active
2025-05-28 04:02:18,999 - INFO - [AUDIT] - Action: 0, Confidence: 1.0000, Safety Mode: SAFE_HOLD, Override: Safe hold mode active
2025-05-28 04:02:18,999 - INFO - [AUDIT] - Action: 0, Confidence: 1.0000, Safety Mode: SAFE_HOLD, Override: Safe hold mode active
2025-05-28 04:02:18,999 - INFO - [AUDIT] - Action: 0, Confidence: 1.0000, Safety Mode: SAFE_HOLD, Override: Safe hold mode active
2025-05-28 04:02:18,999 - INFO - [AUDIT] - Action: 0, Confidence: 1.0000, Safety Mode: SAFE_HOLD, Override: Safe hold mode active
2025-05-28 04:02:19,000 - INFO - [AUDIT] - Action: 0, Confidence: 1.0000, Safety Mode: SAFE_HOLD, Override: Safe hold mode active
2025-05-28 04:02:19,000 - INFO - [AUDIT] - Action: 0, Confidence: 1.0000, Safety Mode: SAFE_HOLD, Override: Safe hold mode active
2025-05-28 04:02:19,000 - INFO - [AUDIT] - Action: 0, Confidence: 1.0000, Safety Mode: SAFE_HOLD, Override: Safe hold mode active
2025-05-28 04:02:19,000 - INFO - [AUDIT] - Action: 0, Confidence: 1.0000, Safety Mode: SAFE_HOLD, Override: Safe hold mode active
2025-05-28 04:02:19,000 - INFO - [AUDIT] - Action: 0, Confidence: 1.0000, Safety Mode: SAFE_HOLD, Override: Safe hold mode active
2025-05-28 04:02:19,001 - INFO - [AUDIT] - Action: 0, Confidence: 1.0000, Safety Mode: SAFE_HOLD, Override: Safe hold mode active
2025-05-28 04:02:19,001 - INFO - [AUDIT] - Action: 0, Confidence: 1.0000, Safety Mode: SAFE_HOLD, Override: Safe hold mode active
2025-05-28 04:02:19,001 - INFO - [AUDIT] - Action: 0, Confidence: 1.0000, Safety Mode: SAFE_HOLD, Override: Safe hold mode active
2025-05-28 04:02:19,001 - INFO - [AUDIT] - Action: 0, Confidence: 1.0000, Safety Mode: SAFE_HOLD, Override: Safe hold mode active
2025-05-28 04:02:19,001 - INFO - [AUDIT] - Action: 0, Confidence: 1.0000, Safety Mode: SAFE_HOLD, Override: Safe hold mode active
2025-05-28 04:02:19,002 - INFO - [AUDIT] - Action: 0, Confidence: 1.0000, Safety Mode: SAFE_HOLD, Override: Safe hold mode active
2025-05-28 04:02:19,002 - INFO - [AUDIT] - Action: 0, Confidence: 1.0000, Safety Mode: SAFE_HOLD, Override: Safe hold mode active
2025-05-28 04:02:19,002 - INFO - [AUDIT] - Action: 0, Confidence: 1.0000, Safety Mode: SAFE_HOLD, Override: Safe hold mode active
2025-05-28 04:02:19,002 - INFO - [AUDIT] - Action: 0, Confidence: 1.0000, Safety Mode: SAFE_HOLD, Override: Safe hold mode active
2025-05-28 04:02:19,002 - INFO - [AUDIT] - Action: 0, Confidence: 1.0000, Safety Mode: SAFE_HOLD, Override: Safe hold mode active
2025-05-28 04:02:19,003 - INFO - [AUDIT] - Action: 0, Confidence: 1.0000, Safety Mode: SAFE_HOLD, Override: Safe hold mode active
2025-05-28 04:02:19,003 - INFO - [AUDIT] - Action: 0, Confidence: 1.0000, Safety Mode: SAFE_HOLD, Override: Safe hold mode active
2025-05-28 04:02:19,003 - INFO - [AUDIT] - Action: 0, Confidence: 1.0000, Safety Mode: SAFE_HOLD, Override: Safe hold mode active
2025-05-28 04:02:19,003 - INFO - [AUDIT] - Action: 0, Confidence: 1.0000, Safety Mode: SAFE_HOLD, Override: Safe hold mode active
2025-05-28 04:02:19,003 - INFO - [AUDIT] - Action: 0, Confidence: 1.0000, Safety Mode: SAFE_HOLD, Override: Safe hold mode active
2025-05-28 04:02:19,004 - INFO - [AUDIT] - Action: 0, Confidence: 1.0000, Safety Mode: SAFE_HOLD, Override: Safe hold mode active
2025-05-28 04:02:19,004 - INFO - [AUDIT] - Action: 0, Confidence: 1.0000, Safety Mode: SAFE_HOLD, Override: Safe hold mode active
2025-05-28 04:02:19,004 - INFO - [AUDIT] - Action: 0, Confidence: 1.0000, Safety Mode: SAFE_HOLD, Override: Safe hold mode active
2025-05-28 04:02:19,004 - INFO - [AUDIT] - Action: 0, Confidence: 1.0000, Safety Mode: SAFE_HOLD, Override: Safe hold mode active
2025-05-28 04:02:19,004 - INFO - [AUDIT] - Action: 0, Confidence: 1.0000, Safety Mode: SAFE_HOLD, Override: Safe hold mode active
2025-05-28 04:02:19,005 - INFO - [AUDIT] - Action: 0, Confidence: 1.0000, Safety Mode: SAFE_HOLD, Override: Safe hold mode active
2025-05-28 04:02:19,005 - INFO - [AUDIT] - Action: 0, Confidence: 1.0000, Safety Mode: SAFE_HOLD, Override: Safe hold mode active
2025-05-28 04:02:19,005 - INFO - [AUDIT] - Action: 0, Confidence: 1.0000, Safety Mode: SAFE_HOLD, Override: Safe hold mode active
2025-05-28 04:02:19,005 - INFO - [AUDIT] - Action: 0, Confidence: 1.0000, Safety Mode: SAFE_HOLD, Override: Safe hold mode active
2025-05-28 04:02:19,005 - INFO - [AUDIT] - Action: 0, Confidence: 1.0000, Safety Mode: SAFE_HOLD, Override: Safe hold mode active
2025-05-28 04:02:19,005 - INFO - [AUDIT] - Action: 0, Confidence: 1.0000, Safety Mode: SAFE_HOLD, Override: Safe hold mode active
2025-05-28 04:02:19,006 - INFO - [AUDIT] - Action: 0, Confidence: 1.0000, Safety Mode: SAFE_HOLD, Override: Safe hold mode active
2025-05-28 04:02:19,006 - INFO - [AUDIT] - Action: 0, Confidence: 1.0000, Safety Mode: SAFE_HOLD, Override: Safe hold mode active
2025-05-28 04:02:19,006 - INFO - [AUDIT] - Action: 0, Confidence: 1.0000, Safety Mode: SAFE_HOLD, Override: Safe hold mode active
2025-05-28 04:02:19,006 - INFO - [AUDIT] - Action: 0, Confidence: 1.0000, Safety Mode: SAFE_HOLD, Override: Safe hold mode active
2025-05-28 04:02:19,006 - INFO - [AUDIT] - Action: 0, Confidence: 1.0000, Safety Mode: SAFE_HOLD, Override: Safe hold mode active
2025-05-28 04:02:19,007 - INFO - [AUDIT] - Action: 0, Confidence: 1.0000, Safety Mode: SAFE_HOLD, Override: Safe hold mode active
2025-05-28 04:02:19,007 - INFO - [AUDIT] - Action: 0, Confidence: 1.0000, Safety Mode: SAFE_HOLD, Override: Safe hold mode active
2025-05-28 04:02:19,007 - INFO - [AUDIT] - Action: 0, Confidence: 1.0000, Safety Mode: SAFE_HOLD, Override: Safe hold mode active
2025-05-28 04:02:19,007 - INFO - [AUDIT] - Action: 0, Confidence: 1.0000, Safety Mode: SAFE_HOLD, Override: Safe hold mode active
2025-05-28 04:02:19,007 - INFO - [AUDIT] - Action: 0, Confidence: 1.0000, Safety Mode: SAFE_HOLD, Override: Safe hold mode active
2025-05-28 04:02:19,008 - INFO - [AUDIT] - Action: 0, Confidence: 1.0000, Safety Mode: SAFE_HOLD, Override: Safe hold mode active
2025-05-28 04:02:19,008 - INFO - [AUDIT] - Action: 0, Confidence: 1.0000, Safety Mode: SAFE_HOLD, Override: Safe hold mode active
2025-05-28 04:02:19,008 - INFO - [AUDIT] - Action: 0, Confidence: 1.0000, Safety Mode: SAFE_HOLD, Override: Safe hold mode active
2025-05-28 04:02:19,008 - INFO - [AUDIT] - Action: 0, Confidence: 1.0000, Safety Mode: SAFE_HOLD, Override: Safe hold mode active
2025-05-28 04:02:19,008 - INFO - [AUDIT] - Action: 0, Confidence: 1.0000, Safety Mode: SAFE_HOLD, Override: Safe hold mode active
2025-05-28 04:02:19,009 - INFO - [AUDIT] - Action: 0, Confidence: 1.0000, Safety Mode: SAFE_HOLD, Override: Safe hold mode active
2025-05-28 04:02:19,009 - INFO - [AUDIT] - Action: 0, Confidence: 1.0000, Safety Mode: SAFE_HOLD, Override: Safe hold mode active
2025-05-28 04:02:19,009 - INFO - [AUDIT] - Action: 0, Confidence: 1.0000, Safety Mode: SAFE_HOLD, Override: Safe hold mode active
2025-05-28 04:02:19,009 - INFO - [AUDIT] - Action: 0, Confidence: 1.0000, Safety Mode: SAFE_HOLD, Override: Safe hold mode active
2025-05-28 04:02:19,009 - INFO - [AUDIT] - Action: 0, Confidence: 1.0000, Safety Mode: SAFE_HOLD, Override: Safe hold mode active
2025-05-28 04:02:19,010 - INFO - [AUDIT] - Action: 0, Confidence: 1.0000, Safety Mode: SAFE_HOLD, Override: Safe hold mode active
2025-05-28 04:02:19,010 - INFO - [AUDIT] - Action: 0, Confidence: 1.0000, Safety Mode: SAFE_HOLD, Override: Safe hold mode active
2025-05-28 04:02:19,010 - INFO - [AUDIT] - Action: 0, Confidence: 1.0000, Safety Mode: SAFE_HOLD, Override: Safe hold mode active
2025-05-28 04:02:19,010 - INFO - [AUDIT] - Action: 0, Confidence: 1.0000, Safety Mode: SAFE_HOLD, Override: Safe hold mode active
2025-05-28 04:02:19,010 - INFO - [AUDIT] - Action: 0, Confidence: 1.0000, Safety Mode: SAFE_HOLD, Override: Safe hold mode active
2025-05-28 04:02:19,011 - INFO - [AUDIT] - Action: 0, Confidence: 1.0000, Safety Mode: SAFE_HOLD, Override: Safe hold mode active
2025-05-28 04:02:19,011 - INFO - [AUDIT] - Action: 0, Confidence: 1.0000, Safety Mode: SAFE_HOLD, Override: Safe hold mode active
2025-05-28 04:02:19,011 - INFO - [AUDIT] - Action: 0, Confidence: 1.0000, Safety Mode: SAFE_HOLD, Override: Safe hold mode active
2025-05-28 04:02:19,011 - INFO - [AUDIT] - Action: 0, Confidence: 1.0000, Safety Mode: SAFE_HOLD, Override: Safe hold mode active
2025-05-28 04:02:19,011 - INFO - [AUDIT] - Action: 0, Confidence: 1.0000, Safety Mode: SAFE_HOLD, Override: Safe hold mode active
2025-05-28 04:02:19,012 - INFO - [AUDIT] - Action: 0, Confidence: 1.0000, Safety Mode: SAFE_HOLD, Override: Safe hold mode active
2025-05-28 04:02:19,012 - INFO - [AUDIT] - Action: 0, Confidence: 1.0000, Safety Mode: SAFE_HOLD, Override: Safe hold mode active
2025-05-28 04:02:19,012 - INFO - [AUDIT] - Action: 0, Confidence: 1.0000, Safety Mode: SAFE_HOLD, Override: Safe hold mode active
2025-05-28 04:02:19,012 - INFO - [AUDIT] - Action: 0, Confidence: 1.0000, Safety Mode: SAFE_HOLD, Override: Safe hold mode active
2025-05-28 04:02:19,012 - INFO - [AUDIT] - Action: 0, Confidence: 1.0000, Safety Mode: SAFE_HOLD, Override: Safe hold mode active
2025-05-28 04:02:19,013 - INFO - [AUDIT] - Action: 0, Confidence: 1.0000, Safety Mode: SAFE_HOLD, Override: Safe hold mode active
2025-05-28 04:02:19,013 - INFO - [AUDIT] - Action: 0, Confidence: 1.0000, Safety Mode: SAFE_HOLD, Override: Safe hold mode active
2025-05-28 04:02:19,013 - INFO - [AUDIT] - Action: 0, Confidence: 1.0000, Safety Mode: SAFE_HOLD, Override: Safe hold mode active
2025-05-28 04:02:19,013 - INFO - [AUDIT] - Action: 0, Confidence: 1.0000, Safety Mode: SAFE_HOLD, Override: Safe hold mode active
2025-05-28 04:02:19,014 - INFO - [AUDIT] - Action: 0, Confidence: 1.0000, Safety Mode: SAFE_HOLD, Override: Safe hold mode active
2025-05-28 04:02:19,014 - INFO - [AUDIT] - Action: 0, Confidence: 1.0000, Safety Mode: SAFE_HOLD, Override: Safe hold mode active
2025-05-28 04:02:19,014 - INFO - [AUDIT] - Action: 0, Confidence: 1.0000, Safety Mode: SAFE_HOLD, Override: Safe hold mode active
2025-05-28 04:02:19,014 - INFO - [AUDIT] - Action: 0, Confidence: 1.0000, Safety Mode: SAFE_HOLD, Override: Safe hold mode active
2025-05-28 04:02:19,014 - INFO - [AUDIT] - Action: 0, Confidence: 1.0000, Safety Mode: SAFE_HOLD, Override: Safe hold mode active
2025-05-28 04:02:19,014 - INFO - [AUDIT] - Action: 0, Confidence: 1.0000, Safety Mode: SAFE_HOLD, Override: Safe hold mode active
2025-05-28 04:02:19,015 - INFO - [AUDIT] - Action: 0, Confidence: 1.0000, Safety Mode: SAFE_HOLD, Override: Safe hold mode active
2025-05-28 04:02:19,015 - INFO - [AUDIT] - Action: 0, Confidence: 1.0000, Safety Mode: SAFE_HOLD, Override: Safe hold mode active
2025-05-28 04:02:19,015 - INFO - [AUDIT] - Action: 0, Confidence: 1.0000, Safety Mode: SAFE_HOLD, Override: Safe hold mode active
2025-05-28 04:02:19,015 - INFO - [AUDIT] - Action: 0, Confidence: 1.0000, Safety Mode: SAFE_HOLD, Override: Safe hold mode active
2025-05-28 04:02:19,015 - INFO - [AUDIT] - Action: 0, Confidence: 1.0000, Safety Mode: SAFE_HOLD, Override: Safe hold mode active
2025-05-28 04:02:19,016 - INFO - [AUDIT] - Action: 0, Confidence: 1.0000, Safety Mode: SAFE_HOLD, Override: Safe hold mode active
2025-05-28 04:02:19,016 - INFO - [AUDIT] - Action: 0, Confidence: 1.0000, Safety Mode: SAFE_HOLD, Override: Safe hold mode active
2025-05-28 04:02:19,016 - INFO - [AUDIT] - Action: 0, Confidence: 1.0000, Safety Mode: SAFE_HOLD, Override: Safe hold mode active
2025-05-28 04:02:19,016 - INFO - [AUDIT] - Action: 0, Confidence: 1.0000, Safety Mode: SAFE_HOLD, Override: Safe hold mode active
2025-05-28 04:02:19,016 - INFO - [AUDIT] - Action: 0, Confidence: 1.0000, Safety Mode: SAFE_HOLD, Override: Safe hold mode active
2025-05-28 04:02:19,017 - INFO - [AUDIT] - Action: 0, Confidence: 1.0000, Safety Mode: SAFE_HOLD, Override: Safe hold mode active
2025-05-28 04:02:19,017 - INFO - [AUDIT] - Action: 0, Confidence: 1.0000, Safety Mode: SAFE_HOLD, Override: Safe hold mode active
2025-05-28 04:02:19,017 - INFO - [AUDIT] - Action: 0, Confidence: 1.0000, Safety Mode: SAFE_HOLD, Override: Safe hold mode active
2025-05-28 04:02:19,017 - INFO - [AUDIT] - Action: 0, Confidence: 1.0000, Safety Mode: SAFE_HOLD, Override: Safe hold mode active
2025-05-28 04:02:19,017 - INFO - [AUDIT] - Action: 0, Confidence: 1.0000, Safety Mode: SAFE_HOLD, Override: Safe hold mode active
2025-05-28 04:02:19,018 - INFO - [AUDIT] - Action: 0, Confidence: 1.0000, Safety Mode: SAFE_HOLD, Override: Safe hold mode active
2025-05-28 04:02:19,018 - INFO - [AUDIT] - Action: 0, Confidence: 1.0000, Safety Mode: SAFE_HOLD, Override: Safe hold mode active
2025-05-28 04:02:19,018 - INFO - [AUDIT] - Action: 0, Confidence: 1.0000, Safety Mode: SAFE_HOLD, Override: Safe hold mode active
2025-05-28 04:02:19,018 - INFO - [AUDIT] - Action: 0, Confidence: 1.0000, Safety Mode: SAFE_HOLD, Override: Safe hold mode active
2025-05-28 04:02:19,018 - INFO - [AUDIT] - Action: 0, Confidence: 1.0000, Safety Mode: SAFE_HOLD, Override: Safe hold mode active
2025-05-28 04:02:19,019 - INFO - [AUDIT] - Action: 0, Confidence: 1.0000, Safety Mode: SAFE_HOLD, Override: Safe hold mode active
2025-05-28 04:02:19,019 - INFO - [AUDIT] - Action: 0, Confidence: 1.0000, Safety Mode: SAFE_HOLD, Override: Safe hold mode active
2025-05-28 04:02:19,019 - INFO - [AUDIT] - Action: 0, Confidence: 1.0000, Safety Mode: SAFE_HOLD, Override: Safe hold mode active
2025-05-28 04:02:19,019 - INFO - [AUDIT] - Action: 0, Confidence: 1.0000, Safety Mode: SAFE_HOLD, Override: Safe hold mode active
2025-05-28 04:02:19,019 - INFO - [AUDIT] - Action: 0, Confidence: 1.0000, Safety Mode: SAFE_HOLD, Override: Safe hold mode active
2025-05-28 04:02:19,020 - INFO - [AUDIT] - Action: 0, Confidence: 1.0000, Safety Mode: SAFE_HOLD, Override: Safe hold mode active
2025-05-28 04:02:19,020 - INFO - [AUDIT] - Action: 0, Confidence: 1.0000, Safety Mode: SAFE_HOLD, Override: Safe hold mode active
2025-05-28 04:02:19,020 - INFO - [AUDIT] - Action: 0, Confidence: 1.0000, Safety Mode: SAFE_HOLD, Override: Safe hold mode active
2025-05-28 04:02:19,020 - INFO - [AUDIT] - Action: 0, Confidence: 1.0000, Safety Mode: SAFE_HOLD, Override: Safe hold mode active
2025-05-28 04:02:19,020 - INFO - [AUDIT] - Action: 0, Confidence: 1.0000, Safety Mode: SAFE_HOLD, Override: Safe hold mode active
2025-05-28 04:02:19,021 - INFO - [AUDIT] - Action: 0, Confidence: 1.0000, Safety Mode: SAFE_HOLD, Override: Safe hold mode active
2025-05-28 04:02:19,021 - INFO - [AUDIT] - Action: 0, Confidence: 1.0000, Safety Mode: SAFE_HOLD, Override: Safe hold mode active
2025-05-28 04:02:19,021 - INFO - [AUDIT] - Action: 0, Confidence: 1.0000, Safety Mode: SAFE_HOLD, Override: Safe hold mode active
2025-05-28 04:02:19,021 - INFO - [AUDIT] - Action: 0, Confidence: 1.0000, Safety Mode: SAFE_HOLD, Override: Safe hold mode active
2025-05-28 04:02:19,021 - INFO - [AUDIT] - Action: 0, Confidence: 1.0000, Safety Mode: SAFE_HOLD, Override: Safe hold mode active
2025-05-28 04:02:19,021 - INFO - [AUDIT] - Action: 0, Confidence: 1.0000, Safety Mode: SAFE_HOLD, Override: Safe hold mode active
2025-05-28 04:02:19,022 - INFO - [AUDIT] - Action: 0, Confidence: 1.0000, Safety Mode: SAFE_HOLD, Override: Safe hold mode active
2025-05-28 04:02:19,022 - INFO - [AUDIT] - Action: 0, Confidence: 1.0000, Safety Mode: SAFE_HOLD, Override: Safe hold mode active
2025-05-28 04:02:19,022 - INFO - [AUDIT] - Action: 0, Confidence: 1.0000, Safety Mode: SAFE_HOLD, Override: Safe hold mode active
2025-05-28 04:02:19,022 - INFO - [AUDIT] - Action: 0, Confidence: 1.0000, Safety Mode: SAFE_HOLD, Override: Safe hold mode active
2025-05-28 04:02:19,023 - INFO - [AUDIT] - Action: 0, Confidence: 1.0000, Safety Mode: SAFE_HOLD, Override: Safe hold mode active
2025-05-28 04:02:19,023 - INFO - [AUDIT] - Action: 0, Confidence: 1.0000, Safety Mode: SAFE_HOLD, Override: Safe hold mode active
2025-05-28 04:02:19,023 - INFO - [AUDIT] - Action: 0, Confidence: 1.0000, Safety Mode: SAFE_HOLD, Override: Safe hold mode active
2025-05-28 04:02:19,023 - INFO - [AUDIT] - Action: 0, Confidence: 1.0000, Safety Mode: SAFE_HOLD, Override: Safe hold mode active
2025-05-28 04:02:19,023 - INFO - [AUDIT] - Action: 0, Confidence: 1.0000, Safety Mode: SAFE_HOLD, Override: Safe hold mode active
2025-05-28 04:02:19,023 - INFO - [AUDIT] - Action: 0, Confidence: 1.0000, Safety Mode: SAFE_HOLD, Override: Safe hold mode active
2025-05-28 04:02:19,024 - INFO - [AUDIT] - Action: 0, Confidence: 1.0000, Safety Mode: SAFE_HOLD, Override: Safe hold mode active
2025-05-28 04:02:19,024 - INFO - [AUDIT] - Action: 0, Confidence: 1.0000, Safety Mode: SAFE_HOLD, Override: Safe hold mode active
2025-05-28 04:02:19,024 - INFO - [AUDIT] - Action: 0, Confidence: 1.0000, Safety Mode: SAFE_HOLD, Override: Safe hold mode active
2025-05-28 04:02:19,024 - INFO - [AUDIT] - Action: 0, Confidence: 1.0000, Safety Mode: SAFE_HOLD, Override: Safe hold mode active
2025-05-28 04:02:19,025 - INFO - [AUDIT] - Action: 0, Confidence: 1.0000, Safety Mode: SAFE_HOLD, Override: Safe hold mode active
2025-05-28 04:02:19,025 - INFO - [AUDIT] - Action: 0, Confidence: 1.0000, Safety Mode: SAFE_HOLD, Override: Safe hold mode active
2025-05-28 04:02:19,025 - INFO - [AUDIT] - Action: 0, Confidence: 1.0000, Safety Mode: SAFE_HOLD, Override: Safe hold mode active
2025-05-28 04:02:19,025 - INFO - [AUDIT] - Action: 0, Confidence: 1.0000, Safety Mode: SAFE_HOLD, Override: Safe hold mode active
2025-05-28 04:02:19,025 - INFO - [AUDIT] - Action: 0, Confidence: 1.0000, Safety Mode: SAFE_HOLD, Override: Safe hold mode active
2025-05-28 04:02:19,026 - INFO - [AUDIT] - Action: 0, Confidence: 1.0000, Safety Mode: SAFE_HOLD, Override: Safe hold mode active
2025-05-28 04:02:19,026 - INFO - [AUDIT] - Action: 0, Confidence: 1.0000, Safety Mode: SAFE_HOLD, Override: Safe hold mode active
2025-05-28 04:02:19,026 - INFO - [AUDIT] - Action: 0, Confidence: 1.0000, Safety Mode: SAFE_HOLD, Override: Safe hold mode active
2025-05-28 04:02:19,026 - INFO - [AUDIT] - Action: 0, Confidence: 1.0000, Safety Mode: SAFE_HOLD, Override: Safe hold mode active
2025-05-28 04:02:19,026 - INFO - [AUDIT] - Action: 0, Confidence: 1.0000, Safety Mode: SAFE_HOLD, Override: Safe hold mode active
2025-05-28 04:02:19,027 - INFO - [AUDIT] - Action: 0, Confidence: 1.0000, Safety Mode: SAFE_HOLD, Override: Safe hold mode active
2025-05-28 04:02:19,027 - INFO - [AUDIT] - Action: 0, Confidence: 1.0000, Safety Mode: SAFE_HOLD, Override: Safe hold mode active
2025-05-28 04:02:19,027 - INFO - [AUDIT] - Action: 0, Confidence: 1.0000, Safety Mode: SAFE_HOLD, Override: Safe hold mode active
2025-05-28 04:02:19,027 - INFO - [AUDIT] - Action: 0, Confidence: 1.0000, Safety Mode: SAFE_HOLD, Override: Safe hold mode active
2025-05-28 04:02:19,027 - INFO - [AUDIT] - Action: 0, Confidence: 1.0000, Safety Mode: SAFE_HOLD, Override: Safe hold mode active
2025-05-28 04:02:19,028 - INFO - [AUDIT] - Action: 0, Confidence: 1.0000, Safety Mode: SAFE_HOLD, Override: Safe hold mode active
2025-05-28 04:02:19,028 - INFO - [AUDIT] - Action: 0, Confidence: 1.0000, Safety Mode: SAFE_HOLD, Override: Safe hold mode active
2025-05-28 04:02:19,028 - INFO - [AUDIT] - Action: 0, Confidence: 1.0000, Safety Mode: SAFE_HOLD, Override: Safe hold mode active
2025-05-28 04:02:19,028 - INFO - [AUDIT] - Action: 0, Confidence: 1.0000, Safety Mode: SAFE_HOLD, Override: Safe hold mode active
2025-05-28 04:02:19,028 - INFO - [AUDIT] - Action: 0, Confidence: 1.0000, Safety Mode: SAFE_HOLD, Override: Safe hold mode active
2025-05-28 04:02:19,029 - INFO - [AUDIT] - Action: 0, Confidence: 1.0000, Safety Mode: SAFE_HOLD, Override: Safe hold mode active
2025-05-28 04:02:19,029 - INFO - [AUDIT] - Action: 0, Confidence: 1.0000, Safety Mode: SAFE_HOLD, Override: Safe hold mode active
2025-05-28 04:02:19,029 - INFO - [AUDIT] - Action: 0, Confidence: 1.0000, Safety Mode: SAFE_HOLD, Override: Safe hold mode active
2025-05-28 04:02:19,029 - INFO - [AUDIT] - Action: 0, Confidence: 1.0000, Safety Mode: SAFE_HOLD, Override: Safe hold mode active
2025-05-28 04:02:19,029 - INFO - [AUDIT] - Action: 0, Confidence: 1.0000, Safety Mode: SAFE_HOLD, Override: Safe hold mode active
2025-05-28 04:02:19,030 - INFO - [AUDIT] - Action: 0, Confidence: 1.0000, Safety Mode: SAFE_HOLD, Override: Safe hold mode active
2025-05-28 04:02:19,030 - INFO - [AUDIT] - Action: 0, Confidence: 1.0000, Safety Mode: SAFE_HOLD, Override: Safe hold mode active
2025-05-28 04:02:19,030 - INFO - [AUDIT] - Action: 0, Confidence: 1.0000, Safety Mode: SAFE_HOLD, Override: Safe hold mode active
2025-05-28 04:02:19,030 - INFO - [AUDIT] - Action: 0, Confidence: 1.0000, Safety Mode: SAFE_HOLD, Override: Safe hold mode active
2025-05-28 04:02:19,030 - INFO - [AUDIT] - Action: 0, Confidence: 1.0000, Safety Mode: SAFE_HOLD, Override: Safe hold mode active
2025-05-28 04:02:19,031 - INFO - [AUDIT] - Action: 0, Confidence: 1.0000, Safety Mode: SAFE_HOLD, Override: Safe hold mode active
2025-05-28 04:02:19,031 - INFO - [AUDIT] - Action: 0, Confidence: 1.0000, Safety Mode: SAFE_HOLD, Override: Safe hold mode active
2025-05-28 04:02:19,031 - INFO - [AUDIT] - Action: 0, Confidence: 1.0000, Safety Mode: SAFE_HOLD, Override: Safe hold mode active
2025-05-28 04:02:19,031 - INFO - [AUDIT] - Action: 0, Confidence: 1.0000, Safety Mode: SAFE_HOLD, Override: Safe hold mode active
2025-05-28 04:02:19,031 - INFO - [AUDIT] - Action: 0, Confidence: 1.0000, Safety Mode: SAFE_HOLD, Override: Safe hold mode active
2025-05-28 04:02:19,032 - INFO - [AUDIT] - Action: 0, Confidence: 1.0000, Safety Mode: SAFE_HOLD, Override: Safe hold mode active
2025-05-28 04:02:19,032 - INFO - [AUDIT] - Action: 0, Confidence: 1.0000, Safety Mode: SAFE_HOLD, Override: Safe hold mode active
2025-05-28 04:02:19,032 - INFO - [AUDIT] - Action: 0, Confidence: 1.0000, Safety Mode: SAFE_HOLD, Override: Safe hold mode active
2025-05-28 04:02:19,032 - INFO - [AUDIT] - Action: 0, Confidence: 1.0000, Safety Mode: SAFE_HOLD, Override: Safe hold mode active
2025-05-28 04:02:19,032 - INFO - [AUDIT] - Action: 0, Confidence: 1.0000, Safety Mode: SAFE_HOLD, Override: Safe hold mode active
2025-05-28 04:02:19,033 - INFO - [AUDIT] - Action: 0, Confidence: 1.0000, Safety Mode: SAFE_HOLD, Override: Safe hold mode active
2025-05-28 04:02:19,033 - INFO - [AUDIT] - Action: 0, Confidence: 1.0000, Safety Mode: SAFE_HOLD, Override: Safe hold mode active
2025-05-28 04:02:19,033 - INFO - [AUDIT] - Action: 0, Confidence: 1.0000, Safety Mode: SAFE_HOLD, Override: Safe hold mode active
2025-05-28 04:02:19,033 - INFO - [AUDIT] - Action: 0, Confidence: 1.0000, Safety Mode: SAFE_HOLD, Override: Safe hold mode active
2025-05-28 04:02:19,033 - INFO - [AUDIT] - Action: 0, Confidence: 1.0000, Safety Mode: SAFE_HOLD, Override: Safe hold mode active
2025-05-28 04:02:19,034 - INFO - [AUDIT] - Action: 0, Confidence: 1.0000, Safety Mode: SAFE_HOLD, Override: Safe hold mode active
2025-05-28 04:02:19,034 - INFO - [AUDIT] - Action: 0, Confidence: 1.0000, Safety Mode: SAFE_HOLD, Override: Safe hold mode active
2025-05-28 04:02:19,034 - INFO - [AUDIT] - Action: 0, Confidence: 1.0000, Safety Mode: SAFE_HOLD, Override: Safe hold mode active
2025-05-28 04:02:19,034 - INFO - [AUDIT] - Action: 0, Confidence: 1.0000, Safety Mode: SAFE_HOLD, Override: Safe hold mode active
2025-05-28 04:02:19,034 - INFO - [AUDIT] - Action: 0, Confidence: 1.0000, Safety Mode: SAFE_HOLD, Override: Safe hold mode active
2025-05-28 04:02:19,035 - INFO - [AUDIT] - Action: 0, Confidence: 1.0000, Safety Mode: SAFE_HOLD, Override: Safe hold mode active
2025-05-28 04:02:19,035 - INFO - [AUDIT] - Action: 0, Confidence: 1.0000, Safety Mode: SAFE_HOLD, Override: Safe hold mode active
2025-05-28 04:02:19,035 - INFO - [AUDIT] - Action: 0, Confidence: 1.0000, Safety Mode: SAFE_HOLD, Override: Safe hold mode active
2025-05-28 04:02:19,035 - INFO - [AUDIT] - Action: 0, Confidence: 1.0000, Safety Mode: SAFE_HOLD, Override: Safe hold mode active
2025-05-28 04:02:19,035 - INFO - [AUDIT] - Action: 0, Confidence: 1.0000, Safety Mode: SAFE_HOLD, Override: Safe hold mode active
2025-05-28 04:02:19,036 - INFO - [AUDIT] - Action: 0, Confidence: 1.0000, Safety Mode: SAFE_HOLD, Override: Safe hold mode active
2025-05-28 04:02:19,036 - INFO - [AUDIT] - Action: 0, Confidence: 1.0000, Safety Mode: SAFE_HOLD, Override: Safe hold mode active
2025-05-28 04:02:19,036 - INFO - [AUDIT] - Action: 0, Confidence: 1.0000, Safety Mode: SAFE_HOLD, Override: Safe hold mode active
2025-05-28 04:02:19,036 - INFO - [AUDIT] - Action: 0, Confidence: 1.0000, Safety Mode: SAFE_HOLD, Override: Safe hold mode active
2025-05-28 04:02:19,036 - INFO - [AUDIT] - Action: 0, Confidence: 1.0000, Safety Mode: SAFE_HOLD, Override: Safe hold mode active
2025-05-28 04:02:19,037 - INFO - [AUDIT] - Action: 0, Confidence: 1.0000, Safety Mode: SAFE_HOLD, Override: Safe hold mode active
2025-05-28 04:02:19,037 - INFO - [AUDIT] - Action: 0, Confidence: 1.0000, Safety Mode: SAFE_HOLD, Override: Safe hold mode active
2025-05-28 04:02:19,037 - INFO - [AUDIT] - Action: 0, Confidence: 1.0000, Safety Mode: SAFE_HOLD, Override: Safe hold mode active
2025-05-28 04:02:19,037 - INFO - [AUDIT] - Action: 0, Confidence: 1.0000, Safety Mode: SAFE_HOLD, Override: Safe hold mode active
2025-05-28 04:02:19,037 - INFO - [AUDIT] - Action: 0, Confidence: 1.0000, Safety Mode: SAFE_HOLD, Override: Safe hold mode active
2025-05-28 04:02:19,038 - INFO - [AUDIT] - Action: 0, Confidence: 1.0000, Safety Mode: SAFE_HOLD, Override: Safe hold mode active
2025-05-28 04:02:19,038 - INFO - [AUDIT] - Action: 0, Confidence: 1.0000, Safety Mode: SAFE_HOLD, Override: Safe hold mode active
2025-05-28 04:02:19,038 - INFO - [AUDIT] - Action: 0, Confidence: 1.0000, Safety Mode: SAFE_HOLD, Override: Safe hold mode active
2025-05-28 04:02:19,038 - INFO - [AUDIT] - Action: 0, Confidence: 1.0000, Safety Mode: SAFE_HOLD, Override: Safe hold mode active
2025-05-28 04:02:19,038 - INFO - [AUDIT] - Action: 0, Confidence: 1.0000, Safety Mode: SAFE_HOLD, Override: Safe hold mode active
2025-05-28 04:02:19,039 - INFO - [AUDIT] - Action: 0, Confidence: 1.0000, Safety Mode: SAFE_HOLD, Override: Safe hold mode active
2025-05-28 04:02:19,039 - INFO - [AUDIT] - Action: 0, Confidence: 1.0000, Safety Mode: SAFE_HOLD, Override: Safe hold mode active
2025-05-28 04:02:19,039 - INFO - [AUDIT] - Action: 0, Confidence: 1.0000, Safety Mode: SAFE_HOLD, Override: Safe hold mode active
2025-05-28 04:02:19,039 - INFO - [AUDIT] - Action: 0, Confidence: 1.0000, Safety Mode: SAFE_HOLD, Override: Safe hold mode active
2025-05-28 04:02:19,039 - INFO - [AUDIT] - Action: 0, Confidence: 1.0000, Safety Mode: SAFE_HOLD, Override: Safe hold mode active
2025-05-28 04:02:19,040 - INFO - [AUDIT] - Action: 0, Confidence: 1.0000, Safety Mode: SAFE_HOLD, Override: Safe hold mode active
2025-05-28 04:02:19,040 - INFO - [AUDIT] - Action: 0, Confidence: 1.0000, Safety Mode: SAFE_HOLD, Override: Safe hold mode active
2025-05-28 04:02:19,040 - INFO - [AUDIT] - Action: 0, Confidence: 1.0000, Safety Mode: SAFE_HOLD, Override: Safe hold mode active
2025-05-28 04:02:19,040 - INFO - [AUDIT] - Action: 0, Confidence: 1.0000, Safety Mode: SAFE_HOLD, Override: Safe hold mode active
2025-05-28 04:02:19,040 - INFO - [AUDIT] - Action: 0, Confidence: 1.0000, Safety Mode: SAFE_HOLD, Override: Safe hold mode active
2025-05-28 04:02:19,041 - INFO - [AUDIT] - Action: 0, Confidence: 1.0000, Safety Mode: SAFE_HOLD, Override: Safe hold mode active
2025-05-28 04:02:19,041 - INFO - [AUDIT] - Action: 0, Confidence: 1.0000, Safety Mode: SAFE_HOLD, Override: Safe hold mode active
2025-05-28 04:02:19,041 - INFO - [AUDIT] - Action: 0, Confidence: 1.0000, Safety Mode: SAFE_HOLD, Override: Safe hold mode active
2025-05-28 04:02:19,041 - INFO - [AUDIT] - Action: 0, Confidence: 1.0000, Safety Mode: SAFE_HOLD, Override: Safe hold mode active
2025-05-28 04:02:19,041 - INFO - [AUDIT] - Action: 0, Confidence: 1.0000, Safety Mode: SAFE_HOLD, Override: Safe hold mode active
2025-05-28 04:02:19,041 - INFO - [AUDIT] - Action: 0, Confidence: 1.0000, Safety Mode: SAFE_HOLD, Override: Safe hold mode active
2025-05-28 04:02:19,042 - INFO - [AUDIT] - Action: 0, Confidence: 1.0000, Safety Mode: SAFE_HOLD, Override: Safe hold mode active
2025-05-28 04:02:19,042 - INFO - [AUDIT] - Action: 0, Confidence: 1.0000, Safety Mode: SAFE_HOLD, Override: Safe hold mode active
2025-05-28 04:02:19,042 - INFO - [AUDIT] - Action: 0, Confidence: 1.0000, Safety Mode: SAFE_HOLD, Override: Safe hold mode active
2025-05-28 04:02:19,042 - INFO - [AUDIT] - Action: 0, Confidence: 1.0000, Safety Mode: SAFE_HOLD, Override: Safe hold mode active
2025-05-28 04:02:19,043 - INFO - [AUDIT] - Action: 0, Confidence: 1.0000, Safety Mode: SAFE_HOLD, Override: Safe hold mode active
2025-05-28 04:02:19,043 - INFO - [AUDIT] - Action: 0, Confidence: 1.0000, Safety Mode: SAFE_HOLD, Override: Safe hold mode active
2025-05-28 04:02:19,043 - INFO - [AUDIT] - Action: 0, Confidence: 1.0000, Safety Mode: SAFE_HOLD, Override: Safe hold mode active
2025-05-28 04:02:19,043 - INFO - [AUDIT] - Action: 0, Confidence: 1.0000, Safety Mode: SAFE_HOLD, Override: Safe hold mode active
2025-05-28 04:02:19,043 - INFO - [AUDIT] - Action: 0, Confidence: 1.0000, Safety Mode: SAFE_HOLD, Override: Safe hold mode active
2025-05-28 04:02:19,043 - INFO - [AUDIT] - Action: 0, Confidence: 1.0000, Safety Mode: SAFE_HOLD, Override: Safe hold mode active
2025-05-28 04:02:19,044 - INFO - [AUDIT] - Action: 0, Confidence: 1.0000, Safety Mode: SAFE_HOLD, Override: Safe hold mode active
2025-05-28 04:02:19,044 - INFO - [AUDIT] - Action: 0, Confidence: 1.0000, Safety Mode: SAFE_HOLD, Override: Safe hold mode active
2025-05-28 04:02:19,044 - INFO - [AUDIT] - Action: 0, Confidence: 1.0000, Safety Mode: SAFE_HOLD, Override: Safe hold mode active
2025-05-28 04:02:19,044 - INFO - [AUDIT] - Action: 0, Confidence: 1.0000, Safety Mode: SAFE_HOLD, Override: Safe hold mode active
2025-05-28 04:02:19,045 - INFO - [AUDIT] - Action: 0, Confidence: 1.0000, Safety Mode: SAFE_HOLD, Override: Safe hold mode active
2025-05-28 04:02:19,045 - INFO - [AUDIT] - Action: 0, Confidence: 1.0000, Safety Mode: SAFE_HOLD, Override: Safe hold mode active
2025-05-28 04:02:19,045 - INFO - [AUDIT] - Action: 0, Confidence: 1.0000, Safety Mode: SAFE_HOLD, Override: Safe hold mode active
2025-05-28 04:02:19,045 - INFO - [AUDIT] - Action: 0, Confidence: 1.0000, Safety Mode: SAFE_HOLD, Override: Safe hold mode active
2025-05-28 04:02:19,045 - INFO - [AUDIT] - Action: 0, Confidence: 1.0000, Safety Mode: SAFE_HOLD, Override: Safe hold mode active
2025-05-28 04:02:19,045 - INFO - [AUDIT] - Action: 0, Confidence: 1.0000, Safety Mode: SAFE_HOLD, Override: Safe hold mode active
2025-05-28 04:02:19,046 - INFO - [AUDIT] - Action: 0, Confidence: 1.0000, Safety Mode: SAFE_HOLD, Override: Safe hold mode active
2025-05-28 04:02:19,046 - INFO - [AUDIT] - Action: 0, Confidence: 1.0000, Safety Mode: SAFE_HOLD, Override: Safe hold mode active
2025-05-28 04:02:19,046 - INFO - [AUDIT] - Action: 0, Confidence: 1.0000, Safety Mode: SAFE_HOLD, Override: Safe hold mode active
2025-05-28 04:02:19,046 - INFO - [AUDIT] - Action: 0, Confidence: 1.0000, Safety Mode: SAFE_HOLD, Override: Safe hold mode active
2025-05-28 04:02:19,046 - INFO - [AUDIT] - Action: 0, Confidence: 1.0000, Safety Mode: SAFE_HOLD, Override: Safe hold mode active
2025-05-28 04:02:19,047 - INFO - [AUDIT] - Action: 0, Confidence: 1.0000, Safety Mode: SAFE_HOLD, Override: Safe hold mode active
2025-05-28 04:02:19,047 - INFO - [AUDIT] - Action: 0, Confidence: 1.0000, Safety Mode: SAFE_HOLD, Override: Safe hold mode active
2025-05-28 04:02:19,047 - INFO - [AUDIT] - Action: 0, Confidence: 1.0000, Safety Mode: SAFE_HOLD, Override: Safe hold mode active
2025-05-28 04:02:19,047 - INFO - [AUDIT] - Action: 0, Confidence: 1.0000, Safety Mode: SAFE_HOLD, Override: Safe hold mode active
2025-05-28 04:02:19,047 - INFO - [AUDIT] - Action: 0, Confidence: 1.0000, Safety Mode: SAFE_HOLD, Override: Safe hold mode active
2025-05-28 04:02:19,048 - INFO - [AUDIT] - Action: 0, Confidence: 1.0000, Safety Mode: SAFE_HOLD, Override: Safe hold mode active
2025-05-28 04:02:19,048 - INFO - [AUDIT] - Action: 0, Confidence: 1.0000, Safety Mode: SAFE_HOLD, Override: Safe hold mode active
2025-05-28 04:02:19,048 - INFO - [AUDIT] - Action: 0, Confidence: 1.0000, Safety Mode: SAFE_HOLD, Override: Safe hold mode active
2025-05-28 04:02:19,048 - INFO - [AUDIT] - Action: 0, Confidence: 1.0000, Safety Mode: SAFE_HOLD, Override: Safe hold mode active
2025-05-28 04:02:19,048 - INFO - [AUDIT] - Action: 0, Confidence: 1.0000, Safety Mode: SAFE_HOLD, Override: Safe hold mode active
2025-05-28 04:02:19,049 - INFO - [AUDIT] - Action: 0, Confidence: 1.0000, Safety Mode: SAFE_HOLD, Override: Safe hold mode active
2025-05-28 04:02:19,049 - INFO - [AUDIT] - Action: 0, Confidence: 1.0000, Safety Mode: SAFE_HOLD, Override: Safe hold mode active
2025-05-28 04:02:19,049 - INFO - [AUDIT] - Action: 0, Confidence: 1.0000, Safety Mode: SAFE_HOLD, Override: Safe hold mode active
2025-05-28 04:02:19,049 - INFO - [AUDIT] - Action: 0, Confidence: 1.0000, Safety Mode: SAFE_HOLD, Override: Safe hold mode active
2025-05-28 04:02:19,049 - INFO - [AUDIT] - Action: 0, Confidence: 1.0000, Safety Mode: SAFE_HOLD, Override: Safe hold mode active
2025-05-28 04:02:19,049 - INFO - [AUDIT] - Action: 0, Confidence: 1.0000, Safety Mode: SAFE_HOLD, Override: Safe hold mode active
2025-05-28 04:02:19,050 - INFO - [AUDIT] - Action: 0, Confidence: 1.0000, Safety Mode: SAFE_HOLD, Override: Safe hold mode active
2025-05-28 04:02:19,050 - INFO - [AUDIT] - Action: 0, Confidence: 1.0000, Safety Mode: SAFE_HOLD, Override: Safe hold mode active
2025-05-28 04:02:19,050 - INFO - [AUDIT] - Action: 0, Confidence: 1.0000, Safety Mode: SAFE_HOLD, Override: Safe hold mode active
2025-05-28 04:02:19,050 - INFO - [AUDIT] - Action: 0, Confidence: 1.0000, Safety Mode: SAFE_HOLD, Override: Safe hold mode active
2025-05-28 04:02:19,050 - INFO - [AUDIT] - Action: 0, Confidence: 1.0000, Safety Mode: SAFE_HOLD, Override: Safe hold mode active
2025-05-28 04:02:19,051 - INFO - [AUDIT] - Action: 0, Confidence: 1.0000, Safety Mode: SAFE_HOLD, Override: Safe hold mode active
2025-05-28 04:02:19,051 - INFO - [AUDIT] - Action: 0, Confidence: 1.0000, Safety Mode: SAFE_HOLD, Override: Safe hold mode active
2025-05-28 04:02:19,051 - INFO - [AUDIT] - Action: 0, Confidence: 1.0000, Safety Mode: SAFE_HOLD, Override: Safe hold mode active
2025-05-28 04:02:19,051 - INFO - [AUDIT] - Action: 0, Confidence: 1.0000, Safety Mode: SAFE_HOLD, Override: Safe hold mode active
2025-05-28 04:02:19,051 - INFO - [AUDIT] - Action: 0, Confidence: 1.0000, Safety Mode: SAFE_HOLD, Override: Safe hold mode active
2025-05-28 04:02:19,052 - INFO - [AUDIT] - Action: 0, Confidence: 1.0000, Safety Mode: SAFE_HOLD, Override: Safe hold mode active
2025-05-28 04:02:19,052 - INFO - [AUDIT] - Action: 0, Confidence: 1.0000, Safety Mode: SAFE_HOLD, Override: Safe hold mode active
2025-05-28 04:02:19,052 - INFO - [AUDIT] - Action: 0, Confidence: 1.0000, Safety Mode: SAFE_HOLD, Override: Safe hold mode active
2025-05-28 04:02:19,052 - INFO - [AUDIT] - Action: 0, Confidence: 1.0000, Safety Mode: SAFE_HOLD, Override: Safe hold mode active
2025-05-28 04:02:19,053 - INFO - [AUDIT] - Action: 0, Confidence: 1.0000, Safety Mode: SAFE_HOLD, Override: Safe hold mode active
2025-05-28 04:02:19,053 - INFO - [AUDIT] - Action: 0, Confidence: 1.0000, Safety Mode: SAFE_HOLD, Override: Safe hold mode active
2025-05-28 04:02:19,053 - INFO - [AUDIT] - Action: 0, Confidence: 1.0000, Safety Mode: SAFE_HOLD, Override: Safe hold mode active
2025-05-28 04:02:19,053 - INFO - [AUDIT] - Action: 0, Confidence: 1.0000, Safety Mode: SAFE_HOLD, Override: Safe hold mode active
2025-05-28 04:02:19,053 - INFO - [AUDIT] - Action: 0, Confidence: 1.0000, Safety Mode: SAFE_HOLD, Override: Safe hold mode active
2025-05-28 04:02:19,053 - INFO - [AUDIT] - Action: 0, Confidence: 1.0000, Safety Mode: SAFE_HOLD, Override: Safe hold mode active
2025-05-28 04:02:19,054 - INFO - [AUDIT] - Action: 0, Confidence: 1.0000, Safety Mode: SAFE_HOLD, Override: Safe hold mode active
2025-05-28 04:02:19,054 - INFO - [AUDIT] - Action: 0, Confidence: 1.0000, Safety Mode: SAFE_HOLD, Override: Safe hold mode active
2025-05-28 04:02:19,054 - INFO - [AUDIT] - Action: 0, Confidence: 1.0000, Safety Mode: SAFE_HOLD, Override: Safe hold mode active
2025-05-28 04:02:19,054 - INFO - [AUDIT] - Action: 0, Confidence: 1.0000, Safety Mode: SAFE_HOLD, Override: Safe hold mode active
2025-05-28 04:02:19,054 - INFO - [AUDIT] - Action: 0, Confidence: 1.0000, Safety Mode: SAFE_HOLD, Override: Safe hold mode active
2025-05-28 04:02:19,055 - INFO - [AUDIT] - Action: 0, Confidence: 1.0000, Safety Mode: SAFE_HOLD, Override: Safe hold mode active
2025-05-28 04:02:19,055 - INFO - [AUDIT] - Action: 0, Confidence: 1.0000, Safety Mode: SAFE_HOLD, Override: Safe hold mode active
2025-05-28 04:02:19,055 - INFO - [AUDIT] - Action: 0, Confidence: 1.0000, Safety Mode: SAFE_HOLD, Override: Safe hold mode active
2025-05-28 04:02:19,055 - INFO - [AUDIT] - Action: 0, Confidence: 1.0000, Safety Mode: SAFE_HOLD, Override: Safe hold mode active
2025-05-28 04:02:19,055 - INFO - [AUDIT] - Action: 0, Confidence: 1.0000, Safety Mode: SAFE_HOLD, Override: Safe hold mode active
2025-05-28 04:02:19,056 - INFO - [AUDIT] - Action: 0, Confidence: 1.0000, Safety Mode: SAFE_HOLD, Override: Safe hold mode active
2025-05-28 04:02:19,056 - INFO - [AUDIT] - Action: 0, Confidence: 1.0000, Safety Mode: SAFE_HOLD, Override: Safe hold mode active
2025-05-28 04:02:19,056 - INFO - [AUDIT] - Action: 0, Confidence: 1.0000, Safety Mode: SAFE_HOLD, Override: Safe hold mode active
2025-05-28 04:02:19,056 - INFO - [AUDIT] - Action: 0, Confidence: 1.0000, Safety Mode: SAFE_HOLD, Override: Safe hold mode active
2025-05-28 04:02:19,056 - INFO - [AUDIT] - Action: 0, Confidence: 1.0000, Safety Mode: SAFE_HOLD, Override: Safe hold mode active
2025-05-28 04:02:19,056 - INFO - [AUDIT] - Action: 0, Confidence: 1.0000, Safety Mode: SAFE_HOLD, Override: Safe hold mode active
2025-05-28 04:02:19,057 - INFO - [AUDIT] - Action: 0, Confidence: 1.0000, Safety Mode: SAFE_HOLD, Override: Safe hold mode active
2025-05-28 04:02:19,057 - INFO - [AUDIT] - Action: 0, Confidence: 1.0000, Safety Mode: SAFE_HOLD, Override: Safe hold mode active
2025-05-28 04:02:19,057 - INFO - [AUDIT] - Action: 0, Confidence: 1.0000, Safety Mode: SAFE_HOLD, Override: Safe hold mode active
2025-05-28 04:02:19,057 - INFO - [AUDIT] - Action: 0, Confidence: 1.0000, Safety Mode: SAFE_HOLD, Override: Safe hold mode active
2025-05-28 04:02:19,057 - INFO - [AUDIT] - Action: 0, Confidence: 1.0000, Safety Mode: SAFE_HOLD, Override: Safe hold mode active
2025-05-28 04:02:19,058 - INFO - [AUDIT] - Action: 0, Confidence: 1.0000, Safety Mode: SAFE_HOLD, Override: Safe hold mode active
2025-05-28 04:02:19,058 - INFO - [AUDIT] - Action: 0, Confidence: 1.0000, Safety Mode: SAFE_HOLD, Override: Safe hold mode active
2025-05-28 04:02:19,058 - INFO - [AUDIT] - Action: 0, Confidence: 1.0000, Safety Mode: SAFE_HOLD, Override: Safe hold mode active
2025-05-28 04:02:19,058 - INFO - [AUDIT] - Action: 0, Confidence: 1.0000, Safety Mode: SAFE_HOLD, Override: Safe hold mode active
2025-05-28 04:02:19,058 - INFO - [AUDIT] - Action: 0, Confidence: 1.0000, Safety Mode: SAFE_HOLD, Override: Safe hold mode active
2025-05-28 04:02:19,059 - INFO - [AUDIT] - Action: 0, Confidence: 1.0000, Safety Mode: SAFE_HOLD, Override: Safe hold mode active
2025-05-28 04:02:19,059 - INFO - [AUDIT] - Action: 0, Confidence: 1.0000, Safety Mode: SAFE_HOLD, Override: Safe hold mode active
2025-05-28 04:02:19,059 - INFO - [AUDIT] - Action: 0, Confidence: 1.0000, Safety Mode: SAFE_HOLD, Override: Safe hold mode active
2025-05-28 04:02:19,059 - INFO - [AUDIT] - Action: 0, Confidence: 1.0000, Safety Mode: SAFE_HOLD, Override: Safe hold mode active
2025-05-28 04:02:19,059 - INFO - [AUDIT] - Action: 0, Confidence: 1.0000, Safety Mode: SAFE_HOLD, Override: Safe hold mode active
2025-05-28 04:02:19,060 - INFO - [AUDIT] - Action: 0, Confidence: 1.0000, Safety Mode: SAFE_HOLD, Override: Safe hold mode active
2025-05-28 04:02:19,060 - INFO - [AUDIT] - Action: 0, Confidence: 1.0000, Safety Mode: SAFE_HOLD, Override: Safe hold mode active
2025-05-28 04:02:19,060 - INFO - [AUDIT] - Action: 0, Confidence: 1.0000, Safety Mode: SAFE_HOLD, Override: Safe hold mode active
2025-05-28 04:02:19,060 - INFO - [AUDIT] - Action: 0, Confidence: 1.0000, Safety Mode: SAFE_HOLD, Override: Safe hold mode active
2025-05-28 04:02:19,060 - INFO - [AUDIT] - Action: 0, Confidence: 1.0000, Safety Mode: SAFE_HOLD, Override: Safe hold mode active
2025-05-28 04:02:19,061 - INFO - [AUDIT] - Action: 0, Confidence: 1.0000, Safety Mode: SAFE_HOLD, Override: Safe hold mode active
2025-05-28 04:02:19,061 - INFO - [AUDIT] - Action: 0, Confidence: 1.0000, Safety Mode: SAFE_HOLD, Override: Safe hold mode active
2025-05-28 04:02:19,061 - INFO - [AUDIT] - Action: 0, Confidence: 1.0000, Safety Mode: SAFE_HOLD, Override: Safe hold mode active
2025-05-28 04:02:19,061 - INFO - [AUDIT] - Action: 0, Confidence: 1.0000, Safety Mode: SAFE_HOLD, Override: Safe hold mode active
2025-05-28 04:02:19,061 - INFO - [AUDIT] - Action: 0, Confidence: 1.0000, Safety Mode: SAFE_HOLD, Override: Safe hold mode active
2025-05-28 04:02:19,061 - INFO - [AUDIT] - Action: 0, Confidence: 1.0000, Safety Mode: SAFE_HOLD, Override: Safe hold mode active
2025-05-28 04:02:19,062 - INFO - [AUDIT] - Action: 0, Confidence: 1.0000, Safety Mode: SAFE_HOLD, Override: Safe hold mode active
2025-05-28 04:02:19,062 - INFO - [AUDIT] - Action: 0, Confidence: 1.0000, Safety Mode: SAFE_HOLD, Override: Safe hold mode active
2025-05-28 04:02:19,062 - INFO - [AUDIT] - Action: 0, Confidence: 1.0000, Safety Mode: SAFE_HOLD, Override: Safe hold mode active
2025-05-28 04:02:19,062 - INFO - [AUDIT] - Action: 0, Confidence: 1.0000, Safety Mode: SAFE_HOLD, Override: Safe hold mode active
2025-05-28 04:02:19,062 - INFO - [AUDIT] - Action: 0, Confidence: 1.0000, Safety Mode: SAFE_HOLD, Override: Safe hold mode active
2025-05-28 04:02:19,063 - INFO - [AUDIT] - Action: 0, Confidence: 1.0000, Safety Mode: SAFE_HOLD, Override: Safe hold mode active
2025-05-28 04:02:19,063 - INFO - [AUDIT] - Action: 0, Confidence: 1.0000, Safety Mode: SAFE_HOLD, Override: Safe hold mode active
2025-05-28 04:02:19,063 - INFO - [AUDIT] - Action: 0, Confidence: 1.0000, Safety Mode: SAFE_HOLD, Override: Safe hold mode active
2025-05-28 04:02:19,063 - INFO - [AUDIT] - Action: 0, Confidence: 1.0000, Safety Mode: SAFE_HOLD, Override: Safe hold mode active
2025-05-28 04:02:19,064 - INFO - [AUDIT] - Action: 0, Confidence: 1.0000, Safety Mode: SAFE_HOLD, Override: Safe hold mode active
2025-05-28 04:02:19,064 - INFO - [AUDIT] - Action: 0, Confidence: 1.0000, Safety Mode: SAFE_HOLD, Override: Safe hold mode active
2025-05-28 04:02:19,064 - INFO - [AUDIT] - Action: 0, Confidence: 1.0000, Safety Mode: SAFE_HOLD, Override: Safe hold mode active
2025-05-28 04:02:19,064 - INFO - [AUDIT] - Action: 0, Confidence: 1.0000, Safety Mode: SAFE_HOLD, Override: Safe hold mode active
2025-05-28 04:02:19,064 - INFO - [AUDIT] - Action: 0, Confidence: 1.0000, Safety Mode: SAFE_HOLD, Override: Safe hold mode active
2025-05-28 04:02:19,065 - INFO - [AUDIT] - Action: 0, Confidence: 1.0000, Safety Mode: SAFE_HOLD, Override: Safe hold mode active
2025-05-28 04:02:19,065 - INFO - [AUDIT] - Action: 0, Confidence: 1.0000, Safety Mode: SAFE_HOLD, Override: Safe hold mode active
2025-05-28 04:02:19,065 - INFO - [AUDIT] - Action: 0, Confidence: 1.0000, Safety Mode: SAFE_HOLD, Override: Safe hold mode active
2025-05-28 04:02:19,065 - INFO - [AUDIT] - Action: 0, Confidence: 1.0000, Safety Mode: SAFE_HOLD, Override: Safe hold mode active
2025-05-28 04:02:19,065 - INFO - [AUDIT] - Action: 0, Confidence: 1.0000, Safety Mode: SAFE_HOLD, Override: Safe hold mode active
2025-05-28 04:02:19,066 - INFO - [AUDIT] - Action: 0, Confidence: 1.0000, Safety Mode: SAFE_HOLD, Override: Safe hold mode active
2025-05-28 04:02:19,066 - INFO - [AUDIT] - Action: 0, Confidence: 1.0000, Safety Mode: SAFE_HOLD, Override: Safe hold mode active
2025-05-28 04:02:19,066 - INFO - [AUDIT] - Action: 0, Confidence: 1.0000, Safety Mode: SAFE_HOLD, Override: Safe hold mode active
2025-05-28 04:02:19,066 - INFO - [AUDIT] - Action: 0, Confidence: 1.0000, Safety Mode: SAFE_HOLD, Override: Safe hold mode active
2025-05-28 04:02:19,066 - INFO - [AUDIT] - Action: 0, Confidence: 1.0000, Safety Mode: SAFE_HOLD, Override: Safe hold mode active
2025-05-28 04:02:19,067 - INFO - [AUDIT] - Action: 0, Confidence: 1.0000, Safety Mode: SAFE_HOLD, Override: Safe hold mode active
2025-05-28 04:02:19,067 - INFO - [AUDIT] - Action: 0, Confidence: 1.0000, Safety Mode: SAFE_HOLD, Override: Safe hold mode active
2025-05-28 04:02:19,067 - INFO - [AUDIT] - Action: 0, Confidence: 1.0000, Safety Mode: SAFE_HOLD, Override: Safe hold mode active
2025-05-28 04:02:19,067 - INFO - [AUDIT] - Action: 0, Confidence: 1.0000, Safety Mode: SAFE_HOLD, Override: Safe hold mode active
2025-05-28 04:02:19,067 - INFO - [AUDIT] - Action: 0, Confidence: 1.0000, Safety Mode: SAFE_HOLD, Override: Safe hold mode active
2025-05-28 04:02:19,068 - INFO - [AUDIT] - Action: 0, Confidence: 1.0000, Safety Mode: SAFE_HOLD, Override: Safe hold mode active
2025-05-28 04:02:19,068 - INFO - [AUDIT] - Action: 0, Confidence: 1.0000, Safety Mode: SAFE_HOLD, Override: Safe hold mode active
2025-05-28 04:02:19,068 - INFO - [AUDIT] - Action: 0, Confidence: 1.0000, Safety Mode: SAFE_HOLD, Override: Safe hold mode active
2025-05-28 04:02:19,068 - INFO - [AUDIT] - Action: 0, Confidence: 1.0000, Safety Mode: SAFE_HOLD, Override: Safe hold mode active
2025-05-28 04:02:19,068 - INFO - [AUDIT] - Action: 0, Confidence: 1.0000, Safety Mode: SAFE_HOLD, Override: Safe hold mode active
2025-05-28 04:02:19,069 - INFO - [AUDIT] - Action: 0, Confidence: 1.0000, Safety Mode: SAFE_HOLD, Override: Safe hold mode active
2025-05-28 04:02:19,069 - INFO - [AUDIT] - Action: 0, Confidence: 1.0000, Safety Mode: SAFE_HOLD, Override: Safe hold mode active
2025-05-28 04:02:19,069 - INFO - [AUDIT] - Action: 0, Confidence: 1.0000, Safety Mode: SAFE_HOLD, Override: Safe hold mode active
2025-05-28 04:02:19,069 - INFO - [AUDIT] - Action: 0, Confidence: 1.0000, Safety Mode: SAFE_HOLD, Override: Safe hold mode active
2025-05-28 04:02:19,069 - INFO - [AUDIT] - Action: 0, Confidence: 1.0000, Safety Mode: SAFE_HOLD, Override: Safe hold mode active
2025-05-28 04:02:19,070 - INFO - [AUDIT] - Action: 0, Confidence: 1.0000, Safety Mode: SAFE_HOLD, Override: Safe hold mode active
2025-05-28 04:02:19,070 - INFO - [AUDIT] - Action: 0, Confidence: 1.0000, Safety Mode: SAFE_HOLD, Override: Safe hold mode active
2025-05-28 04:02:19,070 - INFO - [AUDIT] - Action: 0, Confidence: 1.0000, Safety Mode: SAFE_HOLD, Override: Safe hold mode active
2025-05-28 04:02:19,070 - INFO - [AUDIT] - Action: 0, Confidence: 1.0000, Safety Mode: SAFE_HOLD, Override: Safe hold mode active
2025-05-28 04:02:19,070 - INFO - [AUDIT] - Action: 0, Confidence: 1.0000, Safety Mode: SAFE_HOLD, Override: Safe hold mode active
2025-05-28 04:02:19,071 - INFO - [AUDIT] - Action: 0, Confidence: 1.0000, Safety Mode: SAFE_HOLD, Override: Safe hold mode active
2025-05-28 04:02:19,071 - INFO - [AUDIT] - Action: 0, Confidence: 1.0000, Safety Mode: SAFE_HOLD, Override: Safe hold mode active
2025-05-28 04:02:19,071 - INFO - [AUDIT] - Action: 0, Confidence: 1.0000, Safety Mode: SAFE_HOLD, Override: Safe hold mode active
2025-05-28 04:02:19,071 - INFO - [AUDIT] - Action: 0, Confidence: 1.0000, Safety Mode: SAFE_HOLD, Override: Safe hold mode active
2025-05-28 04:02:19,071 - INFO - [AUDIT] - Action: 0, Confidence: 1.0000, Safety Mode: SAFE_HOLD, Override: Safe hold mode active
2025-05-28 04:02:19,071 - INFO - [AUDIT] - Action: 0, Confidence: 1.0000, Safety Mode: SAFE_HOLD, Override: Safe hold mode active
2025-05-28 04:02:19,072 - INFO - [AUDIT] - Action: 0, Confidence: 1.0000, Safety Mode: SAFE_HOLD, Override: Safe hold mode active
2025-05-28 04:02:19,072 - INFO - [AUDIT] - Action: 0, Confidence: 1.0000, Safety Mode: SAFE_HOLD, Override: Safe hold mode active
2025-05-28 04:02:19,072 - INFO - [AUDIT] - Action: 0, Confidence: 1.0000, Safety Mode: SAFE_HOLD, Override: Safe hold mode active
2025-05-28 04:02:19,072 - INFO - [AUDIT] - Action: 0, Confidence: 1.0000, Safety Mode: SAFE_HOLD, Override: Safe hold mode active
2025-05-28 04:02:19,072 - INFO - [AUDIT] - Action: 0, Confidence: 1.0000, Safety Mode: SAFE_HOLD, Override: Safe hold mode active
2025-05-28 04:02:19,073 - INFO - [AUDIT] - Action: 0, Confidence: 1.0000, Safety Mode: SAFE_HOLD, Override: Safe hold mode active
2025-05-28 04:02:19,073 - INFO - [AUDIT] - Action: 0, Confidence: 1.0000, Safety Mode: SAFE_HOLD, Override: Safe hold mode active
2025-05-28 04:02:19,073 - INFO - [AUDIT] - Action: 0, Confidence: 1.0000, Safety Mode: SAFE_HOLD, Override: Safe hold mode active
2025-05-28 04:02:19,073 - INFO - [AUDIT] - Action: 0, Confidence: 1.0000, Safety Mode: SAFE_HOLD, Override: Safe hold mode active
2025-05-28 04:02:19,073 - INFO - [AUDIT] - Action: 0, Confidence: 1.0000, Safety Mode: SAFE_HOLD, Override: Safe hold mode active
2025-05-28 04:02:19,074 - INFO - [AUDIT] - Action: 0, Confidence: 1.0000, Safety Mode: SAFE_HOLD, Override: Safe hold mode active
2025-05-28 04:02:19,074 - INFO - [AUDIT] - Action: 0, Confidence: 1.0000, Safety Mode: SAFE_HOLD, Override: Safe hold mode active
2025-05-28 04:02:19,074 - INFO - [AUDIT] - Action: 0, Confidence: 1.0000, Safety Mode: SAFE_HOLD, Override: Safe hold mode active
2025-05-28 04:02:19,074 - INFO - [AUDIT] - Action: 0, Confidence: 1.0000, Safety Mode: SAFE_HOLD, Override: Safe hold mode active
2025-05-28 04:02:19,074 - INFO - [AUDIT] - Action: 0, Confidence: 1.0000, Safety Mode: SAFE_HOLD, Override: Safe hold mode active
2025-05-28 04:02:19,075 - INFO - [AUDIT] - Action: 0, Confidence: 1.0000, Safety Mode: SAFE_HOLD, Override: Safe hold mode active
2025-05-28 04:02:19,075 - INFO - [AUDIT] - Action: 0, Confidence: 1.0000, Safety Mode: SAFE_HOLD, Override: Safe hold mode active
2025-05-28 04:02:19,075 - INFO - [AUDIT] - Action: 0, Confidence: 1.0000, Safety Mode: SAFE_HOLD, Override: Safe hold mode active
2025-05-28 04:02:19,075 - INFO - [AUDIT] - Action: 0, Confidence: 1.0000, Safety Mode: SAFE_HOLD, Override: Safe hold mode active
2025-05-28 04:02:19,075 - INFO - [AUDIT] - Action: 0, Confidence: 1.0000, Safety Mode: SAFE_HOLD, Override: Safe hold mode active
2025-05-28 04:02:19,076 - INFO - [AUDIT] - Action: 0, Confidence: 1.0000, Safety Mode: SAFE_HOLD, Override: Safe hold mode active
2025-05-28 04:02:19,076 - INFO - [AUDIT] - Action: 0, Confidence: 1.0000, Safety Mode: SAFE_HOLD, Override: Safe hold mode active
2025-05-28 04:02:19,076 - INFO - [AUDIT] - Action: 0, Confidence: 1.0000, Safety Mode: SAFE_HOLD, Override: Safe hold mode active
2025-05-28 04:02:19,076 - INFO - [AUDIT] - Action: 0, Confidence: 1.0000, Safety Mode: SAFE_HOLD, Override: Safe hold mode active
2025-05-28 04:02:19,076 - INFO - [AUDIT] - Action: 0, Confidence: 1.0000, Safety Mode: SAFE_HOLD, Override: Safe hold mode active
2025-05-28 04:02:19,077 - INFO - [AUDIT] - Action: 0, Confidence: 1.0000, Safety Mode: SAFE_HOLD, Override: Safe hold mode active
2025-05-28 04:02:19,077 - INFO - [AUDIT] - Action: 0, Confidence: 1.0000, Safety Mode: SAFE_HOLD, Override: Safe hold mode active
2025-05-28 04:02:19,077 - INFO - [AUDIT] - Action: 0, Confidence: 1.0000, Safety Mode: SAFE_HOLD, Override: Safe hold mode active
2025-05-28 04:02:19,077 - INFO - [AUDIT] - Action: 0, Confidence: 1.0000, Safety Mode: SAFE_HOLD, Override: Safe hold mode active
2025-05-28 04:02:19,077 - INFO - [AUDIT] - Action: 0, Confidence: 1.0000, Safety Mode: SAFE_HOLD, Override: Safe hold mode active
2025-05-28 04:02:19,078 - INFO - [AUDIT] - Action: 0, Confidence: 1.0000, Safety Mode: SAFE_HOLD, Override: Safe hold mode active
2025-05-28 04:02:19,078 - INFO - [AUDIT] - Action: 0, Confidence: 1.0000, Safety Mode: SAFE_HOLD, Override: Safe hold mode active
2025-05-28 04:02:19,078 - INFO - [AUDIT] - Action: 0, Confidence: 1.0000, Safety Mode: SAFE_HOLD, Override: Safe hold mode active
2025-05-28 04:02:19,078 - INFO - [AUDIT] - Action: 0, Confidence: 1.0000, Safety Mode: SAFE_HOLD, Override: Safe hold mode active
2025-05-28 04:02:19,078 - INFO - [AUDIT] - Action: 0, Confidence: 1.0000, Safety Mode: SAFE_HOLD, Override: Safe hold mode active
2025-05-28 04:02:19,078 - INFO - [AUDIT] - Action: 0, Confidence: 1.0000, Safety Mode: SAFE_HOLD, Override: Safe hold mode active
2025-05-28 04:02:19,079 - INFO - [AUDIT] - Action: 0, Confidence: 1.0000, Safety Mode: SAFE_HOLD, Override: Safe hold mode active
2025-05-28 04:02:19,079 - INFO - [AUDIT] - Action: 0, Confidence: 1.0000, Safety Mode: SAFE_HOLD, Override: Safe hold mode active
2025-05-28 04:02:19,079 - INFO - [AUDIT] - Action: 0, Confidence: 1.0000, Safety Mode: SAFE_HOLD, Override: Safe hold mode active
2025-05-28 04:02:19,079 - INFO - [AUDIT] - Action: 0, Confidence: 1.0000, Safety Mode: SAFE_HOLD, Override: Safe hold mode active
2025-05-28 04:02:19,079 - INFO - [AUDIT] - Action: 0, Confidence: 1.0000, Safety Mode: SAFE_HOLD, Override: Safe hold mode active
2025-05-28 04:02:19,080 - INFO - [AUDIT] - Action: 0, Confidence: 1.0000, Safety Mode: SAFE_HOLD, Override: Safe hold mode active
2025-05-28 04:02:19,080 - INFO - [AUDIT] - Action: 0, Confidence: 1.0000, Safety Mode: SAFE_HOLD, Override: Safe hold mode active
2025-05-28 04:02:19,080 - INFO - [AUDIT] - Action: 0, Confidence: 1.0000, Safety Mode: SAFE_HOLD, Override: Safe hold mode active
2025-05-28 04:02:19,080 - INFO - [AUDIT] - Action: 0, Confidence: 1.0000, Safety Mode: SAFE_HOLD, Override: Safe hold mode active
2025-05-28 04:02:19,080 - INFO - [AUDIT] - Action: 0, Confidence: 1.0000, Safety Mode: SAFE_HOLD, Override: Safe hold mode active
2025-05-28 04:02:19,081 - INFO - [AUDIT] - Action: 0, Confidence: 1.0000, Safety Mode: SAFE_HOLD, Override: Safe hold mode active
2025-05-28 04:02:19,081 - INFO - [AUDIT] - Action: 0, Confidence: 1.0000, Safety Mode: SAFE_HOLD, Override: Safe hold mode active
2025-05-28 04:02:19,081 - INFO - [AUDIT] - Action: 0, Confidence: 1.0000, Safety Mode: SAFE_HOLD, Override: Safe hold mode active
2025-05-28 04:02:19,081 - INFO - [AUDIT] - Action: 0, Confidence: 1.0000, Safety Mode: SAFE_HOLD, Override: Safe hold mode active
2025-05-28 04:02:19,081 - INFO - [AUDIT] - Action: 0, Confidence: 1.0000, Safety Mode: SAFE_HOLD, Override: Safe hold mode active
2025-05-28 04:02:19,082 - INFO - [AUDIT] - Action: 0, Confidence: 1.0000, Safety Mode: SAFE_HOLD, Override: Safe hold mode active
2025-05-28 04:02:19,082 - INFO - [AUDIT] - Action: 0, Confidence: 1.0000, Safety Mode: SAFE_HOLD, Override: Safe hold mode active
2025-05-28 04:02:19,082 - INFO - [AUDIT] - Action: 0, Confidence: 1.0000, Safety Mode: SAFE_HOLD, Override: Safe hold mode active
2025-05-28 04:02:19,082 - INFO - [AUDIT] - Action: 0, Confidence: 1.0000, Safety Mode: SAFE_HOLD, Override: Safe hold mode active
2025-05-28 04:02:19,082 - INFO - [AUDIT] - Action: 0, Confidence: 1.0000, Safety Mode: SAFE_HOLD, Override: Safe hold mode active
2025-05-28 04:02:19,083 - INFO - [AUDIT] - Action: 0, Confidence: 1.0000, Safety Mode: SAFE_HOLD, Override: Safe hold mode active
2025-05-28 04:02:19,083 - INFO - [AUDIT] - Action: 0, Confidence: 1.0000, Safety Mode: SAFE_HOLD, Override: Safe hold mode active
2025-05-28 04:02:19,083 - INFO - [AUDIT] - Action: 0, Confidence: 1.0000, Safety Mode: SAFE_HOLD, Override: Safe hold mode active
2025-05-28 04:02:19,083 - INFO - [AUDIT] - Action: 0, Confidence: 1.0000, Safety Mode: SAFE_HOLD, Override: Safe hold mode active
2025-05-28 04:02:19,083 - INFO - [AUDIT] - Action: 0, Confidence: 1.0000, Safety Mode: SAFE_HOLD, Override: Safe hold mode active
2025-05-28 04:02:19,084 - INFO - [AUDIT] - Action: 0, Confidence: 1.0000, Safety Mode: SAFE_HOLD, Override: Safe hold mode active
2025-05-28 04:02:19,084 - INFO - [AUDIT] - Action: 0, Confidence: 1.0000, Safety Mode: SAFE_HOLD, Override: Safe hold mode active
2025-05-28 04:02:19,084 - INFO - [AUDIT] - Action: 0, Confidence: 1.0000, Safety Mode: SAFE_HOLD, Override: Safe hold mode active
2025-05-28 04:02:19,084 - INFO - [AUDIT] - Action: 0, Confidence: 1.0000, Safety Mode: SAFE_HOLD, Override: Safe hold mode active
2025-05-28 04:02:19,084 - INFO - [AUDIT] - Action: 0, Confidence: 1.0000, Safety Mode: SAFE_HOLD, Override: Safe hold mode active
2025-05-28 04:02:19,085 - INFO - [AUDIT] - Action: 0, Confidence: 1.0000, Safety Mode: SAFE_HOLD, Override: Safe hold mode active
2025-05-28 04:02:19,085 - INFO - [AUDIT] - Action: 0, Confidence: 1.0000, Safety Mode: SAFE_HOLD, Override: Safe hold mode active
2025-05-28 04:02:19,085 - INFO - [AUDIT] - Action: 0, Confidence: 1.0000, Safety Mode: SAFE_HOLD, Override: Safe hold mode active
2025-05-28 04:02:19,085 - INFO - [AUDIT] - Action: 0, Confidence: 1.0000, Safety Mode: SAFE_HOLD, Override: Safe hold mode active
2025-05-28 04:02:19,085 - INFO - [AUDIT] - Action: 0, Confidence: 1.0000, Safety Mode: SAFE_HOLD, Override: Safe hold mode active
2025-05-28 04:02:19,085 - INFO - [AUDIT] - Action: 0, Confidence: 1.0000, Safety Mode: SAFE_HOLD, Override: Safe hold mode active
2025-05-28 04:02:19,086 - INFO - [AUDIT] - Action: 0, Confidence: 1.0000, Safety Mode: SAFE_HOLD, Override: Safe hold mode active
2025-05-28 04:02:19,086 - INFO - [AUDIT] - Action: 0, Confidence: 1.0000, Safety Mode: SAFE_HOLD, Override: Safe hold mode active
2025-05-28 04:02:19,086 - INFO - [AUDIT] - Action: 0, Confidence: 1.0000, Safety Mode: SAFE_HOLD, Override: Safe hold mode active
2025-05-28 04:02:19,086 - INFO - [AUDIT] - Action: 0, Confidence: 1.0000, Safety Mode: SAFE_HOLD, Override: Safe hold mode active
2025-05-28 04:02:19,086 - INFO - [AUDIT] - Action: 0, Confidence: 1.0000, Safety Mode: SAFE_HOLD, Override: Safe hold mode active
2025-05-28 04:02:19,087 - INFO - [AUDIT] - Action: 0, Confidence: 1.0000, Safety Mode: SAFE_HOLD, Override: Safe hold mode active
2025-05-28 04:02:19,087 - INFO - [AUDIT] - Action: 0, Confidence: 1.0000, Safety Mode: SAFE_HOLD, Override: Safe hold mode active
2025-05-28 04:02:19,087 - INFO - [AUDIT] - Action: 0, Confidence: 1.0000, Safety Mode: SAFE_HOLD, Override: Safe hold mode active
2025-05-28 04:02:19,087 - INFO - [AUDIT] - Action: 0, Confidence: 1.0000, Safety Mode: SAFE_HOLD, Override: Safe hold mode active
2025-05-28 04:02:19,087 - INFO - [AUDIT] - Action: 0, Confidence: 1.0000, Safety Mode: SAFE_HOLD, Override: Safe hold mode active
2025-05-28 04:02:19,088 - INFO - [AUDIT] - Action: 0, Confidence: 1.0000, Safety Mode: SAFE_HOLD, Override: Safe hold mode active
2025-05-28 04:02:19,088 - INFO - [AUDIT] - Action: 0, Confidence: 1.0000, Safety Mode: SAFE_HOLD, Override: Safe hold mode active
2025-05-28 04:02:19,088 - INFO - [AUDIT] - Action: 0, Confidence: 1.0000, Safety Mode: SAFE_HOLD, Override: Safe hold mode active
2025-05-28 04:02:19,088 - INFO - [AUDIT] - Action: 0, Confidence: 1.0000, Safety Mode: SAFE_HOLD, Override: Safe hold mode active
2025-05-28 04:02:19,088 - INFO - [AUDIT] - Action: 0, Confidence: 1.0000, Safety Mode: SAFE_HOLD, Override: Safe hold mode active
2025-05-28 04:02:19,088 - INFO - [AUDIT] - Action: 0, Confidence: 1.0000, Safety Mode: SAFE_HOLD, Override: Safe hold mode active
2025-05-28 04:02:19,089 - INFO - [AUDIT] - Action: 0, Confidence: 1.0000, Safety Mode: SAFE_HOLD, Override: Safe hold mode active
2025-05-28 04:02:19,089 - INFO - [AUDIT] - Action: 0, Confidence: 1.0000, Safety Mode: SAFE_HOLD, Override: Safe hold mode active
2025-05-28 04:02:19,089 - INFO - [AUDIT] - Action: 0, Confidence: 1.0000, Safety Mode: SAFE_HOLD, Override: Safe hold mode active
2025-05-28 04:02:19,089 - INFO - [AUDIT] - Action: 0, Confidence: 1.0000, Safety Mode: SAFE_HOLD, Override: Safe hold mode active
2025-05-28 04:02:19,089 - INFO - [AUDIT] - Action: 0, Confidence: 1.0000, Safety Mode: SAFE_HOLD, Override: Safe hold mode active
2025-05-28 04:02:19,090 - INFO - [AUDIT] - Action: 0, Confidence: 1.0000, Safety Mode: SAFE_HOLD, Override: Safe hold mode active
2025-05-28 04:02:19,090 - INFO - [AUDIT] - Action: 0, Confidence: 1.0000, Safety Mode: SAFE_HOLD, Override: Safe hold mode active
2025-05-28 04:02:19,090 - INFO - [AUDIT] - Action: 0, Confidence: 1.0000, Safety Mode: SAFE_HOLD, Override: Safe hold mode active
2025-05-28 04:02:19,090 - INFO - [AUDIT] - Action: 0, Confidence: 1.0000, Safety Mode: SAFE_HOLD, Override: Safe hold mode active
2025-05-28 04:02:19,090 - INFO - [AUDIT] - Action: 0, Confidence: 1.0000, Safety Mode: SAFE_HOLD, Override: Safe hold mode active
2025-05-28 04:02:19,091 - INFO - [AUDIT] - Action: 0, Confidence: 1.0000, Safety Mode: SAFE_HOLD, Override: Safe hold mode active
2025-05-28 04:02:19,091 - INFO - [AUDIT] - Action: 0, Confidence: 1.0000, Safety Mode: SAFE_HOLD, Override: Safe hold mode active
2025-05-28 04:02:19,091 - INFO - [AUDIT] - Action: 0, Confidence: 1.0000, Safety Mode: SAFE_HOLD, Override: Safe hold mode active
2025-05-28 04:02:19,091 - INFO - [AUDIT] - Action: 0, Confidence: 1.0000, Safety Mode: SAFE_HOLD, Override: Safe hold mode active
2025-05-28 04:02:19,091 - INFO - [AUDIT] - Action: 0, Confidence: 1.0000, Safety Mode: SAFE_HOLD, Override: Safe hold mode active
2025-05-28 04:02:19,092 - INFO - [AUDIT] - Action: 0, Confidence: 1.0000, Safety Mode: SAFE_HOLD, Override: Safe hold mode active
2025-05-28 04:02:19,092 - INFO - [AUDIT] - Action: 0, Confidence: 1.0000, Safety Mode: SAFE_HOLD, Override: Safe hold mode active
2025-05-28 04:02:19,092 - INFO - [AUDIT] - Action: 0, Confidence: 1.0000, Safety Mode: SAFE_HOLD, Override: Safe hold mode active
2025-05-28 04:02:19,092 - INFO - [AUDIT] - Action: 0, Confidence: 1.0000, Safety Mode: SAFE_HOLD, Override: Safe hold mode active
2025-05-28 04:02:19,092 - INFO - [AUDIT] - Action: 0, Confidence: 1.0000, Safety Mode: SAFE_HOLD, Override: Safe hold mode active
2025-05-28 04:02:19,093 - INFO - [AUDIT] - Action: 0, Confidence: 1.0000, Safety Mode: SAFE_HOLD, Override: Safe hold mode active
2025-05-28 04:02:19,093 - INFO - [AUDIT] - Action: 0, Confidence: 1.0000, Safety Mode: SAFE_HOLD, Override: Safe hold mode active
2025-05-28 04:02:19,093 - INFO - [AUDIT] - Action: 0, Confidence: 1.0000, Safety Mode: SAFE_HOLD, Override: Safe hold mode active
2025-05-28 04:02:19,093 - INFO - [AUDIT] - Action: 0, Confidence: 1.0000, Safety Mode: SAFE_HOLD, Override: Safe hold mode active
2025-05-28 04:02:19,093 - INFO - [AUDIT] - Action: 0, Confidence: 1.0000, Safety Mode: SAFE_HOLD, Override: Safe hold mode active
2025-05-28 04:02:19,094 - INFO - [AUDIT] - Action: 0, Confidence: 1.0000, Safety Mode: SAFE_HOLD, Override: Safe hold mode active
2025-05-28 04:02:19,094 - INFO - [AUDIT] - Action: 0, Confidence: 1.0000, Safety Mode: SAFE_HOLD, Override: Safe hold mode active
2025-05-28 04:02:19,094 - INFO - [AUDIT] - Action: 0, Confidence: 1.0000, Safety Mode: SAFE_HOLD, Override: Safe hold mode active
2025-05-28 04:02:19,094 - INFO - [AUDIT] - Action: 0, Confidence: 1.0000, Safety Mode: SAFE_HOLD, Override: Safe hold mode active
2025-05-28 04:02:19,094 - INFO - [AUDIT] - Action: 0, Confidence: 1.0000, Safety Mode: SAFE_HOLD, Override: Safe hold mode active
2025-05-28 04:02:19,095 - INFO - [AUDIT] - Action: 0, Confidence: 1.0000, Safety Mode: SAFE_HOLD, Override: Safe hold mode active
2025-05-28 04:02:19,095 - INFO - [AUDIT] - Action: 0, Confidence: 1.0000, Safety Mode: SAFE_HOLD, Override: Safe hold mode active
2025-05-28 04:02:19,095 - INFO - [AUDIT] - Action: 0, Confidence: 1.0000, Safety Mode: SAFE_HOLD, Override: Safe hold mode active
2025-05-28 04:02:19,095 - INFO - [AUDIT] - Action: 0, Confidence: 1.0000, Safety Mode: SAFE_HOLD, Override: Safe hold mode active
2025-05-28 04:02:19,095 - INFO - [AUDIT] - Action: 0, Confidence: 1.0000, Safety Mode: SAFE_HOLD, Override: Safe hold mode active
2025-05-28 04:02:19,096 - INFO - [AUDIT] - Action: 0, Confidence: 1.0000, Safety Mode: SAFE_HOLD, Override: Safe hold mode active
2025-05-28 04:02:19,096 - INFO - [AUDIT] - Action: 0, Confidence: 1.0000, Safety Mode: SAFE_HOLD, Override: Safe hold mode active
2025-05-28 04:02:19,096 - INFO - [AUDIT] - Action: 0, Confidence: 1.0000, Safety Mode: SAFE_HOLD, Override: Safe hold mode active
2025-05-28 04:02:19,096 - INFO - [AUDIT] - Action: 0, Confidence: 1.0000, Safety Mode: SAFE_HOLD, Override: Safe hold mode active
2025-05-28 04:02:19,096 - INFO - [AUDIT] - Action: 0, Confidence: 1.0000, Safety Mode: SAFE_HOLD, Override: Safe hold mode active
2025-05-28 04:02:19,097 - INFO - [AUDIT] - Action: 0, Confidence: 1.0000, Safety Mode: SAFE_HOLD, Override: Safe hold mode active
2025-05-28 04:02:19,097 - INFO - [AUDIT] - Action: 0, Confidence: 1.0000, Safety Mode: SAFE_HOLD, Override: Safe hold mode active
2025-05-28 04:02:19,097 - INFO - [AUDIT] - Action: 0, Confidence: 1.0000, Safety Mode: SAFE_HOLD, Override: Safe hold mode active
2025-05-28 04:02:19,097 - INFO - [AUDIT] - Action: 0, Confidence: 1.0000, Safety Mode: SAFE_HOLD, Override: Safe hold mode active
2025-05-28 04:02:19,097 - INFO - [AUDIT] - Action: 0, Confidence: 1.0000, Safety Mode: SAFE_HOLD, Override: Safe hold mode active
2025-05-28 04:02:19,098 - INFO - [AUDIT] - Action: 0, Confidence: 1.0000, Safety Mode: SAFE_HOLD, Override: Safe hold mode active
2025-05-28 04:02:19,098 - INFO - [AUDIT] - Action: 0, Confidence: 1.0000, Safety Mode: SAFE_HOLD, Override: Safe hold mode active
2025-05-28 04:02:19,098 - INFO - [AUDIT] - Action: 0, Confidence: 1.0000, Safety Mode: SAFE_HOLD, Override: Safe hold mode active
2025-05-28 04:02:19,098 - INFO - [AUDIT] - Action: 0, Confidence: 1.0000, Safety Mode: SAFE_HOLD, Override: Safe hold mode active
2025-05-28 04:02:19,098 - INFO - [AUDIT] - Action: 0, Confidence: 1.0000, Safety Mode: SAFE_HOLD, Override: Safe hold mode active
2025-05-28 04:02:19,099 - INFO - [AUDIT] - Action: 0, Confidence: 1.0000, Safety Mode: SAFE_HOLD, Override: Safe hold mode active
2025-05-28 04:02:19,099 - INFO - [AUDIT] - Action: 0, Confidence: 1.0000, Safety Mode: SAFE_HOLD, Override: Safe hold mode active
2025-05-28 04:02:19,099 - INFO - [AUDIT] - Action: 0, Confidence: 1.0000, Safety Mode: SAFE_HOLD, Override: Safe hold mode active
2025-05-28 04:02:19,099 - INFO - [AUDIT] - Action: 0, Confidence: 1.0000, Safety Mode: SAFE_HOLD, Override: Safe hold mode active
2025-05-28 04:02:19,099 - INFO - [AUDIT] - Action: 0, Confidence: 1.0000, Safety Mode: SAFE_HOLD, Override: Safe hold mode active
2025-05-28 04:02:19,099 - INFO - [AUDIT] - Action: 0, Confidence: 1.0000, Safety Mode: SAFE_HOLD, Override: Safe hold mode active
2025-05-28 04:02:19,100 - INFO - [AUDIT] - Action: 0, Confidence: 1.0000, Safety Mode: SAFE_HOLD, Override: Safe hold mode active
2025-05-28 04:02:19,100 - INFO - [AUDIT] - Action: 0, Confidence: 1.0000, Safety Mode: SAFE_HOLD, Override: Safe hold mode active
2025-05-28 04:02:19,100 - INFO - [AUDIT] - Action: 0, Confidence: 1.0000, Safety Mode: SAFE_HOLD, Override: Safe hold mode active
2025-05-28 04:02:19,100 - INFO - [AUDIT] - Action: 0, Confidence: 1.0000, Safety Mode: SAFE_HOLD, Override: Safe hold mode active
2025-05-28 04:02:19,100 - INFO - [AUDIT] - Action: 0, Confidence: 1.0000, Safety Mode: SAFE_HOLD, Override: Safe hold mode active
2025-05-28 04:02:19,101 - INFO - [AUDIT] - Action: 0, Confidence: 1.0000, Safety Mode: SAFE_HOLD, Override: Safe hold mode active
2025-05-28 04:02:19,101 - INFO - [AUDIT] - Action: 0, Confidence: 1.0000, Safety Mode: SAFE_HOLD, Override: Safe hold mode active
2025-05-28 04:02:19,101 - INFO - [AUDIT] - Action: 0, Confidence: 1.0000, Safety Mode: SAFE_HOLD, Override: Safe hold mode active
2025-05-28 04:02:19,101 - INFO - [AUDIT] - Action: 0, Confidence: 1.0000, Safety Mode: SAFE_HOLD, Override: Safe hold mode active
2025-05-28 04:02:19,102 - INFO - [AUDIT] - Action: 0, Confidence: 1.0000, Safety Mode: SAFE_HOLD, Override: Safe hold mode active
2025-05-28 04:02:19,102 - INFO - [AUDIT] - Action: 0, Confidence: 1.0000, Safety Mode: SAFE_HOLD, Override: Safe hold mode active
2025-05-28 04:02:19,102 - INFO - [AUDIT] - Action: 0, Confidence: 1.0000, Safety Mode: SAFE_HOLD, Override: Safe hold mode active
2025-05-28 04:02:19,102 - INFO - [AUDIT] - Action: 0, Confidence: 1.0000, Safety Mode: SAFE_HOLD, Override: Safe hold mode active
2025-05-28 04:02:19,102 - INFO - [AUDIT] - Action: 0, Confidence: 1.0000, Safety Mode: SAFE_HOLD, Override: Safe hold mode active
2025-05-28 04:02:19,103 - INFO - [AUDIT] - Action: 0, Confidence: 1.0000, Safety Mode: SAFE_HOLD, Override: Safe hold mode active
2025-05-28 04:02:19,103 - INFO - [AUDIT] - Action: 0, Confidence: 1.0000, Safety Mode: SAFE_HOLD, Override: Safe hold mode active
2025-05-28 04:02:19,103 - INFO - [AUDIT] - Action: 0, Confidence: 1.0000, Safety Mode: SAFE_HOLD, Override: Safe hold mode active
2025-05-28 04:02:19,103 - INFO - [AUDIT] - Action: 0, Confidence: 1.0000, Safety Mode: SAFE_HOLD, Override: Safe hold mode active
2025-05-28 04:02:19,103 - INFO - [AUDIT] - Action: 0, Confidence: 1.0000, Safety Mode: SAFE_HOLD, Override: Safe hold mode active
2025-05-28 04:02:19,104 - INFO - [AUDIT] - Action: 0, Confidence: 1.0000, Safety Mode: SAFE_HOLD, Override: Safe hold mode active
2025-05-28 04:02:19,104 - INFO - [AUDIT] - Action: 0, Confidence: 1.0000, Safety Mode: SAFE_HOLD, Override: Safe hold mode active
2025-05-28 04:02:19,104 - INFO - [AUDIT] - Action: 0, Confidence: 1.0000, Safety Mode: SAFE_HOLD, Override: Safe hold mode active
2025-05-28 04:02:19,104 - INFO - [AUDIT] - Action: 0, Confidence: 1.0000, Safety Mode: SAFE_HOLD, Override: Safe hold mode active
2025-05-28 04:02:19,104 - INFO - [AUDIT] - Action: 0, Confidence: 1.0000, Safety Mode: SAFE_HOLD, Override: Safe hold mode active
2025-05-28 04:02:19,105 - INFO - [AUDIT] - Action: 0, Confidence: 1.0000, Safety Mode: SAFE_HOLD, Override: Safe hold mode active
2025-05-28 04:02:19,105 - INFO - [AUDIT] - Action: 0, Confidence: 1.0000, Safety Mode: SAFE_HOLD, Override: Safe hold mode active
2025-05-28 04:02:19,105 - INFO - [AUDIT] - Action: 0, Confidence: 1.0000, Safety Mode: SAFE_HOLD, Override: Safe hold mode active
2025-05-28 04:02:19,105 - INFO - [AUDIT] - Action: 0, Confidence: 1.0000, Safety Mode: SAFE_HOLD, Override: Safe hold mode active
2025-05-28 04:02:19,105 - INFO - [AUDIT] - Action: 0, Confidence: 1.0000, Safety Mode: SAFE_HOLD, Override: Safe hold mode active
2025-05-28 04:02:19,106 - INFO - [AUDIT] - Action: 0, Confidence: 1.0000, Safety Mode: SAFE_HOLD, Override: Safe hold mode active
2025-05-28 04:02:19,106 - INFO - [AUDIT] - Action: 0, Confidence: 1.0000, Safety Mode: SAFE_HOLD, Override: Safe hold mode active
2025-05-28 04:02:19,106 - INFO - [AUDIT] - Action: 0, Confidence: 1.0000, Safety Mode: SAFE_HOLD, Override: Safe hold mode active
2025-05-28 04:02:19,106 - INFO - [AUDIT] - Action: 0, Confidence: 1.0000, Safety Mode: SAFE_HOLD, Override: Safe hold mode active
2025-05-28 04:02:19,106 - INFO - [AUDIT] - Action: 0, Confidence: 1.0000, Safety Mode: SAFE_HOLD, Override: Safe hold mode active
2025-05-28 04:02:19,107 - INFO - [AUDIT] - Action: 0, Confidence: 1.0000, Safety Mode: SAFE_HOLD, Override: Safe hold mode active
2025-05-28 04:02:19,107 - INFO - [AUDIT] - Action: 0, Confidence: 1.0000, Safety Mode: SAFE_HOLD, Override: Safe hold mode active
2025-05-28 04:02:19,107 - INFO - [AUDIT] - Action: 0, Confidence: 1.0000, Safety Mode: SAFE_HOLD, Override: Safe hold mode active
2025-05-28 04:02:19,107 - INFO - [AUDIT] - Action: 0, Confidence: 1.0000, Safety Mode: SAFE_HOLD, Override: Safe hold mode active
2025-05-28 04:02:19,107 - INFO - [AUDIT] - Action: 0, Confidence: 1.0000, Safety Mode: SAFE_HOLD, Override: Safe hold mode active
2025-05-28 04:02:19,108 - INFO - [AUDIT] - Action: 0, Confidence: 1.0000, Safety Mode: SAFE_HOLD, Override: Safe hold mode active
2025-05-28 04:02:19,108 - INFO - [AUDIT] - Action: 0, Confidence: 1.0000, Safety Mode: SAFE_HOLD, Override: Safe hold mode active
2025-05-28 04:02:19,108 - INFO - [AUDIT] - Action: 0, Confidence: 1.0000, Safety Mode: SAFE_HOLD, Override: Safe hold mode active
2025-05-28 04:02:19,108 - INFO - [AUDIT] - Action: 0, Confidence: 1.0000, Safety Mode: SAFE_HOLD, Override: Safe hold mode active
2025-05-28 04:02:19,108 - INFO - [AUDIT] - Action: 0, Confidence: 1.0000, Safety Mode: SAFE_HOLD, Override: Safe hold mode active
2025-05-28 04:02:19,109 - INFO - [AUDIT] - Action: 0, Confidence: 1.0000, Safety Mode: SAFE_HOLD, Override: Safe hold mode active
2025-05-28 04:02:19,109 - INFO - [AUDIT] - Action: 0, Confidence: 1.0000, Safety Mode: SAFE_HOLD, Override: Safe hold mode active
2025-05-28 04:02:19,109 - INFO - [AUDIT] - Action: 0, Confidence: 1.0000, Safety Mode: SAFE_HOLD, Override: Safe hold mode active
2025-05-28 04:02:19,109 - INFO - [AUDIT] - Action: 0, Confidence: 1.0000, Safety Mode: SAFE_HOLD, Override: Safe hold mode active
2025-05-28 04:02:19,109 - INFO - [AUDIT] - Action: 0, Confidence: 1.0000, Safety Mode: SAFE_HOLD, Override: Safe hold mode active
2025-05-28 04:02:19,110 - INFO - [AUDIT] - Action: 0, Confidence: 1.0000, Safety Mode: SAFE_HOLD, Override: Safe hold mode active
2025-05-28 04:02:19,110 - INFO - [AUDIT] - Action: 0, Confidence: 1.0000, Safety Mode: SAFE_HOLD, Override: Safe hold mode active
2025-05-28 04:02:19,110 - INFO - [AUDIT] - Action: 0, Confidence: 1.0000, Safety Mode: SAFE_HOLD, Override: Safe hold mode active
2025-05-28 04:02:19,110 - INFO - [AUDIT] - Action: 0, Confidence: 1.0000, Safety Mode: SAFE_HOLD, Override: Safe hold mode active
2025-05-28 04:02:19,110 - INFO - [AUDIT] - Action: 0, Confidence: 1.0000, Safety Mode: SAFE_HOLD, Override: Safe hold mode active
2025-05-28 04:02:19,111 - INFO - [AUDIT] - Action: 0, Confidence: 1.0000, Safety Mode: SAFE_HOLD, Override: Safe hold mode active
2025-05-28 04:02:19,111 - INFO - [AUDIT] - Action: 0, Confidence: 1.0000, Safety Mode: SAFE_HOLD, Override: Safe hold mode active
2025-05-28 04:02:19,111 - INFO - [AUDIT] - Action: 0, Confidence: 1.0000, Safety Mode: SAFE_HOLD, Override: Safe hold mode active
2025-05-28 04:02:19,111 - INFO - [AUDIT] - Action: 0, Confidence: 1.0000, Safety Mode: SAFE_HOLD, Override: Safe hold mode active
2025-05-28 04:02:19,111 - INFO - [AUDIT] - Action: 0, Confidence: 1.0000, Safety Mode: SAFE_HOLD, Override: Safe hold mode active
2025-05-28 04:02:19,112 - INFO - [AUDIT] - Action: 0, Confidence: 1.0000, Safety Mode: SAFE_HOLD, Override: Safe hold mode active
2025-05-28 04:02:19,112 - INFO - [AUDIT] - Action: 0, Confidence: 1.0000, Safety Mode: SAFE_HOLD, Override: Safe hold mode active
2025-05-28 04:02:19,112 - INFO - [AUDIT] - Action: 0, Confidence: 1.0000, Safety Mode: SAFE_HOLD, Override: Safe hold mode active
2025-05-28 04:02:19,112 - INFO - [AUDIT] - Action: 0, Confidence: 1.0000, Safety Mode: SAFE_HOLD, Override: Safe hold mode active
2025-05-28 04:02:19,113 - INFO - [AUDIT] - Action: 0, Confidence: 1.0000, Safety Mode: SAFE_HOLD, Override: Safe hold mode active
2025-05-28 04:02:19,113 - INFO - [AUDIT] - Action: 0, Confidence: 1.0000, Safety Mode: SAFE_HOLD, Override: Safe hold mode active
2025-05-28 04:02:19,113 - INFO - [AUDIT] - Action: 0, Confidence: 1.0000, Safety Mode: SAFE_HOLD, Override: Safe hold mode active
2025-05-28 04:02:19,113 - INFO - [AUDIT] - Action: 0, Confidence: 1.0000, Safety Mode: SAFE_HOLD, Override: Safe hold mode active
2025-05-28 04:02:19,113 - INFO - [AUDIT] - Action: 0, Confidence: 1.0000, Safety Mode: SAFE_HOLD, Override: Safe hold mode active
2025-05-28 04:02:19,114 - INFO - [AUDIT] - Action: 0, Confidence: 1.0000, Safety Mode: SAFE_HOLD, Override: Safe hold mode active
2025-05-28 04:02:19,114 - INFO - [AUDIT] - Action: 0, Confidence: 1.0000, Safety Mode: SAFE_HOLD, Override: Safe hold mode active
2025-05-28 04:02:19,114 - INFO - [AUDIT] - Action: 0, Confidence: 1.0000, Safety Mode: SAFE_HOLD, Override: Safe hold mode active
2025-05-28 04:02:19,114 - INFO - [AUDIT] - Action: 0, Confidence: 1.0000, Safety Mode: SAFE_HOLD, Override: Safe hold mode active
2025-05-28 04:02:19,114 - INFO - [AUDIT] - Action: 0, Confidence: 1.0000, Safety Mode: SAFE_HOLD, Override: Safe hold mode active
2025-05-28 04:02:19,115 - INFO - [AUDIT] - Action: 0, Confidence: 1.0000, Safety Mode: SAFE_HOLD, Override: Safe hold mode active
2025-05-28 04:02:19,115 - INFO - [AUDIT] - Action: 0, Confidence: 1.0000, Safety Mode: SAFE_HOLD, Override: Safe hold mode active
2025-05-28 04:02:19,115 - INFO - [AUDIT] - Action: 0, Confidence: 1.0000, Safety Mode: SAFE_HOLD, Override: Safe hold mode active
2025-05-28 04:02:19,115 - INFO - [AUDIT] - Action: 0, Confidence: 1.0000, Safety Mode: SAFE_HOLD, Override: Safe hold mode active
2025-05-28 04:02:19,115 - INFO - [AUDIT] - Action: 0, Confidence: 1.0000, Safety Mode: SAFE_HOLD, Override: Safe hold mode active
2025-05-28 04:02:19,116 - INFO - [AUDIT] - Action: 0, Confidence: 1.0000, Safety Mode: SAFE_HOLD, Override: Safe hold mode active
2025-05-28 04:02:19,116 - INFO - [AUDIT] - Action: 0, Confidence: 1.0000, Safety Mode: SAFE_HOLD, Override: Safe hold mode active
2025-05-28 04:02:19,116 - INFO - [AUDIT] - Action: 0, Confidence: 1.0000, Safety Mode: SAFE_HOLD, Override: Safe hold mode active
2025-05-28 04:02:19,116 - INFO - [AUDIT] - Action: 0, Confidence: 1.0000, Safety Mode: SAFE_HOLD, Override: Safe hold mode active
2025-05-28 04:02:19,116 - INFO - [AUDIT] - Action: 0, Confidence: 1.0000, Safety Mode: SAFE_HOLD, Override: Safe hold mode active
2025-05-28 04:02:19,116 - INFO - [AUDIT] - Action: 0, Confidence: 1.0000, Safety Mode: SAFE_HOLD, Override: Safe hold mode active
2025-05-28 04:02:19,117 - INFO - [AUDIT] - Action: 0, Confidence: 1.0000, Safety Mode: SAFE_HOLD, Override: Safe hold mode active
2025-05-28 04:02:19,117 - INFO - [AUDIT] - Action: 0, Confidence: 1.0000, Safety Mode: SAFE_HOLD, Override: Safe hold mode active
2025-05-28 04:02:19,117 - INFO - [AUDIT] - Action: 0, Confidence: 1.0000, Safety Mode: SAFE_HOLD, Override: Safe hold mode active
2025-05-28 04:02:19,117 - INFO - [AUDIT] - Action: 0, Confidence: 1.0000, Safety Mode: SAFE_HOLD, Override: Safe hold mode active
2025-05-28 04:02:19,118 - INFO - [AUDIT] - Action: 0, Confidence: 1.0000, Safety Mode: SAFE_HOLD, Override: Safe hold mode active
2025-05-28 04:02:19,118 - INFO - [AUDIT] - Action: 0, Confidence: 1.0000, Safety Mode: SAFE_HOLD, Override: Safe hold mode active
2025-05-28 04:02:19,118 - INFO - [AUDIT] - Action: 0, Confidence: 1.0000, Safety Mode: SAFE_HOLD, Override: Safe hold mode active
2025-05-28 04:02:19,118 - INFO - [AUDIT] - Action: 0, Confidence: 1.0000, Safety Mode: SAFE_HOLD, Override: Safe hold mode active
2025-05-28 04:02:19,118 - INFO - [AUDIT] - Action: 0, Confidence: 1.0000, Safety Mode: SAFE_HOLD, Override: Safe hold mode active
2025-05-28 04:02:19,119 - INFO - [AUDIT] - Action: 0, Confidence: 1.0000, Safety Mode: SAFE_HOLD, Override: Safe hold mode active
2025-05-28 04:02:19,119 - INFO - [AUDIT] - Action: 0, Confidence: 1.0000, Safety Mode: SAFE_HOLD, Override: Safe hold mode active
2025-05-28 04:02:19,119 - INFO - [AUDIT] - Action: 0, Confidence: 1.0000, Safety Mode: SAFE_HOLD, Override: Safe hold mode active
2025-05-28 04:02:19,119 - INFO - [AUDIT] - Action: 0, Confidence: 1.0000, Safety Mode: SAFE_HOLD, Override: Safe hold mode active
2025-05-28 04:02:19,119 - INFO - [AUDIT] - Action: 0, Confidence: 1.0000, Safety Mode: SAFE_HOLD, Override: Safe hold mode active
2025-05-28 04:02:19,120 - INFO - [AUDIT] - Action: 0, Confidence: 1.0000, Safety Mode: SAFE_HOLD, Override: Safe hold mode active
2025-05-28 04:02:19,120 - INFO - [AUDIT] - Action: 0, Confidence: 1.0000, Safety Mode: SAFE_HOLD, Override: Safe hold mode active
2025-05-28 04:02:19,120 - INFO - [AUDIT] - Action: 0, Confidence: 1.0000, Safety Mode: SAFE_HOLD, Override: Safe hold mode active
2025-05-28 04:02:19,120 - INFO - [AUDIT] - Action: 0, Confidence: 1.0000, Safety Mode: SAFE_HOLD, Override: Safe hold mode active
2025-05-28 04:02:19,120 - INFO - [AUDIT] - Action: 0, Confidence: 1.0000, Safety Mode: SAFE_HOLD, Override: Safe hold mode active
2025-05-28 04:02:19,121 - INFO - [AUDIT] - Action: 0, Confidence: 1.0000, Safety Mode: SAFE_HOLD, Override: Safe hold mode active
2025-05-28 04:02:19,121 - INFO - [AUDIT] - Action: 0, Confidence: 1.0000, Safety Mode: SAFE_HOLD, Override: Safe hold mode active
2025-05-28 04:02:19,121 - INFO - [AUDIT] - Action: 0, Confidence: 1.0000, Safety Mode: SAFE_HOLD, Override: Safe hold mode active
2025-05-28 04:02:19,121 - INFO - [AUDIT] - Action: 0, Confidence: 1.0000, Safety Mode: SAFE_HOLD, Override: Safe hold mode active
2025-05-28 04:02:19,121 - INFO - [AUDIT] - Action: 0, Confidence: 1.0000, Safety Mode: SAFE_HOLD, Override: Safe hold mode active
2025-05-28 04:02:19,122 - INFO - [AUDIT] - Action: 0, Confidence: 1.0000, Safety Mode: SAFE_HOLD, Override: Safe hold mode active
2025-05-28 04:02:19,122 - INFO - [AUDIT] - Action: 0, Confidence: 1.0000, Safety Mode: SAFE_HOLD, Override: Safe hold mode active
2025-05-28 04:02:19,122 - INFO - [AUDIT] - Action: 0, Confidence: 1.0000, Safety Mode: SAFE_HOLD, Override: Safe hold mode active
2025-05-28 04:02:19,122 - INFO - [AUDIT] - Action: 0, Confidence: 1.0000, Safety Mode: SAFE_HOLD, Override: Safe hold mode active
2025-05-28 04:02:19,122 - INFO - [AUDIT] - Action: 0, Confidence: 1.0000, Safety Mode: SAFE_HOLD, Override: Safe hold mode active
2025-05-28 04:02:19,123 - INFO - [AUDIT] - Action: 0, Confidence: 1.0000, Safety Mode: SAFE_HOLD, Override: Safe hold mode active
2025-05-28 04:02:19,123 - INFO - [AUDIT] - Action: 0, Confidence: 1.0000, Safety Mode: SAFE_HOLD, Override: Safe hold mode active
2025-05-28 04:02:19,123 - INFO - [AUDIT] - Action: 0, Confidence: 1.0000, Safety Mode: SAFE_HOLD, Override: Safe hold mode active
2025-05-28 04:02:19,123 - INFO - [AUDIT] - Action: 0, Confidence: 1.0000, Safety Mode: SAFE_HOLD, Override: Safe hold mode active
2025-05-28 04:02:19,123 - INFO - [AUDIT] - Action: 0, Confidence: 1.0000, Safety Mode: SAFE_HOLD, Override: Safe hold mode active
2025-05-28 04:02:19,124 - INFO - [AUDIT] - Action: 0, Confidence: 1.0000, Safety Mode: SAFE_HOLD, Override: Safe hold mode active
2025-05-28 04:02:19,124 - INFO - [AUDIT] - Action: 0, Confidence: 1.0000, Safety Mode: SAFE_HOLD, Override: Safe hold mode active
2025-05-28 04:02:19,124 - INFO - [AUDIT] - Action: 0, Confidence: 1.0000, Safety Mode: SAFE_HOLD, Override: Safe hold mode active
2025-05-28 04:02:19,124 - INFO - [AUDIT] - Action: 0, Confidence: 1.0000, Safety Mode: SAFE_HOLD, Override: Safe hold mode active
2025-05-28 04:02:19,124 - INFO - [AUDIT] - Action: 0, Confidence: 1.0000, Safety Mode: SAFE_HOLD, Override: Safe hold mode active
2025-05-28 04:02:19,125 - INFO - [AUDIT] - Action: 0, Confidence: 1.0000, Safety Mode: SAFE_HOLD, Override: Safe hold mode active
2025-05-28 04:02:19,125 - INFO - [AUDIT] - Action: 0, Confidence: 1.0000, Safety Mode: SAFE_HOLD, Override: Safe hold mode active
2025-05-28 04:02:19,125 - INFO - [AUDIT] - Action: 0, Confidence: 1.0000, Safety Mode: SAFE_HOLD, Override: Safe hold mode active
2025-05-28 04:02:19,125 - INFO - [AUDIT] - Action: 0, Confidence: 1.0000, Safety Mode: SAFE_HOLD, Override: Safe hold mode active
2025-05-28 04:02:19,125 - INFO - [AUDIT] - Action: 0, Confidence: 1.0000, Safety Mode: SAFE_HOLD, Override: Safe hold mode active
2025-05-28 04:02:19,126 - INFO - [AUDIT] - Action: 0, Confidence: 1.0000, Safety Mode: SAFE_HOLD, Override: Safe hold mode active
2025-05-28 04:02:19,126 - INFO - [AUDIT] - Action: 0, Confidence: 1.0000, Safety Mode: SAFE_HOLD, Override: Safe hold mode active
2025-05-28 04:02:19,126 - INFO - [AUDIT] - Action: 0, Confidence: 1.0000, Safety Mode: SAFE_HOLD, Override: Safe hold mode active
2025-05-28 04:02:19,126 - INFO - [AUDIT] - Action: 0, Confidence: 1.0000, Safety Mode: SAFE_HOLD, Override: Safe hold mode active
2025-05-28 04:02:19,126 - INFO - [AUDIT] - Action: 0, Confidence: 1.0000, Safety Mode: SAFE_HOLD, Override: Safe hold mode active
2025-05-28 04:02:19,127 - INFO - [AUDIT] - Action: 0, Confidence: 1.0000, Safety Mode: SAFE_HOLD, Override: Safe hold mode active
2025-05-28 04:02:19,127 - INFO - [AUDIT] - Action: 0, Confidence: 1.0000, Safety Mode: SAFE_HOLD, Override: Safe hold mode active
2025-05-28 04:02:19,127 - INFO - [AUDIT] - Action: 0, Confidence: 1.0000, Safety Mode: SAFE_HOLD, Override: Safe hold mode active
2025-05-28 04:02:19,127 - INFO - [AUDIT] - Action: 0, Confidence: 1.0000, Safety Mode: SAFE_HOLD, Override: Safe hold mode active
2025-05-28 04:02:19,127 - INFO - [AUDIT] - Action: 0, Confidence: 1.0000, Safety Mode: SAFE_HOLD, Override: Safe hold mode active
2025-05-28 04:02:19,127 - INFO - [AUDIT] - Action: 0, Confidence: 1.0000, Safety Mode: SAFE_HOLD, Override: Safe hold mode active
2025-05-28 04:02:19,128 - INFO - [AUDIT] - Action: 0, Confidence: 1.0000, Safety Mode: SAFE_HOLD, Override: Safe hold mode active
2025-05-28 04:02:19,128 - INFO - [AUDIT] - Action: 0, Confidence: 1.0000, Safety Mode: SAFE_HOLD, Override: Safe hold mode active
2025-05-28 04:02:19,128 - INFO - [AUDIT] - Action: 0, Confidence: 1.0000, Safety Mode: SAFE_HOLD, Override: Safe hold mode active
2025-05-28 04:02:19,128 - INFO - [AUDIT] - Action: 0, Confidence: 1.0000, Safety Mode: SAFE_HOLD, Override: Safe hold mode active
2025-05-28 04:02:19,128 - INFO - [AUDIT] - Action: 0, Confidence: 1.0000, Safety Mode: SAFE_HOLD, Override: Safe hold mode active
2025-05-28 04:02:19,129 - INFO - [AUDIT] - Action: 0, Confidence: 1.0000, Safety Mode: SAFE_HOLD, Override: Safe hold mode active
2025-05-28 04:02:19,129 - INFO - [AUDIT] - Action: 0, Confidence: 1.0000, Safety Mode: SAFE_HOLD, Override: Safe hold mode active
2025-05-28 04:02:19,129 - INFO - [AUDIT] - Action: 0, Confidence: 1.0000, Safety Mode: SAFE_HOLD, Override: Safe hold mode active
2025-05-28 04:02:19,129 - INFO - [AUDIT] - Action: 0, Confidence: 1.0000, Safety Mode: SAFE_HOLD, Override: Safe hold mode active
2025-05-28 04:02:19,129 - INFO - [AUDIT] - Action: 0, Confidence: 1.0000, Safety Mode: SAFE_HOLD, Override: Safe hold mode active
2025-05-28 04:02:19,130 - INFO - [AUDIT] - Action: 0, Confidence: 1.0000, Safety Mode: SAFE_HOLD, Override: Safe hold mode active
2025-05-28 04:02:19,130 - INFO - [AUDIT] - Action: 0, Confidence: 1.0000, Safety Mode: SAFE_HOLD, Override: Safe hold mode active
2025-05-28 04:02:19,130 - INFO - [AUDIT] - Action: 0, Confidence: 1.0000, Safety Mode: SAFE_HOLD, Override: Safe hold mode active
2025-05-28 04:02:19,130 - INFO - [AUDIT] - Action: 0, Confidence: 1.0000, Safety Mode: SAFE_HOLD, Override: Safe hold mode active
2025-05-28 04:02:19,130 - INFO - [AUDIT] - Action: 0, Confidence: 1.0000, Safety Mode: SAFE_HOLD, Override: Safe hold mode active
2025-05-28 04:02:19,131 - INFO - [AUDIT] - Action: 0, Confidence: 1.0000, Safety Mode: SAFE_HOLD, Override: Safe hold mode active
2025-05-28 04:02:19,131 - INFO - [AUDIT] - Action: 0, Confidence: 1.0000, Safety Mode: SAFE_HOLD, Override: Safe hold mode active
2025-05-28 04:02:19,131 - INFO - [AUDIT] - Action: 0, Confidence: 1.0000, Safety Mode: SAFE_HOLD, Override: Safe hold mode active
2025-05-28 04:02:19,131 - INFO - [AUDIT] - Action: 0, Confidence: 1.0000, Safety Mode: SAFE_HOLD, Override: Safe hold mode active
2025-05-28 04:02:19,131 - INFO - [AUDIT] - Action: 0, Confidence: 1.0000, Safety Mode: SAFE_HOLD, Override: Safe hold mode active
2025-05-28 04:02:19,132 - INFO - [AUDIT] - Action: 0, Confidence: 1.0000, Safety Mode: SAFE_HOLD, Override: Safe hold mode active
2025-05-28 04:02:19,132 - INFO - [AUDIT] - Action: 0, Confidence: 1.0000, Safety Mode: SAFE_HOLD, Override: Safe hold mode active
2025-05-28 04:02:19,132 - INFO - [AUDIT] - Action: 0, Confidence: 1.0000, Safety Mode: SAFE_HOLD, Override: Safe hold mode active
2025-05-28 04:02:19,132 - INFO - [AUDIT] - Action: 0, Confidence: 1.0000, Safety Mode: SAFE_HOLD, Override: Safe hold mode active
2025-05-28 04:02:19,132 - INFO - [AUDIT] - Action: 0, Confidence: 1.0000, Safety Mode: SAFE_HOLD, Override: Safe hold mode active
2025-05-28 04:02:19,133 - INFO - [AUDIT] - Action: 0, Confidence: 1.0000, Safety Mode: SAFE_HOLD, Override: Safe hold mode active
2025-05-28 04:02:19,133 - INFO - [AUDIT] - Action: 0, Confidence: 1.0000, Safety Mode: SAFE_HOLD, Override: Safe hold mode active
2025-05-28 04:02:19,133 - INFO - [AUDIT] - Action: 0, Confidence: 1.0000, Safety Mode: SAFE_HOLD, Override: Safe hold mode active
2025-05-28 04:02:19,133 - INFO - [AUDIT] - Action: 0, Confidence: 1.0000, Safety Mode: SAFE_HOLD, Override: Safe hold mode active
2025-05-28 04:02:19,133 - INFO - [AUDIT] - Action: 0, Confidence: 1.0000, Safety Mode: SAFE_HOLD, Override: Safe hold mode active
2025-05-28 04:02:19,134 - INFO - [AUDIT] - Action: 0, Confidence: 1.0000, Safety Mode: SAFE_HOLD, Override: Safe hold mode active
2025-05-28 04:02:19,134 - INFO - [AUDIT] - Action: 0, Confidence: 1.0000, Safety Mode: SAFE_HOLD, Override: Safe hold mode active
2025-05-28 04:02:19,134 - INFO - [AUDIT] - Action: 0, Confidence: 1.0000, Safety Mode: SAFE_HOLD, Override: Safe hold mode active
2025-05-28 04:02:19,134 - INFO - [AUDIT] - Action: 0, Confidence: 1.0000, Safety Mode: SAFE_HOLD, Override: Safe hold mode active
2025-05-28 04:02:19,134 - INFO - [AUDIT] - Action: 0, Confidence: 1.0000, Safety Mode: SAFE_HOLD, Override: Safe hold mode active
2025-05-28 04:02:19,134 - INFO - [AUDIT] - Action: 0, Confidence: 1.0000, Safety Mode: SAFE_HOLD, Override: Safe hold mode active
2025-05-28 04:02:19,135 - INFO - [AUDIT] - Action: 0, Confidence: 1.0000, Safety Mode: SAFE_HOLD, Override: Safe hold mode active
2025-05-28 04:02:19,135 - INFO - [AUDIT] - Action: 0, Confidence: 1.0000, Safety Mode: SAFE_HOLD, Override: Safe hold mode active
2025-05-28 04:02:19,135 - INFO - [AUDIT] - Action: 0, Confidence: 1.0000, Safety Mode: SAFE_HOLD, Override: Safe hold mode active
2025-05-28 04:02:19,135 - INFO - [AUDIT] - Action: 0, Confidence: 1.0000, Safety Mode: SAFE_HOLD, Override: Safe hold mode active
2025-05-28 04:02:19,135 - INFO - [AUDIT] - Action: 0, Confidence: 1.0000, Safety Mode: SAFE_HOLD, Override: Safe hold mode active
2025-05-28 04:02:19,136 - INFO - [AUDIT] - Action: 0, Confidence: 1.0000, Safety Mode: SAFE_HOLD, Override: Safe hold mode active
2025-05-28 04:02:19,136 - INFO - [AUDIT] - Action: 0, Confidence: 1.0000, Safety Mode: SAFE_HOLD, Override: Safe hold mode active
2025-05-28 04:02:19,136 - INFO - [AUDIT] - Action: 0, Confidence: 1.0000, Safety Mode: SAFE_HOLD, Override: Safe hold mode active
2025-05-28 04:02:19,136 - INFO - [AUDIT] - Action: 0, Confidence: 1.0000, Safety Mode: SAFE_HOLD, Override: Safe hold mode active
2025-05-28 04:02:19,136 - INFO - [AUDIT] - Action: 0, Confidence: 1.0000, Safety Mode: SAFE_HOLD, Override: Safe hold mode active
2025-05-28 04:02:19,137 - INFO - [AUDIT] - Action: 0, Confidence: 1.0000, Safety Mode: SAFE_HOLD, Override: Safe hold mode active
2025-05-28 04:02:19,137 - INFO - [AUDIT] - Action: 0, Confidence: 1.0000, Safety Mode: SAFE_HOLD, Override: Safe hold mode active
2025-05-28 04:02:19,137 - INFO - [AUDIT] - Action: 0, Confidence: 1.0000, Safety Mode: SAFE_HOLD, Override: Safe hold mode active
2025-05-28 04:02:19,137 - INFO - [AUDIT] - Action: 0, Confidence: 1.0000, Safety Mode: SAFE_HOLD, Override: Safe hold mode active
2025-05-28 04:02:19,137 - INFO - [AUDIT] - Action: 0, Confidence: 1.0000, Safety Mode: SAFE_HOLD, Override: Safe hold mode active
2025-05-28 04:02:19,137 - INFO - [AUDIT] - Action: 0, Confidence: 1.0000, Safety Mode: SAFE_HOLD, Override: Safe hold mode active
2025-05-28 04:02:19,138 - INFO - [AUDIT] - Action: 0, Confidence: 1.0000, Safety Mode: SAFE_HOLD, Override: Safe hold mode active
2025-05-28 04:02:19,138 - INFO - [AUDIT] - Action: 0, Confidence: 1.0000, Safety Mode: SAFE_HOLD, Override: Safe hold mode active
2025-05-28 04:02:19,138 - INFO - [AUDIT] - Action: 0, Confidence: 1.0000, Safety Mode: SAFE_HOLD, Override: Safe hold mode active
2025-05-28 04:02:19,138 - INFO - [AUDIT] - Action: 0, Confidence: 1.0000, Safety Mode: SAFE_HOLD, Override: Safe hold mode active
2025-05-28 04:02:19,138 - INFO - [AUDIT] - Action: 0, Confidence: 1.0000, Safety Mode: SAFE_HOLD, Override: Safe hold mode active
2025-05-28 04:02:19,139 - INFO - [AUDIT] - Action: 0, Confidence: 1.0000, Safety Mode: SAFE_HOLD, Override: Safe hold mode active
2025-05-28 04:02:19,139 - INFO - [AUDIT] - Action: 0, Confidence: 1.0000, Safety Mode: SAFE_HOLD, Override: Safe hold mode active
2025-05-28 04:02:19,139 - INFO - [AUDIT] - Action: 0, Confidence: 1.0000, Safety Mode: SAFE_HOLD, Override: Safe hold mode active
2025-05-28 04:02:19,139 - INFO - [AUDIT] - Action: 0, Confidence: 1.0000, Safety Mode: SAFE_HOLD, Override: Safe hold mode active
2025-05-28 04:02:19,139 - INFO - [AUDIT] - Action: 0, Confidence: 1.0000, Safety Mode: SAFE_HOLD, Override: Safe hold mode active
2025-05-28 04:02:19,140 - INFO - [AUDIT] - Action: 0, Confidence: 1.0000, Safety Mode: SAFE_HOLD, Override: Safe hold mode active
2025-05-28 04:02:19,140 - INFO - [AUDIT] - Action: 0, Confidence: 1.0000, Safety Mode: SAFE_HOLD, Override: Safe hold mode active
2025-05-28 04:02:19,140 - INFO - [AUDIT] - Action: 0, Confidence: 1.0000, Safety Mode: SAFE_HOLD, Override: Safe hold mode active
2025-05-28 04:02:19,140 - INFO - [AUDIT] - Action: 0, Confidence: 1.0000, Safety Mode: SAFE_HOLD, Override: Safe hold mode active
2025-05-28 04:02:19,140 - INFO - [AUDIT] - Action: 0, Confidence: 1.0000, Safety Mode: SAFE_HOLD, Override: Safe hold mode active
2025-05-28 04:02:19,141 - INFO - [AUDIT] - Action: 0, Confidence: 1.0000, Safety Mode: SAFE_HOLD, Override: Safe hold mode active
2025-05-28 04:02:19,141 - INFO - [AUDIT] - Action: 0, Confidence: 1.0000, Safety Mode: SAFE_HOLD, Override: Safe hold mode active
2025-05-28 04:02:19,141 - INFO - [AUDIT] - Action: 0, Confidence: 1.0000, Safety Mode: SAFE_HOLD, Override: Safe hold mode active
2025-05-28 04:02:19,141 - INFO - [AUDIT] - Action: 0, Confidence: 1.0000, Safety Mode: SAFE_HOLD, Override: Safe hold mode active
2025-05-28 04:02:19,141 - INFO - [AUDIT] - Action: 0, Confidence: 1.0000, Safety Mode: SAFE_HOLD, Override: Safe hold mode active
2025-05-28 04:02:19,141 - INFO - [AUDIT] - Action: 0, Confidence: 1.0000, Safety Mode: SAFE_HOLD, Override: Safe hold mode active
2025-05-28 04:02:19,142 - INFO - [AUDIT] - Action: 0, Confidence: 1.0000, Safety Mode: SAFE_HOLD, Override: Safe hold mode active
2025-05-28 04:02:19,142 - INFO - [AUDIT] - Action: 0, Confidence: 1.0000, Safety Mode: SAFE_HOLD, Override: Safe hold mode active
2025-05-28 04:02:19,142 - INFO - [AUDIT] - Action: 0, Confidence: 1.0000, Safety Mode: SAFE_HOLD, Override: Safe hold mode active
2025-05-28 04:02:19,485 - INFO - [AUDIT] - Action: 0, Confidence: 1.0000, Safety Mode: SAFE_HOLD, Override: Safe hold mode active
2025-05-28 04:02:19,486 - INFO - [AUDIT] - Action: 0, Confidence: 1.0000, Safety Mode: SAFE_HOLD, Override: Safe hold mode active
2025-05-28 04:02:19,486 - INFO - [AUDIT] - Action: 0, Confidence: 1.0000, Safety Mode: SAFE_HOLD, Override: Safe hold mode active
2025-05-28 04:02:19,486 - INFO - [AUDIT] - Action: 0, Confidence: 1.0000, Safety Mode: SAFE_HOLD, Override: Safe hold mode active
2025-05-28 04:02:19,486 - INFO - [AUDIT] - Action: 0, Confidence: 1.0000, Safety Mode: SAFE_HOLD, Override: Safe hold mode active
2025-05-28 04:02:19,486 - INFO - [AUDIT] - Action: 0, Confidence: 1.0000, Safety Mode: SAFE_HOLD, Override: Safe hold mode active
2025-05-28 04:02:19,487 - INFO - [AUDIT] - Action: 0, Confidence: 1.0000, Safety Mode: SAFE_HOLD, Override: Safe hold mode active
2025-05-28 04:02:19,487 - INFO - [AUDIT] - Action: 0, Confidence: 1.0000, Safety Mode: SAFE_HOLD, Override: Safe hold mode active
2025-05-28 04:02:19,487 - INFO - [AUDIT] - Action: 0, Confidence: 1.0000, Safety Mode: SAFE_HOLD, Override: Safe hold mode active
2025-05-28 04:02:19,487 - INFO - [AUDIT] - Action: 0, Confidence: 1.0000, Safety Mode: SAFE_HOLD, Override: Safe hold mode active
2025-05-28 04:02:19,488 - INFO - [AUDIT] - Action: 0, Confidence: 1.0000, Safety Mode: SAFE_HOLD, Override: Safe hold mode active
2025-05-28 04:02:19,488 - INFO - [AUDIT] - Action: 0, Confidence: 1.0000, Safety Mode: SAFE_HOLD, Override: Safe hold mode active
2025-05-28 04:02:19,488 - INFO - [AUDIT] - Action: 0, Confidence: 1.0000, Safety Mode: SAFE_HOLD, Override: Safe hold mode active
2025-05-28 04:02:19,488 - INFO - [AUDIT] - Action: 0, Confidence: 1.0000, Safety Mode: SAFE_HOLD, Override: Safe hold mode active
2025-05-28 04:02:19,488 - INFO - [AUDIT] - Action: 0, Confidence: 1.0000, Safety Mode: SAFE_HOLD, Override: Safe hold mode active
2025-05-28 04:02:19,489 - INFO - [AUDIT] - Action: 0, Confidence: 1.0000, Safety Mode: SAFE_HOLD, Override: Safe hold mode active
2025-05-28 04:02:19,489 - INFO - [AUDIT] - Action: 0, Confidence: 1.0000, Safety Mode: SAFE_HOLD, Override: Safe hold mode active
2025-05-28 04:02:19,489 - INFO - [AUDIT] - Action: 0, Confidence: 1.0000, Safety Mode: SAFE_HOLD, Override: Safe hold mode active
2025-05-28 04:02:19,489 - INFO - [AUDIT] - Action: 0, Confidence: 1.0000, Safety Mode: SAFE_HOLD, Override: Safe hold mode active
2025-05-28 04:02:19,489 - INFO - [AUDIT] - Action: 0, Confidence: 1.0000, Safety Mode: SAFE_HOLD, Override: Safe hold mode active
2025-05-28 04:02:19,490 - INFO - [AUDIT] - Action: 0, Confidence: 1.0000, Safety Mode: SAFE_HOLD, Override: Safe hold mode active
2025-05-28 04:02:19,490 - INFO - [AUDIT] - Action: 0, Confidence: 1.0000, Safety Mode: SAFE_HOLD, Override: Safe hold mode active
2025-05-28 04:02:19,490 - INFO - [AUDIT] - Action: 0, Confidence: 1.0000, Safety Mode: SAFE_HOLD, Override: Safe hold mode active
2025-05-28 04:02:19,490 - INFO - [AUDIT] - Action: 0, Confidence: 1.0000, Safety Mode: SAFE_HOLD, Override: Safe hold mode active
2025-05-28 04:02:19,490 - INFO - [AUDIT] - Action: 0, Confidence: 1.0000, Safety Mode: SAFE_HOLD, Override: Safe hold mode active
2025-05-28 04:02:19,491 - INFO - [AUDIT] - Action: 0, Confidence: 1.0000, Safety Mode: SAFE_HOLD, Override: Safe hold mode active
2025-05-28 04:02:19,491 - INFO - [AUDIT] - Action: 0, Confidence: 1.0000, Safety Mode: SAFE_HOLD, Override: Safe hold mode active
2025-05-28 04:02:19,491 - INFO - [AUDIT] - Action: 0, Confidence: 1.0000, Safety Mode: SAFE_HOLD, Override: Safe hold mode active
2025-05-28 04:02:19,491 - INFO - [AUDIT] - Action: 0, Confidence: 1.0000, Safety Mode: SAFE_HOLD, Override: Safe hold mode active
2025-05-28 04:02:19,491 - INFO - [AUDIT] - Action: 0, Confidence: 1.0000, Safety Mode: SAFE_HOLD, Override: Safe hold mode active
2025-05-28 04:02:19,492 - INFO - [AUDIT] - Action: 0, Confidence: 1.0000, Safety Mode: SAFE_HOLD, Override: Safe hold mode active
2025-05-28 04:02:19,492 - INFO - [AUDIT] - Action: 0, Confidence: 1.0000, Safety Mode: SAFE_HOLD, Override: Safe hold mode active
2025-05-28 04:02:19,492 - INFO - [AUDIT] - Action: 0, Confidence: 1.0000, Safety Mode: SAFE_HOLD, Override: Safe hold mode active
2025-05-28 04:02:19,492 - INFO - [AUDIT] - Action: 0, Confidence: 1.0000, Safety Mode: SAFE_HOLD, Override: Safe hold mode active
2025-05-28 04:02:19,493 - INFO - [AUDIT] - Action: 0, Confidence: 1.0000, Safety Mode: SAFE_HOLD, Override: Safe hold mode active
2025-05-28 04:02:19,493 - INFO - [AUDIT] - Action: 0, Confidence: 1.0000, Safety Mode: SAFE_HOLD, Override: Safe hold mode active
2025-05-28 04:02:19,493 - INFO - [AUDIT] - Action: 0, Confidence: 1.0000, Safety Mode: SAFE_HOLD, Override: Safe hold mode active
2025-05-28 04:02:19,493 - INFO - [AUDIT] - Action: 0, Confidence: 1.0000, Safety Mode: SAFE_HOLD, Override: Safe hold mode active
2025-05-28 04:02:19,493 - INFO - [AUDIT] - Action: 0, Confidence: 1.0000, Safety Mode: SAFE_HOLD, Override: Safe hold mode active
2025-05-28 04:02:19,494 - INFO - [AUDIT] - Action: 0, Confidence: 1.0000, Safety Mode: SAFE_HOLD, Override: Safe hold mode active
2025-05-28 04:02:19,494 - INFO - [AUDIT] - Action: 0, Confidence: 1.0000, Safety Mode: SAFE_HOLD, Override: Safe hold mode active
2025-05-28 04:02:19,494 - INFO - [AUDIT] - Action: 0, Confidence: 1.0000, Safety Mode: SAFE_HOLD, Override: Safe hold mode active
2025-05-28 04:02:19,494 - INFO - [AUDIT] - Action: 0, Confidence: 1.0000, Safety Mode: SAFE_HOLD, Override: Safe hold mode active
2025-05-28 04:02:19,494 - INFO - [AUDIT] - Action: 0, Confidence: 1.0000, Safety Mode: SAFE_HOLD, Override: Safe hold mode active
2025-05-28 04:02:19,495 - INFO - [AUDIT] - Action: 0, Confidence: 1.0000, Safety Mode: SAFE_HOLD, Override: Safe hold mode active
2025-05-28 04:02:19,495 - INFO - [AUDIT] - Action: 0, Confidence: 1.0000, Safety Mode: SAFE_HOLD, Override: Safe hold mode active
2025-05-28 04:02:19,495 - INFO - [AUDIT] - Action: 0, Confidence: 1.0000, Safety Mode: SAFE_HOLD, Override: Safe hold mode active
2025-05-28 04:02:19,495 - INFO - [AUDIT] - Action: 0, Confidence: 1.0000, Safety Mode: SAFE_HOLD, Override: Safe hold mode active
2025-05-28 04:02:19,495 - INFO - [AUDIT] - Action: 0, Confidence: 1.0000, Safety Mode: SAFE_HOLD, Override: Safe hold mode active
2025-05-28 04:02:19,496 - INFO - [AUDIT] - Action: 0, Confidence: 1.0000, Safety Mode: SAFE_HOLD, Override: Safe hold mode active
2025-05-28 04:02:19,496 - INFO - [AUDIT] - Action: 0, Confidence: 1.0000, Safety Mode: SAFE_HOLD, Override: Safe hold mode active
2025-05-28 04:02:19,496 - INFO - [AUDIT] - Action: 0, Confidence: 1.0000, Safety Mode: SAFE_HOLD, Override: Safe hold mode active
2025-05-28 04:02:19,496 - INFO - [AUDIT] - Action: 0, Confidence: 1.0000, Safety Mode: SAFE_HOLD, Override: Safe hold mode active
2025-05-28 04:02:19,496 - INFO - [AUDIT] - Action: 0, Confidence: 1.0000, Safety Mode: SAFE_HOLD, Override: Safe hold mode active
2025-05-28 04:02:19,497 - INFO - [AUDIT] - Action: 0, Confidence: 1.0000, Safety Mode: SAFE_HOLD, Override: Safe hold mode active
2025-05-28 04:02:19,497 - INFO - [AUDIT] - Action: 0, Confidence: 1.0000, Safety Mode: SAFE_HOLD, Override: Safe hold mode active
2025-05-28 04:02:19,497 - INFO - [AUDIT] - Action: 0, Confidence: 1.0000, Safety Mode: SAFE_HOLD, Override: Safe hold mode active
2025-05-28 04:02:19,497 - INFO - [AUDIT] - Action: 0, Confidence: 1.0000, Safety Mode: SAFE_HOLD, Override: Safe hold mode active
2025-05-28 04:02:19,497 - INFO - [AUDIT] - Action: 0, Confidence: 1.0000, Safety Mode: SAFE_HOLD, Override: Safe hold mode active
2025-05-28 04:02:19,498 - INFO - [AUDIT] - Action: 0, Confidence: 1.0000, Safety Mode: SAFE_HOLD, Override: Safe hold mode active
2025-05-28 04:02:19,498 - INFO - [AUDIT] - Action: 0, Confidence: 1.0000, Safety Mode: SAFE_HOLD, Override: Safe hold mode active
2025-05-28 04:02:19,498 - INFO - [AUDIT] - Action: 0, Confidence: 1.0000, Safety Mode: SAFE_HOLD, Override: Safe hold mode active
2025-05-28 04:02:19,498 - INFO - [AUDIT] - Action: 0, Confidence: 1.0000, Safety Mode: SAFE_HOLD, Override: Safe hold mode active
2025-05-28 04:02:19,498 - INFO - [AUDIT] - Action: 0, Confidence: 1.0000, Safety Mode: SAFE_HOLD, Override: Safe hold mode active
2025-05-28 04:02:19,499 - INFO - [AUDIT] - Action: 0, Confidence: 1.0000, Safety Mode: SAFE_HOLD, Override: Safe hold mode active
2025-05-28 04:02:19,499 - INFO - [AUDIT] - Action: 0, Confidence: 1.0000, Safety Mode: SAFE_HOLD, Override: Safe hold mode active
2025-05-28 04:02:19,499 - INFO - [AUDIT] - Action: 0, Confidence: 1.0000, Safety Mode: SAFE_HOLD, Override: Safe hold mode active
2025-05-28 04:02:19,499 - INFO - [AUDIT] - Action: 0, Confidence: 1.0000, Safety Mode: SAFE_HOLD, Override: Safe hold mode active
2025-05-28 04:02:19,499 - INFO - [AUDIT] - Action: 0, Confidence: 1.0000, Safety Mode: SAFE_HOLD, Override: Safe hold mode active
2025-05-28 04:02:19,500 - INFO - [AUDIT] - Action: 0, Confidence: 1.0000, Safety Mode: SAFE_HOLD, Override: Safe hold mode active
2025-05-28 04:02:19,500 - INFO - [AUDIT] - Action: 0, Confidence: 1.0000, Safety Mode: SAFE_HOLD, Override: Safe hold mode active
2025-05-28 04:02:19,500 - INFO - [AUDIT] - Action: 0, Confidence: 1.0000, Safety Mode: SAFE_HOLD, Override: Safe hold mode active
2025-05-28 04:02:19,500 - INFO - [AUDIT] - Action: 0, Confidence: 1.0000, Safety Mode: SAFE_HOLD, Override: Safe hold mode active
2025-05-28 04:02:19,500 - INFO - [AUDIT] - Action: 0, Confidence: 1.0000, Safety Mode: SAFE_HOLD, Override: Safe hold mode active
2025-05-28 04:02:19,501 - INFO - [AUDIT] - Action: 0, Confidence: 1.0000, Safety Mode: SAFE_HOLD, Override: Safe hold mode active
2025-05-28 04:02:19,501 - INFO - [AUDIT] - Action: 0, Confidence: 1.0000, Safety Mode: SAFE_HOLD, Override: Safe hold mode active
2025-05-28 04:02:19,501 - INFO - [AUDIT] - Action: 0, Confidence: 1.0000, Safety Mode: SAFE_HOLD, Override: Safe hold mode active
2025-05-28 04:02:19,501 - INFO - [AUDIT] - Action: 0, Confidence: 1.0000, Safety Mode: SAFE_HOLD, Override: Safe hold mode active
2025-05-28 04:02:19,501 - INFO - [AUDIT] - Action: 0, Confidence: 1.0000, Safety Mode: SAFE_HOLD, Override: Safe hold mode active
2025-05-28 04:02:19,502 - INFO - [AUDIT] - Action: 0, Confidence: 1.0000, Safety Mode: SAFE_HOLD, Override: Safe hold mode active
2025-05-28 04:02:19,502 - INFO - [AUDIT] - Action: 0, Confidence: 1.0000, Safety Mode: SAFE_HOLD, Override: Safe hold mode active
2025-05-28 04:02:19,502 - INFO - [AUDIT] - Action: 0, Confidence: 1.0000, Safety Mode: SAFE_HOLD, Override: Safe hold mode active
2025-05-28 04:02:19,502 - INFO - [AUDIT] - Action: 0, Confidence: 1.0000, Safety Mode: SAFE_HOLD, Override: Safe hold mode active
2025-05-28 04:02:19,503 - INFO - [AUDIT] - Action: 0, Confidence: 1.0000, Safety Mode: SAFE_HOLD, Override: Safe hold mode active
2025-05-28 04:02:19,503 - INFO - [AUDIT] - Action: 0, Confidence: 1.0000, Safety Mode: SAFE_HOLD, Override: Safe hold mode active
2025-05-28 04:02:19,503 - INFO - [AUDIT] - Action: 0, Confidence: 1.0000, Safety Mode: SAFE_HOLD, Override: Safe hold mode active
2025-05-28 04:02:19,503 - INFO - [AUDIT] - Action: 0, Confidence: 1.0000, Safety Mode: SAFE_HOLD, Override: Safe hold mode active
2025-05-28 04:02:19,503 - INFO - [AUDIT] - Action: 0, Confidence: 1.0000, Safety Mode: SAFE_HOLD, Override: Safe hold mode active
2025-05-28 04:02:19,504 - INFO - [AUDIT] - Action: 0, Confidence: 1.0000, Safety Mode: SAFE_HOLD, Override: Safe hold mode active
2025-05-28 04:02:19,504 - INFO - [AUDIT] - Action: 0, Confidence: 1.0000, Safety Mode: SAFE_HOLD, Override: Safe hold mode active
2025-05-28 04:02:19,504 - INFO - [AUDIT] - Action: 0, Confidence: 1.0000, Safety Mode: SAFE_HOLD, Override: Safe hold mode active
2025-05-28 04:02:19,504 - INFO - [AUDIT] - Action: 0, Confidence: 1.0000, Safety Mode: SAFE_HOLD, Override: Safe hold mode active
2025-05-28 04:02:19,504 - INFO - [AUDIT] - Action: 0, Confidence: 1.0000, Safety Mode: SAFE_HOLD, Override: Safe hold mode active
2025-05-28 04:02:19,505 - INFO - [AUDIT] - Action: 0, Confidence: 1.0000, Safety Mode: SAFE_HOLD, Override: Safe hold mode active
2025-05-28 04:02:19,505 - INFO - [AUDIT] - Action: 0, Confidence: 1.0000, Safety Mode: SAFE_HOLD, Override: Safe hold mode active
2025-05-28 04:02:19,505 - INFO - [AUDIT] - Action: 0, Confidence: 1.0000, Safety Mode: SAFE_HOLD, Override: Safe hold mode active
2025-05-28 04:02:19,505 - INFO - [AUDIT] - Action: 0, Confidence: 1.0000, Safety Mode: SAFE_HOLD, Override: Safe hold mode active
2025-05-28 04:02:19,505 - INFO - [AUDIT] - Action: 0, Confidence: 1.0000, Safety Mode: SAFE_HOLD, Override: Safe hold mode active
2025-05-28 04:02:19,506 - INFO - [AUDIT] - Action: 0, Confidence: 1.0000, Safety Mode: SAFE_HOLD, Override: Safe hold mode active
2025-05-28 04:02:19,506 - INFO - [AUDIT] - Action: 0, Confidence: 1.0000, Safety Mode: SAFE_HOLD, Override: Safe hold mode active
2025-05-28 04:02:19,506 - INFO - [AUDIT] - Action: 0, Confidence: 1.0000, Safety Mode: SAFE_HOLD, Override: Safe hold mode active
2025-05-28 04:02:19,506 - INFO - [AUDIT] - Action: 0, Confidence: 1.0000, Safety Mode: SAFE_HOLD, Override: Safe hold mode active
2025-05-28 04:02:19,506 - INFO - [AUDIT] - Action: 0, Confidence: 1.0000, Safety Mode: SAFE_HOLD, Override: Safe hold mode active
2025-05-28 04:02:19,506 - INFO - [AUDIT] - Action: 0, Confidence: 1.0000, Safety Mode: SAFE_HOLD, Override: Safe hold mode active
2025-05-28 04:02:19,507 - INFO - [AUDIT] - Action: 0, Confidence: 1.0000, Safety Mode: SAFE_HOLD, Override: Safe hold mode active
2025-05-28 04:02:19,507 - INFO - [AUDIT] - Action: 0, Confidence: 1.0000, Safety Mode: SAFE_HOLD, Override: Safe hold mode active
2025-05-28 04:02:19,507 - INFO - [AUDIT] - Action: 0, Confidence: 1.0000, Safety Mode: SAFE_HOLD, Override: Safe hold mode active
2025-05-28 04:02:19,507 - INFO - [AUDIT] - Action: 0, Confidence: 1.0000, Safety Mode: SAFE_HOLD, Override: Safe hold mode active
2025-05-28 04:02:19,508 - INFO - [AUDIT] - Action: 0, Confidence: 1.0000, Safety Mode: SAFE_HOLD, Override: Safe hold mode active
2025-05-28 04:02:19,508 - INFO - [AUDIT] - Action: 0, Confidence: 1.0000, Safety Mode: SAFE_HOLD, Override: Safe hold mode active
2025-05-28 04:02:19,508 - INFO - [AUDIT] - Action: 0, Confidence: 1.0000, Safety Mode: SAFE_HOLD, Override: Safe hold mode active
2025-05-28 04:02:19,508 - INFO - [AUDIT] - Action: 0, Confidence: 1.0000, Safety Mode: SAFE_HOLD, Override: Safe hold mode active
2025-05-28 04:02:19,508 - INFO - [AUDIT] - Action: 0, Confidence: 1.0000, Safety Mode: SAFE_HOLD, Override: Safe hold mode active
2025-05-28 04:02:19,508 - INFO - [AUDIT] - Action: 0, Confidence: 1.0000, Safety Mode: SAFE_HOLD, Override: Safe hold mode active
2025-05-28 04:02:19,509 - INFO - [AUDIT] - Action: 0, Confidence: 1.0000, Safety Mode: SAFE_HOLD, Override: Safe hold mode active
2025-05-28 04:02:19,509 - INFO - [AUDIT] - Action: 0, Confidence: 1.0000, Safety Mode: SAFE_HOLD, Override: Safe hold mode active
2025-05-28 04:02:19,509 - INFO - [AUDIT] - Action: 0, Confidence: 1.0000, Safety Mode: SAFE_HOLD, Override: Safe hold mode active
2025-05-28 04:02:19,509 - INFO - [AUDIT] - Action: 0, Confidence: 1.0000, Safety Mode: SAFE_HOLD, Override: Safe hold mode active
2025-05-28 04:02:19,509 - INFO - [AUDIT] - Action: 0, Confidence: 1.0000, Safety Mode: SAFE_HOLD, Override: Safe hold mode active
2025-05-28 04:02:19,510 - INFO - [AUDIT] - Action: 0, Confidence: 1.0000, Safety Mode: SAFE_HOLD, Override: Safe hold mode active
2025-05-28 04:02:19,510 - INFO - [AUDIT] - Action: 0, Confidence: 1.0000, Safety Mode: SAFE_HOLD, Override: Safe hold mode active
2025-05-28 04:02:19,510 - INFO - [AUDIT] - Action: 0, Confidence: 1.0000, Safety Mode: SAFE_HOLD, Override: Safe hold mode active
2025-05-28 04:02:19,510 - INFO - [AUDIT] - Action: 0, Confidence: 1.0000, Safety Mode: SAFE_HOLD, Override: Safe hold mode active
2025-05-28 04:02:19,510 - INFO - [AUDIT] - Action: 0, Confidence: 1.0000, Safety Mode: SAFE_HOLD, Override: Safe hold mode active
2025-05-28 04:02:19,511 - INFO - [AUDIT] - Action: 0, Confidence: 1.0000, Safety Mode: SAFE_HOLD, Override: Safe hold mode active
2025-05-28 04:02:19,511 - INFO - [AUDIT] - Action: 0, Confidence: 1.0000, Safety Mode: SAFE_HOLD, Override: Safe hold mode active
2025-05-28 04:02:19,511 - INFO - [AUDIT] - Action: 0, Confidence: 1.0000, Safety Mode: SAFE_HOLD, Override: Safe hold mode active
2025-05-28 04:02:19,511 - INFO - [AUDIT] - Action: 0, Confidence: 1.0000, Safety Mode: SAFE_HOLD, Override: Safe hold mode active
2025-05-28 04:02:19,511 - INFO - [AUDIT] - Action: 0, Confidence: 1.0000, Safety Mode: SAFE_HOLD, Override: Safe hold mode active
2025-05-28 04:02:19,512 - INFO - [AUDIT] - Action: 0, Confidence: 1.0000, Safety Mode: SAFE_HOLD, Override: Safe hold mode active
2025-05-28 04:02:19,512 - INFO - [AUDIT] - Action: 0, Confidence: 1.0000, Safety Mode: SAFE_HOLD, Override: Safe hold mode active
2025-05-28 04:02:19,512 - INFO - [AUDIT] - Action: 0, Confidence: 1.0000, Safety Mode: SAFE_HOLD, Override: Safe hold mode active
2025-05-28 04:02:19,512 - INFO - [AUDIT] - Action: 0, Confidence: 1.0000, Safety Mode: SAFE_HOLD, Override: Safe hold mode active
2025-05-28 04:02:19,513 - INFO - [AUDIT] - Action: 0, Confidence: 1.0000, Safety Mode: SAFE_HOLD, Override: Safe hold mode active
2025-05-28 04:02:19,513 - INFO - [AUDIT] - Action: 0, Confidence: 1.0000, Safety Mode: SAFE_HOLD, Override: Safe hold mode active
2025-05-28 04:02:19,513 - INFO - [AUDIT] - Action: 0, Confidence: 1.0000, Safety Mode: SAFE_HOLD, Override: Safe hold mode active
2025-05-28 04:02:19,513 - INFO - [AUDIT] - Action: 0, Confidence: 1.0000, Safety Mode: SAFE_HOLD, Override: Safe hold mode active
2025-05-28 04:02:19,513 - INFO - [AUDIT] - Action: 0, Confidence: 1.0000, Safety Mode: SAFE_HOLD, Override: Safe hold mode active
2025-05-28 04:02:19,514 - INFO - [AUDIT] - Action: 0, Confidence: 1.0000, Safety Mode: SAFE_HOLD, Override: Safe hold mode active
2025-05-28 04:02:19,514 - INFO - [AUDIT] - Action: 0, Confidence: 1.0000, Safety Mode: SAFE_HOLD, Override: Safe hold mode active
2025-05-28 04:02:19,514 - INFO - [AUDIT] - Action: 0, Confidence: 1.0000, Safety Mode: SAFE_HOLD, Override: Safe hold mode active
2025-05-28 04:02:19,514 - INFO - [AUDIT] - Action: 0, Confidence: 1.0000, Safety Mode: SAFE_HOLD, Override: Safe hold mode active
2025-05-28 04:02:19,514 - INFO - [AUDIT] - Action: 0, Confidence: 1.0000, Safety Mode: SAFE_HOLD, Override: Safe hold mode active
2025-05-28 04:02:19,515 - INFO - [AUDIT] - Action: 0, Confidence: 1.0000, Safety Mode: SAFE_HOLD, Override: Safe hold mode active
2025-05-28 04:02:19,515 - INFO - [AUDIT] - Action: 0, Confidence: 1.0000, Safety Mode: SAFE_HOLD, Override: Safe hold mode active
2025-05-28 04:02:19,515 - INFO - [AUDIT] - Action: 0, Confidence: 1.0000, Safety Mode: SAFE_HOLD, Override: Safe hold mode active
2025-05-28 04:02:19,515 - INFO - [AUDIT] - Action: 0, Confidence: 1.0000, Safety Mode: SAFE_HOLD, Override: Safe hold mode active
2025-05-28 04:02:19,515 - INFO - [AUDIT] - Action: 0, Confidence: 1.0000, Safety Mode: SAFE_HOLD, Override: Safe hold mode active
2025-05-28 04:02:19,516 - INFO - [AUDIT] - Action: 0, Confidence: 1.0000, Safety Mode: SAFE_HOLD, Override: Safe hold mode active
2025-05-28 04:02:19,516 - INFO - [AUDIT] - Action: 0, Confidence: 1.0000, Safety Mode: SAFE_HOLD, Override: Safe hold mode active
2025-05-28 04:02:19,516 - INFO - [AUDIT] - Action: 0, Confidence: 1.0000, Safety Mode: SAFE_HOLD, Override: Safe hold mode active
2025-05-28 04:02:19,516 - INFO - [AUDIT] - Action: 0, Confidence: 1.0000, Safety Mode: SAFE_HOLD, Override: Safe hold mode active
2025-05-28 04:02:19,516 - INFO - [AUDIT] - Action: 0, Confidence: 1.0000, Safety Mode: SAFE_HOLD, Override: Safe hold mode active
2025-05-28 04:02:19,516 - INFO - [AUDIT] - Action: 0, Confidence: 1.0000, Safety Mode: SAFE_HOLD, Override: Safe hold mode active
2025-05-28 04:02:19,517 - INFO - [AUDIT] - Action: 0, Confidence: 1.0000, Safety Mode: SAFE_HOLD, Override: Safe hold mode active
2025-05-28 04:02:19,517 - INFO - [AUDIT] - Action: 0, Confidence: 1.0000, Safety Mode: SAFE_HOLD, Override: Safe hold mode active
2025-05-28 04:02:19,517 - INFO - [AUDIT] - Action: 0, Confidence: 1.0000, Safety Mode: SAFE_HOLD, Override: Safe hold mode active
2025-05-28 04:02:19,517 - INFO - [AUDIT] - Action: 0, Confidence: 1.0000, Safety Mode: SAFE_HOLD, Override: Safe hold mode active
2025-05-28 04:02:19,518 - INFO - [AUDIT] - Action: 0, Confidence: 1.0000, Safety Mode: SAFE_HOLD, Override: Safe hold mode active
2025-05-28 04:02:19,518 - INFO - [AUDIT] - Action: 0, Confidence: 1.0000, Safety Mode: SAFE_HOLD, Override: Safe hold mode active
2025-05-28 04:02:19,518 - INFO - [AUDIT] - Action: 0, Confidence: 1.0000, Safety Mode: SAFE_HOLD, Override: Safe hold mode active
2025-05-28 04:02:19,518 - INFO - [AUDIT] - Action: 0, Confidence: 1.0000, Safety Mode: SAFE_HOLD, Override: Safe hold mode active
2025-05-28 04:02:19,518 - INFO - [AUDIT] - Action: 0, Confidence: 1.0000, Safety Mode: SAFE_HOLD, Override: Safe hold mode active
2025-05-28 04:02:19,519 - INFO - [AUDIT] - Action: 0, Confidence: 1.0000, Safety Mode: SAFE_HOLD, Override: Safe hold mode active
2025-05-28 04:02:19,519 - INFO - [AUDIT] - Action: 0, Confidence: 1.0000, Safety Mode: SAFE_HOLD, Override: Safe hold mode active
2025-05-28 04:02:19,519 - INFO - [AUDIT] - Action: 0, Confidence: 1.0000, Safety Mode: SAFE_HOLD, Override: Safe hold mode active
2025-05-28 04:02:19,519 - INFO - [AUDIT] - Action: 0, Confidence: 1.0000, Safety Mode: SAFE_HOLD, Override: Safe hold mode active
2025-05-28 04:02:19,519 - INFO - [AUDIT] - Action: 0, Confidence: 1.0000, Safety Mode: SAFE_HOLD, Override: Safe hold mode active
2025-05-28 04:02:19,520 - INFO - [AUDIT] - Action: 0, Confidence: 1.0000, Safety Mode: SAFE_HOLD, Override: Safe hold mode active
2025-05-28 04:02:19,520 - INFO - [AUDIT] - Action: 0, Confidence: 1.0000, Safety Mode: SAFE_HOLD, Override: Safe hold mode active
2025-05-28 04:02:19,520 - INFO - [AUDIT] - Action: 0, Confidence: 1.0000, Safety Mode: SAFE_HOLD, Override: Safe hold mode active
2025-05-28 04:02:19,520 - INFO - [AUDIT] - Action: 0, Confidence: 1.0000, Safety Mode: SAFE_HOLD, Override: Safe hold mode active
2025-05-28 04:02:19,520 - INFO - [AUDIT] - Action: 0, Confidence: 1.0000, Safety Mode: SAFE_HOLD, Override: Safe hold mode active
2025-05-28 04:02:19,521 - INFO - [AUDIT] - Action: 0, Confidence: 1.0000, Safety Mode: SAFE_HOLD, Override: Safe hold mode active
2025-05-28 04:02:19,521 - INFO - [AUDIT] - Action: 0, Confidence: 1.0000, Safety Mode: SAFE_HOLD, Override: Safe hold mode active
2025-05-28 04:02:19,521 - INFO - [AUDIT] - Action: 0, Confidence: 1.0000, Safety Mode: SAFE_HOLD, Override: Safe hold mode active
2025-05-28 04:02:19,521 - INFO - [AUDIT] - Action: 0, Confidence: 1.0000, Safety Mode: SAFE_HOLD, Override: Safe hold mode active
2025-05-28 04:02:19,521 - INFO - [AUDIT] - Action: 0, Confidence: 1.0000, Safety Mode: SAFE_HOLD, Override: Safe hold mode active
2025-05-28 04:02:19,522 - INFO - [AUDIT] - Action: 0, Confidence: 1.0000, Safety Mode: SAFE_HOLD, Override: Safe hold mode active
2025-05-28 04:02:19,522 - INFO - [AUDIT] - Action: 0, Confidence: 1.0000, Safety Mode: SAFE_HOLD, Override: Safe hold mode active
2025-05-28 04:02:19,522 - INFO - [AUDIT] - Action: 0, Confidence: 1.0000, Safety Mode: SAFE_HOLD, Override: Safe hold mode active
2025-05-28 04:02:19,522 - INFO - [AUDIT] - Action: 0, Confidence: 1.0000, Safety Mode: SAFE_HOLD, Override: Safe hold mode active
2025-05-28 04:02:19,522 - INFO - [AUDIT] - Action: 0, Confidence: 1.0000, Safety Mode: SAFE_HOLD, Override: Safe hold mode active
2025-05-28 04:02:19,523 - INFO - [AUDIT] - Action: 0, Confidence: 1.0000, Safety Mode: SAFE_HOLD, Override: Safe hold mode active
2025-05-28 04:02:19,523 - INFO - [AUDIT] - Action: 0, Confidence: 1.0000, Safety Mode: SAFE_HOLD, Override: Safe hold mode active
2025-05-28 04:02:19,523 - INFO - [AUDIT] - Action: 0, Confidence: 1.0000, Safety Mode: SAFE_HOLD, Override: Safe hold mode active
2025-05-28 04:02:19,523 - INFO - [AUDIT] - Action: 0, Confidence: 1.0000, Safety Mode: SAFE_HOLD, Override: Safe hold mode active
2025-05-28 04:02:19,523 - INFO - [AUDIT] - Action: 0, Confidence: 1.0000, Safety Mode: SAFE_HOLD, Override: Safe hold mode active
2025-05-28 04:02:19,524 - INFO - [AUDIT] - Action: 0, Confidence: 1.0000, Safety Mode: SAFE_HOLD, Override: Safe hold mode active
2025-05-28 04:02:19,524 - INFO - [AUDIT] - Action: 0, Confidence: 1.0000, Safety Mode: SAFE_HOLD, Override: Safe hold mode active
2025-05-28 04:02:19,524 - INFO - [AUDIT] - Action: 0, Confidence: 1.0000, Safety Mode: SAFE_HOLD, Override: Safe hold mode active
2025-05-28 04:02:19,524 - INFO - [AUDIT] - Action: 0, Confidence: 1.0000, Safety Mode: SAFE_HOLD, Override: Safe hold mode active
2025-05-28 04:02:19,524 - INFO - [AUDIT] - Action: 0, Confidence: 1.0000, Safety Mode: SAFE_HOLD, Override: Safe hold mode active
2025-05-28 04:02:19,525 - INFO - [AUDIT] - Action: 0, Confidence: 1.0000, Safety Mode: SAFE_HOLD, Override: Safe hold mode active
2025-05-28 04:02:19,525 - INFO - [AUDIT] - Action: 0, Confidence: 1.0000, Safety Mode: SAFE_HOLD, Override: Safe hold mode active
2025-05-28 04:02:19,525 - INFO - [AUDIT] - Action: 0, Confidence: 1.0000, Safety Mode: SAFE_HOLD, Override: Safe hold mode active
2025-05-28 04:02:19,525 - INFO - [AUDIT] - Action: 0, Confidence: 1.0000, Safety Mode: SAFE_HOLD, Override: Safe hold mode active
2025-05-28 04:02:19,525 - INFO - [AUDIT] - Action: 0, Confidence: 1.0000, Safety Mode: SAFE_HOLD, Override: Safe hold mode active
2025-05-28 04:02:19,526 - INFO - [AUDIT] - Action: 0, Confidence: 1.0000, Safety Mode: SAFE_HOLD, Override: Safe hold mode active
2025-05-28 04:02:19,526 - INFO - [AUDIT] - Action: 0, Confidence: 1.0000, Safety Mode: SAFE_HOLD, Override: Safe hold mode active
2025-05-28 04:02:19,526 - INFO - [AUDIT] - Action: 0, Confidence: 1.0000, Safety Mode: SAFE_HOLD, Override: Safe hold mode active
2025-05-28 04:02:19,526 - INFO - [AUDIT] - Action: 0, Confidence: 1.0000, Safety Mode: SAFE_HOLD, Override: Safe hold mode active
2025-05-28 04:02:19,526 - INFO - [AUDIT] - Action: 0, Confidence: 1.0000, Safety Mode: SAFE_HOLD, Override: Safe hold mode active
2025-05-28 04:02:19,527 - INFO - [AUDIT] - Action: 0, Confidence: 1.0000, Safety Mode: SAFE_HOLD, Override: Safe hold mode active
2025-05-28 04:02:19,527 - INFO - [AUDIT] - Action: 0, Confidence: 1.0000, Safety Mode: SAFE_HOLD, Override: Safe hold mode active
2025-05-28 04:02:19,527 - INFO - [AUDIT] - Action: 0, Confidence: 1.0000, Safety Mode: SAFE_HOLD, Override: Safe hold mode active
2025-05-28 04:02:19,527 - INFO - [AUDIT] - Action: 0, Confidence: 1.0000, Safety Mode: SAFE_HOLD, Override: Safe hold mode active
2025-05-28 04:02:19,527 - INFO - [AUDIT] - Action: 0, Confidence: 1.0000, Safety Mode: SAFE_HOLD, Override: Safe hold mode active
2025-05-28 04:02:19,528 - INFO - [AUDIT] - Action: 0, Confidence: 1.0000, Safety Mode: SAFE_HOLD, Override: Safe hold mode active
2025-05-28 04:02:19,528 - INFO - [AUDIT] - Action: 0, Confidence: 1.0000, Safety Mode: SAFE_HOLD, Override: Safe hold mode active
2025-05-28 04:02:19,528 - INFO - [AUDIT] - Action: 0, Confidence: 1.0000, Safety Mode: SAFE_HOLD, Override: Safe hold mode active
2025-05-28 04:02:19,528 - INFO - [AUDIT] - Action: 0, Confidence: 1.0000, Safety Mode: SAFE_HOLD, Override: Safe hold mode active
2025-05-28 04:02:19,528 - INFO - [AUDIT] - Action: 0, Confidence: 1.0000, Safety Mode: SAFE_HOLD, Override: Safe hold mode active
2025-05-28 04:02:19,529 - INFO - [AUDIT] - Action: 0, Confidence: 1.0000, Safety Mode: SAFE_HOLD, Override: Safe hold mode active
2025-05-28 04:02:19,529 - INFO - [AUDIT] - Action: 0, Confidence: 1.0000, Safety Mode: SAFE_HOLD, Override: Safe hold mode active
2025-05-28 04:02:19,529 - INFO - [AUDIT] - Action: 0, Confidence: 1.0000, Safety Mode: SAFE_HOLD, Override: Safe hold mode active
2025-05-28 04:02:19,529 - INFO - [AUDIT] - Action: 0, Confidence: 1.0000, Safety Mode: SAFE_HOLD, Override: Safe hold mode active
2025-05-28 04:02:19,529 - INFO - [AUDIT] - Action: 0, Confidence: 1.0000, Safety Mode: SAFE_HOLD, Override: Safe hold mode active
2025-05-28 04:02:19,530 - INFO - [AUDIT] - Action: 0, Confidence: 1.0000, Safety Mode: SAFE_HOLD, Override: Safe hold mode active
2025-05-28 04:02:19,530 - INFO - [AUDIT] - Action: 0, Confidence: 1.0000, Safety Mode: SAFE_HOLD, Override: Safe hold mode active
2025-05-28 04:02:19,530 - INFO - [AUDIT] - Action: 0, Confidence: 1.0000, Safety Mode: SAFE_HOLD, Override: Safe hold mode active
2025-05-28 04:02:19,530 - INFO - [AUDIT] - Action: 0, Confidence: 1.0000, Safety Mode: SAFE_HOLD, Override: Safe hold mode active
2025-05-28 04:02:19,530 - INFO - [AUDIT] - Action: 0, Confidence: 1.0000, Safety Mode: SAFE_HOLD, Override: Safe hold mode active
2025-05-28 04:02:19,531 - INFO - [AUDIT] - Action: 0, Confidence: 1.0000, Safety Mode: SAFE_HOLD, Override: Safe hold mode active
2025-05-28 04:02:19,531 - INFO - [AUDIT] - Action: 0, Confidence: 1.0000, Safety Mode: SAFE_HOLD, Override: Safe hold mode active
2025-05-28 04:02:19,531 - INFO - [AUDIT] - Action: 0, Confidence: 1.0000, Safety Mode: SAFE_HOLD, Override: Safe hold mode active
2025-05-28 04:02:19,531 - INFO - [AUDIT] - Action: 0, Confidence: 1.0000, Safety Mode: SAFE_HOLD, Override: Safe hold mode active
2025-05-28 04:02:19,531 - INFO - [AUDIT] - Action: 0, Confidence: 1.0000, Safety Mode: SAFE_HOLD, Override: Safe hold mode active
2025-05-28 04:02:19,531 - INFO - [AUDIT] - Action: 0, Confidence: 1.0000, Safety Mode: SAFE_HOLD, Override: Safe hold mode active
2025-05-28 04:02:19,532 - INFO - [AUDIT] - Action: 0, Confidence: 1.0000, Safety Mode: SAFE_HOLD, Override: Safe hold mode active
2025-05-28 04:02:19,532 - INFO - [AUDIT] - Action: 0, Confidence: 1.0000, Safety Mode: SAFE_HOLD, Override: Safe hold mode active
2025-05-28 04:02:19,532 - INFO - [AUDIT] - Action: 0, Confidence: 1.0000, Safety Mode: SAFE_HOLD, Override: Safe hold mode active
2025-05-28 04:02:19,532 - INFO - [AUDIT] - Action: 0, Confidence: 1.0000, Safety Mode: SAFE_HOLD, Override: Safe hold mode active
2025-05-28 04:02:19,532 - INFO - [AUDIT] - Action: 0, Confidence: 1.0000, Safety Mode: SAFE_HOLD, Override: Safe hold mode active
2025-05-28 04:02:19,533 - INFO - [AUDIT] - Action: 0, Confidence: 1.0000, Safety Mode: SAFE_HOLD, Override: Safe hold mode active
2025-05-28 04:02:19,533 - INFO - [AUDIT] - Action: 0, Confidence: 1.0000, Safety Mode: SAFE_HOLD, Override: Safe hold mode active
2025-05-28 04:02:19,533 - INFO - [AUDIT] - Action: 0, Confidence: 1.0000, Safety Mode: SAFE_HOLD, Override: Safe hold mode active
2025-05-28 04:02:19,533 - INFO - [AUDIT] - Action: 0, Confidence: 1.0000, Safety Mode: SAFE_HOLD, Override: Safe hold mode active
2025-05-28 04:02:19,533 - INFO - [AUDIT] - Action: 0, Confidence: 1.0000, Safety Mode: SAFE_HOLD, Override: Safe hold mode active
2025-05-28 04:02:19,534 - INFO - [AUDIT] - Action: 0, Confidence: 1.0000, Safety Mode: SAFE_HOLD, Override: Safe hold mode active
2025-05-28 04:02:19,534 - INFO - [AUDIT] - Action: 0, Confidence: 1.0000, Safety Mode: SAFE_HOLD, Override: Safe hold mode active
2025-05-28 04:02:19,534 - INFO - [AUDIT] - Action: 0, Confidence: 1.0000, Safety Mode: SAFE_HOLD, Override: Safe hold mode active
2025-05-28 04:02:19,534 - INFO - [AUDIT] - Action: 0, Confidence: 1.0000, Safety Mode: SAFE_HOLD, Override: Safe hold mode active
2025-05-28 04:02:19,535 - INFO - [AUDIT] - Action: 0, Confidence: 1.0000, Safety Mode: SAFE_HOLD, Override: Safe hold mode active
2025-05-28 04:02:19,535 - INFO - [AUDIT] - Action: 0, Confidence: 1.0000, Safety Mode: SAFE_HOLD, Override: Safe hold mode active
2025-05-28 04:02:19,535 - INFO - [AUDIT] - Action: 0, Confidence: 1.0000, Safety Mode: SAFE_HOLD, Override: Safe hold mode active
2025-05-28 04:02:19,535 - INFO - [AUDIT] - Action: 0, Confidence: 1.0000, Safety Mode: SAFE_HOLD, Override: Safe hold mode active
2025-05-28 04:02:19,535 - INFO - [AUDIT] - Action: 0, Confidence: 1.0000, Safety Mode: SAFE_HOLD, Override: Safe hold mode active
2025-05-28 04:02:19,536 - INFO - [AUDIT] - Action: 0, Confidence: 1.0000, Safety Mode: SAFE_HOLD, Override: Safe hold mode active
2025-05-28 04:02:19,536 - INFO - [AUDIT] - Action: 0, Confidence: 1.0000, Safety Mode: SAFE_HOLD, Override: Safe hold mode active
2025-05-28 04:02:19,536 - INFO - [AUDIT] - Action: 0, Confidence: 1.0000, Safety Mode: SAFE_HOLD, Override: Safe hold mode active
2025-05-28 04:02:19,536 - INFO - [AUDIT] - Action: 0, Confidence: 1.0000, Safety Mode: SAFE_HOLD, Override: Safe hold mode active
2025-05-28 04:02:19,536 - INFO - [AUDIT] - Action: 0, Confidence: 1.0000, Safety Mode: SAFE_HOLD, Override: Safe hold mode active
2025-05-28 04:02:19,537 - INFO - [AUDIT] - Action: 0, Confidence: 1.0000, Safety Mode: SAFE_HOLD, Override: Safe hold mode active
2025-05-28 04:02:19,537 - INFO - [AUDIT] - Action: 0, Confidence: 1.0000, Safety Mode: SAFE_HOLD, Override: Safe hold mode active
2025-05-28 04:02:19,537 - INFO - [AUDIT] - Action: 0, Confidence: 1.0000, Safety Mode: SAFE_HOLD, Override: Safe hold mode active
2025-05-28 04:02:19,537 - INFO - [AUDIT] - Action: 0, Confidence: 1.0000, Safety Mode: SAFE_HOLD, Override: Safe hold mode active
2025-05-28 04:02:19,537 - INFO - [AUDIT] - Action: 0, Confidence: 1.0000, Safety Mode: SAFE_HOLD, Override: Safe hold mode active
2025-05-28 04:02:19,538 - INFO - [AUDIT] - Action: 0, Confidence: 1.0000, Safety Mode: SAFE_HOLD, Override: Safe hold mode active
2025-05-28 04:02:19,538 - INFO - [AUDIT] - Action: 0, Confidence: 1.0000, Safety Mode: SAFE_HOLD, Override: Safe hold mode active
2025-05-28 04:02:19,538 - INFO - [AUDIT] - Action: 0, Confidence: 1.0000, Safety Mode: SAFE_HOLD, Override: Safe hold mode active
2025-05-28 04:02:19,539 - INFO - [AUDIT] - Action: 0, Confidence: 1.0000, Safety Mode: SAFE_HOLD, Override: Safe hold mode active
2025-05-28 04:02:19,551 - INFO - [AUDIT] - Action: 0, Confidence: 1.0000, Safety Mode: SAFE_HOLD, Override: Safe hold mode active
2025-05-28 04:02:19,558 - INFO - [AUDIT] - Action: 0, Confidence: 1.0000, Safety Mode: SAFE_HOLD, Override: Safe hold mode active
2025-05-28 04:02:19,569 - INFO - [AUDIT] - Action: 0, Confidence: 1.0000, Safety Mode: SAFE_HOLD, Override: Safe hold mode active
2025-05-28 04:02:19,589 - INFO - [AUDIT] - Action: 0, Confidence: 1.0000, Safety Mode: SAFE_HOLD, Override: Safe hold mode active
2025-05-28 04:02:19,593 - INFO - [AUDIT] - Action: 0, Confidence: 1.0000, Safety Mode: SAFE_HOLD, Override: Safe hold mode active
2025-05-28 04:02:19,594 - INFO - [AUDIT] - Action: 0, Confidence: 1.0000, Safety Mode: SAFE_HOLD, Override: Safe hold mode active
2025-05-28 04:02:19,594 - INFO - [AUDIT] - Action: 0, Confidence: 1.0000, Safety Mode: SAFE_HOLD, Override: Safe hold mode active
2025-05-28 04:02:19,594 - INFO - [AUDIT] - Action: 0, Confidence: 1.0000, Safety Mode: SAFE_HOLD, Override: Safe hold mode active
2025-05-28 04:02:19,595 - INFO - [AUDIT] - Action: 0, Confidence: 1.0000, Safety Mode: SAFE_HOLD, Override: Safe hold mode active
2025-05-28 04:02:19,595 - INFO - [AUDIT] - Action: 0, Confidence: 1.0000, Safety Mode: SAFE_HOLD, Override: Safe hold mode active
2025-05-28 04:02:19,595 - INFO - [AUDIT] - Action: 0, Confidence: 1.0000, Safety Mode: SAFE_HOLD, Override: Safe hold mode active
2025-05-28 04:02:19,596 - INFO - [AUDIT] - Action: 0, Confidence: 1.0000, Safety Mode: SAFE_HOLD, Override: Safe hold mode active
2025-05-28 04:02:19,596 - INFO - [AUDIT] - Action: 0, Confidence: 1.0000, Safety Mode: SAFE_HOLD, Override: Safe hold mode active
2025-05-28 04:02:19,597 - INFO - [AUDIT] - Action: 0, Confidence: 1.0000, Safety Mode: SAFE_HOLD, Override: Safe hold mode active
2025-05-28 04:02:19,598 - INFO - [AUDIT] - Action: 0, Confidence: 1.0000, Safety Mode: SAFE_HOLD, Override: Safe hold mode active
2025-05-28 04:02:19,598 - INFO - [AUDIT] - Action: 0, Confidence: 1.0000, Safety Mode: SAFE_HOLD, Override: Safe hold mode active
2025-05-28 04:02:19,598 - INFO - [AUDIT] - Action: 0, Confidence: 1.0000, Safety Mode: SAFE_HOLD, Override: Safe hold mode active
2025-05-28 04:02:19,599 - INFO - [AUDIT] - Action: 0, Confidence: 1.0000, Safety Mode: SAFE_HOLD, Override: Safe hold mode active
2025-05-28 04:02:19,599 - INFO - [AUDIT] - Action: 0, Confidence: 1.0000, Safety Mode: SAFE_HOLD, Override: Safe hold mode active
2025-05-28 04:02:19,599 - INFO - [AUDIT] - Action: 0, Confidence: 1.0000, Safety Mode: SAFE_HOLD, Override: Safe hold mode active
2025-05-28 04:02:19,599 - INFO - [AUDIT] - Action: 0, Confidence: 1.0000, Safety Mode: SAFE_HOLD, Override: Safe hold mode active
2025-05-28 04:02:19,600 - INFO - [AUDIT] - Action: 0, Confidence: 1.0000, Safety Mode: SAFE_HOLD, Override: Safe hold mode active
2025-05-28 04:02:19,600 - INFO - [AUDIT] - Action: 0, Confidence: 1.0000, Safety Mode: SAFE_HOLD, Override: Safe hold mode active
2025-05-28 04:02:19,600 - INFO - [AUDIT] - Action: 0, Confidence: 1.0000, Safety Mode: SAFE_HOLD, Override: Safe hold mode active
2025-05-28 04:02:19,601 - INFO - [AUDIT] - Action: 0, Confidence: 1.0000, Safety Mode: SAFE_HOLD, Override: Safe hold mode active
2025-05-28 04:02:19,601 - INFO - [AUDIT] - Action: 0, Confidence: 1.0000, Safety Mode: SAFE_HOLD, Override: Safe hold mode active
2025-05-28 04:02:19,602 - INFO - [AUDIT] - Action: 0, Confidence: 1.0000, Safety Mode: SAFE_HOLD, Override: Safe hold mode active
2025-05-28 04:02:19,602 - INFO - [AUDIT] - Action: 0, Confidence: 1.0000, Safety Mode: SAFE_HOLD, Override: Safe hold mode active
2025-05-28 04:02:19,602 - INFO - [AUDIT] - Action: 0, Confidence: 1.0000, Safety Mode: SAFE_HOLD, Override: Safe hold mode active
2025-05-28 04:02:19,602 - INFO - [AUDIT] - Action: 0, Confidence: 1.0000, Safety Mode: SAFE_HOLD, Override: Safe hold mode active
2025-05-28 04:02:19,602 - INFO - [AUDIT] - Action: 0, Confidence: 1.0000, Safety Mode: SAFE_HOLD, Override: Safe hold mode active
2025-05-28 04:02:19,603 - INFO - [AUDIT] - Action: 0, Confidence: 1.0000, Safety Mode: SAFE_HOLD, Override: Safe hold mode active
2025-05-28 04:02:19,603 - INFO - [AUDIT] - Action: 0, Confidence: 1.0000, Safety Mode: SAFE_HOLD, Override: Safe hold mode active
2025-05-28 04:02:19,603 - INFO - [AUDIT] - Action: 0, Confidence: 1.0000, Safety Mode: SAFE_HOLD, Override: Safe hold mode active
2025-05-28 04:02:19,603 - INFO - [AUDIT] - Action: 0, Confidence: 1.0000, Safety Mode: SAFE_HOLD, Override: Safe hold mode active
2025-05-28 04:02:19,604 - INFO - [AUDIT] - Action: 0, Confidence: 1.0000, Safety Mode: SAFE_HOLD, Override: Safe hold mode active
2025-05-28 04:02:19,604 - INFO - [AUDIT] - Action: 0, Confidence: 1.0000, Safety Mode: SAFE_HOLD, Override: Safe hold mode active
2025-05-28 04:02:19,604 - INFO - [AUDIT] - Action: 0, Confidence: 1.0000, Safety Mode: SAFE_HOLD, Override: Safe hold mode active
2025-05-28 04:02:19,604 - INFO - [AUDIT] - Action: 0, Confidence: 1.0000, Safety Mode: SAFE_HOLD, Override: Safe hold mode active
2025-05-28 04:02:19,604 - INFO - [AUDIT] - Action: 0, Confidence: 1.0000, Safety Mode: SAFE_HOLD, Override: Safe hold mode active
2025-05-28 04:02:19,605 - INFO - [AUDIT] - Action: 0, Confidence: 1.0000, Safety Mode: SAFE_HOLD, Override: Safe hold mode active
2025-05-28 04:02:19,605 - INFO - [AUDIT] - Action: 0, Confidence: 1.0000, Safety Mode: SAFE_HOLD, Override: Safe hold mode active
2025-05-28 04:02:19,605 - INFO - [AUDIT] - Action: 0, Confidence: 1.0000, Safety Mode: SAFE_HOLD, Override: Safe hold mode active
2025-05-28 04:02:19,605 - INFO - [AUDIT] - Action: 0, Confidence: 1.0000, Safety Mode: SAFE_HOLD, Override: Safe hold mode active
2025-05-28 04:02:19,606 - INFO - [AUDIT] - Action: 0, Confidence: 1.0000, Safety Mode: SAFE_HOLD, Override: Safe hold mode active
2025-05-28 04:02:19,606 - INFO - [AUDIT] - Action: 0, Confidence: 1.0000, Safety Mode: SAFE_HOLD, Override: Safe hold mode active
2025-05-28 04:02:19,606 - INFO - [AUDIT] - Action: 0, Confidence: 1.0000, Safety Mode: SAFE_HOLD, Override: Safe hold mode active
2025-05-28 04:02:19,606 - INFO - [AUDIT] - Action: 0, Confidence: 1.0000, Safety Mode: SAFE_HOLD, Override: Safe hold mode active
2025-05-28 04:02:19,606 - INFO - [AUDIT] - Action: 0, Confidence: 1.0000, Safety Mode: SAFE_HOLD, Override: Safe hold mode active
2025-05-28 04:02:19,607 - INFO - [AUDIT] - Action: 0, Confidence: 1.0000, Safety Mode: SAFE_HOLD, Override: Safe hold mode active
2025-05-28 04:02:19,609 - INFO - [AUDIT] - Action: 0, Confidence: 1.0000, Safety Mode: SAFE_HOLD, Override: Safe hold mode active
2025-05-28 04:02:19,613 - INFO - [AUDIT] - Action: 0, Confidence: 1.0000, Safety Mode: SAFE_HOLD, Override: Safe hold mode active
2025-05-28 04:02:19,613 - INFO - [AUDIT] - Action: 0, Confidence: 1.0000, Safety Mode: SAFE_HOLD, Override: Safe hold mode active
2025-05-28 04:02:19,613 - INFO - [AUDIT] - Action: 0, Confidence: 1.0000, Safety Mode: SAFE_HOLD, Override: Safe hold mode active
2025-05-28 04:02:19,614 - INFO - [AUDIT] - Action: 0, Confidence: 1.0000, Safety Mode: SAFE_HOLD, Override: Safe hold mode active
2025-05-28 04:02:19,614 - INFO - [AUDIT] - Action: 0, Confidence: 1.0000, Safety Mode: SAFE_HOLD, Override: Safe hold mode active
2025-05-28 04:02:19,614 - INFO - [AUDIT] - Action: 0, Confidence: 1.0000, Safety Mode: SAFE_HOLD, Override: Safe hold mode active
2025-05-28 04:02:19,614 - INFO - [AUDIT] - Action: 0, Confidence: 1.0000, Safety Mode: SAFE_HOLD, Override: Safe hold mode active
2025-05-28 04:02:19,614 - INFO - [AUDIT] - Action: 0, Confidence: 1.0000, Safety Mode: SAFE_HOLD, Override: Safe hold mode active
2025-05-28 04:02:19,616 - INFO - [AUDIT] - Action: 0, Confidence: 1.0000, Safety Mode: SAFE_HOLD, Override: Safe hold mode active
2025-05-28 04:02:19,617 - INFO - [AUDIT] - Action: 0, Confidence: 1.0000, Safety Mode: SAFE_HOLD, Override: Safe hold mode active
2025-05-28 04:02:19,618 - INFO - [AUDIT] - Action: 0, Confidence: 1.0000, Safety Mode: SAFE_HOLD, Override: Safe hold mode active
2025-05-28 04:02:19,618 - INFO - [AUDIT] - Action: 0, Confidence: 1.0000, Safety Mode: SAFE_HOLD, Override: Safe hold mode active
2025-05-28 04:02:19,619 - INFO - [AUDIT] - Action: 0, Confidence: 1.0000, Safety Mode: SAFE_HOLD, Override: Safe hold mode active
2025-05-28 04:02:19,619 - INFO - [AUDIT] - Action: 0, Confidence: 1.0000, Safety Mode: SAFE_HOLD, Override: Safe hold mode active
2025-05-28 04:02:19,619 - INFO - [AUDIT] - Action: 0, Confidence: 1.0000, Safety Mode: SAFE_HOLD, Override: Safe hold mode active
2025-05-28 04:02:19,619 - INFO - [AUDIT] - Action: 0, Confidence: 1.0000, Safety Mode: SAFE_HOLD, Override: Safe hold mode active
2025-05-28 04:02:19,619 - INFO - [AUDIT] - Action: 0, Confidence: 1.0000, Safety Mode: SAFE_HOLD, Override: Safe hold mode active
2025-05-28 04:02:19,620 - INFO - [AUDIT] - Action: 0, Confidence: 1.0000, Safety Mode: SAFE_HOLD, Override: Safe hold mode active
2025-05-28 04:02:19,620 - INFO - [AUDIT] - Action: 0, Confidence: 1.0000, Safety Mode: SAFE_HOLD, Override: Safe hold mode active
2025-05-28 04:02:19,621 - INFO - [AUDIT] - Action: 0, Confidence: 1.0000, Safety Mode: SAFE_HOLD, Override: Safe hold mode active
2025-05-28 04:02:19,621 - INFO - [AUDIT] - Action: 0, Confidence: 1.0000, Safety Mode: SAFE_HOLD, Override: Safe hold mode active
2025-05-28 04:02:19,621 - INFO - [AUDIT] - Action: 0, Confidence: 1.0000, Safety Mode: SAFE_HOLD, Override: Safe hold mode active
2025-05-28 04:02:19,622 - INFO - [AUDIT] - Action: 0, Confidence: 1.0000, Safety Mode: SAFE_HOLD, Override: Safe hold mode active
2025-05-28 04:02:19,622 - INFO - [AUDIT] - Action: 0, Confidence: 1.0000, Safety Mode: SAFE_HOLD, Override: Safe hold mode active
2025-05-28 04:02:19,622 - INFO - [AUDIT] - Action: 0, Confidence: 1.0000, Safety Mode: SAFE_HOLD, Override: Safe hold mode active
2025-05-28 04:02:19,622 - INFO - [AUDIT] - Action: 0, Confidence: 1.0000, Safety Mode: SAFE_HOLD, Override: Safe hold mode active
2025-05-28 04:02:19,623 - INFO - [AUDIT] - Action: 0, Confidence: 1.0000, Safety Mode: SAFE_HOLD, Override: Safe hold mode active
2025-05-28 04:02:19,623 - INFO - [AUDIT] - Action: 0, Confidence: 1.0000, Safety Mode: SAFE_HOLD, Override: Safe hold mode active
2025-05-28 04:02:19,623 - INFO - [AUDIT] - Action: 0, Confidence: 1.0000, Safety Mode: SAFE_HOLD, Override: Safe hold mode active
2025-05-28 04:02:19,623 - INFO - [AUDIT] - Action: 0, Confidence: 1.0000, Safety Mode: SAFE_HOLD, Override: Safe hold mode active
2025-05-28 04:02:19,624 - INFO - [AUDIT] - Action: 0, Confidence: 1.0000, Safety Mode: SAFE_HOLD, Override: Safe hold mode active
2025-05-28 04:02:19,624 - INFO - [AUDIT] - Action: 0, Confidence: 1.0000, Safety Mode: SAFE_HOLD, Override: Safe hold mode active
2025-05-28 04:02:19,624 - INFO - [AUDIT] - Action: 0, Confidence: 1.0000, Safety Mode: SAFE_HOLD, Override: Safe hold mode active
2025-05-28 04:02:19,625 - INFO - [AUDIT] - Action: 0, Confidence: 1.0000, Safety Mode: SAFE_HOLD, Override: Safe hold mode active
2025-05-28 04:02:19,625 - INFO - [AUDIT] - Action: 0, Confidence: 1.0000, Safety Mode: SAFE_HOLD, Override: Safe hold mode active
2025-05-28 04:02:19,625 - INFO - [AUDIT] - Action: 0, Confidence: 1.0000, Safety Mode: SAFE_HOLD, Override: Safe hold mode active
2025-05-28 04:02:19,626 - INFO - [AUDIT] - Action: 0, Confidence: 1.0000, Safety Mode: SAFE_HOLD, Override: Safe hold mode active
2025-05-28 04:02:19,626 - INFO - [AUDIT] - Action: 0, Confidence: 1.0000, Safety Mode: SAFE_HOLD, Override: Safe hold mode active
2025-05-28 04:02:19,626 - INFO - [AUDIT] - Action: 0, Confidence: 1.0000, Safety Mode: SAFE_HOLD, Override: Safe hold mode active
2025-05-28 04:02:19,626 - INFO - [AUDIT] - Action: 0, Confidence: 1.0000, Safety Mode: SAFE_HOLD, Override: Safe hold mode active
2025-05-28 04:02:19,626 - INFO - [AUDIT] - Action: 0, Confidence: 1.0000, Safety Mode: SAFE_HOLD, Override: Safe hold mode active
2025-05-28 04:02:19,627 - INFO - [AUDIT] - Action: 0, Confidence: 1.0000, Safety Mode: SAFE_HOLD, Override: Safe hold mode active
2025-05-28 04:02:19,627 - INFO - [AUDIT] - Action: 0, Confidence: 1.0000, Safety Mode: SAFE_HOLD, Override: Safe hold mode active
2025-05-28 04:02:19,627 - INFO - [AUDIT] - Action: 0, Confidence: 1.0000, Safety Mode: SAFE_HOLD, Override: Safe hold mode active
2025-05-28 04:02:19,627 - INFO - [AUDIT] - Action: 0, Confidence: 1.0000, Safety Mode: SAFE_HOLD, Override: Safe hold mode active
2025-05-28 04:02:19,627 - INFO - [AUDIT] - Action: 0, Confidence: 1.0000, Safety Mode: SAFE_HOLD, Override: Safe hold mode active
2025-05-28 04:02:19,628 - INFO - [AUDIT] - Action: 0, Confidence: 1.0000, Safety Mode: SAFE_HOLD, Override: Safe hold mode active
2025-05-28 04:02:19,628 - INFO - [AUDIT] - Action: 0, Confidence: 1.0000, Safety Mode: SAFE_HOLD, Override: Safe hold mode active
2025-05-28 04:02:19,628 - INFO - [AUDIT] - Action: 0, Confidence: 1.0000, Safety Mode: SAFE_HOLD, Override: Safe hold mode active
2025-05-28 04:02:19,628 - INFO - [AUDIT] - Action: 0, Confidence: 1.0000, Safety Mode: SAFE_HOLD, Override: Safe hold mode active
2025-05-28 04:02:19,628 - INFO - [AUDIT] - Action: 0, Confidence: 1.0000, Safety Mode: SAFE_HOLD, Override: Safe hold mode active
2025-05-28 04:02:19,629 - INFO - [AUDIT] - Action: 0, Confidence: 1.0000, Safety Mode: SAFE_HOLD, Override: Safe hold mode active
2025-05-28 04:02:19,629 - INFO - [AUDIT] - Action: 0, Confidence: 1.0000, Safety Mode: SAFE_HOLD, Override: Safe hold mode active
2025-05-28 04:02:19,629 - INFO - [AUDIT] - Action: 0, Confidence: 1.0000, Safety Mode: SAFE_HOLD, Override: Safe hold mode active
2025-05-28 04:02:19,629 - INFO - [AUDIT] - Action: 0, Confidence: 1.0000, Safety Mode: SAFE_HOLD, Override: Safe hold mode active
2025-05-28 04:02:19,629 - INFO - [AUDIT] - Action: 0, Confidence: 1.0000, Safety Mode: SAFE_HOLD, Override: Safe hold mode active
2025-05-28 04:02:19,630 - INFO - [AUDIT] - Action: 0, Confidence: 1.0000, Safety Mode: SAFE_HOLD, Override: Safe hold mode active
2025-05-28 04:02:19,630 - INFO - [AUDIT] - Action: 0, Confidence: 1.0000, Safety Mode: SAFE_HOLD, Override: Safe hold mode active
2025-05-28 04:02:19,630 - INFO - [AUDIT] - Action: 0, Confidence: 1.0000, Safety Mode: SAFE_HOLD, Override: Safe hold mode active
2025-05-28 04:02:19,630 - INFO - [AUDIT] - Action: 0, Confidence: 1.0000, Safety Mode: SAFE_HOLD, Override: Safe hold mode active
2025-05-28 04:02:19,630 - INFO - [AUDIT] - Action: 0, Confidence: 1.0000, Safety Mode: SAFE_HOLD, Override: Safe hold mode active
2025-05-28 04:02:19,630 - INFO - [AUDIT] - Action: 0, Confidence: 1.0000, Safety Mode: SAFE_HOLD, Override: Safe hold mode active
2025-05-28 04:02:19,631 - INFO - [AUDIT] - Action: 0, Confidence: 1.0000, Safety Mode: SAFE_HOLD, Override: Safe hold mode active
2025-05-28 04:02:19,631 - INFO - [AUDIT] - Action: 0, Confidence: 1.0000, Safety Mode: SAFE_HOLD, Override: Safe hold mode active
2025-05-28 04:02:19,631 - INFO - [AUDIT] - Action: 0, Confidence: 1.0000, Safety Mode: SAFE_HOLD, Override: Safe hold mode active
2025-05-28 04:02:19,631 - INFO - [AUDIT] - Action: 0, Confidence: 1.0000, Safety Mode: SAFE_HOLD, Override: Safe hold mode active
2025-05-28 04:02:19,631 - INFO - [AUDIT] - Action: 0, Confidence: 1.0000, Safety Mode: SAFE_HOLD, Override: Safe hold mode active
2025-05-28 04:02:19,632 - INFO - [AUDIT] - Action: 0, Confidence: 1.0000, Safety Mode: SAFE_HOLD, Override: Safe hold mode active
2025-05-28 04:02:19,632 - INFO - [AUDIT] - Action: 0, Confidence: 1.0000, Safety Mode: SAFE_HOLD, Override: Safe hold mode active
2025-05-28 04:02:19,632 - INFO - [AUDIT] - Action: 0, Confidence: 1.0000, Safety Mode: SAFE_HOLD, Override: Safe hold mode active
2025-05-28 04:02:19,632 - INFO - [AUDIT] - Action: 0, Confidence: 1.0000, Safety Mode: SAFE_HOLD, Override: Safe hold mode active
2025-05-28 04:02:19,632 - INFO - [AUDIT] - Action: 0, Confidence: 1.0000, Safety Mode: SAFE_HOLD, Override: Safe hold mode active
2025-05-28 04:02:19,633 - INFO - [AUDIT] - Action: 0, Confidence: 1.0000, Safety Mode: SAFE_HOLD, Override: Safe hold mode active
2025-05-28 04:02:19,633 - INFO - [AUDIT] - Action: 0, Confidence: 1.0000, Safety Mode: SAFE_HOLD, Override: Safe hold mode active
2025-05-28 04:02:19,633 - INFO - [AUDIT] - Action: 0, Confidence: 1.0000, Safety Mode: SAFE_HOLD, Override: Safe hold mode active
2025-05-28 04:02:19,633 - INFO - [AUDIT] - Action: 0, Confidence: 1.0000, Safety Mode: SAFE_HOLD, Override: Safe hold mode active
2025-05-28 04:02:19,634 - INFO - [AUDIT] - Action: 0, Confidence: 1.0000, Safety Mode: SAFE_HOLD, Override: Safe hold mode active
2025-05-28 04:02:19,634 - INFO - [AUDIT] - Action: 0, Confidence: 1.0000, Safety Mode: SAFE_HOLD, Override: Safe hold mode active
2025-05-28 04:02:19,634 - INFO - [AUDIT] - Action: 0, Confidence: 1.0000, Safety Mode: SAFE_HOLD, Override: Safe hold mode active
2025-05-28 04:02:19,634 - INFO - [AUDIT] - Action: 0, Confidence: 1.0000, Safety Mode: SAFE_HOLD, Override: Safe hold mode active
2025-05-28 04:02:19,634 - INFO - [AUDIT] - Action: 0, Confidence: 1.0000, Safety Mode: SAFE_HOLD, Override: Safe hold mode active
2025-05-28 04:02:19,635 - INFO - [AUDIT] - Action: 0, Confidence: 1.0000, Safety Mode: SAFE_HOLD, Override: Safe hold mode active
2025-05-28 04:02:19,635 - INFO - [AUDIT] - Action: 0, Confidence: 1.0000, Safety Mode: SAFE_HOLD, Override: Safe hold mode active
2025-05-28 04:02:19,635 - INFO - [AUDIT] - Action: 0, Confidence: 1.0000, Safety Mode: SAFE_HOLD, Override: Safe hold mode active
2025-05-28 04:02:19,635 - INFO - [AUDIT] - Action: 0, Confidence: 1.0000, Safety Mode: SAFE_HOLD, Override: Safe hold mode active
2025-05-28 04:02:19,635 - INFO - [AUDIT] - Action: 0, Confidence: 1.0000, Safety Mode: SAFE_HOLD, Override: Safe hold mode active
2025-05-28 04:02:19,636 - INFO - [AUDIT] - Action: 0, Confidence: 1.0000, Safety Mode: SAFE_HOLD, Override: Safe hold mode active
2025-05-28 04:02:19,636 - INFO - [AUDIT] - Action: 0, Confidence: 1.0000, Safety Mode: SAFE_HOLD, Override: Safe hold mode active
2025-05-28 04:02:19,636 - INFO - [AUDIT] - Action: 0, Confidence: 1.0000, Safety Mode: SAFE_HOLD, Override: Safe hold mode active
2025-05-28 04:02:19,636 - INFO - [AUDIT] - Action: 0, Confidence: 1.0000, Safety Mode: SAFE_HOLD, Override: Safe hold mode active
2025-05-28 04:02:19,637 - INFO - [AUDIT] - Action: 0, Confidence: 1.0000, Safety Mode: SAFE_HOLD, Override: Safe hold mode active
2025-05-28 04:02:19,637 - INFO - [AUDIT] - Action: 0, Confidence: 1.0000, Safety Mode: SAFE_HOLD, Override: Safe hold mode active
2025-05-28 04:02:19,637 - INFO - [AUDIT] - Action: 0, Confidence: 1.0000, Safety Mode: SAFE_HOLD, Override: Safe hold mode active
2025-05-28 04:02:19,637 - INFO - [AUDIT] - Action: 0, Confidence: 1.0000, Safety Mode: SAFE_HOLD, Override: Safe hold mode active
2025-05-28 04:02:19,637 - INFO - [AUDIT] - Action: 0, Confidence: 1.0000, Safety Mode: SAFE_HOLD, Override: Safe hold mode active
2025-05-28 04:02:19,638 - INFO - [AUDIT] - Action: 0, Confidence: 1.0000, Safety Mode: SAFE_HOLD, Override: Safe hold mode active
2025-05-28 04:02:19,638 - INFO - [AUDIT] - Action: 0, Confidence: 1.0000, Safety Mode: SAFE_HOLD, Override: Safe hold mode active
2025-05-28 04:02:19,638 - INFO - [AUDIT] - Action: 0, Confidence: 1.0000, Safety Mode: SAFE_HOLD, Override: Safe hold mode active
2025-05-28 04:02:19,638 - INFO - [AUDIT] - Action: 0, Confidence: 1.0000, Safety Mode: SAFE_HOLD, Override: Safe hold mode active
2025-05-28 04:02:19,639 - INFO - [AUDIT] - Action: 0, Confidence: 1.0000, Safety Mode: SAFE_HOLD, Override: Safe hold mode active
2025-05-28 04:02:19,639 - INFO - [AUDIT] - Action: 0, Confidence: 1.0000, Safety Mode: SAFE_HOLD, Override: Safe hold mode active
2025-05-28 04:02:19,639 - INFO - [AUDIT] - Action: 0, Confidence: 1.0000, Safety Mode: SAFE_HOLD, Override: Safe hold mode active
2025-05-28 04:02:19,639 - INFO - [AUDIT] - Action: 0, Confidence: 1.0000, Safety Mode: SAFE_HOLD, Override: Safe hold mode active
2025-05-28 04:02:19,639 - INFO - [AUDIT] - Action: 0, Confidence: 1.0000, Safety Mode: SAFE_HOLD, Override: Safe hold mode active
2025-05-28 04:02:19,640 - INFO - [AUDIT] - Action: 0, Confidence: 1.0000, Safety Mode: SAFE_HOLD, Override: Safe hold mode active
2025-05-28 04:02:19,640 - INFO - [AUDIT] - Action: 0, Confidence: 1.0000, Safety Mode: SAFE_HOLD, Override: Safe hold mode active
2025-05-28 04:02:19,640 - INFO - [AUDIT] - Action: 0, Confidence: 1.0000, Safety Mode: SAFE_HOLD, Override: Safe hold mode active
2025-05-28 04:02:19,640 - INFO - [AUDIT] - Action: 0, Confidence: 1.0000, Safety Mode: SAFE_HOLD, Override: Safe hold mode active
2025-05-28 04:02:19,640 - INFO - [AUDIT] - Action: 0, Confidence: 1.0000, Safety Mode: SAFE_HOLD, Override: Safe hold mode active
2025-05-28 04:02:19,641 - INFO - [AUDIT] - Action: 0, Confidence: 1.0000, Safety Mode: SAFE_HOLD, Override: Safe hold mode active
2025-05-28 04:02:19,641 - INFO - [AUDIT] - Action: 0, Confidence: 1.0000, Safety Mode: SAFE_HOLD, Override: Safe hold mode active
2025-05-28 04:02:19,641 - INFO - [AUDIT] - Action: 0, Confidence: 1.0000, Safety Mode: SAFE_HOLD, Override: Safe hold mode active
2025-05-28 04:02:19,641 - INFO - [AUDIT] - Action: 0, Confidence: 1.0000, Safety Mode: SAFE_HOLD, Override: Safe hold mode active
2025-05-28 04:02:19,641 - INFO - [AUDIT] - Action: 0, Confidence: 1.0000, Safety Mode: SAFE_HOLD, Override: Safe hold mode active
2025-05-28 04:02:19,642 - INFO - [AUDIT] - Action: 0, Confidence: 1.0000, Safety Mode: SAFE_HOLD, Override: Safe hold mode active
2025-05-28 04:02:19,642 - INFO - [AUDIT] - Action: 0, Confidence: 1.0000, Safety Mode: SAFE_HOLD, Override: Safe hold mode active
2025-05-28 04:02:19,642 - INFO - [AUDIT] - Action: 0, Confidence: 1.0000, Safety Mode: SAFE_HOLD, Override: Safe hold mode active
2025-05-28 04:02:19,642 - INFO - [AUDIT] - Action: 0, Confidence: 1.0000, Safety Mode: SAFE_HOLD, Override: Safe hold mode active
2025-05-28 04:02:19,642 - INFO - [AUDIT] - Action: 0, Confidence: 1.0000, Safety Mode: SAFE_HOLD, Override: Safe hold mode active
2025-05-28 04:02:19,642 - INFO - [AUDIT] - Action: 0, Confidence: 1.0000, Safety Mode: SAFE_HOLD, Override: Safe hold mode active
2025-05-28 04:02:19,643 - INFO - [AUDIT] - Action: 0, Confidence: 1.0000, Safety Mode: SAFE_HOLD, Override: Safe hold mode active
2025-05-28 04:02:19,643 - INFO - [AUDIT] - Action: 0, Confidence: 1.0000, Safety Mode: SAFE_HOLD, Override: Safe hold mode active
2025-05-28 04:02:19,643 - INFO - [AUDIT] - Action: 0, Confidence: 1.0000, Safety Mode: SAFE_HOLD, Override: Safe hold mode active
2025-05-28 04:02:19,643 - INFO - [AUDIT] - Action: 0, Confidence: 1.0000, Safety Mode: SAFE_HOLD, Override: Safe hold mode active
2025-05-28 04:02:19,644 - INFO - [AUDIT] - Action: 0, Confidence: 1.0000, Safety Mode: SAFE_HOLD, Override: Safe hold mode active
2025-05-28 04:02:19,644 - INFO - [AUDIT] - Action: 0, Confidence: 1.0000, Safety Mode: SAFE_HOLD, Override: Safe hold mode active
2025-05-28 04:02:19,644 - INFO - [AUDIT] - Action: 0, Confidence: 1.0000, Safety Mode: SAFE_HOLD, Override: Safe hold mode active
2025-05-28 04:02:19,644 - INFO - [AUDIT] - Action: 0, Confidence: 1.0000, Safety Mode: SAFE_HOLD, Override: Safe hold mode active
2025-05-28 04:02:19,644 - INFO - [AUDIT] - Action: 0, Confidence: 1.0000, Safety Mode: SAFE_HOLD, Override: Safe hold mode active
2025-05-28 04:02:19,645 - INFO - [AUDIT] - Action: 0, Confidence: 1.0000, Safety Mode: SAFE_HOLD, Override: Safe hold mode active
2025-05-28 04:02:19,645 - INFO - [AUDIT] - Action: 0, Confidence: 1.0000, Safety Mode: SAFE_HOLD, Override: Safe hold mode active
2025-05-28 04:02:19,645 - INFO - [AUDIT] - Action: 0, Confidence: 1.0000, Safety Mode: SAFE_HOLD, Override: Safe hold mode active
2025-05-28 04:02:19,645 - INFO - [AUDIT] - Action: 0, Confidence: 1.0000, Safety Mode: SAFE_HOLD, Override: Safe hold mode active
2025-05-28 04:02:19,645 - INFO - [AUDIT] - Action: 0, Confidence: 1.0000, Safety Mode: SAFE_HOLD, Override: Safe hold mode active
2025-05-28 04:02:19,645 - INFO - [AUDIT] - Action: 0, Confidence: 1.0000, Safety Mode: SAFE_HOLD, Override: Safe hold mode active
2025-05-28 04:02:19,646 - INFO - [AUDIT] - Action: 0, Confidence: 1.0000, Safety Mode: SAFE_HOLD, Override: Safe hold mode active
2025-05-28 04:02:19,646 - INFO - [AUDIT] - Action: 0, Confidence: 1.0000, Safety Mode: SAFE_HOLD, Override: Safe hold mode active
2025-05-28 04:02:19,646 - INFO - [AUDIT] - Action: 0, Confidence: 1.0000, Safety Mode: SAFE_HOLD, Override: Safe hold mode active
2025-05-28 04:02:19,646 - INFO - [AUDIT] - Action: 0, Confidence: 1.0000, Safety Mode: SAFE_HOLD, Override: Safe hold mode active
2025-05-28 04:02:19,647 - INFO - [AUDIT] - Action: 0, Confidence: 1.0000, Safety Mode: SAFE_HOLD, Override: Safe hold mode active
2025-05-28 04:02:19,647 - INFO - [AUDIT] - Action: 0, Confidence: 1.0000, Safety Mode: SAFE_HOLD, Override: Safe hold mode active
2025-05-28 04:02:19,647 - INFO - [AUDIT] - Action: 0, Confidence: 1.0000, Safety Mode: SAFE_HOLD, Override: Safe hold mode active
2025-05-28 04:02:19,647 - INFO - [AUDIT] - Action: 0, Confidence: 1.0000, Safety Mode: SAFE_HOLD, Override: Safe hold mode active
2025-05-28 04:02:19,647 - INFO - [AUDIT] - Action: 0, Confidence: 1.0000, Safety Mode: SAFE_HOLD, Override: Safe hold mode active
2025-05-28 04:02:19,647 - INFO - [AUDIT] - Action: 0, Confidence: 1.0000, Safety Mode: SAFE_HOLD, Override: Safe hold mode active
2025-05-28 04:02:19,648 - INFO - [AUDIT] - Action: 0, Confidence: 1.0000, Safety Mode: SAFE_HOLD, Override: Safe hold mode active
2025-05-28 04:02:19,648 - INFO - [AUDIT] - Action: 0, Confidence: 1.0000, Safety Mode: SAFE_HOLD, Override: Safe hold mode active
2025-05-28 04:02:19,648 - INFO - [AUDIT] - Action: 0, Confidence: 1.0000, Safety Mode: SAFE_HOLD, Override: Safe hold mode active
2025-05-28 04:02:19,648 - INFO - [AUDIT] - Action: 0, Confidence: 1.0000, Safety Mode: SAFE_HOLD, Override: Safe hold mode active
2025-05-28 04:02:19,649 - INFO - [AUDIT] - Action: 0, Confidence: 1.0000, Safety Mode: SAFE_HOLD, Override: Safe hold mode active
2025-05-28 04:02:19,649 - INFO - [AUDIT] - Action: 0, Confidence: 1.0000, Safety Mode: SAFE_HOLD, Override: Safe hold mode active
2025-05-28 04:02:19,649 - INFO - [AUDIT] - Action: 0, Confidence: 1.0000, Safety Mode: SAFE_HOLD, Override: Safe hold mode active
2025-05-28 04:02:19,649 - INFO - [AUDIT] - Action: 0, Confidence: 1.0000, Safety Mode: SAFE_HOLD, Override: Safe hold mode active
2025-05-28 04:02:19,649 - INFO - [AUDIT] - Action: 0, Confidence: 1.0000, Safety Mode: SAFE_HOLD, Override: Safe hold mode active
2025-05-28 04:02:19,650 - INFO - [AUDIT] - Action: 0, Confidence: 1.0000, Safety Mode: SAFE_HOLD, Override: Safe hold mode active
2025-05-28 04:02:19,650 - INFO - [AUDIT] - Action: 0, Confidence: 1.0000, Safety Mode: SAFE_HOLD, Override: Safe hold mode active
2025-05-28 04:02:19,650 - INFO - [AUDIT] - Action: 0, Confidence: 1.0000, Safety Mode: SAFE_HOLD, Override: Safe hold mode active
2025-05-28 04:02:19,650 - INFO - [AUDIT] - Action: 0, Confidence: 1.0000, Safety Mode: SAFE_HOLD, Override: Safe hold mode active
2025-05-28 04:02:19,650 - INFO - [AUDIT] - Action: 0, Confidence: 1.0000, Safety Mode: SAFE_HOLD, Override: Safe hold mode active
2025-05-28 04:02:19,651 - INFO - [AUDIT] - Action: 0, Confidence: 1.0000, Safety Mode: SAFE_HOLD, Override: Safe hold mode active
2025-05-28 04:02:19,651 - INFO - [AUDIT] - Action: 0, Confidence: 1.0000, Safety Mode: SAFE_HOLD, Override: Safe hold mode active
2025-05-28 04:02:19,651 - INFO - [AUDIT] - Action: 0, Confidence: 1.0000, Safety Mode: SAFE_HOLD, Override: Safe hold mode active
2025-05-28 04:02:19,651 - INFO - [AUDIT] - Action: 0, Confidence: 1.0000, Safety Mode: SAFE_HOLD, Override: Safe hold mode active
2025-05-28 04:02:19,651 - INFO - [AUDIT] - Action: 0, Confidence: 1.0000, Safety Mode: SAFE_HOLD, Override: Safe hold mode active
2025-05-28 04:02:19,652 - INFO - [AUDIT] - Action: 0, Confidence: 1.0000, Safety Mode: SAFE_HOLD, Override: Safe hold mode active
2025-05-28 04:02:19,652 - INFO - [AUDIT] - Action: 0, Confidence: 1.0000, Safety Mode: SAFE_HOLD, Override: Safe hold mode active
2025-05-28 04:02:19,652 - INFO - [AUDIT] - Action: 0, Confidence: 1.0000, Safety Mode: SAFE_HOLD, Override: Safe hold mode active
2025-05-28 04:02:19,652 - INFO - [AUDIT] - Action: 0, Confidence: 1.0000, Safety Mode: SAFE_HOLD, Override: Safe hold mode active
2025-05-28 04:02:19,652 - INFO - [AUDIT] - Action: 0, Confidence: 1.0000, Safety Mode: SAFE_HOLD, Override: Safe hold mode active
2025-05-28 04:02:19,653 - INFO - [AUDIT] - Action: 0, Confidence: 1.0000, Safety Mode: SAFE_HOLD, Override: Safe hold mode active
2025-05-28 04:02:19,653 - INFO - [AUDIT] - Action: 0, Confidence: 1.0000, Safety Mode: SAFE_HOLD, Override: Safe hold mode active
2025-05-28 04:02:19,653 - INFO - [AUDIT] - Action: 0, Confidence: 1.0000, Safety Mode: SAFE_HOLD, Override: Safe hold mode active
2025-05-28 04:02:19,653 - INFO - [AUDIT] - Action: 0, Confidence: 1.0000, Safety Mode: SAFE_HOLD, Override: Safe hold mode active
2025-05-28 04:02:19,653 - INFO - [AUDIT] - Action: 0, Confidence: 1.0000, Safety Mode: SAFE_HOLD, Override: Safe hold mode active
2025-05-28 04:02:19,654 - INFO - [AUDIT] - Action: 0, Confidence: 1.0000, Safety Mode: SAFE_HOLD, Override: Safe hold mode active
2025-05-28 04:02:19,654 - INFO - [AUDIT] - Action: 0, Confidence: 1.0000, Safety Mode: SAFE_HOLD, Override: Safe hold mode active
2025-05-28 04:02:19,654 - INFO - [AUDIT] - Action: 0, Confidence: 1.0000, Safety Mode: SAFE_HOLD, Override: Safe hold mode active
2025-05-28 04:02:19,654 - INFO - [AUDIT] - Action: 0, Confidence: 1.0000, Safety Mode: SAFE_HOLD, Override: Safe hold mode active
2025-05-28 04:02:19,654 - INFO - [AUDIT] - Action: 0, Confidence: 1.0000, Safety Mode: SAFE_HOLD, Override: Safe hold mode active
2025-05-28 04:02:19,655 - INFO - [AUDIT] - Action: 0, Confidence: 1.0000, Safety Mode: SAFE_HOLD, Override: Safe hold mode active
2025-05-28 04:02:19,655 - INFO - [AUDIT] - Action: 0, Confidence: 1.0000, Safety Mode: SAFE_HOLD, Override: Safe hold mode active
2025-05-28 04:02:19,655 - INFO - [AUDIT] - Action: 0, Confidence: 1.0000, Safety Mode: SAFE_HOLD, Override: Safe hold mode active
2025-05-28 04:02:19,655 - INFO - [AUDIT] - Action: 0, Confidence: 1.0000, Safety Mode: SAFE_HOLD, Override: Safe hold mode active
2025-05-28 04:02:19,655 - INFO - [AUDIT] - Action: 0, Confidence: 1.0000, Safety Mode: SAFE_HOLD, Override: Safe hold mode active
2025-05-28 04:02:19,655 - INFO - [AUDIT] - Action: 0, Confidence: 1.0000, Safety Mode: SAFE_HOLD, Override: Safe hold mode active
2025-05-28 04:02:19,656 - INFO - [AUDIT] - Action: 0, Confidence: 1.0000, Safety Mode: SAFE_HOLD, Override: Safe hold mode active
2025-05-28 04:02:19,656 - INFO - [AUDIT] - Action: 0, Confidence: 1.0000, Safety Mode: SAFE_HOLD, Override: Safe hold mode active
2025-05-28 04:02:19,656 - INFO - [AUDIT] - Action: 0, Confidence: 1.0000, Safety Mode: SAFE_HOLD, Override: Safe hold mode active
2025-05-28 04:02:19,656 - INFO - [AUDIT] - Action: 0, Confidence: 1.0000, Safety Mode: SAFE_HOLD, Override: Safe hold mode active
2025-05-28 04:02:19,656 - INFO - [AUDIT] - Action: 0, Confidence: 1.0000, Safety Mode: SAFE_HOLD, Override: Safe hold mode active
2025-05-28 04:02:19,657 - INFO - [AUDIT] - Action: 0, Confidence: 1.0000, Safety Mode: SAFE_HOLD, Override: Safe hold mode active
2025-05-28 04:02:19,657 - INFO - [AUDIT] - Action: 0, Confidence: 1.0000, Safety Mode: SAFE_HOLD, Override: Safe hold mode active
2025-05-28 04:02:19,657 - INFO - [AUDIT] - Action: 0, Confidence: 1.0000, Safety Mode: SAFE_HOLD, Override: Safe hold mode active
2025-05-28 04:02:19,657 - INFO - [AUDIT] - Action: 0, Confidence: 1.0000, Safety Mode: SAFE_HOLD, Override: Safe hold mode active
2025-05-28 04:02:19,657 - INFO - [AUDIT] - Action: 0, Confidence: 1.0000, Safety Mode: SAFE_HOLD, Override: Safe hold mode active
2025-05-28 04:02:19,658 - INFO - [AUDIT] - Action: 0, Confidence: 1.0000, Safety Mode: SAFE_HOLD, Override: Safe hold mode active
2025-05-28 04:02:19,658 - INFO - [AUDIT] - Action: 0, Confidence: 1.0000, Safety Mode: SAFE_HOLD, Override: Safe hold mode active
2025-05-28 04:02:19,658 - INFO - [AUDIT] - Action: 0, Confidence: 1.0000, Safety Mode: SAFE_HOLD, Override: Safe hold mode active
2025-05-28 04:02:19,658 - INFO - [AUDIT] - Action: 0, Confidence: 1.0000, Safety Mode: SAFE_HOLD, Override: Safe hold mode active
2025-05-28 04:02:19,658 - INFO - [AUDIT] - Action: 0, Confidence: 1.0000, Safety Mode: SAFE_HOLD, Override: Safe hold mode active
2025-05-28 04:02:19,659 - INFO - [AUDIT] - Action: 0, Confidence: 1.0000, Safety Mode: SAFE_HOLD, Override: Safe hold mode active
2025-05-28 04:02:19,659 - INFO - [AUDIT] - Action: 0, Confidence: 1.0000, Safety Mode: SAFE_HOLD, Override: Safe hold mode active
2025-05-28 04:02:19,659 - INFO - [AUDIT] - Action: 0, Confidence: 1.0000, Safety Mode: SAFE_HOLD, Override: Safe hold mode active
2025-05-28 04:02:19,659 - INFO - [AUDIT] - Action: 0, Confidence: 1.0000, Safety Mode: SAFE_HOLD, Override: Safe hold mode active
2025-05-28 04:02:19,659 - INFO - [AUDIT] - Action: 0, Confidence: 1.0000, Safety Mode: SAFE_HOLD, Override: Safe hold mode active
2025-05-28 04:02:19,660 - INFO - [AUDIT] - Action: 0, Confidence: 1.0000, Safety Mode: SAFE_HOLD, Override: Safe hold mode active
2025-05-28 04:02:19,660 - INFO - [AUDIT] - Action: 0, Confidence: 1.0000, Safety Mode: SAFE_HOLD, Override: Safe hold mode active
2025-05-28 04:02:19,660 - INFO - [AUDIT] - Action: 0, Confidence: 1.0000, Safety Mode: SAFE_HOLD, Override: Safe hold mode active
2025-05-28 04:02:19,660 - INFO - [AUDIT] - Action: 0, Confidence: 1.0000, Safety Mode: SAFE_HOLD, Override: Safe hold mode active
2025-05-28 04:02:19,660 - INFO - [AUDIT] - Action: 0, Confidence: 1.0000, Safety Mode: SAFE_HOLD, Override: Safe hold mode active
2025-05-28 04:02:19,661 - INFO - [AUDIT] - Action: 0, Confidence: 1.0000, Safety Mode: SAFE_HOLD, Override: Safe hold mode active
2025-05-28 04:02:19,661 - INFO - [AUDIT] - Action: 0, Confidence: 1.0000, Safety Mode: SAFE_HOLD, Override: Safe hold mode active
2025-05-28 04:02:19,661 - INFO - [AUDIT] - Action: 0, Confidence: 1.0000, Safety Mode: SAFE_HOLD, Override: Safe hold mode active
2025-05-28 04:02:19,661 - INFO - [AUDIT] - Action: 0, Confidence: 1.0000, Safety Mode: SAFE_HOLD, Override: Safe hold mode active
2025-05-28 04:02:19,661 - INFO - [AUDIT] - Action: 0, Confidence: 1.0000, Safety Mode: SAFE_HOLD, Override: Safe hold mode active
2025-05-28 04:02:19,662 - INFO - [AUDIT] - Action: 0, Confidence: 1.0000, Safety Mode: SAFE_HOLD, Override: Safe hold mode active
2025-05-28 04:02:19,662 - INFO - [AUDIT] - Action: 0, Confidence: 1.0000, Safety Mode: SAFE_HOLD, Override: Safe hold mode active
2025-05-28 04:02:19,662 - INFO - [AUDIT] - Action: 0, Confidence: 1.0000, Safety Mode: SAFE_HOLD, Override: Safe hold mode active
2025-05-28 04:02:19,662 - INFO - [AUDIT] - Action: 0, Confidence: 1.0000, Safety Mode: SAFE_HOLD, Override: Safe hold mode active
2025-05-28 04:02:19,662 - INFO - [AUDIT] - Action: 0, Confidence: 1.0000, Safety Mode: SAFE_HOLD, Override: Safe hold mode active
2025-05-28 04:02:19,663 - INFO - [AUDIT] - Action: 0, Confidence: 1.0000, Safety Mode: SAFE_HOLD, Override: Safe hold mode active
2025-05-28 04:02:19,663 - INFO - [AUDIT] - Action: 0, Confidence: 1.0000, Safety Mode: SAFE_HOLD, Override: Safe hold mode active
2025-05-28 04:02:19,663 - INFO - [AUDIT] - Action: 0, Confidence: 1.0000, Safety Mode: SAFE_HOLD, Override: Safe hold mode active
2025-05-28 04:02:19,663 - INFO - [AUDIT] - Action: 0, Confidence: 1.0000, Safety Mode: SAFE_HOLD, Override: Safe hold mode active
2025-05-28 04:02:19,663 - INFO - [AUDIT] - Action: 0, Confidence: 1.0000, Safety Mode: SAFE_HOLD, Override: Safe hold mode active
2025-05-28 04:02:19,664 - INFO - [AUDIT] - Action: 0, Confidence: 1.0000, Safety Mode: SAFE_HOLD, Override: Safe hold mode active
2025-05-28 04:02:19,664 - INFO - [AUDIT] - Action: 0, Confidence: 1.0000, Safety Mode: SAFE_HOLD, Override: Safe hold mode active
2025-05-28 04:02:19,664 - INFO - [AUDIT] - Action: 0, Confidence: 1.0000, Safety Mode: SAFE_HOLD, Override: Safe hold mode active
2025-05-28 04:02:19,664 - INFO - [AUDIT] - Action: 0, Confidence: 1.0000, Safety Mode: SAFE_HOLD, Override: Safe hold mode active
2025-05-28 04:02:19,664 - INFO - [AUDIT] - Action: 0, Confidence: 1.0000, Safety Mode: SAFE_HOLD, Override: Safe hold mode active
2025-05-28 04:02:19,665 - INFO - [AUDIT] - Action: 0, Confidence: 1.0000, Safety Mode: SAFE_HOLD, Override: Safe hold mode active
2025-05-28 04:02:19,665 - INFO - [AUDIT] - Action: 0, Confidence: 1.0000, Safety Mode: SAFE_HOLD, Override: Safe hold mode active
2025-05-28 04:02:19,665 - INFO - [AUDIT] - Action: 0, Confidence: 1.0000, Safety Mode: SAFE_HOLD, Override: Safe hold mode active
2025-05-28 04:02:19,665 - INFO - [AUDIT] - Action: 0, Confidence: 1.0000, Safety Mode: SAFE_HOLD, Override: Safe hold mode active
2025-05-28 04:02:19,665 - INFO - [AUDIT] - Action: 0, Confidence: 1.0000, Safety Mode: SAFE_HOLD, Override: Safe hold mode active
2025-05-28 04:02:19,665 - INFO - [AUDIT] - Action: 0, Confidence: 1.0000, Safety Mode: SAFE_HOLD, Override: Safe hold mode active
2025-05-28 04:02:19,666 - INFO - [AUDIT] - Action: 0, Confidence: 1.0000, Safety Mode: SAFE_HOLD, Override: Safe hold mode active
2025-05-28 04:02:19,666 - INFO - [AUDIT] - Action: 0, Confidence: 1.0000, Safety Mode: SAFE_HOLD, Override: Safe hold mode active
2025-05-28 04:02:19,666 - INFO - [AUDIT] - Action: 0, Confidence: 1.0000, Safety Mode: SAFE_HOLD, Override: Safe hold mode active
2025-05-28 04:02:19,666 - INFO - [AUDIT] - Action: 0, Confidence: 1.0000, Safety Mode: SAFE_HOLD, Override: Safe hold mode active
2025-05-28 04:02:19,666 - INFO - [AUDIT] - Action: 0, Confidence: 1.0000, Safety Mode: SAFE_HOLD, Override: Safe hold mode active
2025-05-28 04:02:19,667 - INFO - [AUDIT] - Action: 0, Confidence: 1.0000, Safety Mode: SAFE_HOLD, Override: Safe hold mode active
2025-05-28 04:02:19,667 - INFO - [AUDIT] - Action: 0, Confidence: 1.0000, Safety Mode: SAFE_HOLD, Override: Safe hold mode active
2025-05-28 04:02:19,667 - INFO - [AUDIT] - Action: 0, Confidence: 1.0000, Safety Mode: SAFE_HOLD, Override: Safe hold mode active
2025-05-28 04:02:19,667 - INFO - [AUDIT] - Action: 0, Confidence: 1.0000, Safety Mode: SAFE_HOLD, Override: Safe hold mode active
2025-05-28 04:02:19,667 - INFO - [AUDIT] - Action: 0, Confidence: 1.0000, Safety Mode: SAFE_HOLD, Override: Safe hold mode active
2025-05-28 04:02:19,668 - INFO - [AUDIT] - Action: 0, Confidence: 1.0000, Safety Mode: SAFE_HOLD, Override: Safe hold mode active
2025-05-28 04:02:19,668 - INFO - [AUDIT] - Action: 0, Confidence: 1.0000, Safety Mode: SAFE_HOLD, Override: Safe hold mode active
2025-05-28 04:02:19,668 - INFO - [AUDIT] - Action: 0, Confidence: 1.0000, Safety Mode: SAFE_HOLD, Override: Safe hold mode active
2025-05-28 04:02:19,668 - INFO - [AUDIT] - Action: 0, Confidence: 1.0000, Safety Mode: SAFE_HOLD, Override: Safe hold mode active
2025-05-28 04:02:19,669 - INFO - [AUDIT] - Action: 0, Confidence: 1.0000, Safety Mode: SAFE_HOLD, Override: Safe hold mode active
2025-05-28 04:02:19,669 - INFO - [AUDIT] - Action: 0, Confidence: 1.0000, Safety Mode: SAFE_HOLD, Override: Safe hold mode active
2025-05-28 04:02:19,669 - INFO - [AUDIT] - Action: 0, Confidence: 1.0000, Safety Mode: SAFE_HOLD, Override: Safe hold mode active
2025-05-28 04:02:19,669 - INFO - [AUDIT] - Action: 0, Confidence: 1.0000, Safety Mode: SAFE_HOLD, Override: Safe hold mode active
2025-05-28 04:02:19,669 - INFO - [AUDIT] - Action: 0, Confidence: 1.0000, Safety Mode: SAFE_HOLD, Override: Safe hold mode active
2025-05-28 04:02:19,670 - INFO - [AUDIT] - Action: 0, Confidence: 1.0000, Safety Mode: SAFE_HOLD, Override: Safe hold mode active
2025-05-28 04:02:19,670 - INFO - [AUDIT] - Action: 0, Confidence: 1.0000, Safety Mode: SAFE_HOLD, Override: Safe hold mode active
2025-05-28 04:02:19,670 - INFO - [AUDIT] - Action: 0, Confidence: 1.0000, Safety Mode: SAFE_HOLD, Override: Safe hold mode active
2025-05-28 04:02:19,670 - INFO - [AUDIT] - Action: 0, Confidence: 1.0000, Safety Mode: SAFE_HOLD, Override: Safe hold mode active
2025-05-28 04:02:19,670 - INFO - [AUDIT] - Action: 0, Confidence: 1.0000, Safety Mode: SAFE_HOLD, Override: Safe hold mode active
2025-05-28 04:02:19,671 - INFO - [AUDIT] - Action: 0, Confidence: 1.0000, Safety Mode: SAFE_HOLD, Override: Safe hold mode active
2025-05-28 04:02:19,671 - INFO - [AUDIT] - Action: 0, Confidence: 1.0000, Safety Mode: SAFE_HOLD, Override: Safe hold mode active
2025-05-28 04:02:19,671 - INFO - [AUDIT] - Action: 0, Confidence: 1.0000, Safety Mode: SAFE_HOLD, Override: Safe hold mode active
2025-05-28 04:02:19,671 - INFO - [AUDIT] - Action: 0, Confidence: 1.0000, Safety Mode: SAFE_HOLD, Override: Safe hold mode active
2025-05-28 04:02:19,671 - INFO - [AUDIT] - Action: 0, Confidence: 1.0000, Safety Mode: SAFE_HOLD, Override: Safe hold mode active
2025-05-28 04:02:19,672 - INFO - [AUDIT] - Action: 0, Confidence: 1.0000, Safety Mode: SAFE_HOLD, Override: Safe hold mode active
2025-05-28 04:02:19,672 - INFO - [AUDIT] - Action: 0, Confidence: 1.0000, Safety Mode: SAFE_HOLD, Override: Safe hold mode active
2025-05-28 04:02:19,672 - INFO - [AUDIT] - Action: 0, Confidence: 1.0000, Safety Mode: SAFE_HOLD, Override: Safe hold mode active
2025-05-28 04:02:19,672 - INFO - [AUDIT] - Action: 0, Confidence: 1.0000, Safety Mode: SAFE_HOLD, Override: Safe hold mode active
2025-05-28 04:02:19,672 - INFO - [AUDIT] - Action: 0, Confidence: 1.0000, Safety Mode: SAFE_HOLD, Override: Safe hold mode active
2025-05-28 04:02:19,672 - INFO - [AUDIT] - Action: 0, Confidence: 1.0000, Safety Mode: SAFE_HOLD, Override: Safe hold mode active
2025-05-28 04:02:19,673 - INFO - [AUDIT] - Action: 0, Confidence: 1.0000, Safety Mode: SAFE_HOLD, Override: Safe hold mode active
2025-05-28 04:02:19,673 - INFO - [AUDIT] - Action: 0, Confidence: 1.0000, Safety Mode: SAFE_HOLD, Override: Safe hold mode active
2025-05-28 04:02:19,673 - INFO - [AUDIT] - Action: 0, Confidence: 1.0000, Safety Mode: SAFE_HOLD, Override: Safe hold mode active
2025-05-28 04:02:19,673 - INFO - [AUDIT] - Action: 0, Confidence: 1.0000, Safety Mode: SAFE_HOLD, Override: Safe hold mode active
2025-05-28 04:02:19,673 - INFO - [AUDIT] - Action: 0, Confidence: 1.0000, Safety Mode: SAFE_HOLD, Override: Safe hold mode active
2025-05-28 04:02:19,674 - INFO - [AUDIT] - Action: 0, Confidence: 1.0000, Safety Mode: SAFE_HOLD, Override: Safe hold mode active
2025-05-28 04:02:19,674 - INFO - [AUDIT] - Action: 0, Confidence: 1.0000, Safety Mode: SAFE_HOLD, Override: Safe hold mode active
2025-05-28 04:02:19,674 - INFO - [AUDIT] - Action: 0, Confidence: 1.0000, Safety Mode: SAFE_HOLD, Override: Safe hold mode active
2025-05-28 04:02:19,674 - INFO - [AUDIT] - Action: 0, Confidence: 1.0000, Safety Mode: SAFE_HOLD, Override: Safe hold mode active
2025-05-28 04:02:19,674 - INFO - [AUDIT] - Action: 0, Confidence: 1.0000, Safety Mode: SAFE_HOLD, Override: Safe hold mode active
2025-05-28 04:02:19,675 - INFO - [AUDIT] - Action: 0, Confidence: 1.0000, Safety Mode: SAFE_HOLD, Override: Safe hold mode active
2025-05-28 04:02:19,675 - INFO - [AUDIT] - Action: 0, Confidence: 1.0000, Safety Mode: SAFE_HOLD, Override: Safe hold mode active
2025-05-28 04:02:19,675 - INFO - [AUDIT] - Action: 0, Confidence: 1.0000, Safety Mode: SAFE_HOLD, Override: Safe hold mode active
2025-05-28 04:02:19,675 - INFO - [AUDIT] - Action: 0, Confidence: 1.0000, Safety Mode: SAFE_HOLD, Override: Safe hold mode active
2025-05-28 04:02:19,675 - INFO - [AUDIT] - Action: 0, Confidence: 1.0000, Safety Mode: SAFE_HOLD, Override: Safe hold mode active
2025-05-28 04:02:19,676 - INFO - [AUDIT] - Action: 0, Confidence: 1.0000, Safety Mode: SAFE_HOLD, Override: Safe hold mode active
2025-05-28 04:02:19,676 - INFO - [AUDIT] - Action: 0, Confidence: 1.0000, Safety Mode: SAFE_HOLD, Override: Safe hold mode active
2025-05-28 04:02:19,676 - INFO - [AUDIT] - Action: 0, Confidence: 1.0000, Safety Mode: SAFE_HOLD, Override: Safe hold mode active
2025-05-28 04:02:19,676 - INFO - [AUDIT] - Action: 0, Confidence: 1.0000, Safety Mode: SAFE_HOLD, Override: Safe hold mode active
2025-05-28 04:02:19,676 - INFO - [AUDIT] - Action: 0, Confidence: 1.0000, Safety Mode: SAFE_HOLD, Override: Safe hold mode active
2025-05-28 04:02:19,677 - INFO - [AUDIT] - Action: 0, Confidence: 1.0000, Safety Mode: SAFE_HOLD, Override: Safe hold mode active
2025-05-28 04:02:19,677 - INFO - [AUDIT] - Action: 0, Confidence: 1.0000, Safety Mode: SAFE_HOLD, Override: Safe hold mode active
2025-05-28 04:02:19,677 - INFO - [AUDIT] - Action: 0, Confidence: 1.0000, Safety Mode: SAFE_HOLD, Override: Safe hold mode active
2025-05-28 04:02:19,677 - INFO - [AUDIT] - Action: 0, Confidence: 1.0000, Safety Mode: SAFE_HOLD, Override: Safe hold mode active
2025-05-28 04:02:19,677 - INFO - [AUDIT] - Action: 0, Confidence: 1.0000, Safety Mode: SAFE_HOLD, Override: Safe hold mode active
2025-05-28 04:02:19,678 - INFO - [AUDIT] - Action: 0, Confidence: 1.0000, Safety Mode: SAFE_HOLD, Override: Safe hold mode active
2025-05-28 04:02:19,678 - INFO - [AUDIT] - Action: 0, Confidence: 1.0000, Safety Mode: SAFE_HOLD, Override: Safe hold mode active
2025-05-28 04:02:19,678 - INFO - [AUDIT] - Action: 0, Confidence: 1.0000, Safety Mode: SAFE_HOLD, Override: Safe hold mode active
2025-05-28 04:02:19,678 - INFO - [AUDIT] - Action: 0, Confidence: 1.0000, Safety Mode: SAFE_HOLD, Override: Safe hold mode active
2025-05-28 04:02:19,678 - INFO - [AUDIT] - Action: 0, Confidence: 1.0000, Safety Mode: SAFE_HOLD, Override: Safe hold mode active
2025-05-28 04:02:19,679 - INFO - [AUDIT] - Action: 0, Confidence: 1.0000, Safety Mode: SAFE_HOLD, Override: Safe hold mode active
2025-05-28 04:02:19,679 - INFO - [AUDIT] - Action: 0, Confidence: 1.0000, Safety Mode: SAFE_HOLD, Override: Safe hold mode active
2025-05-28 04:02:19,679 - INFO - [AUDIT] - Action: 0, Confidence: 1.0000, Safety Mode: SAFE_HOLD, Override: Safe hold mode active
2025-05-28 04:02:19,679 - INFO - [AUDIT] - Action: 0, Confidence: 1.0000, Safety Mode: SAFE_HOLD, Override: Safe hold mode active
2025-05-28 04:02:19,680 - INFO - [AUDIT] - Action: 0, Confidence: 1.0000, Safety Mode: SAFE_HOLD, Override: Safe hold mode active
2025-05-28 04:02:19,680 - INFO - [AUDIT] - Action: 0, Confidence: 1.0000, Safety Mode: SAFE_HOLD, Override: Safe hold mode active
2025-05-28 04:02:19,680 - INFO - [AUDIT] - Action: 0, Confidence: 1.0000, Safety Mode: SAFE_HOLD, Override: Safe hold mode active
2025-05-28 04:02:19,680 - INFO - [AUDIT] - Action: 0, Confidence: 1.0000, Safety Mode: SAFE_HOLD, Override: Safe hold mode active
2025-05-28 04:02:19,680 - INFO - [AUDIT] - Action: 0, Confidence: 1.0000, Safety Mode: SAFE_HOLD, Override: Safe hold mode active
2025-05-28 04:02:19,680 - INFO - [AUDIT] - Action: 0, Confidence: 1.0000, Safety Mode: SAFE_HOLD, Override: Safe hold mode active
2025-05-28 04:02:19,681 - INFO - [AUDIT] - Action: 0, Confidence: 1.0000, Safety Mode: SAFE_HOLD, Override: Safe hold mode active
2025-05-28 04:02:19,681 - INFO - [AUDIT] - Action: 0, Confidence: 1.0000, Safety Mode: SAFE_HOLD, Override: Safe hold mode active
2025-05-28 04:02:19,681 - INFO - [AUDIT] - Action: 0, Confidence: 1.0000, Safety Mode: SAFE_HOLD, Override: Safe hold mode active
2025-05-28 04:02:19,681 - INFO - [AUDIT] - Action: 0, Confidence: 1.0000, Safety Mode: SAFE_HOLD, Override: Safe hold mode active
2025-05-28 04:02:19,681 - INFO - [AUDIT] - Action: 0, Confidence: 1.0000, Safety Mode: SAFE_HOLD, Override: Safe hold mode active
2025-05-28 04:02:19,682 - INFO - [AUDIT] - Action: 0, Confidence: 1.0000, Safety Mode: SAFE_HOLD, Override: Safe hold mode active
2025-05-28 04:02:19,682 - INFO - [AUDIT] - Action: 0, Confidence: 1.0000, Safety Mode: SAFE_HOLD, Override: Safe hold mode active
2025-05-28 04:02:19,682 - INFO - [AUDIT] - Action: 0, Confidence: 1.0000, Safety Mode: SAFE_HOLD, Override: Safe hold mode active
2025-05-28 04:02:19,682 - INFO - [AUDIT] - Action: 0, Confidence: 1.0000, Safety Mode: SAFE_HOLD, Override: Safe hold mode active
2025-05-28 04:02:19,682 - INFO - [AUDIT] - Action: 0, Confidence: 1.0000, Safety Mode: SAFE_HOLD, Override: Safe hold mode active
2025-05-28 04:02:19,683 - INFO - [AUDIT] - Action: 0, Confidence: 1.0000, Safety Mode: SAFE_HOLD, Override: Safe hold mode active
2025-05-28 04:02:19,683 - INFO - [AUDIT] - Action: 0, Confidence: 1.0000, Safety Mode: SAFE_HOLD, Override: Safe hold mode active
2025-05-28 04:02:19,683 - INFO - [AUDIT] - Action: 0, Confidence: 1.0000, Safety Mode: SAFE_HOLD, Override: Safe hold mode active
2025-05-28 04:02:19,683 - INFO - [AUDIT] - Action: 0, Confidence: 1.0000, Safety Mode: SAFE_HOLD, Override: Safe hold mode active
2025-05-28 04:02:19,683 - INFO - [AUDIT] - Action: 0, Confidence: 1.0000, Safety Mode: SAFE_HOLD, Override: Safe hold mode active
2025-05-28 04:02:19,684 - INFO - [AUDIT] - Action: 0, Confidence: 1.0000, Safety Mode: SAFE_HOLD, Override: Safe hold mode active
2025-05-28 04:02:19,684 - INFO - [AUDIT] - Action: 0, Confidence: 1.0000, Safety Mode: SAFE_HOLD, Override: Safe hold mode active
2025-05-28 04:02:19,684 - INFO - [AUDIT] - Action: 0, Confidence: 1.0000, Safety Mode: SAFE_HOLD, Override: Safe hold mode active
2025-05-28 04:02:19,684 - INFO - [AUDIT] - Action: 0, Confidence: 1.0000, Safety Mode: SAFE_HOLD, Override: Safe hold mode active
2025-05-28 04:02:19,684 - INFO - [AUDIT] - Action: 0, Confidence: 1.0000, Safety Mode: SAFE_HOLD, Override: Safe hold mode active
2025-05-28 04:02:19,685 - INFO - [AUDIT] - Action: 0, Confidence: 1.0000, Safety Mode: SAFE_HOLD, Override: Safe hold mode active
2025-05-28 04:02:19,685 - INFO - [AUDIT] - Action: 0, Confidence: 1.0000, Safety Mode: SAFE_HOLD, Override: Safe hold mode active
2025-05-28 04:02:19,685 - INFO - [AUDIT] - Action: 0, Confidence: 1.0000, Safety Mode: SAFE_HOLD, Override: Safe hold mode active
2025-05-28 04:02:19,685 - INFO - [AUDIT] - Action: 0, Confidence: 1.0000, Safety Mode: SAFE_HOLD, Override: Safe hold mode active
2025-05-28 04:02:19,685 - INFO - [AUDIT] - Action: 0, Confidence: 1.0000, Safety Mode: SAFE_HOLD, Override: Safe hold mode active
2025-05-28 04:02:19,686 - INFO - [AUDIT] - Action: 0, Confidence: 1.0000, Safety Mode: SAFE_HOLD, Override: Safe hold mode active
2025-05-28 04:02:19,686 - INFO - [AUDIT] - Action: 0, Confidence: 1.0000, Safety Mode: SAFE_HOLD, Override: Safe hold mode active
2025-05-28 04:02:19,686 - INFO - [AUDIT] - Action: 0, Confidence: 1.0000, Safety Mode: SAFE_HOLD, Override: Safe hold mode active
2025-05-28 04:02:19,686 - INFO - [AUDIT] - Action: 0, Confidence: 1.0000, Safety Mode: SAFE_HOLD, Override: Safe hold mode active
2025-05-28 04:02:19,686 - INFO - [AUDIT] - Action: 0, Confidence: 1.0000, Safety Mode: SAFE_HOLD, Override: Safe hold mode active
2025-05-28 04:02:19,687 - INFO - [AUDIT] - Action: 0, Confidence: 1.0000, Safety Mode: SAFE_HOLD, Override: Safe hold mode active
2025-05-28 04:02:19,687 - INFO - [AUDIT] - Action: 0, Confidence: 1.0000, Safety Mode: SAFE_HOLD, Override: Safe hold mode active
2025-05-28 04:02:19,687 - INFO - [AUDIT] - Action: 0, Confidence: 1.0000, Safety Mode: SAFE_HOLD, Override: Safe hold mode active
2025-05-28 04:02:19,687 - INFO - [AUDIT] - Action: 0, Confidence: 1.0000, Safety Mode: SAFE_HOLD, Override: Safe hold mode active
2025-05-28 04:02:19,687 - INFO - [AUDIT] - Action: 0, Confidence: 1.0000, Safety Mode: SAFE_HOLD, Override: Safe hold mode active
2025-05-28 04:02:19,687 - INFO - [AUDIT] - Action: 0, Confidence: 1.0000, Safety Mode: SAFE_HOLD, Override: Safe hold mode active
2025-05-28 04:02:19,688 - INFO - [AUDIT] - Action: 0, Confidence: 1.0000, Safety Mode: SAFE_HOLD, Override: Safe hold mode active
2025-05-28 04:02:19,688 - INFO - [AUDIT] - Action: 0, Confidence: 1.0000, Safety Mode: SAFE_HOLD, Override: Safe hold mode active
2025-05-28 04:02:19,688 - INFO - [AUDIT] - Action: 0, Confidence: 1.0000, Safety Mode: SAFE_HOLD, Override: Safe hold mode active
2025-05-28 04:02:19,688 - INFO - [AUDIT] - Action: 0, Confidence: 1.0000, Safety Mode: SAFE_HOLD, Override: Safe hold mode active
2025-05-28 04:02:19,688 - INFO - [AUDIT] - Action: 0, Confidence: 1.0000, Safety Mode: SAFE_HOLD, Override: Safe hold mode active
2025-05-28 04:02:19,689 - INFO - [AUDIT] - Action: 0, Confidence: 1.0000, Safety Mode: SAFE_HOLD, Override: Safe hold mode active
2025-05-28 04:02:19,689 - INFO - [AUDIT] - Action: 0, Confidence: 1.0000, Safety Mode: SAFE_HOLD, Override: Safe hold mode active
2025-05-28 04:02:19,689 - INFO - [AUDIT] - Action: 0, Confidence: 1.0000, Safety Mode: SAFE_HOLD, Override: Safe hold mode active
2025-05-28 04:02:19,689 - INFO - [AUDIT] - Action: 0, Confidence: 1.0000, Safety Mode: SAFE_HOLD, Override: Safe hold mode active
2025-05-28 04:02:19,689 - INFO - [AUDIT] - Action: 0, Confidence: 1.0000, Safety Mode: SAFE_HOLD, Override: Safe hold mode active
2025-05-28 04:02:19,690 - INFO - [AUDIT] - Action: 0, Confidence: 1.0000, Safety Mode: SAFE_HOLD, Override: Safe hold mode active
2025-05-28 04:02:19,690 - INFO - [AUDIT] - Action: 0, Confidence: 1.0000, Safety Mode: SAFE_HOLD, Override: Safe hold mode active
2025-05-28 04:02:19,690 - INFO - [AUDIT] - Action: 0, Confidence: 1.0000, Safety Mode: SAFE_HOLD, Override: Safe hold mode active
2025-05-28 04:02:19,690 - INFO - [AUDIT] - Action: 0, Confidence: 1.0000, Safety Mode: SAFE_HOLD, Override: Safe hold mode active
2025-05-28 04:02:19,690 - INFO - [AUDIT] - Action: 0, Confidence: 1.0000, Safety Mode: SAFE_HOLD, Override: Safe hold mode active
2025-05-28 04:02:19,691 - INFO - [AUDIT] - Action: 0, Confidence: 1.0000, Safety Mode: SAFE_HOLD, Override: Safe hold mode active
2025-05-28 04:02:19,691 - INFO - [AUDIT] - Action: 0, Confidence: 1.0000, Safety Mode: SAFE_HOLD, Override: Safe hold mode active
2025-05-28 04:02:19,691 - INFO - [AUDIT] - Action: 0, Confidence: 1.0000, Safety Mode: SAFE_HOLD, Override: Safe hold mode active
2025-05-28 04:02:19,691 - INFO - [AUDIT] - Action: 0, Confidence: 1.0000, Safety Mode: SAFE_HOLD, Override: Safe hold mode active
2025-05-28 04:02:19,691 - INFO - [AUDIT] - Action: 0, Confidence: 1.0000, Safety Mode: SAFE_HOLD, Override: Safe hold mode active
2025-05-28 04:02:19,691 - INFO - [AUDIT] - Action: 0, Confidence: 1.0000, Safety Mode: SAFE_HOLD, Override: Safe hold mode active
2025-05-28 04:02:19,692 - INFO - [AUDIT] - Action: 0, Confidence: 1.0000, Safety Mode: SAFE_HOLD, Override: Safe hold mode active
2025-05-28 04:02:19,692 - INFO - [AUDIT] - Action: 0, Confidence: 1.0000, Safety Mode: SAFE_HOLD, Override: Safe hold mode active
2025-05-28 04:02:19,692 - INFO - [AUDIT] - Action: 0, Confidence: 1.0000, Safety Mode: SAFE_HOLD, Override: Safe hold mode active
2025-05-28 04:02:19,692 - INFO - [AUDIT] - Action: 0, Confidence: 1.0000, Safety Mode: SAFE_HOLD, Override: Safe hold mode active
2025-05-28 04:02:19,692 - INFO - [AUDIT] - Action: 0, Confidence: 1.0000, Safety Mode: SAFE_HOLD, Override: Safe hold mode active
2025-05-28 04:02:19,693 - INFO - [AUDIT] - Action: 0, Confidence: 1.0000, Safety Mode: SAFE_HOLD, Override: Safe hold mode active
2025-05-28 04:02:19,693 - INFO - [AUDIT] - Action: 0, Confidence: 1.0000, Safety Mode: SAFE_HOLD, Override: Safe hold mode active
2025-05-28 04:02:19,693 - INFO - [AUDIT] - Action: 0, Confidence: 1.0000, Safety Mode: SAFE_HOLD, Override: Safe hold mode active
2025-05-28 04:02:19,693 - INFO - [AUDIT] - Action: 0, Confidence: 1.0000, Safety Mode: SAFE_HOLD, Override: Safe hold mode active
2025-05-28 04:02:19,693 - INFO - [AUDIT] - Action: 0, Confidence: 1.0000, Safety Mode: SAFE_HOLD, Override: Safe hold mode active
2025-05-28 04:02:19,694 - INFO - [AUDIT] - Action: 0, Confidence: 1.0000, Safety Mode: SAFE_HOLD, Override: Safe hold mode active
2025-05-28 04:02:19,694 - INFO - [AUDIT] - Action: 0, Confidence: 1.0000, Safety Mode: SAFE_HOLD, Override: Safe hold mode active
2025-05-28 04:02:19,694 - INFO - [AUDIT] - Action: 0, Confidence: 1.0000, Safety Mode: SAFE_HOLD, Override: Safe hold mode active
2025-05-28 04:02:19,694 - INFO - [AUDIT] - Action: 0, Confidence: 1.0000, Safety Mode: SAFE_HOLD, Override: Safe hold mode active
2025-05-28 04:02:19,694 - INFO - [AUDIT] - Action: 0, Confidence: 1.0000, Safety Mode: SAFE_HOLD, Override: Safe hold mode active
2025-05-28 04:02:19,695 - INFO - [AUDIT] - Action: 0, Confidence: 1.0000, Safety Mode: SAFE_HOLD, Override: Safe hold mode active
2025-05-28 04:02:19,695 - INFO - [AUDIT] - Action: 0, Confidence: 1.0000, Safety Mode: SAFE_HOLD, Override: Safe hold mode active
2025-05-28 04:02:19,695 - INFO - [AUDIT] - Action: 0, Confidence: 1.0000, Safety Mode: SAFE_HOLD, Override: Safe hold mode active
2025-05-28 04:02:19,695 - INFO - [AUDIT] - Action: 0, Confidence: 1.0000, Safety Mode: SAFE_HOLD, Override: Safe hold mode active
2025-05-28 04:02:19,695 - INFO - [AUDIT] - Action: 0, Confidence: 1.0000, Safety Mode: SAFE_HOLD, Override: Safe hold mode active
2025-05-28 04:02:19,696 - INFO - [AUDIT] - Action: 0, Confidence: 1.0000, Safety Mode: SAFE_HOLD, Override: Safe hold mode active
2025-05-28 04:02:19,696 - INFO - [AUDIT] - Action: 0, Confidence: 1.0000, Safety Mode: SAFE_HOLD, Override: Safe hold mode active
2025-05-28 04:02:19,696 - INFO - [AUDIT] - Action: 0, Confidence: 1.0000, Safety Mode: SAFE_HOLD, Override: Safe hold mode active
2025-05-28 04:02:19,696 - INFO - [AUDIT] - Action: 0, Confidence: 1.0000, Safety Mode: SAFE_HOLD, Override: Safe hold mode active
2025-05-28 04:02:19,696 - INFO - [AUDIT] - Action: 0, Confidence: 1.0000, Safety Mode: SAFE_HOLD, Override: Safe hold mode active
2025-05-28 04:02:19,696 - INFO - [AUDIT] - Action: 0, Confidence: 1.0000, Safety Mode: SAFE_HOLD, Override: Safe hold mode active
2025-05-28 04:02:19,697 - INFO - [AUDIT] - Action: 0, Confidence: 1.0000, Safety Mode: SAFE_HOLD, Override: Safe hold mode active
2025-05-28 04:02:19,697 - INFO - [AUDIT] - Action: 0, Confidence: 1.0000, Safety Mode: SAFE_HOLD, Override: Safe hold mode active
2025-05-28 04:02:19,697 - INFO - [AUDIT] - Action: 0, Confidence: 1.0000, Safety Mode: SAFE_HOLD, Override: Safe hold mode active
2025-05-28 04:02:19,697 - INFO - [AUDIT] - Action: 0, Confidence: 1.0000, Safety Mode: SAFE_HOLD, Override: Safe hold mode active
2025-05-28 04:02:19,697 - INFO - [AUDIT] - Action: 0, Confidence: 1.0000, Safety Mode: SAFE_HOLD, Override: Safe hold mode active
2025-05-28 04:02:19,698 - INFO - [AUDIT] - Action: 0, Confidence: 1.0000, Safety Mode: SAFE_HOLD, Override: Safe hold mode active
2025-05-28 04:02:19,698 - INFO - [AUDIT] - Action: 0, Confidence: 1.0000, Safety Mode: SAFE_HOLD, Override: Safe hold mode active
2025-05-28 04:02:19,698 - INFO - [AUDIT] - Action: 0, Confidence: 1.0000, Safety Mode: SAFE_HOLD, Override: Safe hold mode active
2025-05-28 04:02:19,698 - INFO - [AUDIT] - Action: 0, Confidence: 1.0000, Safety Mode: SAFE_HOLD, Override: Safe hold mode active
2025-05-28 04:02:19,698 - INFO - [AUDIT] - Action: 0, Confidence: 1.0000, Safety Mode: SAFE_HOLD, Override: Safe hold mode active
2025-05-28 04:02:19,699 - INFO - [AUDIT] - Action: 0, Confidence: 1.0000, Safety Mode: SAFE_HOLD, Override: Safe hold mode active
2025-05-28 04:02:19,699 - INFO - [AUDIT] - Action: 0, Confidence: 1.0000, Safety Mode: SAFE_HOLD, Override: Safe hold mode active
2025-05-28 04:02:19,699 - INFO - [AUDIT] - Action: 0, Confidence: 1.0000, Safety Mode: SAFE_HOLD, Override: Safe hold mode active
2025-05-28 04:02:19,699 - INFO - [AUDIT] - Action: 0, Confidence: 1.0000, Safety Mode: SAFE_HOLD, Override: Safe hold mode active
2025-05-28 04:02:19,699 - INFO - [AUDIT] - Action: 0, Confidence: 1.0000, Safety Mode: SAFE_HOLD, Override: Safe hold mode active
2025-05-28 04:02:19,700 - INFO - [AUDIT] - Action: 0, Confidence: 1.0000, Safety Mode: SAFE_HOLD, Override: Safe hold mode active
2025-05-28 04:02:19,700 - INFO - [AUDIT] - Action: 0, Confidence: 1.0000, Safety Mode: SAFE_HOLD, Override: Safe hold mode active
2025-05-28 04:02:19,700 - INFO - [AUDIT] - Action: 0, Confidence: 1.0000, Safety Mode: SAFE_HOLD, Override: Safe hold mode active
2025-05-28 04:02:19,700 - INFO - [AUDIT] - Action: 0, Confidence: 1.0000, Safety Mode: SAFE_HOLD, Override: Safe hold mode active
2025-05-28 04:02:19,700 - INFO - [AUDIT] - Action: 0, Confidence: 1.0000, Safety Mode: SAFE_HOLD, Override: Safe hold mode active
2025-05-28 04:02:19,701 - INFO - [AUDIT] - Action: 0, Confidence: 1.0000, Safety Mode: SAFE_HOLD, Override: Safe hold mode active
2025-05-28 04:02:19,701 - INFO - [AUDIT] - Action: 0, Confidence: 1.0000, Safety Mode: SAFE_HOLD, Override: Safe hold mode active
2025-05-28 04:02:19,701 - INFO - [AUDIT] - Action: 0, Confidence: 1.0000, Safety Mode: SAFE_HOLD, Override: Safe hold mode active
2025-05-28 04:02:19,701 - INFO - [AUDIT] - Action: 0, Confidence: 1.0000, Safety Mode: SAFE_HOLD, Override: Safe hold mode active
2025-05-28 04:02:19,701 - INFO - [AUDIT] - Action: 0, Confidence: 1.0000, Safety Mode: SAFE_HOLD, Override: Safe hold mode active
2025-05-28 04:02:19,702 - INFO - [AUDIT] - Action: 0, Confidence: 1.0000, Safety Mode: SAFE_HOLD, Override: Safe hold mode active
2025-05-28 04:02:19,702 - INFO - [AUDIT] - Action: 0, Confidence: 1.0000, Safety Mode: SAFE_HOLD, Override: Safe hold mode active
2025-05-28 04:02:19,702 - INFO - [AUDIT] - Action: 0, Confidence: 1.0000, Safety Mode: SAFE_HOLD, Override: Safe hold mode active
2025-05-28 04:02:19,702 - INFO - [AUDIT] - Action: 0, Confidence: 1.0000, Safety Mode: SAFE_HOLD, Override: Safe hold mode active
2025-05-28 04:02:19,702 - INFO - [AUDIT] - Action: 0, Confidence: 1.0000, Safety Mode: SAFE_HOLD, Override: Safe hold mode active
2025-05-28 04:02:19,703 - INFO - [AUDIT] - Action: 0, Confidence: 1.0000, Safety Mode: SAFE_HOLD, Override: Safe hold mode active
2025-05-28 04:02:19,703 - INFO - [AUDIT] - Action: 0, Confidence: 1.0000, Safety Mode: SAFE_HOLD, Override: Safe hold mode active
2025-05-28 04:02:19,703 - INFO - [AUDIT] - Action: 0, Confidence: 1.0000, Safety Mode: SAFE_HOLD, Override: Safe hold mode active
2025-05-28 04:02:19,703 - INFO - [AUDIT] - Action: 0, Confidence: 1.0000, Safety Mode: SAFE_HOLD, Override: Safe hold mode active
2025-05-28 04:02:19,703 - INFO - [AUDIT] - Action: 0, Confidence: 1.0000, Safety Mode: SAFE_HOLD, Override: Safe hold mode active
2025-05-28 04:02:19,704 - INFO - [AUDIT] - Action: 0, Confidence: 1.0000, Safety Mode: SAFE_HOLD, Override: Safe hold mode active
2025-05-28 04:02:19,704 - INFO - [AUDIT] - Action: 0, Confidence: 1.0000, Safety Mode: SAFE_HOLD, Override: Safe hold mode active
2025-05-28 04:02:19,704 - INFO - [AUDIT] - Action: 0, Confidence: 1.0000, Safety Mode: SAFE_HOLD, Override: Safe hold mode active
2025-05-28 04:02:19,704 - INFO - [AUDIT] - Action: 0, Confidence: 1.0000, Safety Mode: SAFE_HOLD, Override: Safe hold mode active
2025-05-28 04:02:19,704 - INFO - [AUDIT] - Action: 0, Confidence: 1.0000, Safety Mode: SAFE_HOLD, Override: Safe hold mode active
2025-05-28 04:02:19,705 - INFO - [AUDIT] - Action: 0, Confidence: 1.0000, Safety Mode: SAFE_HOLD, Override: Safe hold mode active
2025-05-28 04:02:19,705 - INFO - [AUDIT] - Action: 0, Confidence: 1.0000, Safety Mode: SAFE_HOLD, Override: Safe hold mode active
2025-05-28 04:02:19,705 - INFO - [AUDIT] - Action: 0, Confidence: 1.0000, Safety Mode: SAFE_HOLD, Override: Safe hold mode active
2025-05-28 04:02:19,705 - INFO - [AUDIT] - Action: 0, Confidence: 1.0000, Safety Mode: SAFE_HOLD, Override: Safe hold mode active
2025-05-28 04:02:19,705 - INFO - [AUDIT] - Action: 0, Confidence: 1.0000, Safety Mode: SAFE_HOLD, Override: Safe hold mode active
2025-05-28 04:02:19,706 - INFO - [AUDIT] - Action: 0, Confidence: 1.0000, Safety Mode: SAFE_HOLD, Override: Safe hold mode active
2025-05-28 04:02:19,706 - INFO - [AUDIT] - Action: 0, Confidence: 1.0000, Safety Mode: SAFE_HOLD, Override: Safe hold mode active
2025-05-28 04:02:19,706 - INFO - [AUDIT] - Action: 0, Confidence: 1.0000, Safety Mode: SAFE_HOLD, Override: Safe hold mode active
2025-05-28 04:02:19,706 - INFO - [AUDIT] - Action: 0, Confidence: 1.0000, Safety Mode: SAFE_HOLD, Override: Safe hold mode active
2025-05-28 04:02:19,706 - INFO - [AUDIT] - Action: 0, Confidence: 1.0000, Safety Mode: SAFE_HOLD, Override: Safe hold mode active
2025-05-28 04:02:19,706 - INFO - [AUDIT] - Action: 0, Confidence: 1.0000, Safety Mode: SAFE_HOLD, Override: Safe hold mode active
2025-05-28 04:02:19,707 - INFO - [AUDIT] - Action: 0, Confidence: 1.0000, Safety Mode: SAFE_HOLD, Override: Safe hold mode active
2025-05-28 04:02:19,707 - INFO - [AUDIT] - Action: 0, Confidence: 1.0000, Safety Mode: SAFE_HOLD, Override: Safe hold mode active
2025-05-28 04:02:19,707 - INFO - [AUDIT] - Action: 0, Confidence: 1.0000, Safety Mode: SAFE_HOLD, Override: Safe hold mode active
2025-05-28 04:02:19,707 - INFO - [AUDIT] - Action: 0, Confidence: 1.0000, Safety Mode: SAFE_HOLD, Override: Safe hold mode active
2025-05-28 04:02:19,707 - INFO - [AUDIT] - Action: 0, Confidence: 1.0000, Safety Mode: SAFE_HOLD, Override: Safe hold mode active
2025-05-28 04:02:19,708 - INFO - [AUDIT] - Action: 0, Confidence: 1.0000, Safety Mode: SAFE_HOLD, Override: Safe hold mode active
2025-05-28 04:02:19,708 - INFO - [AUDIT] - Action: 0, Confidence: 1.0000, Safety Mode: SAFE_HOLD, Override: Safe hold mode active
2025-05-28 04:02:19,708 - INFO - [AUDIT] - Action: 0, Confidence: 1.0000, Safety Mode: SAFE_HOLD, Override: Safe hold mode active
2025-05-28 04:02:19,708 - INFO - [AUDIT] - Action: 0, Confidence: 1.0000, Safety Mode: SAFE_HOLD, Override: Safe hold mode active
2025-05-28 04:02:19,708 - INFO - [AUDIT] - Action: 0, Confidence: 1.0000, Safety Mode: SAFE_HOLD, Override: Safe hold mode active
2025-05-28 04:02:19,709 - INFO - [AUDIT] - Action: 0, Confidence: 1.0000, Safety Mode: SAFE_HOLD, Override: Safe hold mode active
2025-05-28 04:02:19,709 - INFO - [AUDIT] - Action: 0, Confidence: 1.0000, Safety Mode: SAFE_HOLD, Override: Safe hold mode active
2025-05-28 04:02:19,709 - INFO - [AUDIT] - Action: 0, Confidence: 1.0000, Safety Mode: SAFE_HOLD, Override: Safe hold mode active
2025-05-28 04:02:19,709 - INFO - [AUDIT] - Action: 0, Confidence: 1.0000, Safety Mode: SAFE_HOLD, Override: Safe hold mode active
2025-05-28 04:02:19,709 - INFO - [AUDIT] - Action: 0, Confidence: 1.0000, Safety Mode: SAFE_HOLD, Override: Safe hold mode active
2025-05-28 04:02:19,710 - INFO - [AUDIT] - Action: 0, Confidence: 1.0000, Safety Mode: SAFE_HOLD, Override: Safe hold mode active
2025-05-28 04:02:19,710 - INFO - [AUDIT] - Action: 0, Confidence: 1.0000, Safety Mode: SAFE_HOLD, Override: Safe hold mode active
2025-05-28 04:02:19,710 - INFO - [AUDIT] - Action: 0, Confidence: 1.0000, Safety Mode: SAFE_HOLD, Override: Safe hold mode active
2025-05-28 04:02:19,710 - INFO - [AUDIT] - Action: 0, Confidence: 1.0000, Safety Mode: SAFE_HOLD, Override: Safe hold mode active
2025-05-28 04:02:19,710 - INFO - [AUDIT] - Action: 0, Confidence: 1.0000, Safety Mode: SAFE_HOLD, Override: Safe hold mode active
2025-05-28 04:02:19,711 - INFO - [AUDIT] - Action: 0, Confidence: 1.0000, Safety Mode: SAFE_HOLD, Override: Safe hold mode active
2025-05-28 04:02:19,711 - INFO - [AUDIT] - Action: 0, Confidence: 1.0000, Safety Mode: SAFE_HOLD, Override: Safe hold mode active
2025-05-28 04:02:19,711 - INFO - [AUDIT] - Action: 0, Confidence: 1.0000, Safety Mode: SAFE_HOLD, Override: Safe hold mode active
2025-05-28 04:02:19,711 - INFO - [AUDIT] - Action: 0, Confidence: 1.0000, Safety Mode: SAFE_HOLD, Override: Safe hold mode active
2025-05-28 04:02:19,711 - INFO - [AUDIT] - Action: 0, Confidence: 1.0000, Safety Mode: SAFE_HOLD, Override: Safe hold mode active
2025-05-28 04:02:19,712 - INFO - [AUDIT] - Action: 0, Confidence: 1.0000, Safety Mode: SAFE_HOLD, Override: Safe hold mode active
2025-05-28 04:02:19,712 - INFO - [AUDIT] - Action: 0, Confidence: 1.0000, Safety Mode: SAFE_HOLD, Override: Safe hold mode active
2025-05-28 04:02:19,712 - INFO - [AUDIT] - Action: 0, Confidence: 1.0000, Safety Mode: SAFE_HOLD, Override: Safe hold mode active
2025-05-28 04:02:19,712 - INFO - [AUDIT] - Action: 0, Confidence: 1.0000, Safety Mode: SAFE_HOLD, Override: Safe hold mode active
2025-05-28 04:02:19,712 - INFO - [AUDIT] - Action: 0, Confidence: 1.0000, Safety Mode: SAFE_HOLD, Override: Safe hold mode active
2025-05-28 04:02:19,712 - INFO - [AUDIT] - Action: 0, Confidence: 1.0000, Safety Mode: SAFE_HOLD, Override: Safe hold mode active
2025-05-28 04:02:19,713 - INFO - [AUDIT] - Action: 0, Confidence: 1.0000, Safety Mode: SAFE_HOLD, Override: Safe hold mode active
2025-05-28 04:02:19,713 - INFO - [AUDIT] - Action: 0, Confidence: 1.0000, Safety Mode: SAFE_HOLD, Override: Safe hold mode active
2025-05-28 04:02:19,713 - INFO - [AUDIT] - Action: 0, Confidence: 1.0000, Safety Mode: SAFE_HOLD, Override: Safe hold mode active
2025-05-28 04:02:19,713 - INFO - [AUDIT] - Action: 0, Confidence: 1.0000, Safety Mode: SAFE_HOLD, Override: Safe hold mode active
2025-05-28 04:02:19,713 - INFO - [AUDIT] - Action: 0, Confidence: 1.0000, Safety Mode: SAFE_HOLD, Override: Safe hold mode active
2025-05-28 04:02:19,714 - INFO - [AUDIT] - Action: 0, Confidence: 1.0000, Safety Mode: SAFE_HOLD, Override: Safe hold mode active
2025-05-28 04:02:19,714 - INFO - [AUDIT] - Action: 0, Confidence: 1.0000, Safety Mode: SAFE_HOLD, Override: Safe hold mode active
2025-05-28 04:02:19,714 - INFO - [AUDIT] - Action: 0, Confidence: 1.0000, Safety Mode: SAFE_HOLD, Override: Safe hold mode active
2025-05-28 04:02:19,714 - INFO - [AUDIT] - Action: 0, Confidence: 1.0000, Safety Mode: SAFE_HOLD, Override: Safe hold mode active
2025-05-28 04:02:19,714 - INFO - [AUDIT] - Action: 0, Confidence: 1.0000, Safety Mode: SAFE_HOLD, Override: Safe hold mode active
2025-05-28 04:02:19,715 - INFO - [AUDIT] - Action: 0, Confidence: 1.0000, Safety Mode: SAFE_HOLD, Override: Safe hold mode active
2025-05-28 04:02:19,715 - INFO - [AUDIT] - Action: 0, Confidence: 1.0000, Safety Mode: SAFE_HOLD, Override: Safe hold mode active
2025-05-28 04:02:19,715 - INFO - [AUDIT] - Action: 0, Confidence: 1.0000, Safety Mode: SAFE_HOLD, Override: Safe hold mode active
2025-05-28 04:02:19,715 - INFO - [AUDIT] - Action: 0, Confidence: 1.0000, Safety Mode: SAFE_HOLD, Override: Safe hold mode active
2025-05-28 04:02:19,715 - INFO - [AUDIT] - Action: 0, Confidence: 1.0000, Safety Mode: SAFE_HOLD, Override: Safe hold mode active
2025-05-28 04:02:19,716 - INFO - [AUDIT] - Action: 0, Confidence: 1.0000, Safety Mode: SAFE_HOLD, Override: Safe hold mode active
2025-05-28 04:02:19,716 - INFO - [AUDIT] - Action: 0, Confidence: 1.0000, Safety Mode: SAFE_HOLD, Override: Safe hold mode active
2025-05-28 04:02:19,716 - INFO - [AUDIT] - Action: 0, Confidence: 1.0000, Safety Mode: SAFE_HOLD, Override: Safe hold mode active
2025-05-28 04:02:19,716 - INFO - [AUDIT] - Action: 0, Confidence: 1.0000, Safety Mode: SAFE_HOLD, Override: Safe hold mode active
2025-05-28 04:02:19,716 - INFO - [AUDIT] - Action: 0, Confidence: 1.0000, Safety Mode: SAFE_HOLD, Override: Safe hold mode active
2025-05-28 04:02:19,717 - INFO - [AUDIT] - Action: 0, Confidence: 1.0000, Safety Mode: SAFE_HOLD, Override: Safe hold mode active
2025-05-28 04:02:19,717 - INFO - [AUDIT] - Action: 0, Confidence: 1.0000, Safety Mode: SAFE_HOLD, Override: Safe hold mode active
2025-05-28 04:02:19,717 - INFO - [AUDIT] - Action: 0, Confidence: 1.0000, Safety Mode: SAFE_HOLD, Override: Safe hold mode active
2025-05-28 04:02:19,717 - INFO - [AUDIT] - Action: 0, Confidence: 1.0000, Safety Mode: SAFE_HOLD, Override: Safe hold mode active
2025-05-28 04:02:19,718 - INFO - [AUDIT] - Action: 0, Confidence: 1.0000, Safety Mode: SAFE_HOLD, Override: Safe hold mode active
2025-05-28 04:02:19,718 - INFO - [AUDIT] - Action: 0, Confidence: 1.0000, Safety Mode: SAFE_HOLD, Override: Safe hold mode active
2025-05-28 04:02:19,718 - INFO - [AUDIT] - Action: 0, Confidence: 1.0000, Safety Mode: SAFE_HOLD, Override: Safe hold mode active
2025-05-28 04:02:19,718 - INFO - [AUDIT] - Action: 0, Confidence: 1.0000, Safety Mode: SAFE_HOLD, Override: Safe hold mode active
2025-05-28 04:02:19,718 - INFO - [AUDIT] - Action: 0, Confidence: 1.0000, Safety Mode: SAFE_HOLD, Override: Safe hold mode active
2025-05-28 04:02:19,719 - INFO - [AUDIT] - Action: 0, Confidence: 1.0000, Safety Mode: SAFE_HOLD, Override: Safe hold mode active
2025-05-28 04:02:19,719 - INFO - [AUDIT] - Action: 0, Confidence: 1.0000, Safety Mode: SAFE_HOLD, Override: Safe hold mode active
2025-05-28 04:02:19,719 - INFO - [AUDIT] - Action: 0, Confidence: 1.0000, Safety Mode: SAFE_HOLD, Override: Safe hold mode active
2025-05-28 04:02:19,719 - INFO - [AUDIT] - Action: 0, Confidence: 1.0000, Safety Mode: SAFE_HOLD, Override: Safe hold mode active
2025-05-28 04:02:19,719 - INFO - [AUDIT] - Action: 0, Confidence: 1.0000, Safety Mode: SAFE_HOLD, Override: Safe hold mode active
2025-05-28 04:02:19,720 - INFO - [AUDIT] - Action: 0, Confidence: 1.0000, Safety Mode: SAFE_HOLD, Override: Safe hold mode active
2025-05-28 04:02:19,720 - INFO - [AUDIT] - Action: 0, Confidence: 1.0000, Safety Mode: SAFE_HOLD, Override: Safe hold mode active
2025-05-28 04:02:19,720 - INFO - [AUDIT] - Action: 0, Confidence: 1.0000, Safety Mode: SAFE_HOLD, Override: Safe hold mode active
2025-05-28 04:02:19,720 - INFO - [AUDIT] - Action: 0, Confidence: 1.0000, Safety Mode: SAFE_HOLD, Override: Safe hold mode active
2025-05-28 04:02:19,720 - INFO - [AUDIT] - Action: 0, Confidence: 1.0000, Safety Mode: SAFE_HOLD, Override: Safe hold mode active
2025-05-28 04:02:19,721 - INFO - [AUDIT] - Action: 0, Confidence: 1.0000, Safety Mode: SAFE_HOLD, Override: Safe hold mode active
2025-05-28 04:02:19,721 - INFO - [AUDIT] - Action: 0, Confidence: 1.0000, Safety Mode: SAFE_HOLD, Override: Safe hold mode active
2025-05-28 04:02:19,721 - INFO - [AUDIT] - Action: 0, Confidence: 1.0000, Safety Mode: SAFE_HOLD, Override: Safe hold mode active
2025-05-28 04:02:19,721 - INFO - [AUDIT] - Action: 0, Confidence: 1.0000, Safety Mode: SAFE_HOLD, Override: Safe hold mode active
2025-05-28 04:02:19,721 - INFO - [AUDIT] - Action: 0, Confidence: 1.0000, Safety Mode: SAFE_HOLD, Override: Safe hold mode active
2025-05-28 04:02:19,722 - INFO - [AUDIT] - Action: 0, Confidence: 1.0000, Safety Mode: SAFE_HOLD, Override: Safe hold mode active
2025-05-28 04:02:19,722 - INFO - [AUDIT] - Action: 0, Confidence: 1.0000, Safety Mode: SAFE_HOLD, Override: Safe hold mode active
2025-05-28 04:02:19,722 - INFO - [AUDIT] - Action: 0, Confidence: 1.0000, Safety Mode: SAFE_HOLD, Override: Safe hold mode active
2025-05-28 04:02:19,722 - INFO - [AUDIT] - Action: 0, Confidence: 1.0000, Safety Mode: SAFE_HOLD, Override: Safe hold mode active
2025-05-28 04:02:19,722 - INFO - [AUDIT] - Action: 0, Confidence: 1.0000, Safety Mode: SAFE_HOLD, Override: Safe hold mode active
2025-05-28 04:02:19,723 - INFO - [AUDIT] - Action: 0, Confidence: 1.0000, Safety Mode: SAFE_HOLD, Override: Safe hold mode active
2025-05-28 04:02:19,723 - INFO - [AUDIT] - Action: 0, Confidence: 1.0000, Safety Mode: SAFE_HOLD, Override: Safe hold mode active
2025-05-28 04:02:19,723 - INFO - [AUDIT] - Action: 0, Confidence: 1.0000, Safety Mode: SAFE_HOLD, Override: Safe hold mode active
2025-05-28 04:02:19,723 - INFO - [AUDIT] - Action: 0, Confidence: 1.0000, Safety Mode: SAFE_HOLD, Override: Safe hold mode active
2025-05-28 04:02:19,723 - INFO - [AUDIT] - Action: 0, Confidence: 1.0000, Safety Mode: SAFE_HOLD, Override: Safe hold mode active
2025-05-28 04:02:19,724 - INFO - [AUDIT] - Action: 0, Confidence: 1.0000, Safety Mode: SAFE_HOLD, Override: Safe hold mode active
2025-05-28 04:02:19,724 - INFO - [AUDIT] - Action: 0, Confidence: 1.0000, Safety Mode: SAFE_HOLD, Override: Safe hold mode active
2025-05-28 04:02:19,724 - INFO - [AUDIT] - Action: 0, Confidence: 1.0000, Safety Mode: SAFE_HOLD, Override: Safe hold mode active
2025-05-28 04:02:19,724 - INFO - [AUDIT] - Action: 0, Confidence: 1.0000, Safety Mode: SAFE_HOLD, Override: Safe hold mode active
2025-05-28 04:02:19,724 - INFO - [AUDIT] - Action: 0, Confidence: 1.0000, Safety Mode: SAFE_HOLD, Override: Safe hold mode active
2025-05-28 04:02:19,725 - INFO - [AUDIT] - Action: 0, Confidence: 1.0000, Safety Mode: SAFE_HOLD, Override: Safe hold mode active
2025-05-28 04:02:19,725 - INFO - [AUDIT] - Action: 0, Confidence: 1.0000, Safety Mode: SAFE_HOLD, Override: Safe hold mode active
2025-05-28 04:02:19,725 - INFO - [AUDIT] - Action: 0, Confidence: 1.0000, Safety Mode: SAFE_HOLD, Override: Safe hold mode active
2025-05-28 04:02:19,725 - INFO - [AUDIT] - Action: 0, Confidence: 1.0000, Safety Mode: SAFE_HOLD, Override: Safe hold mode active
2025-05-28 04:02:19,725 - INFO - [AUDIT] - Action: 0, Confidence: 1.0000, Safety Mode: SAFE_HOLD, Override: Safe hold mode active
2025-05-28 04:02:19,726 - INFO - [AUDIT] - Action: 0, Confidence: 1.0000, Safety Mode: SAFE_HOLD, Override: Safe hold mode active
2025-05-28 04:02:19,726 - INFO - [AUDIT] - Action: 0, Confidence: 1.0000, Safety Mode: SAFE_HOLD, Override: Safe hold mode active
2025-05-28 04:02:19,726 - INFO - [AUDIT] - Action: 0, Confidence: 1.0000, Safety Mode: SAFE_HOLD, Override: Safe hold mode active
2025-05-28 04:02:19,726 - INFO - [AUDIT] - Action: 0, Confidence: 1.0000, Safety Mode: SAFE_HOLD, Override: Safe hold mode active
2025-05-28 04:02:19,726 - INFO - [AUDIT] - Action: 0, Confidence: 1.0000, Safety Mode: SAFE_HOLD, Override: Safe hold mode active
2025-05-28 04:02:19,727 - INFO - [AUDIT] - Action: 0, Confidence: 1.0000, Safety Mode: SAFE_HOLD, Override: Safe hold mode active
2025-05-28 04:02:19,727 - INFO - [AUDIT] - Action: 0, Confidence: 1.0000, Safety Mode: SAFE_HOLD, Override: Safe hold mode active
2025-05-28 04:02:19,727 - INFO - [AUDIT] - Action: 0, Confidence: 1.0000, Safety Mode: SAFE_HOLD, Override: Safe hold mode active
2025-05-28 04:02:19,727 - INFO - [AUDIT] - Action: 0, Confidence: 1.0000, Safety Mode: SAFE_HOLD, Override: Safe hold mode active
2025-05-28 04:02:19,727 - INFO - [AUDIT] - Action: 0, Confidence: 1.0000, Safety Mode: SAFE_HOLD, Override: Safe hold mode active
2025-05-28 04:02:19,728 - INFO - [AUDIT] - Action: 0, Confidence: 1.0000, Safety Mode: SAFE_HOLD, Override: Safe hold mode active
2025-05-28 04:02:19,728 - INFO - [AUDIT] - Action: 0, Confidence: 1.0000, Safety Mode: SAFE_HOLD, Override: Safe hold mode active
2025-05-28 04:02:19,728 - INFO - [AUDIT] - Action: 0, Confidence: 1.0000, Safety Mode: SAFE_HOLD, Override: Safe hold mode active
2025-05-28 04:02:19,728 - INFO - [AUDIT] - Action: 0, Confidence: 1.0000, Safety Mode: SAFE_HOLD, Override: Safe hold mode active
2025-05-28 04:02:19,728 - INFO - [AUDIT] - Action: 0, Confidence: 1.0000, Safety Mode: SAFE_HOLD, Override: Safe hold mode active
2025-05-28 04:02:19,729 - INFO - [AUDIT] - Action: 0, Confidence: 1.0000, Safety Mode: SAFE_HOLD, Override: Safe hold mode active
2025-05-28 04:02:19,729 - INFO - [AUDIT] - Action: 0, Confidence: 1.0000, Safety Mode: SAFE_HOLD, Override: Safe hold mode active
2025-05-28 04:02:19,729 - INFO - [AUDIT] - Action: 0, Confidence: 1.0000, Safety Mode: SAFE_HOLD, Override: Safe hold mode active
2025-05-28 04:02:19,729 - INFO - [AUDIT] - Action: 0, Confidence: 1.0000, Safety Mode: SAFE_HOLD, Override: Safe hold mode active
2025-05-28 04:02:19,729 - INFO - [AUDIT] - Action: 0, Confidence: 1.0000, Safety Mode: SAFE_HOLD, Override: Safe hold mode active
2025-05-28 04:02:19,730 - INFO - [AUDIT] - Action: 0, Confidence: 1.0000, Safety Mode: SAFE_HOLD, Override: Safe hold mode active
2025-05-28 04:02:19,730 - INFO - [AUDIT] - Action: 0, Confidence: 1.0000, Safety Mode: SAFE_HOLD, Override: Safe hold mode active
2025-05-28 04:02:19,730 - INFO - [AUDIT] - Action: 0, Confidence: 1.0000, Safety Mode: SAFE_HOLD, Override: Safe hold mode active
2025-05-28 04:02:19,730 - INFO - [AUDIT] - Action: 0, Confidence: 1.0000, Safety Mode: SAFE_HOLD, Override: Safe hold mode active
2025-05-28 04:02:19,730 - INFO - [AUDIT] - Action: 0, Confidence: 1.0000, Safety Mode: SAFE_HOLD, Override: Safe hold mode active
2025-05-28 04:02:19,731 - INFO - [AUDIT] - Action: 0, Confidence: 1.0000, Safety Mode: SAFE_HOLD, Override: Safe hold mode active
2025-05-28 04:02:19,731 - INFO - [AUDIT] - Action: 0, Confidence: 1.0000, Safety Mode: SAFE_HOLD, Override: Safe hold mode active
2025-05-28 04:02:19,731 - INFO - [AUDIT] - Action: 0, Confidence: 1.0000, Safety Mode: SAFE_HOLD, Override: Safe hold mode active
2025-05-28 04:02:19,731 - INFO - [AUDIT] - Action: 0, Confidence: 1.0000, Safety Mode: SAFE_HOLD, Override: Safe hold mode active
2025-05-28 04:02:19,731 - INFO - [AUDIT] - Action: 0, Confidence: 1.0000, Safety Mode: SAFE_HOLD, Override: Safe hold mode active
2025-05-28 04:02:19,732 - INFO - [AUDIT] - Action: 0, Confidence: 1.0000, Safety Mode: SAFE_HOLD, Override: Safe hold mode active
2025-05-28 04:02:19,732 - INFO - [AUDIT] - Action: 0, Confidence: 1.0000, Safety Mode: SAFE_HOLD, Override: Safe hold mode active
2025-05-28 04:02:19,732 - INFO - [AUDIT] - Action: 0, Confidence: 1.0000, Safety Mode: SAFE_HOLD, Override: Safe hold mode active
2025-05-28 04:02:19,732 - INFO - [AUDIT] - Action: 0, Confidence: 1.0000, Safety Mode: SAFE_HOLD, Override: Safe hold mode active
2025-05-28 04:02:19,732 - INFO - [AUDIT] - Action: 0, Confidence: 1.0000, Safety Mode: SAFE_HOLD, Override: Safe hold mode active
2025-05-28 04:02:19,733 - INFO - [AUDIT] - Action: 0, Confidence: 1.0000, Safety Mode: SAFE_HOLD, Override: Safe hold mode active
2025-05-28 04:02:19,733 - INFO - [AUDIT] - Action: 0, Confidence: 1.0000, Safety Mode: SAFE_HOLD, Override: Safe hold mode active
2025-05-28 04:02:19,733 - INFO - [AUDIT] - Action: 0, Confidence: 1.0000, Safety Mode: SAFE_HOLD, Override: Safe hold mode active
2025-05-28 04:02:19,733 - INFO - [AUDIT] - Action: 0, Confidence: 1.0000, Safety Mode: SAFE_HOLD, Override: Safe hold mode active
2025-05-28 04:02:19,733 - INFO - [AUDIT] - Action: 0, Confidence: 1.0000, Safety Mode: SAFE_HOLD, Override: Safe hold mode active
2025-05-28 04:02:19,734 - INFO - [AUDIT] - Action: 0, Confidence: 1.0000, Safety Mode: SAFE_HOLD, Override: Safe hold mode active
2025-05-28 04:02:19,734 - INFO - [AUDIT] - Action: 0, Confidence: 1.0000, Safety Mode: SAFE_HOLD, Override: Safe hold mode active
2025-05-28 04:02:19,734 - INFO - [AUDIT] - Action: 0, Confidence: 1.0000, Safety Mode: SAFE_HOLD, Override: Safe hold mode active
2025-05-28 04:02:19,734 - INFO - [AUDIT] - Action: 0, Confidence: 1.0000, Safety Mode: SAFE_HOLD, Override: Safe hold mode active
2025-05-28 04:02:19,734 - INFO - [AUDIT] - Action: 0, Confidence: 1.0000, Safety Mode: SAFE_HOLD, Override: Safe hold mode active
2025-05-28 04:02:19,735 - INFO - [AUDIT] - Action: 0, Confidence: 1.0000, Safety Mode: SAFE_HOLD, Override: Safe hold mode active
2025-05-28 04:02:19,735 - INFO - [AUDIT] - Action: 0, Confidence: 1.0000, Safety Mode: SAFE_HOLD, Override: Safe hold mode active
2025-05-28 04:02:19,735 - INFO - [AUDIT] - Action: 0, Confidence: 1.0000, Safety Mode: SAFE_HOLD, Override: Safe hold mode active
2025-05-28 04:02:19,735 - INFO - [AUDIT] - Action: 0, Confidence: 1.0000, Safety Mode: SAFE_HOLD, Override: Safe hold mode active
2025-05-28 04:02:19,735 - INFO - [AUDIT] - Action: 0, Confidence: 1.0000, Safety Mode: SAFE_HOLD, Override: Safe hold mode active
2025-05-28 04:02:19,736 - INFO - [AUDIT] - Action: 0, Confidence: 1.0000, Safety Mode: SAFE_HOLD, Override: Safe hold mode active
2025-05-28 04:02:19,736 - INFO - [AUDIT] - Action: 0, Confidence: 1.0000, Safety Mode: SAFE_HOLD, Override: Safe hold mode active
2025-05-28 04:02:19,736 - INFO - [AUDIT] - Action: 0, Confidence: 1.0000, Safety Mode: SAFE_HOLD, Override: Safe hold mode active
2025-05-28 04:02:19,736 - INFO - [AUDIT] - Action: 0, Confidence: 1.0000, Safety Mode: SAFE_HOLD, Override: Safe hold mode active
2025-05-28 04:02:19,736 - INFO - [AUDIT] - Action: 0, Confidence: 1.0000, Safety Mode: SAFE_HOLD, Override: Safe hold mode active
2025-05-28 04:02:19,737 - INFO - [AUDIT] - Action: 0, Confidence: 1.0000, Safety Mode: SAFE_HOLD, Override: Safe hold mode active
2025-05-28 04:02:19,737 - INFO - [AUDIT] - Action: 0, Confidence: 1.0000, Safety Mode: SAFE_HOLD, Override: Safe hold mode active
2025-05-28 04:02:19,737 - INFO - [AUDIT] - Action: 0, Confidence: 1.0000, Safety Mode: SAFE_HOLD, Override: Safe hold mode active
2025-05-28 04:02:19,737 - INFO - [AUDIT] - Action: 0, Confidence: 1.0000, Safety Mode: SAFE_HOLD, Override: Safe hold mode active
2025-05-28 04:02:19,737 - INFO - [AUDIT] - Action: 0, Confidence: 1.0000, Safety Mode: SAFE_HOLD, Override: Safe hold mode active
2025-05-28 04:02:19,738 - INFO - [AUDIT] - Action: 0, Confidence: 1.0000, Safety Mode: SAFE_HOLD, Override: Safe hold mode active
2025-05-28 04:02:19,738 - INFO - [AUDIT] - Action: 0, Confidence: 1.0000, Safety Mode: SAFE_HOLD, Override: Safe hold mode active
2025-05-28 04:02:19,738 - INFO - [AUDIT] - Action: 0, Confidence: 1.0000, Safety Mode: SAFE_HOLD, Override: Safe hold mode active
2025-05-28 04:02:19,738 - INFO - [AUDIT] - Action: 0, Confidence: 1.0000, Safety Mode: SAFE_HOLD, Override: Safe hold mode active
2025-05-28 04:02:19,738 - INFO - [AUDIT] - Action: 0, Confidence: 1.0000, Safety Mode: SAFE_HOLD, Override: Safe hold mode active
2025-05-28 04:02:19,739 - INFO - [AUDIT] - Action: 0, Confidence: 1.0000, Safety Mode: SAFE_HOLD, Override: Safe hold mode active
2025-05-28 04:02:19,739 - INFO - [AUDIT] - Action: 0, Confidence: 1.0000, Safety Mode: SAFE_HOLD, Override: Safe hold mode active
2025-05-28 04:02:19,739 - INFO - [AUDIT] - Action: 0, Confidence: 1.0000, Safety Mode: SAFE_HOLD, Override: Safe hold mode active
2025-05-28 04:02:19,739 - INFO - [AUDIT] - Action: 0, Confidence: 1.0000, Safety Mode: SAFE_HOLD, Override: Safe hold mode active
2025-05-28 04:02:19,739 - INFO - [AUDIT] - Action: 0, Confidence: 1.0000, Safety Mode: SAFE_HOLD, Override: Safe hold mode active
2025-05-28 04:02:19,740 - INFO - [AUDIT] - Action: 0, Confidence: 1.0000, Safety Mode: SAFE_HOLD, Override: Safe hold mode active
2025-05-28 04:02:19,740 - INFO - [AUDIT] - Action: 0, Confidence: 1.0000, Safety Mode: SAFE_HOLD, Override: Safe hold mode active
2025-05-28 04:02:19,740 - INFO - [AUDIT] - Action: 0, Confidence: 1.0000, Safety Mode: SAFE_HOLD, Override: Safe hold mode active
2025-05-28 04:02:19,740 - INFO - [AUDIT] - Action: 0, Confidence: 1.0000, Safety Mode: SAFE_HOLD, Override: Safe hold mode active
2025-05-28 04:02:19,740 - INFO - [AUDIT] - Action: 0, Confidence: 1.0000, Safety Mode: SAFE_HOLD, Override: Safe hold mode active
2025-05-28 04:02:19,741 - INFO - [AUDIT] - Action: 0, Confidence: 1.0000, Safety Mode: SAFE_HOLD, Override: Safe hold mode active
2025-05-28 04:02:19,741 - INFO - [AUDIT] - Action: 0, Confidence: 1.0000, Safety Mode: SAFE_HOLD, Override: Safe hold mode active
2025-05-28 04:02:19,741 - INFO - [AUDIT] - Action: 0, Confidence: 1.0000, Safety Mode: SAFE_HOLD, Override: Safe hold mode active
2025-05-28 04:02:19,741 - INFO - [AUDIT] - Action: 0, Confidence: 1.0000, Safety Mode: SAFE_HOLD, Override: Safe hold mode active
2025-05-28 04:02:19,741 - INFO - [AUDIT] - Action: 0, Confidence: 1.0000, Safety Mode: SAFE_HOLD, Override: Safe hold mode active
2025-05-28 04:02:19,742 - INFO - [AUDIT] - Action: 0, Confidence: 1.0000, Safety Mode: SAFE_HOLD, Override: Safe hold mode active
2025-05-28 04:02:19,742 - INFO - [AUDIT] - Action: 0, Confidence: 1.0000, Safety Mode: SAFE_HOLD, Override: Safe hold mode active
2025-05-28 04:02:19,742 - INFO - [AUDIT] - Action: 0, Confidence: 1.0000, Safety Mode: SAFE_HOLD, Override: Safe hold mode active
2025-05-28 04:02:19,742 - INFO - [AUDIT] - Action: 0, Confidence: 1.0000, Safety Mode: SAFE_HOLD, Override: Safe hold mode active
2025-05-28 04:02:19,742 - INFO - [AUDIT] - Action: 0, Confidence: 1.0000, Safety Mode: SAFE_HOLD, Override: Safe hold mode active
2025-05-28 04:02:19,743 - INFO - [AUDIT] - Action: 0, Confidence: 1.0000, Safety Mode: SAFE_HOLD, Override: Safe hold mode active
2025-05-28 04:02:19,743 - INFO - [AUDIT] - Action: 0, Confidence: 1.0000, Safety Mode: SAFE_HOLD, Override: Safe hold mode active
2025-05-28 04:02:19,743 - INFO - [AUDIT] - Action: 0, Confidence: 1.0000, Safety Mode: SAFE_HOLD, Override: Safe hold mode active
2025-05-28 04:02:19,743 - INFO - [AUDIT] - Action: 0, Confidence: 1.0000, Safety Mode: SAFE_HOLD, Override: Safe hold mode active
2025-05-28 04:02:19,743 - INFO - [AUDIT] - Action: 0, Confidence: 1.0000, Safety Mode: SAFE_HOLD, Override: Safe hold mode active
2025-05-28 04:02:19,744 - INFO - [AUDIT] - Action: 0, Confidence: 1.0000, Safety Mode: SAFE_HOLD, Override: Safe hold mode active
2025-05-28 04:02:19,744 - INFO - [AUDIT] - Action: 0, Confidence: 1.0000, Safety Mode: SAFE_HOLD, Override: Safe hold mode active
2025-05-28 04:02:19,744 - INFO - [AUDIT] - Action: 0, Confidence: 1.0000, Safety Mode: SAFE_HOLD, Override: Safe hold mode active
2025-05-28 04:02:19,744 - INFO - [AUDIT] - Action: 0, Confidence: 1.0000, Safety Mode: SAFE_HOLD, Override: Safe hold mode active
2025-05-28 04:02:19,744 - INFO - [AUDIT] - Action: 0, Confidence: 1.0000, Safety Mode: SAFE_HOLD, Override: Safe hold mode active
2025-05-28 04:02:19,745 - INFO - [AUDIT] - Action: 0, Confidence: 1.0000, Safety Mode: SAFE_HOLD, Override: Safe hold mode active
2025-05-28 04:02:19,745 - INFO - [AUDIT] - Action: 0, Confidence: 1.0000, Safety Mode: SAFE_HOLD, Override: Safe hold mode active
2025-05-28 04:02:19,745 - INFO - [AUDIT] - Action: 0, Confidence: 1.0000, Safety Mode: SAFE_HOLD, Override: Safe hold mode active
2025-05-28 04:02:19,745 - INFO - [AUDIT] - Action: 0, Confidence: 1.0000, Safety Mode: SAFE_HOLD, Override: Safe hold mode active
2025-05-28 04:02:19,745 - INFO - [AUDIT] - Action: 0, Confidence: 1.0000, Safety Mode: SAFE_HOLD, Override: Safe hold mode active
2025-05-28 04:02:19,746 - INFO - [AUDIT] - Action: 0, Confidence: 1.0000, Safety Mode: SAFE_HOLD, Override: Safe hold mode active
2025-05-28 04:02:19,746 - INFO - [AUDIT] - Action: 0, Confidence: 1.0000, Safety Mode: SAFE_HOLD, Override: Safe hold mode active
2025-05-28 04:02:19,746 - INFO - [AUDIT] - Action: 0, Confidence: 1.0000, Safety Mode: SAFE_HOLD, Override: Safe hold mode active
2025-05-28 04:02:19,746 - INFO - [AUDIT] - Action: 0, Confidence: 1.0000, Safety Mode: SAFE_HOLD, Override: Safe hold mode active
2025-05-28 04:02:19,746 - INFO - [AUDIT] - Action: 0, Confidence: 1.0000, Safety Mode: SAFE_HOLD, Override: Safe hold mode active
2025-05-28 04:02:19,747 - INFO - [AUDIT] - Action: 0, Confidence: 1.0000, Safety Mode: SAFE_HOLD, Override: Safe hold mode active
2025-05-28 04:02:19,747 - INFO - [AUDIT] - Action: 0, Confidence: 1.0000, Safety Mode: SAFE_HOLD, Override: Safe hold mode active
2025-05-28 04:02:19,747 - INFO - [AUDIT] - Action: 0, Confidence: 1.0000, Safety Mode: SAFE_HOLD, Override: Safe hold mode active
2025-05-28 04:02:19,747 - INFO - [AUDIT] - Action: 0, Confidence: 1.0000, Safety Mode: SAFE_HOLD, Override: Safe hold mode active
2025-05-28 04:02:19,747 - INFO - [AUDIT] - Action: 0, Confidence: 1.0000, Safety Mode: SAFE_HOLD, Override: Safe hold mode active
2025-05-28 04:02:19,748 - INFO - [AUDIT] - Action: 0, Confidence: 1.0000, Safety Mode: SAFE_HOLD, Override: Safe hold mode active
2025-05-28 04:02:19,748 - INFO - [AUDIT] - Action: 0, Confidence: 1.0000, Safety Mode: SAFE_HOLD, Override: Safe hold mode active
2025-05-28 04:02:19,748 - INFO - [AUDIT] - Action: 0, Confidence: 1.0000, Safety Mode: SAFE_HOLD, Override: Safe hold mode active
2025-05-28 04:02:19,748 - INFO - [AUDIT] - Action: 0, Confidence: 1.0000, Safety Mode: SAFE_HOLD, Override: Safe hold mode active
2025-05-28 04:02:19,748 - INFO - [AUDIT] - Action: 0, Confidence: 1.0000, Safety Mode: SAFE_HOLD, Override: Safe hold mode active
2025-05-28 04:02:19,749 - INFO - [AUDIT] - Action: 0, Confidence: 1.0000, Safety Mode: SAFE_HOLD, Override: Safe hold mode active
2025-05-28 04:02:19,749 - INFO - [AUDIT] - Action: 0, Confidence: 1.0000, Safety Mode: SAFE_HOLD, Override: Safe hold mode active
2025-05-28 04:02:19,749 - INFO - [AUDIT] - Action: 0, Confidence: 1.0000, Safety Mode: SAFE_HOLD, Override: Safe hold mode active
2025-05-28 04:02:19,749 - INFO - [AUDIT] - Action: 0, Confidence: 1.0000, Safety Mode: SAFE_HOLD, Override: Safe hold mode active
2025-05-28 04:02:19,749 - INFO - [AUDIT] - Action: 0, Confidence: 1.0000, Safety Mode: SAFE_HOLD, Override: Safe hold mode active
2025-05-28 04:02:19,750 - INFO - [AUDIT] - Action: 0, Confidence: 1.0000, Safety Mode: SAFE_HOLD, Override: Safe hold mode active
2025-05-28 04:02:19,750 - INFO - [AUDIT] - Action: 0, Confidence: 1.0000, Safety Mode: SAFE_HOLD, Override: Safe hold mode active
2025-05-28 04:02:19,750 - INFO - [AUDIT] - Action: 0, Confidence: 1.0000, Safety Mode: SAFE_HOLD, Override: Safe hold mode active
2025-05-28 04:02:19,750 - INFO - [AUDIT] - Action: 0, Confidence: 1.0000, Safety Mode: SAFE_HOLD, Override: Safe hold mode active
2025-05-28 04:02:19,750 - INFO - [AUDIT] - Action: 0, Confidence: 1.0000, Safety Mode: SAFE_HOLD, Override: Safe hold mode active
2025-05-28 04:02:19,751 - INFO - [AUDIT] - Action: 0, Confidence: 1.0000, Safety Mode: SAFE_HOLD, Override: Safe hold mode active
2025-05-28 04:02:19,751 - INFO - [AUDIT] - Action: 0, Confidence: 1.0000, Safety Mode: SAFE_HOLD, Override: Safe hold mode active
2025-05-28 04:02:19,751 - INFO - [AUDIT] - Action: 0, Confidence: 1.0000, Safety Mode: SAFE_HOLD, Override: Safe hold mode active
2025-05-28 04:02:19,751 - INFO - [AUDIT] - Action: 0, Confidence: 1.0000, Safety Mode: SAFE_HOLD, Override: Safe hold mode active
2025-05-28 04:02:19,751 - INFO - [AUDIT] - Action: 0, Confidence: 1.0000, Safety Mode: SAFE_HOLD, Override: Safe hold mode active
2025-05-28 04:02:19,752 - INFO - [AUDIT] - Action: 0, Confidence: 1.0000, Safety Mode: SAFE_HOLD, Override: Safe hold mode active
2025-05-28 04:02:19,752 - INFO - [AUDIT] - Action: 0, Confidence: 1.0000, Safety Mode: SAFE_HOLD, Override: Safe hold mode active
2025-05-28 04:02:19,752 - INFO - [AUDIT] - Action: 0, Confidence: 1.0000, Safety Mode: SAFE_HOLD, Override: Safe hold mode active
2025-05-28 04:02:19,752 - INFO - [AUDIT] - Action: 0, Confidence: 1.0000, Safety Mode: SAFE_HOLD, Override: Safe hold mode active
2025-05-28 04:02:19,752 - INFO - [AUDIT] - Action: 0, Confidence: 1.0000, Safety Mode: SAFE_HOLD, Override: Safe hold mode active
2025-05-28 04:02:19,753 - INFO - [AUDIT] - Action: 0, Confidence: 1.0000, Safety Mode: SAFE_HOLD, Override: Safe hold mode active
2025-05-28 04:02:19,753 - INFO - [AUDIT] - Action: 0, Confidence: 1.0000, Safety Mode: SAFE_HOLD, Override: Safe hold mode active
2025-05-28 04:02:19,753 - INFO - [AUDIT] - Action: 0, Confidence: 1.0000, Safety Mode: SAFE_HOLD, Override: Safe hold mode active
2025-05-28 04:02:19,753 - INFO - [AUDIT] - Action: 0, Confidence: 1.0000, Safety Mode: SAFE_HOLD, Override: Safe hold mode active
2025-05-28 04:02:19,753 - INFO - [AUDIT] - Action: 0, Confidence: 1.0000, Safety Mode: SAFE_HOLD, Override: Safe hold mode active
2025-05-28 04:02:19,754 - INFO - [AUDIT] - Action: 0, Confidence: 1.0000, Safety Mode: SAFE_HOLD, Override: Safe hold mode active
2025-05-28 04:02:19,754 - INFO - [AUDIT] - Action: 0, Confidence: 1.0000, Safety Mode: SAFE_HOLD, Override: Safe hold mode active
2025-05-28 04:02:19,754 - INFO - [AUDIT] - Action: 0, Confidence: 1.0000, Safety Mode: SAFE_HOLD, Override: Safe hold mode active
2025-05-28 04:02:19,754 - INFO - [AUDIT] - Action: 0, Confidence: 1.0000, Safety Mode: SAFE_HOLD, Override: Safe hold mode active
2025-05-28 04:02:19,754 - INFO - [AUDIT] - Action: 0, Confidence: 1.0000, Safety Mode: SAFE_HOLD, Override: Safe hold mode active
2025-05-28 04:02:19,755 - INFO - [AUDIT] - Action: 0, Confidence: 1.0000, Safety Mode: SAFE_HOLD, Override: Safe hold mode active
2025-05-28 04:02:19,755 - INFO - [AUDIT] - Action: 0, Confidence: 1.0000, Safety Mode: SAFE_HOLD, Override: Safe hold mode active
2025-05-28 04:02:20,103 - INFO - [AUDIT] - Action: 0, Confidence: 1.0000, Safety Mode: SAFE_HOLD, Override: Safe hold mode active
2025-05-28 04:02:20,103 - INFO - [AUDIT] - Action: 0, Confidence: 1.0000, Safety Mode: SAFE_HOLD, Override: Safe hold mode active
2025-05-28 04:02:20,103 - INFO - [AUDIT] - Action: 0, Confidence: 1.0000, Safety Mode: SAFE_HOLD, Override: Safe hold mode active
2025-05-28 04:02:20,104 - INFO - [AUDIT] - Action: 0, Confidence: 1.0000, Safety Mode: SAFE_HOLD, Override: Safe hold mode active
2025-05-28 04:02:20,104 - INFO - [AUDIT] - Action: 0, Confidence: 1.0000, Safety Mode: SAFE_HOLD, Override: Safe hold mode active
2025-05-28 04:02:20,104 - INFO - [AUDIT] - Action: 0, Confidence: 1.0000, Safety Mode: SAFE_HOLD, Override: Safe hold mode active
2025-05-28 04:02:20,104 - INFO - [AUDIT] - Action: 0, Confidence: 1.0000, Safety Mode: SAFE_HOLD, Override: Safe hold mode active
2025-05-28 04:02:20,104 - INFO - [AUDIT] - Action: 0, Confidence: 1.0000, Safety Mode: SAFE_HOLD, Override: Safe hold mode active
2025-05-28 04:02:20,105 - INFO - [AUDIT] - Action: 0, Confidence: 1.0000, Safety Mode: SAFE_HOLD, Override: Safe hold mode active
2025-05-28 04:02:20,105 - INFO - [AUDIT] - Action: 0, Confidence: 1.0000, Safety Mode: SAFE_HOLD, Override: Safe hold mode active
2025-05-28 04:02:20,105 - INFO - [AUDIT] - Action: 0, Confidence: 1.0000, Safety Mode: SAFE_HOLD, Override: Safe hold mode active
2025-05-28 04:02:20,105 - INFO - [AUDIT] - Action: 0, Confidence: 1.0000, Safety Mode: SAFE_HOLD, Override: Safe hold mode active
2025-05-28 04:02:20,106 - INFO - [AUDIT] - Action: 0, Confidence: 1.0000, Safety Mode: SAFE_HOLD, Override: Safe hold mode active
2025-05-28 04:02:20,106 - INFO - [AUDIT] - Action: 0, Confidence: 1.0000, Safety Mode: SAFE_HOLD, Override: Safe hold mode active
2025-05-28 04:02:20,106 - INFO - [AUDIT] - Action: 0, Confidence: 1.0000, Safety Mode: SAFE_HOLD, Override: Safe hold mode active
2025-05-28 04:02:20,106 - INFO - [AUDIT] - Action: 0, Confidence: 1.0000, Safety Mode: SAFE_HOLD, Override: Safe hold mode active
2025-05-28 04:02:20,106 - INFO - [AUDIT] - Action: 0, Confidence: 1.0000, Safety Mode: SAFE_HOLD, Override: Safe hold mode active
2025-05-28 04:02:20,107 - INFO - [AUDIT] - Action: 0, Confidence: 1.0000, Safety Mode: SAFE_HOLD, Override: Safe hold mode active
2025-05-28 04:02:20,107 - INFO - [AUDIT] - Action: 0, Confidence: 1.0000, Safety Mode: SAFE_HOLD, Override: Safe hold mode active
2025-05-28 04:02:20,107 - INFO - [AUDIT] - Action: 0, Confidence: 1.0000, Safety Mode: SAFE_HOLD, Override: Safe hold mode active
2025-05-28 04:02:20,107 - INFO - [AUDIT] - Action: 0, Confidence: 1.0000, Safety Mode: SAFE_HOLD, Override: Safe hold mode active
2025-05-28 04:02:20,107 - INFO - [AUDIT] - Action: 0, Confidence: 1.0000, Safety Mode: SAFE_HOLD, Override: Safe hold mode active
2025-05-28 04:02:20,108 - INFO - [AUDIT] - Action: 0, Confidence: 1.0000, Safety Mode: SAFE_HOLD, Override: Safe hold mode active
2025-05-28 04:02:20,108 - INFO - [AUDIT] - Action: 0, Confidence: 1.0000, Safety Mode: SAFE_HOLD, Override: Safe hold mode active
2025-05-28 04:02:20,108 - INFO - [AUDIT] - Action: 0, Confidence: 1.0000, Safety Mode: SAFE_HOLD, Override: Safe hold mode active
2025-05-28 04:02:20,108 - INFO - [AUDIT] - Action: 0, Confidence: 1.0000, Safety Mode: SAFE_HOLD, Override: Safe hold mode active
2025-05-28 04:02:20,109 - INFO - [AUDIT] - Action: 0, Confidence: 1.0000, Safety Mode: SAFE_HOLD, Override: Safe hold mode active
2025-05-28 04:02:20,109 - INFO - [AUDIT] - Action: 0, Confidence: 1.0000, Safety Mode: SAFE_HOLD, Override: Safe hold mode active
2025-05-28 04:02:20,109 - INFO - [AUDIT] - Action: 0, Confidence: 1.0000, Safety Mode: SAFE_HOLD, Override: Safe hold mode active
2025-05-28 04:02:20,109 - INFO - [AUDIT] - Action: 0, Confidence: 1.0000, Safety Mode: SAFE_HOLD, Override: Safe hold mode active
2025-05-28 04:02:20,109 - INFO - [AUDIT] - Action: 0, Confidence: 1.0000, Safety Mode: SAFE_HOLD, Override: Safe hold mode active
2025-05-28 04:02:20,110 - INFO - [AUDIT] - Action: 0, Confidence: 1.0000, Safety Mode: SAFE_HOLD, Override: Safe hold mode active
2025-05-28 04:02:20,110 - INFO - [AUDIT] - Action: 0, Confidence: 1.0000, Safety Mode: SAFE_HOLD, Override: Safe hold mode active
2025-05-28 04:02:20,110 - INFO - [AUDIT] - Action: 0, Confidence: 1.0000, Safety Mode: SAFE_HOLD, Override: Safe hold mode active
2025-05-28 04:02:20,110 - INFO - [AUDIT] - Action: 0, Confidence: 1.0000, Safety Mode: SAFE_HOLD, Override: Safe hold mode active
2025-05-28 04:02:20,111 - INFO - [AUDIT] - Action: 0, Confidence: 1.0000, Safety Mode: SAFE_HOLD, Override: Safe hold mode active
2025-05-28 04:02:20,111 - INFO - [AUDIT] - Action: 0, Confidence: 1.0000, Safety Mode: SAFE_HOLD, Override: Safe hold mode active
2025-05-28 04:02:20,111 - INFO - [AUDIT] - Action: 0, Confidence: 1.0000, Safety Mode: SAFE_HOLD, Override: Safe hold mode active
2025-05-28 04:02:20,111 - INFO - [AUDIT] - Action: 0, Confidence: 1.0000, Safety Mode: SAFE_HOLD, Override: Safe hold mode active
2025-05-28 04:02:20,111 - INFO - [AUDIT] - Action: 0, Confidence: 1.0000, Safety Mode: SAFE_HOLD, Override: Safe hold mode active
2025-05-28 04:02:20,112 - INFO - [AUDIT] - Action: 0, Confidence: 1.0000, Safety Mode: SAFE_HOLD, Override: Safe hold mode active
2025-05-28 04:02:20,112 - INFO - [AUDIT] - Action: 0, Confidence: 1.0000, Safety Mode: SAFE_HOLD, Override: Safe hold mode active
2025-05-28 04:02:20,112 - INFO - [AUDIT] - Action: 0, Confidence: 1.0000, Safety Mode: SAFE_HOLD, Override: Safe hold mode active
2025-05-28 04:02:20,112 - INFO - [AUDIT] - Action: 0, Confidence: 1.0000, Safety Mode: SAFE_HOLD, Override: Safe hold mode active
2025-05-28 04:02:20,112 - INFO - [AUDIT] - Action: 0, Confidence: 1.0000, Safety Mode: SAFE_HOLD, Override: Safe hold mode active
2025-05-28 04:02:20,113 - INFO - [AUDIT] - Action: 0, Confidence: 1.0000, Safety Mode: SAFE_HOLD, Override: Safe hold mode active
2025-05-28 04:02:20,113 - INFO - [AUDIT] - Action: 0, Confidence: 1.0000, Safety Mode: SAFE_HOLD, Override: Safe hold mode active
2025-05-28 04:02:20,113 - INFO - [AUDIT] - Action: 0, Confidence: 1.0000, Safety Mode: SAFE_HOLD, Override: Safe hold mode active
2025-05-28 04:02:20,113 - INFO - [AUDIT] - Action: 0, Confidence: 1.0000, Safety Mode: SAFE_HOLD, Override: Safe hold mode active
2025-05-28 04:02:20,113 - INFO - [AUDIT] - Action: 0, Confidence: 1.0000, Safety Mode: SAFE_HOLD, Override: Safe hold mode active
2025-05-28 04:02:20,114 - INFO - [AUDIT] - Action: 0, Confidence: 1.0000, Safety Mode: SAFE_HOLD, Override: Safe hold mode active
2025-05-28 04:02:20,114 - INFO - [AUDIT] - Action: 0, Confidence: 1.0000, Safety Mode: SAFE_HOLD, Override: Safe hold mode active
2025-05-28 04:02:20,114 - INFO - [AUDIT] - Action: 0, Confidence: 1.0000, Safety Mode: SAFE_HOLD, Override: Safe hold mode active
2025-05-28 04:02:20,114 - INFO - [AUDIT] - Action: 0, Confidence: 1.0000, Safety Mode: SAFE_HOLD, Override: Safe hold mode active
2025-05-28 04:02:20,114 - INFO - [AUDIT] - Action: 0, Confidence: 1.0000, Safety Mode: SAFE_HOLD, Override: Safe hold mode active
2025-05-28 04:02:20,115 - INFO - [AUDIT] - Action: 0, Confidence: 1.0000, Safety Mode: SAFE_HOLD, Override: Safe hold mode active
2025-05-28 04:02:20,115 - INFO - [AUDIT] - Action: 0, Confidence: 1.0000, Safety Mode: SAFE_HOLD, Override: Safe hold mode active
2025-05-28 04:02:20,115 - INFO - [AUDIT] - Action: 0, Confidence: 1.0000, Safety Mode: SAFE_HOLD, Override: Safe hold mode active
2025-05-28 04:02:20,115 - INFO - [AUDIT] - Action: 0, Confidence: 1.0000, Safety Mode: SAFE_HOLD, Override: Safe hold mode active
2025-05-28 04:02:20,115 - INFO - [AUDIT] - Action: 0, Confidence: 1.0000, Safety Mode: SAFE_HOLD, Override: Safe hold mode active
2025-05-28 04:02:20,116 - INFO - [AUDIT] - Action: 0, Confidence: 1.0000, Safety Mode: SAFE_HOLD, Override: Safe hold mode active
2025-05-28 04:02:20,116 - INFO - [AUDIT] - Action: 0, Confidence: 1.0000, Safety Mode: SAFE_HOLD, Override: Safe hold mode active
2025-05-28 04:02:20,116 - INFO - [AUDIT] - Action: 0, Confidence: 1.0000, Safety Mode: SAFE_HOLD, Override: Safe hold mode active
2025-05-28 04:02:20,116 - INFO - [AUDIT] - Action: 0, Confidence: 1.0000, Safety Mode: SAFE_HOLD, Override: Safe hold mode active
2025-05-28 04:02:20,117 - INFO - [AUDIT] - Action: 0, Confidence: 1.0000, Safety Mode: SAFE_HOLD, Override: Safe hold mode active
2025-05-28 04:02:20,117 - INFO - [AUDIT] - Action: 0, Confidence: 1.0000, Safety Mode: SAFE_HOLD, Override: Safe hold mode active
2025-05-28 04:02:20,117 - INFO - [AUDIT] - Action: 0, Confidence: 1.0000, Safety Mode: SAFE_HOLD, Override: Safe hold mode active
2025-05-28 04:02:20,117 - INFO - [AUDIT] - Action: 0, Confidence: 1.0000, Safety Mode: SAFE_HOLD, Override: Safe hold mode active
2025-05-28 04:02:20,117 - INFO - [AUDIT] - Action: 0, Confidence: 1.0000, Safety Mode: SAFE_HOLD, Override: Safe hold mode active
2025-05-28 04:02:20,118 - INFO - [AUDIT] - Action: 0, Confidence: 1.0000, Safety Mode: SAFE_HOLD, Override: Safe hold mode active
2025-05-28 04:02:20,118 - INFO - [AUDIT] - Action: 0, Confidence: 1.0000, Safety Mode: SAFE_HOLD, Override: Safe hold mode active
2025-05-28 04:02:20,118 - INFO - [AUDIT] - Action: 0, Confidence: 1.0000, Safety Mode: SAFE_HOLD, Override: Safe hold mode active
2025-05-28 04:02:20,118 - INFO - [AUDIT] - Action: 0, Confidence: 1.0000, Safety Mode: SAFE_HOLD, Override: Safe hold mode active
2025-05-28 04:02:20,119 - INFO - [AUDIT] - Action: 0, Confidence: 1.0000, Safety Mode: SAFE_HOLD, Override: Safe hold mode active
2025-05-28 04:02:20,119 - INFO - [AUDIT] - Action: 0, Confidence: 1.0000, Safety Mode: SAFE_HOLD, Override: Safe hold mode active
2025-05-28 04:02:20,119 - INFO - [AUDIT] - Action: 0, Confidence: 1.0000, Safety Mode: SAFE_HOLD, Override: Safe hold mode active
2025-05-28 04:02:20,119 - INFO - [AUDIT] - Action: 0, Confidence: 1.0000, Safety Mode: SAFE_HOLD, Override: Safe hold mode active
2025-05-28 04:02:20,119 - INFO - [AUDIT] - Action: 0, Confidence: 1.0000, Safety Mode: SAFE_HOLD, Override: Safe hold mode active
2025-05-28 04:02:20,120 - INFO - [AUDIT] - Action: 0, Confidence: 1.0000, Safety Mode: SAFE_HOLD, Override: Safe hold mode active
2025-05-28 04:02:20,120 - INFO - [AUDIT] - Action: 0, Confidence: 1.0000, Safety Mode: SAFE_HOLD, Override: Safe hold mode active
2025-05-28 04:02:20,120 - INFO - [AUDIT] - Action: 0, Confidence: 1.0000, Safety Mode: SAFE_HOLD, Override: Safe hold mode active
2025-05-28 04:02:20,120 - INFO - [AUDIT] - Action: 0, Confidence: 1.0000, Safety Mode: SAFE_HOLD, Override: Safe hold mode active
2025-05-28 04:02:20,120 - INFO - [AUDIT] - Action: 0, Confidence: 1.0000, Safety Mode: SAFE_HOLD, Override: Safe hold mode active
2025-05-28 04:02:20,121 - INFO - [AUDIT] - Action: 0, Confidence: 1.0000, Safety Mode: SAFE_HOLD, Override: Safe hold mode active
2025-05-28 04:02:20,121 - INFO - [AUDIT] - Action: 0, Confidence: 1.0000, Safety Mode: SAFE_HOLD, Override: Safe hold mode active
2025-05-28 04:02:20,121 - INFO - [AUDIT] - Action: 0, Confidence: 1.0000, Safety Mode: SAFE_HOLD, Override: Safe hold mode active
2025-05-28 04:02:20,121 - INFO - [AUDIT] - Action: 0, Confidence: 1.0000, Safety Mode: SAFE_HOLD, Override: Safe hold mode active
2025-05-28 04:02:20,121 - INFO - [AUDIT] - Action: 0, Confidence: 1.0000, Safety Mode: SAFE_HOLD, Override: Safe hold mode active
2025-05-28 04:02:20,121 - INFO - [AUDIT] - Action: 0, Confidence: 1.0000, Safety Mode: SAFE_HOLD, Override: Safe hold mode active
2025-05-28 04:02:20,122 - INFO - [AUDIT] - Action: 0, Confidence: 1.0000, Safety Mode: SAFE_HOLD, Override: Safe hold mode active
2025-05-28 04:02:20,122 - INFO - [AUDIT] - Action: 0, Confidence: 1.0000, Safety Mode: SAFE_HOLD, Override: Safe hold mode active
2025-05-28 04:02:20,122 - INFO - [AUDIT] - Action: 0, Confidence: 1.0000, Safety Mode: SAFE_HOLD, Override: Safe hold mode active
2025-05-28 04:02:20,122 - INFO - [AUDIT] - Action: 0, Confidence: 1.0000, Safety Mode: SAFE_HOLD, Override: Safe hold mode active
2025-05-28 04:02:20,122 - INFO - [AUDIT] - Action: 0, Confidence: 1.0000, Safety Mode: SAFE_HOLD, Override: Safe hold mode active
2025-05-28 04:02:20,123 - INFO - [AUDIT] - Action: 0, Confidence: 1.0000, Safety Mode: SAFE_HOLD, Override: Safe hold mode active
2025-05-28 04:02:20,123 - INFO - [AUDIT] - Action: 0, Confidence: 1.0000, Safety Mode: SAFE_HOLD, Override: Safe hold mode active
2025-05-28 04:02:20,123 - INFO - [AUDIT] - Action: 0, Confidence: 1.0000, Safety Mode: SAFE_HOLD, Override: Safe hold mode active
2025-05-28 04:02:20,123 - INFO - [AUDIT] - Action: 0, Confidence: 1.0000, Safety Mode: SAFE_HOLD, Override: Safe hold mode active
2025-05-28 04:02:20,124 - INFO - [AUDIT] - Action: 0, Confidence: 1.0000, Safety Mode: SAFE_HOLD, Override: Safe hold mode active
2025-05-28 04:02:20,124 - INFO - [AUDIT] - Action: 0, Confidence: 1.0000, Safety Mode: SAFE_HOLD, Override: Safe hold mode active
2025-05-28 04:02:20,124 - INFO - [AUDIT] - Action: 0, Confidence: 1.0000, Safety Mode: SAFE_HOLD, Override: Safe hold mode active
2025-05-28 04:02:20,124 - INFO - [AUDIT] - Action: 0, Confidence: 1.0000, Safety Mode: SAFE_HOLD, Override: Safe hold mode active
2025-05-28 04:02:20,124 - INFO - [AUDIT] - Action: 0, Confidence: 1.0000, Safety Mode: SAFE_HOLD, Override: Safe hold mode active
2025-05-28 04:02:20,125 - INFO - [AUDIT] - Action: 0, Confidence: 1.0000, Safety Mode: SAFE_HOLD, Override: Safe hold mode active
2025-05-28 04:02:20,125 - INFO - [AUDIT] - Action: 0, Confidence: 1.0000, Safety Mode: SAFE_HOLD, Override: Safe hold mode active
2025-05-28 04:02:20,125 - INFO - [AUDIT] - Action: 0, Confidence: 1.0000, Safety Mode: SAFE_HOLD, Override: Safe hold mode active
2025-05-28 04:02:20,125 - INFO - [AUDIT] - Action: 0, Confidence: 1.0000, Safety Mode: SAFE_HOLD, Override: Safe hold mode active
2025-05-28 04:02:20,125 - INFO - [AUDIT] - Action: 0, Confidence: 1.0000, Safety Mode: SAFE_HOLD, Override: Safe hold mode active
2025-05-28 04:02:20,125 - INFO - [AUDIT] - Action: 0, Confidence: 1.0000, Safety Mode: SAFE_HOLD, Override: Safe hold mode active
2025-05-28 04:02:20,126 - INFO - [AUDIT] - Action: 0, Confidence: 1.0000, Safety Mode: SAFE_HOLD, Override: Safe hold mode active
2025-05-28 04:02:20,126 - INFO - [AUDIT] - Action: 0, Confidence: 1.0000, Safety Mode: SAFE_HOLD, Override: Safe hold mode active
2025-05-28 04:02:20,126 - INFO - [AUDIT] - Action: 0, Confidence: 1.0000, Safety Mode: SAFE_HOLD, Override: Safe hold mode active
2025-05-28 04:02:20,126 - INFO - [AUDIT] - Action: 0, Confidence: 1.0000, Safety Mode: SAFE_HOLD, Override: Safe hold mode active
2025-05-28 04:02:20,126 - INFO - [AUDIT] - Action: 0, Confidence: 1.0000, Safety Mode: SAFE_HOLD, Override: Safe hold mode active
2025-05-28 04:02:20,127 - INFO - [AUDIT] - Action: 0, Confidence: 1.0000, Safety Mode: SAFE_HOLD, Override: Safe hold mode active
2025-05-28 04:02:20,127 - INFO - [AUDIT] - Action: 0, Confidence: 1.0000, Safety Mode: SAFE_HOLD, Override: Safe hold mode active
2025-05-28 04:02:20,127 - INFO - [AUDIT] - Action: 0, Confidence: 1.0000, Safety Mode: SAFE_HOLD, Override: Safe hold mode active
2025-05-28 04:02:20,127 - INFO - [AUDIT] - Action: 0, Confidence: 1.0000, Safety Mode: SAFE_HOLD, Override: Safe hold mode active
2025-05-28 04:02:20,127 - INFO - [AUDIT] - Action: 0, Confidence: 1.0000, Safety Mode: SAFE_HOLD, Override: Safe hold mode active
2025-05-28 04:02:20,128 - INFO - [AUDIT] - Action: 0, Confidence: 1.0000, Safety Mode: SAFE_HOLD, Override: Safe hold mode active
2025-05-28 04:02:20,128 - INFO - [AUDIT] - Action: 0, Confidence: 1.0000, Safety Mode: SAFE_HOLD, Override: Safe hold mode active
2025-05-28 04:02:20,128 - INFO - [AUDIT] - Action: 0, Confidence: 1.0000, Safety Mode: SAFE_HOLD, Override: Safe hold mode active
2025-05-28 04:02:20,128 - INFO - [AUDIT] - Action: 0, Confidence: 1.0000, Safety Mode: SAFE_HOLD, Override: Safe hold mode active
2025-05-28 04:02:20,128 - INFO - [AUDIT] - Action: 0, Confidence: 1.0000, Safety Mode: SAFE_HOLD, Override: Safe hold mode active
2025-05-28 04:02:20,129 - INFO - [AUDIT] - Action: 0, Confidence: 1.0000, Safety Mode: SAFE_HOLD, Override: Safe hold mode active
2025-05-28 04:02:20,129 - INFO - [AUDIT] - Action: 0, Confidence: 1.0000, Safety Mode: SAFE_HOLD, Override: Safe hold mode active
2025-05-28 04:02:20,129 - INFO - [AUDIT] - Action: 0, Confidence: 1.0000, Safety Mode: SAFE_HOLD, Override: Safe hold mode active
2025-05-28 04:02:20,129 - INFO - [AUDIT] - Action: 0, Confidence: 1.0000, Safety Mode: SAFE_HOLD, Override: Safe hold mode active
2025-05-28 04:02:20,129 - INFO - [AUDIT] - Action: 0, Confidence: 1.0000, Safety Mode: SAFE_HOLD, Override: Safe hold mode active
2025-05-28 04:02:20,130 - INFO - [AUDIT] - Action: 0, Confidence: 1.0000, Safety Mode: SAFE_HOLD, Override: Safe hold mode active
2025-05-28 04:02:20,130 - INFO - [AUDIT] - Action: 0, Confidence: 1.0000, Safety Mode: SAFE_HOLD, Override: Safe hold mode active
2025-05-28 04:02:20,130 - INFO - [AUDIT] - Action: 0, Confidence: 1.0000, Safety Mode: SAFE_HOLD, Override: Safe hold mode active
2025-05-28 04:02:20,130 - INFO - [AUDIT] - Action: 0, Confidence: 1.0000, Safety Mode: SAFE_HOLD, Override: Safe hold mode active
2025-05-28 04:02:20,130 - INFO - [AUDIT] - Action: 0, Confidence: 1.0000, Safety Mode: SAFE_HOLD, Override: Safe hold mode active
2025-05-28 04:02:20,131 - INFO - [AUDIT] - Action: 0, Confidence: 1.0000, Safety Mode: SAFE_HOLD, Override: Safe hold mode active
2025-05-28 04:02:20,131 - INFO - [AUDIT] - Action: 0, Confidence: 1.0000, Safety Mode: SAFE_HOLD, Override: Safe hold mode active
2025-05-28 04:02:20,131 - INFO - [AUDIT] - Action: 0, Confidence: 1.0000, Safety Mode: SAFE_HOLD, Override: Safe hold mode active
2025-05-28 04:02:20,131 - INFO - [AUDIT] - Action: 0, Confidence: 1.0000, Safety Mode: SAFE_HOLD, Override: Safe hold mode active
2025-05-28 04:02:20,131 - INFO - [AUDIT] - Action: 0, Confidence: 1.0000, Safety Mode: SAFE_HOLD, Override: Safe hold mode active
2025-05-28 04:02:20,131 - INFO - [AUDIT] - Action: 0, Confidence: 1.0000, Safety Mode: SAFE_HOLD, Override: Safe hold mode active
2025-05-28 04:02:20,132 - INFO - [AUDIT] - Action: 0, Confidence: 1.0000, Safety Mode: SAFE_HOLD, Override: Safe hold mode active
2025-05-28 04:02:20,132 - INFO - [AUDIT] - Action: 0, Confidence: 1.0000, Safety Mode: SAFE_HOLD, Override: Safe hold mode active
2025-05-28 04:02:20,132 - INFO - [AUDIT] - Action: 0, Confidence: 1.0000, Safety Mode: SAFE_HOLD, Override: Safe hold mode active
2025-05-28 04:02:20,132 - INFO - [AUDIT] - Action: 0, Confidence: 1.0000, Safety Mode: SAFE_HOLD, Override: Safe hold mode active
2025-05-28 04:02:20,132 - INFO - [AUDIT] - Action: 0, Confidence: 1.0000, Safety Mode: SAFE_HOLD, Override: Safe hold mode active
2025-05-28 04:02:20,133 - INFO - [AUDIT] - Action: 0, Confidence: 1.0000, Safety Mode: SAFE_HOLD, Override: Safe hold mode active
2025-05-28 04:02:20,133 - INFO - [AUDIT] - Action: 0, Confidence: 1.0000, Safety Mode: SAFE_HOLD, Override: Safe hold mode active
2025-05-28 04:02:20,133 - INFO - [AUDIT] - Action: 0, Confidence: 1.0000, Safety Mode: SAFE_HOLD, Override: Safe hold mode active
2025-05-28 04:02:20,133 - INFO - [AUDIT] - Action: 0, Confidence: 1.0000, Safety Mode: SAFE_HOLD, Override: Safe hold mode active
2025-05-28 04:02:20,133 - INFO - [AUDIT] - Action: 0, Confidence: 1.0000, Safety Mode: SAFE_HOLD, Override: Safe hold mode active
2025-05-28 04:02:20,134 - INFO - [AUDIT] - Action: 0, Confidence: 1.0000, Safety Mode: SAFE_HOLD, Override: Safe hold mode active
2025-05-28 04:02:20,134 - INFO - [AUDIT] - Action: 0, Confidence: 1.0000, Safety Mode: SAFE_HOLD, Override: Safe hold mode active
2025-05-28 04:02:20,134 - INFO - [AUDIT] - Action: 0, Confidence: 1.0000, Safety Mode: SAFE_HOLD, Override: Safe hold mode active
2025-05-28 04:02:20,134 - INFO - [AUDIT] - Action: 0, Confidence: 1.0000, Safety Mode: SAFE_HOLD, Override: Safe hold mode active
2025-05-28 04:02:20,135 - INFO - [AUDIT] - Action: 0, Confidence: 1.0000, Safety Mode: SAFE_HOLD, Override: Safe hold mode active
2025-05-28 04:02:20,135 - INFO - [AUDIT] - Action: 0, Confidence: 1.0000, Safety Mode: SAFE_HOLD, Override: Safe hold mode active
2025-05-28 04:02:20,135 - INFO - [AUDIT] - Action: 0, Confidence: 1.0000, Safety Mode: SAFE_HOLD, Override: Safe hold mode active
2025-05-28 04:02:20,135 - INFO - [AUDIT] - Action: 0, Confidence: 1.0000, Safety Mode: SAFE_HOLD, Override: Safe hold mode active
2025-05-28 04:02:20,136 - INFO - [AUDIT] - Action: 0, Confidence: 1.0000, Safety Mode: SAFE_HOLD, Override: Safe hold mode active
2025-05-28 04:02:20,136 - INFO - [AUDIT] - Action: 0, Confidence: 1.0000, Safety Mode: SAFE_HOLD, Override: Safe hold mode active
2025-05-28 04:02:20,136 - INFO - [AUDIT] - Action: 0, Confidence: 1.0000, Safety Mode: SAFE_HOLD, Override: Safe hold mode active
2025-05-28 04:02:20,136 - INFO - [AUDIT] - Action: 0, Confidence: 1.0000, Safety Mode: SAFE_HOLD, Override: Safe hold mode active
2025-05-28 04:02:20,136 - INFO - [AUDIT] - Action: 0, Confidence: 1.0000, Safety Mode: SAFE_HOLD, Override: Safe hold mode active
2025-05-28 04:02:20,137 - INFO - [AUDIT] - Action: 0, Confidence: 1.0000, Safety Mode: SAFE_HOLD, Override: Safe hold mode active
2025-05-28 04:02:20,137 - INFO - [AUDIT] - Action: 0, Confidence: 1.0000, Safety Mode: SAFE_HOLD, Override: Safe hold mode active
2025-05-28 04:02:20,137 - INFO - [AUDIT] - Action: 0, Confidence: 1.0000, Safety Mode: SAFE_HOLD, Override: Safe hold mode active
2025-05-28 04:02:20,137 - INFO - [AUDIT] - Action: 0, Confidence: 1.0000, Safety Mode: SAFE_HOLD, Override: Safe hold mode active
2025-05-28 04:02:20,137 - INFO - [AUDIT] - Action: 0, Confidence: 1.0000, Safety Mode: SAFE_HOLD, Override: Safe hold mode active
2025-05-28 04:02:20,138 - INFO - [AUDIT] - Action: 0, Confidence: 1.0000, Safety Mode: SAFE_HOLD, Override: Safe hold mode active
2025-05-28 04:02:20,138 - INFO - [AUDIT] - Action: 0, Confidence: 1.0000, Safety Mode: SAFE_HOLD, Override: Safe hold mode active
2025-05-28 04:02:20,138 - INFO - [AUDIT] - Action: 0, Confidence: 1.0000, Safety Mode: SAFE_HOLD, Override: Safe hold mode active
2025-05-28 04:02:20,138 - INFO - [AUDIT] - Action: 0, Confidence: 1.0000, Safety Mode: SAFE_HOLD, Override: Safe hold mode active
2025-05-28 04:02:20,139 - INFO - [AUDIT] - Action: 0, Confidence: 1.0000, Safety Mode: SAFE_HOLD, Override: Safe hold mode active
2025-05-28 04:02:20,139 - INFO - [AUDIT] - Action: 0, Confidence: 1.0000, Safety Mode: SAFE_HOLD, Override: Safe hold mode active
2025-05-28 04:02:20,139 - INFO - [AUDIT] - Action: 0, Confidence: 1.0000, Safety Mode: SAFE_HOLD, Override: Safe hold mode active
2025-05-28 04:02:20,139 - INFO - [AUDIT] - Action: 0, Confidence: 1.0000, Safety Mode: SAFE_HOLD, Override: Safe hold mode active
2025-05-28 04:02:20,139 - INFO - [AUDIT] - Action: 0, Confidence: 1.0000, Safety Mode: SAFE_HOLD, Override: Safe hold mode active
2025-05-28 04:02:20,139 - INFO - [AUDIT] - Action: 0, Confidence: 1.0000, Safety Mode: SAFE_HOLD, Override: Safe hold mode active
2025-05-28 04:02:20,140 - INFO - [AUDIT] - Action: 0, Confidence: 1.0000, Safety Mode: SAFE_HOLD, Override: Safe hold mode active
2025-05-28 04:02:20,140 - INFO - [AUDIT] - Action: 0, Confidence: 1.0000, Safety Mode: SAFE_HOLD, Override: Safe hold mode active
2025-05-28 04:02:20,140 - INFO - [AUDIT] - Action: 0, Confidence: 1.0000, Safety Mode: SAFE_HOLD, Override: Safe hold mode active
2025-05-28 04:02:20,140 - INFO - [AUDIT] - Action: 0, Confidence: 1.0000, Safety Mode: SAFE_HOLD, Override: Safe hold mode active
2025-05-28 04:02:20,140 - INFO - [AUDIT] - Action: 0, Confidence: 1.0000, Safety Mode: SAFE_HOLD, Override: Safe hold mode active
2025-05-28 04:02:20,141 - INFO - [AUDIT] - Action: 0, Confidence: 1.0000, Safety Mode: SAFE_HOLD, Override: Safe hold mode active
2025-05-28 04:02:20,141 - INFO - [AUDIT] - Action: 0, Confidence: 1.0000, Safety Mode: SAFE_HOLD, Override: Safe hold mode active
2025-05-28 04:02:20,141 - INFO - [AUDIT] - Action: 0, Confidence: 1.0000, Safety Mode: SAFE_HOLD, Override: Safe hold mode active
2025-05-28 04:02:20,141 - INFO - [AUDIT] - Action: 0, Confidence: 1.0000, Safety Mode: SAFE_HOLD, Override: Safe hold mode active
2025-05-28 04:02:20,141 - INFO - [AUDIT] - Action: 0, Confidence: 1.0000, Safety Mode: SAFE_HOLD, Override: Safe hold mode active
2025-05-28 04:02:20,142 - INFO - [AUDIT] - Action: 0, Confidence: 1.0000, Safety Mode: SAFE_HOLD, Override: Safe hold mode active
2025-05-28 04:02:20,142 - INFO - [AUDIT] - Action: 0, Confidence: 1.0000, Safety Mode: SAFE_HOLD, Override: Safe hold mode active
2025-05-28 04:02:20,142 - INFO - [AUDIT] - Action: 0, Confidence: 1.0000, Safety Mode: SAFE_HOLD, Override: Safe hold mode active
2025-05-28 04:02:20,142 - INFO - [AUDIT] - Action: 0, Confidence: 1.0000, Safety Mode: SAFE_HOLD, Override: Safe hold mode active
2025-05-28 04:02:20,142 - INFO - [AUDIT] - Action: 0, Confidence: 1.0000, Safety Mode: SAFE_HOLD, Override: Safe hold mode active
2025-05-28 04:02:20,142 - INFO - [AUDIT] - Action: 0, Confidence: 1.0000, Safety Mode: SAFE_HOLD, Override: Safe hold mode active
2025-05-28 04:02:20,143 - INFO - [AUDIT] - Action: 0, Confidence: 1.0000, Safety Mode: SAFE_HOLD, Override: Safe hold mode active
2025-05-28 04:02:20,143 - INFO - [AUDIT] - Action: 0, Confidence: 1.0000, Safety Mode: SAFE_HOLD, Override: Safe hold mode active
2025-05-28 04:02:20,143 - INFO - [AUDIT] - Action: 0, Confidence: 1.0000, Safety Mode: SAFE_HOLD, Override: Safe hold mode active
2025-05-28 04:02:20,143 - INFO - [AUDIT] - Action: 0, Confidence: 1.0000, Safety Mode: SAFE_HOLD, Override: Safe hold mode active
2025-05-28 04:02:20,144 - INFO - [AUDIT] - Action: 0, Confidence: 1.0000, Safety Mode: SAFE_HOLD, Override: Safe hold mode active
2025-05-28 04:02:20,144 - INFO - [AUDIT] - Action: 0, Confidence: 1.0000, Safety Mode: SAFE_HOLD, Override: Safe hold mode active
2025-05-28 04:02:20,144 - INFO - [AUDIT] - Action: 0, Confidence: 1.0000, Safety Mode: SAFE_HOLD, Override: Safe hold mode active
2025-05-28 04:02:20,144 - INFO - [AUDIT] - Action: 0, Confidence: 1.0000, Safety Mode: SAFE_HOLD, Override: Safe hold mode active
2025-05-28 04:02:20,144 - INFO - [AUDIT] - Action: 0, Confidence: 1.0000, Safety Mode: SAFE_HOLD, Override: Safe hold mode active
2025-05-28 04:02:20,145 - INFO - [AUDIT] - Action: 0, Confidence: 1.0000, Safety Mode: SAFE_HOLD, Override: Safe hold mode active
2025-05-28 04:02:20,145 - INFO - [AUDIT] - Action: 0, Confidence: 1.0000, Safety Mode: SAFE_HOLD, Override: Safe hold mode active
2025-05-28 04:02:20,145 - INFO - [AUDIT] - Action: 0, Confidence: 1.0000, Safety Mode: SAFE_HOLD, Override: Safe hold mode active
2025-05-28 04:02:20,145 - INFO - [AUDIT] - Action: 0, Confidence: 1.0000, Safety Mode: SAFE_HOLD, Override: Safe hold mode active
2025-05-28 04:02:20,145 - INFO - [AUDIT] - Action: 0, Confidence: 1.0000, Safety Mode: SAFE_HOLD, Override: Safe hold mode active
2025-05-28 04:02:20,146 - INFO - [AUDIT] - Action: 0, Confidence: 1.0000, Safety Mode: SAFE_HOLD, Override: Safe hold mode active
2025-05-28 04:02:20,146 - INFO - [AUDIT] - Action: 0, Confidence: 1.0000, Safety Mode: SAFE_HOLD, Override: Safe hold mode active
2025-05-28 04:02:20,146 - INFO - [AUDIT] - Action: 0, Confidence: 1.0000, Safety Mode: SAFE_HOLD, Override: Safe hold mode active
2025-05-28 04:02:20,146 - INFO - [AUDIT] - Action: 0, Confidence: 1.0000, Safety Mode: SAFE_HOLD, Override: Safe hold mode active
2025-05-28 04:02:20,146 - INFO - [AUDIT] - Action: 0, Confidence: 1.0000, Safety Mode: SAFE_HOLD, Override: Safe hold mode active
2025-05-28 04:02:20,147 - INFO - [AUDIT] - Action: 0, Confidence: 1.0000, Safety Mode: SAFE_HOLD, Override: Safe hold mode active
2025-05-28 04:02:20,147 - INFO - [AUDIT] - Action: 0, Confidence: 1.0000, Safety Mode: SAFE_HOLD, Override: Safe hold mode active
2025-05-28 04:02:20,147 - INFO - [AUDIT] - Action: 0, Confidence: 1.0000, Safety Mode: SAFE_HOLD, Override: Safe hold mode active
2025-05-28 04:02:20,147 - INFO - [AUDIT] - Action: 0, Confidence: 1.0000, Safety Mode: SAFE_HOLD, Override: Safe hold mode active
2025-05-28 04:02:20,147 - INFO - [AUDIT] - Action: 0, Confidence: 1.0000, Safety Mode: SAFE_HOLD, Override: Safe hold mode active
2025-05-28 04:02:20,147 - INFO - [AUDIT] - Action: 0, Confidence: 1.0000, Safety Mode: SAFE_HOLD, Override: Safe hold mode active
2025-05-28 04:02:20,148 - INFO - [AUDIT] - Action: 0, Confidence: 1.0000, Safety Mode: SAFE_HOLD, Override: Safe hold mode active
2025-05-28 04:02:20,148 - INFO - [AUDIT] - Action: 0, Confidence: 1.0000, Safety Mode: SAFE_HOLD, Override: Safe hold mode active
2025-05-28 04:02:20,148 - INFO - [AUDIT] - Action: 0, Confidence: 1.0000, Safety Mode: SAFE_HOLD, Override: Safe hold mode active
2025-05-28 04:02:20,148 - INFO - [AUDIT] - Action: 0, Confidence: 1.0000, Safety Mode: SAFE_HOLD, Override: Safe hold mode active
2025-05-28 04:02:20,149 - INFO - [AUDIT] - Action: 0, Confidence: 1.0000, Safety Mode: SAFE_HOLD, Override: Safe hold mode active
2025-05-28 04:02:20,149 - INFO - [AUDIT] - Action: 0, Confidence: 1.0000, Safety Mode: SAFE_HOLD, Override: Safe hold mode active
2025-05-28 04:02:20,149 - INFO - [AUDIT] - Action: 0, Confidence: 1.0000, Safety Mode: SAFE_HOLD, Override: Safe hold mode active
2025-05-28 04:02:20,149 - INFO - [AUDIT] - Action: 0, Confidence: 1.0000, Safety Mode: SAFE_HOLD, Override: Safe hold mode active
2025-05-28 04:02:20,149 - INFO - [AUDIT] - Action: 0, Confidence: 1.0000, Safety Mode: SAFE_HOLD, Override: Safe hold mode active
2025-05-28 04:02:20,150 - INFO - [AUDIT] - Action: 0, Confidence: 1.0000, Safety Mode: SAFE_HOLD, Override: Safe hold mode active
2025-05-28 04:02:20,150 - INFO - [AUDIT] - Action: 0, Confidence: 1.0000, Safety Mode: SAFE_HOLD, Override: Safe hold mode active
2025-05-28 04:02:20,150 - INFO - [AUDIT] - Action: 0, Confidence: 1.0000, Safety Mode: SAFE_HOLD, Override: Safe hold mode active
2025-05-28 04:02:20,150 - INFO - [AUDIT] - Action: 0, Confidence: 1.0000, Safety Mode: SAFE_HOLD, Override: Safe hold mode active
2025-05-28 04:02:20,150 - INFO - [AUDIT] - Action: 0, Confidence: 1.0000, Safety Mode: SAFE_HOLD, Override: Safe hold mode active
2025-05-28 04:02:20,150 - INFO - [AUDIT] - Action: 0, Confidence: 1.0000, Safety Mode: SAFE_HOLD, Override: Safe hold mode active
2025-05-28 04:02:20,151 - INFO - [AUDIT] - Action: 0, Confidence: 1.0000, Safety Mode: SAFE_HOLD, Override: Safe hold mode active
2025-05-28 04:02:20,151 - INFO - [AUDIT] - Action: 0, Confidence: 1.0000, Safety Mode: SAFE_HOLD, Override: Safe hold mode active
2025-05-28 04:02:20,151 - INFO - [AUDIT] - Action: 0, Confidence: 1.0000, Safety Mode: SAFE_HOLD, Override: Safe hold mode active
2025-05-28 04:02:20,151 - INFO - [AUDIT] - Action: 0, Confidence: 1.0000, Safety Mode: SAFE_HOLD, Override: Safe hold mode active
2025-05-28 04:02:20,152 - INFO - [AUDIT] - Action: 0, Confidence: 1.0000, Safety Mode: SAFE_HOLD, Override: Safe hold mode active
2025-05-28 04:02:20,152 - INFO - [AUDIT] - Action: 0, Confidence: 1.0000, Safety Mode: SAFE_HOLD, Override: Safe hold mode active
2025-05-28 04:02:20,152 - INFO - [AUDIT] - Action: 0, Confidence: 1.0000, Safety Mode: SAFE_HOLD, Override: Safe hold mode active
2025-05-28 04:02:20,152 - INFO - [AUDIT] - Action: 0, Confidence: 1.0000, Safety Mode: SAFE_HOLD, Override: Safe hold mode active
2025-05-28 04:02:20,153 - INFO - [AUDIT] - Action: 0, Confidence: 1.0000, Safety Mode: SAFE_HOLD, Override: Safe hold mode active
2025-05-28 04:02:20,153 - INFO - [AUDIT] - Action: 0, Confidence: 1.0000, Safety Mode: SAFE_HOLD, Override: Safe hold mode active
2025-05-28 04:02:20,153 - INFO - [AUDIT] - Action: 0, Confidence: 1.0000, Safety Mode: SAFE_HOLD, Override: Safe hold mode active
2025-05-28 04:02:20,153 - INFO - [AUDIT] - Action: 0, Confidence: 1.0000, Safety Mode: SAFE_HOLD, Override: Safe hold mode active
2025-05-28 04:02:20,153 - INFO - [AUDIT] - Action: 0, Confidence: 1.0000, Safety Mode: SAFE_HOLD, Override: Safe hold mode active
2025-05-28 04:02:20,154 - INFO - [AUDIT] - Action: 0, Confidence: 1.0000, Safety Mode: SAFE_HOLD, Override: Safe hold mode active
2025-05-28 04:02:20,154 - INFO - [AUDIT] - Action: 0, Confidence: 1.0000, Safety Mode: SAFE_HOLD, Override: Safe hold mode active
2025-05-28 04:02:20,154 - INFO - [AUDIT] - Action: 0, Confidence: 1.0000, Safety Mode: SAFE_HOLD, Override: Safe hold mode active
2025-05-28 04:02:20,154 - INFO - [AUDIT] - Action: 0, Confidence: 1.0000, Safety Mode: SAFE_HOLD, Override: Safe hold mode active
2025-05-28 04:02:20,154 - INFO - [AUDIT] - Action: 0, Confidence: 1.0000, Safety Mode: SAFE_HOLD, Override: Safe hold mode active
2025-05-28 04:02:20,155 - INFO - [AUDIT] - Action: 0, Confidence: 1.0000, Safety Mode: SAFE_HOLD, Override: Safe hold mode active
2025-05-28 04:02:20,155 - INFO - [AUDIT] - Action: 0, Confidence: 1.0000, Safety Mode: SAFE_HOLD, Override: Safe hold mode active
2025-05-28 04:02:20,155 - INFO - [AUDIT] - Action: 0, Confidence: 1.0000, Safety Mode: SAFE_HOLD, Override: Safe hold mode active
2025-05-28 04:02:20,155 - INFO - [AUDIT] - Action: 0, Confidence: 1.0000, Safety Mode: SAFE_HOLD, Override: Safe hold mode active
2025-05-28 04:02:20,156 - INFO - [AUDIT] - Action: 0, Confidence: 1.0000, Safety Mode: SAFE_HOLD, Override: Safe hold mode active
2025-05-28 04:02:20,156 - INFO - [AUDIT] - Action: 0, Confidence: 1.0000, Safety Mode: SAFE_HOLD, Override: Safe hold mode active
2025-05-28 04:02:20,156 - INFO - [AUDIT] - Action: 0, Confidence: 1.0000, Safety Mode: SAFE_HOLD, Override: Safe hold mode active
2025-05-28 04:02:20,156 - INFO - [AUDIT] - Action: 0, Confidence: 1.0000, Safety Mode: SAFE_HOLD, Override: Safe hold mode active
2025-05-28 04:02:20,157 - INFO - [AUDIT] - Action: 0, Confidence: 1.0000, Safety Mode: SAFE_HOLD, Override: Safe hold mode active
2025-05-28 04:02:20,157 - INFO - [AUDIT] - Action: 0, Confidence: 1.0000, Safety Mode: SAFE_HOLD, Override: Safe hold mode active
2025-05-28 04:02:20,157 - INFO - [AUDIT] - Action: 0, Confidence: 1.0000, Safety Mode: SAFE_HOLD, Override: Safe hold mode active
2025-05-28 04:02:20,157 - INFO - [AUDIT] - Action: 0, Confidence: 1.0000, Safety Mode: SAFE_HOLD, Override: Safe hold mode active
2025-05-28 04:02:20,157 - INFO - [AUDIT] - Action: 0, Confidence: 1.0000, Safety Mode: SAFE_HOLD, Override: Safe hold mode active
2025-05-28 04:02:20,157 - INFO - [AUDIT] - Action: 0, Confidence: 1.0000, Safety Mode: SAFE_HOLD, Override: Safe hold mode active
2025-05-28 04:02:20,158 - INFO - [AUDIT] - Action: 0, Confidence: 1.0000, Safety Mode: SAFE_HOLD, Override: Safe hold mode active
2025-05-28 04:02:20,158 - INFO - [AUDIT] - Action: 0, Confidence: 1.0000, Safety Mode: SAFE_HOLD, Override: Safe hold mode active
2025-05-28 04:02:20,158 - INFO - [AUDIT] - Action: 0, Confidence: 1.0000, Safety Mode: SAFE_HOLD, Override: Safe hold mode active
2025-05-28 04:02:20,158 - INFO - [AUDIT] - Action: 0, Confidence: 1.0000, Safety Mode: SAFE_HOLD, Override: Safe hold mode active
2025-05-28 04:02:20,159 - INFO - [AUDIT] - Action: 0, Confidence: 1.0000, Safety Mode: SAFE_HOLD, Override: Safe hold mode active
2025-05-28 04:02:20,159 - INFO - [AUDIT] - Action: 0, Confidence: 1.0000, Safety Mode: SAFE_HOLD, Override: Safe hold mode active
2025-05-28 04:02:20,159 - INFO - [AUDIT] - Action: 0, Confidence: 1.0000, Safety Mode: SAFE_HOLD, Override: Safe hold mode active
2025-05-28 04:02:20,159 - INFO - [AUDIT] - Action: 0, Confidence: 1.0000, Safety Mode: SAFE_HOLD, Override: Safe hold mode active
2025-05-28 04:02:20,159 - INFO - [AUDIT] - Action: 0, Confidence: 1.0000, Safety Mode: SAFE_HOLD, Override: Safe hold mode active
2025-05-28 04:02:20,160 - INFO - [AUDIT] - Action: 0, Confidence: 1.0000, Safety Mode: SAFE_HOLD, Override: Safe hold mode active
2025-05-28 04:02:20,160 - INFO - [AUDIT] - Action: 0, Confidence: 1.0000, Safety Mode: SAFE_HOLD, Override: Safe hold mode active
2025-05-28 04:02:20,160 - INFO - [AUDIT] - Action: 0, Confidence: 1.0000, Safety Mode: SAFE_HOLD, Override: Safe hold mode active
2025-05-28 04:02:20,160 - INFO - [AUDIT] - Action: 0, Confidence: 1.0000, Safety Mode: SAFE_HOLD, Override: Safe hold mode active
2025-05-28 04:02:20,160 - INFO - [AUDIT] - Action: 0, Confidence: 1.0000, Safety Mode: SAFE_HOLD, Override: Safe hold mode active
2025-05-28 04:02:20,160 - INFO - [AUDIT] - Action: 0, Confidence: 1.0000, Safety Mode: SAFE_HOLD, Override: Safe hold mode active
2025-05-28 04:02:20,161 - INFO - [AUDIT] - Action: 0, Confidence: 1.0000, Safety Mode: SAFE_HOLD, Override: Safe hold mode active
2025-05-28 04:02:20,161 - INFO - [AUDIT] - Action: 0, Confidence: 1.0000, Safety Mode: SAFE_HOLD, Override: Safe hold mode active
2025-05-28 04:02:20,161 - INFO - [AUDIT] - Action: 0, Confidence: 1.0000, Safety Mode: SAFE_HOLD, Override: Safe hold mode active
2025-05-28 04:02:20,161 - INFO - [AUDIT] - Action: 0, Confidence: 1.0000, Safety Mode: SAFE_HOLD, Override: Safe hold mode active
2025-05-28 04:02:20,161 - INFO - [AUDIT] - Action: 0, Confidence: 1.0000, Safety Mode: SAFE_HOLD, Override: Safe hold mode active
2025-05-28 04:02:20,162 - INFO - [AUDIT] - Action: 0, Confidence: 1.0000, Safety Mode: SAFE_HOLD, Override: Safe hold mode active
2025-05-28 04:02:20,162 - INFO - [AUDIT] - Action: 0, Confidence: 1.0000, Safety Mode: SAFE_HOLD, Override: Safe hold mode active
2025-05-28 04:02:20,162 - INFO - [AUDIT] - Action: 0, Confidence: 1.0000, Safety Mode: SAFE_HOLD, Override: Safe hold mode active
2025-05-28 04:02:20,162 - INFO - [AUDIT] - Action: 0, Confidence: 1.0000, Safety Mode: SAFE_HOLD, Override: Safe hold mode active
2025-05-28 04:02:20,162 - INFO - [AUDIT] - Action: 0, Confidence: 1.0000, Safety Mode: SAFE_HOLD, Override: Safe hold mode active
2025-05-28 04:02:20,163 - INFO - [AUDIT] - Action: 0, Confidence: 1.0000, Safety Mode: SAFE_HOLD, Override: Safe hold mode active
2025-05-28 04:02:20,163 - INFO - [AUDIT] - Action: 0, Confidence: 1.0000, Safety Mode: SAFE_HOLD, Override: Safe hold mode active
2025-05-28 04:02:20,163 - INFO - [AUDIT] - Action: 0, Confidence: 1.0000, Safety Mode: SAFE_HOLD, Override: Safe hold mode active
2025-05-28 04:02:20,163 - INFO - [AUDIT] - Action: 0, Confidence: 1.0000, Safety Mode: SAFE_HOLD, Override: Safe hold mode active
2025-05-28 04:02:20,163 - INFO - [AUDIT] - Action: 0, Confidence: 1.0000, Safety Mode: SAFE_HOLD, Override: Safe hold mode active
2025-05-28 04:02:20,164 - INFO - [AUDIT] - Action: 0, Confidence: 1.0000, Safety Mode: SAFE_HOLD, Override: Safe hold mode active
2025-05-28 04:02:20,164 - INFO - [AUDIT] - Action: 0, Confidence: 1.0000, Safety Mode: SAFE_HOLD, Override: Safe hold mode active
2025-05-28 04:02:20,164 - INFO - [AUDIT] - Action: 0, Confidence: 1.0000, Safety Mode: SAFE_HOLD, Override: Safe hold mode active
2025-05-28 04:02:20,164 - INFO - [AUDIT] - Action: 0, Confidence: 1.0000, Safety Mode: SAFE_HOLD, Override: Safe hold mode active
2025-05-28 04:02:20,164 - INFO - [AUDIT] - Action: 0, Confidence: 1.0000, Safety Mode: SAFE_HOLD, Override: Safe hold mode active
2025-05-28 04:02:20,165 - INFO - [AUDIT] - Action: 0, Confidence: 1.0000, Safety Mode: SAFE_HOLD, Override: Safe hold mode active
2025-05-28 04:02:20,165 - INFO - [AUDIT] - Action: 0, Confidence: 1.0000, Safety Mode: SAFE_HOLD, Override: Safe hold mode active
2025-05-28 04:02:20,165 - INFO - [AUDIT] - Action: 0, Confidence: 1.0000, Safety Mode: SAFE_HOLD, Override: Safe hold mode active
2025-05-28 04:02:20,165 - INFO - [AUDIT] - Action: 0, Confidence: 1.0000, Safety Mode: SAFE_HOLD, Override: Safe hold mode active
2025-05-28 04:02:20,165 - INFO - [AUDIT] - Action: 0, Confidence: 1.0000, Safety Mode: SAFE_HOLD, Override: Safe hold mode active
2025-05-28 04:02:20,166 - INFO - [AUDIT] - Action: 0, Confidence: 1.0000, Safety Mode: SAFE_HOLD, Override: Safe hold mode active
2025-05-28 04:02:20,166 - INFO - [AUDIT] - Action: 0, Confidence: 1.0000, Safety Mode: SAFE_HOLD, Override: Safe hold mode active
2025-05-28 04:02:20,166 - INFO - [AUDIT] - Action: 0, Confidence: 1.0000, Safety Mode: SAFE_HOLD, Override: Safe hold mode active
2025-05-28 04:02:20,166 - INFO - [AUDIT] - Action: 0, Confidence: 1.0000, Safety Mode: SAFE_HOLD, Override: Safe hold mode active
2025-05-28 04:02:20,166 - INFO - [AUDIT] - Action: 0, Confidence: 1.0000, Safety Mode: SAFE_HOLD, Override: Safe hold mode active
2025-05-28 04:02:20,167 - INFO - [AUDIT] - Action: 0, Confidence: 1.0000, Safety Mode: SAFE_HOLD, Override: Safe hold mode active
2025-05-28 04:02:20,167 - INFO - [AUDIT] - Action: 0, Confidence: 1.0000, Safety Mode: SAFE_HOLD, Override: Safe hold mode active
2025-05-28 04:02:20,167 - INFO - [AUDIT] - Action: 0, Confidence: 1.0000, Safety Mode: SAFE_HOLD, Override: Safe hold mode active
2025-05-28 04:02:20,167 - INFO - [AUDIT] - Action: 0, Confidence: 1.0000, Safety Mode: SAFE_HOLD, Override: Safe hold mode active
2025-05-28 04:02:20,167 - INFO - [AUDIT] - Action: 0, Confidence: 1.0000, Safety Mode: SAFE_HOLD, Override: Safe hold mode active
2025-05-28 04:02:20,168 - INFO - [AUDIT] - Action: 0, Confidence: 1.0000, Safety Mode: SAFE_HOLD, Override: Safe hold mode active
2025-05-28 04:02:20,168 - INFO - [AUDIT] - Action: 0, Confidence: 1.0000, Safety Mode: SAFE_HOLD, Override: Safe hold mode active
2025-05-28 04:02:20,168 - INFO - [AUDIT] - Action: 0, Confidence: 1.0000, Safety Mode: SAFE_HOLD, Override: Safe hold mode active
2025-05-28 04:02:20,168 - INFO - [AUDIT] - Action: 0, Confidence: 1.0000, Safety Mode: SAFE_HOLD, Override: Safe hold mode active
2025-05-28 04:02:20,168 - INFO - [AUDIT] - Action: 0, Confidence: 1.0000, Safety Mode: SAFE_HOLD, Override: Safe hold mode active
2025-05-28 04:02:20,169 - INFO - [AUDIT] - Action: 0, Confidence: 1.0000, Safety Mode: SAFE_HOLD, Override: Safe hold mode active
2025-05-28 04:02:20,169 - INFO - [AUDIT] - Action: 0, Confidence: 1.0000, Safety Mode: SAFE_HOLD, Override: Safe hold mode active
2025-05-28 04:02:20,169 - INFO - [AUDIT] - Action: 0, Confidence: 1.0000, Safety Mode: SAFE_HOLD, Override: Safe hold mode active
2025-05-28 04:02:20,169 - INFO - [AUDIT] - Action: 0, Confidence: 1.0000, Safety Mode: SAFE_HOLD, Override: Safe hold mode active
2025-05-28 04:02:20,169 - INFO - [AUDIT] - Action: 0, Confidence: 1.0000, Safety Mode: SAFE_HOLD, Override: Safe hold mode active
2025-05-28 04:02:20,170 - INFO - [AUDIT] - Action: 0, Confidence: 1.0000, Safety Mode: SAFE_HOLD, Override: Safe hold mode active
2025-05-28 04:02:20,170 - INFO - [AUDIT] - Action: 0, Confidence: 1.0000, Safety Mode: SAFE_HOLD, Override: Safe hold mode active
2025-05-28 04:02:20,170 - INFO - [AUDIT] - Action: 0, Confidence: 1.0000, Safety Mode: SAFE_HOLD, Override: Safe hold mode active
2025-05-28 04:02:20,170 - INFO - [AUDIT] - Action: 0, Confidence: 1.0000, Safety Mode: SAFE_HOLD, Override: Safe hold mode active
2025-05-28 04:02:20,170 - INFO - [AUDIT] - Action: 0, Confidence: 1.0000, Safety Mode: SAFE_HOLD, Override: Safe hold mode active
2025-05-28 04:02:20,171 - INFO - [AUDIT] - Action: 0, Confidence: 1.0000, Safety Mode: SAFE_HOLD, Override: Safe hold mode active
2025-05-28 04:02:20,171 - INFO - [AUDIT] - Action: 0, Confidence: 1.0000, Safety Mode: SAFE_HOLD, Override: Safe hold mode active
2025-05-28 04:02:20,171 - INFO - [AUDIT] - Action: 0, Confidence: 1.0000, Safety Mode: SAFE_HOLD, Override: Safe hold mode active
2025-05-28 04:02:20,171 - INFO - [AUDIT] - Action: 0, Confidence: 1.0000, Safety Mode: SAFE_HOLD, Override: Safe hold mode active
2025-05-28 04:02:20,171 - INFO - [AUDIT] - Action: 0, Confidence: 1.0000, Safety Mode: SAFE_HOLD, Override: Safe hold mode active
2025-05-28 04:02:20,172 - INFO - [AUDIT] - Action: 0, Confidence: 1.0000, Safety Mode: SAFE_HOLD, Override: Safe hold mode active
2025-05-28 04:02:20,172 - INFO - [AUDIT] - Action: 0, Confidence: 1.0000, Safety Mode: SAFE_HOLD, Override: Safe hold mode active
2025-05-28 04:02:20,172 - INFO - [AUDIT] - Action: 0, Confidence: 1.0000, Safety Mode: SAFE_HOLD, Override: Safe hold mode active
2025-05-28 04:02:20,172 - INFO - [AUDIT] - Action: 0, Confidence: 1.0000, Safety Mode: SAFE_HOLD, Override: Safe hold mode active
2025-05-28 04:02:20,172 - INFO - [AUDIT] - Action: 0, Confidence: 1.0000, Safety Mode: SAFE_HOLD, Override: Safe hold mode active
2025-05-28 04:02:20,173 - INFO - [AUDIT] - Action: 0, Confidence: 1.0000, Safety Mode: SAFE_HOLD, Override: Safe hold mode active
2025-05-28 04:02:20,173 - INFO - [AUDIT] - Action: 0, Confidence: 1.0000, Safety Mode: SAFE_HOLD, Override: Safe hold mode active
2025-05-28 04:02:20,173 - INFO - [AUDIT] - Action: 0, Confidence: 1.0000, Safety Mode: SAFE_HOLD, Override: Safe hold mode active
2025-05-28 04:02:20,173 - INFO - [AUDIT] - Action: 0, Confidence: 1.0000, Safety Mode: SAFE_HOLD, Override: Safe hold mode active
2025-05-28 04:02:20,173 - INFO - [AUDIT] - Action: 0, Confidence: 1.0000, Safety Mode: SAFE_HOLD, Override: Safe hold mode active
2025-05-28 04:02:20,174 - INFO - [AUDIT] - Action: 0, Confidence: 1.0000, Safety Mode: SAFE_HOLD, Override: Safe hold mode active
2025-05-28 04:02:20,174 - INFO - [AUDIT] - Action: 0, Confidence: 1.0000, Safety Mode: SAFE_HOLD, Override: Safe hold mode active
2025-05-28 04:02:20,174 - INFO - [AUDIT] - Action: 0, Confidence: 1.0000, Safety Mode: SAFE_HOLD, Override: Safe hold mode active
2025-05-28 04:02:20,174 - INFO - [AUDIT] - Action: 0, Confidence: 1.0000, Safety Mode: SAFE_HOLD, Override: Safe hold mode active
2025-05-28 04:02:20,174 - INFO - [AUDIT] - Action: 0, Confidence: 1.0000, Safety Mode: SAFE_HOLD, Override: Safe hold mode active
2025-05-28 04:02:20,174 - INFO - [AUDIT] - Action: 0, Confidence: 1.0000, Safety Mode: SAFE_HOLD, Override: Safe hold mode active
2025-05-28 04:02:20,175 - INFO - [AUDIT] - Action: 0, Confidence: 1.0000, Safety Mode: SAFE_HOLD, Override: Safe hold mode active
2025-05-28 04:02:20,175 - INFO - [AUDIT] - Action: 0, Confidence: 1.0000, Safety Mode: SAFE_HOLD, Override: Safe hold mode active
2025-05-28 04:02:20,175 - INFO - [AUDIT] - Action: 0, Confidence: 1.0000, Safety Mode: SAFE_HOLD, Override: Safe hold mode active
2025-05-28 04:02:20,175 - INFO - [AUDIT] - Action: 0, Confidence: 1.0000, Safety Mode: SAFE_HOLD, Override: Safe hold mode active
2025-05-28 04:02:20,175 - INFO - [AUDIT] - Action: 0, Confidence: 1.0000, Safety Mode: SAFE_HOLD, Override: Safe hold mode active
2025-05-28 04:02:20,176 - INFO - [AUDIT] - Action: 0, Confidence: 1.0000, Safety Mode: SAFE_HOLD, Override: Safe hold mode active
2025-05-28 04:02:20,176 - INFO - [AUDIT] - Action: 0, Confidence: 1.0000, Safety Mode: SAFE_HOLD, Override: Safe hold mode active
2025-05-28 04:02:20,176 - INFO - [AUDIT] - Action: 0, Confidence: 1.0000, Safety Mode: SAFE_HOLD, Override: Safe hold mode active
2025-05-28 04:02:20,176 - INFO - [AUDIT] - Action: 0, Confidence: 1.0000, Safety Mode: SAFE_HOLD, Override: Safe hold mode active
2025-05-28 04:02:20,176 - INFO - [AUDIT] - Action: 0, Confidence: 1.0000, Safety Mode: SAFE_HOLD, Override: Safe hold mode active
2025-05-28 04:02:20,177 - INFO - [AUDIT] - Action: 0, Confidence: 1.0000, Safety Mode: SAFE_HOLD, Override: Safe hold mode active
2025-05-28 04:02:20,177 - INFO - [AUDIT] - Action: 0, Confidence: 1.0000, Safety Mode: SAFE_HOLD, Override: Safe hold mode active
2025-05-28 04:02:20,177 - INFO - [AUDIT] - Action: 0, Confidence: 1.0000, Safety Mode: SAFE_HOLD, Override: Safe hold mode active
2025-05-28 04:02:20,177 - INFO - [AUDIT] - Action: 0, Confidence: 1.0000, Safety Mode: SAFE_HOLD, Override: Safe hold mode active
2025-05-28 04:02:20,177 - INFO - [AUDIT] - Action: 0, Confidence: 1.0000, Safety Mode: SAFE_HOLD, Override: Safe hold mode active
2025-05-28 04:02:20,178 - INFO - [AUDIT] - Action: 0, Confidence: 1.0000, Safety Mode: SAFE_HOLD, Override: Safe hold mode active
2025-05-28 04:02:20,178 - INFO - [AUDIT] - Action: 0, Confidence: 1.0000, Safety Mode: SAFE_HOLD, Override: Safe hold mode active
2025-05-28 04:02:20,178 - INFO - [AUDIT] - Action: 0, Confidence: 1.0000, Safety Mode: SAFE_HOLD, Override: Safe hold mode active
2025-05-28 04:02:20,178 - INFO - [AUDIT] - Action: 0, Confidence: 1.0000, Safety Mode: SAFE_HOLD, Override: Safe hold mode active
2025-05-28 04:02:20,178 - INFO - [AUDIT] - Action: 0, Confidence: 1.0000, Safety Mode: SAFE_HOLD, Override: Safe hold mode active
2025-05-28 04:02:20,179 - INFO - [AUDIT] - Action: 0, Confidence: 1.0000, Safety Mode: SAFE_HOLD, Override: Safe hold mode active
2025-05-28 04:02:20,179 - INFO - [AUDIT] - Action: 0, Confidence: 1.0000, Safety Mode: SAFE_HOLD, Override: Safe hold mode active
2025-05-28 04:02:20,179 - INFO - [AUDIT] - Action: 0, Confidence: 1.0000, Safety Mode: SAFE_HOLD, Override: Safe hold mode active
2025-05-28 04:02:20,179 - INFO - [AUDIT] - Action: 0, Confidence: 1.0000, Safety Mode: SAFE_HOLD, Override: Safe hold mode active
2025-05-28 04:02:20,179 - INFO - [AUDIT] - Action: 0, Confidence: 1.0000, Safety Mode: SAFE_HOLD, Override: Safe hold mode active
2025-05-28 04:02:20,180 - INFO - [AUDIT] - Action: 0, Confidence: 1.0000, Safety Mode: SAFE_HOLD, Override: Safe hold mode active
2025-05-28 04:02:20,180 - INFO - [AUDIT] - Action: 0, Confidence: 1.0000, Safety Mode: SAFE_HOLD, Override: Safe hold mode active
2025-05-28 04:02:20,180 - INFO - [AUDIT] - Action: 0, Confidence: 1.0000, Safety Mode: SAFE_HOLD, Override: Safe hold mode active
2025-05-28 04:02:20,180 - INFO - [AUDIT] - Action: 0, Confidence: 1.0000, Safety Mode: SAFE_HOLD, Override: Safe hold mode active
2025-05-28 04:02:20,180 - INFO - [AUDIT] - Action: 0, Confidence: 1.0000, Safety Mode: SAFE_HOLD, Override: Safe hold mode active
2025-05-28 04:02:20,181 - INFO - [AUDIT] - Action: 0, Confidence: 1.0000, Safety Mode: SAFE_HOLD, Override: Safe hold mode active
2025-05-28 04:02:20,181 - INFO - [AUDIT] - Action: 0, Confidence: 1.0000, Safety Mode: SAFE_HOLD, Override: Safe hold mode active
2025-05-28 04:02:20,181 - INFO - [AUDIT] - Action: 0, Confidence: 1.0000, Safety Mode: SAFE_HOLD, Override: Safe hold mode active
2025-05-28 04:02:20,181 - INFO - [AUDIT] - Action: 0, Confidence: 1.0000, Safety Mode: SAFE_HOLD, Override: Safe hold mode active
2025-05-28 04:02:20,181 - INFO - [AUDIT] - Action: 0, Confidence: 1.0000, Safety Mode: SAFE_HOLD, Override: Safe hold mode active
2025-05-28 04:02:20,182 - INFO - [AUDIT] - Action: 0, Confidence: 1.0000, Safety Mode: SAFE_HOLD, Override: Safe hold mode active
2025-05-28 04:02:20,182 - INFO - [AUDIT] - Action: 0, Confidence: 1.0000, Safety Mode: SAFE_HOLD, Override: Safe hold mode active
2025-05-28 04:02:20,182 - INFO - [AUDIT] - Action: 0, Confidence: 1.0000, Safety Mode: SAFE_HOLD, Override: Safe hold mode active
2025-05-28 04:02:20,182 - INFO - [AUDIT] - Action: 0, Confidence: 1.0000, Safety Mode: SAFE_HOLD, Override: Safe hold mode active
2025-05-28 04:02:20,182 - INFO - [AUDIT] - Action: 0, Confidence: 1.0000, Safety Mode: SAFE_HOLD, Override: Safe hold mode active
2025-05-28 04:02:20,183 - INFO - [AUDIT] - Action: 0, Confidence: 1.0000, Safety Mode: SAFE_HOLD, Override: Safe hold mode active
2025-05-28 04:02:20,183 - INFO - [AUDIT] - Action: 0, Confidence: 1.0000, Safety Mode: SAFE_HOLD, Override: Safe hold mode active
2025-05-28 04:02:20,183 - INFO - [AUDIT] - Action: 0, Confidence: 1.0000, Safety Mode: SAFE_HOLD, Override: Safe hold mode active
2025-05-28 04:02:20,183 - INFO - [AUDIT] - Action: 0, Confidence: 1.0000, Safety Mode: SAFE_HOLD, Override: Safe hold mode active
2025-05-28 04:02:20,183 - INFO - [AUDIT] - Action: 0, Confidence: 1.0000, Safety Mode: SAFE_HOLD, Override: Safe hold mode active
2025-05-28 04:02:20,183 - INFO - [AUDIT] - Action: 0, Confidence: 1.0000, Safety Mode: SAFE_HOLD, Override: Safe hold mode active
2025-05-28 04:02:20,184 - INFO - [AUDIT] - Action: 0, Confidence: 1.0000, Safety Mode: SAFE_HOLD, Override: Safe hold mode active
2025-05-28 04:02:20,184 - INFO - [AUDIT] - Action: 0, Confidence: 1.0000, Safety Mode: SAFE_HOLD, Override: Safe hold mode active
2025-05-28 04:02:20,184 - INFO - [AUDIT] - Action: 0, Confidence: 1.0000, Safety Mode: SAFE_HOLD, Override: Safe hold mode active
2025-05-28 04:02:20,184 - INFO - [AUDIT] - Action: 0, Confidence: 1.0000, Safety Mode: SAFE_HOLD, Override: Safe hold mode active
2025-05-28 04:02:20,185 - INFO - [AUDIT] - Action: 0, Confidence: 1.0000, Safety Mode: SAFE_HOLD, Override: Safe hold mode active
2025-05-28 04:02:20,185 - INFO - [AUDIT] - Action: 0, Confidence: 1.0000, Safety Mode: SAFE_HOLD, Override: Safe hold mode active
2025-05-28 04:02:20,185 - INFO - [AUDIT] - Action: 0, Confidence: 1.0000, Safety Mode: SAFE_HOLD, Override: Safe hold mode active
2025-05-28 04:02:20,185 - INFO - [AUDIT] - Action: 0, Confidence: 1.0000, Safety Mode: SAFE_HOLD, Override: Safe hold mode active
2025-05-28 04:02:20,185 - INFO - [AUDIT] - Action: 0, Confidence: 1.0000, Safety Mode: SAFE_HOLD, Override: Safe hold mode active
2025-05-28 04:02:20,186 - INFO - [AUDIT] - Action: 0, Confidence: 1.0000, Safety Mode: SAFE_HOLD, Override: Safe hold mode active
2025-05-28 04:02:20,186 - INFO - [AUDIT] - Action: 0, Confidence: 1.0000, Safety Mode: SAFE_HOLD, Override: Safe hold mode active
2025-05-28 04:02:20,186 - INFO - [AUDIT] - Action: 0, Confidence: 1.0000, Safety Mode: SAFE_HOLD, Override: Safe hold mode active
2025-05-28 04:02:20,186 - INFO - [AUDIT] - Action: 0, Confidence: 1.0000, Safety Mode: SAFE_HOLD, Override: Safe hold mode active
2025-05-28 04:02:20,186 - INFO - [AUDIT] - Action: 0, Confidence: 1.0000, Safety Mode: SAFE_HOLD, Override: Safe hold mode active
2025-05-28 04:02:20,186 - INFO - [AUDIT] - Action: 0, Confidence: 1.0000, Safety Mode: SAFE_HOLD, Override: Safe hold mode active
2025-05-28 04:02:20,187 - INFO - [AUDIT] - Action: 0, Confidence: 1.0000, Safety Mode: SAFE_HOLD, Override: Safe hold mode active
2025-05-28 04:02:20,187 - INFO - [AUDIT] - Action: 0, Confidence: 1.0000, Safety Mode: SAFE_HOLD, Override: Safe hold mode active
2025-05-28 04:02:20,187 - INFO - [AUDIT] - Action: 0, Confidence: 1.0000, Safety Mode: SAFE_HOLD, Override: Safe hold mode active
2025-05-28 04:02:20,187 - INFO - [AUDIT] - Action: 0, Confidence: 1.0000, Safety Mode: SAFE_HOLD, Override: Safe hold mode active
2025-05-28 04:02:20,187 - INFO - [AUDIT] - Action: 0, Confidence: 1.0000, Safety Mode: SAFE_HOLD, Override: Safe hold mode active
2025-05-28 04:02:20,188 - INFO - [AUDIT] - Action: 0, Confidence: 1.0000, Safety Mode: SAFE_HOLD, Override: Safe hold mode active
2025-05-28 04:02:20,188 - INFO - [AUDIT] - Action: 0, Confidence: 1.0000, Safety Mode: SAFE_HOLD, Override: Safe hold mode active
2025-05-28 04:02:20,188 - INFO - [AUDIT] - Action: 0, Confidence: 1.0000, Safety Mode: SAFE_HOLD, Override: Safe hold mode active
2025-05-28 04:02:20,188 - INFO - [AUDIT] - Action: 0, Confidence: 1.0000, Safety Mode: SAFE_HOLD, Override: Safe hold mode active
2025-05-28 04:02:20,188 - INFO - [AUDIT] - Action: 0, Confidence: 1.0000, Safety Mode: SAFE_HOLD, Override: Safe hold mode active
2025-05-28 04:02:20,189 - INFO - [AUDIT] - Action: 0, Confidence: 1.0000, Safety Mode: SAFE_HOLD, Override: Safe hold mode active
2025-05-28 04:02:20,189 - INFO - [AUDIT] - Action: 0, Confidence: 1.0000, Safety Mode: SAFE_HOLD, Override: Safe hold mode active
2025-05-28 04:02:20,189 - INFO - [AUDIT] - Action: 0, Confidence: 1.0000, Safety Mode: SAFE_HOLD, Override: Safe hold mode active
2025-05-28 04:02:20,189 - INFO - [AUDIT] - Action: 0, Confidence: 1.0000, Safety Mode: SAFE_HOLD, Override: Safe hold mode active
2025-05-28 04:02:20,189 - INFO - [AUDIT] - Action: 0, Confidence: 1.0000, Safety Mode: SAFE_HOLD, Override: Safe hold mode active
2025-05-28 04:02:20,190 - INFO - [AUDIT] - Action: 0, Confidence: 1.0000, Safety Mode: SAFE_HOLD, Override: Safe hold mode active
2025-05-28 04:02:20,190 - INFO - [AUDIT] - Action: 0, Confidence: 1.0000, Safety Mode: SAFE_HOLD, Override: Safe hold mode active
2025-05-28 04:02:20,190 - INFO - [AUDIT] - Action: 0, Confidence: 1.0000, Safety Mode: SAFE_HOLD, Override: Safe hold mode active
2025-05-28 04:02:20,190 - INFO - [AUDIT] - Action: 0, Confidence: 1.0000, Safety Mode: SAFE_HOLD, Override: Safe hold mode active
2025-05-28 04:02:20,190 - INFO - [AUDIT] - Action: 0, Confidence: 1.0000, Safety Mode: SAFE_HOLD, Override: Safe hold mode active
2025-05-28 04:02:20,191 - INFO - [AUDIT] - Action: 0, Confidence: 1.0000, Safety Mode: SAFE_HOLD, Override: Safe hold mode active
2025-05-28 04:02:20,191 - INFO - [AUDIT] - Action: 0, Confidence: 1.0000, Safety Mode: SAFE_HOLD, Override: Safe hold mode active
2025-05-28 04:02:20,191 - INFO - [AUDIT] - Action: 0, Confidence: 1.0000, Safety Mode: SAFE_HOLD, Override: Safe hold mode active
2025-05-28 04:02:20,191 - INFO - [AUDIT] - Action: 0, Confidence: 1.0000, Safety Mode: SAFE_HOLD, Override: Safe hold mode active
2025-05-28 04:02:20,192 - INFO - [AUDIT] - Action: 0, Confidence: 1.0000, Safety Mode: SAFE_HOLD, Override: Safe hold mode active
2025-05-28 04:02:20,192 - INFO - [AUDIT] - Action: 0, Confidence: 1.0000, Safety Mode: SAFE_HOLD, Override: Safe hold mode active
2025-05-28 04:02:20,192 - INFO - [AUDIT] - Action: 0, Confidence: 1.0000, Safety Mode: SAFE_HOLD, Override: Safe hold mode active
2025-05-28 04:02:20,192 - INFO - [AUDIT] - Action: 0, Confidence: 1.0000, Safety Mode: SAFE_HOLD, Override: Safe hold mode active
2025-05-28 04:02:20,192 - INFO - [AUDIT] - Action: 0, Confidence: 1.0000, Safety Mode: SAFE_HOLD, Override: Safe hold mode active
2025-05-28 04:02:20,192 - INFO - [AUDIT] - Action: 0, Confidence: 1.0000, Safety Mode: SAFE_HOLD, Override: Safe hold mode active
2025-05-28 04:02:20,193 - INFO - [AUDIT] - Action: 0, Confidence: 1.0000, Safety Mode: SAFE_HOLD, Override: Safe hold mode active
2025-05-28 04:02:20,193 - INFO - [AUDIT] - Action: 0, Confidence: 1.0000, Safety Mode: SAFE_HOLD, Override: Safe hold mode active
2025-05-28 04:02:20,193 - INFO - [AUDIT] - Action: 0, Confidence: 1.0000, Safety Mode: SAFE_HOLD, Override: Safe hold mode active
2025-05-28 04:02:20,193 - INFO - [AUDIT] - Action: 0, Confidence: 1.0000, Safety Mode: SAFE_HOLD, Override: Safe hold mode active
2025-05-28 04:02:20,193 - INFO - [AUDIT] - Action: 0, Confidence: 1.0000, Safety Mode: SAFE_HOLD, Override: Safe hold mode active
2025-05-28 04:02:20,194 - INFO - [AUDIT] - Action: 0, Confidence: 1.0000, Safety Mode: SAFE_HOLD, Override: Safe hold mode active
2025-05-28 04:02:20,194 - INFO - [AUDIT] - Action: 0, Confidence: 1.0000, Safety Mode: SAFE_HOLD, Override: Safe hold mode active
2025-05-28 04:02:20,194 - INFO - [AUDIT] - Action: 0, Confidence: 1.0000, Safety Mode: SAFE_HOLD, Override: Safe hold mode active
2025-05-28 04:02:20,194 - INFO - [AUDIT] - Action: 0, Confidence: 1.0000, Safety Mode: SAFE_HOLD, Override: Safe hold mode active
2025-05-28 04:02:20,194 - INFO - [AUDIT] - Action: 0, Confidence: 1.0000, Safety Mode: SAFE_HOLD, Override: Safe hold mode active
2025-05-28 04:02:20,195 - INFO - [AUDIT] - Action: 0, Confidence: 1.0000, Safety Mode: SAFE_HOLD, Override: Safe hold mode active
2025-05-28 04:02:20,195 - INFO - [AUDIT] - Action: 0, Confidence: 1.0000, Safety Mode: SAFE_HOLD, Override: Safe hold mode active
2025-05-28 04:02:20,195 - INFO - [AUDIT] - Action: 0, Confidence: 1.0000, Safety Mode: SAFE_HOLD, Override: Safe hold mode active
2025-05-28 04:02:20,195 - INFO - [AUDIT] - Action: 0, Confidence: 1.0000, Safety Mode: SAFE_HOLD, Override: Safe hold mode active
2025-05-28 04:02:20,195 - INFO - [AUDIT] - Action: 0, Confidence: 1.0000, Safety Mode: SAFE_HOLD, Override: Safe hold mode active
2025-05-28 04:02:20,196 - INFO - [AUDIT] - Action: 0, Confidence: 1.0000, Safety Mode: SAFE_HOLD, Override: Safe hold mode active
2025-05-28 04:02:20,196 - INFO - [AUDIT] - Action: 0, Confidence: 1.0000, Safety Mode: SAFE_HOLD, Override: Safe hold mode active
2025-05-28 04:02:20,196 - INFO - [AUDIT] - Action: 0, Confidence: 1.0000, Safety Mode: SAFE_HOLD, Override: Safe hold mode active
2025-05-28 04:02:20,196 - INFO - [AUDIT] - Action: 0, Confidence: 1.0000, Safety Mode: SAFE_HOLD, Override: Safe hold mode active
2025-05-28 04:02:20,196 - INFO - [AUDIT] - Action: 0, Confidence: 1.0000, Safety Mode: SAFE_HOLD, Override: Safe hold mode active
2025-05-28 04:02:20,197 - INFO - [AUDIT] - Action: 0, Confidence: 1.0000, Safety Mode: SAFE_HOLD, Override: Safe hold mode active
2025-05-28 04:02:20,197 - INFO - [AUDIT] - Action: 0, Confidence: 1.0000, Safety Mode: SAFE_HOLD, Override: Safe hold mode active
2025-05-28 04:02:20,197 - INFO - [AUDIT] - Action: 0, Confidence: 1.0000, Safety Mode: SAFE_HOLD, Override: Safe hold mode active
2025-05-28 04:02:20,197 - INFO - [AUDIT] - Action: 0, Confidence: 1.0000, Safety Mode: SAFE_HOLD, Override: Safe hold mode active
2025-05-28 04:02:20,197 - INFO - [AUDIT] - Action: 0, Confidence: 1.0000, Safety Mode: SAFE_HOLD, Override: Safe hold mode active
2025-05-28 04:02:20,198 - INFO - [AUDIT] - Action: 0, Confidence: 1.0000, Safety Mode: SAFE_HOLD, Override: Safe hold mode active
2025-05-28 04:02:20,198 - INFO - [AUDIT] - Action: 0, Confidence: 1.0000, Safety Mode: SAFE_HOLD, Override: Safe hold mode active
2025-05-28 04:02:20,198 - INFO - [AUDIT] - Action: 0, Confidence: 1.0000, Safety Mode: SAFE_HOLD, Override: Safe hold mode active
2025-05-28 04:02:20,198 - INFO - [AUDIT] - Action: 0, Confidence: 1.0000, Safety Mode: SAFE_HOLD, Override: Safe hold mode active
2025-05-28 04:02:20,198 - INFO - [AUDIT] - Action: 0, Confidence: 1.0000, Safety Mode: SAFE_HOLD, Override: Safe hold mode active
2025-05-28 04:02:20,199 - INFO - [AUDIT] - Action: 0, Confidence: 1.0000, Safety Mode: SAFE_HOLD, Override: Safe hold mode active
2025-05-28 04:02:20,199 - INFO - [AUDIT] - Action: 0, Confidence: 1.0000, Safety Mode: SAFE_HOLD, Override: Safe hold mode active
2025-05-28 04:02:20,199 - INFO - [AUDIT] - Action: 0, Confidence: 1.0000, Safety Mode: SAFE_HOLD, Override: Safe hold mode active
2025-05-28 04:02:20,199 - INFO - [AUDIT] - Action: 0, Confidence: 1.0000, Safety Mode: SAFE_HOLD, Override: Safe hold mode active
2025-05-28 04:02:20,199 - INFO - [AUDIT] - Action: 0, Confidence: 1.0000, Safety Mode: SAFE_HOLD, Override: Safe hold mode active
2025-05-28 04:02:20,200 - INFO - [AUDIT] - Action: 0, Confidence: 1.0000, Safety Mode: SAFE_HOLD, Override: Safe hold mode active
2025-05-28 04:02:20,200 - INFO - [AUDIT] - Action: 0, Confidence: 1.0000, Safety Mode: SAFE_HOLD, Override: Safe hold mode active
2025-05-28 04:02:20,200 - INFO - [AUDIT] - Action: 0, Confidence: 1.0000, Safety Mode: SAFE_HOLD, Override: Safe hold mode active
2025-05-28 04:02:20,200 - INFO - [AUDIT] - Action: 0, Confidence: 1.0000, Safety Mode: SAFE_HOLD, Override: Safe hold mode active
2025-05-28 04:02:20,200 - INFO - [AUDIT] - Action: 0, Confidence: 1.0000, Safety Mode: SAFE_HOLD, Override: Safe hold mode active
2025-05-28 04:02:20,201 - INFO - [AUDIT] - Action: 0, Confidence: 1.0000, Safety Mode: SAFE_HOLD, Override: Safe hold mode active
2025-05-28 04:02:20,201 - INFO - [AUDIT] - Action: 0, Confidence: 1.0000, Safety Mode: SAFE_HOLD, Override: Safe hold mode active
2025-05-28 04:02:20,201 - INFO - [AUDIT] - Action: 0, Confidence: 1.0000, Safety Mode: SAFE_HOLD, Override: Safe hold mode active
2025-05-28 04:02:20,201 - INFO - [AUDIT] - Action: 0, Confidence: 1.0000, Safety Mode: SAFE_HOLD, Override: Safe hold mode active
2025-05-28 04:02:20,201 - INFO - [AUDIT] - Action: 0, Confidence: 1.0000, Safety Mode: SAFE_HOLD, Override: Safe hold mode active
2025-05-28 04:02:20,202 - INFO - [AUDIT] - Action: 0, Confidence: 1.0000, Safety Mode: SAFE_HOLD, Override: Safe hold mode active
2025-05-28 04:02:20,202 - INFO - [AUDIT] - Action: 0, Confidence: 1.0000, Safety Mode: SAFE_HOLD, Override: Safe hold mode active
2025-05-28 04:02:20,202 - INFO - [AUDIT] - Action: 0, Confidence: 1.0000, Safety Mode: SAFE_HOLD, Override: Safe hold mode active
2025-05-28 04:02:20,202 - INFO - [AUDIT] - Action: 0, Confidence: 1.0000, Safety Mode: SAFE_HOLD, Override: Safe hold mode active
2025-05-28 04:02:20,202 - INFO - [AUDIT] - Action: 0, Confidence: 1.0000, Safety Mode: SAFE_HOLD, Override: Safe hold mode active
2025-05-28 04:02:20,203 - INFO - [AUDIT] - Action: 0, Confidence: 1.0000, Safety Mode: SAFE_HOLD, Override: Safe hold mode active
2025-05-28 04:02:20,203 - INFO - [AUDIT] - Action: 0, Confidence: 1.0000, Safety Mode: SAFE_HOLD, Override: Safe hold mode active
2025-05-28 04:02:20,203 - INFO - [AUDIT] - Action: 0, Confidence: 1.0000, Safety Mode: SAFE_HOLD, Override: Safe hold mode active
2025-05-28 04:02:20,203 - INFO - [AUDIT] - Action: 0, Confidence: 1.0000, Safety Mode: SAFE_HOLD, Override: Safe hold mode active
2025-05-28 04:02:20,203 - INFO - [AUDIT] - Action: 0, Confidence: 1.0000, Safety Mode: SAFE_HOLD, Override: Safe hold mode active
2025-05-28 04:02:20,204 - INFO - [AUDIT] - Action: 0, Confidence: 1.0000, Safety Mode: SAFE_HOLD, Override: Safe hold mode active
2025-05-28 04:02:20,204 - INFO - [AUDIT] - Action: 0, Confidence: 1.0000, Safety Mode: SAFE_HOLD, Override: Safe hold mode active
2025-05-28 04:02:20,204 - INFO - [AUDIT] - Action: 0, Confidence: 1.0000, Safety Mode: SAFE_HOLD, Override: Safe hold mode active
2025-05-28 04:02:20,204 - INFO - [AUDIT] - Action: 0, Confidence: 1.0000, Safety Mode: SAFE_HOLD, Override: Safe hold mode active
2025-05-28 04:02:20,204 - INFO - [AUDIT] - Action: 0, Confidence: 1.0000, Safety Mode: SAFE_HOLD, Override: Safe hold mode active
2025-05-28 04:02:20,205 - INFO - [AUDIT] - Action: 0, Confidence: 1.0000, Safety Mode: SAFE_HOLD, Override: Safe hold mode active
2025-05-28 04:02:20,205 - INFO - [AUDIT] - Action: 0, Confidence: 1.0000, Safety Mode: SAFE_HOLD, Override: Safe hold mode active
2025-05-28 04:02:20,205 - INFO - [AUDIT] - Action: 0, Confidence: 1.0000, Safety Mode: SAFE_HOLD, Override: Safe hold mode active
2025-05-28 04:02:20,205 - INFO - [AUDIT] - Action: 0, Confidence: 1.0000, Safety Mode: SAFE_HOLD, Override: Safe hold mode active
2025-05-28 04:02:20,205 - INFO - [AUDIT] - Action: 0, Confidence: 1.0000, Safety Mode: SAFE_HOLD, Override: Safe hold mode active
2025-05-28 04:02:20,206 - INFO - [AUDIT] - Action: 0, Confidence: 1.0000, Safety Mode: SAFE_HOLD, Override: Safe hold mode active
2025-05-28 04:02:20,206 - INFO - [AUDIT] - Action: 0, Confidence: 1.0000, Safety Mode: SAFE_HOLD, Override: Safe hold mode active
2025-05-28 04:02:20,206 - INFO - [AUDIT] - Action: 0, Confidence: 1.0000, Safety Mode: SAFE_HOLD, Override: Safe hold mode active
2025-05-28 04:02:20,206 - INFO - [AUDIT] - Action: 0, Confidence: 1.0000, Safety Mode: SAFE_HOLD, Override: Safe hold mode active
2025-05-28 04:02:20,206 - INFO - [AUDIT] - Action: 0, Confidence: 1.0000, Safety Mode: SAFE_HOLD, Override: Safe hold mode active
2025-05-28 04:02:20,206 - INFO - [AUDIT] - Action: 0, Confidence: 1.0000, Safety Mode: SAFE_HOLD, Override: Safe hold mode active
2025-05-28 04:02:20,207 - INFO - [AUDIT] - Action: 0, Confidence: 1.0000, Safety Mode: SAFE_HOLD, Override: Safe hold mode active
2025-05-28 04:02:20,207 - INFO - [AUDIT] - Action: 0, Confidence: 1.0000, Safety Mode: SAFE_HOLD, Override: Safe hold mode active
2025-05-28 04:02:20,207 - INFO - [AUDIT] - Action: 0, Confidence: 1.0000, Safety Mode: SAFE_HOLD, Override: Safe hold mode active
2025-05-28 04:02:20,207 - INFO - [AUDIT] - Action: 0, Confidence: 1.0000, Safety Mode: SAFE_HOLD, Override: Safe hold mode active
2025-05-28 04:02:20,207 - INFO - [AUDIT] - Action: 0, Confidence: 1.0000, Safety Mode: SAFE_HOLD, Override: Safe hold mode active
2025-05-28 04:02:20,208 - INFO - [AUDIT] - Action: 0, Confidence: 1.0000, Safety Mode: SAFE_HOLD, Override: Safe hold mode active
2025-05-28 04:02:20,208 - INFO - [AUDIT] - Action: 0, Confidence: 1.0000, Safety Mode: SAFE_HOLD, Override: Safe hold mode active
2025-05-28 04:02:20,208 - INFO - [AUDIT] - Action: 0, Confidence: 1.0000, Safety Mode: SAFE_HOLD, Override: Safe hold mode active
2025-05-28 04:02:20,208 - INFO - [AUDIT] - Action: 0, Confidence: 1.0000, Safety Mode: SAFE_HOLD, Override: Safe hold mode active
2025-05-28 04:02:20,208 - INFO - [AUDIT] - Action: 0, Confidence: 1.0000, Safety Mode: SAFE_HOLD, Override: Safe hold mode active
2025-05-28 04:02:20,209 - INFO - [AUDIT] - Action: 0, Confidence: 1.0000, Safety Mode: SAFE_HOLD, Override: Safe hold mode active
2025-05-28 04:02:20,209 - INFO - [AUDIT] - Action: 0, Confidence: 1.0000, Safety Mode: SAFE_HOLD, Override: Safe hold mode active
2025-05-28 04:02:20,209 - INFO - [AUDIT] - Action: 0, Confidence: 1.0000, Safety Mode: SAFE_HOLD, Override: Safe hold mode active
2025-05-28 04:02:20,209 - INFO - [AUDIT] - Action: 0, Confidence: 1.0000, Safety Mode: SAFE_HOLD, Override: Safe hold mode active
2025-05-28 04:02:20,209 - INFO - [AUDIT] - Action: 0, Confidence: 1.0000, Safety Mode: SAFE_HOLD, Override: Safe hold mode active
2025-05-28 04:02:20,210 - INFO - [AUDIT] - Action: 0, Confidence: 1.0000, Safety Mode: SAFE_HOLD, Override: Safe hold mode active
2025-05-28 04:02:20,210 - INFO - [AUDIT] - Action: 0, Confidence: 1.0000, Safety Mode: SAFE_HOLD, Override: Safe hold mode active
2025-05-28 04:02:20,210 - INFO - [AUDIT] - Action: 0, Confidence: 1.0000, Safety Mode: SAFE_HOLD, Override: Safe hold mode active
2025-05-28 04:02:20,210 - INFO - [AUDIT] - Action: 0, Confidence: 1.0000, Safety Mode: SAFE_HOLD, Override: Safe hold mode active
2025-05-28 04:02:20,210 - INFO - [AUDIT] - Action: 0, Confidence: 1.0000, Safety Mode: SAFE_HOLD, Override: Safe hold mode active
2025-05-28 04:02:20,211 - INFO - [AUDIT] - Action: 0, Confidence: 1.0000, Safety Mode: SAFE_HOLD, Override: Safe hold mode active
2025-05-28 04:02:20,211 - INFO - [AUDIT] - Action: 0, Confidence: 1.0000, Safety Mode: SAFE_HOLD, Override: Safe hold mode active
2025-05-28 04:02:20,211 - INFO - [AUDIT] - Action: 0, Confidence: 1.0000, Safety Mode: SAFE_HOLD, Override: Safe hold mode active
2025-05-28 04:02:20,211 - INFO - [AUDIT] - Action: 0, Confidence: 1.0000, Safety Mode: SAFE_HOLD, Override: Safe hold mode active
2025-05-28 04:02:20,211 - INFO - [AUDIT] - Action: 0, Confidence: 1.0000, Safety Mode: SAFE_HOLD, Override: Safe hold mode active
2025-05-28 04:02:20,211 - INFO - [AUDIT] - Action: 0, Confidence: 1.0000, Safety Mode: SAFE_HOLD, Override: Safe hold mode active
2025-05-28 04:02:20,212 - INFO - [AUDIT] - Action: 0, Confidence: 1.0000, Safety Mode: SAFE_HOLD, Override: Safe hold mode active
2025-05-28 04:02:20,212 - INFO - [AUDIT] - Action: 0, Confidence: 1.0000, Safety Mode: SAFE_HOLD, Override: Safe hold mode active
2025-05-28 04:02:20,212 - INFO - [AUDIT] - Action: 0, Confidence: 1.0000, Safety Mode: SAFE_HOLD, Override: Safe hold mode active
2025-05-28 04:02:20,212 - INFO - [AUDIT] - Action: 0, Confidence: 1.0000, Safety Mode: SAFE_HOLD, Override: Safe hold mode active
2025-05-28 04:02:20,212 - INFO - [AUDIT] - Action: 0, Confidence: 1.0000, Safety Mode: SAFE_HOLD, Override: Safe hold mode active
2025-05-28 04:02:20,213 - INFO - [AUDIT] - Action: 0, Confidence: 1.0000, Safety Mode: SAFE_HOLD, Override: Safe hold mode active
2025-05-28 04:02:20,213 - INFO - [AUDIT] - Action: 0, Confidence: 1.0000, Safety Mode: SAFE_HOLD, Override: Safe hold mode active
2025-05-28 04:02:20,213 - INFO - [AUDIT] - Action: 0, Confidence: 1.0000, Safety Mode: SAFE_HOLD, Override: Safe hold mode active
2025-05-28 04:02:20,213 - INFO - [AUDIT] - Action: 0, Confidence: 1.0000, Safety Mode: SAFE_HOLD, Override: Safe hold mode active
2025-05-28 04:02:20,213 - INFO - [AUDIT] - Action: 0, Confidence: 1.0000, Safety Mode: SAFE_HOLD, Override: Safe hold mode active
2025-05-28 04:02:20,214 - INFO - [AUDIT] - Action: 0, Confidence: 1.0000, Safety Mode: SAFE_HOLD, Override: Safe hold mode active
2025-05-28 04:02:20,214 - INFO - [AUDIT] - Action: 0, Confidence: 1.0000, Safety Mode: SAFE_HOLD, Override: Safe hold mode active
2025-05-28 04:02:20,214 - INFO - [AUDIT] - Action: 0, Confidence: 1.0000, Safety Mode: SAFE_HOLD, Override: Safe hold mode active
2025-05-28 04:02:20,214 - INFO - [AUDIT] - Action: 0, Confidence: 1.0000, Safety Mode: SAFE_HOLD, Override: Safe hold mode active
2025-05-28 04:02:20,214 - INFO - [AUDIT] - Action: 0, Confidence: 1.0000, Safety Mode: SAFE_HOLD, Override: Safe hold mode active
2025-05-28 04:02:20,215 - INFO - [AUDIT] - Action: 0, Confidence: 1.0000, Safety Mode: SAFE_HOLD, Override: Safe hold mode active
2025-05-28 04:02:20,215 - INFO - [AUDIT] - Action: 0, Confidence: 1.0000, Safety Mode: SAFE_HOLD, Override: Safe hold mode active
2025-05-28 04:02:20,215 - INFO - [AUDIT] - Action: 0, Confidence: 1.0000, Safety Mode: SAFE_HOLD, Override: Safe hold mode active
2025-05-28 04:02:20,215 - INFO - [AUDIT] - Action: 0, Confidence: 1.0000, Safety Mode: SAFE_HOLD, Override: Safe hold mode active
2025-05-28 04:02:20,215 - INFO - [AUDIT] - Action: 0, Confidence: 1.0000, Safety Mode: SAFE_HOLD, Override: Safe hold mode active
2025-05-28 04:02:20,216 - INFO - [AUDIT] - Action: 0, Confidence: 1.0000, Safety Mode: SAFE_HOLD, Override: Safe hold mode active
2025-05-28 04:02:20,216 - INFO - [AUDIT] - Action: 0, Confidence: 1.0000, Safety Mode: SAFE_HOLD, Override: Safe hold mode active
2025-05-28 04:02:20,216 - INFO - [AUDIT] - Action: 0, Confidence: 1.0000, Safety Mode: SAFE_HOLD, Override: Safe hold mode active
2025-05-28 04:02:20,216 - INFO - [AUDIT] - Action: 0, Confidence: 1.0000, Safety Mode: SAFE_HOLD, Override: Safe hold mode active
2025-05-28 04:02:20,216 - INFO - [AUDIT] - Action: 0, Confidence: 1.0000, Safety Mode: SAFE_HOLD, Override: Safe hold mode active
2025-05-28 04:02:20,216 - INFO - [AUDIT] - Action: 0, Confidence: 1.0000, Safety Mode: SAFE_HOLD, Override: Safe hold mode active
2025-05-28 04:02:20,217 - INFO - [AUDIT] - Action: 0, Confidence: 1.0000, Safety Mode: SAFE_HOLD, Override: Safe hold mode active
2025-05-28 04:02:20,217 - INFO - [AUDIT] - Action: 0, Confidence: 1.0000, Safety Mode: SAFE_HOLD, Override: Safe hold mode active
2025-05-28 04:02:20,217 - INFO - [AUDIT] - Action: 0, Confidence: 1.0000, Safety Mode: SAFE_HOLD, Override: Safe hold mode active
2025-05-28 04:02:20,217 - INFO - [AUDIT] - Action: 0, Confidence: 1.0000, Safety Mode: SAFE_HOLD, Override: Safe hold mode active
2025-05-28 04:02:20,217 - INFO - [AUDIT] - Action: 0, Confidence: 1.0000, Safety Mode: SAFE_HOLD, Override: Safe hold mode active
2025-05-28 04:02:20,222 - INFO - [AUDIT] - Action: 0, Confidence: 1.0000, Safety Mode: SAFE_HOLD, Override: Safe hold mode active
2025-05-28 04:02:20,223 - INFO - [AUDIT] - Action: 0, Confidence: 1.0000, Safety Mode: SAFE_HOLD, Override: Safe hold mode active
2025-05-28 04:02:20,224 - INFO - [AUDIT] - Action: 0, Confidence: 1.0000, Safety Mode: SAFE_HOLD, Override: Safe hold mode active
2025-05-28 04:02:20,225 - INFO - [AUDIT] - Action: 0, Confidence: 1.0000, Safety Mode: SAFE_HOLD, Override: Safe hold mode active
2025-05-28 04:02:20,226 - INFO - [AUDIT] - Action: 0, Confidence: 1.0000, Safety Mode: SAFE_HOLD, Override: Safe hold mode active
2025-05-28 04:02:20,226 - INFO - [AUDIT] - Action: 0, Confidence: 1.0000, Safety Mode: SAFE_HOLD, Override: Safe hold mode active
2025-05-28 04:02:20,226 - INFO - [AUDIT] - Action: 0, Confidence: 1.0000, Safety Mode: SAFE_HOLD, Override: Safe hold mode active
2025-05-28 04:02:20,226 - INFO - [AUDIT] - Action: 0, Confidence: 1.0000, Safety Mode: SAFE_HOLD, Override: Safe hold mode active
2025-05-28 04:02:20,227 - INFO - [AUDIT] - Action: 0, Confidence: 1.0000, Safety Mode: SAFE_HOLD, Override: Safe hold mode active
2025-05-28 04:02:20,227 - INFO - [AUDIT] - Action: 0, Confidence: 1.0000, Safety Mode: SAFE_HOLD, Override: Safe hold mode active
2025-05-28 04:02:20,227 - INFO - [AUDIT] - Action: 0, Confidence: 1.0000, Safety Mode: SAFE_HOLD, Override: Safe hold mode active
2025-05-28 04:02:20,227 - INFO - [AUDIT] - Action: 0, Confidence: 1.0000, Safety Mode: SAFE_HOLD, Override: Safe hold mode active
2025-05-28 04:02:20,227 - INFO - [AUDIT] - Action: 0, Confidence: 1.0000, Safety Mode: SAFE_HOLD, Override: Safe hold mode active
2025-05-28 04:02:20,228 - INFO - [AUDIT] - Action: 0, Confidence: 1.0000, Safety Mode: SAFE_HOLD, Override: Safe hold mode active
2025-05-28 04:02:20,228 - INFO - [AUDIT] - Action: 0, Confidence: 1.0000, Safety Mode: SAFE_HOLD, Override: Safe hold mode active
2025-05-28 04:02:20,228 - INFO - [AUDIT] - Action: 0, Confidence: 1.0000, Safety Mode: SAFE_HOLD, Override: Safe hold mode active
2025-05-28 04:02:20,228 - INFO - [AUDIT] - Action: 0, Confidence: 1.0000, Safety Mode: SAFE_HOLD, Override: Safe hold mode active
2025-05-28 04:02:20,228 - INFO - [AUDIT] - Action: 0, Confidence: 1.0000, Safety Mode: SAFE_HOLD, Override: Safe hold mode active
2025-05-28 04:02:20,229 - INFO - [AUDIT] - Action: 0, Confidence: 1.0000, Safety Mode: SAFE_HOLD, Override: Safe hold mode active
2025-05-28 04:02:20,229 - INFO - [AUDIT] - Action: 0, Confidence: 1.0000, Safety Mode: SAFE_HOLD, Override: Safe hold mode active
2025-05-28 04:02:20,229 - INFO - [AUDIT] - Action: 0, Confidence: 1.0000, Safety Mode: SAFE_HOLD, Override: Safe hold mode active
2025-05-28 04:02:20,229 - INFO - [AUDIT] - Action: 0, Confidence: 1.0000, Safety Mode: SAFE_HOLD, Override: Safe hold mode active
2025-05-28 04:02:20,229 - INFO - [AUDIT] - Action: 0, Confidence: 1.0000, Safety Mode: SAFE_HOLD, Override: Safe hold mode active
2025-05-28 04:02:20,230 - INFO - [AUDIT] - Action: 0, Confidence: 1.0000, Safety Mode: SAFE_HOLD, Override: Safe hold mode active
2025-05-28 04:02:20,230 - INFO - [AUDIT] - Action: 0, Confidence: 1.0000, Safety Mode: SAFE_HOLD, Override: Safe hold mode active
2025-05-28 04:02:20,230 - INFO - [AUDIT] - Action: 0, Confidence: 1.0000, Safety Mode: SAFE_HOLD, Override: Safe hold mode active
2025-05-28 04:02:20,230 - INFO - [AUDIT] - Action: 0, Confidence: 1.0000, Safety Mode: SAFE_HOLD, Override: Safe hold mode active
2025-05-28 04:02:20,230 - INFO - [AUDIT] - Action: 0, Confidence: 1.0000, Safety Mode: SAFE_HOLD, Override: Safe hold mode active
2025-05-28 04:02:20,230 - INFO - [AUDIT] - Action: 0, Confidence: 1.0000, Safety Mode: SAFE_HOLD, Override: Safe hold mode active
2025-05-28 04:02:20,231 - INFO - [AUDIT] - Action: 0, Confidence: 1.0000, Safety Mode: SAFE_HOLD, Override: Safe hold mode active
2025-05-28 04:02:20,231 - INFO - [AUDIT] - Action: 0, Confidence: 1.0000, Safety Mode: SAFE_HOLD, Override: Safe hold mode active
2025-05-28 04:02:20,231 - INFO - [AUDIT] - Action: 0, Confidence: 1.0000, Safety Mode: SAFE_HOLD, Override: Safe hold mode active
2025-05-28 04:02:20,231 - INFO - [AUDIT] - Action: 0, Confidence: 1.0000, Safety Mode: SAFE_HOLD, Override: Safe hold mode active
2025-05-28 04:02:20,232 - INFO - [AUDIT] - Action: 0, Confidence: 1.0000, Safety Mode: SAFE_HOLD, Override: Safe hold mode active
2025-05-28 04:02:20,232 - INFO - [AUDIT] - Action: 0, Confidence: 1.0000, Safety Mode: SAFE_HOLD, Override: Safe hold mode active
2025-05-28 04:02:20,232 - INFO - [AUDIT] - Action: 0, Confidence: 1.0000, Safety Mode: SAFE_HOLD, Override: Safe hold mode active
2025-05-28 04:02:20,232 - INFO - [AUDIT] - Action: 0, Confidence: 1.0000, Safety Mode: SAFE_HOLD, Override: Safe hold mode active
2025-05-28 04:02:20,232 - INFO - [AUDIT] - Action: 0, Confidence: 1.0000, Safety Mode: SAFE_HOLD, Override: Safe hold mode active
2025-05-28 04:02:20,233 - INFO - [AUDIT] - Action: 0, Confidence: 1.0000, Safety Mode: SAFE_HOLD, Override: Safe hold mode active
2025-05-28 04:02:20,233 - INFO - [AUDIT] - Action: 0, Confidence: 1.0000, Safety Mode: SAFE_HOLD, Override: Safe hold mode active
2025-05-28 04:02:20,233 - INFO - [AUDIT] - Action: 0, Confidence: 1.0000, Safety Mode: SAFE_HOLD, Override: Safe hold mode active
2025-05-28 04:02:20,233 - INFO - [AUDIT] - Action: 0, Confidence: 1.0000, Safety Mode: SAFE_HOLD, Override: Safe hold mode active
2025-05-28 04:02:20,234 - INFO - [AUDIT] - Action: 0, Confidence: 1.0000, Safety Mode: SAFE_HOLD, Override: Safe hold mode active
2025-05-28 04:02:20,234 - INFO - [AUDIT] - Action: 0, Confidence: 1.0000, Safety Mode: SAFE_HOLD, Override: Safe hold mode active
2025-05-28 04:02:20,234 - INFO - [AUDIT] - Action: 0, Confidence: 1.0000, Safety Mode: SAFE_HOLD, Override: Safe hold mode active
2025-05-28 04:02:20,234 - INFO - [AUDIT] - Action: 0, Confidence: 1.0000, Safety Mode: SAFE_HOLD, Override: Safe hold mode active
2025-05-28 04:02:20,235 - INFO - [AUDIT] - Action: 0, Confidence: 1.0000, Safety Mode: SAFE_HOLD, Override: Safe hold mode active
2025-05-28 04:02:20,235 - INFO - [AUDIT] - Action: 0, Confidence: 1.0000, Safety Mode: SAFE_HOLD, Override: Safe hold mode active
2025-05-28 04:02:20,235 - INFO - [AUDIT] - Action: 0, Confidence: 1.0000, Safety Mode: SAFE_HOLD, Override: Safe hold mode active
2025-05-28 04:02:20,235 - INFO - [AUDIT] - Action: 0, Confidence: 1.0000, Safety Mode: SAFE_HOLD, Override: Safe hold mode active
2025-05-28 04:02:20,235 - INFO - [AUDIT] - Action: 0, Confidence: 1.0000, Safety Mode: SAFE_HOLD, Override: Safe hold mode active
2025-05-28 04:02:20,236 - INFO - [AUDIT] - Action: 0, Confidence: 1.0000, Safety Mode: SAFE_HOLD, Override: Safe hold mode active
2025-05-28 04:02:20,236 - INFO - [AUDIT] - Action: 0, Confidence: 1.0000, Safety Mode: SAFE_HOLD, Override: Safe hold mode active
2025-05-28 04:02:20,236 - INFO - [AUDIT] - Action: 0, Confidence: 1.0000, Safety Mode: SAFE_HOLD, Override: Safe hold mode active
2025-05-28 04:02:20,236 - INFO - [AUDIT] - Action: 0, Confidence: 1.0000, Safety Mode: SAFE_HOLD, Override: Safe hold mode active
2025-05-28 04:02:20,236 - INFO - [AUDIT] - Action: 0, Confidence: 1.0000, Safety Mode: SAFE_HOLD, Override: Safe hold mode active
2025-05-28 04:02:20,237 - INFO - [AUDIT] - Action: 0, Confidence: 1.0000, Safety Mode: SAFE_HOLD, Override: Safe hold mode active
2025-05-28 04:02:20,237 - INFO - [AUDIT] - Action: 0, Confidence: 1.0000, Safety Mode: SAFE_HOLD, Override: Safe hold mode active
2025-05-28 04:02:20,237 - INFO - [AUDIT] - Action: 0, Confidence: 1.0000, Safety Mode: SAFE_HOLD, Override: Safe hold mode active
2025-05-28 04:02:20,237 - INFO - [AUDIT] - Action: 0, Confidence: 1.0000, Safety Mode: SAFE_HOLD, Override: Safe hold mode active
2025-05-28 04:02:20,237 - INFO - [AUDIT] - Action: 0, Confidence: 1.0000, Safety Mode: SAFE_HOLD, Override: Safe hold mode active
2025-05-28 04:02:20,238 - INFO - [AUDIT] - Action: 0, Confidence: 1.0000, Safety Mode: SAFE_HOLD, Override: Safe hold mode active
2025-05-28 04:02:20,238 - INFO - [AUDIT] - Action: 0, Confidence: 1.0000, Safety Mode: SAFE_HOLD, Override: Safe hold mode active
2025-05-28 04:02:20,238 - INFO - [AUDIT] - Action: 0, Confidence: 1.0000, Safety Mode: SAFE_HOLD, Override: Safe hold mode active
2025-05-28 04:02:20,238 - INFO - [AUDIT] - Action: 0, Confidence: 1.0000, Safety Mode: SAFE_HOLD, Override: Safe hold mode active
2025-05-28 04:02:20,238 - INFO - [AUDIT] - Action: 0, Confidence: 1.0000, Safety Mode: SAFE_HOLD, Override: Safe hold mode active
2025-05-28 04:02:20,239 - INFO - [AUDIT] - Action: 0, Confidence: 1.0000, Safety Mode: SAFE_HOLD, Override: Safe hold mode active
2025-05-28 04:02:20,239 - INFO - [AUDIT] - Action: 0, Confidence: 1.0000, Safety Mode: SAFE_HOLD, Override: Safe hold mode active
2025-05-28 04:02:20,239 - INFO - [AUDIT] - Action: 0, Confidence: 1.0000, Safety Mode: SAFE_HOLD, Override: Safe hold mode active
2025-05-28 04:02:20,239 - INFO - [AUDIT] - Action: 0, Confidence: 1.0000, Safety Mode: SAFE_HOLD, Override: Safe hold mode active
2025-05-28 04:02:20,239 - INFO - [AUDIT] - Action: 0, Confidence: 1.0000, Safety Mode: SAFE_HOLD, Override: Safe hold mode active
2025-05-28 04:02:20,240 - INFO - [AUDIT] - Action: 0, Confidence: 1.0000, Safety Mode: SAFE_HOLD, Override: Safe hold mode active
2025-05-28 04:02:20,240 - INFO - [AUDIT] - Action: 0, Confidence: 1.0000, Safety Mode: SAFE_HOLD, Override: Safe hold mode active
2025-05-28 04:02:20,240 - INFO - [AUDIT] - Action: 0, Confidence: 1.0000, Safety Mode: SAFE_HOLD, Override: Safe hold mode active
2025-05-28 04:02:20,240 - INFO - [AUDIT] - Action: 0, Confidence: 1.0000, Safety Mode: SAFE_HOLD, Override: Safe hold mode active
2025-05-28 04:02:20,240 - INFO - [AUDIT] - Action: 0, Confidence: 1.0000, Safety Mode: SAFE_HOLD, Override: Safe hold mode active
2025-05-28 04:02:20,240 - INFO - [AUDIT] - Action: 0, Confidence: 1.0000, Safety Mode: SAFE_HOLD, Override: Safe hold mode active
2025-05-28 04:02:20,241 - INFO - [AUDIT] - Action: 0, Confidence: 1.0000, Safety Mode: SAFE_HOLD, Override: Safe hold mode active
2025-05-28 04:02:20,241 - INFO - [AUDIT] - Action: 0, Confidence: 1.0000, Safety Mode: SAFE_HOLD, Override: Safe hold mode active
2025-05-28 04:02:20,241 - INFO - [AUDIT] - Action: 0, Confidence: 1.0000, Safety Mode: SAFE_HOLD, Override: Safe hold mode active
2025-05-28 04:02:20,241 - INFO - [AUDIT] - Action: 0, Confidence: 1.0000, Safety Mode: SAFE_HOLD, Override: Safe hold mode active
2025-05-28 04:02:20,241 - INFO - [AUDIT] - Action: 0, Confidence: 1.0000, Safety Mode: SAFE_HOLD, Override: Safe hold mode active
2025-05-28 04:02:20,242 - INFO - [AUDIT] - Action: 0, Confidence: 1.0000, Safety Mode: SAFE_HOLD, Override: Safe hold mode active
2025-05-28 04:02:20,242 - INFO - [AUDIT] - Action: 0, Confidence: 1.0000, Safety Mode: SAFE_HOLD, Override: Safe hold mode active
2025-05-28 04:02:20,242 - INFO - [AUDIT] - Action: 0, Confidence: 1.0000, Safety Mode: SAFE_HOLD, Override: Safe hold mode active
2025-05-28 04:02:20,242 - INFO - [AUDIT] - Action: 0, Confidence: 1.0000, Safety Mode: SAFE_HOLD, Override: Safe hold mode active
2025-05-28 04:02:20,242 - INFO - [AUDIT] - Action: 0, Confidence: 1.0000, Safety Mode: SAFE_HOLD, Override: Safe hold mode active
2025-05-28 04:02:20,243 - INFO - [AUDIT] - Action: 0, Confidence: 1.0000, Safety Mode: SAFE_HOLD, Override: Safe hold mode active
2025-05-28 04:02:20,243 - INFO - [AUDIT] - Action: 0, Confidence: 1.0000, Safety Mode: SAFE_HOLD, Override: Safe hold mode active
2025-05-28 04:02:20,243 - INFO - [AUDIT] - Action: 0, Confidence: 1.0000, Safety Mode: SAFE_HOLD, Override: Safe hold mode active
2025-05-28 04:02:20,243 - INFO - [AUDIT] - Action: 0, Confidence: 1.0000, Safety Mode: SAFE_HOLD, Override: Safe hold mode active
2025-05-28 04:02:20,243 - INFO - [AUDIT] - Action: 0, Confidence: 1.0000, Safety Mode: SAFE_HOLD, Override: Safe hold mode active
2025-05-28 04:02:20,244 - INFO - [AUDIT] - Action: 0, Confidence: 1.0000, Safety Mode: SAFE_HOLD, Override: Safe hold mode active
2025-05-28 04:02:20,244 - INFO - [AUDIT] - Action: 0, Confidence: 1.0000, Safety Mode: SAFE_HOLD, Override: Safe hold mode active
2025-05-28 04:02:20,244 - INFO - [AUDIT] - Action: 0, Confidence: 1.0000, Safety Mode: SAFE_HOLD, Override: Safe hold mode active
2025-05-28 04:02:20,244 - INFO - [AUDIT] - Action: 0, Confidence: 1.0000, Safety Mode: SAFE_HOLD, Override: Safe hold mode active
2025-05-28 04:02:20,244 - INFO - [AUDIT] - Action: 0, Confidence: 1.0000, Safety Mode: SAFE_HOLD, Override: Safe hold mode active
2025-05-28 04:02:20,244 - INFO - [AUDIT] - Action: 0, Confidence: 1.0000, Safety Mode: SAFE_HOLD, Override: Safe hold mode active
2025-05-28 04:02:20,245 - INFO - [AUDIT] - Action: 0, Confidence: 1.0000, Safety Mode: SAFE_HOLD, Override: Safe hold mode active
2025-05-28 04:02:20,245 - INFO - [AUDIT] - Action: 0, Confidence: 1.0000, Safety Mode: SAFE_HOLD, Override: Safe hold mode active
2025-05-28 04:02:20,245 - INFO - [AUDIT] - Action: 0, Confidence: 1.0000, Safety Mode: SAFE_HOLD, Override: Safe hold mode active
2025-05-28 04:02:20,245 - INFO - [AUDIT] - Action: 0, Confidence: 1.0000, Safety Mode: SAFE_HOLD, Override: Safe hold mode active
2025-05-28 04:02:20,245 - INFO - [AUDIT] - Action: 0, Confidence: 1.0000, Safety Mode: SAFE_HOLD, Override: Safe hold mode active
2025-05-28 04:02:20,246 - INFO - [AUDIT] - Action: 0, Confidence: 1.0000, Safety Mode: SAFE_HOLD, Override: Safe hold mode active
2025-05-28 04:02:20,246 - INFO - [AUDIT] - Action: 0, Confidence: 1.0000, Safety Mode: SAFE_HOLD, Override: Safe hold mode active
2025-05-28 04:02:20,246 - INFO - [AUDIT] - Action: 0, Confidence: 1.0000, Safety Mode: SAFE_HOLD, Override: Safe hold mode active
2025-05-28 04:02:20,246 - INFO - [AUDIT] - Action: 0, Confidence: 1.0000, Safety Mode: SAFE_HOLD, Override: Safe hold mode active
2025-05-28 04:02:20,246 - INFO - [AUDIT] - Action: 0, Confidence: 1.0000, Safety Mode: SAFE_HOLD, Override: Safe hold mode active
2025-05-28 04:02:20,247 - INFO - [AUDIT] - Action: 0, Confidence: 1.0000, Safety Mode: SAFE_HOLD, Override: Safe hold mode active
2025-05-28 04:02:20,247 - INFO - [AUDIT] - Action: 0, Confidence: 1.0000, Safety Mode: SAFE_HOLD, Override: Safe hold mode active
2025-05-28 04:02:20,247 - INFO - [AUDIT] - Action: 0, Confidence: 1.0000, Safety Mode: SAFE_HOLD, Override: Safe hold mode active
2025-05-28 04:02:20,247 - INFO - [AUDIT] - Action: 0, Confidence: 1.0000, Safety Mode: SAFE_HOLD, Override: Safe hold mode active
2025-05-28 04:02:20,247 - INFO - [AUDIT] - Action: 0, Confidence: 1.0000, Safety Mode: SAFE_HOLD, Override: Safe hold mode active
2025-05-28 04:02:20,248 - INFO - [AUDIT] - Action: 0, Confidence: 1.0000, Safety Mode: SAFE_HOLD, Override: Safe hold mode active
2025-05-28 04:02:20,248 - INFO - [AUDIT] - Action: 0, Confidence: 1.0000, Safety Mode: SAFE_HOLD, Override: Safe hold mode active
2025-05-28 04:02:20,248 - INFO - [AUDIT] - Action: 0, Confidence: 1.0000, Safety Mode: SAFE_HOLD, Override: Safe hold mode active
2025-05-28 04:02:20,248 - INFO - [AUDIT] - Action: 0, Confidence: 1.0000, Safety Mode: SAFE_HOLD, Override: Safe hold mode active
2025-05-28 04:02:20,248 - INFO - [AUDIT] - Action: 0, Confidence: 1.0000, Safety Mode: SAFE_HOLD, Override: Safe hold mode active
2025-05-28 04:02:20,248 - INFO - [AUDIT] - Action: 0, Confidence: 1.0000, Safety Mode: SAFE_HOLD, Override: Safe hold mode active
2025-05-28 04:02:20,249 - INFO - [AUDIT] - Action: 0, Confidence: 1.0000, Safety Mode: SAFE_HOLD, Override: Safe hold mode active
2025-05-28 04:02:20,249 - INFO - [AUDIT] - Action: 0, Confidence: 1.0000, Safety Mode: SAFE_HOLD, Override: Safe hold mode active
2025-05-28 04:02:20,249 - INFO - [AUDIT] - Action: 0, Confidence: 1.0000, Safety Mode: SAFE_HOLD, Override: Safe hold mode active
2025-05-28 04:02:20,249 - INFO - [AUDIT] - Action: 0, Confidence: 1.0000, Safety Mode: SAFE_HOLD, Override: Safe hold mode active
2025-05-28 04:02:20,249 - INFO - [AUDIT] - Action: 0, Confidence: 1.0000, Safety Mode: SAFE_HOLD, Override: Safe hold mode active
2025-05-28 04:02:20,250 - INFO - [AUDIT] - Action: 0, Confidence: 1.0000, Safety Mode: SAFE_HOLD, Override: Safe hold mode active
2025-05-28 04:02:20,250 - INFO - [AUDIT] - Action: 0, Confidence: 1.0000, Safety Mode: SAFE_HOLD, Override: Safe hold mode active
2025-05-28 04:02:20,250 - INFO - [AUDIT] - Action: 0, Confidence: 1.0000, Safety Mode: SAFE_HOLD, Override: Safe hold mode active
2025-05-28 04:02:20,250 - INFO - [AUDIT] - Action: 0, Confidence: 1.0000, Safety Mode: SAFE_HOLD, Override: Safe hold mode active
2025-05-28 04:02:20,250 - INFO - [AUDIT] - Action: 0, Confidence: 1.0000, Safety Mode: SAFE_HOLD, Override: Safe hold mode active
2025-05-28 04:02:20,251 - INFO - [AUDIT] - Action: 0, Confidence: 1.0000, Safety Mode: SAFE_HOLD, Override: Safe hold mode active
2025-05-28 04:02:20,251 - INFO - [AUDIT] - Action: 0, Confidence: 1.0000, Safety Mode: SAFE_HOLD, Override: Safe hold mode active
2025-05-28 04:02:20,251 - INFO - [AUDIT] - Action: 0, Confidence: 1.0000, Safety Mode: SAFE_HOLD, Override: Safe hold mode active
2025-05-28 04:02:20,251 - INFO - [AUDIT] - Action: 0, Confidence: 1.0000, Safety Mode: SAFE_HOLD, Override: Safe hold mode active
2025-05-28 04:02:20,251 - INFO - [AUDIT] - Action: 0, Confidence: 1.0000, Safety Mode: SAFE_HOLD, Override: Safe hold mode active
2025-05-28 04:02:20,252 - INFO - [AUDIT] - Action: 0, Confidence: 1.0000, Safety Mode: SAFE_HOLD, Override: Safe hold mode active
2025-05-28 04:02:20,252 - INFO - [AUDIT] - Action: 0, Confidence: 1.0000, Safety Mode: SAFE_HOLD, Override: Safe hold mode active
2025-05-28 04:02:20,252 - INFO - [AUDIT] - Action: 0, Confidence: 1.0000, Safety Mode: SAFE_HOLD, Override: Safe hold mode active
2025-05-28 04:02:20,253 - INFO - [AUDIT] - Action: 0, Confidence: 1.0000, Safety Mode: SAFE_HOLD, Override: Safe hold mode active
2025-05-28 04:02:20,253 - INFO - [AUDIT] - Action: 0, Confidence: 1.0000, Safety Mode: SAFE_HOLD, Override: Safe hold mode active
2025-05-28 04:02:20,253 - INFO - [AUDIT] - Action: 0, Confidence: 1.0000, Safety Mode: SAFE_HOLD, Override: Safe hold mode active
2025-05-28 04:02:20,253 - INFO - [AUDIT] - Action: 0, Confidence: 1.0000, Safety Mode: SAFE_HOLD, Override: Safe hold mode active
2025-05-28 04:02:20,253 - INFO - [AUDIT] - Action: 0, Confidence: 1.0000, Safety Mode: SAFE_HOLD, Override: Safe hold mode active
2025-05-28 04:02:20,254 - INFO - [AUDIT] - Action: 0, Confidence: 1.0000, Safety Mode: SAFE_HOLD, Override: Safe hold mode active
2025-05-28 04:02:20,254 - INFO - [AUDIT] - Action: 0, Confidence: 1.0000, Safety Mode: SAFE_HOLD, Override: Safe hold mode active
2025-05-28 04:02:20,254 - INFO - [AUDIT] - Action: 0, Confidence: 1.0000, Safety Mode: SAFE_HOLD, Override: Safe hold mode active
2025-05-28 04:02:20,254 - INFO - [AUDIT] - Action: 0, Confidence: 1.0000, Safety Mode: SAFE_HOLD, Override: Safe hold mode active
2025-05-28 04:02:20,254 - INFO - [AUDIT] - Action: 0, Confidence: 1.0000, Safety Mode: SAFE_HOLD, Override: Safe hold mode active
2025-05-28 04:02:20,255 - INFO - [AUDIT] - Action: 0, Confidence: 1.0000, Safety Mode: SAFE_HOLD, Override: Safe hold mode active
2025-05-28 04:02:20,255 - INFO - [AUDIT] - Action: 0, Confidence: 1.0000, Safety Mode: SAFE_HOLD, Override: Safe hold mode active
2025-05-28 04:02:20,255 - INFO - [AUDIT] - Action: 0, Confidence: 1.0000, Safety Mode: SAFE_HOLD, Override: Safe hold mode active
2025-05-28 04:02:20,255 - INFO - [AUDIT] - Action: 0, Confidence: 1.0000, Safety Mode: SAFE_HOLD, Override: Safe hold mode active
2025-05-28 04:02:20,255 - INFO - [AUDIT] - Action: 0, Confidence: 1.0000, Safety Mode: SAFE_HOLD, Override: Safe hold mode active
2025-05-28 04:02:20,256 - INFO - [AUDIT] - Action: 0, Confidence: 1.0000, Safety Mode: SAFE_HOLD, Override: Safe hold mode active
2025-05-28 04:02:20,256 - INFO - [AUDIT] - Action: 0, Confidence: 1.0000, Safety Mode: SAFE_HOLD, Override: Safe hold mode active
2025-05-28 04:02:20,256 - INFO - [AUDIT] - Action: 0, Confidence: 1.0000, Safety Mode: SAFE_HOLD, Override: Safe hold mode active
2025-05-28 04:02:20,256 - INFO - [AUDIT] - Action: 0, Confidence: 1.0000, Safety Mode: SAFE_HOLD, Override: Safe hold mode active
2025-05-28 04:02:20,256 - INFO - [AUDIT] - Action: 0, Confidence: 1.0000, Safety Mode: SAFE_HOLD, Override: Safe hold mode active
2025-05-28 04:02:20,256 - INFO - [AUDIT] - Action: 0, Confidence: 1.0000, Safety Mode: SAFE_HOLD, Override: Safe hold mode active
2025-05-28 04:02:20,257 - INFO - [AUDIT] - Action: 0, Confidence: 1.0000, Safety Mode: SAFE_HOLD, Override: Safe hold mode active
2025-05-28 04:02:20,257 - INFO - [AUDIT] - Action: 0, Confidence: 1.0000, Safety Mode: SAFE_HOLD, Override: Safe hold mode active
2025-05-28 04:02:20,257 - INFO - [AUDIT] - Action: 0, Confidence: 1.0000, Safety Mode: SAFE_HOLD, Override: Safe hold mode active
2025-05-28 04:02:20,257 - INFO - [AUDIT] - Action: 0, Confidence: 1.0000, Safety Mode: SAFE_HOLD, Override: Safe hold mode active
2025-05-28 04:02:20,257 - INFO - [AUDIT] - Action: 0, Confidence: 1.0000, Safety Mode: SAFE_HOLD, Override: Safe hold mode active
2025-05-28 04:02:20,258 - INFO - [AUDIT] - Action: 0, Confidence: 1.0000, Safety Mode: SAFE_HOLD, Override: Safe hold mode active
2025-05-28 04:02:20,258 - INFO - [AUDIT] - Action: 0, Confidence: 1.0000, Safety Mode: SAFE_HOLD, Override: Safe hold mode active
2025-05-28 04:02:20,258 - INFO - [AUDIT] - Action: 0, Confidence: 1.0000, Safety Mode: SAFE_HOLD, Override: Safe hold mode active
2025-05-28 04:02:20,258 - INFO - [AUDIT] - Action: 0, Confidence: 1.0000, Safety Mode: SAFE_HOLD, Override: Safe hold mode active
2025-05-28 04:02:20,258 - INFO - [AUDIT] - Action: 0, Confidence: 1.0000, Safety Mode: SAFE_HOLD, Override: Safe hold mode active
2025-05-28 04:02:20,259 - INFO - [AUDIT] - Action: 0, Confidence: 1.0000, Safety Mode: SAFE_HOLD, Override: Safe hold mode active
2025-05-28 04:02:20,259 - INFO - [AUDIT] - Action: 0, Confidence: 1.0000, Safety Mode: SAFE_HOLD, Override: Safe hold mode active
2025-05-28 04:02:20,259 - INFO - [AUDIT] - Action: 0, Confidence: 1.0000, Safety Mode: SAFE_HOLD, Override: Safe hold mode active
2025-05-28 04:02:20,259 - INFO - [AUDIT] - Action: 0, Confidence: 1.0000, Safety Mode: SAFE_HOLD, Override: Safe hold mode active
2025-05-28 04:02:20,259 - INFO - [AUDIT] - Action: 0, Confidence: 1.0000, Safety Mode: SAFE_HOLD, Override: Safe hold mode active
2025-05-28 04:02:20,260 - INFO - [AUDIT] - Action: 0, Confidence: 1.0000, Safety Mode: SAFE_HOLD, Override: Safe hold mode active
2025-05-28 04:02:20,260 - INFO - [AUDIT] - Action: 0, Confidence: 1.0000, Safety Mode: SAFE_HOLD, Override: Safe hold mode active
2025-05-28 04:02:20,260 - INFO - [AUDIT] - Action: 0, Confidence: 1.0000, Safety Mode: SAFE_HOLD, Override: Safe hold mode active
2025-05-28 04:02:20,260 - INFO - [AUDIT] - Action: 0, Confidence: 1.0000, Safety Mode: SAFE_HOLD, Override: Safe hold mode active
2025-05-28 04:02:20,260 - INFO - [AUDIT] - Action: 0, Confidence: 1.0000, Safety Mode: SAFE_HOLD, Override: Safe hold mode active
2025-05-28 04:02:20,260 - INFO - [AUDIT] - Action: 0, Confidence: 1.0000, Safety Mode: SAFE_HOLD, Override: Safe hold mode active
2025-05-28 04:02:20,261 - INFO - [AUDIT] - Action: 0, Confidence: 1.0000, Safety Mode: SAFE_HOLD, Override: Safe hold mode active
2025-05-28 04:02:20,261 - INFO - [AUDIT] - Action: 0, Confidence: 1.0000, Safety Mode: SAFE_HOLD, Override: Safe hold mode active
2025-05-28 04:02:20,261 - INFO - [AUDIT] - Action: 0, Confidence: 1.0000, Safety Mode: SAFE_HOLD, Override: Safe hold mode active
2025-05-28 04:02:20,261 - INFO - [AUDIT] - Action: 0, Confidence: 1.0000, Safety Mode: SAFE_HOLD, Override: Safe hold mode active
2025-05-28 04:02:20,261 - INFO - [AUDIT] - Action: 0, Confidence: 1.0000, Safety Mode: SAFE_HOLD, Override: Safe hold mode active
2025-05-28 04:02:20,262 - INFO - [AUDIT] - Action: 0, Confidence: 1.0000, Safety Mode: SAFE_HOLD, Override: Safe hold mode active
2025-05-28 04:02:20,262 - INFO - [AUDIT] - Action: 0, Confidence: 1.0000, Safety Mode: SAFE_HOLD, Override: Safe hold mode active
2025-05-28 04:02:20,262 - INFO - [AUDIT] - Action: 0, Confidence: 1.0000, Safety Mode: SAFE_HOLD, Override: Safe hold mode active
2025-05-28 04:02:20,262 - INFO - [AUDIT] - Action: 0, Confidence: 1.0000, Safety Mode: SAFE_HOLD, Override: Safe hold mode active
2025-05-28 04:02:20,262 - INFO - [AUDIT] - Action: 0, Confidence: 1.0000, Safety Mode: SAFE_HOLD, Override: Safe hold mode active
2025-05-28 04:02:20,263 - INFO - [AUDIT] - Action: 0, Confidence: 1.0000, Safety Mode: SAFE_HOLD, Override: Safe hold mode active
2025-05-28 04:02:20,263 - INFO - [AUDIT] - Action: 0, Confidence: 1.0000, Safety Mode: SAFE_HOLD, Override: Safe hold mode active
2025-05-28 04:02:20,263 - INFO - [AUDIT] - Action: 0, Confidence: 1.0000, Safety Mode: SAFE_HOLD, Override: Safe hold mode active
2025-05-28 04:02:20,263 - INFO - [AUDIT] - Action: 0, Confidence: 1.0000, Safety Mode: SAFE_HOLD, Override: Safe hold mode active
2025-05-28 04:02:20,263 - INFO - [AUDIT] - Action: 0, Confidence: 1.0000, Safety Mode: SAFE_HOLD, Override: Safe hold mode active
2025-05-28 04:02:20,264 - INFO - [AUDIT] - Action: 0, Confidence: 1.0000, Safety Mode: SAFE_HOLD, Override: Safe hold mode active
2025-05-28 04:02:20,264 - INFO - [AUDIT] - Action: 0, Confidence: 1.0000, Safety Mode: SAFE_HOLD, Override: Safe hold mode active
2025-05-28 04:02:20,264 - INFO - [AUDIT] - Action: 0, Confidence: 1.0000, Safety Mode: SAFE_HOLD, Override: Safe hold mode active
2025-05-28 04:02:20,264 - INFO - [AUDIT] - Action: 0, Confidence: 1.0000, Safety Mode: SAFE_HOLD, Override: Safe hold mode active
2025-05-28 04:02:20,264 - INFO - [AUDIT] - Action: 0, Confidence: 1.0000, Safety Mode: SAFE_HOLD, Override: Safe hold mode active
2025-05-28 04:02:20,265 - INFO - [AUDIT] - Action: 0, Confidence: 1.0000, Safety Mode: SAFE_HOLD, Override: Safe hold mode active
2025-05-28 04:02:20,265 - INFO - [AUDIT] - Action: 0, Confidence: 1.0000, Safety Mode: SAFE_HOLD, Override: Safe hold mode active
2025-05-28 04:02:20,265 - INFO - [AUDIT] - Action: 0, Confidence: 1.0000, Safety Mode: SAFE_HOLD, Override: Safe hold mode active
2025-05-28 04:02:20,265 - INFO - [AUDIT] - Action: 0, Confidence: 1.0000, Safety Mode: SAFE_HOLD, Override: Safe hold mode active
2025-05-28 04:02:20,265 - INFO - [AUDIT] - Action: 0, Confidence: 1.0000, Safety Mode: SAFE_HOLD, Override: Safe hold mode active
2025-05-28 04:02:20,266 - INFO - [AUDIT] - Action: 0, Confidence: 1.0000, Safety Mode: SAFE_HOLD, Override: Safe hold mode active
2025-05-28 04:02:20,266 - INFO - [AUDIT] - Action: 0, Confidence: 1.0000, Safety Mode: SAFE_HOLD, Override: Safe hold mode active
2025-05-28 04:02:20,266 - INFO - [AUDIT] - Action: 0, Confidence: 1.0000, Safety Mode: SAFE_HOLD, Override: Safe hold mode active
2025-05-28 04:02:20,266 - INFO - [AUDIT] - Action: 0, Confidence: 1.0000, Safety Mode: SAFE_HOLD, Override: Safe hold mode active
2025-05-28 04:02:20,266 - INFO - [AUDIT] - Action: 0, Confidence: 1.0000, Safety Mode: SAFE_HOLD, Override: Safe hold mode active
2025-05-28 04:02:20,267 - INFO - [AUDIT] - Action: 0, Confidence: 1.0000, Safety Mode: SAFE_HOLD, Override: Safe hold mode active
2025-05-28 04:02:20,267 - INFO - [AUDIT] - Action: 0, Confidence: 1.0000, Safety Mode: SAFE_HOLD, Override: Safe hold mode active
2025-05-28 04:02:20,267 - INFO - [AUDIT] - Action: 0, Confidence: 1.0000, Safety Mode: SAFE_HOLD, Override: Safe hold mode active
2025-05-28 04:02:20,267 - INFO - [AUDIT] - Action: 0, Confidence: 1.0000, Safety Mode: SAFE_HOLD, Override: Safe hold mode active
2025-05-28 04:02:20,267 - INFO - [AUDIT] - Action: 0, Confidence: 1.0000, Safety Mode: SAFE_HOLD, Override: Safe hold mode active
2025-05-28 04:02:20,268 - INFO - [AUDIT] - Action: 0, Confidence: 1.0000, Safety Mode: SAFE_HOLD, Override: Safe hold mode active
2025-05-28 04:02:20,268 - INFO - [AUDIT] - Action: 0, Confidence: 1.0000, Safety Mode: SAFE_HOLD, Override: Safe hold mode active
2025-05-28 04:02:20,268 - INFO - [AUDIT] - Action: 0, Confidence: 1.0000, Safety Mode: SAFE_HOLD, Override: Safe hold mode active
2025-05-28 04:02:20,268 - INFO - [AUDIT] - Action: 0, Confidence: 1.0000, Safety Mode: SAFE_HOLD, Override: Safe hold mode active
2025-05-28 04:02:20,268 - INFO - [AUDIT] - Action: 0, Confidence: 1.0000, Safety Mode: SAFE_HOLD, Override: Safe hold mode active
2025-05-28 04:02:20,269 - INFO - [AUDIT] - Action: 0, Confidence: 1.0000, Safety Mode: SAFE_HOLD, Override: Safe hold mode active
2025-05-28 04:02:20,269 - INFO - [AUDIT] - Action: 0, Confidence: 1.0000, Safety Mode: SAFE_HOLD, Override: Safe hold mode active
2025-05-28 04:02:20,269 - INFO - [AUDIT] - Action: 0, Confidence: 1.0000, Safety Mode: SAFE_HOLD, Override: Safe hold mode active
2025-05-28 04:02:20,269 - INFO - [AUDIT] - Action: 0, Confidence: 1.0000, Safety Mode: SAFE_HOLD, Override: Safe hold mode active
2025-05-28 04:02:20,269 - INFO - [AUDIT] - Action: 0, Confidence: 1.0000, Safety Mode: SAFE_HOLD, Override: Safe hold mode active
2025-05-28 04:02:20,269 - INFO - [AUDIT] - Action: 0, Confidence: 1.0000, Safety Mode: SAFE_HOLD, Override: Safe hold mode active
2025-05-28 04:02:20,270 - INFO - [AUDIT] - Action: 0, Confidence: 1.0000, Safety Mode: SAFE_HOLD, Override: Safe hold mode active
2025-05-28 04:02:20,270 - INFO - [AUDIT] - Action: 0, Confidence: 1.0000, Safety Mode: SAFE_HOLD, Override: Safe hold mode active
2025-05-28 04:02:20,270 - INFO - [AUDIT] - Action: 0, Confidence: 1.0000, Safety Mode: SAFE_HOLD, Override: Safe hold mode active
2025-05-28 04:02:20,270 - INFO - [AUDIT] - Action: 0, Confidence: 1.0000, Safety Mode: SAFE_HOLD, Override: Safe hold mode active
2025-05-28 04:02:20,271 - INFO - [AUDIT] - Action: 0, Confidence: 1.0000, Safety Mode: SAFE_HOLD, Override: Safe hold mode active
2025-05-28 04:02:20,271 - INFO - [AUDIT] - Action: 0, Confidence: 1.0000, Safety Mode: SAFE_HOLD, Override: Safe hold mode active
2025-05-28 04:02:20,271 - INFO - [AUDIT] - Action: 0, Confidence: 1.0000, Safety Mode: SAFE_HOLD, Override: Safe hold mode active
2025-05-28 04:02:20,271 - INFO - [AUDIT] - Action: 0, Confidence: 1.0000, Safety Mode: SAFE_HOLD, Override: Safe hold mode active
2025-05-28 04:02:20,271 - INFO - [AUDIT] - Action: 0, Confidence: 1.0000, Safety Mode: SAFE_HOLD, Override: Safe hold mode active
2025-05-28 04:02:20,272 - INFO - [AUDIT] - Action: 0, Confidence: 1.0000, Safety Mode: SAFE_HOLD, Override: Safe hold mode active
2025-05-28 04:02:20,272 - INFO - [AUDIT] - Action: 0, Confidence: 1.0000, Safety Mode: SAFE_HOLD, Override: Safe hold mode active
2025-05-28 04:02:20,272 - INFO - [AUDIT] - Action: 0, Confidence: 1.0000, Safety Mode: SAFE_HOLD, Override: Safe hold mode active
2025-05-28 04:02:20,272 - INFO - [AUDIT] - Action: 0, Confidence: 1.0000, Safety Mode: SAFE_HOLD, Override: Safe hold mode active
2025-05-28 04:02:20,272 - INFO - [AUDIT] - Action: 0, Confidence: 1.0000, Safety Mode: SAFE_HOLD, Override: Safe hold mode active
2025-05-28 04:02:20,273 - INFO - [AUDIT] - Action: 0, Confidence: 1.0000, Safety Mode: SAFE_HOLD, Override: Safe hold mode active
2025-05-28 04:02:20,273 - INFO - [AUDIT] - Action: 0, Confidence: 1.0000, Safety Mode: SAFE_HOLD, Override: Safe hold mode active
2025-05-28 04:02:20,273 - INFO - [AUDIT] - Action: 0, Confidence: 1.0000, Safety Mode: SAFE_HOLD, Override: Safe hold mode active
2025-05-28 04:02:20,273 - INFO - [AUDIT] - Action: 0, Confidence: 1.0000, Safety Mode: SAFE_HOLD, Override: Safe hold mode active
2025-05-28 04:02:20,273 - INFO - [AUDIT] - Action: 0, Confidence: 1.0000, Safety Mode: SAFE_HOLD, Override: Safe hold mode active
2025-05-28 04:02:20,274 - INFO - [AUDIT] - Action: 0, Confidence: 1.0000, Safety Mode: SAFE_HOLD, Override: Safe hold mode active
2025-05-28 04:02:20,274 - INFO - [AUDIT] - Action: 0, Confidence: 1.0000, Safety Mode: SAFE_HOLD, Override: Safe hold mode active
2025-05-28 04:02:20,274 - INFO - [AUDIT] - Action: 0, Confidence: 1.0000, Safety Mode: SAFE_HOLD, Override: Safe hold mode active
2025-05-28 04:02:20,274 - INFO - [AUDIT] - Action: 0, Confidence: 1.0000, Safety Mode: SAFE_HOLD, Override: Safe hold mode active
2025-05-28 04:02:20,274 - INFO - [AUDIT] - Action: 0, Confidence: 1.0000, Safety Mode: SAFE_HOLD, Override: Safe hold mode active
2025-05-28 04:02:20,275 - INFO - [AUDIT] - Action: 0, Confidence: 1.0000, Safety Mode: SAFE_HOLD, Override: Safe hold mode active
2025-05-28 04:02:20,275 - INFO - [AUDIT] - Action: 0, Confidence: 1.0000, Safety Mode: SAFE_HOLD, Override: Safe hold mode active
2025-05-28 04:02:20,275 - INFO - [AUDIT] - Action: 0, Confidence: 1.0000, Safety Mode: SAFE_HOLD, Override: Safe hold mode active
2025-05-28 04:02:20,275 - INFO - [AUDIT] - Action: 0, Confidence: 1.0000, Safety Mode: SAFE_HOLD, Override: Safe hold mode active
2025-05-28 04:02:20,275 - INFO - [AUDIT] - Action: 0, Confidence: 1.0000, Safety Mode: SAFE_HOLD, Override: Safe hold mode active
2025-05-28 04:02:20,276 - INFO - [AUDIT] - Action: 0, Confidence: 1.0000, Safety Mode: SAFE_HOLD, Override: Safe hold mode active
2025-05-28 04:02:20,276 - INFO - [AUDIT] - Action: 0, Confidence: 1.0000, Safety Mode: SAFE_HOLD, Override: Safe hold mode active
2025-05-28 04:02:20,276 - INFO - [AUDIT] - Action: 0, Confidence: 1.0000, Safety Mode: SAFE_HOLD, Override: Safe hold mode active
2025-05-28 04:02:20,276 - INFO - [AUDIT] - Action: 0, Confidence: 1.0000, Safety Mode: SAFE_HOLD, Override: Safe hold mode active
2025-05-28 04:02:20,276 - INFO - [AUDIT] - Action: 0, Confidence: 1.0000, Safety Mode: SAFE_HOLD, Override: Safe hold mode active
2025-05-28 04:02:20,276 - INFO - [AUDIT] - Action: 0, Confidence: 1.0000, Safety Mode: SAFE_HOLD, Override: Safe hold mode active
2025-05-28 04:02:20,277 - INFO - [AUDIT] - Action: 0, Confidence: 1.0000, Safety Mode: SAFE_HOLD, Override: Safe hold mode active
2025-05-28 04:02:20,277 - INFO - [AUDIT] - Action: 0, Confidence: 1.0000, Safety Mode: SAFE_HOLD, Override: Safe hold mode active
2025-05-28 04:02:20,277 - INFO - [AUDIT] - Action: 0, Confidence: 1.0000, Safety Mode: SAFE_HOLD, Override: Safe hold mode active
2025-05-28 04:02:20,277 - INFO - [AUDIT] - Action: 0, Confidence: 1.0000, Safety Mode: SAFE_HOLD, Override: Safe hold mode active
2025-05-28 04:02:20,278 - INFO - [AUDIT] - Action: 0, Confidence: 1.0000, Safety Mode: SAFE_HOLD, Override: Safe hold mode active
2025-05-28 04:02:20,278 - INFO - [AUDIT] - Action: 0, Confidence: 1.0000, Safety Mode: SAFE_HOLD, Override: Safe hold mode active
2025-05-28 04:02:20,278 - INFO - [AUDIT] - Action: 0, Confidence: 1.0000, Safety Mode: SAFE_HOLD, Override: Safe hold mode active
2025-05-28 04:02:20,278 - INFO - [AUDIT] - Action: 0, Confidence: 1.0000, Safety Mode: SAFE_HOLD, Override: Safe hold mode active
2025-05-28 04:02:20,278 - INFO - [AUDIT] - Action: 0, Confidence: 1.0000, Safety Mode: SAFE_HOLD, Override: Safe hold mode active
2025-05-28 04:02:20,278 - INFO - [AUDIT] - Action: 0, Confidence: 1.0000, Safety Mode: SAFE_HOLD, Override: Safe hold mode active
2025-05-28 04:02:20,279 - INFO - [AUDIT] - Action: 0, Confidence: 1.0000, Safety Mode: SAFE_HOLD, Override: Safe hold mode active
2025-05-28 04:02:20,279 - INFO - [AUDIT] - Action: 0, Confidence: 1.0000, Safety Mode: SAFE_HOLD, Override: Safe hold mode active
2025-05-28 04:02:20,279 - INFO - [AUDIT] - Action: 0, Confidence: 1.0000, Safety Mode: SAFE_HOLD, Override: Safe hold mode active
2025-05-28 04:02:20,279 - INFO - [AUDIT] - Action: 0, Confidence: 1.0000, Safety Mode: SAFE_HOLD, Override: Safe hold mode active
2025-05-28 04:02:20,279 - INFO - [AUDIT] - Action: 0, Confidence: 1.0000, Safety Mode: SAFE_HOLD, Override: Safe hold mode active
2025-05-28 04:02:20,280 - INFO - [AUDIT] - Action: 0, Confidence: 1.0000, Safety Mode: SAFE_HOLD, Override: Safe hold mode active
2025-05-28 04:02:20,280 - INFO - [AUDIT] - Action: 0, Confidence: 1.0000, Safety Mode: SAFE_HOLD, Override: Safe hold mode active
2025-05-28 04:02:20,280 - INFO - [AUDIT] - Action: 0, Confidence: 1.0000, Safety Mode: SAFE_HOLD, Override: Safe hold mode active
2025-05-28 04:02:20,280 - INFO - [AUDIT] - Action: 0, Confidence: 1.0000, Safety Mode: SAFE_HOLD, Override: Safe hold mode active
2025-05-28 04:02:20,280 - INFO - [AUDIT] - Action: 0, Confidence: 1.0000, Safety Mode: SAFE_HOLD, Override: Safe hold mode active
2025-05-28 04:02:20,281 - INFO - [AUDIT] - Action: 0, Confidence: 1.0000, Safety Mode: SAFE_HOLD, Override: Safe hold mode active
2025-05-28 04:02:20,281 - INFO - [AUDIT] - Action: 0, Confidence: 1.0000, Safety Mode: SAFE_HOLD, Override: Safe hold mode active
2025-05-28 04:02:20,281 - INFO - [AUDIT] - Action: 0, Confidence: 1.0000, Safety Mode: SAFE_HOLD, Override: Safe hold mode active
2025-05-28 04:02:20,281 - INFO - [AUDIT] - Action: 0, Confidence: 1.0000, Safety Mode: SAFE_HOLD, Override: Safe hold mode active
2025-05-28 04:02:20,281 - INFO - [AUDIT] - Action: 0, Confidence: 1.0000, Safety Mode: SAFE_HOLD, Override: Safe hold mode active
2025-05-28 04:02:20,282 - INFO - [AUDIT] - Action: 0, Confidence: 1.0000, Safety Mode: SAFE_HOLD, Override: Safe hold mode active
2025-05-28 04:02:20,282 - INFO - [AUDIT] - Action: 0, Confidence: 1.0000, Safety Mode: SAFE_HOLD, Override: Safe hold mode active
2025-05-28 04:02:20,282 - INFO - [AUDIT] - Action: 0, Confidence: 1.0000, Safety Mode: SAFE_HOLD, Override: Safe hold mode active
2025-05-28 04:02:20,282 - INFO - [AUDIT] - Action: 0, Confidence: 1.0000, Safety Mode: SAFE_HOLD, Override: Safe hold mode active
2025-05-28 04:02:20,282 - INFO - [AUDIT] - Action: 0, Confidence: 1.0000, Safety Mode: SAFE_HOLD, Override: Safe hold mode active
2025-05-28 04:02:20,283 - INFO - [AUDIT] - Action: 0, Confidence: 1.0000, Safety Mode: SAFE_HOLD, Override: Safe hold mode active
2025-05-28 04:02:20,283 - INFO - [AUDIT] - Action: 0, Confidence: 1.0000, Safety Mode: SAFE_HOLD, Override: Safe hold mode active
2025-05-28 04:02:20,283 - INFO - [AUDIT] - Action: 0, Confidence: 1.0000, Safety Mode: SAFE_HOLD, Override: Safe hold mode active
2025-05-28 04:02:20,283 - INFO - [AUDIT] - Action: 0, Confidence: 1.0000, Safety Mode: SAFE_HOLD, Override: Safe hold mode active
2025-05-28 04:02:20,283 - INFO - [AUDIT] - Action: 0, Confidence: 1.0000, Safety Mode: SAFE_HOLD, Override: Safe hold mode active
2025-05-28 04:02:20,284 - INFO - [AUDIT] - Action: 0, Confidence: 1.0000, Safety Mode: SAFE_HOLD, Override: Safe hold mode active
2025-05-28 04:02:20,284 - INFO - [AUDIT] - Action: 0, Confidence: 1.0000, Safety Mode: SAFE_HOLD, Override: Safe hold mode active
2025-05-28 04:02:20,284 - INFO - [AUDIT] - Action: 0, Confidence: 1.0000, Safety Mode: SAFE_HOLD, Override: Safe hold mode active
2025-05-28 04:02:20,284 - INFO - [AUDIT] - Action: 0, Confidence: 1.0000, Safety Mode: SAFE_HOLD, Override: Safe hold mode active
2025-05-28 04:02:20,284 - INFO - [AUDIT] - Action: 0, Confidence: 1.0000, Safety Mode: SAFE_HOLD, Override: Safe hold mode active
2025-05-28 04:02:20,285 - INFO - [AUDIT] - Action: 0, Confidence: 1.0000, Safety Mode: SAFE_HOLD, Override: Safe hold mode active
2025-05-28 04:02:20,285 - INFO - [AUDIT] - Action: 0, Confidence: 1.0000, Safety Mode: SAFE_HOLD, Override: Safe hold mode active
2025-05-28 04:02:20,285 - INFO - [AUDIT] - Action: 0, Confidence: 1.0000, Safety Mode: SAFE_HOLD, Override: Safe hold mode active
2025-05-28 04:02:20,285 - INFO - [AUDIT] - Action: 0, Confidence: 1.0000, Safety Mode: SAFE_HOLD, Override: Safe hold mode active
2025-05-28 04:02:20,285 - INFO - [AUDIT] - Action: 0, Confidence: 1.0000, Safety Mode: SAFE_HOLD, Override: Safe hold mode active
2025-05-28 04:02:20,286 - INFO - [AUDIT] - Action: 0, Confidence: 1.0000, Safety Mode: SAFE_HOLD, Override: Safe hold mode active
2025-05-28 04:02:20,286 - INFO - [AUDIT] - Action: 0, Confidence: 1.0000, Safety Mode: SAFE_HOLD, Override: Safe hold mode active
2025-05-28 04:02:20,286 - INFO - [AUDIT] - Action: 0, Confidence: 1.0000, Safety Mode: SAFE_HOLD, Override: Safe hold mode active
2025-05-28 04:02:20,286 - INFO - [AUDIT] - Action: 0, Confidence: 1.0000, Safety Mode: SAFE_HOLD, Override: Safe hold mode active
2025-05-28 04:02:20,286 - INFO - [AUDIT] - Action: 0, Confidence: 1.0000, Safety Mode: SAFE_HOLD, Override: Safe hold mode active
2025-05-28 04:02:20,287 - INFO - [AUDIT] - Action: 0, Confidence: 1.0000, Safety Mode: SAFE_HOLD, Override: Safe hold mode active
2025-05-28 04:02:20,287 - INFO - [AUDIT] - Action: 0, Confidence: 1.0000, Safety Mode: SAFE_HOLD, Override: Safe hold mode active
2025-05-28 04:02:20,287 - INFO - [AUDIT] - Action: 0, Confidence: 1.0000, Safety Mode: SAFE_HOLD, Override: Safe hold mode active
2025-05-28 04:02:20,287 - INFO - [AUDIT] - Action: 0, Confidence: 1.0000, Safety Mode: SAFE_HOLD, Override: Safe hold mode active
2025-05-28 04:02:20,287 - INFO - [AUDIT] - Action: 0, Confidence: 1.0000, Safety Mode: SAFE_HOLD, Override: Safe hold mode active
2025-05-28 04:02:20,288 - INFO - [AUDIT] - Action: 0, Confidence: 1.0000, Safety Mode: SAFE_HOLD, Override: Safe hold mode active
2025-05-28 04:02:20,288 - INFO - [AUDIT] - Action: 0, Confidence: 1.0000, Safety Mode: SAFE_HOLD, Override: Safe hold mode active
2025-05-28 04:02:20,288 - INFO - [AUDIT] - Action: 0, Confidence: 1.0000, Safety Mode: SAFE_HOLD, Override: Safe hold mode active
2025-05-28 04:02:20,288 - INFO - [AUDIT] - Action: 0, Confidence: 1.0000, Safety Mode: SAFE_HOLD, Override: Safe hold mode active
2025-05-28 04:02:20,288 - INFO - [AUDIT] - Action: 0, Confidence: 1.0000, Safety Mode: SAFE_HOLD, Override: Safe hold mode active
2025-05-28 04:02:20,289 - INFO - [AUDIT] - Action: 0, Confidence: 1.0000, Safety Mode: SAFE_HOLD, Override: Safe hold mode active
2025-05-28 04:02:20,289 - INFO - [AUDIT] - Action: 0, Confidence: 1.0000, Safety Mode: SAFE_HOLD, Override: Safe hold mode active
2025-05-28 04:02:20,289 - INFO - [AUDIT] - Action: 0, Confidence: 1.0000, Safety Mode: SAFE_HOLD, Override: Safe hold mode active
2025-05-28 04:02:20,289 - INFO - [AUDIT] - Action: 0, Confidence: 1.0000, Safety Mode: SAFE_HOLD, Override: Safe hold mode active
2025-05-28 04:02:20,289 - INFO - [AUDIT] - Action: 0, Confidence: 1.0000, Safety Mode: SAFE_HOLD, Override: Safe hold mode active
2025-05-28 04:02:20,290 - INFO - [AUDIT] - Action: 0, Confidence: 1.0000, Safety Mode: SAFE_HOLD, Override: Safe hold mode active
2025-05-28 04:02:20,290 - INFO - [AUDIT] - Action: 0, Confidence: 1.0000, Safety Mode: SAFE_HOLD, Override: Safe hold mode active
2025-05-28 04:02:20,290 - INFO - [AUDIT] - Action: 0, Confidence: 1.0000, Safety Mode: SAFE_HOLD, Override: Safe hold mode active
2025-05-28 04:02:20,290 - INFO - [AUDIT] - Action: 0, Confidence: 1.0000, Safety Mode: SAFE_HOLD, Override: Safe hold mode active
2025-05-28 04:02:20,290 - INFO - [AUDIT] - Action: 0, Confidence: 1.0000, Safety Mode: SAFE_HOLD, Override: Safe hold mode active
2025-05-28 04:02:20,291 - INFO - [AUDIT] - Action: 0, Confidence: 1.0000, Safety Mode: SAFE_HOLD, Override: Safe hold mode active
2025-05-28 04:02:20,291 - INFO - [AUDIT] - Action: 0, Confidence: 1.0000, Safety Mode: SAFE_HOLD, Override: Safe hold mode active
2025-05-28 04:02:20,291 - INFO - [AUDIT] - Action: 0, Confidence: 1.0000, Safety Mode: SAFE_HOLD, Override: Safe hold mode active
2025-05-28 04:02:20,291 - INFO - [AUDIT] - Action: 0, Confidence: 1.0000, Safety Mode: SAFE_HOLD, Override: Safe hold mode active
2025-05-28 04:02:20,291 - INFO - [AUDIT] - Action: 0, Confidence: 1.0000, Safety Mode: SAFE_HOLD, Override: Safe hold mode active
2025-05-28 04:02:20,292 - INFO - [AUDIT] - Action: 0, Confidence: 1.0000, Safety Mode: SAFE_HOLD, Override: Safe hold mode active
2025-05-28 04:02:20,292 - INFO - [AUDIT] - Action: 0, Confidence: 1.0000, Safety Mode: SAFE_HOLD, Override: Safe hold mode active
2025-05-28 04:02:20,292 - INFO - [AUDIT] - Action: 0, Confidence: 1.0000, Safety Mode: SAFE_HOLD, Override: Safe hold mode active
2025-05-28 04:02:20,292 - INFO - [AUDIT] - Action: 0, Confidence: 1.0000, Safety Mode: SAFE_HOLD, Override: Safe hold mode active
2025-05-28 04:02:20,293 - INFO - [AUDIT] - Action: 0, Confidence: 1.0000, Safety Mode: SAFE_HOLD, Override: Safe hold mode active
2025-05-28 04:02:20,293 - INFO - [AUDIT] - Action: 0, Confidence: 1.0000, Safety Mode: SAFE_HOLD, Override: Safe hold mode active
2025-05-28 04:02:20,293 - INFO - [AUDIT] - Action: 0, Confidence: 1.0000, Safety Mode: SAFE_HOLD, Override: Safe hold mode active
2025-05-28 04:02:20,293 - INFO - [AUDIT] - Action: 0, Confidence: 1.0000, Safety Mode: SAFE_HOLD, Override: Safe hold mode active
2025-05-28 04:02:20,293 - INFO - [AUDIT] - Action: 0, Confidence: 1.0000, Safety Mode: SAFE_HOLD, Override: Safe hold mode active
2025-05-28 04:02:20,294 - INFO - [AUDIT] - Action: 0, Confidence: 1.0000, Safety Mode: SAFE_HOLD, Override: Safe hold mode active
2025-05-28 04:02:20,294 - INFO - [AUDIT] - Action: 0, Confidence: 1.0000, Safety Mode: SAFE_HOLD, Override: Safe hold mode active
2025-05-28 04:02:20,294 - INFO - [AUDIT] - Action: 0, Confidence: 1.0000, Safety Mode: SAFE_HOLD, Override: Safe hold mode active
2025-05-28 04:02:20,294 - INFO - [AUDIT] - Action: 0, Confidence: 1.0000, Safety Mode: SAFE_HOLD, Override: Safe hold mode active
2025-05-28 04:02:20,294 - INFO - [AUDIT] - Action: 0, Confidence: 1.0000, Safety Mode: SAFE_HOLD, Override: Safe hold mode active
2025-05-28 04:02:20,294 - INFO - [AUDIT] - Action: 0, Confidence: 1.0000, Safety Mode: SAFE_HOLD, Override: Safe hold mode active
2025-05-28 04:02:20,295 - INFO - [AUDIT] - Action: 0, Confidence: 1.0000, Safety Mode: SAFE_HOLD, Override: Safe hold mode active
2025-05-28 04:02:20,295 - INFO - [AUDIT] - Action: 0, Confidence: 1.0000, Safety Mode: SAFE_HOLD, Override: Safe hold mode active
2025-05-28 04:02:20,295 - INFO - [AUDIT] - Action: 0, Confidence: 1.0000, Safety Mode: SAFE_HOLD, Override: Safe hold mode active
2025-05-28 04:02:20,295 - INFO - [AUDIT] - Action: 0, Confidence: 1.0000, Safety Mode: SAFE_HOLD, Override: Safe hold mode active
2025-05-28 04:02:20,295 - INFO - [AUDIT] - Action: 0, Confidence: 1.0000, Safety Mode: SAFE_HOLD, Override: Safe hold mode active
2025-05-28 04:02:20,296 - INFO - [AUDIT] - Action: 0, Confidence: 1.0000, Safety Mode: SAFE_HOLD, Override: Safe hold mode active
2025-05-28 04:02:20,296 - INFO - [AUDIT] - Action: 0, Confidence: 1.0000, Safety Mode: SAFE_HOLD, Override: Safe hold mode active
2025-05-28 04:02:20,296 - INFO - [AUDIT] - Action: 0, Confidence: 1.0000, Safety Mode: SAFE_HOLD, Override: Safe hold mode active
2025-05-28 04:02:20,296 - INFO - [AUDIT] - Action: 0, Confidence: 1.0000, Safety Mode: SAFE_HOLD, Override: Safe hold mode active
2025-05-28 04:02:20,296 - INFO - [AUDIT] - Action: 0, Confidence: 1.0000, Safety Mode: SAFE_HOLD, Override: Safe hold mode active
2025-05-28 04:02:20,297 - INFO - [AUDIT] - Action: 0, Confidence: 1.0000, Safety Mode: SAFE_HOLD, Override: Safe hold mode active
2025-05-28 04:02:20,297 - INFO - [AUDIT] - Action: 0, Confidence: 1.0000, Safety Mode: SAFE_HOLD, Override: Safe hold mode active
2025-05-28 04:02:20,297 - INFO - [AUDIT] - Action: 0, Confidence: 1.0000, Safety Mode: SAFE_HOLD, Override: Safe hold mode active
2025-05-28 04:02:20,297 - INFO - [AUDIT] - Action: 0, Confidence: 1.0000, Safety Mode: SAFE_HOLD, Override: Safe hold mode active
2025-05-28 04:02:20,297 - INFO - [AUDIT] - Action: 0, Confidence: 1.0000, Safety Mode: SAFE_HOLD, Override: Safe hold mode active
2025-05-28 04:02:20,298 - INFO - [AUDIT] - Action: 0, Confidence: 1.0000, Safety Mode: SAFE_HOLD, Override: Safe hold mode active
2025-05-28 04:02:20,298 - INFO - [AUDIT] - Action: 0, Confidence: 1.0000, Safety Mode: SAFE_HOLD, Override: Safe hold mode active
2025-05-28 04:02:20,298 - INFO - [AUDIT] - Action: 0, Confidence: 1.0000, Safety Mode: SAFE_HOLD, Override: Safe hold mode active
2025-05-28 04:02:20,298 - INFO - [AUDIT] - Action: 0, Confidence: 1.0000, Safety Mode: SAFE_HOLD, Override: Safe hold mode active
2025-05-28 04:02:20,298 - INFO - [AUDIT] - Action: 0, Confidence: 1.0000, Safety Mode: SAFE_HOLD, Override: Safe hold mode active
2025-05-28 04:02:20,299 - INFO - [AUDIT] - Action: 0, Confidence: 1.0000, Safety Mode: SAFE_HOLD, Override: Safe hold mode active
2025-05-28 04:02:20,299 - INFO - [AUDIT] - Action: 0, Confidence: 1.0000, Safety Mode: SAFE_HOLD, Override: Safe hold mode active
2025-05-28 04:02:20,299 - INFO - [AUDIT] - Action: 0, Confidence: 1.0000, Safety Mode: SAFE_HOLD, Override: Safe hold mode active
2025-05-28 04:02:20,299 - INFO - [AUDIT] - Action: 0, Confidence: 1.0000, Safety Mode: SAFE_HOLD, Override: Safe hold mode active
2025-05-28 04:02:20,299 - INFO - [AUDIT] - Action: 0, Confidence: 1.0000, Safety Mode: SAFE_HOLD, Override: Safe hold mode active
2025-05-28 04:02:20,300 - INFO - [AUDIT] - Action: 0, Confidence: 1.0000, Safety Mode: SAFE_HOLD, Override: Safe hold mode active
2025-05-28 04:02:20,300 - INFO - [AUDIT] - Action: 0, Confidence: 1.0000, Safety Mode: SAFE_HOLD, Override: Safe hold mode active
2025-05-28 04:02:20,300 - INFO - [AUDIT] - Action: 0, Confidence: 1.0000, Safety Mode: SAFE_HOLD, Override: Safe hold mode active
2025-05-28 04:02:20,300 - INFO - [AUDIT] - Action: 0, Confidence: 1.0000, Safety Mode: SAFE_HOLD, Override: Safe hold mode active
2025-05-28 04:02:20,300 - INFO - [AUDIT] - Action: 0, Confidence: 1.0000, Safety Mode: SAFE_HOLD, Override: Safe hold mode active
2025-05-28 04:02:20,300 - INFO - [AUDIT] - Action: 0, Confidence: 1.0000, Safety Mode: SAFE_HOLD, Override: Safe hold mode active
2025-05-28 04:02:20,301 - INFO - [AUDIT] - Action: 0, Confidence: 1.0000, Safety Mode: SAFE_HOLD, Override: Safe hold mode active
2025-05-28 04:02:20,301 - INFO - [AUDIT] - Action: 0, Confidence: 1.0000, Safety Mode: SAFE_HOLD, Override: Safe hold mode active
2025-05-28 04:02:20,301 - INFO - [AUDIT] - Action: 0, Confidence: 1.0000, Safety Mode: SAFE_HOLD, Override: Safe hold mode active
2025-05-28 04:02:20,301 - INFO - [AUDIT] - Action: 0, Confidence: 1.0000, Safety Mode: SAFE_HOLD, Override: Safe hold mode active
2025-05-28 04:02:20,302 - INFO - [AUDIT] - Action: 0, Confidence: 1.0000, Safety Mode: SAFE_HOLD, Override: Safe hold mode active
2025-05-28 04:02:20,302 - INFO - [AUDIT] - Action: 0, Confidence: 1.0000, Safety Mode: SAFE_HOLD, Override: Safe hold mode active
2025-05-28 04:02:20,302 - INFO - [AUDIT] - Action: 0, Confidence: 1.0000, Safety Mode: SAFE_HOLD, Override: Safe hold mode active
2025-05-28 04:02:20,302 - INFO - [AUDIT] - Action: 0, Confidence: 1.0000, Safety Mode: SAFE_HOLD, Override: Safe hold mode active
2025-05-28 04:02:20,302 - INFO - [AUDIT] - Action: 0, Confidence: 1.0000, Safety Mode: SAFE_HOLD, Override: Safe hold mode active
2025-05-28 04:02:20,303 - INFO - [AUDIT] - Action: 0, Confidence: 1.0000, Safety Mode: SAFE_HOLD, Override: Safe hold mode active
2025-05-28 04:02:20,303 - INFO - [AUDIT] - Action: 0, Confidence: 1.0000, Safety Mode: SAFE_HOLD, Override: Safe hold mode active
2025-05-28 04:02:20,303 - INFO - [AUDIT] - Action: 0, Confidence: 1.0000, Safety Mode: SAFE_HOLD, Override: Safe hold mode active
2025-05-28 04:02:20,303 - INFO - [AUDIT] - Action: 0, Confidence: 1.0000, Safety Mode: SAFE_HOLD, Override: Safe hold mode active
2025-05-28 04:02:20,303 - INFO - [AUDIT] - Action: 0, Confidence: 1.0000, Safety Mode: SAFE_HOLD, Override: Safe hold mode active
2025-05-28 04:02:20,304 - INFO - [AUDIT] - Action: 0, Confidence: 1.0000, Safety Mode: SAFE_HOLD, Override: Safe hold mode active
2025-05-28 04:02:20,304 - INFO - [AUDIT] - Action: 0, Confidence: 1.0000, Safety Mode: SAFE_HOLD, Override: Safe hold mode active
2025-05-28 04:02:20,304 - INFO - [AUDIT] - Action: 0, Confidence: 1.0000, Safety Mode: SAFE_HOLD, Override: Safe hold mode active
2025-05-28 04:02:20,304 - INFO - [AUDIT] - Action: 0, Confidence: 1.0000, Safety Mode: SAFE_HOLD, Override: Safe hold mode active
2025-05-28 04:02:20,304 - INFO - [AUDIT] - Action: 0, Confidence: 1.0000, Safety Mode: SAFE_HOLD, Override: Safe hold mode active
2025-05-28 04:02:20,305 - INFO - [AUDIT] - Action: 0, Confidence: 1.0000, Safety Mode: SAFE_HOLD, Override: Safe hold mode active
2025-05-28 04:02:20,305 - INFO - [AUDIT] - Action: 0, Confidence: 1.0000, Safety Mode: SAFE_HOLD, Override: Safe hold mode active
2025-05-28 04:02:20,305 - INFO - [AUDIT] - Action: 0, Confidence: 1.0000, Safety Mode: SAFE_HOLD, Override: Safe hold mode active
2025-05-28 04:02:20,305 - INFO - [AUDIT] - Action: 0, Confidence: 1.0000, Safety Mode: SAFE_HOLD, Override: Safe hold mode active
2025-05-28 04:02:20,305 - INFO - [AUDIT] - Action: 0, Confidence: 1.0000, Safety Mode: SAFE_HOLD, Override: Safe hold mode active
2025-05-28 04:02:20,305 - INFO - [AUDIT] - Action: 0, Confidence: 1.0000, Safety Mode: SAFE_HOLD, Override: Safe hold mode active
2025-05-28 04:02:20,306 - INFO - [AUDIT] - Action: 0, Confidence: 1.0000, Safety Mode: SAFE_HOLD, Override: Safe hold mode active
2025-05-28 04:02:20,306 - INFO - [AUDIT] - Action: 0, Confidence: 1.0000, Safety Mode: SAFE_HOLD, Override: Safe hold mode active
2025-05-28 04:02:20,306 - INFO - [AUDIT] - Action: 0, Confidence: 1.0000, Safety Mode: SAFE_HOLD, Override: Safe hold mode active
2025-05-28 04:02:20,306 - INFO - [AUDIT] - Action: 0, Confidence: 1.0000, Safety Mode: SAFE_HOLD, Override: Safe hold mode active
2025-05-28 04:02:20,306 - INFO - [AUDIT] - Action: 0, Confidence: 1.0000, Safety Mode: SAFE_HOLD, Override: Safe hold mode active
2025-05-28 04:02:20,307 - INFO - [AUDIT] - Action: 0, Confidence: 1.0000, Safety Mode: SAFE_HOLD, Override: Safe hold mode active
2025-05-28 04:02:20,307 - INFO - [AUDIT] - Action: 0, Confidence: 1.0000, Safety Mode: SAFE_HOLD, Override: Safe hold mode active
2025-05-28 04:02:20,307 - INFO - [AUDIT] - Action: 0, Confidence: 1.0000, Safety Mode: SAFE_HOLD, Override: Safe hold mode active
2025-05-28 04:02:20,307 - INFO - [AUDIT] - Action: 0, Confidence: 1.0000, Safety Mode: SAFE_HOLD, Override: Safe hold mode active
2025-05-28 04:02:20,307 - INFO - [AUDIT] - Action: 0, Confidence: 1.0000, Safety Mode: SAFE_HOLD, Override: Safe hold mode active
2025-05-28 04:02:20,308 - INFO - [AUDIT] - Action: 0, Confidence: 1.0000, Safety Mode: SAFE_HOLD, Override: Safe hold mode active
2025-05-28 04:02:20,308 - INFO - [AUDIT] - Action: 0, Confidence: 1.0000, Safety Mode: SAFE_HOLD, Override: Safe hold mode active
2025-05-28 04:02:20,308 - INFO - [AUDIT] - Action: 0, Confidence: 1.0000, Safety Mode: SAFE_HOLD, Override: Safe hold mode active
2025-05-28 04:02:20,308 - INFO - [AUDIT] - Action: 0, Confidence: 1.0000, Safety Mode: SAFE_HOLD, Override: Safe hold mode active
2025-05-28 04:02:20,308 - INFO - [AUDIT] - Action: 0, Confidence: 1.0000, Safety Mode: SAFE_HOLD, Override: Safe hold mode active
2025-05-28 04:02:20,309 - INFO - [AUDIT] - Action: 0, Confidence: 1.0000, Safety Mode: SAFE_HOLD, Override: Safe hold mode active
2025-05-28 04:02:20,309 - INFO - [AUDIT] - Action: 0, Confidence: 1.0000, Safety Mode: SAFE_HOLD, Override: Safe hold mode active
2025-05-28 04:02:20,309 - INFO - [AUDIT] - Action: 0, Confidence: 1.0000, Safety Mode: SAFE_HOLD, Override: Safe hold mode active
2025-05-28 04:02:20,309 - INFO - [AUDIT] - Action: 0, Confidence: 1.0000, Safety Mode: SAFE_HOLD, Override: Safe hold mode active
2025-05-28 04:02:20,309 - INFO - [AUDIT] - Action: 0, Confidence: 1.0000, Safety Mode: SAFE_HOLD, Override: Safe hold mode active
2025-05-28 04:02:20,310 - INFO - [AUDIT] - Action: 0, Confidence: 1.0000, Safety Mode: SAFE_HOLD, Override: Safe hold mode active
2025-05-28 04:02:20,310 - INFO - [AUDIT] - Action: 0, Confidence: 1.0000, Safety Mode: SAFE_HOLD, Override: Safe hold mode active
2025-05-28 04:02:20,310 - INFO - [AUDIT] - Action: 0, Confidence: 1.0000, Safety Mode: SAFE_HOLD, Override: Safe hold mode active
