2025-05-28 04:04:12,470 - INFO - [AUDIT] - ===== AUDIT LOG INITIALIZED =====
2025-05-28 04:04:12,470 - INFO - [AUDIT] - Agent Configuration: {}
2025-05-28 04:04:12,472 - INFO - [AUDIT] - Model loaded from models/ppo_agent.pth
2025-05-28 04:04:12,473 - INFO - [AUDIT] - Model loaded from models/safety_compliant/safety_compliant_drl_final.pth
2025-05-28 04:04:12,859 - INFO - [AUDIT] - Safety mode transition: NORMAL -> SAFE_HOLD, Reason: Critical telemetry values detected
2025-05-28 04:04:12,866 - INFO - [AUDIT] - Action: 0, Confidence: 1.0000, Safety Mode: SAFE_HOLD, Override: Safe hold mode active
2025-05-28 04:04:12,866 - INFO - [AUDIT] - Action: 0, Confidence: 1.0000, Safety Mode: SAFE_HOLD, Override: Safe hold mode active
2025-05-28 04:04:12,867 - INFO - [AUDIT] - Action: 0, Confidence: 1.0000, Safety Mode: SAFE_HOLD, Override: Safe hold mode active
2025-05-28 04:04:12,867 - INFO - [AUDIT] - Action: 0, Confidence: 1.0000, Safety Mode: SAFE_HOLD, Override: Safe hold mode active
2025-05-28 04:04:12,867 - INFO - [AUDIT] - Action: 0, Confidence: 1.0000, Safety Mode: SAFE_HOLD, Override: Safe hold mode active
2025-05-28 04:04:12,867 - INFO - [AUDIT] - Action: 0, Confidence: 1.0000, Safety Mode: SAFE_HOLD, Override: Safe hold mode active
2025-05-28 04:04:12,867 - INFO - [AUDIT] - Action: 0, Confidence: 1.0000, Safety Mode: SAFE_HOLD, Override: Safe hold mode active
2025-05-28 04:04:12,868 - INFO - [AUDIT] - Action: 0, Confidence: 1.0000, Safety Mode: SAFE_HOLD, Override: Safe hold mode active
2025-05-28 04:04:12,868 - INFO - [AUDIT] - Action: 0, Confidence: 1.0000, Safety Mode: SAFE_HOLD, Override: Safe hold mode active
2025-05-28 04:04:12,868 - INFO - [AUDIT] - Action: 0, Confidence: 1.0000, Safety Mode: SAFE_HOLD, Override: Safe hold mode active
2025-05-28 04:04:12,868 - INFO - [AUDIT] - Action: 0, Confidence: 1.0000, Safety Mode: SAFE_HOLD, Override: Safe hold mode active
2025-05-28 04:04:12,869 - INFO - [AUDIT] - Action: 0, Confidence: 1.0000, Safety Mode: SAFE_HOLD, Override: Safe hold mode active
2025-05-28 04:04:12,869 - INFO - [AUDIT] - Action: 0, Confidence: 1.0000, Safety Mode: SAFE_HOLD, Override: Safe hold mode active
2025-05-28 04:04:12,869 - INFO - [AUDIT] - Action: 0, Confidence: 1.0000, Safety Mode: SAFE_HOLD, Override: Safe hold mode active
2025-05-28 04:04:12,869 - INFO - [AUDIT] - Action: 0, Confidence: 1.0000, Safety Mode: SAFE_HOLD, Override: Safe hold mode active
2025-05-28 04:04:12,870 - INFO - [AUDIT] - Action: 0, Confidence: 1.0000, Safety Mode: SAFE_HOLD, Override: Safe hold mode active
2025-05-28 04:04:12,870 - INFO - [AUDIT] - Action: 0, Confidence: 1.0000, Safety Mode: SAFE_HOLD, Override: Safe hold mode active
2025-05-28 04:04:12,870 - INFO - [AUDIT] - Action: 0, Confidence: 1.0000, Safety Mode: SAFE_HOLD, Override: Safe hold mode active
2025-05-28 04:04:12,870 - INFO - [AUDIT] - Action: 0, Confidence: 1.0000, Safety Mode: SAFE_HOLD, Override: Safe hold mode active
2025-05-28 04:04:12,870 - INFO - [AUDIT] - Action: 0, Confidence: 1.0000, Safety Mode: SAFE_HOLD, Override: Safe hold mode active
2025-05-28 04:04:12,870 - INFO - [AUDIT] - Action: 0, Confidence: 1.0000, Safety Mode: SAFE_HOLD, Override: Safe hold mode active
2025-05-28 04:04:12,871 - INFO - [AUDIT] - Action: 0, Confidence: 1.0000, Safety Mode: SAFE_HOLD, Override: Safe hold mode active
2025-05-28 04:04:12,871 - INFO - [AUDIT] - Action: 0, Confidence: 1.0000, Safety Mode: SAFE_HOLD, Override: Safe hold mode active
2025-05-28 04:04:12,871 - INFO - [AUDIT] - Action: 0, Confidence: 1.0000, Safety Mode: SAFE_HOLD, Override: Safe hold mode active
2025-05-28 04:04:12,871 - INFO - [AUDIT] - Action: 0, Confidence: 1.0000, Safety Mode: SAFE_HOLD, Override: Safe hold mode active
2025-05-28 04:04:12,872 - INFO - [AUDIT] - Action: 0, Confidence: 1.0000, Safety Mode: SAFE_HOLD, Override: Safe hold mode active
2025-05-28 04:04:12,872 - INFO - [AUDIT] - Action: 0, Confidence: 1.0000, Safety Mode: SAFE_HOLD, Override: Safe hold mode active
2025-05-28 04:04:12,872 - INFO - [AUDIT] - Action: 0, Confidence: 1.0000, Safety Mode: SAFE_HOLD, Override: Safe hold mode active
2025-05-28 04:04:12,872 - INFO - [AUDIT] - Action: 0, Confidence: 1.0000, Safety Mode: SAFE_HOLD, Override: Safe hold mode active
2025-05-28 04:04:12,872 - INFO - [AUDIT] - Action: 0, Confidence: 1.0000, Safety Mode: SAFE_HOLD, Override: Safe hold mode active
2025-05-28 04:04:12,873 - INFO - [AUDIT] - Action: 0, Confidence: 1.0000, Safety Mode: SAFE_HOLD, Override: Safe hold mode active
2025-05-28 04:04:12,873 - INFO - [AUDIT] - Action: 0, Confidence: 1.0000, Safety Mode: SAFE_HOLD, Override: Safe hold mode active
2025-05-28 04:04:12,873 - INFO - [AUDIT] - Action: 0, Confidence: 1.0000, Safety Mode: SAFE_HOLD, Override: Safe hold mode active
2025-05-28 04:04:12,873 - INFO - [AUDIT] - Action: 0, Confidence: 1.0000, Safety Mode: SAFE_HOLD, Override: Safe hold mode active
2025-05-28 04:04:12,873 - INFO - [AUDIT] - Action: 0, Confidence: 1.0000, Safety Mode: SAFE_HOLD, Override: Safe hold mode active
2025-05-28 04:04:12,873 - INFO - [AUDIT] - Action: 0, Confidence: 1.0000, Safety Mode: SAFE_HOLD, Override: Safe hold mode active
2025-05-28 04:04:12,874 - INFO - [AUDIT] - Action: 0, Confidence: 1.0000, Safety Mode: SAFE_HOLD, Override: Safe hold mode active
2025-05-28 04:04:12,874 - INFO - [AUDIT] - Action: 0, Confidence: 1.0000, Safety Mode: SAFE_HOLD, Override: Safe hold mode active
2025-05-28 04:04:12,874 - INFO - [AUDIT] - Action: 0, Confidence: 1.0000, Safety Mode: SAFE_HOLD, Override: Safe hold mode active
2025-05-28 04:04:12,874 - INFO - [AUDIT] - Action: 0, Confidence: 1.0000, Safety Mode: SAFE_HOLD, Override: Safe hold mode active
2025-05-28 04:04:12,874 - INFO - [AUDIT] - Action: 0, Confidence: 1.0000, Safety Mode: SAFE_HOLD, Override: Safe hold mode active
2025-05-28 04:04:12,875 - INFO - [AUDIT] - Action: 0, Confidence: 1.0000, Safety Mode: SAFE_HOLD, Override: Safe hold mode active
2025-05-28 04:04:12,875 - INFO - [AUDIT] - Action: 0, Confidence: 1.0000, Safety Mode: SAFE_HOLD, Override: Safe hold mode active
2025-05-28 04:04:12,875 - INFO - [AUDIT] - Action: 0, Confidence: 1.0000, Safety Mode: SAFE_HOLD, Override: Safe hold mode active
2025-05-28 04:04:12,875 - INFO - [AUDIT] - Action: 0, Confidence: 1.0000, Safety Mode: SAFE_HOLD, Override: Safe hold mode active
2025-05-28 04:04:12,875 - INFO - [AUDIT] - Action: 0, Confidence: 1.0000, Safety Mode: SAFE_HOLD, Override: Safe hold mode active
2025-05-28 04:04:12,876 - INFO - [AUDIT] - Action: 0, Confidence: 1.0000, Safety Mode: SAFE_HOLD, Override: Safe hold mode active
2025-05-28 04:04:12,876 - INFO - [AUDIT] - Action: 0, Confidence: 1.0000, Safety Mode: SAFE_HOLD, Override: Safe hold mode active
2025-05-28 04:04:12,876 - INFO - [AUDIT] - Action: 0, Confidence: 1.0000, Safety Mode: SAFE_HOLD, Override: Safe hold mode active
2025-05-28 04:04:12,876 - INFO - [AUDIT] - Action: 0, Confidence: 1.0000, Safety Mode: SAFE_HOLD, Override: Safe hold mode active
2025-05-28 04:04:12,876 - INFO - [AUDIT] - Action: 0, Confidence: 1.0000, Safety Mode: SAFE_HOLD, Override: Safe hold mode active
2025-05-28 04:04:12,877 - INFO - [AUDIT] - Action: 0, Confidence: 1.0000, Safety Mode: SAFE_HOLD, Override: Safe hold mode active
2025-05-28 04:04:12,877 - INFO - [AUDIT] - Action: 0, Confidence: 1.0000, Safety Mode: SAFE_HOLD, Override: Safe hold mode active
2025-05-28 04:04:12,877 - INFO - [AUDIT] - Action: 0, Confidence: 1.0000, Safety Mode: SAFE_HOLD, Override: Safe hold mode active
2025-05-28 04:04:12,877 - INFO - [AUDIT] - Action: 0, Confidence: 1.0000, Safety Mode: SAFE_HOLD, Override: Safe hold mode active
2025-05-28 04:04:12,877 - INFO - [AUDIT] - Action: 0, Confidence: 1.0000, Safety Mode: SAFE_HOLD, Override: Safe hold mode active
2025-05-28 04:04:12,878 - INFO - [AUDIT] - Action: 0, Confidence: 1.0000, Safety Mode: SAFE_HOLD, Override: Safe hold mode active
2025-05-28 04:04:12,878 - INFO - [AUDIT] - Action: 0, Confidence: 1.0000, Safety Mode: SAFE_HOLD, Override: Safe hold mode active
2025-05-28 04:04:12,878 - INFO - [AUDIT] - Action: 0, Confidence: 1.0000, Safety Mode: SAFE_HOLD, Override: Safe hold mode active
2025-05-28 04:04:12,878 - INFO - [AUDIT] - Action: 0, Confidence: 1.0000, Safety Mode: SAFE_HOLD, Override: Safe hold mode active
2025-05-28 04:04:12,878 - INFO - [AUDIT] - Action: 0, Confidence: 1.0000, Safety Mode: SAFE_HOLD, Override: Safe hold mode active
2025-05-28 04:04:12,879 - INFO - [AUDIT] - Action: 0, Confidence: 1.0000, Safety Mode: SAFE_HOLD, Override: Safe hold mode active
2025-05-28 04:04:12,879 - INFO - [AUDIT] - Action: 0, Confidence: 1.0000, Safety Mode: SAFE_HOLD, Override: Safe hold mode active
2025-05-28 04:04:12,879 - INFO - [AUDIT] - Action: 0, Confidence: 1.0000, Safety Mode: SAFE_HOLD, Override: Safe hold mode active
2025-05-28 04:04:12,879 - INFO - [AUDIT] - Action: 0, Confidence: 1.0000, Safety Mode: SAFE_HOLD, Override: Safe hold mode active
2025-05-28 04:04:12,879 - INFO - [AUDIT] - Action: 0, Confidence: 1.0000, Safety Mode: SAFE_HOLD, Override: Safe hold mode active
2025-05-28 04:04:12,880 - INFO - [AUDIT] - Action: 0, Confidence: 1.0000, Safety Mode: SAFE_HOLD, Override: Safe hold mode active
2025-05-28 04:04:12,880 - INFO - [AUDIT] - Action: 0, Confidence: 1.0000, Safety Mode: SAFE_HOLD, Override: Safe hold mode active
2025-05-28 04:04:12,880 - INFO - [AUDIT] - Action: 0, Confidence: 1.0000, Safety Mode: SAFE_HOLD, Override: Safe hold mode active
2025-05-28 04:04:12,880 - INFO - [AUDIT] - Action: 0, Confidence: 1.0000, Safety Mode: SAFE_HOLD, Override: Safe hold mode active
2025-05-28 04:04:12,880 - INFO - [AUDIT] - Action: 0, Confidence: 1.0000, Safety Mode: SAFE_HOLD, Override: Safe hold mode active
2025-05-28 04:04:12,881 - INFO - [AUDIT] - Action: 0, Confidence: 1.0000, Safety Mode: SAFE_HOLD, Override: Safe hold mode active
2025-05-28 04:04:12,881 - INFO - [AUDIT] - Action: 0, Confidence: 1.0000, Safety Mode: SAFE_HOLD, Override: Safe hold mode active
2025-05-28 04:04:12,881 - INFO - [AUDIT] - Action: 0, Confidence: 1.0000, Safety Mode: SAFE_HOLD, Override: Safe hold mode active
2025-05-28 04:04:12,881 - INFO - [AUDIT] - Action: 0, Confidence: 1.0000, Safety Mode: SAFE_HOLD, Override: Safe hold mode active
2025-05-28 04:04:12,881 - INFO - [AUDIT] - Action: 0, Confidence: 1.0000, Safety Mode: SAFE_HOLD, Override: Safe hold mode active
2025-05-28 04:04:12,882 - INFO - [AUDIT] - Action: 0, Confidence: 1.0000, Safety Mode: SAFE_HOLD, Override: Safe hold mode active
2025-05-28 04:04:12,882 - INFO - [AUDIT] - Action: 0, Confidence: 1.0000, Safety Mode: SAFE_HOLD, Override: Safe hold mode active
2025-05-28 04:04:12,882 - INFO - [AUDIT] - Action: 0, Confidence: 1.0000, Safety Mode: SAFE_HOLD, Override: Safe hold mode active
2025-05-28 04:04:12,882 - INFO - [AUDIT] - Action: 0, Confidence: 1.0000, Safety Mode: SAFE_HOLD, Override: Safe hold mode active
2025-05-28 04:04:12,882 - INFO - [AUDIT] - Action: 0, Confidence: 1.0000, Safety Mode: SAFE_HOLD, Override: Safe hold mode active
2025-05-28 04:04:12,882 - INFO - [AUDIT] - Action: 0, Confidence: 1.0000, Safety Mode: SAFE_HOLD, Override: Safe hold mode active
2025-05-28 04:04:12,883 - INFO - [AUDIT] - Action: 0, Confidence: 1.0000, Safety Mode: SAFE_HOLD, Override: Safe hold mode active
2025-05-28 04:04:12,883 - INFO - [AUDIT] - Action: 0, Confidence: 1.0000, Safety Mode: SAFE_HOLD, Override: Safe hold mode active
2025-05-28 04:04:12,883 - INFO - [AUDIT] - Action: 0, Confidence: 1.0000, Safety Mode: SAFE_HOLD, Override: Safe hold mode active
2025-05-28 04:04:12,883 - INFO - [AUDIT] - Action: 0, Confidence: 1.0000, Safety Mode: SAFE_HOLD, Override: Safe hold mode active
2025-05-28 04:04:12,883 - INFO - [AUDIT] - Action: 0, Confidence: 1.0000, Safety Mode: SAFE_HOLD, Override: Safe hold mode active
2025-05-28 04:04:12,884 - INFO - [AUDIT] - Action: 0, Confidence: 1.0000, Safety Mode: SAFE_HOLD, Override: Safe hold mode active
2025-05-28 04:04:12,884 - INFO - [AUDIT] - Action: 0, Confidence: 1.0000, Safety Mode: SAFE_HOLD, Override: Safe hold mode active
2025-05-28 04:04:12,884 - INFO - [AUDIT] - Action: 0, Confidence: 1.0000, Safety Mode: SAFE_HOLD, Override: Safe hold mode active
2025-05-28 04:04:12,884 - INFO - [AUDIT] - Action: 0, Confidence: 1.0000, Safety Mode: SAFE_HOLD, Override: Safe hold mode active
2025-05-28 04:04:12,884 - INFO - [AUDIT] - Action: 0, Confidence: 1.0000, Safety Mode: SAFE_HOLD, Override: Safe hold mode active
2025-05-28 04:04:12,885 - INFO - [AUDIT] - Action: 0, Confidence: 1.0000, Safety Mode: SAFE_HOLD, Override: Safe hold mode active
2025-05-28 04:04:12,885 - INFO - [AUDIT] - Action: 0, Confidence: 1.0000, Safety Mode: SAFE_HOLD, Override: Safe hold mode active
2025-05-28 04:04:12,885 - INFO - [AUDIT] - Action: 0, Confidence: 1.0000, Safety Mode: SAFE_HOLD, Override: Safe hold mode active
2025-05-28 04:04:12,885 - INFO - [AUDIT] - Action: 0, Confidence: 1.0000, Safety Mode: SAFE_HOLD, Override: Safe hold mode active
2025-05-28 04:04:12,885 - INFO - [AUDIT] - Action: 0, Confidence: 1.0000, Safety Mode: SAFE_HOLD, Override: Safe hold mode active
2025-05-28 04:04:12,886 - INFO - [AUDIT] - Action: 0, Confidence: 1.0000, Safety Mode: SAFE_HOLD, Override: Safe hold mode active
2025-05-28 04:04:12,886 - INFO - [AUDIT] - Action: 0, Confidence: 1.0000, Safety Mode: SAFE_HOLD, Override: Safe hold mode active
2025-05-28 04:04:12,886 - INFO - [AUDIT] - Action: 0, Confidence: 1.0000, Safety Mode: SAFE_HOLD, Override: Safe hold mode active
2025-05-28 04:04:12,886 - INFO - [AUDIT] - Action: 0, Confidence: 1.0000, Safety Mode: SAFE_HOLD, Override: Safe hold mode active
2025-05-28 04:04:12,887 - INFO - [AUDIT] - Action: 0, Confidence: 1.0000, Safety Mode: SAFE_HOLD, Override: Safe hold mode active
2025-05-28 04:04:12,887 - INFO - [AUDIT] - Action: 0, Confidence: 1.0000, Safety Mode: SAFE_HOLD, Override: Safe hold mode active
2025-05-28 04:04:12,887 - INFO - [AUDIT] - Action: 0, Confidence: 1.0000, Safety Mode: SAFE_HOLD, Override: Safe hold mode active
2025-05-28 04:04:12,887 - INFO - [AUDIT] - Action: 0, Confidence: 1.0000, Safety Mode: SAFE_HOLD, Override: Safe hold mode active
2025-05-28 04:04:12,887 - INFO - [AUDIT] - Action: 0, Confidence: 1.0000, Safety Mode: SAFE_HOLD, Override: Safe hold mode active
2025-05-28 04:04:12,888 - INFO - [AUDIT] - Action: 0, Confidence: 1.0000, Safety Mode: SAFE_HOLD, Override: Safe hold mode active
2025-05-28 04:04:12,888 - INFO - [AUDIT] - Action: 0, Confidence: 1.0000, Safety Mode: SAFE_HOLD, Override: Safe hold mode active
2025-05-28 04:04:12,888 - INFO - [AUDIT] - Action: 0, Confidence: 1.0000, Safety Mode: SAFE_HOLD, Override: Safe hold mode active
2025-05-28 04:04:12,888 - INFO - [AUDIT] - Action: 0, Confidence: 1.0000, Safety Mode: SAFE_HOLD, Override: Safe hold mode active
2025-05-28 04:04:12,888 - INFO - [AUDIT] - Action: 0, Confidence: 1.0000, Safety Mode: SAFE_HOLD, Override: Safe hold mode active
2025-05-28 04:04:12,889 - INFO - [AUDIT] - Action: 0, Confidence: 1.0000, Safety Mode: SAFE_HOLD, Override: Safe hold mode active
2025-05-28 04:04:12,889 - INFO - [AUDIT] - Action: 0, Confidence: 1.0000, Safety Mode: SAFE_HOLD, Override: Safe hold mode active
2025-05-28 04:04:12,889 - INFO - [AUDIT] - Action: 0, Confidence: 1.0000, Safety Mode: SAFE_HOLD, Override: Safe hold mode active
2025-05-28 04:04:12,889 - INFO - [AUDIT] - Action: 0, Confidence: 1.0000, Safety Mode: SAFE_HOLD, Override: Safe hold mode active
2025-05-28 04:04:12,889 - INFO - [AUDIT] - Action: 0, Confidence: 1.0000, Safety Mode: SAFE_HOLD, Override: Safe hold mode active
2025-05-28 04:04:12,889 - INFO - [AUDIT] - Action: 0, Confidence: 1.0000, Safety Mode: SAFE_HOLD, Override: Safe hold mode active
2025-05-28 04:04:12,890 - INFO - [AUDIT] - Action: 0, Confidence: 1.0000, Safety Mode: SAFE_HOLD, Override: Safe hold mode active
2025-05-28 04:04:12,890 - INFO - [AUDIT] - Action: 0, Confidence: 1.0000, Safety Mode: SAFE_HOLD, Override: Safe hold mode active
2025-05-28 04:04:12,890 - INFO - [AUDIT] - Action: 0, Confidence: 1.0000, Safety Mode: SAFE_HOLD, Override: Safe hold mode active
2025-05-28 04:04:12,890 - INFO - [AUDIT] - Action: 0, Confidence: 1.0000, Safety Mode: SAFE_HOLD, Override: Safe hold mode active
2025-05-28 04:04:12,890 - INFO - [AUDIT] - Action: 0, Confidence: 1.0000, Safety Mode: SAFE_HOLD, Override: Safe hold mode active
2025-05-28 04:04:12,891 - INFO - [AUDIT] - Action: 0, Confidence: 1.0000, Safety Mode: SAFE_HOLD, Override: Safe hold mode active
2025-05-28 04:04:12,891 - INFO - [AUDIT] - Action: 0, Confidence: 1.0000, Safety Mode: SAFE_HOLD, Override: Safe hold mode active
2025-05-28 04:04:12,891 - INFO - [AUDIT] - Action: 0, Confidence: 1.0000, Safety Mode: SAFE_HOLD, Override: Safe hold mode active
2025-05-28 04:04:12,891 - INFO - [AUDIT] - Action: 0, Confidence: 1.0000, Safety Mode: SAFE_HOLD, Override: Safe hold mode active
2025-05-28 04:04:12,891 - INFO - [AUDIT] - Action: 0, Confidence: 1.0000, Safety Mode: SAFE_HOLD, Override: Safe hold mode active
2025-05-28 04:04:12,892 - INFO - [AUDIT] - Action: 0, Confidence: 1.0000, Safety Mode: SAFE_HOLD, Override: Safe hold mode active
2025-05-28 04:04:12,892 - INFO - [AUDIT] - Action: 0, Confidence: 1.0000, Safety Mode: SAFE_HOLD, Override: Safe hold mode active
2025-05-28 04:04:12,892 - INFO - [AUDIT] - Action: 0, Confidence: 1.0000, Safety Mode: SAFE_HOLD, Override: Safe hold mode active
2025-05-28 04:04:12,892 - INFO - [AUDIT] - Action: 0, Confidence: 1.0000, Safety Mode: SAFE_HOLD, Override: Safe hold mode active
2025-05-28 04:04:12,893 - INFO - [AUDIT] - Action: 0, Confidence: 1.0000, Safety Mode: SAFE_HOLD, Override: Safe hold mode active
2025-05-28 04:04:12,893 - INFO - [AUDIT] - Action: 0, Confidence: 1.0000, Safety Mode: SAFE_HOLD, Override: Safe hold mode active
2025-05-28 04:04:12,893 - INFO - [AUDIT] - Action: 0, Confidence: 1.0000, Safety Mode: SAFE_HOLD, Override: Safe hold mode active
2025-05-28 04:04:12,893 - INFO - [AUDIT] - Action: 0, Confidence: 1.0000, Safety Mode: SAFE_HOLD, Override: Safe hold mode active
2025-05-28 04:04:12,893 - INFO - [AUDIT] - Action: 0, Confidence: 1.0000, Safety Mode: SAFE_HOLD, Override: Safe hold mode active
2025-05-28 04:04:12,894 - INFO - [AUDIT] - Action: 0, Confidence: 1.0000, Safety Mode: SAFE_HOLD, Override: Safe hold mode active
2025-05-28 04:04:12,894 - INFO - [AUDIT] - Action: 0, Confidence: 1.0000, Safety Mode: SAFE_HOLD, Override: Safe hold mode active
2025-05-28 04:04:12,894 - INFO - [AUDIT] - Action: 0, Confidence: 1.0000, Safety Mode: SAFE_HOLD, Override: Safe hold mode active
2025-05-28 04:04:12,894 - INFO - [AUDIT] - Action: 0, Confidence: 1.0000, Safety Mode: SAFE_HOLD, Override: Safe hold mode active
2025-05-28 04:04:12,894 - INFO - [AUDIT] - Action: 0, Confidence: 1.0000, Safety Mode: SAFE_HOLD, Override: Safe hold mode active
2025-05-28 04:04:12,895 - INFO - [AUDIT] - Action: 0, Confidence: 1.0000, Safety Mode: SAFE_HOLD, Override: Safe hold mode active
2025-05-28 04:04:12,895 - INFO - [AUDIT] - Action: 0, Confidence: 1.0000, Safety Mode: SAFE_HOLD, Override: Safe hold mode active
2025-05-28 04:04:12,895 - INFO - [AUDIT] - Action: 0, Confidence: 1.0000, Safety Mode: SAFE_HOLD, Override: Safe hold mode active
2025-05-28 04:04:12,895 - INFO - [AUDIT] - Action: 0, Confidence: 1.0000, Safety Mode: SAFE_HOLD, Override: Safe hold mode active
2025-05-28 04:04:12,895 - INFO - [AUDIT] - Action: 0, Confidence: 1.0000, Safety Mode: SAFE_HOLD, Override: Safe hold mode active
2025-05-28 04:04:12,895 - INFO - [AUDIT] - Action: 0, Confidence: 1.0000, Safety Mode: SAFE_HOLD, Override: Safe hold mode active
2025-05-28 04:04:12,896 - INFO - [AUDIT] - Action: 0, Confidence: 1.0000, Safety Mode: SAFE_HOLD, Override: Safe hold mode active
2025-05-28 04:04:12,896 - INFO - [AUDIT] - Action: 0, Confidence: 1.0000, Safety Mode: SAFE_HOLD, Override: Safe hold mode active
2025-05-28 04:04:12,896 - INFO - [AUDIT] - Action: 0, Confidence: 1.0000, Safety Mode: SAFE_HOLD, Override: Safe hold mode active
2025-05-28 04:04:12,896 - INFO - [AUDIT] - Action: 0, Confidence: 1.0000, Safety Mode: SAFE_HOLD, Override: Safe hold mode active
2025-05-28 04:04:12,896 - INFO - [AUDIT] - Action: 0, Confidence: 1.0000, Safety Mode: SAFE_HOLD, Override: Safe hold mode active
2025-05-28 04:04:12,897 - INFO - [AUDIT] - Action: 0, Confidence: 1.0000, Safety Mode: SAFE_HOLD, Override: Safe hold mode active
2025-05-28 04:04:12,897 - INFO - [AUDIT] - Action: 0, Confidence: 1.0000, Safety Mode: SAFE_HOLD, Override: Safe hold mode active
2025-05-28 04:04:12,897 - INFO - [AUDIT] - Action: 0, Confidence: 1.0000, Safety Mode: SAFE_HOLD, Override: Safe hold mode active
2025-05-28 04:04:12,897 - INFO - [AUDIT] - Action: 0, Confidence: 1.0000, Safety Mode: SAFE_HOLD, Override: Safe hold mode active
2025-05-28 04:04:12,897 - INFO - [AUDIT] - Action: 0, Confidence: 1.0000, Safety Mode: SAFE_HOLD, Override: Safe hold mode active
2025-05-28 04:04:12,898 - INFO - [AUDIT] - Action: 0, Confidence: 1.0000, Safety Mode: SAFE_HOLD, Override: Safe hold mode active
2025-05-28 04:04:12,898 - INFO - [AUDIT] - Action: 0, Confidence: 1.0000, Safety Mode: SAFE_HOLD, Override: Safe hold mode active
2025-05-28 04:04:12,898 - INFO - [AUDIT] - Action: 0, Confidence: 1.0000, Safety Mode: SAFE_HOLD, Override: Safe hold mode active
2025-05-28 04:04:12,898 - INFO - [AUDIT] - Action: 0, Confidence: 1.0000, Safety Mode: SAFE_HOLD, Override: Safe hold mode active
2025-05-28 04:04:12,898 - INFO - [AUDIT] - Action: 0, Confidence: 1.0000, Safety Mode: SAFE_HOLD, Override: Safe hold mode active
2025-05-28 04:04:12,899 - INFO - [AUDIT] - Action: 0, Confidence: 1.0000, Safety Mode: SAFE_HOLD, Override: Safe hold mode active
2025-05-28 04:04:12,899 - INFO - [AUDIT] - Action: 0, Confidence: 1.0000, Safety Mode: SAFE_HOLD, Override: Safe hold mode active
2025-05-28 04:04:12,899 - INFO - [AUDIT] - Action: 0, Confidence: 1.0000, Safety Mode: SAFE_HOLD, Override: Safe hold mode active
2025-05-28 04:04:12,899 - INFO - [AUDIT] - Action: 0, Confidence: 1.0000, Safety Mode: SAFE_HOLD, Override: Safe hold mode active
2025-05-28 04:04:12,899 - INFO - [AUDIT] - Action: 0, Confidence: 1.0000, Safety Mode: SAFE_HOLD, Override: Safe hold mode active
2025-05-28 04:04:12,900 - INFO - [AUDIT] - Action: 0, Confidence: 1.0000, Safety Mode: SAFE_HOLD, Override: Safe hold mode active
2025-05-28 04:04:12,900 - INFO - [AUDIT] - Action: 0, Confidence: 1.0000, Safety Mode: SAFE_HOLD, Override: Safe hold mode active
2025-05-28 04:04:12,900 - INFO - [AUDIT] - Action: 0, Confidence: 1.0000, Safety Mode: SAFE_HOLD, Override: Safe hold mode active
2025-05-28 04:04:12,900 - INFO - [AUDIT] - Action: 0, Confidence: 1.0000, Safety Mode: SAFE_HOLD, Override: Safe hold mode active
2025-05-28 04:04:12,900 - INFO - [AUDIT] - Action: 0, Confidence: 1.0000, Safety Mode: SAFE_HOLD, Override: Safe hold mode active
2025-05-28 04:04:12,901 - INFO - [AUDIT] - Action: 0, Confidence: 1.0000, Safety Mode: SAFE_HOLD, Override: Safe hold mode active
2025-05-28 04:04:12,901 - INFO - [AUDIT] - Action: 0, Confidence: 1.0000, Safety Mode: SAFE_HOLD, Override: Safe hold mode active
2025-05-28 04:04:12,901 - INFO - [AUDIT] - Action: 0, Confidence: 1.0000, Safety Mode: SAFE_HOLD, Override: Safe hold mode active
2025-05-28 04:04:12,901 - INFO - [AUDIT] - Action: 0, Confidence: 1.0000, Safety Mode: SAFE_HOLD, Override: Safe hold mode active
2025-05-28 04:04:12,901 - INFO - [AUDIT] - Action: 0, Confidence: 1.0000, Safety Mode: SAFE_HOLD, Override: Safe hold mode active
2025-05-28 04:04:12,901 - INFO - [AUDIT] - Action: 0, Confidence: 1.0000, Safety Mode: SAFE_HOLD, Override: Safe hold mode active
2025-05-28 04:04:12,902 - INFO - [AUDIT] - Action: 0, Confidence: 1.0000, Safety Mode: SAFE_HOLD, Override: Safe hold mode active
2025-05-28 04:04:12,902 - INFO - [AUDIT] - Action: 0, Confidence: 1.0000, Safety Mode: SAFE_HOLD, Override: Safe hold mode active
2025-05-28 04:04:12,902 - INFO - [AUDIT] - Action: 0, Confidence: 1.0000, Safety Mode: SAFE_HOLD, Override: Safe hold mode active
2025-05-28 04:04:12,903 - INFO - [AUDIT] - Action: 0, Confidence: 1.0000, Safety Mode: SAFE_HOLD, Override: Safe hold mode active
2025-05-28 04:04:12,903 - INFO - [AUDIT] - Action: 0, Confidence: 1.0000, Safety Mode: SAFE_HOLD, Override: Safe hold mode active
2025-05-28 04:04:12,903 - INFO - [AUDIT] - Action: 0, Confidence: 1.0000, Safety Mode: SAFE_HOLD, Override: Safe hold mode active
2025-05-28 04:04:12,903 - INFO - [AUDIT] - Action: 0, Confidence: 1.0000, Safety Mode: SAFE_HOLD, Override: Safe hold mode active
2025-05-28 04:04:12,903 - INFO - [AUDIT] - Action: 0, Confidence: 1.0000, Safety Mode: SAFE_HOLD, Override: Safe hold mode active
2025-05-28 04:04:12,904 - INFO - [AUDIT] - Action: 0, Confidence: 1.0000, Safety Mode: SAFE_HOLD, Override: Safe hold mode active
2025-05-28 04:04:12,904 - INFO - [AUDIT] - Action: 0, Confidence: 1.0000, Safety Mode: SAFE_HOLD, Override: Safe hold mode active
2025-05-28 04:04:12,904 - INFO - [AUDIT] - Action: 0, Confidence: 1.0000, Safety Mode: SAFE_HOLD, Override: Safe hold mode active
2025-05-28 04:04:12,904 - INFO - [AUDIT] - Action: 0, Confidence: 1.0000, Safety Mode: SAFE_HOLD, Override: Safe hold mode active
2025-05-28 04:04:12,904 - INFO - [AUDIT] - Action: 0, Confidence: 1.0000, Safety Mode: SAFE_HOLD, Override: Safe hold mode active
2025-05-28 04:04:12,904 - INFO - [AUDIT] - Action: 0, Confidence: 1.0000, Safety Mode: SAFE_HOLD, Override: Safe hold mode active
2025-05-28 04:04:12,905 - INFO - [AUDIT] - Action: 0, Confidence: 1.0000, Safety Mode: SAFE_HOLD, Override: Safe hold mode active
2025-05-28 04:04:12,905 - INFO - [AUDIT] - Action: 0, Confidence: 1.0000, Safety Mode: SAFE_HOLD, Override: Safe hold mode active
2025-05-28 04:04:12,905 - INFO - [AUDIT] - Action: 0, Confidence: 1.0000, Safety Mode: SAFE_HOLD, Override: Safe hold mode active
2025-05-28 04:04:12,905 - INFO - [AUDIT] - Action: 0, Confidence: 1.0000, Safety Mode: SAFE_HOLD, Override: Safe hold mode active
2025-05-28 04:04:12,905 - INFO - [AUDIT] - Action: 0, Confidence: 1.0000, Safety Mode: SAFE_HOLD, Override: Safe hold mode active
2025-05-28 04:04:12,906 - INFO - [AUDIT] - Action: 0, Confidence: 1.0000, Safety Mode: SAFE_HOLD, Override: Safe hold mode active
2025-05-28 04:04:12,906 - INFO - [AUDIT] - Action: 0, Confidence: 1.0000, Safety Mode: SAFE_HOLD, Override: Safe hold mode active
2025-05-28 04:04:12,906 - INFO - [AUDIT] - Action: 0, Confidence: 1.0000, Safety Mode: SAFE_HOLD, Override: Safe hold mode active
2025-05-28 04:04:12,906 - INFO - [AUDIT] - Action: 0, Confidence: 1.0000, Safety Mode: SAFE_HOLD, Override: Safe hold mode active
2025-05-28 04:04:12,906 - INFO - [AUDIT] - Action: 0, Confidence: 1.0000, Safety Mode: SAFE_HOLD, Override: Safe hold mode active
2025-05-28 04:04:12,907 - INFO - [AUDIT] - Action: 0, Confidence: 1.0000, Safety Mode: SAFE_HOLD, Override: Safe hold mode active
2025-05-28 04:04:12,907 - INFO - [AUDIT] - Action: 0, Confidence: 1.0000, Safety Mode: SAFE_HOLD, Override: Safe hold mode active
2025-05-28 04:04:12,907 - INFO - [AUDIT] - Action: 0, Confidence: 1.0000, Safety Mode: SAFE_HOLD, Override: Safe hold mode active
2025-05-28 04:04:12,907 - INFO - [AUDIT] - Action: 0, Confidence: 1.0000, Safety Mode: SAFE_HOLD, Override: Safe hold mode active
2025-05-28 04:04:12,907 - INFO - [AUDIT] - Action: 0, Confidence: 1.0000, Safety Mode: SAFE_HOLD, Override: Safe hold mode active
2025-05-28 04:04:12,908 - INFO - [AUDIT] - Action: 0, Confidence: 1.0000, Safety Mode: SAFE_HOLD, Override: Safe hold mode active
2025-05-28 04:04:12,908 - INFO - [AUDIT] - Action: 0, Confidence: 1.0000, Safety Mode: SAFE_HOLD, Override: Safe hold mode active
2025-05-28 04:04:12,908 - INFO - [AUDIT] - Action: 0, Confidence: 1.0000, Safety Mode: SAFE_HOLD, Override: Safe hold mode active
2025-05-28 04:04:12,908 - INFO - [AUDIT] - Action: 0, Confidence: 1.0000, Safety Mode: SAFE_HOLD, Override: Safe hold mode active
2025-05-28 04:04:12,908 - INFO - [AUDIT] - Action: 0, Confidence: 1.0000, Safety Mode: SAFE_HOLD, Override: Safe hold mode active
2025-05-28 04:04:12,909 - INFO - [AUDIT] - Action: 0, Confidence: 1.0000, Safety Mode: SAFE_HOLD, Override: Safe hold mode active
2025-05-28 04:04:12,909 - INFO - [AUDIT] - Action: 0, Confidence: 1.0000, Safety Mode: SAFE_HOLD, Override: Safe hold mode active
2025-05-28 04:04:12,909 - INFO - [AUDIT] - Action: 0, Confidence: 1.0000, Safety Mode: SAFE_HOLD, Override: Safe hold mode active
2025-05-28 04:04:12,909 - INFO - [AUDIT] - Action: 0, Confidence: 1.0000, Safety Mode: SAFE_HOLD, Override: Safe hold mode active
2025-05-28 04:04:12,909 - INFO - [AUDIT] - Action: 0, Confidence: 1.0000, Safety Mode: SAFE_HOLD, Override: Safe hold mode active
2025-05-28 04:04:12,910 - INFO - [AUDIT] - Action: 0, Confidence: 1.0000, Safety Mode: SAFE_HOLD, Override: Safe hold mode active
2025-05-28 04:04:12,910 - INFO - [AUDIT] - Action: 0, Confidence: 1.0000, Safety Mode: SAFE_HOLD, Override: Safe hold mode active
2025-05-28 04:04:12,910 - INFO - [AUDIT] - Action: 0, Confidence: 1.0000, Safety Mode: SAFE_HOLD, Override: Safe hold mode active
2025-05-28 04:04:12,910 - INFO - [AUDIT] - Action: 0, Confidence: 1.0000, Safety Mode: SAFE_HOLD, Override: Safe hold mode active
2025-05-28 04:04:12,910 - INFO - [AUDIT] - Action: 0, Confidence: 1.0000, Safety Mode: SAFE_HOLD, Override: Safe hold mode active
2025-05-28 04:04:12,911 - INFO - [AUDIT] - Action: 0, Confidence: 1.0000, Safety Mode: SAFE_HOLD, Override: Safe hold mode active
2025-05-28 04:04:12,911 - INFO - [AUDIT] - Action: 0, Confidence: 1.0000, Safety Mode: SAFE_HOLD, Override: Safe hold mode active
2025-05-28 04:04:12,911 - INFO - [AUDIT] - Action: 0, Confidence: 1.0000, Safety Mode: SAFE_HOLD, Override: Safe hold mode active
2025-05-28 04:04:12,911 - INFO - [AUDIT] - Action: 0, Confidence: 1.0000, Safety Mode: SAFE_HOLD, Override: Safe hold mode active
2025-05-28 04:04:12,911 - INFO - [AUDIT] - Action: 0, Confidence: 1.0000, Safety Mode: SAFE_HOLD, Override: Safe hold mode active
2025-05-28 04:04:12,912 - INFO - [AUDIT] - Action: 0, Confidence: 1.0000, Safety Mode: SAFE_HOLD, Override: Safe hold mode active
2025-05-28 04:04:12,912 - INFO - [AUDIT] - Action: 0, Confidence: 1.0000, Safety Mode: SAFE_HOLD, Override: Safe hold mode active
2025-05-28 04:04:12,912 - INFO - [AUDIT] - Action: 0, Confidence: 1.0000, Safety Mode: SAFE_HOLD, Override: Safe hold mode active
2025-05-28 04:04:12,912 - INFO - [AUDIT] - Action: 0, Confidence: 1.0000, Safety Mode: SAFE_HOLD, Override: Safe hold mode active
2025-05-28 04:04:12,912 - INFO - [AUDIT] - Action: 0, Confidence: 1.0000, Safety Mode: SAFE_HOLD, Override: Safe hold mode active
2025-05-28 04:04:12,913 - INFO - [AUDIT] - Action: 0, Confidence: 1.0000, Safety Mode: SAFE_HOLD, Override: Safe hold mode active
2025-05-28 04:04:12,913 - INFO - [AUDIT] - Action: 0, Confidence: 1.0000, Safety Mode: SAFE_HOLD, Override: Safe hold mode active
2025-05-28 04:04:12,913 - INFO - [AUDIT] - Action: 0, Confidence: 1.0000, Safety Mode: SAFE_HOLD, Override: Safe hold mode active
2025-05-28 04:04:12,913 - INFO - [AUDIT] - Action: 0, Confidence: 1.0000, Safety Mode: SAFE_HOLD, Override: Safe hold mode active
2025-05-28 04:04:12,913 - INFO - [AUDIT] - Action: 0, Confidence: 1.0000, Safety Mode: SAFE_HOLD, Override: Safe hold mode active
2025-05-28 04:04:12,913 - INFO - [AUDIT] - Action: 0, Confidence: 1.0000, Safety Mode: SAFE_HOLD, Override: Safe hold mode active
2025-05-28 04:04:12,914 - INFO - [AUDIT] - Action: 0, Confidence: 1.0000, Safety Mode: SAFE_HOLD, Override: Safe hold mode active
2025-05-28 04:04:12,914 - INFO - [AUDIT] - Action: 0, Confidence: 1.0000, Safety Mode: SAFE_HOLD, Override: Safe hold mode active
2025-05-28 04:04:12,914 - INFO - [AUDIT] - Action: 0, Confidence: 1.0000, Safety Mode: SAFE_HOLD, Override: Safe hold mode active
2025-05-28 04:04:12,914 - INFO - [AUDIT] - Action: 0, Confidence: 1.0000, Safety Mode: SAFE_HOLD, Override: Safe hold mode active
2025-05-28 04:04:12,914 - INFO - [AUDIT] - Action: 0, Confidence: 1.0000, Safety Mode: SAFE_HOLD, Override: Safe hold mode active
2025-05-28 04:04:12,915 - INFO - [AUDIT] - Action: 0, Confidence: 1.0000, Safety Mode: SAFE_HOLD, Override: Safe hold mode active
2025-05-28 04:04:12,915 - INFO - [AUDIT] - Action: 0, Confidence: 1.0000, Safety Mode: SAFE_HOLD, Override: Safe hold mode active
2025-05-28 04:04:12,915 - INFO - [AUDIT] - Action: 0, Confidence: 1.0000, Safety Mode: SAFE_HOLD, Override: Safe hold mode active
2025-05-28 04:04:12,915 - INFO - [AUDIT] - Action: 0, Confidence: 1.0000, Safety Mode: SAFE_HOLD, Override: Safe hold mode active
2025-05-28 04:04:12,915 - INFO - [AUDIT] - Action: 0, Confidence: 1.0000, Safety Mode: SAFE_HOLD, Override: Safe hold mode active
2025-05-28 04:04:12,916 - INFO - [AUDIT] - Action: 0, Confidence: 1.0000, Safety Mode: SAFE_HOLD, Override: Safe hold mode active
2025-05-28 04:04:12,916 - INFO - [AUDIT] - Action: 0, Confidence: 1.0000, Safety Mode: SAFE_HOLD, Override: Safe hold mode active
2025-05-28 04:04:12,916 - INFO - [AUDIT] - Action: 0, Confidence: 1.0000, Safety Mode: SAFE_HOLD, Override: Safe hold mode active
2025-05-28 04:04:12,916 - INFO - [AUDIT] - Action: 0, Confidence: 1.0000, Safety Mode: SAFE_HOLD, Override: Safe hold mode active
2025-05-28 04:04:12,916 - INFO - [AUDIT] - Action: 0, Confidence: 1.0000, Safety Mode: SAFE_HOLD, Override: Safe hold mode active
2025-05-28 04:04:12,917 - INFO - [AUDIT] - Action: 0, Confidence: 1.0000, Safety Mode: SAFE_HOLD, Override: Safe hold mode active
2025-05-28 04:04:12,917 - INFO - [AUDIT] - Action: 0, Confidence: 1.0000, Safety Mode: SAFE_HOLD, Override: Safe hold mode active
2025-05-28 04:04:12,917 - INFO - [AUDIT] - Action: 0, Confidence: 1.0000, Safety Mode: SAFE_HOLD, Override: Safe hold mode active
2025-05-28 04:04:12,917 - INFO - [AUDIT] - Action: 0, Confidence: 1.0000, Safety Mode: SAFE_HOLD, Override: Safe hold mode active
2025-05-28 04:04:12,917 - INFO - [AUDIT] - Action: 0, Confidence: 1.0000, Safety Mode: SAFE_HOLD, Override: Safe hold mode active
2025-05-28 04:04:12,918 - INFO - [AUDIT] - Action: 0, Confidence: 1.0000, Safety Mode: SAFE_HOLD, Override: Safe hold mode active
2025-05-28 04:04:12,918 - INFO - [AUDIT] - Action: 0, Confidence: 1.0000, Safety Mode: SAFE_HOLD, Override: Safe hold mode active
2025-05-28 04:04:12,918 - INFO - [AUDIT] - Action: 0, Confidence: 1.0000, Safety Mode: SAFE_HOLD, Override: Safe hold mode active
2025-05-28 04:04:12,918 - INFO - [AUDIT] - Action: 0, Confidence: 1.0000, Safety Mode: SAFE_HOLD, Override: Safe hold mode active
2025-05-28 04:04:12,918 - INFO - [AUDIT] - Action: 0, Confidence: 1.0000, Safety Mode: SAFE_HOLD, Override: Safe hold mode active
2025-05-28 04:04:12,919 - INFO - [AUDIT] - Action: 0, Confidence: 1.0000, Safety Mode: SAFE_HOLD, Override: Safe hold mode active
2025-05-28 04:04:12,919 - INFO - [AUDIT] - Action: 0, Confidence: 1.0000, Safety Mode: SAFE_HOLD, Override: Safe hold mode active
2025-05-28 04:04:12,919 - INFO - [AUDIT] - Action: 0, Confidence: 1.0000, Safety Mode: SAFE_HOLD, Override: Safe hold mode active
2025-05-28 04:04:12,919 - INFO - [AUDIT] - Action: 0, Confidence: 1.0000, Safety Mode: SAFE_HOLD, Override: Safe hold mode active
2025-05-28 04:04:12,920 - INFO - [AUDIT] - Action: 0, Confidence: 1.0000, Safety Mode: SAFE_HOLD, Override: Safe hold mode active
2025-05-28 04:04:12,920 - INFO - [AUDIT] - Action: 0, Confidence: 1.0000, Safety Mode: SAFE_HOLD, Override: Safe hold mode active
2025-05-28 04:04:12,920 - INFO - [AUDIT] - Action: 0, Confidence: 1.0000, Safety Mode: SAFE_HOLD, Override: Safe hold mode active
2025-05-28 04:04:12,920 - INFO - [AUDIT] - Action: 0, Confidence: 1.0000, Safety Mode: SAFE_HOLD, Override: Safe hold mode active
2025-05-28 04:04:12,921 - INFO - [AUDIT] - Action: 0, Confidence: 1.0000, Safety Mode: SAFE_HOLD, Override: Safe hold mode active
2025-05-28 04:04:12,921 - INFO - [AUDIT] - Action: 0, Confidence: 1.0000, Safety Mode: SAFE_HOLD, Override: Safe hold mode active
2025-05-28 04:04:12,921 - INFO - [AUDIT] - Action: 0, Confidence: 1.0000, Safety Mode: SAFE_HOLD, Override: Safe hold mode active
2025-05-28 04:04:12,921 - INFO - [AUDIT] - Action: 0, Confidence: 1.0000, Safety Mode: SAFE_HOLD, Override: Safe hold mode active
2025-05-28 04:04:12,921 - INFO - [AUDIT] - Action: 0, Confidence: 1.0000, Safety Mode: SAFE_HOLD, Override: Safe hold mode active
2025-05-28 04:04:12,922 - INFO - [AUDIT] - Action: 0, Confidence: 1.0000, Safety Mode: SAFE_HOLD, Override: Safe hold mode active
2025-05-28 04:04:12,922 - INFO - [AUDIT] - Action: 0, Confidence: 1.0000, Safety Mode: SAFE_HOLD, Override: Safe hold mode active
2025-05-28 04:04:12,922 - INFO - [AUDIT] - Action: 0, Confidence: 1.0000, Safety Mode: SAFE_HOLD, Override: Safe hold mode active
2025-05-28 04:04:12,922 - INFO - [AUDIT] - Action: 0, Confidence: 1.0000, Safety Mode: SAFE_HOLD, Override: Safe hold mode active
2025-05-28 04:04:12,923 - INFO - [AUDIT] - Action: 0, Confidence: 1.0000, Safety Mode: SAFE_HOLD, Override: Safe hold mode active
2025-05-28 04:04:12,923 - INFO - [AUDIT] - Action: 0, Confidence: 1.0000, Safety Mode: SAFE_HOLD, Override: Safe hold mode active
2025-05-28 04:04:12,924 - INFO - [AUDIT] - Action: 0, Confidence: 1.0000, Safety Mode: SAFE_HOLD, Override: Safe hold mode active
2025-05-28 04:04:12,924 - INFO - [AUDIT] - Action: 0, Confidence: 1.0000, Safety Mode: SAFE_HOLD, Override: Safe hold mode active
2025-05-28 04:04:12,924 - INFO - [AUDIT] - Action: 0, Confidence: 1.0000, Safety Mode: SAFE_HOLD, Override: Safe hold mode active
2025-05-28 04:04:12,924 - INFO - [AUDIT] - Action: 0, Confidence: 1.0000, Safety Mode: SAFE_HOLD, Override: Safe hold mode active
2025-05-28 04:04:12,924 - INFO - [AUDIT] - Action: 0, Confidence: 1.0000, Safety Mode: SAFE_HOLD, Override: Safe hold mode active
2025-05-28 04:04:12,925 - INFO - [AUDIT] - Action: 0, Confidence: 1.0000, Safety Mode: SAFE_HOLD, Override: Safe hold mode active
2025-05-28 04:04:12,925 - INFO - [AUDIT] - Action: 0, Confidence: 1.0000, Safety Mode: SAFE_HOLD, Override: Safe hold mode active
2025-05-28 04:04:12,925 - INFO - [AUDIT] - Action: 0, Confidence: 1.0000, Safety Mode: SAFE_HOLD, Override: Safe hold mode active
2025-05-28 04:04:12,925 - INFO - [AUDIT] - Action: 0, Confidence: 1.0000, Safety Mode: SAFE_HOLD, Override: Safe hold mode active
2025-05-28 04:04:12,925 - INFO - [AUDIT] - Action: 0, Confidence: 1.0000, Safety Mode: SAFE_HOLD, Override: Safe hold mode active
2025-05-28 04:04:12,926 - INFO - [AUDIT] - Action: 0, Confidence: 1.0000, Safety Mode: SAFE_HOLD, Override: Safe hold mode active
2025-05-28 04:04:12,926 - INFO - [AUDIT] - Action: 0, Confidence: 1.0000, Safety Mode: SAFE_HOLD, Override: Safe hold mode active
2025-05-28 04:04:12,926 - INFO - [AUDIT] - Action: 0, Confidence: 1.0000, Safety Mode: SAFE_HOLD, Override: Safe hold mode active
2025-05-28 04:04:12,926 - INFO - [AUDIT] - Action: 0, Confidence: 1.0000, Safety Mode: SAFE_HOLD, Override: Safe hold mode active
2025-05-28 04:04:12,926 - INFO - [AUDIT] - Action: 0, Confidence: 1.0000, Safety Mode: SAFE_HOLD, Override: Safe hold mode active
2025-05-28 04:04:12,927 - INFO - [AUDIT] - Action: 0, Confidence: 1.0000, Safety Mode: SAFE_HOLD, Override: Safe hold mode active
2025-05-28 04:04:12,927 - INFO - [AUDIT] - Action: 0, Confidence: 1.0000, Safety Mode: SAFE_HOLD, Override: Safe hold mode active
2025-05-28 04:04:12,927 - INFO - [AUDIT] - Action: 0, Confidence: 1.0000, Safety Mode: SAFE_HOLD, Override: Safe hold mode active
2025-05-28 04:04:12,927 - INFO - [AUDIT] - Action: 0, Confidence: 1.0000, Safety Mode: SAFE_HOLD, Override: Safe hold mode active
2025-05-28 04:04:12,927 - INFO - [AUDIT] - Action: 0, Confidence: 1.0000, Safety Mode: SAFE_HOLD, Override: Safe hold mode active
2025-05-28 04:04:12,928 - INFO - [AUDIT] - Action: 0, Confidence: 1.0000, Safety Mode: SAFE_HOLD, Override: Safe hold mode active
2025-05-28 04:04:12,928 - INFO - [AUDIT] - Action: 0, Confidence: 1.0000, Safety Mode: SAFE_HOLD, Override: Safe hold mode active
2025-05-28 04:04:12,928 - INFO - [AUDIT] - Action: 0, Confidence: 1.0000, Safety Mode: SAFE_HOLD, Override: Safe hold mode active
2025-05-28 04:04:12,928 - INFO - [AUDIT] - Action: 0, Confidence: 1.0000, Safety Mode: SAFE_HOLD, Override: Safe hold mode active
2025-05-28 04:04:12,928 - INFO - [AUDIT] - Action: 0, Confidence: 1.0000, Safety Mode: SAFE_HOLD, Override: Safe hold mode active
2025-05-28 04:04:12,929 - INFO - [AUDIT] - Action: 0, Confidence: 1.0000, Safety Mode: SAFE_HOLD, Override: Safe hold mode active
2025-05-28 04:04:12,929 - INFO - [AUDIT] - Action: 0, Confidence: 1.0000, Safety Mode: SAFE_HOLD, Override: Safe hold mode active
2025-05-28 04:04:12,929 - INFO - [AUDIT] - Action: 0, Confidence: 1.0000, Safety Mode: SAFE_HOLD, Override: Safe hold mode active
2025-05-28 04:04:12,929 - INFO - [AUDIT] - Action: 0, Confidence: 1.0000, Safety Mode: SAFE_HOLD, Override: Safe hold mode active
2025-05-28 04:04:12,929 - INFO - [AUDIT] - Action: 0, Confidence: 1.0000, Safety Mode: SAFE_HOLD, Override: Safe hold mode active
2025-05-28 04:04:12,930 - INFO - [AUDIT] - Action: 0, Confidence: 1.0000, Safety Mode: SAFE_HOLD, Override: Safe hold mode active
2025-05-28 04:04:12,930 - INFO - [AUDIT] - Action: 0, Confidence: 1.0000, Safety Mode: SAFE_HOLD, Override: Safe hold mode active
2025-05-28 04:04:12,930 - INFO - [AUDIT] - Action: 0, Confidence: 1.0000, Safety Mode: SAFE_HOLD, Override: Safe hold mode active
2025-05-28 04:04:12,930 - INFO - [AUDIT] - Action: 0, Confidence: 1.0000, Safety Mode: SAFE_HOLD, Override: Safe hold mode active
2025-05-28 04:04:12,930 - INFO - [AUDIT] - Action: 0, Confidence: 1.0000, Safety Mode: SAFE_HOLD, Override: Safe hold mode active
2025-05-28 04:04:12,930 - INFO - [AUDIT] - Action: 0, Confidence: 1.0000, Safety Mode: SAFE_HOLD, Override: Safe hold mode active
2025-05-28 04:04:12,931 - INFO - [AUDIT] - Action: 0, Confidence: 1.0000, Safety Mode: SAFE_HOLD, Override: Safe hold mode active
2025-05-28 04:04:12,931 - INFO - [AUDIT] - Action: 0, Confidence: 1.0000, Safety Mode: SAFE_HOLD, Override: Safe hold mode active
2025-05-28 04:04:12,931 - INFO - [AUDIT] - Action: 0, Confidence: 1.0000, Safety Mode: SAFE_HOLD, Override: Safe hold mode active
2025-05-28 04:04:12,931 - INFO - [AUDIT] - Action: 0, Confidence: 1.0000, Safety Mode: SAFE_HOLD, Override: Safe hold mode active
2025-05-28 04:04:12,931 - INFO - [AUDIT] - Action: 0, Confidence: 1.0000, Safety Mode: SAFE_HOLD, Override: Safe hold mode active
2025-05-28 04:04:12,932 - INFO - [AUDIT] - Action: 0, Confidence: 1.0000, Safety Mode: SAFE_HOLD, Override: Safe hold mode active
2025-05-28 04:04:12,932 - INFO - [AUDIT] - Action: 0, Confidence: 1.0000, Safety Mode: SAFE_HOLD, Override: Safe hold mode active
2025-05-28 04:04:12,932 - INFO - [AUDIT] - Action: 0, Confidence: 1.0000, Safety Mode: SAFE_HOLD, Override: Safe hold mode active
2025-05-28 04:04:12,932 - INFO - [AUDIT] - Action: 0, Confidence: 1.0000, Safety Mode: SAFE_HOLD, Override: Safe hold mode active
2025-05-28 04:04:12,932 - INFO - [AUDIT] - Action: 0, Confidence: 1.0000, Safety Mode: SAFE_HOLD, Override: Safe hold mode active
2025-05-28 04:04:12,933 - INFO - [AUDIT] - Action: 0, Confidence: 1.0000, Safety Mode: SAFE_HOLD, Override: Safe hold mode active
2025-05-28 04:04:12,933 - INFO - [AUDIT] - Action: 0, Confidence: 1.0000, Safety Mode: SAFE_HOLD, Override: Safe hold mode active
2025-05-28 04:04:12,933 - INFO - [AUDIT] - Action: 0, Confidence: 1.0000, Safety Mode: SAFE_HOLD, Override: Safe hold mode active
2025-05-28 04:04:12,933 - INFO - [AUDIT] - Action: 0, Confidence: 1.0000, Safety Mode: SAFE_HOLD, Override: Safe hold mode active
2025-05-28 04:04:12,933 - INFO - [AUDIT] - Action: 0, Confidence: 1.0000, Safety Mode: SAFE_HOLD, Override: Safe hold mode active
2025-05-28 04:04:12,934 - INFO - [AUDIT] - Action: 0, Confidence: 1.0000, Safety Mode: SAFE_HOLD, Override: Safe hold mode active
2025-05-28 04:04:12,934 - INFO - [AUDIT] - Action: 0, Confidence: 1.0000, Safety Mode: SAFE_HOLD, Override: Safe hold mode active
2025-05-28 04:04:12,934 - INFO - [AUDIT] - Action: 0, Confidence: 1.0000, Safety Mode: SAFE_HOLD, Override: Safe hold mode active
2025-05-28 04:04:12,934 - INFO - [AUDIT] - Action: 0, Confidence: 1.0000, Safety Mode: SAFE_HOLD, Override: Safe hold mode active
2025-05-28 04:04:12,934 - INFO - [AUDIT] - Action: 0, Confidence: 1.0000, Safety Mode: SAFE_HOLD, Override: Safe hold mode active
2025-05-28 04:04:12,934 - INFO - [AUDIT] - Action: 0, Confidence: 1.0000, Safety Mode: SAFE_HOLD, Override: Safe hold mode active
2025-05-28 04:04:12,935 - INFO - [AUDIT] - Action: 0, Confidence: 1.0000, Safety Mode: SAFE_HOLD, Override: Safe hold mode active
2025-05-28 04:04:12,935 - INFO - [AUDIT] - Action: 0, Confidence: 1.0000, Safety Mode: SAFE_HOLD, Override: Safe hold mode active
2025-05-28 04:04:12,935 - INFO - [AUDIT] - Action: 0, Confidence: 1.0000, Safety Mode: SAFE_HOLD, Override: Safe hold mode active
2025-05-28 04:04:12,935 - INFO - [AUDIT] - Action: 0, Confidence: 1.0000, Safety Mode: SAFE_HOLD, Override: Safe hold mode active
2025-05-28 04:04:12,936 - INFO - [AUDIT] - Action: 0, Confidence: 1.0000, Safety Mode: SAFE_HOLD, Override: Safe hold mode active
2025-05-28 04:04:12,936 - INFO - [AUDIT] - Action: 0, Confidence: 1.0000, Safety Mode: SAFE_HOLD, Override: Safe hold mode active
2025-05-28 04:04:12,936 - INFO - [AUDIT] - Action: 0, Confidence: 1.0000, Safety Mode: SAFE_HOLD, Override: Safe hold mode active
2025-05-28 04:04:12,936 - INFO - [AUDIT] - Action: 0, Confidence: 1.0000, Safety Mode: SAFE_HOLD, Override: Safe hold mode active
2025-05-28 04:04:12,937 - INFO - [AUDIT] - Action: 0, Confidence: 1.0000, Safety Mode: SAFE_HOLD, Override: Safe hold mode active
2025-05-28 04:04:12,937 - INFO - [AUDIT] - Action: 0, Confidence: 1.0000, Safety Mode: SAFE_HOLD, Override: Safe hold mode active
2025-05-28 04:04:12,937 - INFO - [AUDIT] - Action: 0, Confidence: 1.0000, Safety Mode: SAFE_HOLD, Override: Safe hold mode active
2025-05-28 04:04:12,937 - INFO - [AUDIT] - Action: 0, Confidence: 1.0000, Safety Mode: SAFE_HOLD, Override: Safe hold mode active
2025-05-28 04:04:12,937 - INFO - [AUDIT] - Action: 0, Confidence: 1.0000, Safety Mode: SAFE_HOLD, Override: Safe hold mode active
2025-05-28 04:04:12,937 - INFO - [AUDIT] - Action: 0, Confidence: 1.0000, Safety Mode: SAFE_HOLD, Override: Safe hold mode active
2025-05-28 04:04:12,938 - INFO - [AUDIT] - Action: 0, Confidence: 1.0000, Safety Mode: SAFE_HOLD, Override: Safe hold mode active
2025-05-28 04:04:12,938 - INFO - [AUDIT] - Action: 0, Confidence: 1.0000, Safety Mode: SAFE_HOLD, Override: Safe hold mode active
2025-05-28 04:04:12,938 - INFO - [AUDIT] - Action: 0, Confidence: 1.0000, Safety Mode: SAFE_HOLD, Override: Safe hold mode active
2025-05-28 04:04:12,938 - INFO - [AUDIT] - Action: 0, Confidence: 1.0000, Safety Mode: SAFE_HOLD, Override: Safe hold mode active
2025-05-28 04:04:12,938 - INFO - [AUDIT] - Action: 0, Confidence: 1.0000, Safety Mode: SAFE_HOLD, Override: Safe hold mode active
2025-05-28 04:04:12,939 - INFO - [AUDIT] - Action: 0, Confidence: 1.0000, Safety Mode: SAFE_HOLD, Override: Safe hold mode active
2025-05-28 04:04:12,939 - INFO - [AUDIT] - Action: 0, Confidence: 1.0000, Safety Mode: SAFE_HOLD, Override: Safe hold mode active
2025-05-28 04:04:12,939 - INFO - [AUDIT] - Action: 0, Confidence: 1.0000, Safety Mode: SAFE_HOLD, Override: Safe hold mode active
2025-05-28 04:04:12,939 - INFO - [AUDIT] - Action: 0, Confidence: 1.0000, Safety Mode: SAFE_HOLD, Override: Safe hold mode active
2025-05-28 04:04:12,939 - INFO - [AUDIT] - Action: 0, Confidence: 1.0000, Safety Mode: SAFE_HOLD, Override: Safe hold mode active
2025-05-28 04:04:12,940 - INFO - [AUDIT] - Action: 0, Confidence: 1.0000, Safety Mode: SAFE_HOLD, Override: Safe hold mode active
2025-05-28 04:04:12,940 - INFO - [AUDIT] - Action: 0, Confidence: 1.0000, Safety Mode: SAFE_HOLD, Override: Safe hold mode active
2025-05-28 04:04:12,940 - INFO - [AUDIT] - Action: 0, Confidence: 1.0000, Safety Mode: SAFE_HOLD, Override: Safe hold mode active
2025-05-28 04:04:12,940 - INFO - [AUDIT] - Action: 0, Confidence: 1.0000, Safety Mode: SAFE_HOLD, Override: Safe hold mode active
2025-05-28 04:04:12,940 - INFO - [AUDIT] - Action: 0, Confidence: 1.0000, Safety Mode: SAFE_HOLD, Override: Safe hold mode active
2025-05-28 04:04:12,941 - INFO - [AUDIT] - Action: 0, Confidence: 1.0000, Safety Mode: SAFE_HOLD, Override: Safe hold mode active
2025-05-28 04:04:12,941 - INFO - [AUDIT] - Action: 0, Confidence: 1.0000, Safety Mode: SAFE_HOLD, Override: Safe hold mode active
2025-05-28 04:04:12,941 - INFO - [AUDIT] - Action: 0, Confidence: 1.0000, Safety Mode: SAFE_HOLD, Override: Safe hold mode active
2025-05-28 04:04:12,941 - INFO - [AUDIT] - Action: 0, Confidence: 1.0000, Safety Mode: SAFE_HOLD, Override: Safe hold mode active
2025-05-28 04:04:12,941 - INFO - [AUDIT] - Action: 0, Confidence: 1.0000, Safety Mode: SAFE_HOLD, Override: Safe hold mode active
2025-05-28 04:04:12,941 - INFO - [AUDIT] - Action: 0, Confidence: 1.0000, Safety Mode: SAFE_HOLD, Override: Safe hold mode active
2025-05-28 04:04:12,942 - INFO - [AUDIT] - Action: 0, Confidence: 1.0000, Safety Mode: SAFE_HOLD, Override: Safe hold mode active
2025-05-28 04:04:12,942 - INFO - [AUDIT] - Action: 0, Confidence: 1.0000, Safety Mode: SAFE_HOLD, Override: Safe hold mode active
2025-05-28 04:04:12,942 - INFO - [AUDIT] - Action: 0, Confidence: 1.0000, Safety Mode: SAFE_HOLD, Override: Safe hold mode active
2025-05-28 04:04:12,942 - INFO - [AUDIT] - Action: 0, Confidence: 1.0000, Safety Mode: SAFE_HOLD, Override: Safe hold mode active
2025-05-28 04:04:12,942 - INFO - [AUDIT] - Action: 0, Confidence: 1.0000, Safety Mode: SAFE_HOLD, Override: Safe hold mode active
2025-05-28 04:04:12,943 - INFO - [AUDIT] - Action: 0, Confidence: 1.0000, Safety Mode: SAFE_HOLD, Override: Safe hold mode active
2025-05-28 04:04:12,943 - INFO - [AUDIT] - Action: 0, Confidence: 1.0000, Safety Mode: SAFE_HOLD, Override: Safe hold mode active
2025-05-28 04:04:12,943 - INFO - [AUDIT] - Action: 0, Confidence: 1.0000, Safety Mode: SAFE_HOLD, Override: Safe hold mode active
2025-05-28 04:04:12,943 - INFO - [AUDIT] - Action: 0, Confidence: 1.0000, Safety Mode: SAFE_HOLD, Override: Safe hold mode active
2025-05-28 04:04:12,943 - INFO - [AUDIT] - Action: 0, Confidence: 1.0000, Safety Mode: SAFE_HOLD, Override: Safe hold mode active
2025-05-28 04:04:12,944 - INFO - [AUDIT] - Action: 0, Confidence: 1.0000, Safety Mode: SAFE_HOLD, Override: Safe hold mode active
2025-05-28 04:04:12,944 - INFO - [AUDIT] - Action: 0, Confidence: 1.0000, Safety Mode: SAFE_HOLD, Override: Safe hold mode active
2025-05-28 04:04:12,944 - INFO - [AUDIT] - Action: 0, Confidence: 1.0000, Safety Mode: SAFE_HOLD, Override: Safe hold mode active
2025-05-28 04:04:12,944 - INFO - [AUDIT] - Action: 0, Confidence: 1.0000, Safety Mode: SAFE_HOLD, Override: Safe hold mode active
2025-05-28 04:04:12,944 - INFO - [AUDIT] - Action: 0, Confidence: 1.0000, Safety Mode: SAFE_HOLD, Override: Safe hold mode active
2025-05-28 04:04:12,945 - INFO - [AUDIT] - Action: 0, Confidence: 1.0000, Safety Mode: SAFE_HOLD, Override: Safe hold mode active
2025-05-28 04:04:12,945 - INFO - [AUDIT] - Action: 0, Confidence: 1.0000, Safety Mode: SAFE_HOLD, Override: Safe hold mode active
2025-05-28 04:04:12,945 - INFO - [AUDIT] - Action: 0, Confidence: 1.0000, Safety Mode: SAFE_HOLD, Override: Safe hold mode active
2025-05-28 04:04:12,945 - INFO - [AUDIT] - Action: 0, Confidence: 1.0000, Safety Mode: SAFE_HOLD, Override: Safe hold mode active
2025-05-28 04:04:12,945 - INFO - [AUDIT] - Action: 0, Confidence: 1.0000, Safety Mode: SAFE_HOLD, Override: Safe hold mode active
2025-05-28 04:04:12,945 - INFO - [AUDIT] - Action: 0, Confidence: 1.0000, Safety Mode: SAFE_HOLD, Override: Safe hold mode active
2025-05-28 04:04:12,946 - INFO - [AUDIT] - Action: 0, Confidence: 1.0000, Safety Mode: SAFE_HOLD, Override: Safe hold mode active
2025-05-28 04:04:12,946 - INFO - [AUDIT] - Action: 0, Confidence: 1.0000, Safety Mode: SAFE_HOLD, Override: Safe hold mode active
2025-05-28 04:04:12,946 - INFO - [AUDIT] - Action: 0, Confidence: 1.0000, Safety Mode: SAFE_HOLD, Override: Safe hold mode active
2025-05-28 04:04:12,946 - INFO - [AUDIT] - Action: 0, Confidence: 1.0000, Safety Mode: SAFE_HOLD, Override: Safe hold mode active
2025-05-28 04:04:12,947 - INFO - [AUDIT] - Action: 0, Confidence: 1.0000, Safety Mode: SAFE_HOLD, Override: Safe hold mode active
2025-05-28 04:04:12,947 - INFO - [AUDIT] - Action: 0, Confidence: 1.0000, Safety Mode: SAFE_HOLD, Override: Safe hold mode active
2025-05-28 04:04:12,947 - INFO - [AUDIT] - Action: 0, Confidence: 1.0000, Safety Mode: SAFE_HOLD, Override: Safe hold mode active
2025-05-28 04:04:12,947 - INFO - [AUDIT] - Action: 0, Confidence: 1.0000, Safety Mode: SAFE_HOLD, Override: Safe hold mode active
2025-05-28 04:04:12,947 - INFO - [AUDIT] - Action: 0, Confidence: 1.0000, Safety Mode: SAFE_HOLD, Override: Safe hold mode active
2025-05-28 04:04:12,948 - INFO - [AUDIT] - Action: 0, Confidence: 1.0000, Safety Mode: SAFE_HOLD, Override: Safe hold mode active
2025-05-28 04:04:12,948 - INFO - [AUDIT] - Action: 0, Confidence: 1.0000, Safety Mode: SAFE_HOLD, Override: Safe hold mode active
2025-05-28 04:04:12,948 - INFO - [AUDIT] - Action: 0, Confidence: 1.0000, Safety Mode: SAFE_HOLD, Override: Safe hold mode active
2025-05-28 04:04:12,948 - INFO - [AUDIT] - Action: 0, Confidence: 1.0000, Safety Mode: SAFE_HOLD, Override: Safe hold mode active
2025-05-28 04:04:12,948 - INFO - [AUDIT] - Action: 0, Confidence: 1.0000, Safety Mode: SAFE_HOLD, Override: Safe hold mode active
2025-05-28 04:04:12,949 - INFO - [AUDIT] - Action: 0, Confidence: 1.0000, Safety Mode: SAFE_HOLD, Override: Safe hold mode active
2025-05-28 04:04:12,949 - INFO - [AUDIT] - Action: 0, Confidence: 1.0000, Safety Mode: SAFE_HOLD, Override: Safe hold mode active
2025-05-28 04:04:12,949 - INFO - [AUDIT] - Action: 0, Confidence: 1.0000, Safety Mode: SAFE_HOLD, Override: Safe hold mode active
2025-05-28 04:04:12,949 - INFO - [AUDIT] - Action: 0, Confidence: 1.0000, Safety Mode: SAFE_HOLD, Override: Safe hold mode active
2025-05-28 04:04:12,949 - INFO - [AUDIT] - Action: 0, Confidence: 1.0000, Safety Mode: SAFE_HOLD, Override: Safe hold mode active
2025-05-28 04:04:12,950 - INFO - [AUDIT] - Action: 0, Confidence: 1.0000, Safety Mode: SAFE_HOLD, Override: Safe hold mode active
2025-05-28 04:04:12,950 - INFO - [AUDIT] - Action: 0, Confidence: 1.0000, Safety Mode: SAFE_HOLD, Override: Safe hold mode active
2025-05-28 04:04:12,950 - INFO - [AUDIT] - Action: 0, Confidence: 1.0000, Safety Mode: SAFE_HOLD, Override: Safe hold mode active
2025-05-28 04:04:12,950 - INFO - [AUDIT] - Action: 0, Confidence: 1.0000, Safety Mode: SAFE_HOLD, Override: Safe hold mode active
2025-05-28 04:04:12,950 - INFO - [AUDIT] - Action: 0, Confidence: 1.0000, Safety Mode: SAFE_HOLD, Override: Safe hold mode active
2025-05-28 04:04:12,950 - INFO - [AUDIT] - Action: 0, Confidence: 1.0000, Safety Mode: SAFE_HOLD, Override: Safe hold mode active
2025-05-28 04:04:12,951 - INFO - [AUDIT] - Action: 0, Confidence: 1.0000, Safety Mode: SAFE_HOLD, Override: Safe hold mode active
2025-05-28 04:04:12,951 - INFO - [AUDIT] - Action: 0, Confidence: 1.0000, Safety Mode: SAFE_HOLD, Override: Safe hold mode active
2025-05-28 04:04:12,951 - INFO - [AUDIT] - Action: 0, Confidence: 1.0000, Safety Mode: SAFE_HOLD, Override: Safe hold mode active
2025-05-28 04:04:12,951 - INFO - [AUDIT] - Action: 0, Confidence: 1.0000, Safety Mode: SAFE_HOLD, Override: Safe hold mode active
2025-05-28 04:04:12,951 - INFO - [AUDIT] - Action: 0, Confidence: 1.0000, Safety Mode: SAFE_HOLD, Override: Safe hold mode active
2025-05-28 04:04:12,952 - INFO - [AUDIT] - Action: 0, Confidence: 1.0000, Safety Mode: SAFE_HOLD, Override: Safe hold mode active
2025-05-28 04:04:12,952 - INFO - [AUDIT] - Action: 0, Confidence: 1.0000, Safety Mode: SAFE_HOLD, Override: Safe hold mode active
2025-05-28 04:04:12,952 - INFO - [AUDIT] - Action: 0, Confidence: 1.0000, Safety Mode: SAFE_HOLD, Override: Safe hold mode active
2025-05-28 04:04:12,953 - INFO - [AUDIT] - Action: 0, Confidence: 1.0000, Safety Mode: SAFE_HOLD, Override: Safe hold mode active
2025-05-28 04:04:12,953 - INFO - [AUDIT] - Action: 0, Confidence: 1.0000, Safety Mode: SAFE_HOLD, Override: Safe hold mode active
2025-05-28 04:04:12,953 - INFO - [AUDIT] - Action: 0, Confidence: 1.0000, Safety Mode: SAFE_HOLD, Override: Safe hold mode active
2025-05-28 04:04:12,953 - INFO - [AUDIT] - Action: 0, Confidence: 1.0000, Safety Mode: SAFE_HOLD, Override: Safe hold mode active
2025-05-28 04:04:12,953 - INFO - [AUDIT] - Action: 0, Confidence: 1.0000, Safety Mode: SAFE_HOLD, Override: Safe hold mode active
2025-05-28 04:04:12,954 - INFO - [AUDIT] - Action: 0, Confidence: 1.0000, Safety Mode: SAFE_HOLD, Override: Safe hold mode active
2025-05-28 04:04:12,954 - INFO - [AUDIT] - Action: 0, Confidence: 1.0000, Safety Mode: SAFE_HOLD, Override: Safe hold mode active
2025-05-28 04:04:12,954 - INFO - [AUDIT] - Action: 0, Confidence: 1.0000, Safety Mode: SAFE_HOLD, Override: Safe hold mode active
2025-05-28 04:04:12,954 - INFO - [AUDIT] - Action: 0, Confidence: 1.0000, Safety Mode: SAFE_HOLD, Override: Safe hold mode active
2025-05-28 04:04:12,954 - INFO - [AUDIT] - Action: 0, Confidence: 1.0000, Safety Mode: SAFE_HOLD, Override: Safe hold mode active
2025-05-28 04:04:12,955 - INFO - [AUDIT] - Action: 0, Confidence: 1.0000, Safety Mode: SAFE_HOLD, Override: Safe hold mode active
2025-05-28 04:04:12,955 - INFO - [AUDIT] - Action: 0, Confidence: 1.0000, Safety Mode: SAFE_HOLD, Override: Safe hold mode active
2025-05-28 04:04:12,955 - INFO - [AUDIT] - Action: 0, Confidence: 1.0000, Safety Mode: SAFE_HOLD, Override: Safe hold mode active
2025-05-28 04:04:12,955 - INFO - [AUDIT] - Action: 0, Confidence: 1.0000, Safety Mode: SAFE_HOLD, Override: Safe hold mode active
2025-05-28 04:04:12,955 - INFO - [AUDIT] - Action: 0, Confidence: 1.0000, Safety Mode: SAFE_HOLD, Override: Safe hold mode active
2025-05-28 04:04:12,956 - INFO - [AUDIT] - Action: 0, Confidence: 1.0000, Safety Mode: SAFE_HOLD, Override: Safe hold mode active
2025-05-28 04:04:12,956 - INFO - [AUDIT] - Action: 0, Confidence: 1.0000, Safety Mode: SAFE_HOLD, Override: Safe hold mode active
2025-05-28 04:04:12,956 - INFO - [AUDIT] - Action: 0, Confidence: 1.0000, Safety Mode: SAFE_HOLD, Override: Safe hold mode active
2025-05-28 04:04:12,956 - INFO - [AUDIT] - Action: 0, Confidence: 1.0000, Safety Mode: SAFE_HOLD, Override: Safe hold mode active
2025-05-28 04:04:12,956 - INFO - [AUDIT] - Action: 0, Confidence: 1.0000, Safety Mode: SAFE_HOLD, Override: Safe hold mode active
2025-05-28 04:04:12,957 - INFO - [AUDIT] - Action: 0, Confidence: 1.0000, Safety Mode: SAFE_HOLD, Override: Safe hold mode active
2025-05-28 04:04:12,957 - INFO - [AUDIT] - Action: 0, Confidence: 1.0000, Safety Mode: SAFE_HOLD, Override: Safe hold mode active
2025-05-28 04:04:12,957 - INFO - [AUDIT] - Action: 0, Confidence: 1.0000, Safety Mode: SAFE_HOLD, Override: Safe hold mode active
2025-05-28 04:04:12,957 - INFO - [AUDIT] - Action: 0, Confidence: 1.0000, Safety Mode: SAFE_HOLD, Override: Safe hold mode active
2025-05-28 04:04:12,957 - INFO - [AUDIT] - Action: 0, Confidence: 1.0000, Safety Mode: SAFE_HOLD, Override: Safe hold mode active
2025-05-28 04:04:12,958 - INFO - [AUDIT] - Action: 0, Confidence: 1.0000, Safety Mode: SAFE_HOLD, Override: Safe hold mode active
2025-05-28 04:04:12,958 - INFO - [AUDIT] - Action: 0, Confidence: 1.0000, Safety Mode: SAFE_HOLD, Override: Safe hold mode active
2025-05-28 04:04:12,958 - INFO - [AUDIT] - Action: 0, Confidence: 1.0000, Safety Mode: SAFE_HOLD, Override: Safe hold mode active
2025-05-28 04:04:12,958 - INFO - [AUDIT] - Action: 0, Confidence: 1.0000, Safety Mode: SAFE_HOLD, Override: Safe hold mode active
2025-05-28 04:04:12,958 - INFO - [AUDIT] - Action: 0, Confidence: 1.0000, Safety Mode: SAFE_HOLD, Override: Safe hold mode active
2025-05-28 04:04:12,958 - INFO - [AUDIT] - Action: 0, Confidence: 1.0000, Safety Mode: SAFE_HOLD, Override: Safe hold mode active
2025-05-28 04:04:12,959 - INFO - [AUDIT] - Action: 0, Confidence: 1.0000, Safety Mode: SAFE_HOLD, Override: Safe hold mode active
2025-05-28 04:04:12,959 - INFO - [AUDIT] - Action: 0, Confidence: 1.0000, Safety Mode: SAFE_HOLD, Override: Safe hold mode active
2025-05-28 04:04:12,959 - INFO - [AUDIT] - Action: 0, Confidence: 1.0000, Safety Mode: SAFE_HOLD, Override: Safe hold mode active
2025-05-28 04:04:12,959 - INFO - [AUDIT] - Action: 0, Confidence: 1.0000, Safety Mode: SAFE_HOLD, Override: Safe hold mode active
2025-05-28 04:04:12,959 - INFO - [AUDIT] - Action: 0, Confidence: 1.0000, Safety Mode: SAFE_HOLD, Override: Safe hold mode active
2025-05-28 04:04:12,960 - INFO - [AUDIT] - Action: 0, Confidence: 1.0000, Safety Mode: SAFE_HOLD, Override: Safe hold mode active
2025-05-28 04:04:12,960 - INFO - [AUDIT] - Action: 0, Confidence: 1.0000, Safety Mode: SAFE_HOLD, Override: Safe hold mode active
2025-05-28 04:04:12,960 - INFO - [AUDIT] - Action: 0, Confidence: 1.0000, Safety Mode: SAFE_HOLD, Override: Safe hold mode active
2025-05-28 04:04:12,960 - INFO - [AUDIT] - Action: 0, Confidence: 1.0000, Safety Mode: SAFE_HOLD, Override: Safe hold mode active
2025-05-28 04:04:12,960 - INFO - [AUDIT] - Action: 0, Confidence: 1.0000, Safety Mode: SAFE_HOLD, Override: Safe hold mode active
2025-05-28 04:04:12,961 - INFO - [AUDIT] - Action: 0, Confidence: 1.0000, Safety Mode: SAFE_HOLD, Override: Safe hold mode active
2025-05-28 04:04:12,961 - INFO - [AUDIT] - Action: 0, Confidence: 1.0000, Safety Mode: SAFE_HOLD, Override: Safe hold mode active
2025-05-28 04:04:12,961 - INFO - [AUDIT] - Action: 0, Confidence: 1.0000, Safety Mode: SAFE_HOLD, Override: Safe hold mode active
2025-05-28 04:04:12,961 - INFO - [AUDIT] - Action: 0, Confidence: 1.0000, Safety Mode: SAFE_HOLD, Override: Safe hold mode active
2025-05-28 04:04:12,961 - INFO - [AUDIT] - Action: 0, Confidence: 1.0000, Safety Mode: SAFE_HOLD, Override: Safe hold mode active
2025-05-28 04:04:12,961 - INFO - [AUDIT] - Action: 0, Confidence: 1.0000, Safety Mode: SAFE_HOLD, Override: Safe hold mode active
2025-05-28 04:04:12,962 - INFO - [AUDIT] - Action: 0, Confidence: 1.0000, Safety Mode: SAFE_HOLD, Override: Safe hold mode active
2025-05-28 04:04:12,962 - INFO - [AUDIT] - Action: 0, Confidence: 1.0000, Safety Mode: SAFE_HOLD, Override: Safe hold mode active
2025-05-28 04:04:12,962 - INFO - [AUDIT] - Action: 0, Confidence: 1.0000, Safety Mode: SAFE_HOLD, Override: Safe hold mode active
2025-05-28 04:04:12,962 - INFO - [AUDIT] - Action: 0, Confidence: 1.0000, Safety Mode: SAFE_HOLD, Override: Safe hold mode active
2025-05-28 04:04:12,962 - INFO - [AUDIT] - Action: 0, Confidence: 1.0000, Safety Mode: SAFE_HOLD, Override: Safe hold mode active
2025-05-28 04:04:12,963 - INFO - [AUDIT] - Action: 0, Confidence: 1.0000, Safety Mode: SAFE_HOLD, Override: Safe hold mode active
2025-05-28 04:04:12,963 - INFO - [AUDIT] - Action: 0, Confidence: 1.0000, Safety Mode: SAFE_HOLD, Override: Safe hold mode active
2025-05-28 04:04:12,963 - INFO - [AUDIT] - Action: 0, Confidence: 1.0000, Safety Mode: SAFE_HOLD, Override: Safe hold mode active
2025-05-28 04:04:12,963 - INFO - [AUDIT] - Action: 0, Confidence: 1.0000, Safety Mode: SAFE_HOLD, Override: Safe hold mode active
2025-05-28 04:04:12,963 - INFO - [AUDIT] - Action: 0, Confidence: 1.0000, Safety Mode: SAFE_HOLD, Override: Safe hold mode active
2025-05-28 04:04:12,964 - INFO - [AUDIT] - Action: 0, Confidence: 1.0000, Safety Mode: SAFE_HOLD, Override: Safe hold mode active
2025-05-28 04:04:12,964 - INFO - [AUDIT] - Action: 0, Confidence: 1.0000, Safety Mode: SAFE_HOLD, Override: Safe hold mode active
2025-05-28 04:04:12,964 - INFO - [AUDIT] - Action: 0, Confidence: 1.0000, Safety Mode: SAFE_HOLD, Override: Safe hold mode active
2025-05-28 04:04:12,964 - INFO - [AUDIT] - Action: 0, Confidence: 1.0000, Safety Mode: SAFE_HOLD, Override: Safe hold mode active
2025-05-28 04:04:12,964 - INFO - [AUDIT] - Action: 0, Confidence: 1.0000, Safety Mode: SAFE_HOLD, Override: Safe hold mode active
2025-05-28 04:04:12,965 - INFO - [AUDIT] - Action: 0, Confidence: 1.0000, Safety Mode: SAFE_HOLD, Override: Safe hold mode active
2025-05-28 04:04:12,965 - INFO - [AUDIT] - Action: 0, Confidence: 1.0000, Safety Mode: SAFE_HOLD, Override: Safe hold mode active
2025-05-28 04:04:12,965 - INFO - [AUDIT] - Action: 0, Confidence: 1.0000, Safety Mode: SAFE_HOLD, Override: Safe hold mode active
2025-05-28 04:04:12,965 - INFO - [AUDIT] - Action: 0, Confidence: 1.0000, Safety Mode: SAFE_HOLD, Override: Safe hold mode active
2025-05-28 04:04:12,965 - INFO - [AUDIT] - Action: 0, Confidence: 1.0000, Safety Mode: SAFE_HOLD, Override: Safe hold mode active
2025-05-28 04:04:12,965 - INFO - [AUDIT] - Action: 0, Confidence: 1.0000, Safety Mode: SAFE_HOLD, Override: Safe hold mode active
2025-05-28 04:04:12,966 - INFO - [AUDIT] - Action: 0, Confidence: 1.0000, Safety Mode: SAFE_HOLD, Override: Safe hold mode active
2025-05-28 04:04:12,966 - INFO - [AUDIT] - Action: 0, Confidence: 1.0000, Safety Mode: SAFE_HOLD, Override: Safe hold mode active
2025-05-28 04:04:12,966 - INFO - [AUDIT] - Action: 0, Confidence: 1.0000, Safety Mode: SAFE_HOLD, Override: Safe hold mode active
2025-05-28 04:04:12,966 - INFO - [AUDIT] - Action: 0, Confidence: 1.0000, Safety Mode: SAFE_HOLD, Override: Safe hold mode active
2025-05-28 04:04:12,966 - INFO - [AUDIT] - Action: 0, Confidence: 1.0000, Safety Mode: SAFE_HOLD, Override: Safe hold mode active
2025-05-28 04:04:12,967 - INFO - [AUDIT] - Action: 0, Confidence: 1.0000, Safety Mode: SAFE_HOLD, Override: Safe hold mode active
2025-05-28 04:04:12,967 - INFO - [AUDIT] - Action: 0, Confidence: 1.0000, Safety Mode: SAFE_HOLD, Override: Safe hold mode active
2025-05-28 04:04:12,967 - INFO - [AUDIT] - Action: 0, Confidence: 1.0000, Safety Mode: SAFE_HOLD, Override: Safe hold mode active
2025-05-28 04:04:12,967 - INFO - [AUDIT] - Action: 0, Confidence: 1.0000, Safety Mode: SAFE_HOLD, Override: Safe hold mode active
2025-05-28 04:04:12,968 - INFO - [AUDIT] - Action: 0, Confidence: 1.0000, Safety Mode: SAFE_HOLD, Override: Safe hold mode active
2025-05-28 04:04:12,968 - INFO - [AUDIT] - Action: 0, Confidence: 1.0000, Safety Mode: SAFE_HOLD, Override: Safe hold mode active
2025-05-28 04:04:12,968 - INFO - [AUDIT] - Action: 0, Confidence: 1.0000, Safety Mode: SAFE_HOLD, Override: Safe hold mode active
2025-05-28 04:04:12,968 - INFO - [AUDIT] - Action: 0, Confidence: 1.0000, Safety Mode: SAFE_HOLD, Override: Safe hold mode active
2025-05-28 04:04:12,969 - INFO - [AUDIT] - Action: 0, Confidence: 1.0000, Safety Mode: SAFE_HOLD, Override: Safe hold mode active
2025-05-28 04:04:12,969 - INFO - [AUDIT] - Action: 0, Confidence: 1.0000, Safety Mode: SAFE_HOLD, Override: Safe hold mode active
2025-05-28 04:04:12,969 - INFO - [AUDIT] - Action: 0, Confidence: 1.0000, Safety Mode: SAFE_HOLD, Override: Safe hold mode active
2025-05-28 04:04:12,969 - INFO - [AUDIT] - Action: 0, Confidence: 1.0000, Safety Mode: SAFE_HOLD, Override: Safe hold mode active
2025-05-28 04:04:12,969 - INFO - [AUDIT] - Action: 0, Confidence: 1.0000, Safety Mode: SAFE_HOLD, Override: Safe hold mode active
2025-05-28 04:04:12,970 - INFO - [AUDIT] - Action: 0, Confidence: 1.0000, Safety Mode: SAFE_HOLD, Override: Safe hold mode active
2025-05-28 04:04:12,970 - INFO - [AUDIT] - Action: 0, Confidence: 1.0000, Safety Mode: SAFE_HOLD, Override: Safe hold mode active
2025-05-28 04:04:12,970 - INFO - [AUDIT] - Action: 0, Confidence: 1.0000, Safety Mode: SAFE_HOLD, Override: Safe hold mode active
2025-05-28 04:04:12,970 - INFO - [AUDIT] - Action: 0, Confidence: 1.0000, Safety Mode: SAFE_HOLD, Override: Safe hold mode active
2025-05-28 04:04:12,970 - INFO - [AUDIT] - Action: 0, Confidence: 1.0000, Safety Mode: SAFE_HOLD, Override: Safe hold mode active
2025-05-28 04:04:12,971 - INFO - [AUDIT] - Action: 0, Confidence: 1.0000, Safety Mode: SAFE_HOLD, Override: Safe hold mode active
2025-05-28 04:04:12,971 - INFO - [AUDIT] - Action: 0, Confidence: 1.0000, Safety Mode: SAFE_HOLD, Override: Safe hold mode active
2025-05-28 04:04:12,971 - INFO - [AUDIT] - Action: 0, Confidence: 1.0000, Safety Mode: SAFE_HOLD, Override: Safe hold mode active
2025-05-28 04:04:12,971 - INFO - [AUDIT] - Action: 0, Confidence: 1.0000, Safety Mode: SAFE_HOLD, Override: Safe hold mode active
2025-05-28 04:04:12,971 - INFO - [AUDIT] - Action: 0, Confidence: 1.0000, Safety Mode: SAFE_HOLD, Override: Safe hold mode active
2025-05-28 04:04:12,971 - INFO - [AUDIT] - Action: 0, Confidence: 1.0000, Safety Mode: SAFE_HOLD, Override: Safe hold mode active
2025-05-28 04:04:12,972 - INFO - [AUDIT] - Action: 0, Confidence: 1.0000, Safety Mode: SAFE_HOLD, Override: Safe hold mode active
2025-05-28 04:04:12,972 - INFO - [AUDIT] - Action: 0, Confidence: 1.0000, Safety Mode: SAFE_HOLD, Override: Safe hold mode active
2025-05-28 04:04:12,972 - INFO - [AUDIT] - Action: 0, Confidence: 1.0000, Safety Mode: SAFE_HOLD, Override: Safe hold mode active
2025-05-28 04:04:12,972 - INFO - [AUDIT] - Action: 0, Confidence: 1.0000, Safety Mode: SAFE_HOLD, Override: Safe hold mode active
2025-05-28 04:04:12,972 - INFO - [AUDIT] - Action: 0, Confidence: 1.0000, Safety Mode: SAFE_HOLD, Override: Safe hold mode active
2025-05-28 04:04:12,973 - INFO - [AUDIT] - Action: 0, Confidence: 1.0000, Safety Mode: SAFE_HOLD, Override: Safe hold mode active
2025-05-28 04:04:12,973 - INFO - [AUDIT] - Action: 0, Confidence: 1.0000, Safety Mode: SAFE_HOLD, Override: Safe hold mode active
2025-05-28 04:04:12,973 - INFO - [AUDIT] - Action: 0, Confidence: 1.0000, Safety Mode: SAFE_HOLD, Override: Safe hold mode active
2025-05-28 04:04:12,973 - INFO - [AUDIT] - Action: 0, Confidence: 1.0000, Safety Mode: SAFE_HOLD, Override: Safe hold mode active
2025-05-28 04:04:12,973 - INFO - [AUDIT] - Action: 0, Confidence: 1.0000, Safety Mode: SAFE_HOLD, Override: Safe hold mode active
2025-05-28 04:04:12,974 - INFO - [AUDIT] - Action: 0, Confidence: 1.0000, Safety Mode: SAFE_HOLD, Override: Safe hold mode active
2025-05-28 04:04:12,974 - INFO - [AUDIT] - Action: 0, Confidence: 1.0000, Safety Mode: SAFE_HOLD, Override: Safe hold mode active
2025-05-28 04:04:12,974 - INFO - [AUDIT] - Action: 0, Confidence: 1.0000, Safety Mode: SAFE_HOLD, Override: Safe hold mode active
2025-05-28 04:04:12,974 - INFO - [AUDIT] - Action: 0, Confidence: 1.0000, Safety Mode: SAFE_HOLD, Override: Safe hold mode active
2025-05-28 04:04:12,974 - INFO - [AUDIT] - Action: 0, Confidence: 1.0000, Safety Mode: SAFE_HOLD, Override: Safe hold mode active
2025-05-28 04:04:12,975 - INFO - [AUDIT] - Action: 0, Confidence: 1.0000, Safety Mode: SAFE_HOLD, Override: Safe hold mode active
2025-05-28 04:04:12,975 - INFO - [AUDIT] - Action: 0, Confidence: 1.0000, Safety Mode: SAFE_HOLD, Override: Safe hold mode active
2025-05-28 04:04:12,975 - INFO - [AUDIT] - Action: 0, Confidence: 1.0000, Safety Mode: SAFE_HOLD, Override: Safe hold mode active
2025-05-28 04:04:12,975 - INFO - [AUDIT] - Action: 0, Confidence: 1.0000, Safety Mode: SAFE_HOLD, Override: Safe hold mode active
2025-05-28 04:04:12,975 - INFO - [AUDIT] - Action: 0, Confidence: 1.0000, Safety Mode: SAFE_HOLD, Override: Safe hold mode active
2025-05-28 04:04:12,975 - INFO - [AUDIT] - Action: 0, Confidence: 1.0000, Safety Mode: SAFE_HOLD, Override: Safe hold mode active
2025-05-28 04:04:12,976 - INFO - [AUDIT] - Action: 0, Confidence: 1.0000, Safety Mode: SAFE_HOLD, Override: Safe hold mode active
2025-05-28 04:04:12,976 - INFO - [AUDIT] - Action: 0, Confidence: 1.0000, Safety Mode: SAFE_HOLD, Override: Safe hold mode active
2025-05-28 04:04:12,976 - INFO - [AUDIT] - Action: 0, Confidence: 1.0000, Safety Mode: SAFE_HOLD, Override: Safe hold mode active
2025-05-28 04:04:12,976 - INFO - [AUDIT] - Action: 0, Confidence: 1.0000, Safety Mode: SAFE_HOLD, Override: Safe hold mode active
2025-05-28 04:04:12,976 - INFO - [AUDIT] - Action: 0, Confidence: 1.0000, Safety Mode: SAFE_HOLD, Override: Safe hold mode active
2025-05-28 04:04:12,977 - INFO - [AUDIT] - Action: 0, Confidence: 1.0000, Safety Mode: SAFE_HOLD, Override: Safe hold mode active
2025-05-28 04:04:12,977 - INFO - [AUDIT] - Action: 0, Confidence: 1.0000, Safety Mode: SAFE_HOLD, Override: Safe hold mode active
2025-05-28 04:04:12,977 - INFO - [AUDIT] - Action: 0, Confidence: 1.0000, Safety Mode: SAFE_HOLD, Override: Safe hold mode active
2025-05-28 04:04:12,977 - INFO - [AUDIT] - Action: 0, Confidence: 1.0000, Safety Mode: SAFE_HOLD, Override: Safe hold mode active
2025-05-28 04:04:12,977 - INFO - [AUDIT] - Action: 0, Confidence: 1.0000, Safety Mode: SAFE_HOLD, Override: Safe hold mode active
2025-05-28 04:04:12,978 - INFO - [AUDIT] - Action: 0, Confidence: 1.0000, Safety Mode: SAFE_HOLD, Override: Safe hold mode active
2025-05-28 04:04:12,978 - INFO - [AUDIT] - Action: 0, Confidence: 1.0000, Safety Mode: SAFE_HOLD, Override: Safe hold mode active
2025-05-28 04:04:12,978 - INFO - [AUDIT] - Action: 0, Confidence: 1.0000, Safety Mode: SAFE_HOLD, Override: Safe hold mode active
2025-05-28 04:04:12,978 - INFO - [AUDIT] - Action: 0, Confidence: 1.0000, Safety Mode: SAFE_HOLD, Override: Safe hold mode active
2025-05-28 04:04:12,978 - INFO - [AUDIT] - Action: 0, Confidence: 1.0000, Safety Mode: SAFE_HOLD, Override: Safe hold mode active
2025-05-28 04:04:12,979 - INFO - [AUDIT] - Action: 0, Confidence: 1.0000, Safety Mode: SAFE_HOLD, Override: Safe hold mode active
2025-05-28 04:04:12,979 - INFO - [AUDIT] - Action: 0, Confidence: 1.0000, Safety Mode: SAFE_HOLD, Override: Safe hold mode active
2025-05-28 04:04:12,979 - INFO - [AUDIT] - Action: 0, Confidence: 1.0000, Safety Mode: SAFE_HOLD, Override: Safe hold mode active
2025-05-28 04:04:12,979 - INFO - [AUDIT] - Action: 0, Confidence: 1.0000, Safety Mode: SAFE_HOLD, Override: Safe hold mode active
2025-05-28 04:04:12,979 - INFO - [AUDIT] - Action: 0, Confidence: 1.0000, Safety Mode: SAFE_HOLD, Override: Safe hold mode active
2025-05-28 04:04:12,980 - INFO - [AUDIT] - Action: 0, Confidence: 1.0000, Safety Mode: SAFE_HOLD, Override: Safe hold mode active
2025-05-28 04:04:12,980 - INFO - [AUDIT] - Action: 0, Confidence: 1.0000, Safety Mode: SAFE_HOLD, Override: Safe hold mode active
2025-05-28 04:04:12,980 - INFO - [AUDIT] - Action: 0, Confidence: 1.0000, Safety Mode: SAFE_HOLD, Override: Safe hold mode active
2025-05-28 04:04:12,980 - INFO - [AUDIT] - Action: 0, Confidence: 1.0000, Safety Mode: SAFE_HOLD, Override: Safe hold mode active
2025-05-28 04:04:12,980 - INFO - [AUDIT] - Action: 0, Confidence: 1.0000, Safety Mode: SAFE_HOLD, Override: Safe hold mode active
2025-05-28 04:04:12,981 - INFO - [AUDIT] - Action: 0, Confidence: 1.0000, Safety Mode: SAFE_HOLD, Override: Safe hold mode active
2025-05-28 04:04:12,981 - INFO - [AUDIT] - Action: 0, Confidence: 1.0000, Safety Mode: SAFE_HOLD, Override: Safe hold mode active
2025-05-28 04:04:12,981 - INFO - [AUDIT] - Action: 0, Confidence: 1.0000, Safety Mode: SAFE_HOLD, Override: Safe hold mode active
2025-05-28 04:04:12,981 - INFO - [AUDIT] - Action: 0, Confidence: 1.0000, Safety Mode: SAFE_HOLD, Override: Safe hold mode active
2025-05-28 04:04:12,981 - INFO - [AUDIT] - Action: 0, Confidence: 1.0000, Safety Mode: SAFE_HOLD, Override: Safe hold mode active
2025-05-28 04:04:12,982 - INFO - [AUDIT] - Action: 0, Confidence: 1.0000, Safety Mode: SAFE_HOLD, Override: Safe hold mode active
2025-05-28 04:04:12,982 - INFO - [AUDIT] - Action: 0, Confidence: 1.0000, Safety Mode: SAFE_HOLD, Override: Safe hold mode active
2025-05-28 04:04:12,982 - INFO - [AUDIT] - Action: 0, Confidence: 1.0000, Safety Mode: SAFE_HOLD, Override: Safe hold mode active
2025-05-28 04:04:12,982 - INFO - [AUDIT] - Action: 0, Confidence: 1.0000, Safety Mode: SAFE_HOLD, Override: Safe hold mode active
2025-05-28 04:04:12,982 - INFO - [AUDIT] - Action: 0, Confidence: 1.0000, Safety Mode: SAFE_HOLD, Override: Safe hold mode active
2025-05-28 04:04:12,983 - INFO - [AUDIT] - Action: 0, Confidence: 1.0000, Safety Mode: SAFE_HOLD, Override: Safe hold mode active
2025-05-28 04:04:12,983 - INFO - [AUDIT] - Action: 0, Confidence: 1.0000, Safety Mode: SAFE_HOLD, Override: Safe hold mode active
2025-05-28 04:04:12,983 - INFO - [AUDIT] - Action: 0, Confidence: 1.0000, Safety Mode: SAFE_HOLD, Override: Safe hold mode active
2025-05-28 04:04:12,983 - INFO - [AUDIT] - Action: 0, Confidence: 1.0000, Safety Mode: SAFE_HOLD, Override: Safe hold mode active
2025-05-28 04:04:12,983 - INFO - [AUDIT] - Action: 0, Confidence: 1.0000, Safety Mode: SAFE_HOLD, Override: Safe hold mode active
2025-05-28 04:04:12,984 - INFO - [AUDIT] - Action: 0, Confidence: 1.0000, Safety Mode: SAFE_HOLD, Override: Safe hold mode active
2025-05-28 04:04:12,984 - INFO - [AUDIT] - Action: 0, Confidence: 1.0000, Safety Mode: SAFE_HOLD, Override: Safe hold mode active
2025-05-28 04:04:12,984 - INFO - [AUDIT] - Action: 0, Confidence: 1.0000, Safety Mode: SAFE_HOLD, Override: Safe hold mode active
2025-05-28 04:04:12,984 - INFO - [AUDIT] - Action: 0, Confidence: 1.0000, Safety Mode: SAFE_HOLD, Override: Safe hold mode active
2025-05-28 04:04:12,984 - INFO - [AUDIT] - Action: 0, Confidence: 1.0000, Safety Mode: SAFE_HOLD, Override: Safe hold mode active
2025-05-28 04:04:12,985 - INFO - [AUDIT] - Action: 0, Confidence: 1.0000, Safety Mode: SAFE_HOLD, Override: Safe hold mode active
2025-05-28 04:04:12,985 - INFO - [AUDIT] - Action: 0, Confidence: 1.0000, Safety Mode: SAFE_HOLD, Override: Safe hold mode active
2025-05-28 04:04:12,985 - INFO - [AUDIT] - Action: 0, Confidence: 1.0000, Safety Mode: SAFE_HOLD, Override: Safe hold mode active
2025-05-28 04:04:12,985 - INFO - [AUDIT] - Action: 0, Confidence: 1.0000, Safety Mode: SAFE_HOLD, Override: Safe hold mode active
2025-05-28 04:04:12,985 - INFO - [AUDIT] - Action: 0, Confidence: 1.0000, Safety Mode: SAFE_HOLD, Override: Safe hold mode active
2025-05-28 04:04:12,985 - INFO - [AUDIT] - Action: 0, Confidence: 1.0000, Safety Mode: SAFE_HOLD, Override: Safe hold mode active
2025-05-28 04:04:12,986 - INFO - [AUDIT] - Action: 0, Confidence: 1.0000, Safety Mode: SAFE_HOLD, Override: Safe hold mode active
2025-05-28 04:04:12,986 - INFO - [AUDIT] - Action: 0, Confidence: 1.0000, Safety Mode: SAFE_HOLD, Override: Safe hold mode active
2025-05-28 04:04:12,986 - INFO - [AUDIT] - Action: 0, Confidence: 1.0000, Safety Mode: SAFE_HOLD, Override: Safe hold mode active
2025-05-28 04:04:12,987 - INFO - [AUDIT] - Action: 0, Confidence: 1.0000, Safety Mode: SAFE_HOLD, Override: Safe hold mode active
2025-05-28 04:04:12,988 - INFO - [AUDIT] - Action: 0, Confidence: 1.0000, Safety Mode: SAFE_HOLD, Override: Safe hold mode active
2025-05-28 04:04:12,988 - INFO - [AUDIT] - Action: 0, Confidence: 1.0000, Safety Mode: SAFE_HOLD, Override: Safe hold mode active
2025-05-28 04:04:12,988 - INFO - [AUDIT] - Action: 0, Confidence: 1.0000, Safety Mode: SAFE_HOLD, Override: Safe hold mode active
2025-05-28 04:04:12,988 - INFO - [AUDIT] - Action: 0, Confidence: 1.0000, Safety Mode: SAFE_HOLD, Override: Safe hold mode active
2025-05-28 04:04:12,988 - INFO - [AUDIT] - Action: 0, Confidence: 1.0000, Safety Mode: SAFE_HOLD, Override: Safe hold mode active
2025-05-28 04:04:12,989 - INFO - [AUDIT] - Action: 0, Confidence: 1.0000, Safety Mode: SAFE_HOLD, Override: Safe hold mode active
2025-05-28 04:04:12,989 - INFO - [AUDIT] - Action: 0, Confidence: 1.0000, Safety Mode: SAFE_HOLD, Override: Safe hold mode active
2025-05-28 04:04:12,989 - INFO - [AUDIT] - Action: 0, Confidence: 1.0000, Safety Mode: SAFE_HOLD, Override: Safe hold mode active
2025-05-28 04:04:12,989 - INFO - [AUDIT] - Action: 0, Confidence: 1.0000, Safety Mode: SAFE_HOLD, Override: Safe hold mode active
2025-05-28 04:04:12,989 - INFO - [AUDIT] - Action: 0, Confidence: 1.0000, Safety Mode: SAFE_HOLD, Override: Safe hold mode active
2025-05-28 04:04:12,990 - INFO - [AUDIT] - Action: 0, Confidence: 1.0000, Safety Mode: SAFE_HOLD, Override: Safe hold mode active
2025-05-28 04:04:12,990 - INFO - [AUDIT] - Action: 0, Confidence: 1.0000, Safety Mode: SAFE_HOLD, Override: Safe hold mode active
2025-05-28 04:04:12,990 - INFO - [AUDIT] - Action: 0, Confidence: 1.0000, Safety Mode: SAFE_HOLD, Override: Safe hold mode active
2025-05-28 04:04:12,990 - INFO - [AUDIT] - Action: 0, Confidence: 1.0000, Safety Mode: SAFE_HOLD, Override: Safe hold mode active
2025-05-28 04:04:12,990 - INFO - [AUDIT] - Action: 0, Confidence: 1.0000, Safety Mode: SAFE_HOLD, Override: Safe hold mode active
2025-05-28 04:04:12,991 - INFO - [AUDIT] - Action: 0, Confidence: 1.0000, Safety Mode: SAFE_HOLD, Override: Safe hold mode active
2025-05-28 04:04:12,991 - INFO - [AUDIT] - Action: 0, Confidence: 1.0000, Safety Mode: SAFE_HOLD, Override: Safe hold mode active
2025-05-28 04:04:12,991 - INFO - [AUDIT] - Action: 0, Confidence: 1.0000, Safety Mode: SAFE_HOLD, Override: Safe hold mode active
2025-05-28 04:04:12,991 - INFO - [AUDIT] - Action: 0, Confidence: 1.0000, Safety Mode: SAFE_HOLD, Override: Safe hold mode active
2025-05-28 04:04:12,991 - INFO - [AUDIT] - Action: 0, Confidence: 1.0000, Safety Mode: SAFE_HOLD, Override: Safe hold mode active
2025-05-28 04:04:12,991 - INFO - [AUDIT] - Action: 0, Confidence: 1.0000, Safety Mode: SAFE_HOLD, Override: Safe hold mode active
2025-05-28 04:04:12,992 - INFO - [AUDIT] - Action: 0, Confidence: 1.0000, Safety Mode: SAFE_HOLD, Override: Safe hold mode active
2025-05-28 04:04:12,992 - INFO - [AUDIT] - Action: 0, Confidence: 1.0000, Safety Mode: SAFE_HOLD, Override: Safe hold mode active
2025-05-28 04:04:12,992 - INFO - [AUDIT] - Action: 0, Confidence: 1.0000, Safety Mode: SAFE_HOLD, Override: Safe hold mode active
2025-05-28 04:04:12,992 - INFO - [AUDIT] - Action: 0, Confidence: 1.0000, Safety Mode: SAFE_HOLD, Override: Safe hold mode active
2025-05-28 04:04:12,993 - INFO - [AUDIT] - Action: 0, Confidence: 1.0000, Safety Mode: SAFE_HOLD, Override: Safe hold mode active
2025-05-28 04:04:12,993 - INFO - [AUDIT] - Action: 0, Confidence: 1.0000, Safety Mode: SAFE_HOLD, Override: Safe hold mode active
2025-05-28 04:04:12,993 - INFO - [AUDIT] - Action: 0, Confidence: 1.0000, Safety Mode: SAFE_HOLD, Override: Safe hold mode active
2025-05-28 04:04:12,993 - INFO - [AUDIT] - Action: 0, Confidence: 1.0000, Safety Mode: SAFE_HOLD, Override: Safe hold mode active
2025-05-28 04:04:12,993 - INFO - [AUDIT] - Action: 0, Confidence: 1.0000, Safety Mode: SAFE_HOLD, Override: Safe hold mode active
2025-05-28 04:04:12,994 - INFO - [AUDIT] - Action: 0, Confidence: 1.0000, Safety Mode: SAFE_HOLD, Override: Safe hold mode active
2025-05-28 04:04:12,994 - INFO - [AUDIT] - Action: 0, Confidence: 1.0000, Safety Mode: SAFE_HOLD, Override: Safe hold mode active
2025-05-28 04:04:12,994 - INFO - [AUDIT] - Action: 0, Confidence: 1.0000, Safety Mode: SAFE_HOLD, Override: Safe hold mode active
2025-05-28 04:04:12,994 - INFO - [AUDIT] - Action: 0, Confidence: 1.0000, Safety Mode: SAFE_HOLD, Override: Safe hold mode active
2025-05-28 04:04:12,994 - INFO - [AUDIT] - Action: 0, Confidence: 1.0000, Safety Mode: SAFE_HOLD, Override: Safe hold mode active
2025-05-28 04:04:12,995 - INFO - [AUDIT] - Action: 0, Confidence: 1.0000, Safety Mode: SAFE_HOLD, Override: Safe hold mode active
2025-05-28 04:04:12,995 - INFO - [AUDIT] - Action: 0, Confidence: 1.0000, Safety Mode: SAFE_HOLD, Override: Safe hold mode active
2025-05-28 04:04:12,995 - INFO - [AUDIT] - Action: 0, Confidence: 1.0000, Safety Mode: SAFE_HOLD, Override: Safe hold mode active
2025-05-28 04:04:12,995 - INFO - [AUDIT] - Action: 0, Confidence: 1.0000, Safety Mode: SAFE_HOLD, Override: Safe hold mode active
2025-05-28 04:04:12,995 - INFO - [AUDIT] - Action: 0, Confidence: 1.0000, Safety Mode: SAFE_HOLD, Override: Safe hold mode active
2025-05-28 04:04:12,996 - INFO - [AUDIT] - Action: 0, Confidence: 1.0000, Safety Mode: SAFE_HOLD, Override: Safe hold mode active
2025-05-28 04:04:12,996 - INFO - [AUDIT] - Action: 0, Confidence: 1.0000, Safety Mode: SAFE_HOLD, Override: Safe hold mode active
2025-05-28 04:04:12,996 - INFO - [AUDIT] - Action: 0, Confidence: 1.0000, Safety Mode: SAFE_HOLD, Override: Safe hold mode active
2025-05-28 04:04:12,996 - INFO - [AUDIT] - Action: 0, Confidence: 1.0000, Safety Mode: SAFE_HOLD, Override: Safe hold mode active
2025-05-28 04:04:12,996 - INFO - [AUDIT] - Action: 0, Confidence: 1.0000, Safety Mode: SAFE_HOLD, Override: Safe hold mode active
2025-05-28 04:04:12,997 - INFO - [AUDIT] - Action: 0, Confidence: 1.0000, Safety Mode: SAFE_HOLD, Override: Safe hold mode active
2025-05-28 04:04:12,997 - INFO - [AUDIT] - Action: 0, Confidence: 1.0000, Safety Mode: SAFE_HOLD, Override: Safe hold mode active
2025-05-28 04:04:12,997 - INFO - [AUDIT] - Action: 0, Confidence: 1.0000, Safety Mode: SAFE_HOLD, Override: Safe hold mode active
2025-05-28 04:04:12,997 - INFO - [AUDIT] - Action: 0, Confidence: 1.0000, Safety Mode: SAFE_HOLD, Override: Safe hold mode active
2025-05-28 04:04:12,997 - INFO - [AUDIT] - Action: 0, Confidence: 1.0000, Safety Mode: SAFE_HOLD, Override: Safe hold mode active
2025-05-28 04:04:12,998 - INFO - [AUDIT] - Action: 0, Confidence: 1.0000, Safety Mode: SAFE_HOLD, Override: Safe hold mode active
2025-05-28 04:04:12,998 - INFO - [AUDIT] - Action: 0, Confidence: 1.0000, Safety Mode: SAFE_HOLD, Override: Safe hold mode active
2025-05-28 04:04:12,998 - INFO - [AUDIT] - Action: 0, Confidence: 1.0000, Safety Mode: SAFE_HOLD, Override: Safe hold mode active
2025-05-28 04:04:12,998 - INFO - [AUDIT] - Action: 0, Confidence: 1.0000, Safety Mode: SAFE_HOLD, Override: Safe hold mode active
2025-05-28 04:04:12,998 - INFO - [AUDIT] - Action: 0, Confidence: 1.0000, Safety Mode: SAFE_HOLD, Override: Safe hold mode active
2025-05-28 04:04:12,999 - INFO - [AUDIT] - Action: 0, Confidence: 1.0000, Safety Mode: SAFE_HOLD, Override: Safe hold mode active
2025-05-28 04:04:12,999 - INFO - [AUDIT] - Action: 0, Confidence: 1.0000, Safety Mode: SAFE_HOLD, Override: Safe hold mode active
2025-05-28 04:04:12,999 - INFO - [AUDIT] - Action: 0, Confidence: 1.0000, Safety Mode: SAFE_HOLD, Override: Safe hold mode active
2025-05-28 04:04:12,999 - INFO - [AUDIT] - Action: 0, Confidence: 1.0000, Safety Mode: SAFE_HOLD, Override: Safe hold mode active
2025-05-28 04:04:12,999 - INFO - [AUDIT] - Action: 0, Confidence: 1.0000, Safety Mode: SAFE_HOLD, Override: Safe hold mode active
2025-05-28 04:04:13,000 - INFO - [AUDIT] - Action: 0, Confidence: 1.0000, Safety Mode: SAFE_HOLD, Override: Safe hold mode active
2025-05-28 04:04:13,000 - INFO - [AUDIT] - Action: 0, Confidence: 1.0000, Safety Mode: SAFE_HOLD, Override: Safe hold mode active
2025-05-28 04:04:13,000 - INFO - [AUDIT] - Action: 0, Confidence: 1.0000, Safety Mode: SAFE_HOLD, Override: Safe hold mode active
2025-05-28 04:04:13,000 - INFO - [AUDIT] - Action: 0, Confidence: 1.0000, Safety Mode: SAFE_HOLD, Override: Safe hold mode active
2025-05-28 04:04:13,000 - INFO - [AUDIT] - Action: 0, Confidence: 1.0000, Safety Mode: SAFE_HOLD, Override: Safe hold mode active
2025-05-28 04:04:13,000 - INFO - [AUDIT] - Action: 0, Confidence: 1.0000, Safety Mode: SAFE_HOLD, Override: Safe hold mode active
2025-05-28 04:04:13,001 - INFO - [AUDIT] - Action: 0, Confidence: 1.0000, Safety Mode: SAFE_HOLD, Override: Safe hold mode active
2025-05-28 04:04:13,001 - INFO - [AUDIT] - Action: 0, Confidence: 1.0000, Safety Mode: SAFE_HOLD, Override: Safe hold mode active
2025-05-28 04:04:13,001 - INFO - [AUDIT] - Action: 0, Confidence: 1.0000, Safety Mode: SAFE_HOLD, Override: Safe hold mode active
2025-05-28 04:04:13,001 - INFO - [AUDIT] - Action: 0, Confidence: 1.0000, Safety Mode: SAFE_HOLD, Override: Safe hold mode active
2025-05-28 04:04:13,001 - INFO - [AUDIT] - Action: 0, Confidence: 1.0000, Safety Mode: SAFE_HOLD, Override: Safe hold mode active
2025-05-28 04:04:13,002 - INFO - [AUDIT] - Action: 0, Confidence: 1.0000, Safety Mode: SAFE_HOLD, Override: Safe hold mode active
2025-05-28 04:04:13,002 - INFO - [AUDIT] - Action: 0, Confidence: 1.0000, Safety Mode: SAFE_HOLD, Override: Safe hold mode active
2025-05-28 04:04:13,002 - INFO - [AUDIT] - Action: 0, Confidence: 1.0000, Safety Mode: SAFE_HOLD, Override: Safe hold mode active
2025-05-28 04:04:13,002 - INFO - [AUDIT] - Action: 0, Confidence: 1.0000, Safety Mode: SAFE_HOLD, Override: Safe hold mode active
2025-05-28 04:04:13,002 - INFO - [AUDIT] - Action: 0, Confidence: 1.0000, Safety Mode: SAFE_HOLD, Override: Safe hold mode active
2025-05-28 04:04:13,003 - INFO - [AUDIT] - Action: 0, Confidence: 1.0000, Safety Mode: SAFE_HOLD, Override: Safe hold mode active
2025-05-28 04:04:13,003 - INFO - [AUDIT] - Action: 0, Confidence: 1.0000, Safety Mode: SAFE_HOLD, Override: Safe hold mode active
2025-05-28 04:04:13,003 - INFO - [AUDIT] - Action: 0, Confidence: 1.0000, Safety Mode: SAFE_HOLD, Override: Safe hold mode active
2025-05-28 04:04:13,003 - INFO - [AUDIT] - Action: 0, Confidence: 1.0000, Safety Mode: SAFE_HOLD, Override: Safe hold mode active
2025-05-28 04:04:13,003 - INFO - [AUDIT] - Action: 0, Confidence: 1.0000, Safety Mode: SAFE_HOLD, Override: Safe hold mode active
2025-05-28 04:04:13,004 - INFO - [AUDIT] - Action: 0, Confidence: 1.0000, Safety Mode: SAFE_HOLD, Override: Safe hold mode active
2025-05-28 04:04:13,004 - INFO - [AUDIT] - Action: 0, Confidence: 1.0000, Safety Mode: SAFE_HOLD, Override: Safe hold mode active
2025-05-28 04:04:13,004 - INFO - [AUDIT] - Action: 0, Confidence: 1.0000, Safety Mode: SAFE_HOLD, Override: Safe hold mode active
2025-05-28 04:04:13,004 - INFO - [AUDIT] - Action: 0, Confidence: 1.0000, Safety Mode: SAFE_HOLD, Override: Safe hold mode active
2025-05-28 04:04:13,004 - INFO - [AUDIT] - Action: 0, Confidence: 1.0000, Safety Mode: SAFE_HOLD, Override: Safe hold mode active
2025-05-28 04:04:13,005 - INFO - [AUDIT] - Action: 0, Confidence: 1.0000, Safety Mode: SAFE_HOLD, Override: Safe hold mode active
2025-05-28 04:04:13,005 - INFO - [AUDIT] - Action: 0, Confidence: 1.0000, Safety Mode: SAFE_HOLD, Override: Safe hold mode active
2025-05-28 04:04:13,005 - INFO - [AUDIT] - Action: 0, Confidence: 1.0000, Safety Mode: SAFE_HOLD, Override: Safe hold mode active
2025-05-28 04:04:13,005 - INFO - [AUDIT] - Action: 0, Confidence: 1.0000, Safety Mode: SAFE_HOLD, Override: Safe hold mode active
2025-05-28 04:04:13,006 - INFO - [AUDIT] - Action: 0, Confidence: 1.0000, Safety Mode: SAFE_HOLD, Override: Safe hold mode active
2025-05-28 04:04:13,006 - INFO - [AUDIT] - Action: 0, Confidence: 1.0000, Safety Mode: SAFE_HOLD, Override: Safe hold mode active
2025-05-28 04:04:13,006 - INFO - [AUDIT] - Action: 0, Confidence: 1.0000, Safety Mode: SAFE_HOLD, Override: Safe hold mode active
2025-05-28 04:04:13,006 - INFO - [AUDIT] - Action: 0, Confidence: 1.0000, Safety Mode: SAFE_HOLD, Override: Safe hold mode active
2025-05-28 04:04:13,006 - INFO - [AUDIT] - Action: 0, Confidence: 1.0000, Safety Mode: SAFE_HOLD, Override: Safe hold mode active
2025-05-28 04:04:13,006 - INFO - [AUDIT] - Action: 0, Confidence: 1.0000, Safety Mode: SAFE_HOLD, Override: Safe hold mode active
2025-05-28 04:04:13,007 - INFO - [AUDIT] - Action: 0, Confidence: 1.0000, Safety Mode: SAFE_HOLD, Override: Safe hold mode active
2025-05-28 04:04:13,007 - INFO - [AUDIT] - Action: 0, Confidence: 1.0000, Safety Mode: SAFE_HOLD, Override: Safe hold mode active
2025-05-28 04:04:13,007 - INFO - [AUDIT] - Action: 0, Confidence: 1.0000, Safety Mode: SAFE_HOLD, Override: Safe hold mode active
2025-05-28 04:04:13,008 - INFO - [AUDIT] - Action: 0, Confidence: 1.0000, Safety Mode: SAFE_HOLD, Override: Safe hold mode active
2025-05-28 04:04:13,008 - INFO - [AUDIT] - Action: 0, Confidence: 1.0000, Safety Mode: SAFE_HOLD, Override: Safe hold mode active
2025-05-28 04:04:13,008 - INFO - [AUDIT] - Action: 0, Confidence: 1.0000, Safety Mode: SAFE_HOLD, Override: Safe hold mode active
2025-05-28 04:04:13,008 - INFO - [AUDIT] - Action: 0, Confidence: 1.0000, Safety Mode: SAFE_HOLD, Override: Safe hold mode active
2025-05-28 04:04:13,008 - INFO - [AUDIT] - Action: 0, Confidence: 1.0000, Safety Mode: SAFE_HOLD, Override: Safe hold mode active
2025-05-28 04:04:13,009 - INFO - [AUDIT] - Action: 0, Confidence: 1.0000, Safety Mode: SAFE_HOLD, Override: Safe hold mode active
2025-05-28 04:04:13,009 - INFO - [AUDIT] - Action: 0, Confidence: 1.0000, Safety Mode: SAFE_HOLD, Override: Safe hold mode active
2025-05-28 04:04:13,009 - INFO - [AUDIT] - Action: 0, Confidence: 1.0000, Safety Mode: SAFE_HOLD, Override: Safe hold mode active
2025-05-28 04:04:13,009 - INFO - [AUDIT] - Action: 0, Confidence: 1.0000, Safety Mode: SAFE_HOLD, Override: Safe hold mode active
2025-05-28 04:04:13,009 - INFO - [AUDIT] - Action: 0, Confidence: 1.0000, Safety Mode: SAFE_HOLD, Override: Safe hold mode active
2025-05-28 04:04:13,010 - INFO - [AUDIT] - Action: 0, Confidence: 1.0000, Safety Mode: SAFE_HOLD, Override: Safe hold mode active
2025-05-28 04:04:13,010 - INFO - [AUDIT] - Action: 0, Confidence: 1.0000, Safety Mode: SAFE_HOLD, Override: Safe hold mode active
2025-05-28 04:04:13,010 - INFO - [AUDIT] - Action: 0, Confidence: 1.0000, Safety Mode: SAFE_HOLD, Override: Safe hold mode active
2025-05-28 04:04:13,010 - INFO - [AUDIT] - Action: 0, Confidence: 1.0000, Safety Mode: SAFE_HOLD, Override: Safe hold mode active
2025-05-28 04:04:13,010 - INFO - [AUDIT] - Action: 0, Confidence: 1.0000, Safety Mode: SAFE_HOLD, Override: Safe hold mode active
2025-05-28 04:04:13,011 - INFO - [AUDIT] - Action: 0, Confidence: 1.0000, Safety Mode: SAFE_HOLD, Override: Safe hold mode active
2025-05-28 04:04:13,011 - INFO - [AUDIT] - Action: 0, Confidence: 1.0000, Safety Mode: SAFE_HOLD, Override: Safe hold mode active
2025-05-28 04:04:13,011 - INFO - [AUDIT] - Action: 0, Confidence: 1.0000, Safety Mode: SAFE_HOLD, Override: Safe hold mode active
2025-05-28 04:04:13,011 - INFO - [AUDIT] - Action: 0, Confidence: 1.0000, Safety Mode: SAFE_HOLD, Override: Safe hold mode active
2025-05-28 04:04:13,011 - INFO - [AUDIT] - Action: 0, Confidence: 1.0000, Safety Mode: SAFE_HOLD, Override: Safe hold mode active
2025-05-28 04:04:13,011 - INFO - [AUDIT] - Action: 0, Confidence: 1.0000, Safety Mode: SAFE_HOLD, Override: Safe hold mode active
2025-05-28 04:04:13,012 - INFO - [AUDIT] - Action: 0, Confidence: 1.0000, Safety Mode: SAFE_HOLD, Override: Safe hold mode active
2025-05-28 04:04:13,012 - INFO - [AUDIT] - Action: 0, Confidence: 1.0000, Safety Mode: SAFE_HOLD, Override: Safe hold mode active
2025-05-28 04:04:13,012 - INFO - [AUDIT] - Action: 0, Confidence: 1.0000, Safety Mode: SAFE_HOLD, Override: Safe hold mode active
2025-05-28 04:04:13,012 - INFO - [AUDIT] - Action: 0, Confidence: 1.0000, Safety Mode: SAFE_HOLD, Override: Safe hold mode active
2025-05-28 04:04:13,013 - INFO - [AUDIT] - Action: 0, Confidence: 1.0000, Safety Mode: SAFE_HOLD, Override: Safe hold mode active
2025-05-28 04:04:13,013 - INFO - [AUDIT] - Action: 0, Confidence: 1.0000, Safety Mode: SAFE_HOLD, Override: Safe hold mode active
2025-05-28 04:04:13,013 - INFO - [AUDIT] - Action: 0, Confidence: 1.0000, Safety Mode: SAFE_HOLD, Override: Safe hold mode active
2025-05-28 04:04:13,013 - INFO - [AUDIT] - Action: 0, Confidence: 1.0000, Safety Mode: SAFE_HOLD, Override: Safe hold mode active
2025-05-28 04:04:13,013 - INFO - [AUDIT] - Action: 0, Confidence: 1.0000, Safety Mode: SAFE_HOLD, Override: Safe hold mode active
2025-05-28 04:04:13,014 - INFO - [AUDIT] - Action: 0, Confidence: 1.0000, Safety Mode: SAFE_HOLD, Override: Safe hold mode active
2025-05-28 04:04:13,014 - INFO - [AUDIT] - Action: 0, Confidence: 1.0000, Safety Mode: SAFE_HOLD, Override: Safe hold mode active
2025-05-28 04:04:13,014 - INFO - [AUDIT] - Action: 0, Confidence: 1.0000, Safety Mode: SAFE_HOLD, Override: Safe hold mode active
2025-05-28 04:04:13,014 - INFO - [AUDIT] - Action: 0, Confidence: 1.0000, Safety Mode: SAFE_HOLD, Override: Safe hold mode active
2025-05-28 04:04:13,014 - INFO - [AUDIT] - Action: 0, Confidence: 1.0000, Safety Mode: SAFE_HOLD, Override: Safe hold mode active
2025-05-28 04:04:13,015 - INFO - [AUDIT] - Action: 0, Confidence: 1.0000, Safety Mode: SAFE_HOLD, Override: Safe hold mode active
2025-05-28 04:04:13,015 - INFO - [AUDIT] - Action: 0, Confidence: 1.0000, Safety Mode: SAFE_HOLD, Override: Safe hold mode active
2025-05-28 04:04:13,015 - INFO - [AUDIT] - Action: 0, Confidence: 1.0000, Safety Mode: SAFE_HOLD, Override: Safe hold mode active
2025-05-28 04:04:13,015 - INFO - [AUDIT] - Action: 0, Confidence: 1.0000, Safety Mode: SAFE_HOLD, Override: Safe hold mode active
2025-05-28 04:04:13,015 - INFO - [AUDIT] - Action: 0, Confidence: 1.0000, Safety Mode: SAFE_HOLD, Override: Safe hold mode active
2025-05-28 04:04:13,016 - INFO - [AUDIT] - Action: 0, Confidence: 1.0000, Safety Mode: SAFE_HOLD, Override: Safe hold mode active
2025-05-28 04:04:13,016 - INFO - [AUDIT] - Action: 0, Confidence: 1.0000, Safety Mode: SAFE_HOLD, Override: Safe hold mode active
2025-05-28 04:04:13,016 - INFO - [AUDIT] - Action: 0, Confidence: 1.0000, Safety Mode: SAFE_HOLD, Override: Safe hold mode active
2025-05-28 04:04:13,016 - INFO - [AUDIT] - Action: 0, Confidence: 1.0000, Safety Mode: SAFE_HOLD, Override: Safe hold mode active
2025-05-28 04:04:13,016 - INFO - [AUDIT] - Action: 0, Confidence: 1.0000, Safety Mode: SAFE_HOLD, Override: Safe hold mode active
2025-05-28 04:04:13,016 - INFO - [AUDIT] - Action: 0, Confidence: 1.0000, Safety Mode: SAFE_HOLD, Override: Safe hold mode active
2025-05-28 04:04:13,017 - INFO - [AUDIT] - Action: 0, Confidence: 1.0000, Safety Mode: SAFE_HOLD, Override: Safe hold mode active
2025-05-28 04:04:13,017 - INFO - [AUDIT] - Action: 0, Confidence: 1.0000, Safety Mode: SAFE_HOLD, Override: Safe hold mode active
2025-05-28 04:04:13,017 - INFO - [AUDIT] - Action: 0, Confidence: 1.0000, Safety Mode: SAFE_HOLD, Override: Safe hold mode active
2025-05-28 04:04:13,017 - INFO - [AUDIT] - Action: 0, Confidence: 1.0000, Safety Mode: SAFE_HOLD, Override: Safe hold mode active
2025-05-28 04:04:13,017 - INFO - [AUDIT] - Action: 0, Confidence: 1.0000, Safety Mode: SAFE_HOLD, Override: Safe hold mode active
2025-05-28 04:04:13,018 - INFO - [AUDIT] - Action: 0, Confidence: 1.0000, Safety Mode: SAFE_HOLD, Override: Safe hold mode active
2025-05-28 04:04:13,018 - INFO - [AUDIT] - Action: 0, Confidence: 1.0000, Safety Mode: SAFE_HOLD, Override: Safe hold mode active
2025-05-28 04:04:13,018 - INFO - [AUDIT] - Action: 0, Confidence: 1.0000, Safety Mode: SAFE_HOLD, Override: Safe hold mode active
2025-05-28 04:04:13,018 - INFO - [AUDIT] - Action: 0, Confidence: 1.0000, Safety Mode: SAFE_HOLD, Override: Safe hold mode active
2025-05-28 04:04:13,018 - INFO - [AUDIT] - Action: 0, Confidence: 1.0000, Safety Mode: SAFE_HOLD, Override: Safe hold mode active
2025-05-28 04:04:13,019 - INFO - [AUDIT] - Action: 0, Confidence: 1.0000, Safety Mode: SAFE_HOLD, Override: Safe hold mode active
2025-05-28 04:04:13,019 - INFO - [AUDIT] - Action: 0, Confidence: 1.0000, Safety Mode: SAFE_HOLD, Override: Safe hold mode active
2025-05-28 04:04:13,019 - INFO - [AUDIT] - Action: 0, Confidence: 1.0000, Safety Mode: SAFE_HOLD, Override: Safe hold mode active
2025-05-28 04:04:13,020 - INFO - [AUDIT] - Action: 0, Confidence: 1.0000, Safety Mode: SAFE_HOLD, Override: Safe hold mode active
2025-05-28 04:04:13,020 - INFO - [AUDIT] - Action: 0, Confidence: 1.0000, Safety Mode: SAFE_HOLD, Override: Safe hold mode active
2025-05-28 04:04:13,020 - INFO - [AUDIT] - Action: 0, Confidence: 1.0000, Safety Mode: SAFE_HOLD, Override: Safe hold mode active
2025-05-28 04:04:13,020 - INFO - [AUDIT] - Action: 0, Confidence: 1.0000, Safety Mode: SAFE_HOLD, Override: Safe hold mode active
2025-05-28 04:04:13,020 - INFO - [AUDIT] - Action: 0, Confidence: 1.0000, Safety Mode: SAFE_HOLD, Override: Safe hold mode active
2025-05-28 04:04:13,021 - INFO - [AUDIT] - Action: 0, Confidence: 1.0000, Safety Mode: SAFE_HOLD, Override: Safe hold mode active
2025-05-28 04:04:13,021 - INFO - [AUDIT] - Action: 0, Confidence: 1.0000, Safety Mode: SAFE_HOLD, Override: Safe hold mode active
2025-05-28 04:04:13,021 - INFO - [AUDIT] - Action: 0, Confidence: 1.0000, Safety Mode: SAFE_HOLD, Override: Safe hold mode active
2025-05-28 04:04:13,021 - INFO - [AUDIT] - Action: 0, Confidence: 1.0000, Safety Mode: SAFE_HOLD, Override: Safe hold mode active
2025-05-28 04:04:13,021 - INFO - [AUDIT] - Action: 0, Confidence: 1.0000, Safety Mode: SAFE_HOLD, Override: Safe hold mode active
2025-05-28 04:04:13,022 - INFO - [AUDIT] - Action: 0, Confidence: 1.0000, Safety Mode: SAFE_HOLD, Override: Safe hold mode active
2025-05-28 04:04:13,022 - INFO - [AUDIT] - Action: 0, Confidence: 1.0000, Safety Mode: SAFE_HOLD, Override: Safe hold mode active
2025-05-28 04:04:13,022 - INFO - [AUDIT] - Action: 0, Confidence: 1.0000, Safety Mode: SAFE_HOLD, Override: Safe hold mode active
2025-05-28 04:04:13,022 - INFO - [AUDIT] - Action: 0, Confidence: 1.0000, Safety Mode: SAFE_HOLD, Override: Safe hold mode active
2025-05-28 04:04:13,022 - INFO - [AUDIT] - Action: 0, Confidence: 1.0000, Safety Mode: SAFE_HOLD, Override: Safe hold mode active
2025-05-28 04:04:13,023 - INFO - [AUDIT] - Action: 0, Confidence: 1.0000, Safety Mode: SAFE_HOLD, Override: Safe hold mode active
2025-05-28 04:04:13,023 - INFO - [AUDIT] - Action: 0, Confidence: 1.0000, Safety Mode: SAFE_HOLD, Override: Safe hold mode active
2025-05-28 04:04:13,023 - INFO - [AUDIT] - Action: 0, Confidence: 1.0000, Safety Mode: SAFE_HOLD, Override: Safe hold mode active
2025-05-28 04:04:13,023 - INFO - [AUDIT] - Action: 0, Confidence: 1.0000, Safety Mode: SAFE_HOLD, Override: Safe hold mode active
2025-05-28 04:04:13,023 - INFO - [AUDIT] - Action: 0, Confidence: 1.0000, Safety Mode: SAFE_HOLD, Override: Safe hold mode active
2025-05-28 04:04:13,024 - INFO - [AUDIT] - Action: 0, Confidence: 1.0000, Safety Mode: SAFE_HOLD, Override: Safe hold mode active
2025-05-28 04:04:13,024 - INFO - [AUDIT] - Action: 0, Confidence: 1.0000, Safety Mode: SAFE_HOLD, Override: Safe hold mode active
2025-05-28 04:04:13,024 - INFO - [AUDIT] - Action: 0, Confidence: 1.0000, Safety Mode: SAFE_HOLD, Override: Safe hold mode active
2025-05-28 04:04:13,024 - INFO - [AUDIT] - Action: 0, Confidence: 1.0000, Safety Mode: SAFE_HOLD, Override: Safe hold mode active
2025-05-28 04:04:13,024 - INFO - [AUDIT] - Action: 0, Confidence: 1.0000, Safety Mode: SAFE_HOLD, Override: Safe hold mode active
2025-05-28 04:04:13,024 - INFO - [AUDIT] - Action: 0, Confidence: 1.0000, Safety Mode: SAFE_HOLD, Override: Safe hold mode active
2025-05-28 04:04:13,025 - INFO - [AUDIT] - Action: 0, Confidence: 1.0000, Safety Mode: SAFE_HOLD, Override: Safe hold mode active
2025-05-28 04:04:13,025 - INFO - [AUDIT] - Action: 0, Confidence: 1.0000, Safety Mode: SAFE_HOLD, Override: Safe hold mode active
2025-05-28 04:04:13,025 - INFO - [AUDIT] - Action: 0, Confidence: 1.0000, Safety Mode: SAFE_HOLD, Override: Safe hold mode active
2025-05-28 04:04:13,025 - INFO - [AUDIT] - Action: 0, Confidence: 1.0000, Safety Mode: SAFE_HOLD, Override: Safe hold mode active
2025-05-28 04:04:13,025 - INFO - [AUDIT] - Action: 0, Confidence: 1.0000, Safety Mode: SAFE_HOLD, Override: Safe hold mode active
2025-05-28 04:04:13,026 - INFO - [AUDIT] - Action: 0, Confidence: 1.0000, Safety Mode: SAFE_HOLD, Override: Safe hold mode active
2025-05-28 04:04:13,026 - INFO - [AUDIT] - Action: 0, Confidence: 1.0000, Safety Mode: SAFE_HOLD, Override: Safe hold mode active
2025-05-28 04:04:13,026 - INFO - [AUDIT] - Action: 0, Confidence: 1.0000, Safety Mode: SAFE_HOLD, Override: Safe hold mode active
2025-05-28 04:04:13,026 - INFO - [AUDIT] - Action: 0, Confidence: 1.0000, Safety Mode: SAFE_HOLD, Override: Safe hold mode active
2025-05-28 04:04:13,026 - INFO - [AUDIT] - Action: 0, Confidence: 1.0000, Safety Mode: SAFE_HOLD, Override: Safe hold mode active
2025-05-28 04:04:13,027 - INFO - [AUDIT] - Action: 0, Confidence: 1.0000, Safety Mode: SAFE_HOLD, Override: Safe hold mode active
2025-05-28 04:04:13,027 - INFO - [AUDIT] - Action: 0, Confidence: 1.0000, Safety Mode: SAFE_HOLD, Override: Safe hold mode active
2025-05-28 04:04:13,027 - INFO - [AUDIT] - Action: 0, Confidence: 1.0000, Safety Mode: SAFE_HOLD, Override: Safe hold mode active
2025-05-28 04:04:13,027 - INFO - [AUDIT] - Action: 0, Confidence: 1.0000, Safety Mode: SAFE_HOLD, Override: Safe hold mode active
2025-05-28 04:04:13,027 - INFO - [AUDIT] - Action: 0, Confidence: 1.0000, Safety Mode: SAFE_HOLD, Override: Safe hold mode active
2025-05-28 04:04:13,028 - INFO - [AUDIT] - Action: 0, Confidence: 1.0000, Safety Mode: SAFE_HOLD, Override: Safe hold mode active
2025-05-28 04:04:13,028 - INFO - [AUDIT] - Action: 0, Confidence: 1.0000, Safety Mode: SAFE_HOLD, Override: Safe hold mode active
2025-05-28 04:04:13,028 - INFO - [AUDIT] - Action: 0, Confidence: 1.0000, Safety Mode: SAFE_HOLD, Override: Safe hold mode active
2025-05-28 04:04:13,028 - INFO - [AUDIT] - Action: 0, Confidence: 1.0000, Safety Mode: SAFE_HOLD, Override: Safe hold mode active
2025-05-28 04:04:13,028 - INFO - [AUDIT] - Action: 0, Confidence: 1.0000, Safety Mode: SAFE_HOLD, Override: Safe hold mode active
2025-05-28 04:04:13,029 - INFO - [AUDIT] - Action: 0, Confidence: 1.0000, Safety Mode: SAFE_HOLD, Override: Safe hold mode active
2025-05-28 04:04:13,029 - INFO - [AUDIT] - Action: 0, Confidence: 1.0000, Safety Mode: SAFE_HOLD, Override: Safe hold mode active
2025-05-28 04:04:13,029 - INFO - [AUDIT] - Action: 0, Confidence: 1.0000, Safety Mode: SAFE_HOLD, Override: Safe hold mode active
2025-05-28 04:04:13,029 - INFO - [AUDIT] - Action: 0, Confidence: 1.0000, Safety Mode: SAFE_HOLD, Override: Safe hold mode active
2025-05-28 04:04:13,029 - INFO - [AUDIT] - Action: 0, Confidence: 1.0000, Safety Mode: SAFE_HOLD, Override: Safe hold mode active
2025-05-28 04:04:13,030 - INFO - [AUDIT] - Action: 0, Confidence: 1.0000, Safety Mode: SAFE_HOLD, Override: Safe hold mode active
2025-05-28 04:04:13,030 - INFO - [AUDIT] - Action: 0, Confidence: 1.0000, Safety Mode: SAFE_HOLD, Override: Safe hold mode active
2025-05-28 04:04:13,030 - INFO - [AUDIT] - Action: 0, Confidence: 1.0000, Safety Mode: SAFE_HOLD, Override: Safe hold mode active
2025-05-28 04:04:13,030 - INFO - [AUDIT] - Action: 0, Confidence: 1.0000, Safety Mode: SAFE_HOLD, Override: Safe hold mode active
2025-05-28 04:04:13,030 - INFO - [AUDIT] - Action: 0, Confidence: 1.0000, Safety Mode: SAFE_HOLD, Override: Safe hold mode active
2025-05-28 04:04:13,030 - INFO - [AUDIT] - Action: 0, Confidence: 1.0000, Safety Mode: SAFE_HOLD, Override: Safe hold mode active
2025-05-28 04:04:13,031 - INFO - [AUDIT] - Action: 0, Confidence: 1.0000, Safety Mode: SAFE_HOLD, Override: Safe hold mode active
2025-05-28 04:04:13,031 - INFO - [AUDIT] - Action: 0, Confidence: 1.0000, Safety Mode: SAFE_HOLD, Override: Safe hold mode active
2025-05-28 04:04:13,031 - INFO - [AUDIT] - Action: 0, Confidence: 1.0000, Safety Mode: SAFE_HOLD, Override: Safe hold mode active
2025-05-28 04:04:13,031 - INFO - [AUDIT] - Action: 0, Confidence: 1.0000, Safety Mode: SAFE_HOLD, Override: Safe hold mode active
2025-05-28 04:04:13,031 - INFO - [AUDIT] - Action: 0, Confidence: 1.0000, Safety Mode: SAFE_HOLD, Override: Safe hold mode active
2025-05-28 04:04:13,032 - INFO - [AUDIT] - Action: 0, Confidence: 1.0000, Safety Mode: SAFE_HOLD, Override: Safe hold mode active
2025-05-28 04:04:13,032 - INFO - [AUDIT] - Action: 0, Confidence: 1.0000, Safety Mode: SAFE_HOLD, Override: Safe hold mode active
2025-05-28 04:04:13,032 - INFO - [AUDIT] - Action: 0, Confidence: 1.0000, Safety Mode: SAFE_HOLD, Override: Safe hold mode active
2025-05-28 04:04:13,032 - INFO - [AUDIT] - Action: 0, Confidence: 1.0000, Safety Mode: SAFE_HOLD, Override: Safe hold mode active
2025-05-28 04:04:13,032 - INFO - [AUDIT] - Action: 0, Confidence: 1.0000, Safety Mode: SAFE_HOLD, Override: Safe hold mode active
2025-05-28 04:04:13,033 - INFO - [AUDIT] - Action: 0, Confidence: 1.0000, Safety Mode: SAFE_HOLD, Override: Safe hold mode active
2025-05-28 04:04:13,033 - INFO - [AUDIT] - Action: 0, Confidence: 1.0000, Safety Mode: SAFE_HOLD, Override: Safe hold mode active
2025-05-28 04:04:13,033 - INFO - [AUDIT] - Action: 0, Confidence: 1.0000, Safety Mode: SAFE_HOLD, Override: Safe hold mode active
2025-05-28 04:04:13,033 - INFO - [AUDIT] - Action: 0, Confidence: 1.0000, Safety Mode: SAFE_HOLD, Override: Safe hold mode active
2025-05-28 04:04:13,033 - INFO - [AUDIT] - Action: 0, Confidence: 1.0000, Safety Mode: SAFE_HOLD, Override: Safe hold mode active
2025-05-28 04:04:13,034 - INFO - [AUDIT] - Action: 0, Confidence: 1.0000, Safety Mode: SAFE_HOLD, Override: Safe hold mode active
2025-05-28 04:04:13,034 - INFO - [AUDIT] - Action: 0, Confidence: 1.0000, Safety Mode: SAFE_HOLD, Override: Safe hold mode active
2025-05-28 04:04:13,034 - INFO - [AUDIT] - Action: 0, Confidence: 1.0000, Safety Mode: SAFE_HOLD, Override: Safe hold mode active
2025-05-28 04:04:13,034 - INFO - [AUDIT] - Action: 0, Confidence: 1.0000, Safety Mode: SAFE_HOLD, Override: Safe hold mode active
2025-05-28 04:04:13,034 - INFO - [AUDIT] - Action: 0, Confidence: 1.0000, Safety Mode: SAFE_HOLD, Override: Safe hold mode active
2025-05-28 04:04:13,035 - INFO - [AUDIT] - Action: 0, Confidence: 1.0000, Safety Mode: SAFE_HOLD, Override: Safe hold mode active
2025-05-28 04:04:13,035 - INFO - [AUDIT] - Action: 0, Confidence: 1.0000, Safety Mode: SAFE_HOLD, Override: Safe hold mode active
2025-05-28 04:04:13,035 - INFO - [AUDIT] - Action: 0, Confidence: 1.0000, Safety Mode: SAFE_HOLD, Override: Safe hold mode active
2025-05-28 04:04:13,035 - INFO - [AUDIT] - Action: 0, Confidence: 1.0000, Safety Mode: SAFE_HOLD, Override: Safe hold mode active
2025-05-28 04:04:13,035 - INFO - [AUDIT] - Action: 0, Confidence: 1.0000, Safety Mode: SAFE_HOLD, Override: Safe hold mode active
2025-05-28 04:04:13,035 - INFO - [AUDIT] - Action: 0, Confidence: 1.0000, Safety Mode: SAFE_HOLD, Override: Safe hold mode active
2025-05-28 04:04:13,036 - INFO - [AUDIT] - Action: 0, Confidence: 1.0000, Safety Mode: SAFE_HOLD, Override: Safe hold mode active
2025-05-28 04:04:13,036 - INFO - [AUDIT] - Action: 0, Confidence: 1.0000, Safety Mode: SAFE_HOLD, Override: Safe hold mode active
2025-05-28 04:04:13,036 - INFO - [AUDIT] - Action: 0, Confidence: 1.0000, Safety Mode: SAFE_HOLD, Override: Safe hold mode active
2025-05-28 04:04:13,036 - INFO - [AUDIT] - Action: 0, Confidence: 1.0000, Safety Mode: SAFE_HOLD, Override: Safe hold mode active
2025-05-28 04:04:13,037 - INFO - [AUDIT] - Action: 0, Confidence: 1.0000, Safety Mode: SAFE_HOLD, Override: Safe hold mode active
2025-05-28 04:04:13,037 - INFO - [AUDIT] - Action: 0, Confidence: 1.0000, Safety Mode: SAFE_HOLD, Override: Safe hold mode active
2025-05-28 04:04:13,037 - INFO - [AUDIT] - Action: 0, Confidence: 1.0000, Safety Mode: SAFE_HOLD, Override: Safe hold mode active
2025-05-28 04:04:13,037 - INFO - [AUDIT] - Action: 0, Confidence: 1.0000, Safety Mode: SAFE_HOLD, Override: Safe hold mode active
2025-05-28 04:04:13,037 - INFO - [AUDIT] - Action: 0, Confidence: 1.0000, Safety Mode: SAFE_HOLD, Override: Safe hold mode active
2025-05-28 04:04:13,038 - INFO - [AUDIT] - Action: 0, Confidence: 1.0000, Safety Mode: SAFE_HOLD, Override: Safe hold mode active
2025-05-28 04:04:13,038 - INFO - [AUDIT] - Action: 0, Confidence: 1.0000, Safety Mode: SAFE_HOLD, Override: Safe hold mode active
2025-05-28 04:04:13,038 - INFO - [AUDIT] - Action: 0, Confidence: 1.0000, Safety Mode: SAFE_HOLD, Override: Safe hold mode active
2025-05-28 04:04:13,038 - INFO - [AUDIT] - Action: 0, Confidence: 1.0000, Safety Mode: SAFE_HOLD, Override: Safe hold mode active
2025-05-28 04:04:13,038 - INFO - [AUDIT] - Action: 0, Confidence: 1.0000, Safety Mode: SAFE_HOLD, Override: Safe hold mode active
2025-05-28 04:04:13,039 - INFO - [AUDIT] - Action: 0, Confidence: 1.0000, Safety Mode: SAFE_HOLD, Override: Safe hold mode active
2025-05-28 04:04:13,039 - INFO - [AUDIT] - Action: 0, Confidence: 1.0000, Safety Mode: SAFE_HOLD, Override: Safe hold mode active
2025-05-28 04:04:13,039 - INFO - [AUDIT] - Action: 0, Confidence: 1.0000, Safety Mode: SAFE_HOLD, Override: Safe hold mode active
2025-05-28 04:04:13,039 - INFO - [AUDIT] - Action: 0, Confidence: 1.0000, Safety Mode: SAFE_HOLD, Override: Safe hold mode active
2025-05-28 04:04:13,039 - INFO - [AUDIT] - Action: 0, Confidence: 1.0000, Safety Mode: SAFE_HOLD, Override: Safe hold mode active
2025-05-28 04:04:13,040 - INFO - [AUDIT] - Action: 0, Confidence: 1.0000, Safety Mode: SAFE_HOLD, Override: Safe hold mode active
2025-05-28 04:04:13,040 - INFO - [AUDIT] - Action: 0, Confidence: 1.0000, Safety Mode: SAFE_HOLD, Override: Safe hold mode active
2025-05-28 04:04:13,040 - INFO - [AUDIT] - Action: 0, Confidence: 1.0000, Safety Mode: SAFE_HOLD, Override: Safe hold mode active
2025-05-28 04:04:13,040 - INFO - [AUDIT] - Action: 0, Confidence: 1.0000, Safety Mode: SAFE_HOLD, Override: Safe hold mode active
2025-05-28 04:04:13,040 - INFO - [AUDIT] - Action: 0, Confidence: 1.0000, Safety Mode: SAFE_HOLD, Override: Safe hold mode active
2025-05-28 04:04:13,040 - INFO - [AUDIT] - Action: 0, Confidence: 1.0000, Safety Mode: SAFE_HOLD, Override: Safe hold mode active
2025-05-28 04:04:13,041 - INFO - [AUDIT] - Action: 0, Confidence: 1.0000, Safety Mode: SAFE_HOLD, Override: Safe hold mode active
2025-05-28 04:04:13,041 - INFO - [AUDIT] - Action: 0, Confidence: 1.0000, Safety Mode: SAFE_HOLD, Override: Safe hold mode active
2025-05-28 04:04:13,041 - INFO - [AUDIT] - Action: 0, Confidence: 1.0000, Safety Mode: SAFE_HOLD, Override: Safe hold mode active
2025-05-28 04:04:13,041 - INFO - [AUDIT] - Action: 0, Confidence: 1.0000, Safety Mode: SAFE_HOLD, Override: Safe hold mode active
2025-05-28 04:04:13,041 - INFO - [AUDIT] - Action: 0, Confidence: 1.0000, Safety Mode: SAFE_HOLD, Override: Safe hold mode active
2025-05-28 04:04:13,042 - INFO - [AUDIT] - Action: 0, Confidence: 1.0000, Safety Mode: SAFE_HOLD, Override: Safe hold mode active
2025-05-28 04:04:13,042 - INFO - [AUDIT] - Action: 0, Confidence: 1.0000, Safety Mode: SAFE_HOLD, Override: Safe hold mode active
2025-05-28 04:04:13,042 - INFO - [AUDIT] - Action: 0, Confidence: 1.0000, Safety Mode: SAFE_HOLD, Override: Safe hold mode active
2025-05-28 04:04:13,042 - INFO - [AUDIT] - Action: 0, Confidence: 1.0000, Safety Mode: SAFE_HOLD, Override: Safe hold mode active
2025-05-28 04:04:13,042 - INFO - [AUDIT] - Action: 0, Confidence: 1.0000, Safety Mode: SAFE_HOLD, Override: Safe hold mode active
2025-05-28 04:04:13,043 - INFO - [AUDIT] - Action: 0, Confidence: 1.0000, Safety Mode: SAFE_HOLD, Override: Safe hold mode active
2025-05-28 04:04:13,043 - INFO - [AUDIT] - Action: 0, Confidence: 1.0000, Safety Mode: SAFE_HOLD, Override: Safe hold mode active
2025-05-28 04:04:13,043 - INFO - [AUDIT] - Action: 0, Confidence: 1.0000, Safety Mode: SAFE_HOLD, Override: Safe hold mode active
2025-05-28 04:04:13,043 - INFO - [AUDIT] - Action: 0, Confidence: 1.0000, Safety Mode: SAFE_HOLD, Override: Safe hold mode active
2025-05-28 04:04:13,043 - INFO - [AUDIT] - Action: 0, Confidence: 1.0000, Safety Mode: SAFE_HOLD, Override: Safe hold mode active
2025-05-28 04:04:13,044 - INFO - [AUDIT] - Action: 0, Confidence: 1.0000, Safety Mode: SAFE_HOLD, Override: Safe hold mode active
2025-05-28 04:04:13,044 - INFO - [AUDIT] - Action: 0, Confidence: 1.0000, Safety Mode: SAFE_HOLD, Override: Safe hold mode active
2025-05-28 04:04:13,044 - INFO - [AUDIT] - Action: 0, Confidence: 1.0000, Safety Mode: SAFE_HOLD, Override: Safe hold mode active
2025-05-28 04:04:13,044 - INFO - [AUDIT] - Action: 0, Confidence: 1.0000, Safety Mode: SAFE_HOLD, Override: Safe hold mode active
2025-05-28 04:04:13,044 - INFO - [AUDIT] - Action: 0, Confidence: 1.0000, Safety Mode: SAFE_HOLD, Override: Safe hold mode active
2025-05-28 04:04:13,044 - INFO - [AUDIT] - Action: 0, Confidence: 1.0000, Safety Mode: SAFE_HOLD, Override: Safe hold mode active
2025-05-28 04:04:13,045 - INFO - [AUDIT] - Action: 0, Confidence: 1.0000, Safety Mode: SAFE_HOLD, Override: Safe hold mode active
2025-05-28 04:04:13,045 - INFO - [AUDIT] - Action: 0, Confidence: 1.0000, Safety Mode: SAFE_HOLD, Override: Safe hold mode active
2025-05-28 04:04:13,045 - INFO - [AUDIT] - Action: 0, Confidence: 1.0000, Safety Mode: SAFE_HOLD, Override: Safe hold mode active
2025-05-28 04:04:13,045 - INFO - [AUDIT] - Action: 0, Confidence: 1.0000, Safety Mode: SAFE_HOLD, Override: Safe hold mode active
2025-05-28 04:04:13,045 - INFO - [AUDIT] - Action: 0, Confidence: 1.0000, Safety Mode: SAFE_HOLD, Override: Safe hold mode active
2025-05-28 04:04:13,046 - INFO - [AUDIT] - Action: 0, Confidence: 1.0000, Safety Mode: SAFE_HOLD, Override: Safe hold mode active
2025-05-28 04:04:13,046 - INFO - [AUDIT] - Action: 0, Confidence: 1.0000, Safety Mode: SAFE_HOLD, Override: Safe hold mode active
2025-05-28 04:04:13,046 - INFO - [AUDIT] - Action: 0, Confidence: 1.0000, Safety Mode: SAFE_HOLD, Override: Safe hold mode active
2025-05-28 04:04:13,046 - INFO - [AUDIT] - Action: 0, Confidence: 1.0000, Safety Mode: SAFE_HOLD, Override: Safe hold mode active
2025-05-28 04:04:13,046 - INFO - [AUDIT] - Action: 0, Confidence: 1.0000, Safety Mode: SAFE_HOLD, Override: Safe hold mode active
2025-05-28 04:04:13,047 - INFO - [AUDIT] - Action: 0, Confidence: 1.0000, Safety Mode: SAFE_HOLD, Override: Safe hold mode active
2025-05-28 04:04:13,047 - INFO - [AUDIT] - Action: 0, Confidence: 1.0000, Safety Mode: SAFE_HOLD, Override: Safe hold mode active
2025-05-28 04:04:13,047 - INFO - [AUDIT] - Action: 0, Confidence: 1.0000, Safety Mode: SAFE_HOLD, Override: Safe hold mode active
2025-05-28 04:04:13,047 - INFO - [AUDIT] - Action: 0, Confidence: 1.0000, Safety Mode: SAFE_HOLD, Override: Safe hold mode active
2025-05-28 04:04:13,047 - INFO - [AUDIT] - Action: 0, Confidence: 1.0000, Safety Mode: SAFE_HOLD, Override: Safe hold mode active
2025-05-28 04:04:13,047 - INFO - [AUDIT] - Action: 0, Confidence: 1.0000, Safety Mode: SAFE_HOLD, Override: Safe hold mode active
2025-05-28 04:04:13,048 - INFO - [AUDIT] - Action: 0, Confidence: 1.0000, Safety Mode: SAFE_HOLD, Override: Safe hold mode active
2025-05-28 04:04:13,048 - INFO - [AUDIT] - Action: 0, Confidence: 1.0000, Safety Mode: SAFE_HOLD, Override: Safe hold mode active
2025-05-28 04:04:13,048 - INFO - [AUDIT] - Action: 0, Confidence: 1.0000, Safety Mode: SAFE_HOLD, Override: Safe hold mode active
2025-05-28 04:04:13,048 - INFO - [AUDIT] - Action: 0, Confidence: 1.0000, Safety Mode: SAFE_HOLD, Override: Safe hold mode active
2025-05-28 04:04:13,049 - INFO - [AUDIT] - Action: 0, Confidence: 1.0000, Safety Mode: SAFE_HOLD, Override: Safe hold mode active
2025-05-28 04:04:13,049 - INFO - [AUDIT] - Action: 0, Confidence: 1.0000, Safety Mode: SAFE_HOLD, Override: Safe hold mode active
2025-05-28 04:04:13,049 - INFO - [AUDIT] - Action: 0, Confidence: 1.0000, Safety Mode: SAFE_HOLD, Override: Safe hold mode active
2025-05-28 04:04:13,049 - INFO - [AUDIT] - Action: 0, Confidence: 1.0000, Safety Mode: SAFE_HOLD, Override: Safe hold mode active
2025-05-28 04:04:13,049 - INFO - [AUDIT] - Action: 0, Confidence: 1.0000, Safety Mode: SAFE_HOLD, Override: Safe hold mode active
2025-05-28 04:04:13,049 - INFO - [AUDIT] - Action: 0, Confidence: 1.0000, Safety Mode: SAFE_HOLD, Override: Safe hold mode active
2025-05-28 04:04:13,050 - INFO - [AUDIT] - Action: 0, Confidence: 1.0000, Safety Mode: SAFE_HOLD, Override: Safe hold mode active
2025-05-28 04:04:13,050 - INFO - [AUDIT] - Action: 0, Confidence: 1.0000, Safety Mode: SAFE_HOLD, Override: Safe hold mode active
2025-05-28 04:04:13,050 - INFO - [AUDIT] - Action: 0, Confidence: 1.0000, Safety Mode: SAFE_HOLD, Override: Safe hold mode active
2025-05-28 04:04:13,050 - INFO - [AUDIT] - Action: 0, Confidence: 1.0000, Safety Mode: SAFE_HOLD, Override: Safe hold mode active
2025-05-28 04:04:13,050 - INFO - [AUDIT] - Action: 0, Confidence: 1.0000, Safety Mode: SAFE_HOLD, Override: Safe hold mode active
2025-05-28 04:04:13,051 - INFO - [AUDIT] - Action: 0, Confidence: 1.0000, Safety Mode: SAFE_HOLD, Override: Safe hold mode active
2025-05-28 04:04:13,051 - INFO - [AUDIT] - Action: 0, Confidence: 1.0000, Safety Mode: SAFE_HOLD, Override: Safe hold mode active
2025-05-28 04:04:13,051 - INFO - [AUDIT] - Action: 0, Confidence: 1.0000, Safety Mode: SAFE_HOLD, Override: Safe hold mode active
2025-05-28 04:04:13,051 - INFO - [AUDIT] - Action: 0, Confidence: 1.0000, Safety Mode: SAFE_HOLD, Override: Safe hold mode active
2025-05-28 04:04:13,051 - INFO - [AUDIT] - Action: 0, Confidence: 1.0000, Safety Mode: SAFE_HOLD, Override: Safe hold mode active
2025-05-28 04:04:13,052 - INFO - [AUDIT] - Action: 0, Confidence: 1.0000, Safety Mode: SAFE_HOLD, Override: Safe hold mode active
2025-05-28 04:04:13,052 - INFO - [AUDIT] - Action: 0, Confidence: 1.0000, Safety Mode: SAFE_HOLD, Override: Safe hold mode active
2025-05-28 04:04:13,052 - INFO - [AUDIT] - Action: 0, Confidence: 1.0000, Safety Mode: SAFE_HOLD, Override: Safe hold mode active
2025-05-28 04:04:13,052 - INFO - [AUDIT] - Action: 0, Confidence: 1.0000, Safety Mode: SAFE_HOLD, Override: Safe hold mode active
2025-05-28 04:04:13,052 - INFO - [AUDIT] - Action: 0, Confidence: 1.0000, Safety Mode: SAFE_HOLD, Override: Safe hold mode active
2025-05-28 04:04:13,053 - INFO - [AUDIT] - Action: 0, Confidence: 1.0000, Safety Mode: SAFE_HOLD, Override: Safe hold mode active
2025-05-28 04:04:13,053 - INFO - [AUDIT] - Action: 0, Confidence: 1.0000, Safety Mode: SAFE_HOLD, Override: Safe hold mode active
2025-05-28 04:04:13,053 - INFO - [AUDIT] - Action: 0, Confidence: 1.0000, Safety Mode: SAFE_HOLD, Override: Safe hold mode active
2025-05-28 04:04:13,053 - INFO - [AUDIT] - Action: 0, Confidence: 1.0000, Safety Mode: SAFE_HOLD, Override: Safe hold mode active
2025-05-28 04:04:13,053 - INFO - [AUDIT] - Action: 0, Confidence: 1.0000, Safety Mode: SAFE_HOLD, Override: Safe hold mode active
2025-05-28 04:04:13,054 - INFO - [AUDIT] - Action: 0, Confidence: 1.0000, Safety Mode: SAFE_HOLD, Override: Safe hold mode active
2025-05-28 04:04:13,054 - INFO - [AUDIT] - Action: 0, Confidence: 1.0000, Safety Mode: SAFE_HOLD, Override: Safe hold mode active
2025-05-28 04:04:13,054 - INFO - [AUDIT] - Action: 0, Confidence: 1.0000, Safety Mode: SAFE_HOLD, Override: Safe hold mode active
2025-05-28 04:04:13,054 - INFO - [AUDIT] - Action: 0, Confidence: 1.0000, Safety Mode: SAFE_HOLD, Override: Safe hold mode active
2025-05-28 04:04:13,054 - INFO - [AUDIT] - Action: 0, Confidence: 1.0000, Safety Mode: SAFE_HOLD, Override: Safe hold mode active
2025-05-28 04:04:13,055 - INFO - [AUDIT] - Action: 0, Confidence: 1.0000, Safety Mode: SAFE_HOLD, Override: Safe hold mode active
2025-05-28 04:04:13,055 - INFO - [AUDIT] - Action: 0, Confidence: 1.0000, Safety Mode: SAFE_HOLD, Override: Safe hold mode active
2025-05-28 04:04:13,055 - INFO - [AUDIT] - Action: 0, Confidence: 1.0000, Safety Mode: SAFE_HOLD, Override: Safe hold mode active
2025-05-28 04:04:13,055 - INFO - [AUDIT] - Action: 0, Confidence: 1.0000, Safety Mode: SAFE_HOLD, Override: Safe hold mode active
2025-05-28 04:04:13,055 - INFO - [AUDIT] - Action: 0, Confidence: 1.0000, Safety Mode: SAFE_HOLD, Override: Safe hold mode active
2025-05-28 04:04:13,055 - INFO - [AUDIT] - Action: 0, Confidence: 1.0000, Safety Mode: SAFE_HOLD, Override: Safe hold mode active
2025-05-28 04:04:13,056 - INFO - [AUDIT] - Action: 0, Confidence: 1.0000, Safety Mode: SAFE_HOLD, Override: Safe hold mode active
2025-05-28 04:04:13,056 - INFO - [AUDIT] - Action: 0, Confidence: 1.0000, Safety Mode: SAFE_HOLD, Override: Safe hold mode active
2025-05-28 04:04:13,056 - INFO - [AUDIT] - Action: 0, Confidence: 1.0000, Safety Mode: SAFE_HOLD, Override: Safe hold mode active
2025-05-28 04:04:13,056 - INFO - [AUDIT] - Action: 0, Confidence: 1.0000, Safety Mode: SAFE_HOLD, Override: Safe hold mode active
2025-05-28 04:04:13,056 - INFO - [AUDIT] - Action: 0, Confidence: 1.0000, Safety Mode: SAFE_HOLD, Override: Safe hold mode active
2025-05-28 04:04:13,057 - INFO - [AUDIT] - Action: 0, Confidence: 1.0000, Safety Mode: SAFE_HOLD, Override: Safe hold mode active
2025-05-28 04:04:13,057 - INFO - [AUDIT] - Action: 0, Confidence: 1.0000, Safety Mode: SAFE_HOLD, Override: Safe hold mode active
2025-05-28 04:04:13,057 - INFO - [AUDIT] - Action: 0, Confidence: 1.0000, Safety Mode: SAFE_HOLD, Override: Safe hold mode active
2025-05-28 04:04:13,057 - INFO - [AUDIT] - Action: 0, Confidence: 1.0000, Safety Mode: SAFE_HOLD, Override: Safe hold mode active
2025-05-28 04:04:13,057 - INFO - [AUDIT] - Action: 0, Confidence: 1.0000, Safety Mode: SAFE_HOLD, Override: Safe hold mode active
2025-05-28 04:04:13,058 - INFO - [AUDIT] - Action: 0, Confidence: 1.0000, Safety Mode: SAFE_HOLD, Override: Safe hold mode active
2025-05-28 04:04:13,058 - INFO - [AUDIT] - Action: 0, Confidence: 1.0000, Safety Mode: SAFE_HOLD, Override: Safe hold mode active
2025-05-28 04:04:13,058 - INFO - [AUDIT] - Action: 0, Confidence: 1.0000, Safety Mode: SAFE_HOLD, Override: Safe hold mode active
2025-05-28 04:04:13,058 - INFO - [AUDIT] - Action: 0, Confidence: 1.0000, Safety Mode: SAFE_HOLD, Override: Safe hold mode active
2025-05-28 04:04:13,058 - INFO - [AUDIT] - Action: 0, Confidence: 1.0000, Safety Mode: SAFE_HOLD, Override: Safe hold mode active
2025-05-28 04:04:13,058 - INFO - [AUDIT] - Action: 0, Confidence: 1.0000, Safety Mode: SAFE_HOLD, Override: Safe hold mode active
2025-05-28 04:04:13,059 - INFO - [AUDIT] - Action: 0, Confidence: 1.0000, Safety Mode: SAFE_HOLD, Override: Safe hold mode active
2025-05-28 04:04:13,059 - INFO - [AUDIT] - Action: 0, Confidence: 1.0000, Safety Mode: SAFE_HOLD, Override: Safe hold mode active
2025-05-28 04:04:13,059 - INFO - [AUDIT] - Action: 0, Confidence: 1.0000, Safety Mode: SAFE_HOLD, Override: Safe hold mode active
2025-05-28 04:04:13,059 - INFO - [AUDIT] - Action: 0, Confidence: 1.0000, Safety Mode: SAFE_HOLD, Override: Safe hold mode active
2025-05-28 04:04:13,059 - INFO - [AUDIT] - Action: 0, Confidence: 1.0000, Safety Mode: SAFE_HOLD, Override: Safe hold mode active
2025-05-28 04:04:13,060 - INFO - [AUDIT] - Action: 0, Confidence: 1.0000, Safety Mode: SAFE_HOLD, Override: Safe hold mode active
2025-05-28 04:04:13,060 - INFO - [AUDIT] - Action: 0, Confidence: 1.0000, Safety Mode: SAFE_HOLD, Override: Safe hold mode active
2025-05-28 04:04:13,060 - INFO - [AUDIT] - Action: 0, Confidence: 1.0000, Safety Mode: SAFE_HOLD, Override: Safe hold mode active
2025-05-28 04:04:13,060 - INFO - [AUDIT] - Action: 0, Confidence: 1.0000, Safety Mode: SAFE_HOLD, Override: Safe hold mode active
2025-05-28 04:04:13,060 - INFO - [AUDIT] - Action: 0, Confidence: 1.0000, Safety Mode: SAFE_HOLD, Override: Safe hold mode active
2025-05-28 04:04:13,061 - INFO - [AUDIT] - Action: 0, Confidence: 1.0000, Safety Mode: SAFE_HOLD, Override: Safe hold mode active
2025-05-28 04:04:13,061 - INFO - [AUDIT] - Action: 0, Confidence: 1.0000, Safety Mode: SAFE_HOLD, Override: Safe hold mode active
2025-05-28 04:04:13,061 - INFO - [AUDIT] - Action: 0, Confidence: 1.0000, Safety Mode: SAFE_HOLD, Override: Safe hold mode active
2025-05-28 04:04:13,061 - INFO - [AUDIT] - Action: 0, Confidence: 1.0000, Safety Mode: SAFE_HOLD, Override: Safe hold mode active
2025-05-28 04:04:13,061 - INFO - [AUDIT] - Action: 0, Confidence: 1.0000, Safety Mode: SAFE_HOLD, Override: Safe hold mode active
2025-05-28 04:04:13,061 - INFO - [AUDIT] - Action: 0, Confidence: 1.0000, Safety Mode: SAFE_HOLD, Override: Safe hold mode active
2025-05-28 04:04:13,062 - INFO - [AUDIT] - Action: 0, Confidence: 1.0000, Safety Mode: SAFE_HOLD, Override: Safe hold mode active
2025-05-28 04:04:13,062 - INFO - [AUDIT] - Action: 0, Confidence: 1.0000, Safety Mode: SAFE_HOLD, Override: Safe hold mode active
2025-05-28 04:04:13,062 - INFO - [AUDIT] - Action: 0, Confidence: 1.0000, Safety Mode: SAFE_HOLD, Override: Safe hold mode active
2025-05-28 04:04:13,062 - INFO - [AUDIT] - Action: 0, Confidence: 1.0000, Safety Mode: SAFE_HOLD, Override: Safe hold mode active
2025-05-28 04:04:13,062 - INFO - [AUDIT] - Action: 0, Confidence: 1.0000, Safety Mode: SAFE_HOLD, Override: Safe hold mode active
2025-05-28 04:04:13,063 - INFO - [AUDIT] - Action: 0, Confidence: 1.0000, Safety Mode: SAFE_HOLD, Override: Safe hold mode active
2025-05-28 04:04:13,063 - INFO - [AUDIT] - Action: 0, Confidence: 1.0000, Safety Mode: SAFE_HOLD, Override: Safe hold mode active
2025-05-28 04:04:13,063 - INFO - [AUDIT] - Action: 0, Confidence: 1.0000, Safety Mode: SAFE_HOLD, Override: Safe hold mode active
2025-05-28 04:04:13,063 - INFO - [AUDIT] - Action: 0, Confidence: 1.0000, Safety Mode: SAFE_HOLD, Override: Safe hold mode active
2025-05-28 04:04:13,063 - INFO - [AUDIT] - Action: 0, Confidence: 1.0000, Safety Mode: SAFE_HOLD, Override: Safe hold mode active
2025-05-28 04:04:13,064 - INFO - [AUDIT] - Action: 0, Confidence: 1.0000, Safety Mode: SAFE_HOLD, Override: Safe hold mode active
2025-05-28 04:04:13,064 - INFO - [AUDIT] - Action: 0, Confidence: 1.0000, Safety Mode: SAFE_HOLD, Override: Safe hold mode active
2025-05-28 04:04:13,064 - INFO - [AUDIT] - Action: 0, Confidence: 1.0000, Safety Mode: SAFE_HOLD, Override: Safe hold mode active
2025-05-28 04:04:13,064 - INFO - [AUDIT] - Action: 0, Confidence: 1.0000, Safety Mode: SAFE_HOLD, Override: Safe hold mode active
2025-05-28 04:04:13,064 - INFO - [AUDIT] - Action: 0, Confidence: 1.0000, Safety Mode: SAFE_HOLD, Override: Safe hold mode active
2025-05-28 04:04:13,065 - INFO - [AUDIT] - Action: 0, Confidence: 1.0000, Safety Mode: SAFE_HOLD, Override: Safe hold mode active
2025-05-28 04:04:13,065 - INFO - [AUDIT] - Action: 0, Confidence: 1.0000, Safety Mode: SAFE_HOLD, Override: Safe hold mode active
2025-05-28 04:04:13,065 - INFO - [AUDIT] - Action: 0, Confidence: 1.0000, Safety Mode: SAFE_HOLD, Override: Safe hold mode active
2025-05-28 04:04:13,065 - INFO - [AUDIT] - Action: 0, Confidence: 1.0000, Safety Mode: SAFE_HOLD, Override: Safe hold mode active
2025-05-28 04:04:13,065 - INFO - [AUDIT] - Action: 0, Confidence: 1.0000, Safety Mode: SAFE_HOLD, Override: Safe hold mode active
2025-05-28 04:04:13,066 - INFO - [AUDIT] - Action: 0, Confidence: 1.0000, Safety Mode: SAFE_HOLD, Override: Safe hold mode active
2025-05-28 04:04:13,066 - INFO - [AUDIT] - Action: 0, Confidence: 1.0000, Safety Mode: SAFE_HOLD, Override: Safe hold mode active
2025-05-28 04:04:13,066 - INFO - [AUDIT] - Action: 0, Confidence: 1.0000, Safety Mode: SAFE_HOLD, Override: Safe hold mode active
2025-05-28 04:04:13,066 - INFO - [AUDIT] - Action: 0, Confidence: 1.0000, Safety Mode: SAFE_HOLD, Override: Safe hold mode active
2025-05-28 04:04:13,066 - INFO - [AUDIT] - Action: 0, Confidence: 1.0000, Safety Mode: SAFE_HOLD, Override: Safe hold mode active
2025-05-28 04:04:13,067 - INFO - [AUDIT] - Action: 0, Confidence: 1.0000, Safety Mode: SAFE_HOLD, Override: Safe hold mode active
2025-05-28 04:04:13,067 - INFO - [AUDIT] - Action: 0, Confidence: 1.0000, Safety Mode: SAFE_HOLD, Override: Safe hold mode active
2025-05-28 04:04:13,067 - INFO - [AUDIT] - Action: 0, Confidence: 1.0000, Safety Mode: SAFE_HOLD, Override: Safe hold mode active
2025-05-28 04:04:13,067 - INFO - [AUDIT] - Action: 0, Confidence: 1.0000, Safety Mode: SAFE_HOLD, Override: Safe hold mode active
2025-05-28 04:04:13,067 - INFO - [AUDIT] - Action: 0, Confidence: 1.0000, Safety Mode: SAFE_HOLD, Override: Safe hold mode active
2025-05-28 04:04:13,068 - INFO - [AUDIT] - Action: 0, Confidence: 1.0000, Safety Mode: SAFE_HOLD, Override: Safe hold mode active
2025-05-28 04:04:13,068 - INFO - [AUDIT] - Action: 0, Confidence: 1.0000, Safety Mode: SAFE_HOLD, Override: Safe hold mode active
2025-05-28 04:04:13,068 - INFO - [AUDIT] - Action: 0, Confidence: 1.0000, Safety Mode: SAFE_HOLD, Override: Safe hold mode active
2025-05-28 04:04:13,068 - INFO - [AUDIT] - Action: 0, Confidence: 1.0000, Safety Mode: SAFE_HOLD, Override: Safe hold mode active
2025-05-28 04:04:13,068 - INFO - [AUDIT] - Action: 0, Confidence: 1.0000, Safety Mode: SAFE_HOLD, Override: Safe hold mode active
2025-05-28 04:04:13,069 - INFO - [AUDIT] - Action: 0, Confidence: 1.0000, Safety Mode: SAFE_HOLD, Override: Safe hold mode active
2025-05-28 04:04:13,069 - INFO - [AUDIT] - Action: 0, Confidence: 1.0000, Safety Mode: SAFE_HOLD, Override: Safe hold mode active
2025-05-28 04:04:13,069 - INFO - [AUDIT] - Action: 0, Confidence: 1.0000, Safety Mode: SAFE_HOLD, Override: Safe hold mode active
2025-05-28 04:04:13,069 - INFO - [AUDIT] - Action: 0, Confidence: 1.0000, Safety Mode: SAFE_HOLD, Override: Safe hold mode active
2025-05-28 04:04:13,069 - INFO - [AUDIT] - Action: 0, Confidence: 1.0000, Safety Mode: SAFE_HOLD, Override: Safe hold mode active
2025-05-28 04:04:13,070 - INFO - [AUDIT] - Action: 0, Confidence: 1.0000, Safety Mode: SAFE_HOLD, Override: Safe hold mode active
2025-05-28 04:04:13,070 - INFO - [AUDIT] - Action: 0, Confidence: 1.0000, Safety Mode: SAFE_HOLD, Override: Safe hold mode active
2025-05-28 04:04:13,070 - INFO - [AUDIT] - Action: 0, Confidence: 1.0000, Safety Mode: SAFE_HOLD, Override: Safe hold mode active
2025-05-28 04:04:13,070 - INFO - [AUDIT] - Action: 0, Confidence: 1.0000, Safety Mode: SAFE_HOLD, Override: Safe hold mode active
2025-05-28 04:04:13,070 - INFO - [AUDIT] - Action: 0, Confidence: 1.0000, Safety Mode: SAFE_HOLD, Override: Safe hold mode active
2025-05-28 04:04:13,071 - INFO - [AUDIT] - Action: 0, Confidence: 1.0000, Safety Mode: SAFE_HOLD, Override: Safe hold mode active
2025-05-28 04:04:13,071 - INFO - [AUDIT] - Action: 0, Confidence: 1.0000, Safety Mode: SAFE_HOLD, Override: Safe hold mode active
2025-05-28 04:04:13,071 - INFO - [AUDIT] - Action: 0, Confidence: 1.0000, Safety Mode: SAFE_HOLD, Override: Safe hold mode active
2025-05-28 04:04:13,071 - INFO - [AUDIT] - Action: 0, Confidence: 1.0000, Safety Mode: SAFE_HOLD, Override: Safe hold mode active
2025-05-28 04:04:13,071 - INFO - [AUDIT] - Action: 0, Confidence: 1.0000, Safety Mode: SAFE_HOLD, Override: Safe hold mode active
2025-05-28 04:04:13,072 - INFO - [AUDIT] - Action: 0, Confidence: 1.0000, Safety Mode: SAFE_HOLD, Override: Safe hold mode active
2025-05-28 04:04:13,072 - INFO - [AUDIT] - Action: 0, Confidence: 1.0000, Safety Mode: SAFE_HOLD, Override: Safe hold mode active
2025-05-28 04:04:13,072 - INFO - [AUDIT] - Action: 0, Confidence: 1.0000, Safety Mode: SAFE_HOLD, Override: Safe hold mode active
2025-05-28 04:04:13,072 - INFO - [AUDIT] - Action: 0, Confidence: 1.0000, Safety Mode: SAFE_HOLD, Override: Safe hold mode active
2025-05-28 04:04:13,072 - INFO - [AUDIT] - Action: 0, Confidence: 1.0000, Safety Mode: SAFE_HOLD, Override: Safe hold mode active
2025-05-28 04:04:13,072 - INFO - [AUDIT] - Action: 0, Confidence: 1.0000, Safety Mode: SAFE_HOLD, Override: Safe hold mode active
2025-05-28 04:04:13,073 - INFO - [AUDIT] - Action: 0, Confidence: 1.0000, Safety Mode: SAFE_HOLD, Override: Safe hold mode active
2025-05-28 04:04:13,073 - INFO - [AUDIT] - Action: 0, Confidence: 1.0000, Safety Mode: SAFE_HOLD, Override: Safe hold mode active
2025-05-28 04:04:13,073 - INFO - [AUDIT] - Action: 0, Confidence: 1.0000, Safety Mode: SAFE_HOLD, Override: Safe hold mode active
2025-05-28 04:04:13,073 - INFO - [AUDIT] - Action: 0, Confidence: 1.0000, Safety Mode: SAFE_HOLD, Override: Safe hold mode active
2025-05-28 04:04:13,073 - INFO - [AUDIT] - Action: 0, Confidence: 1.0000, Safety Mode: SAFE_HOLD, Override: Safe hold mode active
2025-05-28 04:04:13,074 - INFO - [AUDIT] - Action: 0, Confidence: 1.0000, Safety Mode: SAFE_HOLD, Override: Safe hold mode active
2025-05-28 04:04:13,074 - INFO - [AUDIT] - Action: 0, Confidence: 1.0000, Safety Mode: SAFE_HOLD, Override: Safe hold mode active
2025-05-28 04:04:13,074 - INFO - [AUDIT] - Action: 0, Confidence: 1.0000, Safety Mode: SAFE_HOLD, Override: Safe hold mode active
2025-05-28 04:04:13,074 - INFO - [AUDIT] - Action: 0, Confidence: 1.0000, Safety Mode: SAFE_HOLD, Override: Safe hold mode active
2025-05-28 04:04:13,074 - INFO - [AUDIT] - Action: 0, Confidence: 1.0000, Safety Mode: SAFE_HOLD, Override: Safe hold mode active
2025-05-28 04:04:13,075 - INFO - [AUDIT] - Action: 0, Confidence: 1.0000, Safety Mode: SAFE_HOLD, Override: Safe hold mode active
2025-05-28 04:04:13,075 - INFO - [AUDIT] - Action: 0, Confidence: 1.0000, Safety Mode: SAFE_HOLD, Override: Safe hold mode active
2025-05-28 04:04:13,075 - INFO - [AUDIT] - Action: 0, Confidence: 1.0000, Safety Mode: SAFE_HOLD, Override: Safe hold mode active
2025-05-28 04:04:13,075 - INFO - [AUDIT] - Action: 0, Confidence: 1.0000, Safety Mode: SAFE_HOLD, Override: Safe hold mode active
2025-05-28 04:04:13,075 - INFO - [AUDIT] - Action: 0, Confidence: 1.0000, Safety Mode: SAFE_HOLD, Override: Safe hold mode active
2025-05-28 04:04:13,076 - INFO - [AUDIT] - Action: 0, Confidence: 1.0000, Safety Mode: SAFE_HOLD, Override: Safe hold mode active
2025-05-28 04:04:13,076 - INFO - [AUDIT] - Action: 0, Confidence: 1.0000, Safety Mode: SAFE_HOLD, Override: Safe hold mode active
2025-05-28 04:04:13,076 - INFO - [AUDIT] - Action: 0, Confidence: 1.0000, Safety Mode: SAFE_HOLD, Override: Safe hold mode active
2025-05-28 04:04:13,076 - INFO - [AUDIT] - Action: 0, Confidence: 1.0000, Safety Mode: SAFE_HOLD, Override: Safe hold mode active
2025-05-28 04:04:13,077 - INFO - [AUDIT] - Action: 0, Confidence: 1.0000, Safety Mode: SAFE_HOLD, Override: Safe hold mode active
2025-05-28 04:04:13,077 - INFO - [AUDIT] - Action: 0, Confidence: 1.0000, Safety Mode: SAFE_HOLD, Override: Safe hold mode active
2025-05-28 04:04:13,077 - INFO - [AUDIT] - Action: 0, Confidence: 1.0000, Safety Mode: SAFE_HOLD, Override: Safe hold mode active
2025-05-28 04:04:13,077 - INFO - [AUDIT] - Action: 0, Confidence: 1.0000, Safety Mode: SAFE_HOLD, Override: Safe hold mode active
2025-05-28 04:04:13,077 - INFO - [AUDIT] - Action: 0, Confidence: 1.0000, Safety Mode: SAFE_HOLD, Override: Safe hold mode active
2025-05-28 04:04:13,078 - INFO - [AUDIT] - Action: 0, Confidence: 1.0000, Safety Mode: SAFE_HOLD, Override: Safe hold mode active
2025-05-28 04:04:13,078 - INFO - [AUDIT] - Action: 0, Confidence: 1.0000, Safety Mode: SAFE_HOLD, Override: Safe hold mode active
2025-05-28 04:04:13,078 - INFO - [AUDIT] - Action: 0, Confidence: 1.0000, Safety Mode: SAFE_HOLD, Override: Safe hold mode active
2025-05-28 04:04:13,078 - INFO - [AUDIT] - Action: 0, Confidence: 1.0000, Safety Mode: SAFE_HOLD, Override: Safe hold mode active
2025-05-28 04:04:13,078 - INFO - [AUDIT] - Action: 0, Confidence: 1.0000, Safety Mode: SAFE_HOLD, Override: Safe hold mode active
2025-05-28 04:04:13,079 - INFO - [AUDIT] - Action: 0, Confidence: 1.0000, Safety Mode: SAFE_HOLD, Override: Safe hold mode active
2025-05-28 04:04:13,079 - INFO - [AUDIT] - Action: 0, Confidence: 1.0000, Safety Mode: SAFE_HOLD, Override: Safe hold mode active
2025-05-28 04:04:13,079 - INFO - [AUDIT] - Action: 0, Confidence: 1.0000, Safety Mode: SAFE_HOLD, Override: Safe hold mode active
2025-05-28 04:04:13,079 - INFO - [AUDIT] - Action: 0, Confidence: 1.0000, Safety Mode: SAFE_HOLD, Override: Safe hold mode active
2025-05-28 04:04:13,079 - INFO - [AUDIT] - Action: 0, Confidence: 1.0000, Safety Mode: SAFE_HOLD, Override: Safe hold mode active
2025-05-28 04:04:13,080 - INFO - [AUDIT] - Action: 0, Confidence: 1.0000, Safety Mode: SAFE_HOLD, Override: Safe hold mode active
2025-05-28 04:04:13,081 - INFO - [AUDIT] - Action: 0, Confidence: 1.0000, Safety Mode: SAFE_HOLD, Override: Safe hold mode active
2025-05-28 04:04:13,081 - INFO - [AUDIT] - Action: 0, Confidence: 1.0000, Safety Mode: SAFE_HOLD, Override: Safe hold mode active
2025-05-28 04:04:13,081 - INFO - [AUDIT] - Action: 0, Confidence: 1.0000, Safety Mode: SAFE_HOLD, Override: Safe hold mode active
2025-05-28 04:04:13,081 - INFO - [AUDIT] - Action: 0, Confidence: 1.0000, Safety Mode: SAFE_HOLD, Override: Safe hold mode active
2025-05-28 04:04:13,081 - INFO - [AUDIT] - Action: 0, Confidence: 1.0000, Safety Mode: SAFE_HOLD, Override: Safe hold mode active
2025-05-28 04:04:13,082 - INFO - [AUDIT] - Action: 0, Confidence: 1.0000, Safety Mode: SAFE_HOLD, Override: Safe hold mode active
2025-05-28 04:04:13,082 - INFO - [AUDIT] - Action: 0, Confidence: 1.0000, Safety Mode: SAFE_HOLD, Override: Safe hold mode active
2025-05-28 04:04:13,082 - INFO - [AUDIT] - Action: 0, Confidence: 1.0000, Safety Mode: SAFE_HOLD, Override: Safe hold mode active
2025-05-28 04:04:13,082 - INFO - [AUDIT] - Action: 0, Confidence: 1.0000, Safety Mode: SAFE_HOLD, Override: Safe hold mode active
2025-05-28 04:04:13,082 - INFO - [AUDIT] - Action: 0, Confidence: 1.0000, Safety Mode: SAFE_HOLD, Override: Safe hold mode active
2025-05-28 04:04:13,082 - INFO - [AUDIT] - Action: 0, Confidence: 1.0000, Safety Mode: SAFE_HOLD, Override: Safe hold mode active
2025-05-28 04:04:13,083 - INFO - [AUDIT] - Action: 0, Confidence: 1.0000, Safety Mode: SAFE_HOLD, Override: Safe hold mode active
2025-05-28 04:04:13,083 - INFO - [AUDIT] - Action: 0, Confidence: 1.0000, Safety Mode: SAFE_HOLD, Override: Safe hold mode active
2025-05-28 04:04:13,083 - INFO - [AUDIT] - Action: 0, Confidence: 1.0000, Safety Mode: SAFE_HOLD, Override: Safe hold mode active
2025-05-28 04:04:13,083 - INFO - [AUDIT] - Action: 0, Confidence: 1.0000, Safety Mode: SAFE_HOLD, Override: Safe hold mode active
2025-05-28 04:04:13,083 - INFO - [AUDIT] - Action: 0, Confidence: 1.0000, Safety Mode: SAFE_HOLD, Override: Safe hold mode active
2025-05-28 04:04:13,084 - INFO - [AUDIT] - Action: 0, Confidence: 1.0000, Safety Mode: SAFE_HOLD, Override: Safe hold mode active
2025-05-28 04:04:13,084 - INFO - [AUDIT] - Action: 0, Confidence: 1.0000, Safety Mode: SAFE_HOLD, Override: Safe hold mode active
2025-05-28 04:04:13,084 - INFO - [AUDIT] - Action: 0, Confidence: 1.0000, Safety Mode: SAFE_HOLD, Override: Safe hold mode active
2025-05-28 04:04:13,084 - INFO - [AUDIT] - Action: 0, Confidence: 1.0000, Safety Mode: SAFE_HOLD, Override: Safe hold mode active
2025-05-28 04:04:13,084 - INFO - [AUDIT] - Action: 0, Confidence: 1.0000, Safety Mode: SAFE_HOLD, Override: Safe hold mode active
2025-05-28 04:04:13,085 - INFO - [AUDIT] - Action: 0, Confidence: 1.0000, Safety Mode: SAFE_HOLD, Override: Safe hold mode active
2025-05-28 04:04:13,085 - INFO - [AUDIT] - Action: 0, Confidence: 1.0000, Safety Mode: SAFE_HOLD, Override: Safe hold mode active
2025-05-28 04:04:13,085 - INFO - [AUDIT] - Action: 0, Confidence: 1.0000, Safety Mode: SAFE_HOLD, Override: Safe hold mode active
2025-05-28 04:04:13,085 - INFO - [AUDIT] - Action: 0, Confidence: 1.0000, Safety Mode: SAFE_HOLD, Override: Safe hold mode active
2025-05-28 04:04:13,086 - INFO - [AUDIT] - Action: 0, Confidence: 1.0000, Safety Mode: SAFE_HOLD, Override: Safe hold mode active
2025-05-28 04:04:13,086 - INFO - [AUDIT] - Action: 0, Confidence: 1.0000, Safety Mode: SAFE_HOLD, Override: Safe hold mode active
2025-05-28 04:04:13,086 - INFO - [AUDIT] - Action: 0, Confidence: 1.0000, Safety Mode: SAFE_HOLD, Override: Safe hold mode active
2025-05-28 04:04:13,086 - INFO - [AUDIT] - Action: 0, Confidence: 1.0000, Safety Mode: SAFE_HOLD, Override: Safe hold mode active
2025-05-28 04:04:13,086 - INFO - [AUDIT] - Action: 0, Confidence: 1.0000, Safety Mode: SAFE_HOLD, Override: Safe hold mode active
2025-05-28 04:04:13,087 - INFO - [AUDIT] - Action: 0, Confidence: 1.0000, Safety Mode: SAFE_HOLD, Override: Safe hold mode active
2025-05-28 04:04:13,087 - INFO - [AUDIT] - Action: 0, Confidence: 1.0000, Safety Mode: SAFE_HOLD, Override: Safe hold mode active
2025-05-28 04:04:13,087 - INFO - [AUDIT] - Action: 0, Confidence: 1.0000, Safety Mode: SAFE_HOLD, Override: Safe hold mode active
2025-05-28 04:04:13,087 - INFO - [AUDIT] - Action: 0, Confidence: 1.0000, Safety Mode: SAFE_HOLD, Override: Safe hold mode active
2025-05-28 04:04:13,087 - INFO - [AUDIT] - Action: 0, Confidence: 1.0000, Safety Mode: SAFE_HOLD, Override: Safe hold mode active
2025-05-28 04:04:13,088 - INFO - [AUDIT] - Action: 0, Confidence: 1.0000, Safety Mode: SAFE_HOLD, Override: Safe hold mode active
2025-05-28 04:04:13,088 - INFO - [AUDIT] - Action: 0, Confidence: 1.0000, Safety Mode: SAFE_HOLD, Override: Safe hold mode active
2025-05-28 04:04:13,088 - INFO - [AUDIT] - Action: 0, Confidence: 1.0000, Safety Mode: SAFE_HOLD, Override: Safe hold mode active
2025-05-28 04:04:13,088 - INFO - [AUDIT] - Action: 0, Confidence: 1.0000, Safety Mode: SAFE_HOLD, Override: Safe hold mode active
2025-05-28 04:04:13,088 - INFO - [AUDIT] - Action: 0, Confidence: 1.0000, Safety Mode: SAFE_HOLD, Override: Safe hold mode active
2025-05-28 04:04:13,089 - INFO - [AUDIT] - Action: 0, Confidence: 1.0000, Safety Mode: SAFE_HOLD, Override: Safe hold mode active
2025-05-28 04:04:13,089 - INFO - [AUDIT] - Action: 0, Confidence: 1.0000, Safety Mode: SAFE_HOLD, Override: Safe hold mode active
2025-05-28 04:04:13,089 - INFO - [AUDIT] - Action: 0, Confidence: 1.0000, Safety Mode: SAFE_HOLD, Override: Safe hold mode active
2025-05-28 04:04:13,089 - INFO - [AUDIT] - Action: 0, Confidence: 1.0000, Safety Mode: SAFE_HOLD, Override: Safe hold mode active
2025-05-28 04:04:13,089 - INFO - [AUDIT] - Action: 0, Confidence: 1.0000, Safety Mode: SAFE_HOLD, Override: Safe hold mode active
2025-05-28 04:04:13,089 - INFO - [AUDIT] - Action: 0, Confidence: 1.0000, Safety Mode: SAFE_HOLD, Override: Safe hold mode active
2025-05-28 04:04:13,090 - INFO - [AUDIT] - Action: 0, Confidence: 1.0000, Safety Mode: SAFE_HOLD, Override: Safe hold mode active
2025-05-28 04:04:13,090 - INFO - [AUDIT] - Action: 0, Confidence: 1.0000, Safety Mode: SAFE_HOLD, Override: Safe hold mode active
2025-05-28 04:04:13,090 - INFO - [AUDIT] - Action: 0, Confidence: 1.0000, Safety Mode: SAFE_HOLD, Override: Safe hold mode active
2025-05-28 04:04:13,090 - INFO - [AUDIT] - Action: 0, Confidence: 1.0000, Safety Mode: SAFE_HOLD, Override: Safe hold mode active
2025-05-28 04:04:13,090 - INFO - [AUDIT] - Action: 0, Confidence: 1.0000, Safety Mode: SAFE_HOLD, Override: Safe hold mode active
2025-05-28 04:04:13,091 - INFO - [AUDIT] - Action: 0, Confidence: 1.0000, Safety Mode: SAFE_HOLD, Override: Safe hold mode active
2025-05-28 04:04:13,091 - INFO - [AUDIT] - Action: 0, Confidence: 1.0000, Safety Mode: SAFE_HOLD, Override: Safe hold mode active
2025-05-28 04:04:13,091 - INFO - [AUDIT] - Action: 0, Confidence: 1.0000, Safety Mode: SAFE_HOLD, Override: Safe hold mode active
2025-05-28 04:04:13,091 - INFO - [AUDIT] - Action: 0, Confidence: 1.0000, Safety Mode: SAFE_HOLD, Override: Safe hold mode active
2025-05-28 04:04:13,091 - INFO - [AUDIT] - Action: 0, Confidence: 1.0000, Safety Mode: SAFE_HOLD, Override: Safe hold mode active
2025-05-28 04:04:13,092 - INFO - [AUDIT] - Action: 0, Confidence: 1.0000, Safety Mode: SAFE_HOLD, Override: Safe hold mode active
2025-05-28 04:04:13,092 - INFO - [AUDIT] - Action: 0, Confidence: 1.0000, Safety Mode: SAFE_HOLD, Override: Safe hold mode active
2025-05-28 04:04:13,092 - INFO - [AUDIT] - Action: 0, Confidence: 1.0000, Safety Mode: SAFE_HOLD, Override: Safe hold mode active
2025-05-28 04:04:13,092 - INFO - [AUDIT] - Action: 0, Confidence: 1.0000, Safety Mode: SAFE_HOLD, Override: Safe hold mode active
2025-05-28 04:04:13,092 - INFO - [AUDIT] - Action: 0, Confidence: 1.0000, Safety Mode: SAFE_HOLD, Override: Safe hold mode active
2025-05-28 04:04:13,092 - INFO - [AUDIT] - Action: 0, Confidence: 1.0000, Safety Mode: SAFE_HOLD, Override: Safe hold mode active
2025-05-28 04:04:13,093 - INFO - [AUDIT] - Action: 0, Confidence: 1.0000, Safety Mode: SAFE_HOLD, Override: Safe hold mode active
2025-05-28 04:04:13,093 - INFO - [AUDIT] - Action: 0, Confidence: 1.0000, Safety Mode: SAFE_HOLD, Override: Safe hold mode active
2025-05-28 04:04:13,093 - INFO - [AUDIT] - Action: 0, Confidence: 1.0000, Safety Mode: SAFE_HOLD, Override: Safe hold mode active
2025-05-28 04:04:13,093 - INFO - [AUDIT] - Action: 0, Confidence: 1.0000, Safety Mode: SAFE_HOLD, Override: Safe hold mode active
2025-05-28 04:04:13,093 - INFO - [AUDIT] - Action: 0, Confidence: 1.0000, Safety Mode: SAFE_HOLD, Override: Safe hold mode active
2025-05-28 04:04:13,094 - INFO - [AUDIT] - Action: 0, Confidence: 1.0000, Safety Mode: SAFE_HOLD, Override: Safe hold mode active
2025-05-28 04:04:13,094 - INFO - [AUDIT] - Action: 0, Confidence: 1.0000, Safety Mode: SAFE_HOLD, Override: Safe hold mode active
2025-05-28 04:04:13,094 - INFO - [AUDIT] - Action: 0, Confidence: 1.0000, Safety Mode: SAFE_HOLD, Override: Safe hold mode active
2025-05-28 04:04:13,094 - INFO - [AUDIT] - Action: 0, Confidence: 1.0000, Safety Mode: SAFE_HOLD, Override: Safe hold mode active
2025-05-28 04:04:13,094 - INFO - [AUDIT] - Action: 0, Confidence: 1.0000, Safety Mode: SAFE_HOLD, Override: Safe hold mode active
2025-05-28 04:04:13,095 - INFO - [AUDIT] - Action: 0, Confidence: 1.0000, Safety Mode: SAFE_HOLD, Override: Safe hold mode active
2025-05-28 04:04:13,095 - INFO - [AUDIT] - Action: 0, Confidence: 1.0000, Safety Mode: SAFE_HOLD, Override: Safe hold mode active
2025-05-28 04:04:13,095 - INFO - [AUDIT] - Action: 0, Confidence: 1.0000, Safety Mode: SAFE_HOLD, Override: Safe hold mode active
2025-05-28 04:04:13,095 - INFO - [AUDIT] - Action: 0, Confidence: 1.0000, Safety Mode: SAFE_HOLD, Override: Safe hold mode active
2025-05-28 04:04:13,095 - INFO - [AUDIT] - Action: 0, Confidence: 1.0000, Safety Mode: SAFE_HOLD, Override: Safe hold mode active
2025-05-28 04:04:13,096 - INFO - [AUDIT] - Action: 0, Confidence: 1.0000, Safety Mode: SAFE_HOLD, Override: Safe hold mode active
2025-05-28 04:04:13,096 - INFO - [AUDIT] - Action: 0, Confidence: 1.0000, Safety Mode: SAFE_HOLD, Override: Safe hold mode active
2025-05-28 04:04:13,096 - INFO - [AUDIT] - Action: 0, Confidence: 1.0000, Safety Mode: SAFE_HOLD, Override: Safe hold mode active
2025-05-28 04:04:13,096 - INFO - [AUDIT] - Action: 0, Confidence: 1.0000, Safety Mode: SAFE_HOLD, Override: Safe hold mode active
2025-05-28 04:04:13,096 - INFO - [AUDIT] - Action: 0, Confidence: 1.0000, Safety Mode: SAFE_HOLD, Override: Safe hold mode active
2025-05-28 04:04:13,097 - INFO - [AUDIT] - Action: 0, Confidence: 1.0000, Safety Mode: SAFE_HOLD, Override: Safe hold mode active
2025-05-28 04:04:13,097 - INFO - [AUDIT] - Action: 0, Confidence: 1.0000, Safety Mode: SAFE_HOLD, Override: Safe hold mode active
2025-05-28 04:04:13,097 - INFO - [AUDIT] - Action: 0, Confidence: 1.0000, Safety Mode: SAFE_HOLD, Override: Safe hold mode active
2025-05-28 04:04:13,097 - INFO - [AUDIT] - Action: 0, Confidence: 1.0000, Safety Mode: SAFE_HOLD, Override: Safe hold mode active
2025-05-28 04:04:13,097 - INFO - [AUDIT] - Action: 0, Confidence: 1.0000, Safety Mode: SAFE_HOLD, Override: Safe hold mode active
2025-05-28 04:04:13,097 - INFO - [AUDIT] - Action: 0, Confidence: 1.0000, Safety Mode: SAFE_HOLD, Override: Safe hold mode active
2025-05-28 04:04:13,098 - INFO - [AUDIT] - Action: 0, Confidence: 1.0000, Safety Mode: SAFE_HOLD, Override: Safe hold mode active
2025-05-28 04:04:13,098 - INFO - [AUDIT] - Action: 0, Confidence: 1.0000, Safety Mode: SAFE_HOLD, Override: Safe hold mode active
2025-05-28 04:04:13,098 - INFO - [AUDIT] - Action: 0, Confidence: 1.0000, Safety Mode: SAFE_HOLD, Override: Safe hold mode active
2025-05-28 04:04:13,098 - INFO - [AUDIT] - Action: 0, Confidence: 1.0000, Safety Mode: SAFE_HOLD, Override: Safe hold mode active
2025-05-28 04:04:13,098 - INFO - [AUDIT] - Action: 0, Confidence: 1.0000, Safety Mode: SAFE_HOLD, Override: Safe hold mode active
2025-05-28 04:04:13,099 - INFO - [AUDIT] - Action: 0, Confidence: 1.0000, Safety Mode: SAFE_HOLD, Override: Safe hold mode active
2025-05-28 04:04:13,099 - INFO - [AUDIT] - Action: 0, Confidence: 1.0000, Safety Mode: SAFE_HOLD, Override: Safe hold mode active
2025-05-28 04:04:13,099 - INFO - [AUDIT] - Action: 0, Confidence: 1.0000, Safety Mode: SAFE_HOLD, Override: Safe hold mode active
2025-05-28 04:04:13,099 - INFO - [AUDIT] - Action: 0, Confidence: 1.0000, Safety Mode: SAFE_HOLD, Override: Safe hold mode active
2025-05-28 04:04:13,099 - INFO - [AUDIT] - Action: 0, Confidence: 1.0000, Safety Mode: SAFE_HOLD, Override: Safe hold mode active
2025-05-28 04:04:13,100 - INFO - [AUDIT] - Action: 0, Confidence: 1.0000, Safety Mode: SAFE_HOLD, Override: Safe hold mode active
2025-05-28 04:04:13,100 - INFO - [AUDIT] - Action: 0, Confidence: 1.0000, Safety Mode: SAFE_HOLD, Override: Safe hold mode active
2025-05-28 04:04:13,100 - INFO - [AUDIT] - Action: 0, Confidence: 1.0000, Safety Mode: SAFE_HOLD, Override: Safe hold mode active
2025-05-28 04:04:13,100 - INFO - [AUDIT] - Action: 0, Confidence: 1.0000, Safety Mode: SAFE_HOLD, Override: Safe hold mode active
2025-05-28 04:04:13,100 - INFO - [AUDIT] - Action: 0, Confidence: 1.0000, Safety Mode: SAFE_HOLD, Override: Safe hold mode active
2025-05-28 04:04:13,101 - INFO - [AUDIT] - Action: 0, Confidence: 1.0000, Safety Mode: SAFE_HOLD, Override: Safe hold mode active
2025-05-28 04:04:13,101 - INFO - [AUDIT] - Action: 0, Confidence: 1.0000, Safety Mode: SAFE_HOLD, Override: Safe hold mode active
2025-05-28 04:04:13,101 - INFO - [AUDIT] - Action: 0, Confidence: 1.0000, Safety Mode: SAFE_HOLD, Override: Safe hold mode active
2025-05-28 04:04:13,101 - INFO - [AUDIT] - Action: 0, Confidence: 1.0000, Safety Mode: SAFE_HOLD, Override: Safe hold mode active
2025-05-28 04:04:13,101 - INFO - [AUDIT] - Action: 0, Confidence: 1.0000, Safety Mode: SAFE_HOLD, Override: Safe hold mode active
2025-05-28 04:04:13,101 - INFO - [AUDIT] - Action: 0, Confidence: 1.0000, Safety Mode: SAFE_HOLD, Override: Safe hold mode active
2025-05-28 04:04:13,102 - INFO - [AUDIT] - Action: 0, Confidence: 1.0000, Safety Mode: SAFE_HOLD, Override: Safe hold mode active
2025-05-28 04:04:13,102 - INFO - [AUDIT] - Action: 0, Confidence: 1.0000, Safety Mode: SAFE_HOLD, Override: Safe hold mode active
2025-05-28 04:04:13,102 - INFO - [AUDIT] - Action: 0, Confidence: 1.0000, Safety Mode: SAFE_HOLD, Override: Safe hold mode active
2025-05-28 04:04:13,102 - INFO - [AUDIT] - Action: 0, Confidence: 1.0000, Safety Mode: SAFE_HOLD, Override: Safe hold mode active
2025-05-28 04:04:13,103 - INFO - [AUDIT] - Action: 0, Confidence: 1.0000, Safety Mode: SAFE_HOLD, Override: Safe hold mode active
2025-05-28 04:04:13,103 - INFO - [AUDIT] - Action: 0, Confidence: 1.0000, Safety Mode: SAFE_HOLD, Override: Safe hold mode active
2025-05-28 04:04:13,103 - INFO - [AUDIT] - Action: 0, Confidence: 1.0000, Safety Mode: SAFE_HOLD, Override: Safe hold mode active
2025-05-28 04:04:13,103 - INFO - [AUDIT] - Action: 0, Confidence: 1.0000, Safety Mode: SAFE_HOLD, Override: Safe hold mode active
2025-05-28 04:04:13,103 - INFO - [AUDIT] - Action: 0, Confidence: 1.0000, Safety Mode: SAFE_HOLD, Override: Safe hold mode active
2025-05-28 04:04:13,104 - INFO - [AUDIT] - Action: 0, Confidence: 1.0000, Safety Mode: SAFE_HOLD, Override: Safe hold mode active
2025-05-28 04:04:13,104 - INFO - [AUDIT] - Action: 0, Confidence: 1.0000, Safety Mode: SAFE_HOLD, Override: Safe hold mode active
2025-05-28 04:04:13,104 - INFO - [AUDIT] - Action: 0, Confidence: 1.0000, Safety Mode: SAFE_HOLD, Override: Safe hold mode active
2025-05-28 04:04:13,104 - INFO - [AUDIT] - Action: 0, Confidence: 1.0000, Safety Mode: SAFE_HOLD, Override: Safe hold mode active
2025-05-28 04:04:13,104 - INFO - [AUDIT] - Action: 0, Confidence: 1.0000, Safety Mode: SAFE_HOLD, Override: Safe hold mode active
2025-05-28 04:04:13,105 - INFO - [AUDIT] - Action: 0, Confidence: 1.0000, Safety Mode: SAFE_HOLD, Override: Safe hold mode active
2025-05-28 04:04:13,105 - INFO - [AUDIT] - Action: 0, Confidence: 1.0000, Safety Mode: SAFE_HOLD, Override: Safe hold mode active
2025-05-28 04:04:13,105 - INFO - [AUDIT] - Action: 0, Confidence: 1.0000, Safety Mode: SAFE_HOLD, Override: Safe hold mode active
2025-05-28 04:04:13,105 - INFO - [AUDIT] - Action: 0, Confidence: 1.0000, Safety Mode: SAFE_HOLD, Override: Safe hold mode active
2025-05-28 04:04:13,105 - INFO - [AUDIT] - Action: 0, Confidence: 1.0000, Safety Mode: SAFE_HOLD, Override: Safe hold mode active
2025-05-28 04:04:13,106 - INFO - [AUDIT] - Action: 0, Confidence: 1.0000, Safety Mode: SAFE_HOLD, Override: Safe hold mode active
2025-05-28 04:04:13,106 - INFO - [AUDIT] - Action: 0, Confidence: 1.0000, Safety Mode: SAFE_HOLD, Override: Safe hold mode active
2025-05-28 04:04:13,106 - INFO - [AUDIT] - Action: 0, Confidence: 1.0000, Safety Mode: SAFE_HOLD, Override: Safe hold mode active
2025-05-28 04:04:13,106 - INFO - [AUDIT] - Action: 0, Confidence: 1.0000, Safety Mode: SAFE_HOLD, Override: Safe hold mode active
2025-05-28 04:04:13,107 - INFO - [AUDIT] - Action: 0, Confidence: 1.0000, Safety Mode: SAFE_HOLD, Override: Safe hold mode active
2025-05-28 04:04:13,107 - INFO - [AUDIT] - Action: 0, Confidence: 1.0000, Safety Mode: SAFE_HOLD, Override: Safe hold mode active
2025-05-28 04:04:13,107 - INFO - [AUDIT] - Action: 0, Confidence: 1.0000, Safety Mode: SAFE_HOLD, Override: Safe hold mode active
2025-05-28 04:04:13,107 - INFO - [AUDIT] - Action: 0, Confidence: 1.0000, Safety Mode: SAFE_HOLD, Override: Safe hold mode active
2025-05-28 04:04:13,107 - INFO - [AUDIT] - Action: 0, Confidence: 1.0000, Safety Mode: SAFE_HOLD, Override: Safe hold mode active
2025-05-28 04:04:13,108 - INFO - [AUDIT] - Action: 0, Confidence: 1.0000, Safety Mode: SAFE_HOLD, Override: Safe hold mode active
2025-05-28 04:04:13,108 - INFO - [AUDIT] - Action: 0, Confidence: 1.0000, Safety Mode: SAFE_HOLD, Override: Safe hold mode active
2025-05-28 04:04:13,108 - INFO - [AUDIT] - Action: 0, Confidence: 1.0000, Safety Mode: SAFE_HOLD, Override: Safe hold mode active
2025-05-28 04:04:13,108 - INFO - [AUDIT] - Action: 0, Confidence: 1.0000, Safety Mode: SAFE_HOLD, Override: Safe hold mode active
2025-05-28 04:04:13,108 - INFO - [AUDIT] - Action: 0, Confidence: 1.0000, Safety Mode: SAFE_HOLD, Override: Safe hold mode active
2025-05-28 04:04:13,108 - INFO - [AUDIT] - Action: 0, Confidence: 1.0000, Safety Mode: SAFE_HOLD, Override: Safe hold mode active
2025-05-28 04:04:13,109 - INFO - [AUDIT] - Action: 0, Confidence: 1.0000, Safety Mode: SAFE_HOLD, Override: Safe hold mode active
2025-05-28 04:04:13,109 - INFO - [AUDIT] - Action: 0, Confidence: 1.0000, Safety Mode: SAFE_HOLD, Override: Safe hold mode active
2025-05-28 04:04:13,109 - INFO - [AUDIT] - Action: 0, Confidence: 1.0000, Safety Mode: SAFE_HOLD, Override: Safe hold mode active
2025-05-28 04:04:13,109 - INFO - [AUDIT] - Action: 0, Confidence: 1.0000, Safety Mode: SAFE_HOLD, Override: Safe hold mode active
2025-05-28 04:04:13,109 - INFO - [AUDIT] - Action: 0, Confidence: 1.0000, Safety Mode: SAFE_HOLD, Override: Safe hold mode active
2025-05-28 04:04:13,110 - INFO - [AUDIT] - Action: 0, Confidence: 1.0000, Safety Mode: SAFE_HOLD, Override: Safe hold mode active
2025-05-28 04:04:13,110 - INFO - [AUDIT] - Action: 0, Confidence: 1.0000, Safety Mode: SAFE_HOLD, Override: Safe hold mode active
2025-05-28 04:04:13,110 - INFO - [AUDIT] - Action: 0, Confidence: 1.0000, Safety Mode: SAFE_HOLD, Override: Safe hold mode active
2025-05-28 04:04:13,110 - INFO - [AUDIT] - Action: 0, Confidence: 1.0000, Safety Mode: SAFE_HOLD, Override: Safe hold mode active
2025-05-28 04:04:13,110 - INFO - [AUDIT] - Action: 0, Confidence: 1.0000, Safety Mode: SAFE_HOLD, Override: Safe hold mode active
2025-05-28 04:04:13,111 - INFO - [AUDIT] - Action: 0, Confidence: 1.0000, Safety Mode: SAFE_HOLD, Override: Safe hold mode active
2025-05-28 04:04:13,111 - INFO - [AUDIT] - Action: 0, Confidence: 1.0000, Safety Mode: SAFE_HOLD, Override: Safe hold mode active
2025-05-28 04:04:13,111 - INFO - [AUDIT] - Action: 0, Confidence: 1.0000, Safety Mode: SAFE_HOLD, Override: Safe hold mode active
2025-05-28 04:04:13,111 - INFO - [AUDIT] - Action: 0, Confidence: 1.0000, Safety Mode: SAFE_HOLD, Override: Safe hold mode active
2025-05-28 04:04:13,111 - INFO - [AUDIT] - Action: 0, Confidence: 1.0000, Safety Mode: SAFE_HOLD, Override: Safe hold mode active
2025-05-28 04:04:13,112 - INFO - [AUDIT] - Action: 0, Confidence: 1.0000, Safety Mode: SAFE_HOLD, Override: Safe hold mode active
2025-05-28 04:04:13,112 - INFO - [AUDIT] - Action: 0, Confidence: 1.0000, Safety Mode: SAFE_HOLD, Override: Safe hold mode active
2025-05-28 04:04:13,112 - INFO - [AUDIT] - Action: 0, Confidence: 1.0000, Safety Mode: SAFE_HOLD, Override: Safe hold mode active
2025-05-28 04:04:13,112 - INFO - [AUDIT] - Action: 0, Confidence: 1.0000, Safety Mode: SAFE_HOLD, Override: Safe hold mode active
2025-05-28 04:04:13,112 - INFO - [AUDIT] - Action: 0, Confidence: 1.0000, Safety Mode: SAFE_HOLD, Override: Safe hold mode active
2025-05-28 04:04:13,113 - INFO - [AUDIT] - Action: 0, Confidence: 1.0000, Safety Mode: SAFE_HOLD, Override: Safe hold mode active
2025-05-28 04:04:13,113 - INFO - [AUDIT] - Action: 0, Confidence: 1.0000, Safety Mode: SAFE_HOLD, Override: Safe hold mode active
2025-05-28 04:04:13,113 - INFO - [AUDIT] - Action: 0, Confidence: 1.0000, Safety Mode: SAFE_HOLD, Override: Safe hold mode active
2025-05-28 04:04:13,113 - INFO - [AUDIT] - Action: 0, Confidence: 1.0000, Safety Mode: SAFE_HOLD, Override: Safe hold mode active
2025-05-28 04:04:13,113 - INFO - [AUDIT] - Action: 0, Confidence: 1.0000, Safety Mode: SAFE_HOLD, Override: Safe hold mode active
2025-05-28 04:04:13,114 - INFO - [AUDIT] - Action: 0, Confidence: 1.0000, Safety Mode: SAFE_HOLD, Override: Safe hold mode active
2025-05-28 04:04:13,114 - INFO - [AUDIT] - Action: 0, Confidence: 1.0000, Safety Mode: SAFE_HOLD, Override: Safe hold mode active
2025-05-28 04:04:13,114 - INFO - [AUDIT] - Action: 0, Confidence: 1.0000, Safety Mode: SAFE_HOLD, Override: Safe hold mode active
2025-05-28 04:04:13,114 - INFO - [AUDIT] - Action: 0, Confidence: 1.0000, Safety Mode: SAFE_HOLD, Override: Safe hold mode active
2025-05-28 04:04:13,114 - INFO - [AUDIT] - Action: 0, Confidence: 1.0000, Safety Mode: SAFE_HOLD, Override: Safe hold mode active
2025-05-28 04:04:13,115 - INFO - [AUDIT] - Action: 0, Confidence: 1.0000, Safety Mode: SAFE_HOLD, Override: Safe hold mode active
2025-05-28 04:04:13,115 - INFO - [AUDIT] - Action: 0, Confidence: 1.0000, Safety Mode: SAFE_HOLD, Override: Safe hold mode active
2025-05-28 04:04:13,115 - INFO - [AUDIT] - Action: 0, Confidence: 1.0000, Safety Mode: SAFE_HOLD, Override: Safe hold mode active
2025-05-28 04:04:13,115 - INFO - [AUDIT] - Action: 0, Confidence: 1.0000, Safety Mode: SAFE_HOLD, Override: Safe hold mode active
2025-05-28 04:04:13,115 - INFO - [AUDIT] - Action: 0, Confidence: 1.0000, Safety Mode: SAFE_HOLD, Override: Safe hold mode active
2025-05-28 04:04:13,116 - INFO - [AUDIT] - Action: 0, Confidence: 1.0000, Safety Mode: SAFE_HOLD, Override: Safe hold mode active
2025-05-28 04:04:13,116 - INFO - [AUDIT] - Action: 0, Confidence: 1.0000, Safety Mode: SAFE_HOLD, Override: Safe hold mode active
2025-05-28 04:04:13,116 - INFO - [AUDIT] - Action: 0, Confidence: 1.0000, Safety Mode: SAFE_HOLD, Override: Safe hold mode active
2025-05-28 04:04:13,116 - INFO - [AUDIT] - Action: 0, Confidence: 1.0000, Safety Mode: SAFE_HOLD, Override: Safe hold mode active
2025-05-28 04:04:13,116 - INFO - [AUDIT] - Action: 0, Confidence: 1.0000, Safety Mode: SAFE_HOLD, Override: Safe hold mode active
2025-05-28 04:04:13,117 - INFO - [AUDIT] - Action: 0, Confidence: 1.0000, Safety Mode: SAFE_HOLD, Override: Safe hold mode active
2025-05-28 04:04:13,117 - INFO - [AUDIT] - Action: 0, Confidence: 1.0000, Safety Mode: SAFE_HOLD, Override: Safe hold mode active
2025-05-28 04:04:13,117 - INFO - [AUDIT] - Action: 0, Confidence: 1.0000, Safety Mode: SAFE_HOLD, Override: Safe hold mode active
2025-05-28 04:04:13,117 - INFO - [AUDIT] - Action: 0, Confidence: 1.0000, Safety Mode: SAFE_HOLD, Override: Safe hold mode active
2025-05-28 04:04:13,117 - INFO - [AUDIT] - Action: 0, Confidence: 1.0000, Safety Mode: SAFE_HOLD, Override: Safe hold mode active
2025-05-28 04:04:13,118 - INFO - [AUDIT] - Action: 0, Confidence: 1.0000, Safety Mode: SAFE_HOLD, Override: Safe hold mode active
2025-05-28 04:04:13,118 - INFO - [AUDIT] - Action: 0, Confidence: 1.0000, Safety Mode: SAFE_HOLD, Override: Safe hold mode active
2025-05-28 04:04:13,118 - INFO - [AUDIT] - Action: 0, Confidence: 1.0000, Safety Mode: SAFE_HOLD, Override: Safe hold mode active
2025-05-28 04:04:13,118 - INFO - [AUDIT] - Action: 0, Confidence: 1.0000, Safety Mode: SAFE_HOLD, Override: Safe hold mode active
2025-05-28 04:04:13,119 - INFO - [AUDIT] - Action: 0, Confidence: 1.0000, Safety Mode: SAFE_HOLD, Override: Safe hold mode active
2025-05-28 04:04:13,119 - INFO - [AUDIT] - Action: 0, Confidence: 1.0000, Safety Mode: SAFE_HOLD, Override: Safe hold mode active
2025-05-28 04:04:13,119 - INFO - [AUDIT] - Action: 0, Confidence: 1.0000, Safety Mode: SAFE_HOLD, Override: Safe hold mode active
2025-05-28 04:04:13,119 - INFO - [AUDIT] - Action: 0, Confidence: 1.0000, Safety Mode: SAFE_HOLD, Override: Safe hold mode active
2025-05-28 04:04:13,120 - INFO - [AUDIT] - Action: 0, Confidence: 1.0000, Safety Mode: SAFE_HOLD, Override: Safe hold mode active
2025-05-28 04:04:13,120 - INFO - [AUDIT] - Action: 0, Confidence: 1.0000, Safety Mode: SAFE_HOLD, Override: Safe hold mode active
2025-05-28 04:04:13,120 - INFO - [AUDIT] - Action: 0, Confidence: 1.0000, Safety Mode: SAFE_HOLD, Override: Safe hold mode active
2025-05-28 04:04:13,120 - INFO - [AUDIT] - Action: 0, Confidence: 1.0000, Safety Mode: SAFE_HOLD, Override: Safe hold mode active
2025-05-28 04:04:13,120 - INFO - [AUDIT] - Action: 0, Confidence: 1.0000, Safety Mode: SAFE_HOLD, Override: Safe hold mode active
2025-05-28 04:04:13,121 - INFO - [AUDIT] - Action: 0, Confidence: 1.0000, Safety Mode: SAFE_HOLD, Override: Safe hold mode active
2025-05-28 04:04:13,121 - INFO - [AUDIT] - Action: 0, Confidence: 1.0000, Safety Mode: SAFE_HOLD, Override: Safe hold mode active
2025-05-28 04:04:13,121 - INFO - [AUDIT] - Action: 0, Confidence: 1.0000, Safety Mode: SAFE_HOLD, Override: Safe hold mode active
2025-05-28 04:04:13,121 - INFO - [AUDIT] - Action: 0, Confidence: 1.0000, Safety Mode: SAFE_HOLD, Override: Safe hold mode active
2025-05-28 04:04:13,121 - INFO - [AUDIT] - Action: 0, Confidence: 1.0000, Safety Mode: SAFE_HOLD, Override: Safe hold mode active
2025-05-28 04:04:13,122 - INFO - [AUDIT] - Action: 0, Confidence: 1.0000, Safety Mode: SAFE_HOLD, Override: Safe hold mode active
2025-05-28 04:04:13,122 - INFO - [AUDIT] - Action: 0, Confidence: 1.0000, Safety Mode: SAFE_HOLD, Override: Safe hold mode active
2025-05-28 04:04:13,122 - INFO - [AUDIT] - Action: 0, Confidence: 1.0000, Safety Mode: SAFE_HOLD, Override: Safe hold mode active
2025-05-28 04:04:13,122 - INFO - [AUDIT] - Action: 0, Confidence: 1.0000, Safety Mode: SAFE_HOLD, Override: Safe hold mode active
2025-05-28 04:04:13,122 - INFO - [AUDIT] - Action: 0, Confidence: 1.0000, Safety Mode: SAFE_HOLD, Override: Safe hold mode active
2025-05-28 04:04:13,123 - INFO - [AUDIT] - Action: 0, Confidence: 1.0000, Safety Mode: SAFE_HOLD, Override: Safe hold mode active
2025-05-28 04:04:13,123 - INFO - [AUDIT] - Action: 0, Confidence: 1.0000, Safety Mode: SAFE_HOLD, Override: Safe hold mode active
2025-05-28 04:04:13,123 - INFO - [AUDIT] - Action: 0, Confidence: 1.0000, Safety Mode: SAFE_HOLD, Override: Safe hold mode active
2025-05-28 04:04:13,123 - INFO - [AUDIT] - Action: 0, Confidence: 1.0000, Safety Mode: SAFE_HOLD, Override: Safe hold mode active
2025-05-28 04:04:13,123 - INFO - [AUDIT] - Action: 0, Confidence: 1.0000, Safety Mode: SAFE_HOLD, Override: Safe hold mode active
2025-05-28 04:04:13,124 - INFO - [AUDIT] - Action: 0, Confidence: 1.0000, Safety Mode: SAFE_HOLD, Override: Safe hold mode active
2025-05-28 04:04:13,124 - INFO - [AUDIT] - Action: 0, Confidence: 1.0000, Safety Mode: SAFE_HOLD, Override: Safe hold mode active
2025-05-28 04:04:13,124 - INFO - [AUDIT] - Action: 0, Confidence: 1.0000, Safety Mode: SAFE_HOLD, Override: Safe hold mode active
2025-05-28 04:04:13,124 - INFO - [AUDIT] - Action: 0, Confidence: 1.0000, Safety Mode: SAFE_HOLD, Override: Safe hold mode active
2025-05-28 04:04:13,124 - INFO - [AUDIT] - Action: 0, Confidence: 1.0000, Safety Mode: SAFE_HOLD, Override: Safe hold mode active
2025-05-28 04:04:13,124 - INFO - [AUDIT] - Action: 0, Confidence: 1.0000, Safety Mode: SAFE_HOLD, Override: Safe hold mode active
2025-05-28 04:04:13,125 - INFO - [AUDIT] - Action: 0, Confidence: 1.0000, Safety Mode: SAFE_HOLD, Override: Safe hold mode active
2025-05-28 04:04:13,125 - INFO - [AUDIT] - Action: 0, Confidence: 1.0000, Safety Mode: SAFE_HOLD, Override: Safe hold mode active
2025-05-28 04:04:13,125 - INFO - [AUDIT] - Action: 0, Confidence: 1.0000, Safety Mode: SAFE_HOLD, Override: Safe hold mode active
2025-05-28 04:04:13,125 - INFO - [AUDIT] - Action: 0, Confidence: 1.0000, Safety Mode: SAFE_HOLD, Override: Safe hold mode active
2025-05-28 04:04:13,125 - INFO - [AUDIT] - Action: 0, Confidence: 1.0000, Safety Mode: SAFE_HOLD, Override: Safe hold mode active
2025-05-28 04:04:13,126 - INFO - [AUDIT] - Action: 0, Confidence: 1.0000, Safety Mode: SAFE_HOLD, Override: Safe hold mode active
2025-05-28 04:04:13,126 - INFO - [AUDIT] - Action: 0, Confidence: 1.0000, Safety Mode: SAFE_HOLD, Override: Safe hold mode active
2025-05-28 04:04:13,126 - INFO - [AUDIT] - Action: 0, Confidence: 1.0000, Safety Mode: SAFE_HOLD, Override: Safe hold mode active
2025-05-28 04:04:13,126 - INFO - [AUDIT] - Action: 0, Confidence: 1.0000, Safety Mode: SAFE_HOLD, Override: Safe hold mode active
2025-05-28 04:04:13,126 - INFO - [AUDIT] - Action: 0, Confidence: 1.0000, Safety Mode: SAFE_HOLD, Override: Safe hold mode active
2025-05-28 04:04:13,127 - INFO - [AUDIT] - Action: 0, Confidence: 1.0000, Safety Mode: SAFE_HOLD, Override: Safe hold mode active
2025-05-28 04:04:13,127 - INFO - [AUDIT] - Action: 0, Confidence: 1.0000, Safety Mode: SAFE_HOLD, Override: Safe hold mode active
2025-05-28 04:04:13,127 - INFO - [AUDIT] - Action: 0, Confidence: 1.0000, Safety Mode: SAFE_HOLD, Override: Safe hold mode active
2025-05-28 04:04:13,127 - INFO - [AUDIT] - Action: 0, Confidence: 1.0000, Safety Mode: SAFE_HOLD, Override: Safe hold mode active
2025-05-28 04:04:13,127 - INFO - [AUDIT] - Action: 0, Confidence: 1.0000, Safety Mode: SAFE_HOLD, Override: Safe hold mode active
2025-05-28 04:04:13,128 - INFO - [AUDIT] - Action: 0, Confidence: 1.0000, Safety Mode: SAFE_HOLD, Override: Safe hold mode active
2025-05-28 04:04:13,128 - INFO - [AUDIT] - Action: 0, Confidence: 1.0000, Safety Mode: SAFE_HOLD, Override: Safe hold mode active
2025-05-28 04:04:13,128 - INFO - [AUDIT] - Action: 0, Confidence: 1.0000, Safety Mode: SAFE_HOLD, Override: Safe hold mode active
2025-05-28 04:04:13,128 - INFO - [AUDIT] - Action: 0, Confidence: 1.0000, Safety Mode: SAFE_HOLD, Override: Safe hold mode active
2025-05-28 04:04:13,129 - INFO - [AUDIT] - Action: 0, Confidence: 1.0000, Safety Mode: SAFE_HOLD, Override: Safe hold mode active
2025-05-28 04:04:13,129 - INFO - [AUDIT] - Action: 0, Confidence: 1.0000, Safety Mode: SAFE_HOLD, Override: Safe hold mode active
2025-05-28 04:04:13,129 - INFO - [AUDIT] - Action: 0, Confidence: 1.0000, Safety Mode: SAFE_HOLD, Override: Safe hold mode active
2025-05-28 04:04:13,129 - INFO - [AUDIT] - Action: 0, Confidence: 1.0000, Safety Mode: SAFE_HOLD, Override: Safe hold mode active
2025-05-28 04:04:13,129 - INFO - [AUDIT] - Action: 0, Confidence: 1.0000, Safety Mode: SAFE_HOLD, Override: Safe hold mode active
2025-05-28 04:04:13,130 - INFO - [AUDIT] - Action: 0, Confidence: 1.0000, Safety Mode: SAFE_HOLD, Override: Safe hold mode active
2025-05-28 04:04:13,130 - INFO - [AUDIT] - Action: 0, Confidence: 1.0000, Safety Mode: SAFE_HOLD, Override: Safe hold mode active
2025-05-28 04:04:13,130 - INFO - [AUDIT] - Action: 0, Confidence: 1.0000, Safety Mode: SAFE_HOLD, Override: Safe hold mode active
2025-05-28 04:04:13,130 - INFO - [AUDIT] - Action: 0, Confidence: 1.0000, Safety Mode: SAFE_HOLD, Override: Safe hold mode active
2025-05-28 04:04:13,130 - INFO - [AUDIT] - Action: 0, Confidence: 1.0000, Safety Mode: SAFE_HOLD, Override: Safe hold mode active
2025-05-28 04:04:13,131 - INFO - [AUDIT] - Action: 0, Confidence: 1.0000, Safety Mode: SAFE_HOLD, Override: Safe hold mode active
2025-05-28 04:04:13,131 - INFO - [AUDIT] - Action: 0, Confidence: 1.0000, Safety Mode: SAFE_HOLD, Override: Safe hold mode active
2025-05-28 04:04:13,131 - INFO - [AUDIT] - Action: 0, Confidence: 1.0000, Safety Mode: SAFE_HOLD, Override: Safe hold mode active
2025-05-28 04:04:13,131 - INFO - [AUDIT] - Action: 0, Confidence: 1.0000, Safety Mode: SAFE_HOLD, Override: Safe hold mode active
2025-05-28 04:04:13,131 - INFO - [AUDIT] - Action: 0, Confidence: 1.0000, Safety Mode: SAFE_HOLD, Override: Safe hold mode active
2025-05-28 04:04:13,131 - INFO - [AUDIT] - Action: 0, Confidence: 1.0000, Safety Mode: SAFE_HOLD, Override: Safe hold mode active
2025-05-28 04:04:13,132 - INFO - [AUDIT] - Action: 0, Confidence: 1.0000, Safety Mode: SAFE_HOLD, Override: Safe hold mode active
2025-05-28 04:04:13,132 - INFO - [AUDIT] - Action: 0, Confidence: 1.0000, Safety Mode: SAFE_HOLD, Override: Safe hold mode active
2025-05-28 04:04:13,132 - INFO - [AUDIT] - Action: 0, Confidence: 1.0000, Safety Mode: SAFE_HOLD, Override: Safe hold mode active
2025-05-28 04:04:13,132 - INFO - [AUDIT] - Action: 0, Confidence: 1.0000, Safety Mode: SAFE_HOLD, Override: Safe hold mode active
2025-05-28 04:04:13,132 - INFO - [AUDIT] - Action: 0, Confidence: 1.0000, Safety Mode: SAFE_HOLD, Override: Safe hold mode active
2025-05-28 04:04:13,133 - INFO - [AUDIT] - Action: 0, Confidence: 1.0000, Safety Mode: SAFE_HOLD, Override: Safe hold mode active
2025-05-28 04:04:13,133 - INFO - [AUDIT] - Action: 0, Confidence: 1.0000, Safety Mode: SAFE_HOLD, Override: Safe hold mode active
2025-05-28 04:04:13,133 - INFO - [AUDIT] - Action: 0, Confidence: 1.0000, Safety Mode: SAFE_HOLD, Override: Safe hold mode active
2025-05-28 04:04:13,133 - INFO - [AUDIT] - Action: 0, Confidence: 1.0000, Safety Mode: SAFE_HOLD, Override: Safe hold mode active
2025-05-28 04:04:13,133 - INFO - [AUDIT] - Action: 0, Confidence: 1.0000, Safety Mode: SAFE_HOLD, Override: Safe hold mode active
2025-05-28 04:04:13,134 - INFO - [AUDIT] - Action: 0, Confidence: 1.0000, Safety Mode: SAFE_HOLD, Override: Safe hold mode active
2025-05-28 04:04:13,134 - INFO - [AUDIT] - Action: 0, Confidence: 1.0000, Safety Mode: SAFE_HOLD, Override: Safe hold mode active
2025-05-28 04:04:13,134 - INFO - [AUDIT] - Action: 0, Confidence: 1.0000, Safety Mode: SAFE_HOLD, Override: Safe hold mode active
2025-05-28 04:04:13,134 - INFO - [AUDIT] - Action: 0, Confidence: 1.0000, Safety Mode: SAFE_HOLD, Override: Safe hold mode active
2025-05-28 04:04:13,134 - INFO - [AUDIT] - Action: 0, Confidence: 1.0000, Safety Mode: SAFE_HOLD, Override: Safe hold mode active
2025-05-28 04:04:13,135 - INFO - [AUDIT] - Action: 0, Confidence: 1.0000, Safety Mode: SAFE_HOLD, Override: Safe hold mode active
2025-05-28 04:04:13,135 - INFO - [AUDIT] - Action: 0, Confidence: 1.0000, Safety Mode: SAFE_HOLD, Override: Safe hold mode active
2025-05-28 04:04:13,135 - INFO - [AUDIT] - Action: 0, Confidence: 1.0000, Safety Mode: SAFE_HOLD, Override: Safe hold mode active
2025-05-28 04:04:13,135 - INFO - [AUDIT] - Action: 0, Confidence: 1.0000, Safety Mode: SAFE_HOLD, Override: Safe hold mode active
2025-05-28 04:04:13,135 - INFO - [AUDIT] - Action: 0, Confidence: 1.0000, Safety Mode: SAFE_HOLD, Override: Safe hold mode active
2025-05-28 04:04:13,136 - INFO - [AUDIT] - Action: 0, Confidence: 1.0000, Safety Mode: SAFE_HOLD, Override: Safe hold mode active
2025-05-28 04:04:13,136 - INFO - [AUDIT] - Action: 0, Confidence: 1.0000, Safety Mode: SAFE_HOLD, Override: Safe hold mode active
2025-05-28 04:04:13,136 - INFO - [AUDIT] - Action: 0, Confidence: 1.0000, Safety Mode: SAFE_HOLD, Override: Safe hold mode active
2025-05-28 04:04:13,136 - INFO - [AUDIT] - Action: 0, Confidence: 1.0000, Safety Mode: SAFE_HOLD, Override: Safe hold mode active
2025-05-28 04:04:13,137 - INFO - [AUDIT] - Action: 0, Confidence: 1.0000, Safety Mode: SAFE_HOLD, Override: Safe hold mode active
2025-05-28 04:04:13,137 - INFO - [AUDIT] - Action: 0, Confidence: 1.0000, Safety Mode: SAFE_HOLD, Override: Safe hold mode active
2025-05-28 04:04:13,137 - INFO - [AUDIT] - Action: 0, Confidence: 1.0000, Safety Mode: SAFE_HOLD, Override: Safe hold mode active
2025-05-28 04:04:13,137 - INFO - [AUDIT] - Action: 0, Confidence: 1.0000, Safety Mode: SAFE_HOLD, Override: Safe hold mode active
2025-05-28 04:04:13,137 - INFO - [AUDIT] - Action: 0, Confidence: 1.0000, Safety Mode: SAFE_HOLD, Override: Safe hold mode active
2025-05-28 04:04:13,138 - INFO - [AUDIT] - Action: 0, Confidence: 1.0000, Safety Mode: SAFE_HOLD, Override: Safe hold mode active
2025-05-28 04:04:13,138 - INFO - [AUDIT] - Action: 0, Confidence: 1.0000, Safety Mode: SAFE_HOLD, Override: Safe hold mode active
2025-05-28 04:04:13,138 - INFO - [AUDIT] - Action: 0, Confidence: 1.0000, Safety Mode: SAFE_HOLD, Override: Safe hold mode active
2025-05-28 04:04:13,138 - INFO - [AUDIT] - Action: 0, Confidence: 1.0000, Safety Mode: SAFE_HOLD, Override: Safe hold mode active
2025-05-28 04:04:13,138 - INFO - [AUDIT] - Action: 0, Confidence: 1.0000, Safety Mode: SAFE_HOLD, Override: Safe hold mode active
2025-05-28 04:04:13,139 - INFO - [AUDIT] - Action: 0, Confidence: 1.0000, Safety Mode: SAFE_HOLD, Override: Safe hold mode active
2025-05-28 04:04:13,139 - INFO - [AUDIT] - Action: 0, Confidence: 1.0000, Safety Mode: SAFE_HOLD, Override: Safe hold mode active
2025-05-28 04:04:13,139 - INFO - [AUDIT] - Action: 0, Confidence: 1.0000, Safety Mode: SAFE_HOLD, Override: Safe hold mode active
2025-05-28 04:04:13,139 - INFO - [AUDIT] - Action: 0, Confidence: 1.0000, Safety Mode: SAFE_HOLD, Override: Safe hold mode active
2025-05-28 04:04:13,139 - INFO - [AUDIT] - Action: 0, Confidence: 1.0000, Safety Mode: SAFE_HOLD, Override: Safe hold mode active
2025-05-28 04:04:13,140 - INFO - [AUDIT] - Action: 0, Confidence: 1.0000, Safety Mode: SAFE_HOLD, Override: Safe hold mode active
2025-05-28 04:04:13,140 - INFO - [AUDIT] - Action: 0, Confidence: 1.0000, Safety Mode: SAFE_HOLD, Override: Safe hold mode active
2025-05-28 04:04:13,140 - INFO - [AUDIT] - Action: 0, Confidence: 1.0000, Safety Mode: SAFE_HOLD, Override: Safe hold mode active
2025-05-28 04:04:13,140 - INFO - [AUDIT] - Action: 0, Confidence: 1.0000, Safety Mode: SAFE_HOLD, Override: Safe hold mode active
2025-05-28 04:04:13,140 - INFO - [AUDIT] - Action: 0, Confidence: 1.0000, Safety Mode: SAFE_HOLD, Override: Safe hold mode active
2025-05-28 04:04:13,141 - INFO - [AUDIT] - Action: 0, Confidence: 1.0000, Safety Mode: SAFE_HOLD, Override: Safe hold mode active
2025-05-28 04:04:13,141 - INFO - [AUDIT] - Action: 0, Confidence: 1.0000, Safety Mode: SAFE_HOLD, Override: Safe hold mode active
2025-05-28 04:04:13,141 - INFO - [AUDIT] - Action: 0, Confidence: 1.0000, Safety Mode: SAFE_HOLD, Override: Safe hold mode active
2025-05-28 04:04:13,141 - INFO - [AUDIT] - Action: 0, Confidence: 1.0000, Safety Mode: SAFE_HOLD, Override: Safe hold mode active
2025-05-28 04:04:13,141 - INFO - [AUDIT] - Action: 0, Confidence: 1.0000, Safety Mode: SAFE_HOLD, Override: Safe hold mode active
2025-05-28 04:04:13,142 - INFO - [AUDIT] - Action: 0, Confidence: 1.0000, Safety Mode: SAFE_HOLD, Override: Safe hold mode active
2025-05-28 04:04:13,142 - INFO - [AUDIT] - Action: 0, Confidence: 1.0000, Safety Mode: SAFE_HOLD, Override: Safe hold mode active
2025-05-28 04:04:13,142 - INFO - [AUDIT] - Action: 0, Confidence: 1.0000, Safety Mode: SAFE_HOLD, Override: Safe hold mode active
2025-05-28 04:04:13,142 - INFO - [AUDIT] - Action: 0, Confidence: 1.0000, Safety Mode: SAFE_HOLD, Override: Safe hold mode active
2025-05-28 04:04:13,142 - INFO - [AUDIT] - Action: 0, Confidence: 1.0000, Safety Mode: SAFE_HOLD, Override: Safe hold mode active
2025-05-28 04:04:13,143 - INFO - [AUDIT] - Action: 0, Confidence: 1.0000, Safety Mode: SAFE_HOLD, Override: Safe hold mode active
2025-05-28 04:04:13,143 - INFO - [AUDIT] - Action: 0, Confidence: 1.0000, Safety Mode: SAFE_HOLD, Override: Safe hold mode active
2025-05-28 04:04:13,143 - INFO - [AUDIT] - Action: 0, Confidence: 1.0000, Safety Mode: SAFE_HOLD, Override: Safe hold mode active
2025-05-28 04:04:13,143 - INFO - [AUDIT] - Action: 0, Confidence: 1.0000, Safety Mode: SAFE_HOLD, Override: Safe hold mode active
2025-05-28 04:04:13,143 - INFO - [AUDIT] - Action: 0, Confidence: 1.0000, Safety Mode: SAFE_HOLD, Override: Safe hold mode active
2025-05-28 04:04:13,143 - INFO - [AUDIT] - Action: 0, Confidence: 1.0000, Safety Mode: SAFE_HOLD, Override: Safe hold mode active
2025-05-28 04:04:13,144 - INFO - [AUDIT] - Action: 0, Confidence: 1.0000, Safety Mode: SAFE_HOLD, Override: Safe hold mode active
2025-05-28 04:04:13,144 - INFO - [AUDIT] - Action: 0, Confidence: 1.0000, Safety Mode: SAFE_HOLD, Override: Safe hold mode active
2025-05-28 04:04:13,144 - INFO - [AUDIT] - Action: 0, Confidence: 1.0000, Safety Mode: SAFE_HOLD, Override: Safe hold mode active
2025-05-28 04:04:13,144 - INFO - [AUDIT] - Action: 0, Confidence: 1.0000, Safety Mode: SAFE_HOLD, Override: Safe hold mode active
2025-05-28 04:04:13,144 - INFO - [AUDIT] - Action: 0, Confidence: 1.0000, Safety Mode: SAFE_HOLD, Override: Safe hold mode active
2025-05-28 04:04:13,145 - INFO - [AUDIT] - Action: 0, Confidence: 1.0000, Safety Mode: SAFE_HOLD, Override: Safe hold mode active
2025-05-28 04:04:13,145 - INFO - [AUDIT] - Action: 0, Confidence: 1.0000, Safety Mode: SAFE_HOLD, Override: Safe hold mode active
2025-05-28 04:04:13,145 - INFO - [AUDIT] - Action: 0, Confidence: 1.0000, Safety Mode: SAFE_HOLD, Override: Safe hold mode active
2025-05-28 04:04:13,145 - INFO - [AUDIT] - Action: 0, Confidence: 1.0000, Safety Mode: SAFE_HOLD, Override: Safe hold mode active
2025-05-28 04:04:13,145 - INFO - [AUDIT] - Action: 0, Confidence: 1.0000, Safety Mode: SAFE_HOLD, Override: Safe hold mode active
2025-05-28 04:04:13,146 - INFO - [AUDIT] - Action: 0, Confidence: 1.0000, Safety Mode: SAFE_HOLD, Override: Safe hold mode active
2025-05-28 04:04:13,146 - INFO - [AUDIT] - Action: 0, Confidence: 1.0000, Safety Mode: SAFE_HOLD, Override: Safe hold mode active
2025-05-28 04:04:13,146 - INFO - [AUDIT] - Action: 0, Confidence: 1.0000, Safety Mode: SAFE_HOLD, Override: Safe hold mode active
2025-05-28 04:04:13,146 - INFO - [AUDIT] - Action: 0, Confidence: 1.0000, Safety Mode: SAFE_HOLD, Override: Safe hold mode active
2025-05-28 04:04:13,146 - INFO - [AUDIT] - Action: 0, Confidence: 1.0000, Safety Mode: SAFE_HOLD, Override: Safe hold mode active
2025-05-28 04:04:13,147 - INFO - [AUDIT] - Action: 0, Confidence: 1.0000, Safety Mode: SAFE_HOLD, Override: Safe hold mode active
2025-05-28 04:04:13,147 - INFO - [AUDIT] - Action: 0, Confidence: 1.0000, Safety Mode: SAFE_HOLD, Override: Safe hold mode active
2025-05-28 04:04:13,147 - INFO - [AUDIT] - Action: 0, Confidence: 1.0000, Safety Mode: SAFE_HOLD, Override: Safe hold mode active
2025-05-28 04:04:13,147 - INFO - [AUDIT] - Action: 0, Confidence: 1.0000, Safety Mode: SAFE_HOLD, Override: Safe hold mode active
2025-05-28 04:04:13,148 - INFO - [AUDIT] - Action: 0, Confidence: 1.0000, Safety Mode: SAFE_HOLD, Override: Safe hold mode active
2025-05-28 04:04:13,148 - INFO - [AUDIT] - Action: 0, Confidence: 1.0000, Safety Mode: SAFE_HOLD, Override: Safe hold mode active
2025-05-28 04:04:13,148 - INFO - [AUDIT] - Action: 0, Confidence: 1.0000, Safety Mode: SAFE_HOLD, Override: Safe hold mode active
2025-05-28 04:04:13,148 - INFO - [AUDIT] - Action: 0, Confidence: 1.0000, Safety Mode: SAFE_HOLD, Override: Safe hold mode active
2025-05-28 04:04:13,148 - INFO - [AUDIT] - Action: 0, Confidence: 1.0000, Safety Mode: SAFE_HOLD, Override: Safe hold mode active
2025-05-28 04:04:13,149 - INFO - [AUDIT] - Action: 0, Confidence: 1.0000, Safety Mode: SAFE_HOLD, Override: Safe hold mode active
2025-05-28 04:04:13,149 - INFO - [AUDIT] - Action: 0, Confidence: 1.0000, Safety Mode: SAFE_HOLD, Override: Safe hold mode active
2025-05-28 04:04:13,149 - INFO - [AUDIT] - Action: 0, Confidence: 1.0000, Safety Mode: SAFE_HOLD, Override: Safe hold mode active
2025-05-28 04:04:13,149 - INFO - [AUDIT] - Action: 0, Confidence: 1.0000, Safety Mode: SAFE_HOLD, Override: Safe hold mode active
2025-05-28 04:04:13,149 - INFO - [AUDIT] - Action: 0, Confidence: 1.0000, Safety Mode: SAFE_HOLD, Override: Safe hold mode active
2025-05-28 04:04:13,150 - INFO - [AUDIT] - Action: 0, Confidence: 1.0000, Safety Mode: SAFE_HOLD, Override: Safe hold mode active
2025-05-28 04:04:13,150 - INFO - [AUDIT] - Action: 0, Confidence: 1.0000, Safety Mode: SAFE_HOLD, Override: Safe hold mode active
2025-05-28 04:04:13,150 - INFO - [AUDIT] - Action: 0, Confidence: 1.0000, Safety Mode: SAFE_HOLD, Override: Safe hold mode active
2025-05-28 04:04:13,150 - INFO - [AUDIT] - Action: 0, Confidence: 1.0000, Safety Mode: SAFE_HOLD, Override: Safe hold mode active
2025-05-28 04:04:13,150 - INFO - [AUDIT] - Action: 0, Confidence: 1.0000, Safety Mode: SAFE_HOLD, Override: Safe hold mode active
2025-05-28 04:04:13,151 - INFO - [AUDIT] - Action: 0, Confidence: 1.0000, Safety Mode: SAFE_HOLD, Override: Safe hold mode active
2025-05-28 04:04:13,151 - INFO - [AUDIT] - Action: 0, Confidence: 1.0000, Safety Mode: SAFE_HOLD, Override: Safe hold mode active
2025-05-28 04:04:13,151 - INFO - [AUDIT] - Action: 0, Confidence: 1.0000, Safety Mode: SAFE_HOLD, Override: Safe hold mode active
2025-05-28 04:04:13,151 - INFO - [AUDIT] - Action: 0, Confidence: 1.0000, Safety Mode: SAFE_HOLD, Override: Safe hold mode active
2025-05-28 04:04:13,151 - INFO - [AUDIT] - Action: 0, Confidence: 1.0000, Safety Mode: SAFE_HOLD, Override: Safe hold mode active
2025-05-28 04:04:13,151 - INFO - [AUDIT] - Action: 0, Confidence: 1.0000, Safety Mode: SAFE_HOLD, Override: Safe hold mode active
2025-05-28 04:04:13,152 - INFO - [AUDIT] - Action: 0, Confidence: 1.0000, Safety Mode: SAFE_HOLD, Override: Safe hold mode active
2025-05-28 04:04:13,152 - INFO - [AUDIT] - Action: 0, Confidence: 1.0000, Safety Mode: SAFE_HOLD, Override: Safe hold mode active
2025-05-28 04:04:13,152 - INFO - [AUDIT] - Action: 0, Confidence: 1.0000, Safety Mode: SAFE_HOLD, Override: Safe hold mode active
2025-05-28 04:04:13,153 - INFO - [AUDIT] - Action: 0, Confidence: 1.0000, Safety Mode: SAFE_HOLD, Override: Safe hold mode active
2025-05-28 04:04:13,153 - INFO - [AUDIT] - Action: 0, Confidence: 1.0000, Safety Mode: SAFE_HOLD, Override: Safe hold mode active
2025-05-28 04:04:13,153 - INFO - [AUDIT] - Action: 0, Confidence: 1.0000, Safety Mode: SAFE_HOLD, Override: Safe hold mode active
2025-05-28 04:04:13,153 - INFO - [AUDIT] - Action: 0, Confidence: 1.0000, Safety Mode: SAFE_HOLD, Override: Safe hold mode active
2025-05-28 04:04:13,153 - INFO - [AUDIT] - Action: 0, Confidence: 1.0000, Safety Mode: SAFE_HOLD, Override: Safe hold mode active
2025-05-28 04:04:13,153 - INFO - [AUDIT] - Action: 0, Confidence: 1.0000, Safety Mode: SAFE_HOLD, Override: Safe hold mode active
2025-05-28 04:04:13,154 - INFO - [AUDIT] - Action: 0, Confidence: 1.0000, Safety Mode: SAFE_HOLD, Override: Safe hold mode active
2025-05-28 04:04:13,154 - INFO - [AUDIT] - Action: 0, Confidence: 1.0000, Safety Mode: SAFE_HOLD, Override: Safe hold mode active
2025-05-28 04:04:13,154 - INFO - [AUDIT] - Action: 0, Confidence: 1.0000, Safety Mode: SAFE_HOLD, Override: Safe hold mode active
2025-05-28 04:04:13,154 - INFO - [AUDIT] - Action: 0, Confidence: 1.0000, Safety Mode: SAFE_HOLD, Override: Safe hold mode active
2025-05-28 04:04:13,154 - INFO - [AUDIT] - Action: 0, Confidence: 1.0000, Safety Mode: SAFE_HOLD, Override: Safe hold mode active
2025-05-28 04:04:13,155 - INFO - [AUDIT] - Action: 0, Confidence: 1.0000, Safety Mode: SAFE_HOLD, Override: Safe hold mode active
2025-05-28 04:04:13,155 - INFO - [AUDIT] - Action: 0, Confidence: 1.0000, Safety Mode: SAFE_HOLD, Override: Safe hold mode active
2025-05-28 04:04:13,155 - INFO - [AUDIT] - Action: 0, Confidence: 1.0000, Safety Mode: SAFE_HOLD, Override: Safe hold mode active
2025-05-28 04:04:13,155 - INFO - [AUDIT] - Action: 0, Confidence: 1.0000, Safety Mode: SAFE_HOLD, Override: Safe hold mode active
2025-05-28 04:04:13,155 - INFO - [AUDIT] - Action: 0, Confidence: 1.0000, Safety Mode: SAFE_HOLD, Override: Safe hold mode active
2025-05-28 04:04:13,155 - INFO - [AUDIT] - Action: 0, Confidence: 1.0000, Safety Mode: SAFE_HOLD, Override: Safe hold mode active
2025-05-28 04:04:13,156 - INFO - [AUDIT] - Action: 0, Confidence: 1.0000, Safety Mode: SAFE_HOLD, Override: Safe hold mode active
2025-05-28 04:04:13,156 - INFO - [AUDIT] - Action: 0, Confidence: 1.0000, Safety Mode: SAFE_HOLD, Override: Safe hold mode active
2025-05-28 04:04:13,156 - INFO - [AUDIT] - Action: 0, Confidence: 1.0000, Safety Mode: SAFE_HOLD, Override: Safe hold mode active
2025-05-28 04:04:13,156 - INFO - [AUDIT] - Action: 0, Confidence: 1.0000, Safety Mode: SAFE_HOLD, Override: Safe hold mode active
2025-05-28 04:04:13,156 - INFO - [AUDIT] - Action: 0, Confidence: 1.0000, Safety Mode: SAFE_HOLD, Override: Safe hold mode active
2025-05-28 04:04:13,157 - INFO - [AUDIT] - Action: 0, Confidence: 1.0000, Safety Mode: SAFE_HOLD, Override: Safe hold mode active
2025-05-28 04:04:13,157 - INFO - [AUDIT] - Action: 0, Confidence: 1.0000, Safety Mode: SAFE_HOLD, Override: Safe hold mode active
2025-05-28 04:04:13,157 - INFO - [AUDIT] - Action: 0, Confidence: 1.0000, Safety Mode: SAFE_HOLD, Override: Safe hold mode active
2025-05-28 04:04:13,157 - INFO - [AUDIT] - Action: 0, Confidence: 1.0000, Safety Mode: SAFE_HOLD, Override: Safe hold mode active
2025-05-28 04:04:13,157 - INFO - [AUDIT] - Action: 0, Confidence: 1.0000, Safety Mode: SAFE_HOLD, Override: Safe hold mode active
2025-05-28 04:04:13,158 - INFO - [AUDIT] - Action: 0, Confidence: 1.0000, Safety Mode: SAFE_HOLD, Override: Safe hold mode active
2025-05-28 04:04:13,158 - INFO - [AUDIT] - Action: 0, Confidence: 1.0000, Safety Mode: SAFE_HOLD, Override: Safe hold mode active
2025-05-28 04:04:13,158 - INFO - [AUDIT] - Action: 0, Confidence: 1.0000, Safety Mode: SAFE_HOLD, Override: Safe hold mode active
2025-05-28 04:04:13,158 - INFO - [AUDIT] - Action: 0, Confidence: 1.0000, Safety Mode: SAFE_HOLD, Override: Safe hold mode active
2025-05-28 04:04:13,158 - INFO - [AUDIT] - Action: 0, Confidence: 1.0000, Safety Mode: SAFE_HOLD, Override: Safe hold mode active
2025-05-28 04:04:13,159 - INFO - [AUDIT] - Action: 0, Confidence: 1.0000, Safety Mode: SAFE_HOLD, Override: Safe hold mode active
2025-05-28 04:04:13,159 - INFO - [AUDIT] - Action: 0, Confidence: 1.0000, Safety Mode: SAFE_HOLD, Override: Safe hold mode active
2025-05-28 04:04:13,159 - INFO - [AUDIT] - Action: 0, Confidence: 1.0000, Safety Mode: SAFE_HOLD, Override: Safe hold mode active
2025-05-28 04:04:13,159 - INFO - [AUDIT] - Action: 0, Confidence: 1.0000, Safety Mode: SAFE_HOLD, Override: Safe hold mode active
2025-05-28 04:04:13,159 - INFO - [AUDIT] - Action: 0, Confidence: 1.0000, Safety Mode: SAFE_HOLD, Override: Safe hold mode active
2025-05-28 04:04:13,159 - INFO - [AUDIT] - Action: 0, Confidence: 1.0000, Safety Mode: SAFE_HOLD, Override: Safe hold mode active
2025-05-28 04:04:13,160 - INFO - [AUDIT] - Action: 0, Confidence: 1.0000, Safety Mode: SAFE_HOLD, Override: Safe hold mode active
2025-05-28 04:04:13,160 - INFO - [AUDIT] - Action: 0, Confidence: 1.0000, Safety Mode: SAFE_HOLD, Override: Safe hold mode active
2025-05-28 04:04:13,160 - INFO - [AUDIT] - Action: 0, Confidence: 1.0000, Safety Mode: SAFE_HOLD, Override: Safe hold mode active
2025-05-28 04:04:13,160 - INFO - [AUDIT] - Action: 0, Confidence: 1.0000, Safety Mode: SAFE_HOLD, Override: Safe hold mode active
2025-05-28 04:04:13,160 - INFO - [AUDIT] - Action: 0, Confidence: 1.0000, Safety Mode: SAFE_HOLD, Override: Safe hold mode active
2025-05-28 04:04:13,161 - INFO - [AUDIT] - Action: 0, Confidence: 1.0000, Safety Mode: SAFE_HOLD, Override: Safe hold mode active
2025-05-28 04:04:13,161 - INFO - [AUDIT] - Action: 0, Confidence: 1.0000, Safety Mode: SAFE_HOLD, Override: Safe hold mode active
2025-05-28 04:04:13,161 - INFO - [AUDIT] - Action: 0, Confidence: 1.0000, Safety Mode: SAFE_HOLD, Override: Safe hold mode active
2025-05-28 04:04:13,161 - INFO - [AUDIT] - Action: 0, Confidence: 1.0000, Safety Mode: SAFE_HOLD, Override: Safe hold mode active
2025-05-28 04:04:13,161 - INFO - [AUDIT] - Action: 0, Confidence: 1.0000, Safety Mode: SAFE_HOLD, Override: Safe hold mode active
2025-05-28 04:04:13,162 - INFO - [AUDIT] - Action: 0, Confidence: 1.0000, Safety Mode: SAFE_HOLD, Override: Safe hold mode active
2025-05-28 04:04:13,162 - INFO - [AUDIT] - Action: 0, Confidence: 1.0000, Safety Mode: SAFE_HOLD, Override: Safe hold mode active
2025-05-28 04:04:13,162 - INFO - [AUDIT] - Action: 0, Confidence: 1.0000, Safety Mode: SAFE_HOLD, Override: Safe hold mode active
2025-05-28 04:04:13,162 - INFO - [AUDIT] - Action: 0, Confidence: 1.0000, Safety Mode: SAFE_HOLD, Override: Safe hold mode active
2025-05-28 04:04:13,162 - INFO - [AUDIT] - Action: 0, Confidence: 1.0000, Safety Mode: SAFE_HOLD, Override: Safe hold mode active
2025-05-28 04:04:13,162 - INFO - [AUDIT] - Action: 0, Confidence: 1.0000, Safety Mode: SAFE_HOLD, Override: Safe hold mode active
2025-05-28 04:04:13,163 - INFO - [AUDIT] - Action: 0, Confidence: 1.0000, Safety Mode: SAFE_HOLD, Override: Safe hold mode active
2025-05-28 04:04:13,163 - INFO - [AUDIT] - Action: 0, Confidence: 1.0000, Safety Mode: SAFE_HOLD, Override: Safe hold mode active
2025-05-28 04:04:13,163 - INFO - [AUDIT] - Action: 0, Confidence: 1.0000, Safety Mode: SAFE_HOLD, Override: Safe hold mode active
2025-05-28 04:04:13,163 - INFO - [AUDIT] - Action: 0, Confidence: 1.0000, Safety Mode: SAFE_HOLD, Override: Safe hold mode active
2025-05-28 04:04:13,163 - INFO - [AUDIT] - Action: 0, Confidence: 1.0000, Safety Mode: SAFE_HOLD, Override: Safe hold mode active
2025-05-28 04:04:13,164 - INFO - [AUDIT] - Action: 0, Confidence: 1.0000, Safety Mode: SAFE_HOLD, Override: Safe hold mode active
2025-05-28 04:04:13,164 - INFO - [AUDIT] - Action: 0, Confidence: 1.0000, Safety Mode: SAFE_HOLD, Override: Safe hold mode active
2025-05-28 04:04:13,164 - INFO - [AUDIT] - Action: 0, Confidence: 1.0000, Safety Mode: SAFE_HOLD, Override: Safe hold mode active
2025-05-28 04:04:13,164 - INFO - [AUDIT] - Action: 0, Confidence: 1.0000, Safety Mode: SAFE_HOLD, Override: Safe hold mode active
2025-05-28 04:04:13,164 - INFO - [AUDIT] - Action: 0, Confidence: 1.0000, Safety Mode: SAFE_HOLD, Override: Safe hold mode active
2025-05-28 04:04:13,165 - INFO - [AUDIT] - Action: 0, Confidence: 1.0000, Safety Mode: SAFE_HOLD, Override: Safe hold mode active
2025-05-28 04:04:13,165 - INFO - [AUDIT] - Action: 0, Confidence: 1.0000, Safety Mode: SAFE_HOLD, Override: Safe hold mode active
2025-05-28 04:04:13,165 - INFO - [AUDIT] - Action: 0, Confidence: 1.0000, Safety Mode: SAFE_HOLD, Override: Safe hold mode active
2025-05-28 04:04:13,165 - INFO - [AUDIT] - Action: 0, Confidence: 1.0000, Safety Mode: SAFE_HOLD, Override: Safe hold mode active
2025-05-28 04:04:13,165 - INFO - [AUDIT] - Action: 0, Confidence: 1.0000, Safety Mode: SAFE_HOLD, Override: Safe hold mode active
2025-05-28 04:04:13,166 - INFO - [AUDIT] - Action: 0, Confidence: 1.0000, Safety Mode: SAFE_HOLD, Override: Safe hold mode active
2025-05-28 04:04:13,166 - INFO - [AUDIT] - Action: 0, Confidence: 1.0000, Safety Mode: SAFE_HOLD, Override: Safe hold mode active
2025-05-28 04:04:13,166 - INFO - [AUDIT] - Action: 0, Confidence: 1.0000, Safety Mode: SAFE_HOLD, Override: Safe hold mode active
2025-05-28 04:04:13,166 - INFO - [AUDIT] - Action: 0, Confidence: 1.0000, Safety Mode: SAFE_HOLD, Override: Safe hold mode active
2025-05-28 04:04:13,166 - INFO - [AUDIT] - Action: 0, Confidence: 1.0000, Safety Mode: SAFE_HOLD, Override: Safe hold mode active
2025-05-28 04:04:13,167 - INFO - [AUDIT] - Action: 0, Confidence: 1.0000, Safety Mode: SAFE_HOLD, Override: Safe hold mode active
2025-05-28 04:04:13,167 - INFO - [AUDIT] - Action: 0, Confidence: 1.0000, Safety Mode: SAFE_HOLD, Override: Safe hold mode active
2025-05-28 04:04:13,167 - INFO - [AUDIT] - Action: 0, Confidence: 1.0000, Safety Mode: SAFE_HOLD, Override: Safe hold mode active
2025-05-28 04:04:13,167 - INFO - [AUDIT] - Action: 0, Confidence: 1.0000, Safety Mode: SAFE_HOLD, Override: Safe hold mode active
2025-05-28 04:04:13,167 - INFO - [AUDIT] - Action: 0, Confidence: 1.0000, Safety Mode: SAFE_HOLD, Override: Safe hold mode active
2025-05-28 04:04:13,167 - INFO - [AUDIT] - Action: 0, Confidence: 1.0000, Safety Mode: SAFE_HOLD, Override: Safe hold mode active
2025-05-28 04:04:13,168 - INFO - [AUDIT] - Action: 0, Confidence: 1.0000, Safety Mode: SAFE_HOLD, Override: Safe hold mode active
2025-05-28 04:04:13,169 - INFO - [AUDIT] - Action: 0, Confidence: 1.0000, Safety Mode: SAFE_HOLD, Override: Safe hold mode active
2025-05-28 04:04:13,169 - INFO - [AUDIT] - Action: 0, Confidence: 1.0000, Safety Mode: SAFE_HOLD, Override: Safe hold mode active
2025-05-28 04:04:13,169 - INFO - [AUDIT] - Action: 0, Confidence: 1.0000, Safety Mode: SAFE_HOLD, Override: Safe hold mode active
2025-05-28 04:04:13,170 - INFO - [AUDIT] - Action: 0, Confidence: 1.0000, Safety Mode: SAFE_HOLD, Override: Safe hold mode active
2025-05-28 04:04:13,170 - INFO - [AUDIT] - Action: 0, Confidence: 1.0000, Safety Mode: SAFE_HOLD, Override: Safe hold mode active
2025-05-28 04:04:13,170 - INFO - [AUDIT] - Action: 0, Confidence: 1.0000, Safety Mode: SAFE_HOLD, Override: Safe hold mode active
2025-05-28 04:04:13,170 - INFO - [AUDIT] - Action: 0, Confidence: 1.0000, Safety Mode: SAFE_HOLD, Override: Safe hold mode active
2025-05-28 04:04:13,170 - INFO - [AUDIT] - Action: 0, Confidence: 1.0000, Safety Mode: SAFE_HOLD, Override: Safe hold mode active
2025-05-28 04:04:13,171 - INFO - [AUDIT] - Action: 0, Confidence: 1.0000, Safety Mode: SAFE_HOLD, Override: Safe hold mode active
2025-05-28 04:04:13,171 - INFO - [AUDIT] - Action: 0, Confidence: 1.0000, Safety Mode: SAFE_HOLD, Override: Safe hold mode active
2025-05-28 04:04:13,171 - INFO - [AUDIT] - Action: 0, Confidence: 1.0000, Safety Mode: SAFE_HOLD, Override: Safe hold mode active
2025-05-28 04:04:13,171 - INFO - [AUDIT] - Action: 0, Confidence: 1.0000, Safety Mode: SAFE_HOLD, Override: Safe hold mode active
2025-05-28 04:04:13,171 - INFO - [AUDIT] - Action: 0, Confidence: 1.0000, Safety Mode: SAFE_HOLD, Override: Safe hold mode active
2025-05-28 04:04:13,172 - INFO - [AUDIT] - Action: 0, Confidence: 1.0000, Safety Mode: SAFE_HOLD, Override: Safe hold mode active
2025-05-28 04:04:13,172 - INFO - [AUDIT] - Action: 0, Confidence: 1.0000, Safety Mode: SAFE_HOLD, Override: Safe hold mode active
2025-05-28 04:04:13,172 - INFO - [AUDIT] - Action: 0, Confidence: 1.0000, Safety Mode: SAFE_HOLD, Override: Safe hold mode active
2025-05-28 04:04:13,172 - INFO - [AUDIT] - Action: 0, Confidence: 1.0000, Safety Mode: SAFE_HOLD, Override: Safe hold mode active
2025-05-28 04:04:13,172 - INFO - [AUDIT] - Action: 0, Confidence: 1.0000, Safety Mode: SAFE_HOLD, Override: Safe hold mode active
2025-05-28 04:04:13,173 - INFO - [AUDIT] - Action: 0, Confidence: 1.0000, Safety Mode: SAFE_HOLD, Override: Safe hold mode active
2025-05-28 04:04:13,173 - INFO - [AUDIT] - Action: 0, Confidence: 1.0000, Safety Mode: SAFE_HOLD, Override: Safe hold mode active
2025-05-28 04:04:13,173 - INFO - [AUDIT] - Action: 0, Confidence: 1.0000, Safety Mode: SAFE_HOLD, Override: Safe hold mode active
2025-05-28 04:04:13,173 - INFO - [AUDIT] - Action: 0, Confidence: 1.0000, Safety Mode: SAFE_HOLD, Override: Safe hold mode active
2025-05-28 04:04:13,173 - INFO - [AUDIT] - Action: 0, Confidence: 1.0000, Safety Mode: SAFE_HOLD, Override: Safe hold mode active
2025-05-28 04:04:13,173 - INFO - [AUDIT] - Action: 0, Confidence: 1.0000, Safety Mode: SAFE_HOLD, Override: Safe hold mode active
2025-05-28 04:04:13,174 - INFO - [AUDIT] - Action: 0, Confidence: 1.0000, Safety Mode: SAFE_HOLD, Override: Safe hold mode active
2025-05-28 04:04:13,174 - INFO - [AUDIT] - Action: 0, Confidence: 1.0000, Safety Mode: SAFE_HOLD, Override: Safe hold mode active
2025-05-28 04:04:13,174 - INFO - [AUDIT] - Action: 0, Confidence: 1.0000, Safety Mode: SAFE_HOLD, Override: Safe hold mode active
2025-05-28 04:04:13,174 - INFO - [AUDIT] - Action: 0, Confidence: 1.0000, Safety Mode: SAFE_HOLD, Override: Safe hold mode active
2025-05-28 04:04:13,174 - INFO - [AUDIT] - Action: 0, Confidence: 1.0000, Safety Mode: SAFE_HOLD, Override: Safe hold mode active
2025-05-28 04:04:13,175 - INFO - [AUDIT] - Action: 0, Confidence: 1.0000, Safety Mode: SAFE_HOLD, Override: Safe hold mode active
2025-05-28 04:04:13,175 - INFO - [AUDIT] - Action: 0, Confidence: 1.0000, Safety Mode: SAFE_HOLD, Override: Safe hold mode active
2025-05-28 04:04:13,175 - INFO - [AUDIT] - Action: 0, Confidence: 1.0000, Safety Mode: SAFE_HOLD, Override: Safe hold mode active
2025-05-28 04:04:13,175 - INFO - [AUDIT] - Action: 0, Confidence: 1.0000, Safety Mode: SAFE_HOLD, Override: Safe hold mode active
2025-05-28 04:04:13,175 - INFO - [AUDIT] - Action: 0, Confidence: 1.0000, Safety Mode: SAFE_HOLD, Override: Safe hold mode active
2025-05-28 04:04:13,176 - INFO - [AUDIT] - Action: 0, Confidence: 1.0000, Safety Mode: SAFE_HOLD, Override: Safe hold mode active
2025-05-28 04:04:13,176 - INFO - [AUDIT] - Action: 0, Confidence: 1.0000, Safety Mode: SAFE_HOLD, Override: Safe hold mode active
2025-05-28 04:04:13,176 - INFO - [AUDIT] - Action: 0, Confidence: 1.0000, Safety Mode: SAFE_HOLD, Override: Safe hold mode active
2025-05-28 04:04:13,176 - INFO - [AUDIT] - Action: 0, Confidence: 1.0000, Safety Mode: SAFE_HOLD, Override: Safe hold mode active
2025-05-28 04:04:13,176 - INFO - [AUDIT] - Action: 0, Confidence: 1.0000, Safety Mode: SAFE_HOLD, Override: Safe hold mode active
2025-05-28 04:04:13,177 - INFO - [AUDIT] - Action: 0, Confidence: 1.0000, Safety Mode: SAFE_HOLD, Override: Safe hold mode active
2025-05-28 04:04:13,177 - INFO - [AUDIT] - Action: 0, Confidence: 1.0000, Safety Mode: SAFE_HOLD, Override: Safe hold mode active
2025-05-28 04:04:13,177 - INFO - [AUDIT] - Action: 0, Confidence: 1.0000, Safety Mode: SAFE_HOLD, Override: Safe hold mode active
2025-05-28 04:04:13,177 - INFO - [AUDIT] - Action: 0, Confidence: 1.0000, Safety Mode: SAFE_HOLD, Override: Safe hold mode active
2025-05-28 04:04:13,177 - INFO - [AUDIT] - Action: 0, Confidence: 1.0000, Safety Mode: SAFE_HOLD, Override: Safe hold mode active
2025-05-28 04:04:13,177 - INFO - [AUDIT] - Action: 0, Confidence: 1.0000, Safety Mode: SAFE_HOLD, Override: Safe hold mode active
2025-05-28 04:04:13,178 - INFO - [AUDIT] - Action: 0, Confidence: 1.0000, Safety Mode: SAFE_HOLD, Override: Safe hold mode active
2025-05-28 04:04:13,178 - INFO - [AUDIT] - Action: 0, Confidence: 1.0000, Safety Mode: SAFE_HOLD, Override: Safe hold mode active
2025-05-28 04:04:13,178 - INFO - [AUDIT] - Action: 0, Confidence: 1.0000, Safety Mode: SAFE_HOLD, Override: Safe hold mode active
2025-05-28 04:04:13,178 - INFO - [AUDIT] - Action: 0, Confidence: 1.0000, Safety Mode: SAFE_HOLD, Override: Safe hold mode active
2025-05-28 04:04:13,178 - INFO - [AUDIT] - Action: 0, Confidence: 1.0000, Safety Mode: SAFE_HOLD, Override: Safe hold mode active
2025-05-28 04:04:13,179 - INFO - [AUDIT] - Action: 0, Confidence: 1.0000, Safety Mode: SAFE_HOLD, Override: Safe hold mode active
2025-05-28 04:04:13,179 - INFO - [AUDIT] - Action: 0, Confidence: 1.0000, Safety Mode: SAFE_HOLD, Override: Safe hold mode active
2025-05-28 04:04:13,179 - INFO - [AUDIT] - Action: 0, Confidence: 1.0000, Safety Mode: SAFE_HOLD, Override: Safe hold mode active
2025-05-28 04:04:13,179 - INFO - [AUDIT] - Action: 0, Confidence: 1.0000, Safety Mode: SAFE_HOLD, Override: Safe hold mode active
2025-05-28 04:04:13,179 - INFO - [AUDIT] - Action: 0, Confidence: 1.0000, Safety Mode: SAFE_HOLD, Override: Safe hold mode active
2025-05-28 04:04:13,180 - INFO - [AUDIT] - Action: 0, Confidence: 1.0000, Safety Mode: SAFE_HOLD, Override: Safe hold mode active
2025-05-28 04:04:13,180 - INFO - [AUDIT] - Action: 0, Confidence: 1.0000, Safety Mode: SAFE_HOLD, Override: Safe hold mode active
2025-05-28 04:04:13,180 - INFO - [AUDIT] - Action: 0, Confidence: 1.0000, Safety Mode: SAFE_HOLD, Override: Safe hold mode active
2025-05-28 04:04:13,180 - INFO - [AUDIT] - Action: 0, Confidence: 1.0000, Safety Mode: SAFE_HOLD, Override: Safe hold mode active
2025-05-28 04:04:13,180 - INFO - [AUDIT] - Action: 0, Confidence: 1.0000, Safety Mode: SAFE_HOLD, Override: Safe hold mode active
2025-05-28 04:04:13,181 - INFO - [AUDIT] - Action: 0, Confidence: 1.0000, Safety Mode: SAFE_HOLD, Override: Safe hold mode active
2025-05-28 04:04:13,181 - INFO - [AUDIT] - Action: 0, Confidence: 1.0000, Safety Mode: SAFE_HOLD, Override: Safe hold mode active
2025-05-28 04:04:13,181 - INFO - [AUDIT] - Action: 0, Confidence: 1.0000, Safety Mode: SAFE_HOLD, Override: Safe hold mode active
2025-05-28 04:04:13,181 - INFO - [AUDIT] - Action: 0, Confidence: 1.0000, Safety Mode: SAFE_HOLD, Override: Safe hold mode active
2025-05-28 04:04:13,181 - INFO - [AUDIT] - Action: 0, Confidence: 1.0000, Safety Mode: SAFE_HOLD, Override: Safe hold mode active
2025-05-28 04:04:13,181 - INFO - [AUDIT] - Action: 0, Confidence: 1.0000, Safety Mode: SAFE_HOLD, Override: Safe hold mode active
2025-05-28 04:04:13,182 - INFO - [AUDIT] - Action: 0, Confidence: 1.0000, Safety Mode: SAFE_HOLD, Override: Safe hold mode active
2025-05-28 04:04:13,182 - INFO - [AUDIT] - Action: 0, Confidence: 1.0000, Safety Mode: SAFE_HOLD, Override: Safe hold mode active
2025-05-28 04:04:13,182 - INFO - [AUDIT] - Action: 0, Confidence: 1.0000, Safety Mode: SAFE_HOLD, Override: Safe hold mode active
2025-05-28 04:04:13,182 - INFO - [AUDIT] - Action: 0, Confidence: 1.0000, Safety Mode: SAFE_HOLD, Override: Safe hold mode active
2025-05-28 04:04:13,182 - INFO - [AUDIT] - Action: 0, Confidence: 1.0000, Safety Mode: SAFE_HOLD, Override: Safe hold mode active
2025-05-28 04:04:13,183 - INFO - [AUDIT] - Action: 0, Confidence: 1.0000, Safety Mode: SAFE_HOLD, Override: Safe hold mode active
2025-05-28 04:04:13,183 - INFO - [AUDIT] - Action: 0, Confidence: 1.0000, Safety Mode: SAFE_HOLD, Override: Safe hold mode active
2025-05-28 04:04:13,183 - INFO - [AUDIT] - Action: 0, Confidence: 1.0000, Safety Mode: SAFE_HOLD, Override: Safe hold mode active
2025-05-28 04:04:13,183 - INFO - [AUDIT] - Action: 0, Confidence: 1.0000, Safety Mode: SAFE_HOLD, Override: Safe hold mode active
2025-05-28 04:04:13,183 - INFO - [AUDIT] - Action: 0, Confidence: 1.0000, Safety Mode: SAFE_HOLD, Override: Safe hold mode active
2025-05-28 04:04:13,184 - INFO - [AUDIT] - Action: 0, Confidence: 1.0000, Safety Mode: SAFE_HOLD, Override: Safe hold mode active
2025-05-28 04:04:13,184 - INFO - [AUDIT] - Action: 0, Confidence: 1.0000, Safety Mode: SAFE_HOLD, Override: Safe hold mode active
2025-05-28 04:04:13,184 - INFO - [AUDIT] - Action: 0, Confidence: 1.0000, Safety Mode: SAFE_HOLD, Override: Safe hold mode active
2025-05-28 04:04:13,184 - INFO - [AUDIT] - Action: 0, Confidence: 1.0000, Safety Mode: SAFE_HOLD, Override: Safe hold mode active
2025-05-28 04:04:13,184 - INFO - [AUDIT] - Action: 0, Confidence: 1.0000, Safety Mode: SAFE_HOLD, Override: Safe hold mode active
2025-05-28 04:04:13,185 - INFO - [AUDIT] - Action: 0, Confidence: 1.0000, Safety Mode: SAFE_HOLD, Override: Safe hold mode active
2025-05-28 04:04:13,185 - INFO - [AUDIT] - Action: 0, Confidence: 1.0000, Safety Mode: SAFE_HOLD, Override: Safe hold mode active
2025-05-28 04:04:13,185 - INFO - [AUDIT] - Action: 0, Confidence: 1.0000, Safety Mode: SAFE_HOLD, Override: Safe hold mode active
2025-05-28 04:04:13,185 - INFO - [AUDIT] - Action: 0, Confidence: 1.0000, Safety Mode: SAFE_HOLD, Override: Safe hold mode active
2025-05-28 04:04:13,185 - INFO - [AUDIT] - Action: 0, Confidence: 1.0000, Safety Mode: SAFE_HOLD, Override: Safe hold mode active
2025-05-28 04:04:13,186 - INFO - [AUDIT] - Action: 0, Confidence: 1.0000, Safety Mode: SAFE_HOLD, Override: Safe hold mode active
2025-05-28 04:04:13,186 - INFO - [AUDIT] - Action: 0, Confidence: 1.0000, Safety Mode: SAFE_HOLD, Override: Safe hold mode active
2025-05-28 04:04:13,186 - INFO - [AUDIT] - Action: 0, Confidence: 1.0000, Safety Mode: SAFE_HOLD, Override: Safe hold mode active
2025-05-28 04:04:13,186 - INFO - [AUDIT] - Action: 0, Confidence: 1.0000, Safety Mode: SAFE_HOLD, Override: Safe hold mode active
2025-05-28 04:04:13,186 - INFO - [AUDIT] - Action: 0, Confidence: 1.0000, Safety Mode: SAFE_HOLD, Override: Safe hold mode active
2025-05-28 04:04:13,187 - INFO - [AUDIT] - Action: 0, Confidence: 1.0000, Safety Mode: SAFE_HOLD, Override: Safe hold mode active
2025-05-28 04:04:13,187 - INFO - [AUDIT] - Action: 0, Confidence: 1.0000, Safety Mode: SAFE_HOLD, Override: Safe hold mode active
2025-05-28 04:04:13,187 - INFO - [AUDIT] - Action: 0, Confidence: 1.0000, Safety Mode: SAFE_HOLD, Override: Safe hold mode active
2025-05-28 04:04:13,187 - INFO - [AUDIT] - Action: 0, Confidence: 1.0000, Safety Mode: SAFE_HOLD, Override: Safe hold mode active
2025-05-28 04:04:13,188 - INFO - [AUDIT] - Action: 0, Confidence: 1.0000, Safety Mode: SAFE_HOLD, Override: Safe hold mode active
2025-05-28 04:04:13,188 - INFO - [AUDIT] - Action: 0, Confidence: 1.0000, Safety Mode: SAFE_HOLD, Override: Safe hold mode active
2025-05-28 04:04:13,188 - INFO - [AUDIT] - Action: 0, Confidence: 1.0000, Safety Mode: SAFE_HOLD, Override: Safe hold mode active
2025-05-28 04:04:13,188 - INFO - [AUDIT] - Action: 0, Confidence: 1.0000, Safety Mode: SAFE_HOLD, Override: Safe hold mode active
2025-05-28 04:04:13,188 - INFO - [AUDIT] - Action: 0, Confidence: 1.0000, Safety Mode: SAFE_HOLD, Override: Safe hold mode active
2025-05-28 04:04:13,189 - INFO - [AUDIT] - Action: 0, Confidence: 1.0000, Safety Mode: SAFE_HOLD, Override: Safe hold mode active
2025-05-28 04:04:13,189 - INFO - [AUDIT] - Action: 0, Confidence: 1.0000, Safety Mode: SAFE_HOLD, Override: Safe hold mode active
2025-05-28 04:04:13,189 - INFO - [AUDIT] - Action: 0, Confidence: 1.0000, Safety Mode: SAFE_HOLD, Override: Safe hold mode active
2025-05-28 04:04:13,189 - INFO - [AUDIT] - Action: 0, Confidence: 1.0000, Safety Mode: SAFE_HOLD, Override: Safe hold mode active
2025-05-28 04:04:13,189 - INFO - [AUDIT] - Action: 0, Confidence: 1.0000, Safety Mode: SAFE_HOLD, Override: Safe hold mode active
2025-05-28 04:04:13,189 - INFO - [AUDIT] - Action: 0, Confidence: 1.0000, Safety Mode: SAFE_HOLD, Override: Safe hold mode active
2025-05-28 04:04:13,190 - INFO - [AUDIT] - Action: 0, Confidence: 1.0000, Safety Mode: SAFE_HOLD, Override: Safe hold mode active
2025-05-28 04:04:13,190 - INFO - [AUDIT] - Action: 0, Confidence: 1.0000, Safety Mode: SAFE_HOLD, Override: Safe hold mode active
2025-05-28 04:04:13,190 - INFO - [AUDIT] - Action: 0, Confidence: 1.0000, Safety Mode: SAFE_HOLD, Override: Safe hold mode active
2025-05-28 04:04:13,190 - INFO - [AUDIT] - Action: 0, Confidence: 1.0000, Safety Mode: SAFE_HOLD, Override: Safe hold mode active
2025-05-28 04:04:13,190 - INFO - [AUDIT] - Action: 0, Confidence: 1.0000, Safety Mode: SAFE_HOLD, Override: Safe hold mode active
2025-05-28 04:04:13,191 - INFO - [AUDIT] - Action: 0, Confidence: 1.0000, Safety Mode: SAFE_HOLD, Override: Safe hold mode active
2025-05-28 04:04:13,191 - INFO - [AUDIT] - Action: 0, Confidence: 1.0000, Safety Mode: SAFE_HOLD, Override: Safe hold mode active
2025-05-28 04:04:13,191 - INFO - [AUDIT] - Action: 0, Confidence: 1.0000, Safety Mode: SAFE_HOLD, Override: Safe hold mode active
2025-05-28 04:04:13,191 - INFO - [AUDIT] - Action: 0, Confidence: 1.0000, Safety Mode: SAFE_HOLD, Override: Safe hold mode active
2025-05-28 04:04:13,191 - INFO - [AUDIT] - Action: 0, Confidence: 1.0000, Safety Mode: SAFE_HOLD, Override: Safe hold mode active
2025-05-28 04:04:13,192 - INFO - [AUDIT] - Action: 0, Confidence: 1.0000, Safety Mode: SAFE_HOLD, Override: Safe hold mode active
2025-05-28 04:04:13,192 - INFO - [AUDIT] - Action: 0, Confidence: 1.0000, Safety Mode: SAFE_HOLD, Override: Safe hold mode active
2025-05-28 04:04:13,192 - INFO - [AUDIT] - Action: 0, Confidence: 1.0000, Safety Mode: SAFE_HOLD, Override: Safe hold mode active
2025-05-28 04:04:13,192 - INFO - [AUDIT] - Action: 0, Confidence: 1.0000, Safety Mode: SAFE_HOLD, Override: Safe hold mode active
2025-05-28 04:04:13,192 - INFO - [AUDIT] - Action: 0, Confidence: 1.0000, Safety Mode: SAFE_HOLD, Override: Safe hold mode active
2025-05-28 04:04:13,193 - INFO - [AUDIT] - Action: 0, Confidence: 1.0000, Safety Mode: SAFE_HOLD, Override: Safe hold mode active
2025-05-28 04:04:13,193 - INFO - [AUDIT] - Action: 0, Confidence: 1.0000, Safety Mode: SAFE_HOLD, Override: Safe hold mode active
2025-05-28 04:04:13,193 - INFO - [AUDIT] - Action: 0, Confidence: 1.0000, Safety Mode: SAFE_HOLD, Override: Safe hold mode active
2025-05-28 04:04:13,193 - INFO - [AUDIT] - Action: 0, Confidence: 1.0000, Safety Mode: SAFE_HOLD, Override: Safe hold mode active
2025-05-28 04:04:13,193 - INFO - [AUDIT] - Action: 0, Confidence: 1.0000, Safety Mode: SAFE_HOLD, Override: Safe hold mode active
2025-05-28 04:04:13,194 - INFO - [AUDIT] - Action: 0, Confidence: 1.0000, Safety Mode: SAFE_HOLD, Override: Safe hold mode active
2025-05-28 04:04:13,194 - INFO - [AUDIT] - Action: 0, Confidence: 1.0000, Safety Mode: SAFE_HOLD, Override: Safe hold mode active
2025-05-28 04:04:13,194 - INFO - [AUDIT] - Action: 0, Confidence: 1.0000, Safety Mode: SAFE_HOLD, Override: Safe hold mode active
2025-05-28 04:04:13,194 - INFO - [AUDIT] - Action: 0, Confidence: 1.0000, Safety Mode: SAFE_HOLD, Override: Safe hold mode active
2025-05-28 04:04:13,194 - INFO - [AUDIT] - Action: 0, Confidence: 1.0000, Safety Mode: SAFE_HOLD, Override: Safe hold mode active
2025-05-28 04:04:13,195 - INFO - [AUDIT] - Action: 0, Confidence: 1.0000, Safety Mode: SAFE_HOLD, Override: Safe hold mode active
2025-05-28 04:04:13,195 - INFO - [AUDIT] - Action: 0, Confidence: 1.0000, Safety Mode: SAFE_HOLD, Override: Safe hold mode active
2025-05-28 04:04:13,195 - INFO - [AUDIT] - Action: 0, Confidence: 1.0000, Safety Mode: SAFE_HOLD, Override: Safe hold mode active
2025-05-28 04:04:13,195 - INFO - [AUDIT] - Action: 0, Confidence: 1.0000, Safety Mode: SAFE_HOLD, Override: Safe hold mode active
2025-05-28 04:04:13,195 - INFO - [AUDIT] - Action: 0, Confidence: 1.0000, Safety Mode: SAFE_HOLD, Override: Safe hold mode active
2025-05-28 04:04:13,196 - INFO - [AUDIT] - Action: 0, Confidence: 1.0000, Safety Mode: SAFE_HOLD, Override: Safe hold mode active
2025-05-28 04:04:13,196 - INFO - [AUDIT] - Action: 0, Confidence: 1.0000, Safety Mode: SAFE_HOLD, Override: Safe hold mode active
2025-05-28 04:04:13,196 - INFO - [AUDIT] - Action: 0, Confidence: 1.0000, Safety Mode: SAFE_HOLD, Override: Safe hold mode active
2025-05-28 04:04:13,196 - INFO - [AUDIT] - Action: 0, Confidence: 1.0000, Safety Mode: SAFE_HOLD, Override: Safe hold mode active
2025-05-28 04:04:13,196 - INFO - [AUDIT] - Action: 0, Confidence: 1.0000, Safety Mode: SAFE_HOLD, Override: Safe hold mode active
2025-05-28 04:04:13,197 - INFO - [AUDIT] - Action: 0, Confidence: 1.0000, Safety Mode: SAFE_HOLD, Override: Safe hold mode active
2025-05-28 04:04:13,197 - INFO - [AUDIT] - Action: 0, Confidence: 1.0000, Safety Mode: SAFE_HOLD, Override: Safe hold mode active
2025-05-28 04:04:13,197 - INFO - [AUDIT] - Action: 0, Confidence: 1.0000, Safety Mode: SAFE_HOLD, Override: Safe hold mode active
2025-05-28 04:04:13,197 - INFO - [AUDIT] - Action: 0, Confidence: 1.0000, Safety Mode: SAFE_HOLD, Override: Safe hold mode active
2025-05-28 04:04:13,197 - INFO - [AUDIT] - Action: 0, Confidence: 1.0000, Safety Mode: SAFE_HOLD, Override: Safe hold mode active
2025-05-28 04:04:13,197 - INFO - [AUDIT] - Action: 0, Confidence: 1.0000, Safety Mode: SAFE_HOLD, Override: Safe hold mode active
2025-05-28 04:04:13,198 - INFO - [AUDIT] - Action: 0, Confidence: 1.0000, Safety Mode: SAFE_HOLD, Override: Safe hold mode active
2025-05-28 04:04:13,198 - INFO - [AUDIT] - Action: 0, Confidence: 1.0000, Safety Mode: SAFE_HOLD, Override: Safe hold mode active
2025-05-28 04:04:13,198 - INFO - [AUDIT] - Action: 0, Confidence: 1.0000, Safety Mode: SAFE_HOLD, Override: Safe hold mode active
2025-05-28 04:04:13,198 - INFO - [AUDIT] - Action: 0, Confidence: 1.0000, Safety Mode: SAFE_HOLD, Override: Safe hold mode active
2025-05-28 04:04:13,198 - INFO - [AUDIT] - Action: 0, Confidence: 1.0000, Safety Mode: SAFE_HOLD, Override: Safe hold mode active
2025-05-28 04:04:13,199 - INFO - [AUDIT] - Action: 0, Confidence: 1.0000, Safety Mode: SAFE_HOLD, Override: Safe hold mode active
2025-05-28 04:04:13,199 - INFO - [AUDIT] - Action: 0, Confidence: 1.0000, Safety Mode: SAFE_HOLD, Override: Safe hold mode active
2025-05-28 04:04:13,199 - INFO - [AUDIT] - Action: 0, Confidence: 1.0000, Safety Mode: SAFE_HOLD, Override: Safe hold mode active
2025-05-28 04:04:13,199 - INFO - [AUDIT] - Action: 0, Confidence: 1.0000, Safety Mode: SAFE_HOLD, Override: Safe hold mode active
2025-05-28 04:04:13,199 - INFO - [AUDIT] - Action: 0, Confidence: 1.0000, Safety Mode: SAFE_HOLD, Override: Safe hold mode active
2025-05-28 04:04:13,200 - INFO - [AUDIT] - Action: 0, Confidence: 1.0000, Safety Mode: SAFE_HOLD, Override: Safe hold mode active
2025-05-28 04:04:13,200 - INFO - [AUDIT] - Action: 0, Confidence: 1.0000, Safety Mode: SAFE_HOLD, Override: Safe hold mode active
2025-05-28 04:04:13,200 - INFO - [AUDIT] - Action: 0, Confidence: 1.0000, Safety Mode: SAFE_HOLD, Override: Safe hold mode active
2025-05-28 04:04:13,200 - INFO - [AUDIT] - Action: 0, Confidence: 1.0000, Safety Mode: SAFE_HOLD, Override: Safe hold mode active
2025-05-28 04:04:13,200 - INFO - [AUDIT] - Action: 0, Confidence: 1.0000, Safety Mode: SAFE_HOLD, Override: Safe hold mode active
2025-05-28 04:04:13,200 - INFO - [AUDIT] - Action: 0, Confidence: 1.0000, Safety Mode: SAFE_HOLD, Override: Safe hold mode active
2025-05-28 04:04:13,201 - INFO - [AUDIT] - Action: 0, Confidence: 1.0000, Safety Mode: SAFE_HOLD, Override: Safe hold mode active
2025-05-28 04:04:13,201 - INFO - [AUDIT] - Action: 0, Confidence: 1.0000, Safety Mode: SAFE_HOLD, Override: Safe hold mode active
2025-05-28 04:04:13,201 - INFO - [AUDIT] - Action: 0, Confidence: 1.0000, Safety Mode: SAFE_HOLD, Override: Safe hold mode active
2025-05-28 04:04:13,201 - INFO - [AUDIT] - Action: 0, Confidence: 1.0000, Safety Mode: SAFE_HOLD, Override: Safe hold mode active
2025-05-28 04:04:13,201 - INFO - [AUDIT] - Action: 0, Confidence: 1.0000, Safety Mode: SAFE_HOLD, Override: Safe hold mode active
2025-05-28 04:04:13,202 - INFO - [AUDIT] - Action: 0, Confidence: 1.0000, Safety Mode: SAFE_HOLD, Override: Safe hold mode active
2025-05-28 04:04:13,202 - INFO - [AUDIT] - Action: 0, Confidence: 1.0000, Safety Mode: SAFE_HOLD, Override: Safe hold mode active
2025-05-28 04:04:13,202 - INFO - [AUDIT] - Action: 0, Confidence: 1.0000, Safety Mode: SAFE_HOLD, Override: Safe hold mode active
2025-05-28 04:04:13,202 - INFO - [AUDIT] - Action: 0, Confidence: 1.0000, Safety Mode: SAFE_HOLD, Override: Safe hold mode active
2025-05-28 04:04:13,203 - INFO - [AUDIT] - Action: 0, Confidence: 1.0000, Safety Mode: SAFE_HOLD, Override: Safe hold mode active
2025-05-28 04:04:13,203 - INFO - [AUDIT] - Action: 0, Confidence: 1.0000, Safety Mode: SAFE_HOLD, Override: Safe hold mode active
2025-05-28 04:04:13,203 - INFO - [AUDIT] - Action: 0, Confidence: 1.0000, Safety Mode: SAFE_HOLD, Override: Safe hold mode active
2025-05-28 04:04:13,203 - INFO - [AUDIT] - Action: 0, Confidence: 1.0000, Safety Mode: SAFE_HOLD, Override: Safe hold mode active
2025-05-28 04:04:13,203 - INFO - [AUDIT] - Action: 0, Confidence: 1.0000, Safety Mode: SAFE_HOLD, Override: Safe hold mode active
2025-05-28 04:04:13,204 - INFO - [AUDIT] - Action: 0, Confidence: 1.0000, Safety Mode: SAFE_HOLD, Override: Safe hold mode active
2025-05-28 04:04:13,204 - INFO - [AUDIT] - Action: 0, Confidence: 1.0000, Safety Mode: SAFE_HOLD, Override: Safe hold mode active
2025-05-28 04:04:13,204 - INFO - [AUDIT] - Action: 0, Confidence: 1.0000, Safety Mode: SAFE_HOLD, Override: Safe hold mode active
2025-05-28 04:04:13,204 - INFO - [AUDIT] - Action: 0, Confidence: 1.0000, Safety Mode: SAFE_HOLD, Override: Safe hold mode active
2025-05-28 04:04:13,204 - INFO - [AUDIT] - Action: 0, Confidence: 1.0000, Safety Mode: SAFE_HOLD, Override: Safe hold mode active
2025-05-28 04:04:13,205 - INFO - [AUDIT] - Action: 0, Confidence: 1.0000, Safety Mode: SAFE_HOLD, Override: Safe hold mode active
2025-05-28 04:04:13,205 - INFO - [AUDIT] - Action: 0, Confidence: 1.0000, Safety Mode: SAFE_HOLD, Override: Safe hold mode active
2025-05-28 04:04:13,205 - INFO - [AUDIT] - Action: 0, Confidence: 1.0000, Safety Mode: SAFE_HOLD, Override: Safe hold mode active
2025-05-28 04:04:13,205 - INFO - [AUDIT] - Action: 0, Confidence: 1.0000, Safety Mode: SAFE_HOLD, Override: Safe hold mode active
2025-05-28 04:04:13,205 - INFO - [AUDIT] - Action: 0, Confidence: 1.0000, Safety Mode: SAFE_HOLD, Override: Safe hold mode active
2025-05-28 04:04:13,205 - INFO - [AUDIT] - Action: 0, Confidence: 1.0000, Safety Mode: SAFE_HOLD, Override: Safe hold mode active
2025-05-28 04:04:13,206 - INFO - [AUDIT] - Action: 0, Confidence: 1.0000, Safety Mode: SAFE_HOLD, Override: Safe hold mode active
2025-05-28 04:04:13,206 - INFO - [AUDIT] - Action: 0, Confidence: 1.0000, Safety Mode: SAFE_HOLD, Override: Safe hold mode active
2025-05-28 04:04:13,206 - INFO - [AUDIT] - Action: 0, Confidence: 1.0000, Safety Mode: SAFE_HOLD, Override: Safe hold mode active
2025-05-28 04:04:13,206 - INFO - [AUDIT] - Action: 0, Confidence: 1.0000, Safety Mode: SAFE_HOLD, Override: Safe hold mode active
2025-05-28 04:04:13,206 - INFO - [AUDIT] - Action: 0, Confidence: 1.0000, Safety Mode: SAFE_HOLD, Override: Safe hold mode active
2025-05-28 04:04:13,207 - INFO - [AUDIT] - Action: 0, Confidence: 1.0000, Safety Mode: SAFE_HOLD, Override: Safe hold mode active
2025-05-28 04:04:13,207 - INFO - [AUDIT] - Action: 0, Confidence: 1.0000, Safety Mode: SAFE_HOLD, Override: Safe hold mode active
2025-05-28 04:04:13,207 - INFO - [AUDIT] - Action: 0, Confidence: 1.0000, Safety Mode: SAFE_HOLD, Override: Safe hold mode active
2025-05-28 04:04:13,207 - INFO - [AUDIT] - Action: 0, Confidence: 1.0000, Safety Mode: SAFE_HOLD, Override: Safe hold mode active
2025-05-28 04:04:13,207 - INFO - [AUDIT] - Action: 0, Confidence: 1.0000, Safety Mode: SAFE_HOLD, Override: Safe hold mode active
2025-05-28 04:04:13,208 - INFO - [AUDIT] - Action: 0, Confidence: 1.0000, Safety Mode: SAFE_HOLD, Override: Safe hold mode active
2025-05-28 04:04:13,208 - INFO - [AUDIT] - Action: 0, Confidence: 1.0000, Safety Mode: SAFE_HOLD, Override: Safe hold mode active
2025-05-28 04:04:13,208 - INFO - [AUDIT] - Action: 0, Confidence: 1.0000, Safety Mode: SAFE_HOLD, Override: Safe hold mode active
2025-05-28 04:04:13,208 - INFO - [AUDIT] - Action: 0, Confidence: 1.0000, Safety Mode: SAFE_HOLD, Override: Safe hold mode active
2025-05-28 04:04:13,208 - INFO - [AUDIT] - Action: 0, Confidence: 1.0000, Safety Mode: SAFE_HOLD, Override: Safe hold mode active
2025-05-28 04:04:13,209 - INFO - [AUDIT] - Action: 0, Confidence: 1.0000, Safety Mode: SAFE_HOLD, Override: Safe hold mode active
2025-05-28 04:04:13,209 - INFO - [AUDIT] - Action: 0, Confidence: 1.0000, Safety Mode: SAFE_HOLD, Override: Safe hold mode active
2025-05-28 04:04:13,209 - INFO - [AUDIT] - Action: 0, Confidence: 1.0000, Safety Mode: SAFE_HOLD, Override: Safe hold mode active
2025-05-28 04:04:13,209 - INFO - [AUDIT] - Action: 0, Confidence: 1.0000, Safety Mode: SAFE_HOLD, Override: Safe hold mode active
2025-05-28 04:04:13,209 - INFO - [AUDIT] - Action: 0, Confidence: 1.0000, Safety Mode: SAFE_HOLD, Override: Safe hold mode active
2025-05-28 04:04:13,210 - INFO - [AUDIT] - Action: 0, Confidence: 1.0000, Safety Mode: SAFE_HOLD, Override: Safe hold mode active
2025-05-28 04:04:13,210 - INFO - [AUDIT] - Action: 0, Confidence: 1.0000, Safety Mode: SAFE_HOLD, Override: Safe hold mode active
2025-05-28 04:04:13,210 - INFO - [AUDIT] - Action: 0, Confidence: 1.0000, Safety Mode: SAFE_HOLD, Override: Safe hold mode active
2025-05-28 04:04:13,210 - INFO - [AUDIT] - Action: 0, Confidence: 1.0000, Safety Mode: SAFE_HOLD, Override: Safe hold mode active
2025-05-28 04:04:13,210 - INFO - [AUDIT] - Action: 0, Confidence: 1.0000, Safety Mode: SAFE_HOLD, Override: Safe hold mode active
2025-05-28 04:04:13,211 - INFO - [AUDIT] - Action: 0, Confidence: 1.0000, Safety Mode: SAFE_HOLD, Override: Safe hold mode active
2025-05-28 04:04:13,211 - INFO - [AUDIT] - Action: 0, Confidence: 1.0000, Safety Mode: SAFE_HOLD, Override: Safe hold mode active
2025-05-28 04:04:13,211 - INFO - [AUDIT] - Action: 0, Confidence: 1.0000, Safety Mode: SAFE_HOLD, Override: Safe hold mode active
2025-05-28 04:04:13,211 - INFO - [AUDIT] - Action: 0, Confidence: 1.0000, Safety Mode: SAFE_HOLD, Override: Safe hold mode active
2025-05-28 04:04:13,211 - INFO - [AUDIT] - Action: 0, Confidence: 1.0000, Safety Mode: SAFE_HOLD, Override: Safe hold mode active
2025-05-28 04:04:13,211 - INFO - [AUDIT] - Action: 0, Confidence: 1.0000, Safety Mode: SAFE_HOLD, Override: Safe hold mode active
2025-05-28 04:04:13,212 - INFO - [AUDIT] - Action: 0, Confidence: 1.0000, Safety Mode: SAFE_HOLD, Override: Safe hold mode active
2025-05-28 04:04:13,212 - INFO - [AUDIT] - Action: 0, Confidence: 1.0000, Safety Mode: SAFE_HOLD, Override: Safe hold mode active
2025-05-28 04:04:13,212 - INFO - [AUDIT] - Action: 0, Confidence: 1.0000, Safety Mode: SAFE_HOLD, Override: Safe hold mode active
2025-05-28 04:04:13,212 - INFO - [AUDIT] - Action: 0, Confidence: 1.0000, Safety Mode: SAFE_HOLD, Override: Safe hold mode active
2025-05-28 04:04:13,212 - INFO - [AUDIT] - Action: 0, Confidence: 1.0000, Safety Mode: SAFE_HOLD, Override: Safe hold mode active
2025-05-28 04:04:13,213 - INFO - [AUDIT] - Action: 0, Confidence: 1.0000, Safety Mode: SAFE_HOLD, Override: Safe hold mode active
2025-05-28 04:04:13,213 - INFO - [AUDIT] - Action: 0, Confidence: 1.0000, Safety Mode: SAFE_HOLD, Override: Safe hold mode active
2025-05-28 04:04:13,213 - INFO - [AUDIT] - Action: 0, Confidence: 1.0000, Safety Mode: SAFE_HOLD, Override: Safe hold mode active
2025-05-28 04:04:13,213 - INFO - [AUDIT] - Action: 0, Confidence: 1.0000, Safety Mode: SAFE_HOLD, Override: Safe hold mode active
2025-05-28 04:04:13,213 - INFO - [AUDIT] - Action: 0, Confidence: 1.0000, Safety Mode: SAFE_HOLD, Override: Safe hold mode active
2025-05-28 04:04:13,214 - INFO - [AUDIT] - Action: 0, Confidence: 1.0000, Safety Mode: SAFE_HOLD, Override: Safe hold mode active
2025-05-28 04:04:13,214 - INFO - [AUDIT] - Action: 0, Confidence: 1.0000, Safety Mode: SAFE_HOLD, Override: Safe hold mode active
2025-05-28 04:04:13,214 - INFO - [AUDIT] - Action: 0, Confidence: 1.0000, Safety Mode: SAFE_HOLD, Override: Safe hold mode active
2025-05-28 04:04:13,214 - INFO - [AUDIT] - Action: 0, Confidence: 1.0000, Safety Mode: SAFE_HOLD, Override: Safe hold mode active
2025-05-28 04:04:13,214 - INFO - [AUDIT] - Action: 0, Confidence: 1.0000, Safety Mode: SAFE_HOLD, Override: Safe hold mode active
2025-05-28 04:04:13,215 - INFO - [AUDIT] - Action: 0, Confidence: 1.0000, Safety Mode: SAFE_HOLD, Override: Safe hold mode active
2025-05-28 04:04:13,215 - INFO - [AUDIT] - Action: 0, Confidence: 1.0000, Safety Mode: SAFE_HOLD, Override: Safe hold mode active
2025-05-28 04:04:13,215 - INFO - [AUDIT] - Action: 0, Confidence: 1.0000, Safety Mode: SAFE_HOLD, Override: Safe hold mode active
2025-05-28 04:04:13,215 - INFO - [AUDIT] - Action: 0, Confidence: 1.0000, Safety Mode: SAFE_HOLD, Override: Safe hold mode active
2025-05-28 04:04:13,215 - INFO - [AUDIT] - Action: 0, Confidence: 1.0000, Safety Mode: SAFE_HOLD, Override: Safe hold mode active
2025-05-28 04:04:13,216 - INFO - [AUDIT] - Action: 0, Confidence: 1.0000, Safety Mode: SAFE_HOLD, Override: Safe hold mode active
2025-05-28 04:04:13,216 - INFO - [AUDIT] - Action: 0, Confidence: 1.0000, Safety Mode: SAFE_HOLD, Override: Safe hold mode active
2025-05-28 04:04:13,216 - INFO - [AUDIT] - Action: 0, Confidence: 1.0000, Safety Mode: SAFE_HOLD, Override: Safe hold mode active
2025-05-28 04:04:13,216 - INFO - [AUDIT] - Action: 0, Confidence: 1.0000, Safety Mode: SAFE_HOLD, Override: Safe hold mode active
2025-05-28 04:04:13,216 - INFO - [AUDIT] - Action: 0, Confidence: 1.0000, Safety Mode: SAFE_HOLD, Override: Safe hold mode active
2025-05-28 04:04:13,216 - INFO - [AUDIT] - Action: 0, Confidence: 1.0000, Safety Mode: SAFE_HOLD, Override: Safe hold mode active
2025-05-28 04:04:13,217 - INFO - [AUDIT] - Action: 0, Confidence: 1.0000, Safety Mode: SAFE_HOLD, Override: Safe hold mode active
2025-05-28 04:04:13,217 - INFO - [AUDIT] - Action: 0, Confidence: 1.0000, Safety Mode: SAFE_HOLD, Override: Safe hold mode active
2025-05-28 04:04:13,217 - INFO - [AUDIT] - Action: 0, Confidence: 1.0000, Safety Mode: SAFE_HOLD, Override: Safe hold mode active
2025-05-28 04:04:13,217 - INFO - [AUDIT] - Action: 0, Confidence: 1.0000, Safety Mode: SAFE_HOLD, Override: Safe hold mode active
2025-05-28 04:04:13,217 - INFO - [AUDIT] - Action: 0, Confidence: 1.0000, Safety Mode: SAFE_HOLD, Override: Safe hold mode active
2025-05-28 04:04:13,218 - INFO - [AUDIT] - Action: 0, Confidence: 1.0000, Safety Mode: SAFE_HOLD, Override: Safe hold mode active
2025-05-28 04:04:13,218 - INFO - [AUDIT] - Action: 0, Confidence: 1.0000, Safety Mode: SAFE_HOLD, Override: Safe hold mode active
2025-05-28 04:04:13,218 - INFO - [AUDIT] - Action: 0, Confidence: 1.0000, Safety Mode: SAFE_HOLD, Override: Safe hold mode active
2025-05-28 04:04:13,218 - INFO - [AUDIT] - Action: 0, Confidence: 1.0000, Safety Mode: SAFE_HOLD, Override: Safe hold mode active
2025-05-28 04:04:13,218 - INFO - [AUDIT] - Action: 0, Confidence: 1.0000, Safety Mode: SAFE_HOLD, Override: Safe hold mode active
2025-05-28 04:04:13,219 - INFO - [AUDIT] - Action: 0, Confidence: 1.0000, Safety Mode: SAFE_HOLD, Override: Safe hold mode active
2025-05-28 04:04:13,219 - INFO - [AUDIT] - Action: 0, Confidence: 1.0000, Safety Mode: SAFE_HOLD, Override: Safe hold mode active
2025-05-28 04:04:13,219 - INFO - [AUDIT] - Action: 0, Confidence: 1.0000, Safety Mode: SAFE_HOLD, Override: Safe hold mode active
2025-05-28 04:04:13,219 - INFO - [AUDIT] - Action: 0, Confidence: 1.0000, Safety Mode: SAFE_HOLD, Override: Safe hold mode active
2025-05-28 04:04:13,220 - INFO - [AUDIT] - Action: 0, Confidence: 1.0000, Safety Mode: SAFE_HOLD, Override: Safe hold mode active
2025-05-28 04:04:13,220 - INFO - [AUDIT] - Action: 0, Confidence: 1.0000, Safety Mode: SAFE_HOLD, Override: Safe hold mode active
2025-05-28 04:04:13,220 - INFO - [AUDIT] - Action: 0, Confidence: 1.0000, Safety Mode: SAFE_HOLD, Override: Safe hold mode active
2025-05-28 04:04:13,220 - INFO - [AUDIT] - Action: 0, Confidence: 1.0000, Safety Mode: SAFE_HOLD, Override: Safe hold mode active
2025-05-28 04:04:13,220 - INFO - [AUDIT] - Action: 0, Confidence: 1.0000, Safety Mode: SAFE_HOLD, Override: Safe hold mode active
2025-05-28 04:04:13,221 - INFO - [AUDIT] - Action: 0, Confidence: 1.0000, Safety Mode: SAFE_HOLD, Override: Safe hold mode active
2025-05-28 04:04:13,221 - INFO - [AUDIT] - Action: 0, Confidence: 1.0000, Safety Mode: SAFE_HOLD, Override: Safe hold mode active
2025-05-28 04:04:13,221 - INFO - [AUDIT] - Action: 0, Confidence: 1.0000, Safety Mode: SAFE_HOLD, Override: Safe hold mode active
2025-05-28 04:04:13,221 - INFO - [AUDIT] - Action: 0, Confidence: 1.0000, Safety Mode: SAFE_HOLD, Override: Safe hold mode active
2025-05-28 04:04:13,221 - INFO - [AUDIT] - Action: 0, Confidence: 1.0000, Safety Mode: SAFE_HOLD, Override: Safe hold mode active
2025-05-28 04:04:13,221 - INFO - [AUDIT] - Action: 0, Confidence: 1.0000, Safety Mode: SAFE_HOLD, Override: Safe hold mode active
2025-05-28 04:04:13,222 - INFO - [AUDIT] - Action: 0, Confidence: 1.0000, Safety Mode: SAFE_HOLD, Override: Safe hold mode active
2025-05-28 04:04:13,222 - INFO - [AUDIT] - Action: 0, Confidence: 1.0000, Safety Mode: SAFE_HOLD, Override: Safe hold mode active
2025-05-28 04:04:13,222 - INFO - [AUDIT] - Action: 0, Confidence: 1.0000, Safety Mode: SAFE_HOLD, Override: Safe hold mode active
2025-05-28 04:04:13,222 - INFO - [AUDIT] - Action: 0, Confidence: 1.0000, Safety Mode: SAFE_HOLD, Override: Safe hold mode active
2025-05-28 04:04:13,222 - INFO - [AUDIT] - Action: 0, Confidence: 1.0000, Safety Mode: SAFE_HOLD, Override: Safe hold mode active
2025-05-28 04:04:13,223 - INFO - [AUDIT] - Action: 0, Confidence: 1.0000, Safety Mode: SAFE_HOLD, Override: Safe hold mode active
2025-05-28 04:04:13,223 - INFO - [AUDIT] - Action: 0, Confidence: 1.0000, Safety Mode: SAFE_HOLD, Override: Safe hold mode active
2025-05-28 04:04:13,223 - INFO - [AUDIT] - Action: 0, Confidence: 1.0000, Safety Mode: SAFE_HOLD, Override: Safe hold mode active
2025-05-28 04:04:13,223 - INFO - [AUDIT] - Action: 0, Confidence: 1.0000, Safety Mode: SAFE_HOLD, Override: Safe hold mode active
2025-05-28 04:04:13,223 - INFO - [AUDIT] - Action: 0, Confidence: 1.0000, Safety Mode: SAFE_HOLD, Override: Safe hold mode active
2025-05-28 04:04:13,224 - INFO - [AUDIT] - Action: 0, Confidence: 1.0000, Safety Mode: SAFE_HOLD, Override: Safe hold mode active
2025-05-28 04:04:13,224 - INFO - [AUDIT] - Action: 0, Confidence: 1.0000, Safety Mode: SAFE_HOLD, Override: Safe hold mode active
2025-05-28 04:04:13,224 - INFO - [AUDIT] - Action: 0, Confidence: 1.0000, Safety Mode: SAFE_HOLD, Override: Safe hold mode active
2025-05-28 04:04:13,224 - INFO - [AUDIT] - Action: 0, Confidence: 1.0000, Safety Mode: SAFE_HOLD, Override: Safe hold mode active
2025-05-28 04:04:13,224 - INFO - [AUDIT] - Action: 0, Confidence: 1.0000, Safety Mode: SAFE_HOLD, Override: Safe hold mode active
2025-05-28 04:04:13,225 - INFO - [AUDIT] - Action: 0, Confidence: 1.0000, Safety Mode: SAFE_HOLD, Override: Safe hold mode active
2025-05-28 04:04:13,225 - INFO - [AUDIT] - Action: 0, Confidence: 1.0000, Safety Mode: SAFE_HOLD, Override: Safe hold mode active
2025-05-28 04:04:13,225 - INFO - [AUDIT] - Action: 0, Confidence: 1.0000, Safety Mode: SAFE_HOLD, Override: Safe hold mode active
2025-05-28 04:04:13,225 - INFO - [AUDIT] - Action: 0, Confidence: 1.0000, Safety Mode: SAFE_HOLD, Override: Safe hold mode active
2025-05-28 04:04:13,225 - INFO - [AUDIT] - Action: 0, Confidence: 1.0000, Safety Mode: SAFE_HOLD, Override: Safe hold mode active
2025-05-28 04:04:13,226 - INFO - [AUDIT] - Action: 0, Confidence: 1.0000, Safety Mode: SAFE_HOLD, Override: Safe hold mode active
2025-05-28 04:04:13,226 - INFO - [AUDIT] - Action: 0, Confidence: 1.0000, Safety Mode: SAFE_HOLD, Override: Safe hold mode active
2025-05-28 04:04:13,226 - INFO - [AUDIT] - Action: 0, Confidence: 1.0000, Safety Mode: SAFE_HOLD, Override: Safe hold mode active
2025-05-28 04:04:13,226 - INFO - [AUDIT] - Action: 0, Confidence: 1.0000, Safety Mode: SAFE_HOLD, Override: Safe hold mode active
2025-05-28 04:04:13,227 - INFO - [AUDIT] - Action: 0, Confidence: 1.0000, Safety Mode: SAFE_HOLD, Override: Safe hold mode active
2025-05-28 04:04:13,227 - INFO - [AUDIT] - Action: 0, Confidence: 1.0000, Safety Mode: SAFE_HOLD, Override: Safe hold mode active
2025-05-28 04:04:13,227 - INFO - [AUDIT] - Action: 0, Confidence: 1.0000, Safety Mode: SAFE_HOLD, Override: Safe hold mode active
2025-05-28 04:04:13,227 - INFO - [AUDIT] - Action: 0, Confidence: 1.0000, Safety Mode: SAFE_HOLD, Override: Safe hold mode active
2025-05-28 04:04:13,227 - INFO - [AUDIT] - Action: 0, Confidence: 1.0000, Safety Mode: SAFE_HOLD, Override: Safe hold mode active
2025-05-28 04:04:13,228 - INFO - [AUDIT] - Action: 0, Confidence: 1.0000, Safety Mode: SAFE_HOLD, Override: Safe hold mode active
2025-05-28 04:04:13,228 - INFO - [AUDIT] - Action: 0, Confidence: 1.0000, Safety Mode: SAFE_HOLD, Override: Safe hold mode active
2025-05-28 04:04:13,228 - INFO - [AUDIT] - Action: 0, Confidence: 1.0000, Safety Mode: SAFE_HOLD, Override: Safe hold mode active
2025-05-28 04:04:13,228 - INFO - [AUDIT] - Action: 0, Confidence: 1.0000, Safety Mode: SAFE_HOLD, Override: Safe hold mode active
2025-05-28 04:04:13,228 - INFO - [AUDIT] - Action: 0, Confidence: 1.0000, Safety Mode: SAFE_HOLD, Override: Safe hold mode active
2025-05-28 04:04:13,228 - INFO - [AUDIT] - Action: 0, Confidence: 1.0000, Safety Mode: SAFE_HOLD, Override: Safe hold mode active
2025-05-28 04:04:13,229 - INFO - [AUDIT] - Action: 0, Confidence: 1.0000, Safety Mode: SAFE_HOLD, Override: Safe hold mode active
2025-05-28 04:04:13,229 - INFO - [AUDIT] - Action: 0, Confidence: 1.0000, Safety Mode: SAFE_HOLD, Override: Safe hold mode active
2025-05-28 04:04:13,229 - INFO - [AUDIT] - Action: 0, Confidence: 1.0000, Safety Mode: SAFE_HOLD, Override: Safe hold mode active
2025-05-28 04:04:13,229 - INFO - [AUDIT] - Action: 0, Confidence: 1.0000, Safety Mode: SAFE_HOLD, Override: Safe hold mode active
2025-05-28 04:04:13,229 - INFO - [AUDIT] - Action: 0, Confidence: 1.0000, Safety Mode: SAFE_HOLD, Override: Safe hold mode active
2025-05-28 04:04:13,230 - INFO - [AUDIT] - Action: 0, Confidence: 1.0000, Safety Mode: SAFE_HOLD, Override: Safe hold mode active
2025-05-28 04:04:13,230 - INFO - [AUDIT] - Action: 0, Confidence: 1.0000, Safety Mode: SAFE_HOLD, Override: Safe hold mode active
2025-05-28 04:04:13,230 - INFO - [AUDIT] - Action: 0, Confidence: 1.0000, Safety Mode: SAFE_HOLD, Override: Safe hold mode active
2025-05-28 04:04:13,230 - INFO - [AUDIT] - Action: 0, Confidence: 1.0000, Safety Mode: SAFE_HOLD, Override: Safe hold mode active
2025-05-28 04:04:13,230 - INFO - [AUDIT] - Action: 0, Confidence: 1.0000, Safety Mode: SAFE_HOLD, Override: Safe hold mode active
2025-05-28 04:04:13,231 - INFO - [AUDIT] - Action: 0, Confidence: 1.0000, Safety Mode: SAFE_HOLD, Override: Safe hold mode active
2025-05-28 04:04:13,231 - INFO - [AUDIT] - Action: 0, Confidence: 1.0000, Safety Mode: SAFE_HOLD, Override: Safe hold mode active
2025-05-28 04:04:13,231 - INFO - [AUDIT] - Action: 0, Confidence: 1.0000, Safety Mode: SAFE_HOLD, Override: Safe hold mode active
2025-05-28 04:04:13,231 - INFO - [AUDIT] - Action: 0, Confidence: 1.0000, Safety Mode: SAFE_HOLD, Override: Safe hold mode active
2025-05-28 04:04:13,231 - INFO - [AUDIT] - Action: 0, Confidence: 1.0000, Safety Mode: SAFE_HOLD, Override: Safe hold mode active
2025-05-28 04:04:13,232 - INFO - [AUDIT] - Action: 0, Confidence: 1.0000, Safety Mode: SAFE_HOLD, Override: Safe hold mode active
2025-05-28 04:04:13,232 - INFO - [AUDIT] - Action: 0, Confidence: 1.0000, Safety Mode: SAFE_HOLD, Override: Safe hold mode active
2025-05-28 04:04:13,232 - INFO - [AUDIT] - Action: 0, Confidence: 1.0000, Safety Mode: SAFE_HOLD, Override: Safe hold mode active
2025-05-28 04:04:13,232 - INFO - [AUDIT] - Action: 0, Confidence: 1.0000, Safety Mode: SAFE_HOLD, Override: Safe hold mode active
2025-05-28 04:04:13,232 - INFO - [AUDIT] - Action: 0, Confidence: 1.0000, Safety Mode: SAFE_HOLD, Override: Safe hold mode active
2025-05-28 04:04:13,232 - INFO - [AUDIT] - Action: 0, Confidence: 1.0000, Safety Mode: SAFE_HOLD, Override: Safe hold mode active
2025-05-28 04:04:13,233 - INFO - [AUDIT] - Action: 0, Confidence: 1.0000, Safety Mode: SAFE_HOLD, Override: Safe hold mode active
2025-05-28 04:04:13,233 - INFO - [AUDIT] - Action: 0, Confidence: 1.0000, Safety Mode: SAFE_HOLD, Override: Safe hold mode active
2025-05-28 04:04:13,233 - INFO - [AUDIT] - Action: 0, Confidence: 1.0000, Safety Mode: SAFE_HOLD, Override: Safe hold mode active
2025-05-28 04:04:13,233 - INFO - [AUDIT] - Action: 0, Confidence: 1.0000, Safety Mode: SAFE_HOLD, Override: Safe hold mode active
2025-05-28 04:04:13,233 - INFO - [AUDIT] - Action: 0, Confidence: 1.0000, Safety Mode: SAFE_HOLD, Override: Safe hold mode active
2025-05-28 04:04:13,234 - INFO - [AUDIT] - Action: 0, Confidence: 1.0000, Safety Mode: SAFE_HOLD, Override: Safe hold mode active
2025-05-28 04:04:13,234 - INFO - [AUDIT] - Action: 0, Confidence: 1.0000, Safety Mode: SAFE_HOLD, Override: Safe hold mode active
2025-05-28 04:04:13,234 - INFO - [AUDIT] - Action: 0, Confidence: 1.0000, Safety Mode: SAFE_HOLD, Override: Safe hold mode active
2025-05-28 04:04:13,234 - INFO - [AUDIT] - Action: 0, Confidence: 1.0000, Safety Mode: SAFE_HOLD, Override: Safe hold mode active
2025-05-28 04:04:13,234 - INFO - [AUDIT] - Action: 0, Confidence: 1.0000, Safety Mode: SAFE_HOLD, Override: Safe hold mode active
2025-05-28 04:04:13,235 - INFO - [AUDIT] - Action: 0, Confidence: 1.0000, Safety Mode: SAFE_HOLD, Override: Safe hold mode active
2025-05-28 04:04:13,235 - INFO - [AUDIT] - Action: 0, Confidence: 1.0000, Safety Mode: SAFE_HOLD, Override: Safe hold mode active
2025-05-28 04:04:13,235 - INFO - [AUDIT] - Action: 0, Confidence: 1.0000, Safety Mode: SAFE_HOLD, Override: Safe hold mode active
2025-05-28 04:04:13,235 - INFO - [AUDIT] - Action: 0, Confidence: 1.0000, Safety Mode: SAFE_HOLD, Override: Safe hold mode active
2025-05-28 04:04:13,235 - INFO - [AUDIT] - Action: 0, Confidence: 1.0000, Safety Mode: SAFE_HOLD, Override: Safe hold mode active
2025-05-28 04:04:13,235 - INFO - [AUDIT] - Action: 0, Confidence: 1.0000, Safety Mode: SAFE_HOLD, Override: Safe hold mode active
2025-05-28 04:04:13,236 - INFO - [AUDIT] - Action: 0, Confidence: 1.0000, Safety Mode: SAFE_HOLD, Override: Safe hold mode active
2025-05-28 04:04:13,236 - INFO - [AUDIT] - Action: 0, Confidence: 1.0000, Safety Mode: SAFE_HOLD, Override: Safe hold mode active
2025-05-28 04:04:13,236 - INFO - [AUDIT] - Action: 0, Confidence: 1.0000, Safety Mode: SAFE_HOLD, Override: Safe hold mode active
2025-05-28 04:04:13,236 - INFO - [AUDIT] - Action: 0, Confidence: 1.0000, Safety Mode: SAFE_HOLD, Override: Safe hold mode active
2025-05-28 04:04:13,236 - INFO - [AUDIT] - Action: 0, Confidence: 1.0000, Safety Mode: SAFE_HOLD, Override: Safe hold mode active
2025-05-28 04:04:13,237 - INFO - [AUDIT] - Action: 0, Confidence: 1.0000, Safety Mode: SAFE_HOLD, Override: Safe hold mode active
2025-05-28 04:04:13,237 - INFO - [AUDIT] - Action: 0, Confidence: 1.0000, Safety Mode: SAFE_HOLD, Override: Safe hold mode active
2025-05-28 04:04:13,237 - INFO - [AUDIT] - Action: 0, Confidence: 1.0000, Safety Mode: SAFE_HOLD, Override: Safe hold mode active
2025-05-28 04:04:13,237 - INFO - [AUDIT] - Action: 0, Confidence: 1.0000, Safety Mode: SAFE_HOLD, Override: Safe hold mode active
2025-05-28 04:04:13,237 - INFO - [AUDIT] - Action: 0, Confidence: 1.0000, Safety Mode: SAFE_HOLD, Override: Safe hold mode active
2025-05-28 04:04:13,238 - INFO - [AUDIT] - Action: 0, Confidence: 1.0000, Safety Mode: SAFE_HOLD, Override: Safe hold mode active
2025-05-28 04:04:13,238 - INFO - [AUDIT] - Action: 0, Confidence: 1.0000, Safety Mode: SAFE_HOLD, Override: Safe hold mode active
2025-05-28 04:04:13,238 - INFO - [AUDIT] - Action: 0, Confidence: 1.0000, Safety Mode: SAFE_HOLD, Override: Safe hold mode active
2025-05-28 04:04:13,238 - INFO - [AUDIT] - Action: 0, Confidence: 1.0000, Safety Mode: SAFE_HOLD, Override: Safe hold mode active
2025-05-28 04:04:13,238 - INFO - [AUDIT] - Action: 0, Confidence: 1.0000, Safety Mode: SAFE_HOLD, Override: Safe hold mode active
2025-05-28 04:04:13,239 - INFO - [AUDIT] - Action: 0, Confidence: 1.0000, Safety Mode: SAFE_HOLD, Override: Safe hold mode active
2025-05-28 04:04:13,239 - INFO - [AUDIT] - Action: 0, Confidence: 1.0000, Safety Mode: SAFE_HOLD, Override: Safe hold mode active
2025-05-28 04:04:13,239 - INFO - [AUDIT] - Action: 0, Confidence: 1.0000, Safety Mode: SAFE_HOLD, Override: Safe hold mode active
2025-05-28 04:04:13,239 - INFO - [AUDIT] - Action: 0, Confidence: 1.0000, Safety Mode: SAFE_HOLD, Override: Safe hold mode active
2025-05-28 04:04:13,239 - INFO - [AUDIT] - Action: 0, Confidence: 1.0000, Safety Mode: SAFE_HOLD, Override: Safe hold mode active
2025-05-28 04:04:13,240 - INFO - [AUDIT] - Action: 0, Confidence: 1.0000, Safety Mode: SAFE_HOLD, Override: Safe hold mode active
2025-05-28 04:04:13,240 - INFO - [AUDIT] - Action: 0, Confidence: 1.0000, Safety Mode: SAFE_HOLD, Override: Safe hold mode active
2025-05-28 04:04:13,240 - INFO - [AUDIT] - Action: 0, Confidence: 1.0000, Safety Mode: SAFE_HOLD, Override: Safe hold mode active
2025-05-28 04:04:13,240 - INFO - [AUDIT] - Action: 0, Confidence: 1.0000, Safety Mode: SAFE_HOLD, Override: Safe hold mode active
2025-05-28 04:04:13,240 - INFO - [AUDIT] - Action: 0, Confidence: 1.0000, Safety Mode: SAFE_HOLD, Override: Safe hold mode active
2025-05-28 04:04:13,240 - INFO - [AUDIT] - Action: 0, Confidence: 1.0000, Safety Mode: SAFE_HOLD, Override: Safe hold mode active
2025-05-28 04:04:13,241 - INFO - [AUDIT] - Action: 0, Confidence: 1.0000, Safety Mode: SAFE_HOLD, Override: Safe hold mode active
2025-05-28 04:04:13,241 - INFO - [AUDIT] - Action: 0, Confidence: 1.0000, Safety Mode: SAFE_HOLD, Override: Safe hold mode active
2025-05-28 04:04:13,241 - INFO - [AUDIT] - Action: 0, Confidence: 1.0000, Safety Mode: SAFE_HOLD, Override: Safe hold mode active
2025-05-28 04:04:13,241 - INFO - [AUDIT] - Action: 0, Confidence: 1.0000, Safety Mode: SAFE_HOLD, Override: Safe hold mode active
2025-05-28 04:04:13,241 - INFO - [AUDIT] - Action: 0, Confidence: 1.0000, Safety Mode: SAFE_HOLD, Override: Safe hold mode active
2025-05-28 04:04:13,241 - INFO - [AUDIT] - Action: 0, Confidence: 1.0000, Safety Mode: SAFE_HOLD, Override: Safe hold mode active
2025-05-28 04:04:13,242 - INFO - [AUDIT] - Action: 0, Confidence: 1.0000, Safety Mode: SAFE_HOLD, Override: Safe hold mode active
2025-05-28 04:04:13,242 - INFO - [AUDIT] - Action: 0, Confidence: 1.0000, Safety Mode: SAFE_HOLD, Override: Safe hold mode active
2025-05-28 04:04:13,242 - INFO - [AUDIT] - Action: 0, Confidence: 1.0000, Safety Mode: SAFE_HOLD, Override: Safe hold mode active
2025-05-28 04:04:13,242 - INFO - [AUDIT] - Action: 0, Confidence: 1.0000, Safety Mode: SAFE_HOLD, Override: Safe hold mode active
2025-05-28 04:04:13,243 - INFO - [AUDIT] - Action: 0, Confidence: 1.0000, Safety Mode: SAFE_HOLD, Override: Safe hold mode active
2025-05-28 04:04:13,243 - INFO - [AUDIT] - Action: 0, Confidence: 1.0000, Safety Mode: SAFE_HOLD, Override: Safe hold mode active
2025-05-28 04:04:13,243 - INFO - [AUDIT] - Action: 0, Confidence: 1.0000, Safety Mode: SAFE_HOLD, Override: Safe hold mode active
2025-05-28 04:04:13,243 - INFO - [AUDIT] - Action: 0, Confidence: 1.0000, Safety Mode: SAFE_HOLD, Override: Safe hold mode active
2025-05-28 04:04:13,243 - INFO - [AUDIT] - Action: 0, Confidence: 1.0000, Safety Mode: SAFE_HOLD, Override: Safe hold mode active
2025-05-28 04:04:13,244 - INFO - [AUDIT] - Action: 0, Confidence: 1.0000, Safety Mode: SAFE_HOLD, Override: Safe hold mode active
2025-05-28 04:04:13,244 - INFO - [AUDIT] - Action: 0, Confidence: 1.0000, Safety Mode: SAFE_HOLD, Override: Safe hold mode active
2025-05-28 04:04:13,244 - INFO - [AUDIT] - Action: 0, Confidence: 1.0000, Safety Mode: SAFE_HOLD, Override: Safe hold mode active
2025-05-28 04:04:13,244 - INFO - [AUDIT] - Action: 0, Confidence: 1.0000, Safety Mode: SAFE_HOLD, Override: Safe hold mode active
2025-05-28 04:04:13,244 - INFO - [AUDIT] - Action: 0, Confidence: 1.0000, Safety Mode: SAFE_HOLD, Override: Safe hold mode active
2025-05-28 04:04:13,245 - INFO - [AUDIT] - Action: 0, Confidence: 1.0000, Safety Mode: SAFE_HOLD, Override: Safe hold mode active
2025-05-28 04:04:13,245 - INFO - [AUDIT] - Action: 0, Confidence: 1.0000, Safety Mode: SAFE_HOLD, Override: Safe hold mode active
2025-05-28 04:04:13,245 - INFO - [AUDIT] - Action: 0, Confidence: 1.0000, Safety Mode: SAFE_HOLD, Override: Safe hold mode active
2025-05-28 04:04:13,245 - INFO - [AUDIT] - Action: 0, Confidence: 1.0000, Safety Mode: SAFE_HOLD, Override: Safe hold mode active
2025-05-28 04:04:13,245 - INFO - [AUDIT] - Action: 0, Confidence: 1.0000, Safety Mode: SAFE_HOLD, Override: Safe hold mode active
2025-05-28 04:04:13,245 - INFO - [AUDIT] - Action: 0, Confidence: 1.0000, Safety Mode: SAFE_HOLD, Override: Safe hold mode active
2025-05-28 04:04:13,246 - INFO - [AUDIT] - Action: 0, Confidence: 1.0000, Safety Mode: SAFE_HOLD, Override: Safe hold mode active
2025-05-28 04:04:13,246 - INFO - [AUDIT] - Action: 0, Confidence: 1.0000, Safety Mode: SAFE_HOLD, Override: Safe hold mode active
2025-05-28 04:04:13,246 - INFO - [AUDIT] - Action: 0, Confidence: 1.0000, Safety Mode: SAFE_HOLD, Override: Safe hold mode active
2025-05-28 04:04:13,246 - INFO - [AUDIT] - Action: 0, Confidence: 1.0000, Safety Mode: SAFE_HOLD, Override: Safe hold mode active
2025-05-28 04:04:13,246 - INFO - [AUDIT] - Action: 0, Confidence: 1.0000, Safety Mode: SAFE_HOLD, Override: Safe hold mode active
2025-05-28 04:04:13,247 - INFO - [AUDIT] - Action: 0, Confidence: 1.0000, Safety Mode: SAFE_HOLD, Override: Safe hold mode active
2025-05-28 04:04:13,247 - INFO - [AUDIT] - Action: 0, Confidence: 1.0000, Safety Mode: SAFE_HOLD, Override: Safe hold mode active
2025-05-28 04:04:13,247 - INFO - [AUDIT] - Action: 0, Confidence: 1.0000, Safety Mode: SAFE_HOLD, Override: Safe hold mode active
2025-05-28 04:04:13,247 - INFO - [AUDIT] - Action: 0, Confidence: 1.0000, Safety Mode: SAFE_HOLD, Override: Safe hold mode active
2025-05-28 04:04:13,247 - INFO - [AUDIT] - Action: 0, Confidence: 1.0000, Safety Mode: SAFE_HOLD, Override: Safe hold mode active
2025-05-28 04:04:13,248 - INFO - [AUDIT] - Action: 0, Confidence: 1.0000, Safety Mode: SAFE_HOLD, Override: Safe hold mode active
2025-05-28 04:04:13,248 - INFO - [AUDIT] - Action: 0, Confidence: 1.0000, Safety Mode: SAFE_HOLD, Override: Safe hold mode active
2025-05-28 04:04:13,248 - INFO - [AUDIT] - Action: 0, Confidence: 1.0000, Safety Mode: SAFE_HOLD, Override: Safe hold mode active
2025-05-28 04:04:13,248 - INFO - [AUDIT] - Action: 0, Confidence: 1.0000, Safety Mode: SAFE_HOLD, Override: Safe hold mode active
2025-05-28 04:04:13,248 - INFO - [AUDIT] - Action: 0, Confidence: 1.0000, Safety Mode: SAFE_HOLD, Override: Safe hold mode active
2025-05-28 04:04:13,249 - INFO - [AUDIT] - Action: 0, Confidence: 1.0000, Safety Mode: SAFE_HOLD, Override: Safe hold mode active
2025-05-28 04:04:13,249 - INFO - [AUDIT] - Action: 0, Confidence: 1.0000, Safety Mode: SAFE_HOLD, Override: Safe hold mode active
2025-05-28 04:04:13,249 - INFO - [AUDIT] - Action: 0, Confidence: 1.0000, Safety Mode: SAFE_HOLD, Override: Safe hold mode active
2025-05-28 04:04:13,249 - INFO - [AUDIT] - Action: 0, Confidence: 1.0000, Safety Mode: SAFE_HOLD, Override: Safe hold mode active
2025-05-28 04:04:13,249 - INFO - [AUDIT] - Action: 0, Confidence: 1.0000, Safety Mode: SAFE_HOLD, Override: Safe hold mode active
2025-05-28 04:04:13,249 - INFO - [AUDIT] - Action: 0, Confidence: 1.0000, Safety Mode: SAFE_HOLD, Override: Safe hold mode active
2025-05-28 04:04:13,250 - INFO - [AUDIT] - Action: 0, Confidence: 1.0000, Safety Mode: SAFE_HOLD, Override: Safe hold mode active
2025-05-28 04:04:13,250 - INFO - [AUDIT] - Action: 0, Confidence: 1.0000, Safety Mode: SAFE_HOLD, Override: Safe hold mode active
2025-05-28 04:04:13,250 - INFO - [AUDIT] - Action: 0, Confidence: 1.0000, Safety Mode: SAFE_HOLD, Override: Safe hold mode active
2025-05-28 04:04:13,250 - INFO - [AUDIT] - Action: 0, Confidence: 1.0000, Safety Mode: SAFE_HOLD, Override: Safe hold mode active
2025-05-28 04:04:13,250 - INFO - [AUDIT] - Action: 0, Confidence: 1.0000, Safety Mode: SAFE_HOLD, Override: Safe hold mode active
2025-05-28 04:04:13,251 - INFO - [AUDIT] - Action: 0, Confidence: 1.0000, Safety Mode: SAFE_HOLD, Override: Safe hold mode active
2025-05-28 04:04:13,251 - INFO - [AUDIT] - Action: 0, Confidence: 1.0000, Safety Mode: SAFE_HOLD, Override: Safe hold mode active
2025-05-28 04:04:13,251 - INFO - [AUDIT] - Action: 0, Confidence: 1.0000, Safety Mode: SAFE_HOLD, Override: Safe hold mode active
2025-05-28 04:04:13,251 - INFO - [AUDIT] - Action: 0, Confidence: 1.0000, Safety Mode: SAFE_HOLD, Override: Safe hold mode active
2025-05-28 04:04:13,251 - INFO - [AUDIT] - Action: 0, Confidence: 1.0000, Safety Mode: SAFE_HOLD, Override: Safe hold mode active
2025-05-28 04:04:13,252 - INFO - [AUDIT] - Action: 0, Confidence: 1.0000, Safety Mode: SAFE_HOLD, Override: Safe hold mode active
2025-05-28 04:04:13,252 - INFO - [AUDIT] - Action: 0, Confidence: 1.0000, Safety Mode: SAFE_HOLD, Override: Safe hold mode active
2025-05-28 04:04:13,252 - INFO - [AUDIT] - Action: 0, Confidence: 1.0000, Safety Mode: SAFE_HOLD, Override: Safe hold mode active
2025-05-28 04:04:13,252 - INFO - [AUDIT] - Action: 0, Confidence: 1.0000, Safety Mode: SAFE_HOLD, Override: Safe hold mode active
2025-05-28 04:04:13,253 - INFO - [AUDIT] - Action: 0, Confidence: 1.0000, Safety Mode: SAFE_HOLD, Override: Safe hold mode active
2025-05-28 04:04:13,253 - INFO - [AUDIT] - Action: 0, Confidence: 1.0000, Safety Mode: SAFE_HOLD, Override: Safe hold mode active
2025-05-28 04:04:13,253 - INFO - [AUDIT] - Action: 0, Confidence: 1.0000, Safety Mode: SAFE_HOLD, Override: Safe hold mode active
2025-05-28 04:04:13,253 - INFO - [AUDIT] - Action: 0, Confidence: 1.0000, Safety Mode: SAFE_HOLD, Override: Safe hold mode active
2025-05-28 04:04:13,253 - INFO - [AUDIT] - Action: 0, Confidence: 1.0000, Safety Mode: SAFE_HOLD, Override: Safe hold mode active
2025-05-28 04:04:13,254 - INFO - [AUDIT] - Action: 0, Confidence: 1.0000, Safety Mode: SAFE_HOLD, Override: Safe hold mode active
2025-05-28 04:04:13,254 - INFO - [AUDIT] - Action: 0, Confidence: 1.0000, Safety Mode: SAFE_HOLD, Override: Safe hold mode active
2025-05-28 04:04:13,254 - INFO - [AUDIT] - Action: 0, Confidence: 1.0000, Safety Mode: SAFE_HOLD, Override: Safe hold mode active
2025-05-28 04:04:13,254 - INFO - [AUDIT] - Action: 0, Confidence: 1.0000, Safety Mode: SAFE_HOLD, Override: Safe hold mode active
2025-05-28 04:04:13,254 - INFO - [AUDIT] - Action: 0, Confidence: 1.0000, Safety Mode: SAFE_HOLD, Override: Safe hold mode active
2025-05-28 04:04:13,254 - INFO - [AUDIT] - Action: 0, Confidence: 1.0000, Safety Mode: SAFE_HOLD, Override: Safe hold mode active
2025-05-28 04:04:13,255 - INFO - [AUDIT] - Action: 0, Confidence: 1.0000, Safety Mode: SAFE_HOLD, Override: Safe hold mode active
2025-05-28 04:04:13,255 - INFO - [AUDIT] - Action: 0, Confidence: 1.0000, Safety Mode: SAFE_HOLD, Override: Safe hold mode active
2025-05-28 04:04:13,255 - INFO - [AUDIT] - Action: 0, Confidence: 1.0000, Safety Mode: SAFE_HOLD, Override: Safe hold mode active
2025-05-28 04:04:13,255 - INFO - [AUDIT] - Action: 0, Confidence: 1.0000, Safety Mode: SAFE_HOLD, Override: Safe hold mode active
2025-05-28 04:04:13,255 - INFO - [AUDIT] - Action: 0, Confidence: 1.0000, Safety Mode: SAFE_HOLD, Override: Safe hold mode active
2025-05-28 04:04:13,256 - INFO - [AUDIT] - Action: 0, Confidence: 1.0000, Safety Mode: SAFE_HOLD, Override: Safe hold mode active
2025-05-28 04:04:13,256 - INFO - [AUDIT] - Action: 0, Confidence: 1.0000, Safety Mode: SAFE_HOLD, Override: Safe hold mode active
2025-05-28 04:04:13,256 - INFO - [AUDIT] - Action: 0, Confidence: 1.0000, Safety Mode: SAFE_HOLD, Override: Safe hold mode active
2025-05-28 04:04:13,256 - INFO - [AUDIT] - Action: 0, Confidence: 1.0000, Safety Mode: SAFE_HOLD, Override: Safe hold mode active
2025-05-28 04:04:13,256 - INFO - [AUDIT] - Action: 0, Confidence: 1.0000, Safety Mode: SAFE_HOLD, Override: Safe hold mode active
2025-05-28 04:04:13,257 - INFO - [AUDIT] - Action: 0, Confidence: 1.0000, Safety Mode: SAFE_HOLD, Override: Safe hold mode active
2025-05-28 04:04:13,257 - INFO - [AUDIT] - Action: 0, Confidence: 1.0000, Safety Mode: SAFE_HOLD, Override: Safe hold mode active
2025-05-28 04:04:13,257 - INFO - [AUDIT] - Action: 0, Confidence: 1.0000, Safety Mode: SAFE_HOLD, Override: Safe hold mode active
2025-05-28 04:04:13,257 - INFO - [AUDIT] - Action: 0, Confidence: 1.0000, Safety Mode: SAFE_HOLD, Override: Safe hold mode active
2025-05-28 04:04:13,257 - INFO - [AUDIT] - Action: 0, Confidence: 1.0000, Safety Mode: SAFE_HOLD, Override: Safe hold mode active
2025-05-28 04:04:13,257 - INFO - [AUDIT] - Action: 0, Confidence: 1.0000, Safety Mode: SAFE_HOLD, Override: Safe hold mode active
2025-05-28 04:04:13,258 - INFO - [AUDIT] - Action: 0, Confidence: 1.0000, Safety Mode: SAFE_HOLD, Override: Safe hold mode active
2025-05-28 04:04:13,258 - INFO - [AUDIT] - Action: 0, Confidence: 1.0000, Safety Mode: SAFE_HOLD, Override: Safe hold mode active
2025-05-28 04:04:13,258 - INFO - [AUDIT] - Action: 0, Confidence: 1.0000, Safety Mode: SAFE_HOLD, Override: Safe hold mode active
2025-05-28 04:04:13,258 - INFO - [AUDIT] - Action: 0, Confidence: 1.0000, Safety Mode: SAFE_HOLD, Override: Safe hold mode active
2025-05-28 04:04:13,258 - INFO - [AUDIT] - Action: 0, Confidence: 1.0000, Safety Mode: SAFE_HOLD, Override: Safe hold mode active
2025-05-28 04:04:13,259 - INFO - [AUDIT] - Action: 0, Confidence: 1.0000, Safety Mode: SAFE_HOLD, Override: Safe hold mode active
2025-05-28 04:04:13,259 - INFO - [AUDIT] - Action: 0, Confidence: 1.0000, Safety Mode: SAFE_HOLD, Override: Safe hold mode active
2025-05-28 04:04:13,259 - INFO - [AUDIT] - Action: 0, Confidence: 1.0000, Safety Mode: SAFE_HOLD, Override: Safe hold mode active
2025-05-28 04:04:13,259 - INFO - [AUDIT] - Action: 0, Confidence: 1.0000, Safety Mode: SAFE_HOLD, Override: Safe hold mode active
2025-05-28 04:04:13,259 - INFO - [AUDIT] - Action: 0, Confidence: 1.0000, Safety Mode: SAFE_HOLD, Override: Safe hold mode active
2025-05-28 04:04:13,260 - INFO - [AUDIT] - Action: 0, Confidence: 1.0000, Safety Mode: SAFE_HOLD, Override: Safe hold mode active
2025-05-28 04:04:13,260 - INFO - [AUDIT] - Action: 0, Confidence: 1.0000, Safety Mode: SAFE_HOLD, Override: Safe hold mode active
2025-05-28 04:04:13,260 - INFO - [AUDIT] - Action: 0, Confidence: 1.0000, Safety Mode: SAFE_HOLD, Override: Safe hold mode active
2025-05-28 04:04:13,260 - INFO - [AUDIT] - Action: 0, Confidence: 1.0000, Safety Mode: SAFE_HOLD, Override: Safe hold mode active
2025-05-28 04:04:13,260 - INFO - [AUDIT] - Action: 0, Confidence: 1.0000, Safety Mode: SAFE_HOLD, Override: Safe hold mode active
2025-05-28 04:04:13,260 - INFO - [AUDIT] - Action: 0, Confidence: 1.0000, Safety Mode: SAFE_HOLD, Override: Safe hold mode active
2025-05-28 04:04:13,261 - INFO - [AUDIT] - Action: 0, Confidence: 1.0000, Safety Mode: SAFE_HOLD, Override: Safe hold mode active
2025-05-28 04:04:13,261 - INFO - [AUDIT] - Action: 0, Confidence: 1.0000, Safety Mode: SAFE_HOLD, Override: Safe hold mode active
2025-05-28 04:04:13,261 - INFO - [AUDIT] - Action: 0, Confidence: 1.0000, Safety Mode: SAFE_HOLD, Override: Safe hold mode active
2025-05-28 04:04:13,261 - INFO - [AUDIT] - Action: 0, Confidence: 1.0000, Safety Mode: SAFE_HOLD, Override: Safe hold mode active
2025-05-28 04:04:13,261 - INFO - [AUDIT] - Action: 0, Confidence: 1.0000, Safety Mode: SAFE_HOLD, Override: Safe hold mode active
2025-05-28 04:04:13,262 - INFO - [AUDIT] - Action: 0, Confidence: 1.0000, Safety Mode: SAFE_HOLD, Override: Safe hold mode active
2025-05-28 04:04:13,262 - INFO - [AUDIT] - Action: 0, Confidence: 1.0000, Safety Mode: SAFE_HOLD, Override: Safe hold mode active
2025-05-28 04:04:13,262 - INFO - [AUDIT] - Action: 0, Confidence: 1.0000, Safety Mode: SAFE_HOLD, Override: Safe hold mode active
2025-05-28 04:04:13,262 - INFO - [AUDIT] - Action: 0, Confidence: 1.0000, Safety Mode: SAFE_HOLD, Override: Safe hold mode active
2025-05-28 04:04:13,262 - INFO - [AUDIT] - Action: 0, Confidence: 1.0000, Safety Mode: SAFE_HOLD, Override: Safe hold mode active
2025-05-28 04:04:13,263 - INFO - [AUDIT] - Action: 0, Confidence: 1.0000, Safety Mode: SAFE_HOLD, Override: Safe hold mode active
2025-05-28 04:04:13,263 - INFO - [AUDIT] - Action: 0, Confidence: 1.0000, Safety Mode: SAFE_HOLD, Override: Safe hold mode active
2025-05-28 04:04:13,263 - INFO - [AUDIT] - Action: 0, Confidence: 1.0000, Safety Mode: SAFE_HOLD, Override: Safe hold mode active
2025-05-28 04:04:13,263 - INFO - [AUDIT] - Action: 0, Confidence: 1.0000, Safety Mode: SAFE_HOLD, Override: Safe hold mode active
2025-05-28 04:04:13,263 - INFO - [AUDIT] - Action: 0, Confidence: 1.0000, Safety Mode: SAFE_HOLD, Override: Safe hold mode active
2025-05-28 04:04:13,264 - INFO - [AUDIT] - Action: 0, Confidence: 1.0000, Safety Mode: SAFE_HOLD, Override: Safe hold mode active
2025-05-28 04:04:13,264 - INFO - [AUDIT] - Action: 0, Confidence: 1.0000, Safety Mode: SAFE_HOLD, Override: Safe hold mode active
2025-05-28 04:04:13,264 - INFO - [AUDIT] - Action: 0, Confidence: 1.0000, Safety Mode: SAFE_HOLD, Override: Safe hold mode active
2025-05-28 04:04:13,264 - INFO - [AUDIT] - Action: 0, Confidence: 1.0000, Safety Mode: SAFE_HOLD, Override: Safe hold mode active
2025-05-28 04:04:13,884 - INFO - [AUDIT] - Action: 0, Confidence: 1.0000, Safety Mode: SAFE_HOLD, Override: Safe hold mode active
2025-05-28 04:04:13,884 - INFO - [AUDIT] - Action: 0, Confidence: 1.0000, Safety Mode: SAFE_HOLD, Override: Safe hold mode active
2025-05-28 04:04:13,885 - INFO - [AUDIT] - Action: 0, Confidence: 1.0000, Safety Mode: SAFE_HOLD, Override: Safe hold mode active
2025-05-28 04:04:13,885 - INFO - [AUDIT] - Action: 0, Confidence: 1.0000, Safety Mode: SAFE_HOLD, Override: Safe hold mode active
2025-05-28 04:04:13,885 - INFO - [AUDIT] - Action: 0, Confidence: 1.0000, Safety Mode: SAFE_HOLD, Override: Safe hold mode active
2025-05-28 04:04:13,886 - INFO - [AUDIT] - Action: 0, Confidence: 1.0000, Safety Mode: SAFE_HOLD, Override: Safe hold mode active
2025-05-28 04:04:13,886 - INFO - [AUDIT] - Action: 0, Confidence: 1.0000, Safety Mode: SAFE_HOLD, Override: Safe hold mode active
2025-05-28 04:04:13,886 - INFO - [AUDIT] - Action: 0, Confidence: 1.0000, Safety Mode: SAFE_HOLD, Override: Safe hold mode active
2025-05-28 04:04:13,886 - INFO - [AUDIT] - Action: 0, Confidence: 1.0000, Safety Mode: SAFE_HOLD, Override: Safe hold mode active
2025-05-28 04:04:13,886 - INFO - [AUDIT] - Action: 0, Confidence: 1.0000, Safety Mode: SAFE_HOLD, Override: Safe hold mode active
2025-05-28 04:04:13,887 - INFO - [AUDIT] - Action: 0, Confidence: 1.0000, Safety Mode: SAFE_HOLD, Override: Safe hold mode active
2025-05-28 04:04:13,887 - INFO - [AUDIT] - Action: 0, Confidence: 1.0000, Safety Mode: SAFE_HOLD, Override: Safe hold mode active
2025-05-28 04:04:13,887 - INFO - [AUDIT] - Action: 0, Confidence: 1.0000, Safety Mode: SAFE_HOLD, Override: Safe hold mode active
2025-05-28 04:04:13,887 - INFO - [AUDIT] - Action: 0, Confidence: 1.0000, Safety Mode: SAFE_HOLD, Override: Safe hold mode active
2025-05-28 04:04:13,888 - INFO - [AUDIT] - Action: 0, Confidence: 1.0000, Safety Mode: SAFE_HOLD, Override: Safe hold mode active
2025-05-28 04:04:13,888 - INFO - [AUDIT] - Action: 0, Confidence: 1.0000, Safety Mode: SAFE_HOLD, Override: Safe hold mode active
2025-05-28 04:04:13,888 - INFO - [AUDIT] - Action: 0, Confidence: 1.0000, Safety Mode: SAFE_HOLD, Override: Safe hold mode active
2025-05-28 04:04:13,888 - INFO - [AUDIT] - Action: 0, Confidence: 1.0000, Safety Mode: SAFE_HOLD, Override: Safe hold mode active
2025-05-28 04:04:13,888 - INFO - [AUDIT] - Action: 0, Confidence: 1.0000, Safety Mode: SAFE_HOLD, Override: Safe hold mode active
2025-05-28 04:04:13,889 - INFO - [AUDIT] - Action: 0, Confidence: 1.0000, Safety Mode: SAFE_HOLD, Override: Safe hold mode active
2025-05-28 04:04:13,889 - INFO - [AUDIT] - Action: 0, Confidence: 1.0000, Safety Mode: SAFE_HOLD, Override: Safe hold mode active
2025-05-28 04:04:13,889 - INFO - [AUDIT] - Action: 0, Confidence: 1.0000, Safety Mode: SAFE_HOLD, Override: Safe hold mode active
2025-05-28 04:04:13,889 - INFO - [AUDIT] - Action: 0, Confidence: 1.0000, Safety Mode: SAFE_HOLD, Override: Safe hold mode active
2025-05-28 04:04:13,889 - INFO - [AUDIT] - Action: 0, Confidence: 1.0000, Safety Mode: SAFE_HOLD, Override: Safe hold mode active
2025-05-28 04:04:13,890 - INFO - [AUDIT] - Action: 0, Confidence: 1.0000, Safety Mode: SAFE_HOLD, Override: Safe hold mode active
2025-05-28 04:04:13,890 - INFO - [AUDIT] - Action: 0, Confidence: 1.0000, Safety Mode: SAFE_HOLD, Override: Safe hold mode active
2025-05-28 04:04:13,890 - INFO - [AUDIT] - Action: 0, Confidence: 1.0000, Safety Mode: SAFE_HOLD, Override: Safe hold mode active
2025-05-28 04:04:13,890 - INFO - [AUDIT] - Action: 0, Confidence: 1.0000, Safety Mode: SAFE_HOLD, Override: Safe hold mode active
2025-05-28 04:04:13,890 - INFO - [AUDIT] - Action: 0, Confidence: 1.0000, Safety Mode: SAFE_HOLD, Override: Safe hold mode active
2025-05-28 04:04:13,891 - INFO - [AUDIT] - Action: 0, Confidence: 1.0000, Safety Mode: SAFE_HOLD, Override: Safe hold mode active
2025-05-28 04:04:13,891 - INFO - [AUDIT] - Action: 0, Confidence: 1.0000, Safety Mode: SAFE_HOLD, Override: Safe hold mode active
2025-05-28 04:04:13,891 - INFO - [AUDIT] - Action: 0, Confidence: 1.0000, Safety Mode: SAFE_HOLD, Override: Safe hold mode active
2025-05-28 04:04:13,891 - INFO - [AUDIT] - Action: 0, Confidence: 1.0000, Safety Mode: SAFE_HOLD, Override: Safe hold mode active
2025-05-28 04:04:13,891 - INFO - [AUDIT] - Action: 0, Confidence: 1.0000, Safety Mode: SAFE_HOLD, Override: Safe hold mode active
2025-05-28 04:04:13,891 - INFO - [AUDIT] - Action: 0, Confidence: 1.0000, Safety Mode: SAFE_HOLD, Override: Safe hold mode active
2025-05-28 04:04:13,892 - INFO - [AUDIT] - Action: 0, Confidence: 1.0000, Safety Mode: SAFE_HOLD, Override: Safe hold mode active
2025-05-28 04:04:13,892 - INFO - [AUDIT] - Action: 0, Confidence: 1.0000, Safety Mode: SAFE_HOLD, Override: Safe hold mode active
2025-05-28 04:04:13,892 - INFO - [AUDIT] - Action: 0, Confidence: 1.0000, Safety Mode: SAFE_HOLD, Override: Safe hold mode active
2025-05-28 04:04:13,892 - INFO - [AUDIT] - Action: 0, Confidence: 1.0000, Safety Mode: SAFE_HOLD, Override: Safe hold mode active
2025-05-28 04:04:13,892 - INFO - [AUDIT] - Action: 0, Confidence: 1.0000, Safety Mode: SAFE_HOLD, Override: Safe hold mode active
2025-05-28 04:04:13,893 - INFO - [AUDIT] - Action: 0, Confidence: 1.0000, Safety Mode: SAFE_HOLD, Override: Safe hold mode active
2025-05-28 04:04:13,893 - INFO - [AUDIT] - Action: 0, Confidence: 1.0000, Safety Mode: SAFE_HOLD, Override: Safe hold mode active
2025-05-28 04:04:13,893 - INFO - [AUDIT] - Action: 0, Confidence: 1.0000, Safety Mode: SAFE_HOLD, Override: Safe hold mode active
2025-05-28 04:04:13,893 - INFO - [AUDIT] - Action: 0, Confidence: 1.0000, Safety Mode: SAFE_HOLD, Override: Safe hold mode active
2025-05-28 04:04:13,894 - INFO - [AUDIT] - Action: 0, Confidence: 1.0000, Safety Mode: SAFE_HOLD, Override: Safe hold mode active
2025-05-28 04:04:13,894 - INFO - [AUDIT] - Action: 0, Confidence: 1.0000, Safety Mode: SAFE_HOLD, Override: Safe hold mode active
2025-05-28 04:04:13,894 - INFO - [AUDIT] - Action: 0, Confidence: 1.0000, Safety Mode: SAFE_HOLD, Override: Safe hold mode active
2025-05-28 04:04:13,894 - INFO - [AUDIT] - Action: 0, Confidence: 1.0000, Safety Mode: SAFE_HOLD, Override: Safe hold mode active
2025-05-28 04:04:13,894 - INFO - [AUDIT] - Action: 0, Confidence: 1.0000, Safety Mode: SAFE_HOLD, Override: Safe hold mode active
2025-05-28 04:04:13,895 - INFO - [AUDIT] - Action: 0, Confidence: 1.0000, Safety Mode: SAFE_HOLD, Override: Safe hold mode active
2025-05-28 04:04:13,895 - INFO - [AUDIT] - Action: 0, Confidence: 1.0000, Safety Mode: SAFE_HOLD, Override: Safe hold mode active
2025-05-28 04:04:13,895 - INFO - [AUDIT] - Action: 0, Confidence: 1.0000, Safety Mode: SAFE_HOLD, Override: Safe hold mode active
2025-05-28 04:04:13,895 - INFO - [AUDIT] - Action: 0, Confidence: 1.0000, Safety Mode: SAFE_HOLD, Override: Safe hold mode active
2025-05-28 04:04:13,895 - INFO - [AUDIT] - Action: 0, Confidence: 1.0000, Safety Mode: SAFE_HOLD, Override: Safe hold mode active
2025-05-28 04:04:13,896 - INFO - [AUDIT] - Action: 0, Confidence: 1.0000, Safety Mode: SAFE_HOLD, Override: Safe hold mode active
2025-05-28 04:04:13,896 - INFO - [AUDIT] - Action: 0, Confidence: 1.0000, Safety Mode: SAFE_HOLD, Override: Safe hold mode active
2025-05-28 04:04:13,896 - INFO - [AUDIT] - Action: 0, Confidence: 1.0000, Safety Mode: SAFE_HOLD, Override: Safe hold mode active
2025-05-28 04:04:13,896 - INFO - [AUDIT] - Action: 0, Confidence: 1.0000, Safety Mode: SAFE_HOLD, Override: Safe hold mode active
2025-05-28 04:04:13,896 - INFO - [AUDIT] - Action: 0, Confidence: 1.0000, Safety Mode: SAFE_HOLD, Override: Safe hold mode active
2025-05-28 04:04:13,897 - INFO - [AUDIT] - Action: 0, Confidence: 1.0000, Safety Mode: SAFE_HOLD, Override: Safe hold mode active
2025-05-28 04:04:13,897 - INFO - [AUDIT] - Action: 0, Confidence: 1.0000, Safety Mode: SAFE_HOLD, Override: Safe hold mode active
2025-05-28 04:04:13,897 - INFO - [AUDIT] - Action: 0, Confidence: 1.0000, Safety Mode: SAFE_HOLD, Override: Safe hold mode active
2025-05-28 04:04:13,897 - INFO - [AUDIT] - Action: 0, Confidence: 1.0000, Safety Mode: SAFE_HOLD, Override: Safe hold mode active
2025-05-28 04:04:13,897 - INFO - [AUDIT] - Action: 0, Confidence: 1.0000, Safety Mode: SAFE_HOLD, Override: Safe hold mode active
2025-05-28 04:04:13,898 - INFO - [AUDIT] - Action: 0, Confidence: 1.0000, Safety Mode: SAFE_HOLD, Override: Safe hold mode active
2025-05-28 04:04:13,898 - INFO - [AUDIT] - Action: 0, Confidence: 1.0000, Safety Mode: SAFE_HOLD, Override: Safe hold mode active
2025-05-28 04:04:13,898 - INFO - [AUDIT] - Action: 0, Confidence: 1.0000, Safety Mode: SAFE_HOLD, Override: Safe hold mode active
2025-05-28 04:04:13,898 - INFO - [AUDIT] - Action: 0, Confidence: 1.0000, Safety Mode: SAFE_HOLD, Override: Safe hold mode active
2025-05-28 04:04:13,898 - INFO - [AUDIT] - Action: 0, Confidence: 1.0000, Safety Mode: SAFE_HOLD, Override: Safe hold mode active
2025-05-28 04:04:13,899 - INFO - [AUDIT] - Action: 0, Confidence: 1.0000, Safety Mode: SAFE_HOLD, Override: Safe hold mode active
2025-05-28 04:04:13,899 - INFO - [AUDIT] - Action: 0, Confidence: 1.0000, Safety Mode: SAFE_HOLD, Override: Safe hold mode active
2025-05-28 04:04:13,899 - INFO - [AUDIT] - Action: 0, Confidence: 1.0000, Safety Mode: SAFE_HOLD, Override: Safe hold mode active
2025-05-28 04:04:13,899 - INFO - [AUDIT] - Action: 0, Confidence: 1.0000, Safety Mode: SAFE_HOLD, Override: Safe hold mode active
2025-05-28 04:04:13,899 - INFO - [AUDIT] - Action: 0, Confidence: 1.0000, Safety Mode: SAFE_HOLD, Override: Safe hold mode active
2025-05-28 04:04:13,900 - INFO - [AUDIT] - Action: 0, Confidence: 1.0000, Safety Mode: SAFE_HOLD, Override: Safe hold mode active
2025-05-28 04:04:13,900 - INFO - [AUDIT] - Action: 0, Confidence: 1.0000, Safety Mode: SAFE_HOLD, Override: Safe hold mode active
2025-05-28 04:04:13,900 - INFO - [AUDIT] - Action: 0, Confidence: 1.0000, Safety Mode: SAFE_HOLD, Override: Safe hold mode active
2025-05-28 04:04:13,900 - INFO - [AUDIT] - Action: 0, Confidence: 1.0000, Safety Mode: SAFE_HOLD, Override: Safe hold mode active
2025-05-28 04:04:13,900 - INFO - [AUDIT] - Action: 0, Confidence: 1.0000, Safety Mode: SAFE_HOLD, Override: Safe hold mode active
2025-05-28 04:04:13,901 - INFO - [AUDIT] - Action: 0, Confidence: 1.0000, Safety Mode: SAFE_HOLD, Override: Safe hold mode active
2025-05-28 04:04:13,901 - INFO - [AUDIT] - Action: 0, Confidence: 1.0000, Safety Mode: SAFE_HOLD, Override: Safe hold mode active
2025-05-28 04:04:13,901 - INFO - [AUDIT] - Action: 0, Confidence: 1.0000, Safety Mode: SAFE_HOLD, Override: Safe hold mode active
2025-05-28 04:04:13,901 - INFO - [AUDIT] - Action: 0, Confidence: 1.0000, Safety Mode: SAFE_HOLD, Override: Safe hold mode active
2025-05-28 04:04:13,901 - INFO - [AUDIT] - Action: 0, Confidence: 1.0000, Safety Mode: SAFE_HOLD, Override: Safe hold mode active
2025-05-28 04:04:13,902 - INFO - [AUDIT] - Action: 0, Confidence: 1.0000, Safety Mode: SAFE_HOLD, Override: Safe hold mode active
2025-05-28 04:04:13,902 - INFO - [AUDIT] - Action: 0, Confidence: 1.0000, Safety Mode: SAFE_HOLD, Override: Safe hold mode active
2025-05-28 04:04:13,902 - INFO - [AUDIT] - Action: 0, Confidence: 1.0000, Safety Mode: SAFE_HOLD, Override: Safe hold mode active
2025-05-28 04:04:13,902 - INFO - [AUDIT] - Action: 0, Confidence: 1.0000, Safety Mode: SAFE_HOLD, Override: Safe hold mode active
2025-05-28 04:04:13,903 - INFO - [AUDIT] - Action: 0, Confidence: 1.0000, Safety Mode: SAFE_HOLD, Override: Safe hold mode active
2025-05-28 04:04:13,903 - INFO - [AUDIT] - Action: 0, Confidence: 1.0000, Safety Mode: SAFE_HOLD, Override: Safe hold mode active
2025-05-28 04:04:13,903 - INFO - [AUDIT] - Action: 0, Confidence: 1.0000, Safety Mode: SAFE_HOLD, Override: Safe hold mode active
2025-05-28 04:04:13,903 - INFO - [AUDIT] - Action: 0, Confidence: 1.0000, Safety Mode: SAFE_HOLD, Override: Safe hold mode active
2025-05-28 04:04:13,903 - INFO - [AUDIT] - Action: 0, Confidence: 1.0000, Safety Mode: SAFE_HOLD, Override: Safe hold mode active
2025-05-28 04:04:13,904 - INFO - [AUDIT] - Action: 0, Confidence: 1.0000, Safety Mode: SAFE_HOLD, Override: Safe hold mode active
2025-05-28 04:04:13,904 - INFO - [AUDIT] - Action: 0, Confidence: 1.0000, Safety Mode: SAFE_HOLD, Override: Safe hold mode active
2025-05-28 04:04:13,904 - INFO - [AUDIT] - Action: 0, Confidence: 1.0000, Safety Mode: SAFE_HOLD, Override: Safe hold mode active
2025-05-28 04:04:13,904 - INFO - [AUDIT] - Action: 0, Confidence: 1.0000, Safety Mode: SAFE_HOLD, Override: Safe hold mode active
2025-05-28 04:04:13,904 - INFO - [AUDIT] - Action: 0, Confidence: 1.0000, Safety Mode: SAFE_HOLD, Override: Safe hold mode active
2025-05-28 04:04:13,905 - INFO - [AUDIT] - Action: 0, Confidence: 1.0000, Safety Mode: SAFE_HOLD, Override: Safe hold mode active
2025-05-28 04:04:13,905 - INFO - [AUDIT] - Action: 0, Confidence: 1.0000, Safety Mode: SAFE_HOLD, Override: Safe hold mode active
2025-05-28 04:04:13,905 - INFO - [AUDIT] - Action: 0, Confidence: 1.0000, Safety Mode: SAFE_HOLD, Override: Safe hold mode active
2025-05-28 04:04:13,905 - INFO - [AUDIT] - Action: 0, Confidence: 1.0000, Safety Mode: SAFE_HOLD, Override: Safe hold mode active
2025-05-28 04:04:13,905 - INFO - [AUDIT] - Action: 0, Confidence: 1.0000, Safety Mode: SAFE_HOLD, Override: Safe hold mode active
2025-05-28 04:04:13,906 - INFO - [AUDIT] - Action: 0, Confidence: 1.0000, Safety Mode: SAFE_HOLD, Override: Safe hold mode active
2025-05-28 04:04:13,906 - INFO - [AUDIT] - Action: 0, Confidence: 1.0000, Safety Mode: SAFE_HOLD, Override: Safe hold mode active
2025-05-28 04:04:13,906 - INFO - [AUDIT] - Action: 0, Confidence: 1.0000, Safety Mode: SAFE_HOLD, Override: Safe hold mode active
2025-05-28 04:04:13,906 - INFO - [AUDIT] - Action: 0, Confidence: 1.0000, Safety Mode: SAFE_HOLD, Override: Safe hold mode active
2025-05-28 04:04:13,906 - INFO - [AUDIT] - Action: 0, Confidence: 1.0000, Safety Mode: SAFE_HOLD, Override: Safe hold mode active
2025-05-28 04:04:13,907 - INFO - [AUDIT] - Action: 0, Confidence: 1.0000, Safety Mode: SAFE_HOLD, Override: Safe hold mode active
2025-05-28 04:04:13,907 - INFO - [AUDIT] - Action: 0, Confidence: 1.0000, Safety Mode: SAFE_HOLD, Override: Safe hold mode active
2025-05-28 04:04:13,907 - INFO - [AUDIT] - Action: 0, Confidence: 1.0000, Safety Mode: SAFE_HOLD, Override: Safe hold mode active
2025-05-28 04:04:13,907 - INFO - [AUDIT] - Action: 0, Confidence: 1.0000, Safety Mode: SAFE_HOLD, Override: Safe hold mode active
2025-05-28 04:04:13,907 - INFO - [AUDIT] - Action: 0, Confidence: 1.0000, Safety Mode: SAFE_HOLD, Override: Safe hold mode active
2025-05-28 04:04:13,908 - INFO - [AUDIT] - Action: 0, Confidence: 1.0000, Safety Mode: SAFE_HOLD, Override: Safe hold mode active
2025-05-28 04:04:13,908 - INFO - [AUDIT] - Action: 0, Confidence: 1.0000, Safety Mode: SAFE_HOLD, Override: Safe hold mode active
2025-05-28 04:04:13,908 - INFO - [AUDIT] - Action: 0, Confidence: 1.0000, Safety Mode: SAFE_HOLD, Override: Safe hold mode active
2025-05-28 04:04:13,908 - INFO - [AUDIT] - Action: 0, Confidence: 1.0000, Safety Mode: SAFE_HOLD, Override: Safe hold mode active
2025-05-28 04:04:13,909 - INFO - [AUDIT] - Action: 0, Confidence: 1.0000, Safety Mode: SAFE_HOLD, Override: Safe hold mode active
2025-05-28 04:04:13,909 - INFO - [AUDIT] - Action: 0, Confidence: 1.0000, Safety Mode: SAFE_HOLD, Override: Safe hold mode active
2025-05-28 04:04:13,909 - INFO - [AUDIT] - Action: 0, Confidence: 1.0000, Safety Mode: SAFE_HOLD, Override: Safe hold mode active
2025-05-28 04:04:13,909 - INFO - [AUDIT] - Action: 0, Confidence: 1.0000, Safety Mode: SAFE_HOLD, Override: Safe hold mode active
2025-05-28 04:04:13,909 - INFO - [AUDIT] - Action: 0, Confidence: 1.0000, Safety Mode: SAFE_HOLD, Override: Safe hold mode active
2025-05-28 04:04:13,909 - INFO - [AUDIT] - Action: 0, Confidence: 1.0000, Safety Mode: SAFE_HOLD, Override: Safe hold mode active
2025-05-28 04:04:13,910 - INFO - [AUDIT] - Action: 0, Confidence: 1.0000, Safety Mode: SAFE_HOLD, Override: Safe hold mode active
2025-05-28 04:04:13,910 - INFO - [AUDIT] - Action: 0, Confidence: 1.0000, Safety Mode: SAFE_HOLD, Override: Safe hold mode active
2025-05-28 04:04:13,910 - INFO - [AUDIT] - Action: 0, Confidence: 1.0000, Safety Mode: SAFE_HOLD, Override: Safe hold mode active
2025-05-28 04:04:13,910 - INFO - [AUDIT] - Action: 0, Confidence: 1.0000, Safety Mode: SAFE_HOLD, Override: Safe hold mode active
2025-05-28 04:04:13,910 - INFO - [AUDIT] - Action: 0, Confidence: 1.0000, Safety Mode: SAFE_HOLD, Override: Safe hold mode active
2025-05-28 04:04:13,911 - INFO - [AUDIT] - Action: 0, Confidence: 1.0000, Safety Mode: SAFE_HOLD, Override: Safe hold mode active
2025-05-28 04:04:13,911 - INFO - [AUDIT] - Action: 0, Confidence: 1.0000, Safety Mode: SAFE_HOLD, Override: Safe hold mode active
2025-05-28 04:04:13,911 - INFO - [AUDIT] - Action: 0, Confidence: 1.0000, Safety Mode: SAFE_HOLD, Override: Safe hold mode active
2025-05-28 04:04:13,911 - INFO - [AUDIT] - Action: 0, Confidence: 1.0000, Safety Mode: SAFE_HOLD, Override: Safe hold mode active
2025-05-28 04:04:13,911 - INFO - [AUDIT] - Action: 0, Confidence: 1.0000, Safety Mode: SAFE_HOLD, Override: Safe hold mode active
2025-05-28 04:04:13,912 - INFO - [AUDIT] - Action: 0, Confidence: 1.0000, Safety Mode: SAFE_HOLD, Override: Safe hold mode active
2025-05-28 04:04:13,912 - INFO - [AUDIT] - Action: 0, Confidence: 1.0000, Safety Mode: SAFE_HOLD, Override: Safe hold mode active
2025-05-28 04:04:13,912 - INFO - [AUDIT] - Action: 0, Confidence: 1.0000, Safety Mode: SAFE_HOLD, Override: Safe hold mode active
2025-05-28 04:04:13,912 - INFO - [AUDIT] - Action: 0, Confidence: 1.0000, Safety Mode: SAFE_HOLD, Override: Safe hold mode active
2025-05-28 04:04:13,912 - INFO - [AUDIT] - Action: 0, Confidence: 1.0000, Safety Mode: SAFE_HOLD, Override: Safe hold mode active
2025-05-28 04:04:13,913 - INFO - [AUDIT] - Action: 0, Confidence: 1.0000, Safety Mode: SAFE_HOLD, Override: Safe hold mode active
2025-05-28 04:04:13,913 - INFO - [AUDIT] - Action: 0, Confidence: 1.0000, Safety Mode: SAFE_HOLD, Override: Safe hold mode active
2025-05-28 04:04:13,913 - INFO - [AUDIT] - Action: 0, Confidence: 1.0000, Safety Mode: SAFE_HOLD, Override: Safe hold mode active
2025-05-28 04:04:13,913 - INFO - [AUDIT] - Action: 0, Confidence: 1.0000, Safety Mode: SAFE_HOLD, Override: Safe hold mode active
2025-05-28 04:04:13,913 - INFO - [AUDIT] - Action: 0, Confidence: 1.0000, Safety Mode: SAFE_HOLD, Override: Safe hold mode active
2025-05-28 04:04:13,914 - INFO - [AUDIT] - Action: 0, Confidence: 1.0000, Safety Mode: SAFE_HOLD, Override: Safe hold mode active
2025-05-28 04:04:13,914 - INFO - [AUDIT] - Action: 0, Confidence: 1.0000, Safety Mode: SAFE_HOLD, Override: Safe hold mode active
2025-05-28 04:04:13,914 - INFO - [AUDIT] - Action: 0, Confidence: 1.0000, Safety Mode: SAFE_HOLD, Override: Safe hold mode active
2025-05-28 04:04:13,914 - INFO - [AUDIT] - Action: 0, Confidence: 1.0000, Safety Mode: SAFE_HOLD, Override: Safe hold mode active
2025-05-28 04:04:13,915 - INFO - [AUDIT] - Action: 0, Confidence: 1.0000, Safety Mode: SAFE_HOLD, Override: Safe hold mode active
2025-05-28 04:04:13,915 - INFO - [AUDIT] - Action: 0, Confidence: 1.0000, Safety Mode: SAFE_HOLD, Override: Safe hold mode active
2025-05-28 04:04:13,915 - INFO - [AUDIT] - Action: 0, Confidence: 1.0000, Safety Mode: SAFE_HOLD, Override: Safe hold mode active
2025-05-28 04:04:13,915 - INFO - [AUDIT] - Action: 0, Confidence: 1.0000, Safety Mode: SAFE_HOLD, Override: Safe hold mode active
2025-05-28 04:04:13,915 - INFO - [AUDIT] - Action: 0, Confidence: 1.0000, Safety Mode: SAFE_HOLD, Override: Safe hold mode active
2025-05-28 04:04:13,916 - INFO - [AUDIT] - Action: 0, Confidence: 1.0000, Safety Mode: SAFE_HOLD, Override: Safe hold mode active
2025-05-28 04:04:13,916 - INFO - [AUDIT] - Action: 0, Confidence: 1.0000, Safety Mode: SAFE_HOLD, Override: Safe hold mode active
2025-05-28 04:04:13,916 - INFO - [AUDIT] - Action: 0, Confidence: 1.0000, Safety Mode: SAFE_HOLD, Override: Safe hold mode active
2025-05-28 04:04:13,916 - INFO - [AUDIT] - Action: 0, Confidence: 1.0000, Safety Mode: SAFE_HOLD, Override: Safe hold mode active
2025-05-28 04:04:13,916 - INFO - [AUDIT] - Action: 0, Confidence: 1.0000, Safety Mode: SAFE_HOLD, Override: Safe hold mode active
2025-05-28 04:04:13,916 - INFO - [AUDIT] - Action: 0, Confidence: 1.0000, Safety Mode: SAFE_HOLD, Override: Safe hold mode active
2025-05-28 04:04:13,917 - INFO - [AUDIT] - Action: 0, Confidence: 1.0000, Safety Mode: SAFE_HOLD, Override: Safe hold mode active
2025-05-28 04:04:13,917 - INFO - [AUDIT] - Action: 0, Confidence: 1.0000, Safety Mode: SAFE_HOLD, Override: Safe hold mode active
2025-05-28 04:04:13,917 - INFO - [AUDIT] - Action: 0, Confidence: 1.0000, Safety Mode: SAFE_HOLD, Override: Safe hold mode active
2025-05-28 04:04:13,917 - INFO - [AUDIT] - Action: 0, Confidence: 1.0000, Safety Mode: SAFE_HOLD, Override: Safe hold mode active
2025-05-28 04:04:13,917 - INFO - [AUDIT] - Action: 0, Confidence: 1.0000, Safety Mode: SAFE_HOLD, Override: Safe hold mode active
2025-05-28 04:04:13,918 - INFO - [AUDIT] - Action: 0, Confidence: 1.0000, Safety Mode: SAFE_HOLD, Override: Safe hold mode active
2025-05-28 04:04:13,918 - INFO - [AUDIT] - Action: 0, Confidence: 1.0000, Safety Mode: SAFE_HOLD, Override: Safe hold mode active
2025-05-28 04:04:13,918 - INFO - [AUDIT] - Action: 0, Confidence: 1.0000, Safety Mode: SAFE_HOLD, Override: Safe hold mode active
2025-05-28 04:04:13,918 - INFO - [AUDIT] - Action: 0, Confidence: 1.0000, Safety Mode: SAFE_HOLD, Override: Safe hold mode active
2025-05-28 04:04:13,919 - INFO - [AUDIT] - Action: 0, Confidence: 1.0000, Safety Mode: SAFE_HOLD, Override: Safe hold mode active
2025-05-28 04:04:13,919 - INFO - [AUDIT] - Action: 0, Confidence: 1.0000, Safety Mode: SAFE_HOLD, Override: Safe hold mode active
2025-05-28 04:04:13,919 - INFO - [AUDIT] - Action: 0, Confidence: 1.0000, Safety Mode: SAFE_HOLD, Override: Safe hold mode active
2025-05-28 04:04:13,919 - INFO - [AUDIT] - Action: 0, Confidence: 1.0000, Safety Mode: SAFE_HOLD, Override: Safe hold mode active
2025-05-28 04:04:13,920 - INFO - [AUDIT] - Action: 0, Confidence: 1.0000, Safety Mode: SAFE_HOLD, Override: Safe hold mode active
2025-05-28 04:04:13,920 - INFO - [AUDIT] - Action: 0, Confidence: 1.0000, Safety Mode: SAFE_HOLD, Override: Safe hold mode active
2025-05-28 04:04:13,920 - INFO - [AUDIT] - Action: 0, Confidence: 1.0000, Safety Mode: SAFE_HOLD, Override: Safe hold mode active
2025-05-28 04:04:13,920 - INFO - [AUDIT] - Action: 0, Confidence: 1.0000, Safety Mode: SAFE_HOLD, Override: Safe hold mode active
2025-05-28 04:04:13,920 - INFO - [AUDIT] - Action: 0, Confidence: 1.0000, Safety Mode: SAFE_HOLD, Override: Safe hold mode active
2025-05-28 04:04:13,921 - INFO - [AUDIT] - Action: 0, Confidence: 1.0000, Safety Mode: SAFE_HOLD, Override: Safe hold mode active
2025-05-28 04:04:13,921 - INFO - [AUDIT] - Action: 0, Confidence: 1.0000, Safety Mode: SAFE_HOLD, Override: Safe hold mode active
2025-05-28 04:04:13,921 - INFO - [AUDIT] - Action: 0, Confidence: 1.0000, Safety Mode: SAFE_HOLD, Override: Safe hold mode active
2025-05-28 04:04:13,921 - INFO - [AUDIT] - Action: 0, Confidence: 1.0000, Safety Mode: SAFE_HOLD, Override: Safe hold mode active
2025-05-28 04:04:13,921 - INFO - [AUDIT] - Action: 0, Confidence: 1.0000, Safety Mode: SAFE_HOLD, Override: Safe hold mode active
2025-05-28 04:04:13,922 - INFO - [AUDIT] - Action: 0, Confidence: 1.0000, Safety Mode: SAFE_HOLD, Override: Safe hold mode active
2025-05-28 04:04:13,922 - INFO - [AUDIT] - Action: 0, Confidence: 1.0000, Safety Mode: SAFE_HOLD, Override: Safe hold mode active
2025-05-28 04:04:13,922 - INFO - [AUDIT] - Action: 0, Confidence: 1.0000, Safety Mode: SAFE_HOLD, Override: Safe hold mode active
2025-05-28 04:04:13,922 - INFO - [AUDIT] - Action: 0, Confidence: 1.0000, Safety Mode: SAFE_HOLD, Override: Safe hold mode active
2025-05-28 04:04:13,922 - INFO - [AUDIT] - Action: 0, Confidence: 1.0000, Safety Mode: SAFE_HOLD, Override: Safe hold mode active
2025-05-28 04:04:13,923 - INFO - [AUDIT] - Action: 0, Confidence: 1.0000, Safety Mode: SAFE_HOLD, Override: Safe hold mode active
2025-05-28 04:04:13,923 - INFO - [AUDIT] - Action: 0, Confidence: 1.0000, Safety Mode: SAFE_HOLD, Override: Safe hold mode active
2025-05-28 04:04:13,923 - INFO - [AUDIT] - Action: 0, Confidence: 1.0000, Safety Mode: SAFE_HOLD, Override: Safe hold mode active
2025-05-28 04:04:13,923 - INFO - [AUDIT] - Action: 0, Confidence: 1.0000, Safety Mode: SAFE_HOLD, Override: Safe hold mode active
2025-05-28 04:04:13,923 - INFO - [AUDIT] - Action: 0, Confidence: 1.0000, Safety Mode: SAFE_HOLD, Override: Safe hold mode active
2025-05-28 04:04:13,924 - INFO - [AUDIT] - Action: 0, Confidence: 1.0000, Safety Mode: SAFE_HOLD, Override: Safe hold mode active
2025-05-28 04:04:13,924 - INFO - [AUDIT] - Action: 0, Confidence: 1.0000, Safety Mode: SAFE_HOLD, Override: Safe hold mode active
2025-05-28 04:04:13,924 - INFO - [AUDIT] - Action: 0, Confidence: 1.0000, Safety Mode: SAFE_HOLD, Override: Safe hold mode active
2025-05-28 04:04:13,924 - INFO - [AUDIT] - Action: 0, Confidence: 1.0000, Safety Mode: SAFE_HOLD, Override: Safe hold mode active
2025-05-28 04:04:13,924 - INFO - [AUDIT] - Action: 0, Confidence: 1.0000, Safety Mode: SAFE_HOLD, Override: Safe hold mode active
2025-05-28 04:04:13,925 - INFO - [AUDIT] - Action: 0, Confidence: 1.0000, Safety Mode: SAFE_HOLD, Override: Safe hold mode active
2025-05-28 04:04:13,925 - INFO - [AUDIT] - Action: 0, Confidence: 1.0000, Safety Mode: SAFE_HOLD, Override: Safe hold mode active
2025-05-28 04:04:13,925 - INFO - [AUDIT] - Action: 0, Confidence: 1.0000, Safety Mode: SAFE_HOLD, Override: Safe hold mode active
2025-05-28 04:04:13,925 - INFO - [AUDIT] - Action: 0, Confidence: 1.0000, Safety Mode: SAFE_HOLD, Override: Safe hold mode active
2025-05-28 04:04:13,925 - INFO - [AUDIT] - Action: 0, Confidence: 1.0000, Safety Mode: SAFE_HOLD, Override: Safe hold mode active
2025-05-28 04:04:13,926 - INFO - [AUDIT] - Action: 0, Confidence: 1.0000, Safety Mode: SAFE_HOLD, Override: Safe hold mode active
2025-05-28 04:04:13,926 - INFO - [AUDIT] - Action: 0, Confidence: 1.0000, Safety Mode: SAFE_HOLD, Override: Safe hold mode active
2025-05-28 04:04:13,926 - INFO - [AUDIT] - Action: 0, Confidence: 1.0000, Safety Mode: SAFE_HOLD, Override: Safe hold mode active
2025-05-28 04:04:13,926 - INFO - [AUDIT] - Action: 0, Confidence: 1.0000, Safety Mode: SAFE_HOLD, Override: Safe hold mode active
2025-05-28 04:04:13,926 - INFO - [AUDIT] - Action: 0, Confidence: 1.0000, Safety Mode: SAFE_HOLD, Override: Safe hold mode active
2025-05-28 04:04:13,927 - INFO - [AUDIT] - Action: 0, Confidence: 1.0000, Safety Mode: SAFE_HOLD, Override: Safe hold mode active
2025-05-28 04:04:13,927 - INFO - [AUDIT] - Action: 0, Confidence: 1.0000, Safety Mode: SAFE_HOLD, Override: Safe hold mode active
2025-05-28 04:04:13,927 - INFO - [AUDIT] - Action: 0, Confidence: 1.0000, Safety Mode: SAFE_HOLD, Override: Safe hold mode active
2025-05-28 04:04:13,927 - INFO - [AUDIT] - Action: 0, Confidence: 1.0000, Safety Mode: SAFE_HOLD, Override: Safe hold mode active
2025-05-28 04:04:13,927 - INFO - [AUDIT] - Action: 0, Confidence: 1.0000, Safety Mode: SAFE_HOLD, Override: Safe hold mode active
2025-05-28 04:04:13,928 - INFO - [AUDIT] - Action: 0, Confidence: 1.0000, Safety Mode: SAFE_HOLD, Override: Safe hold mode active
2025-05-28 04:04:13,928 - INFO - [AUDIT] - Action: 0, Confidence: 1.0000, Safety Mode: SAFE_HOLD, Override: Safe hold mode active
2025-05-28 04:04:13,928 - INFO - [AUDIT] - Action: 0, Confidence: 1.0000, Safety Mode: SAFE_HOLD, Override: Safe hold mode active
2025-05-28 04:04:13,928 - INFO - [AUDIT] - Action: 0, Confidence: 1.0000, Safety Mode: SAFE_HOLD, Override: Safe hold mode active
2025-05-28 04:04:13,928 - INFO - [AUDIT] - Action: 0, Confidence: 1.0000, Safety Mode: SAFE_HOLD, Override: Safe hold mode active
2025-05-28 04:04:13,929 - INFO - [AUDIT] - Action: 0, Confidence: 1.0000, Safety Mode: SAFE_HOLD, Override: Safe hold mode active
2025-05-28 04:04:13,929 - INFO - [AUDIT] - Action: 0, Confidence: 1.0000, Safety Mode: SAFE_HOLD, Override: Safe hold mode active
2025-05-28 04:04:13,929 - INFO - [AUDIT] - Action: 0, Confidence: 1.0000, Safety Mode: SAFE_HOLD, Override: Safe hold mode active
2025-05-28 04:04:13,929 - INFO - [AUDIT] - Action: 0, Confidence: 1.0000, Safety Mode: SAFE_HOLD, Override: Safe hold mode active
2025-05-28 04:04:13,929 - INFO - [AUDIT] - Action: 0, Confidence: 1.0000, Safety Mode: SAFE_HOLD, Override: Safe hold mode active
2025-05-28 04:04:13,930 - INFO - [AUDIT] - Action: 0, Confidence: 1.0000, Safety Mode: SAFE_HOLD, Override: Safe hold mode active
2025-05-28 04:04:13,930 - INFO - [AUDIT] - Action: 0, Confidence: 1.0000, Safety Mode: SAFE_HOLD, Override: Safe hold mode active
2025-05-28 04:04:13,930 - INFO - [AUDIT] - Action: 0, Confidence: 1.0000, Safety Mode: SAFE_HOLD, Override: Safe hold mode active
2025-05-28 04:04:13,930 - INFO - [AUDIT] - Action: 0, Confidence: 1.0000, Safety Mode: SAFE_HOLD, Override: Safe hold mode active
2025-05-28 04:04:13,930 - INFO - [AUDIT] - Action: 0, Confidence: 1.0000, Safety Mode: SAFE_HOLD, Override: Safe hold mode active
2025-05-28 04:04:13,931 - INFO - [AUDIT] - Action: 0, Confidence: 1.0000, Safety Mode: SAFE_HOLD, Override: Safe hold mode active
2025-05-28 04:04:13,931 - INFO - [AUDIT] - Action: 0, Confidence: 1.0000, Safety Mode: SAFE_HOLD, Override: Safe hold mode active
2025-05-28 04:04:13,931 - INFO - [AUDIT] - Action: 0, Confidence: 1.0000, Safety Mode: SAFE_HOLD, Override: Safe hold mode active
2025-05-28 04:04:13,931 - INFO - [AUDIT] - Action: 0, Confidence: 1.0000, Safety Mode: SAFE_HOLD, Override: Safe hold mode active
2025-05-28 04:04:13,931 - INFO - [AUDIT] - Action: 0, Confidence: 1.0000, Safety Mode: SAFE_HOLD, Override: Safe hold mode active
2025-05-28 04:04:13,931 - INFO - [AUDIT] - Action: 0, Confidence: 1.0000, Safety Mode: SAFE_HOLD, Override: Safe hold mode active
2025-05-28 04:04:13,932 - INFO - [AUDIT] - Action: 0, Confidence: 1.0000, Safety Mode: SAFE_HOLD, Override: Safe hold mode active
2025-05-28 04:04:13,932 - INFO - [AUDIT] - Action: 0, Confidence: 1.0000, Safety Mode: SAFE_HOLD, Override: Safe hold mode active
2025-05-28 04:04:13,932 - INFO - [AUDIT] - Action: 0, Confidence: 1.0000, Safety Mode: SAFE_HOLD, Override: Safe hold mode active
2025-05-28 04:04:13,932 - INFO - [AUDIT] - Action: 0, Confidence: 1.0000, Safety Mode: SAFE_HOLD, Override: Safe hold mode active
2025-05-28 04:04:13,932 - INFO - [AUDIT] - Action: 0, Confidence: 1.0000, Safety Mode: SAFE_HOLD, Override: Safe hold mode active
2025-05-28 04:04:13,933 - INFO - [AUDIT] - Action: 0, Confidence: 1.0000, Safety Mode: SAFE_HOLD, Override: Safe hold mode active
2025-05-28 04:04:13,933 - INFO - [AUDIT] - Action: 0, Confidence: 1.0000, Safety Mode: SAFE_HOLD, Override: Safe hold mode active
2025-05-28 04:04:13,933 - INFO - [AUDIT] - Action: 0, Confidence: 1.0000, Safety Mode: SAFE_HOLD, Override: Safe hold mode active
2025-05-28 04:04:13,933 - INFO - [AUDIT] - Action: 0, Confidence: 1.0000, Safety Mode: SAFE_HOLD, Override: Safe hold mode active
2025-05-28 04:04:13,933 - INFO - [AUDIT] - Action: 0, Confidence: 1.0000, Safety Mode: SAFE_HOLD, Override: Safe hold mode active
2025-05-28 04:04:13,934 - INFO - [AUDIT] - Action: 0, Confidence: 1.0000, Safety Mode: SAFE_HOLD, Override: Safe hold mode active
2025-05-28 04:04:13,934 - INFO - [AUDIT] - Action: 0, Confidence: 1.0000, Safety Mode: SAFE_HOLD, Override: Safe hold mode active
2025-05-28 04:04:13,934 - INFO - [AUDIT] - Action: 0, Confidence: 1.0000, Safety Mode: SAFE_HOLD, Override: Safe hold mode active
2025-05-28 04:04:13,934 - INFO - [AUDIT] - Action: 0, Confidence: 1.0000, Safety Mode: SAFE_HOLD, Override: Safe hold mode active
2025-05-28 04:04:13,934 - INFO - [AUDIT] - Action: 0, Confidence: 1.0000, Safety Mode: SAFE_HOLD, Override: Safe hold mode active
2025-05-28 04:04:13,935 - INFO - [AUDIT] - Action: 0, Confidence: 1.0000, Safety Mode: SAFE_HOLD, Override: Safe hold mode active
2025-05-28 04:04:13,935 - INFO - [AUDIT] - Action: 0, Confidence: 1.0000, Safety Mode: SAFE_HOLD, Override: Safe hold mode active
2025-05-28 04:04:13,935 - INFO - [AUDIT] - Action: 0, Confidence: 1.0000, Safety Mode: SAFE_HOLD, Override: Safe hold mode active
2025-05-28 04:04:13,935 - INFO - [AUDIT] - Action: 0, Confidence: 1.0000, Safety Mode: SAFE_HOLD, Override: Safe hold mode active
2025-05-28 04:04:13,936 - INFO - [AUDIT] - Action: 0, Confidence: 1.0000, Safety Mode: SAFE_HOLD, Override: Safe hold mode active
2025-05-28 04:04:13,936 - INFO - [AUDIT] - Action: 0, Confidence: 1.0000, Safety Mode: SAFE_HOLD, Override: Safe hold mode active
2025-05-28 04:04:13,936 - INFO - [AUDIT] - Action: 0, Confidence: 1.0000, Safety Mode: SAFE_HOLD, Override: Safe hold mode active
2025-05-28 04:04:13,936 - INFO - [AUDIT] - Action: 0, Confidence: 1.0000, Safety Mode: SAFE_HOLD, Override: Safe hold mode active
2025-05-28 04:04:13,936 - INFO - [AUDIT] - Action: 0, Confidence: 1.0000, Safety Mode: SAFE_HOLD, Override: Safe hold mode active
2025-05-28 04:04:13,937 - INFO - [AUDIT] - Action: 0, Confidence: 1.0000, Safety Mode: SAFE_HOLD, Override: Safe hold mode active
2025-05-28 04:04:13,937 - INFO - [AUDIT] - Action: 0, Confidence: 1.0000, Safety Mode: SAFE_HOLD, Override: Safe hold mode active
2025-05-28 04:04:13,937 - INFO - [AUDIT] - Action: 0, Confidence: 1.0000, Safety Mode: SAFE_HOLD, Override: Safe hold mode active
2025-05-28 04:04:13,937 - INFO - [AUDIT] - Action: 0, Confidence: 1.0000, Safety Mode: SAFE_HOLD, Override: Safe hold mode active
2025-05-28 04:04:13,937 - INFO - [AUDIT] - Action: 0, Confidence: 1.0000, Safety Mode: SAFE_HOLD, Override: Safe hold mode active
2025-05-28 04:04:13,938 - INFO - [AUDIT] - Action: 0, Confidence: 1.0000, Safety Mode: SAFE_HOLD, Override: Safe hold mode active
2025-05-28 04:04:13,938 - INFO - [AUDIT] - Action: 0, Confidence: 1.0000, Safety Mode: SAFE_HOLD, Override: Safe hold mode active
2025-05-28 04:04:13,938 - INFO - [AUDIT] - Action: 0, Confidence: 1.0000, Safety Mode: SAFE_HOLD, Override: Safe hold mode active
2025-05-28 04:04:13,938 - INFO - [AUDIT] - Action: 0, Confidence: 1.0000, Safety Mode: SAFE_HOLD, Override: Safe hold mode active
2025-05-28 04:04:13,938 - INFO - [AUDIT] - Action: 0, Confidence: 1.0000, Safety Mode: SAFE_HOLD, Override: Safe hold mode active
2025-05-28 04:04:13,939 - INFO - [AUDIT] - Action: 0, Confidence: 1.0000, Safety Mode: SAFE_HOLD, Override: Safe hold mode active
2025-05-28 04:04:13,939 - INFO - [AUDIT] - Action: 0, Confidence: 1.0000, Safety Mode: SAFE_HOLD, Override: Safe hold mode active
2025-05-28 04:04:13,939 - INFO - [AUDIT] - Action: 0, Confidence: 1.0000, Safety Mode: SAFE_HOLD, Override: Safe hold mode active
2025-05-28 04:04:13,939 - INFO - [AUDIT] - Action: 0, Confidence: 1.0000, Safety Mode: SAFE_HOLD, Override: Safe hold mode active
2025-05-28 04:04:13,939 - INFO - [AUDIT] - Action: 0, Confidence: 1.0000, Safety Mode: SAFE_HOLD, Override: Safe hold mode active
2025-05-28 04:04:13,939 - INFO - [AUDIT] - Action: 0, Confidence: 1.0000, Safety Mode: SAFE_HOLD, Override: Safe hold mode active
2025-05-28 04:04:13,940 - INFO - [AUDIT] - Action: 0, Confidence: 1.0000, Safety Mode: SAFE_HOLD, Override: Safe hold mode active
2025-05-28 04:04:13,940 - INFO - [AUDIT] - Action: 0, Confidence: 1.0000, Safety Mode: SAFE_HOLD, Override: Safe hold mode active
2025-05-28 04:04:13,940 - INFO - [AUDIT] - Action: 0, Confidence: 1.0000, Safety Mode: SAFE_HOLD, Override: Safe hold mode active
2025-05-28 04:04:13,940 - INFO - [AUDIT] - Action: 0, Confidence: 1.0000, Safety Mode: SAFE_HOLD, Override: Safe hold mode active
2025-05-28 04:04:13,940 - INFO - [AUDIT] - Action: 0, Confidence: 1.0000, Safety Mode: SAFE_HOLD, Override: Safe hold mode active
2025-05-28 04:04:13,941 - INFO - [AUDIT] - Action: 0, Confidence: 1.0000, Safety Mode: SAFE_HOLD, Override: Safe hold mode active
2025-05-28 04:04:13,941 - INFO - [AUDIT] - Action: 0, Confidence: 1.0000, Safety Mode: SAFE_HOLD, Override: Safe hold mode active
2025-05-28 04:04:13,941 - INFO - [AUDIT] - Action: 0, Confidence: 1.0000, Safety Mode: SAFE_HOLD, Override: Safe hold mode active
2025-05-28 04:04:13,941 - INFO - [AUDIT] - Action: 0, Confidence: 1.0000, Safety Mode: SAFE_HOLD, Override: Safe hold mode active
2025-05-28 04:04:13,941 - INFO - [AUDIT] - Action: 0, Confidence: 1.0000, Safety Mode: SAFE_HOLD, Override: Safe hold mode active
2025-05-28 04:04:13,941 - INFO - [AUDIT] - Action: 0, Confidence: 1.0000, Safety Mode: SAFE_HOLD, Override: Safe hold mode active
2025-05-28 04:04:13,942 - INFO - [AUDIT] - Action: 0, Confidence: 1.0000, Safety Mode: SAFE_HOLD, Override: Safe hold mode active
2025-05-28 04:04:13,942 - INFO - [AUDIT] - Action: 0, Confidence: 1.0000, Safety Mode: SAFE_HOLD, Override: Safe hold mode active
2025-05-28 04:04:13,942 - INFO - [AUDIT] - Action: 0, Confidence: 1.0000, Safety Mode: SAFE_HOLD, Override: Safe hold mode active
2025-05-28 04:04:13,942 - INFO - [AUDIT] - Action: 0, Confidence: 1.0000, Safety Mode: SAFE_HOLD, Override: Safe hold mode active
2025-05-28 04:04:13,943 - INFO - [AUDIT] - Action: 0, Confidence: 1.0000, Safety Mode: SAFE_HOLD, Override: Safe hold mode active
2025-05-28 04:04:13,943 - INFO - [AUDIT] - Action: 0, Confidence: 1.0000, Safety Mode: SAFE_HOLD, Override: Safe hold mode active
2025-05-28 04:04:13,943 - INFO - [AUDIT] - Action: 0, Confidence: 1.0000, Safety Mode: SAFE_HOLD, Override: Safe hold mode active
2025-05-28 04:04:13,943 - INFO - [AUDIT] - Action: 0, Confidence: 1.0000, Safety Mode: SAFE_HOLD, Override: Safe hold mode active
2025-05-28 04:04:13,943 - INFO - [AUDIT] - Action: 0, Confidence: 1.0000, Safety Mode: SAFE_HOLD, Override: Safe hold mode active
2025-05-28 04:04:13,944 - INFO - [AUDIT] - Action: 0, Confidence: 1.0000, Safety Mode: SAFE_HOLD, Override: Safe hold mode active
2025-05-28 04:04:13,944 - INFO - [AUDIT] - Action: 0, Confidence: 1.0000, Safety Mode: SAFE_HOLD, Override: Safe hold mode active
2025-05-28 04:04:13,944 - INFO - [AUDIT] - Action: 0, Confidence: 1.0000, Safety Mode: SAFE_HOLD, Override: Safe hold mode active
2025-05-28 04:04:13,944 - INFO - [AUDIT] - Action: 0, Confidence: 1.0000, Safety Mode: SAFE_HOLD, Override: Safe hold mode active
2025-05-28 04:04:13,944 - INFO - [AUDIT] - Action: 0, Confidence: 1.0000, Safety Mode: SAFE_HOLD, Override: Safe hold mode active
2025-05-28 04:04:13,945 - INFO - [AUDIT] - Action: 0, Confidence: 1.0000, Safety Mode: SAFE_HOLD, Override: Safe hold mode active
2025-05-28 04:04:13,945 - INFO - [AUDIT] - Action: 0, Confidence: 1.0000, Safety Mode: SAFE_HOLD, Override: Safe hold mode active
2025-05-28 04:04:13,945 - INFO - [AUDIT] - Action: 0, Confidence: 1.0000, Safety Mode: SAFE_HOLD, Override: Safe hold mode active
2025-05-28 04:04:13,945 - INFO - [AUDIT] - Action: 0, Confidence: 1.0000, Safety Mode: SAFE_HOLD, Override: Safe hold mode active
2025-05-28 04:04:13,945 - INFO - [AUDIT] - Action: 0, Confidence: 1.0000, Safety Mode: SAFE_HOLD, Override: Safe hold mode active
2025-05-28 04:04:13,946 - INFO - [AUDIT] - Action: 0, Confidence: 1.0000, Safety Mode: SAFE_HOLD, Override: Safe hold mode active
2025-05-28 04:04:13,946 - INFO - [AUDIT] - Action: 0, Confidence: 1.0000, Safety Mode: SAFE_HOLD, Override: Safe hold mode active
2025-05-28 04:04:13,946 - INFO - [AUDIT] - Action: 0, Confidence: 1.0000, Safety Mode: SAFE_HOLD, Override: Safe hold mode active
2025-05-28 04:04:13,946 - INFO - [AUDIT] - Action: 0, Confidence: 1.0000, Safety Mode: SAFE_HOLD, Override: Safe hold mode active
2025-05-28 04:04:13,946 - INFO - [AUDIT] - Action: 0, Confidence: 1.0000, Safety Mode: SAFE_HOLD, Override: Safe hold mode active
2025-05-28 04:04:13,947 - INFO - [AUDIT] - Action: 0, Confidence: 1.0000, Safety Mode: SAFE_HOLD, Override: Safe hold mode active
2025-05-28 04:04:13,947 - INFO - [AUDIT] - Action: 0, Confidence: 1.0000, Safety Mode: SAFE_HOLD, Override: Safe hold mode active
2025-05-28 04:04:13,947 - INFO - [AUDIT] - Action: 0, Confidence: 1.0000, Safety Mode: SAFE_HOLD, Override: Safe hold mode active
2025-05-28 04:04:13,947 - INFO - [AUDIT] - Action: 0, Confidence: 1.0000, Safety Mode: SAFE_HOLD, Override: Safe hold mode active
2025-05-28 04:04:13,947 - INFO - [AUDIT] - Action: 0, Confidence: 1.0000, Safety Mode: SAFE_HOLD, Override: Safe hold mode active
2025-05-28 04:04:13,948 - INFO - [AUDIT] - Action: 0, Confidence: 1.0000, Safety Mode: SAFE_HOLD, Override: Safe hold mode active
2025-05-28 04:04:13,948 - INFO - [AUDIT] - Action: 0, Confidence: 1.0000, Safety Mode: SAFE_HOLD, Override: Safe hold mode active
2025-05-28 04:04:13,948 - INFO - [AUDIT] - Action: 0, Confidence: 1.0000, Safety Mode: SAFE_HOLD, Override: Safe hold mode active
2025-05-28 04:04:13,948 - INFO - [AUDIT] - Action: 0, Confidence: 1.0000, Safety Mode: SAFE_HOLD, Override: Safe hold mode active
2025-05-28 04:04:13,948 - INFO - [AUDIT] - Action: 0, Confidence: 1.0000, Safety Mode: SAFE_HOLD, Override: Safe hold mode active
2025-05-28 04:04:13,949 - INFO - [AUDIT] - Action: 0, Confidence: 1.0000, Safety Mode: SAFE_HOLD, Override: Safe hold mode active
2025-05-28 04:04:13,949 - INFO - [AUDIT] - Action: 0, Confidence: 1.0000, Safety Mode: SAFE_HOLD, Override: Safe hold mode active
2025-05-28 04:04:13,949 - INFO - [AUDIT] - Action: 0, Confidence: 1.0000, Safety Mode: SAFE_HOLD, Override: Safe hold mode active
2025-05-28 04:04:13,949 - INFO - [AUDIT] - Action: 0, Confidence: 1.0000, Safety Mode: SAFE_HOLD, Override: Safe hold mode active
2025-05-28 04:04:13,949 - INFO - [AUDIT] - Action: 0, Confidence: 1.0000, Safety Mode: SAFE_HOLD, Override: Safe hold mode active
2025-05-28 04:04:13,949 - INFO - [AUDIT] - Action: 0, Confidence: 1.0000, Safety Mode: SAFE_HOLD, Override: Safe hold mode active
2025-05-28 04:04:13,950 - INFO - [AUDIT] - Action: 0, Confidence: 1.0000, Safety Mode: SAFE_HOLD, Override: Safe hold mode active
2025-05-28 04:04:13,950 - INFO - [AUDIT] - Action: 0, Confidence: 1.0000, Safety Mode: SAFE_HOLD, Override: Safe hold mode active
2025-05-28 04:04:13,950 - INFO - [AUDIT] - Action: 0, Confidence: 1.0000, Safety Mode: SAFE_HOLD, Override: Safe hold mode active
2025-05-28 04:04:13,950 - INFO - [AUDIT] - Action: 0, Confidence: 1.0000, Safety Mode: SAFE_HOLD, Override: Safe hold mode active
2025-05-28 04:04:13,950 - INFO - [AUDIT] - Action: 0, Confidence: 1.0000, Safety Mode: SAFE_HOLD, Override: Safe hold mode active
2025-05-28 04:04:13,951 - INFO - [AUDIT] - Action: 0, Confidence: 1.0000, Safety Mode: SAFE_HOLD, Override: Safe hold mode active
2025-05-28 04:04:13,951 - INFO - [AUDIT] - Action: 0, Confidence: 1.0000, Safety Mode: SAFE_HOLD, Override: Safe hold mode active
2025-05-28 04:04:13,951 - INFO - [AUDIT] - Action: 0, Confidence: 1.0000, Safety Mode: SAFE_HOLD, Override: Safe hold mode active
2025-05-28 04:04:13,951 - INFO - [AUDIT] - Action: 0, Confidence: 1.0000, Safety Mode: SAFE_HOLD, Override: Safe hold mode active
2025-05-28 04:04:13,951 - INFO - [AUDIT] - Action: 0, Confidence: 1.0000, Safety Mode: SAFE_HOLD, Override: Safe hold mode active
2025-05-28 04:04:13,951 - INFO - [AUDIT] - Action: 0, Confidence: 1.0000, Safety Mode: SAFE_HOLD, Override: Safe hold mode active
2025-05-28 04:04:13,952 - INFO - [AUDIT] - Action: 0, Confidence: 1.0000, Safety Mode: SAFE_HOLD, Override: Safe hold mode active
2025-05-28 04:04:13,952 - INFO - [AUDIT] - Action: 0, Confidence: 1.0000, Safety Mode: SAFE_HOLD, Override: Safe hold mode active
2025-05-28 04:04:13,952 - INFO - [AUDIT] - Action: 0, Confidence: 1.0000, Safety Mode: SAFE_HOLD, Override: Safe hold mode active
2025-05-28 04:04:13,952 - INFO - [AUDIT] - Action: 0, Confidence: 1.0000, Safety Mode: SAFE_HOLD, Override: Safe hold mode active
2025-05-28 04:04:13,952 - INFO - [AUDIT] - Action: 0, Confidence: 1.0000, Safety Mode: SAFE_HOLD, Override: Safe hold mode active
2025-05-28 04:04:13,953 - INFO - [AUDIT] - Action: 0, Confidence: 1.0000, Safety Mode: SAFE_HOLD, Override: Safe hold mode active
2025-05-28 04:04:13,953 - INFO - [AUDIT] - Action: 0, Confidence: 1.0000, Safety Mode: SAFE_HOLD, Override: Safe hold mode active
2025-05-28 04:04:13,953 - INFO - [AUDIT] - Action: 0, Confidence: 1.0000, Safety Mode: SAFE_HOLD, Override: Safe hold mode active
2025-05-28 04:04:13,953 - INFO - [AUDIT] - Action: 0, Confidence: 1.0000, Safety Mode: SAFE_HOLD, Override: Safe hold mode active
2025-05-28 04:04:13,954 - INFO - [AUDIT] - Action: 0, Confidence: 1.0000, Safety Mode: SAFE_HOLD, Override: Safe hold mode active
2025-05-28 04:04:13,954 - INFO - [AUDIT] - Action: 0, Confidence: 1.0000, Safety Mode: SAFE_HOLD, Override: Safe hold mode active
2025-05-28 04:04:13,954 - INFO - [AUDIT] - Action: 0, Confidence: 1.0000, Safety Mode: SAFE_HOLD, Override: Safe hold mode active
2025-05-28 04:04:13,954 - INFO - [AUDIT] - Action: 0, Confidence: 1.0000, Safety Mode: SAFE_HOLD, Override: Safe hold mode active
2025-05-28 04:04:13,954 - INFO - [AUDIT] - Action: 0, Confidence: 1.0000, Safety Mode: SAFE_HOLD, Override: Safe hold mode active
2025-05-28 04:04:13,955 - INFO - [AUDIT] - Action: 0, Confidence: 1.0000, Safety Mode: SAFE_HOLD, Override: Safe hold mode active
2025-05-28 04:04:13,955 - INFO - [AUDIT] - Action: 0, Confidence: 1.0000, Safety Mode: SAFE_HOLD, Override: Safe hold mode active
2025-05-28 04:04:13,955 - INFO - [AUDIT] - Action: 0, Confidence: 1.0000, Safety Mode: SAFE_HOLD, Override: Safe hold mode active
2025-05-28 04:04:13,955 - INFO - [AUDIT] - Action: 0, Confidence: 1.0000, Safety Mode: SAFE_HOLD, Override: Safe hold mode active
2025-05-28 04:04:13,955 - INFO - [AUDIT] - Action: 0, Confidence: 1.0000, Safety Mode: SAFE_HOLD, Override: Safe hold mode active
2025-05-28 04:04:13,956 - INFO - [AUDIT] - Action: 0, Confidence: 1.0000, Safety Mode: SAFE_HOLD, Override: Safe hold mode active
2025-05-28 04:04:13,956 - INFO - [AUDIT] - Action: 0, Confidence: 1.0000, Safety Mode: SAFE_HOLD, Override: Safe hold mode active
2025-05-28 04:04:13,956 - INFO - [AUDIT] - Action: 0, Confidence: 1.0000, Safety Mode: SAFE_HOLD, Override: Safe hold mode active
2025-05-28 04:04:13,956 - INFO - [AUDIT] - Action: 0, Confidence: 1.0000, Safety Mode: SAFE_HOLD, Override: Safe hold mode active
2025-05-28 04:04:13,956 - INFO - [AUDIT] - Action: 0, Confidence: 1.0000, Safety Mode: SAFE_HOLD, Override: Safe hold mode active
2025-05-28 04:04:13,957 - INFO - [AUDIT] - Action: 0, Confidence: 1.0000, Safety Mode: SAFE_HOLD, Override: Safe hold mode active
2025-05-28 04:04:13,957 - INFO - [AUDIT] - Action: 0, Confidence: 1.0000, Safety Mode: SAFE_HOLD, Override: Safe hold mode active
2025-05-28 04:04:13,957 - INFO - [AUDIT] - Action: 0, Confidence: 1.0000, Safety Mode: SAFE_HOLD, Override: Safe hold mode active
2025-05-28 04:04:13,957 - INFO - [AUDIT] - Action: 0, Confidence: 1.0000, Safety Mode: SAFE_HOLD, Override: Safe hold mode active
2025-05-28 04:04:13,957 - INFO - [AUDIT] - Action: 0, Confidence: 1.0000, Safety Mode: SAFE_HOLD, Override: Safe hold mode active
2025-05-28 04:04:13,958 - INFO - [AUDIT] - Action: 0, Confidence: 1.0000, Safety Mode: SAFE_HOLD, Override: Safe hold mode active
2025-05-28 04:04:13,958 - INFO - [AUDIT] - Action: 0, Confidence: 1.0000, Safety Mode: SAFE_HOLD, Override: Safe hold mode active
2025-05-28 04:04:13,958 - INFO - [AUDIT] - Action: 0, Confidence: 1.0000, Safety Mode: SAFE_HOLD, Override: Safe hold mode active
2025-05-28 04:04:13,958 - INFO - [AUDIT] - Action: 0, Confidence: 1.0000, Safety Mode: SAFE_HOLD, Override: Safe hold mode active
2025-05-28 04:04:13,958 - INFO - [AUDIT] - Action: 0, Confidence: 1.0000, Safety Mode: SAFE_HOLD, Override: Safe hold mode active
2025-05-28 04:04:13,959 - INFO - [AUDIT] - Action: 0, Confidence: 1.0000, Safety Mode: SAFE_HOLD, Override: Safe hold mode active
2025-05-28 04:04:13,959 - INFO - [AUDIT] - Action: 0, Confidence: 1.0000, Safety Mode: SAFE_HOLD, Override: Safe hold mode active
2025-05-28 04:04:13,959 - INFO - [AUDIT] - Action: 0, Confidence: 1.0000, Safety Mode: SAFE_HOLD, Override: Safe hold mode active
2025-05-28 04:04:13,959 - INFO - [AUDIT] - Action: 0, Confidence: 1.0000, Safety Mode: SAFE_HOLD, Override: Safe hold mode active
2025-05-28 04:04:13,959 - INFO - [AUDIT] - Action: 0, Confidence: 1.0000, Safety Mode: SAFE_HOLD, Override: Safe hold mode active
2025-05-28 04:04:13,960 - INFO - [AUDIT] - Action: 0, Confidence: 1.0000, Safety Mode: SAFE_HOLD, Override: Safe hold mode active
2025-05-28 04:04:13,960 - INFO - [AUDIT] - Action: 0, Confidence: 1.0000, Safety Mode: SAFE_HOLD, Override: Safe hold mode active
2025-05-28 04:04:13,960 - INFO - [AUDIT] - Action: 0, Confidence: 1.0000, Safety Mode: SAFE_HOLD, Override: Safe hold mode active
2025-05-28 04:04:13,960 - INFO - [AUDIT] - Action: 0, Confidence: 1.0000, Safety Mode: SAFE_HOLD, Override: Safe hold mode active
2025-05-28 04:04:13,960 - INFO - [AUDIT] - Action: 0, Confidence: 1.0000, Safety Mode: SAFE_HOLD, Override: Safe hold mode active
2025-05-28 04:04:13,960 - INFO - [AUDIT] - Action: 0, Confidence: 1.0000, Safety Mode: SAFE_HOLD, Override: Safe hold mode active
2025-05-28 04:04:13,961 - INFO - [AUDIT] - Action: 0, Confidence: 1.0000, Safety Mode: SAFE_HOLD, Override: Safe hold mode active
2025-05-28 04:04:13,961 - INFO - [AUDIT] - Action: 0, Confidence: 1.0000, Safety Mode: SAFE_HOLD, Override: Safe hold mode active
2025-05-28 04:04:13,961 - INFO - [AUDIT] - Action: 0, Confidence: 1.0000, Safety Mode: SAFE_HOLD, Override: Safe hold mode active
2025-05-28 04:04:13,961 - INFO - [AUDIT] - Action: 0, Confidence: 1.0000, Safety Mode: SAFE_HOLD, Override: Safe hold mode active
2025-05-28 04:04:13,961 - INFO - [AUDIT] - Action: 0, Confidence: 1.0000, Safety Mode: SAFE_HOLD, Override: Safe hold mode active
2025-05-28 04:04:13,962 - INFO - [AUDIT] - Action: 0, Confidence: 1.0000, Safety Mode: SAFE_HOLD, Override: Safe hold mode active
2025-05-28 04:04:13,962 - INFO - [AUDIT] - Action: 0, Confidence: 1.0000, Safety Mode: SAFE_HOLD, Override: Safe hold mode active
2025-05-28 04:04:13,962 - INFO - [AUDIT] - Action: 0, Confidence: 1.0000, Safety Mode: SAFE_HOLD, Override: Safe hold mode active
2025-05-28 04:04:13,962 - INFO - [AUDIT] - Action: 0, Confidence: 1.0000, Safety Mode: SAFE_HOLD, Override: Safe hold mode active
2025-05-28 04:04:13,962 - INFO - [AUDIT] - Action: 0, Confidence: 1.0000, Safety Mode: SAFE_HOLD, Override: Safe hold mode active
2025-05-28 04:04:13,963 - INFO - [AUDIT] - Action: 0, Confidence: 1.0000, Safety Mode: SAFE_HOLD, Override: Safe hold mode active
2025-05-28 04:04:13,963 - INFO - [AUDIT] - Action: 0, Confidence: 1.0000, Safety Mode: SAFE_HOLD, Override: Safe hold mode active
2025-05-28 04:04:13,963 - INFO - [AUDIT] - Action: 0, Confidence: 1.0000, Safety Mode: SAFE_HOLD, Override: Safe hold mode active
2025-05-28 04:04:13,963 - INFO - [AUDIT] - Action: 0, Confidence: 1.0000, Safety Mode: SAFE_HOLD, Override: Safe hold mode active
2025-05-28 04:04:13,963 - INFO - [AUDIT] - Action: 0, Confidence: 1.0000, Safety Mode: SAFE_HOLD, Override: Safe hold mode active
2025-05-28 04:04:13,964 - INFO - [AUDIT] - Action: 0, Confidence: 1.0000, Safety Mode: SAFE_HOLD, Override: Safe hold mode active
2025-05-28 04:04:13,964 - INFO - [AUDIT] - Action: 0, Confidence: 1.0000, Safety Mode: SAFE_HOLD, Override: Safe hold mode active
2025-05-28 04:04:13,964 - INFO - [AUDIT] - Action: 0, Confidence: 1.0000, Safety Mode: SAFE_HOLD, Override: Safe hold mode active
2025-05-28 04:04:13,964 - INFO - [AUDIT] - Action: 0, Confidence: 1.0000, Safety Mode: SAFE_HOLD, Override: Safe hold mode active
2025-05-28 04:04:13,964 - INFO - [AUDIT] - Action: 0, Confidence: 1.0000, Safety Mode: SAFE_HOLD, Override: Safe hold mode active
2025-05-28 04:04:13,965 - INFO - [AUDIT] - Action: 0, Confidence: 1.0000, Safety Mode: SAFE_HOLD, Override: Safe hold mode active
2025-05-28 04:04:13,965 - INFO - [AUDIT] - Action: 0, Confidence: 1.0000, Safety Mode: SAFE_HOLD, Override: Safe hold mode active
2025-05-28 04:04:13,965 - INFO - [AUDIT] - Action: 0, Confidence: 1.0000, Safety Mode: SAFE_HOLD, Override: Safe hold mode active
2025-05-28 04:04:13,965 - INFO - [AUDIT] - Action: 0, Confidence: 1.0000, Safety Mode: SAFE_HOLD, Override: Safe hold mode active
2025-05-28 04:04:13,966 - INFO - [AUDIT] - Action: 0, Confidence: 1.0000, Safety Mode: SAFE_HOLD, Override: Safe hold mode active
2025-05-28 04:04:13,966 - INFO - [AUDIT] - Action: 0, Confidence: 1.0000, Safety Mode: SAFE_HOLD, Override: Safe hold mode active
2025-05-28 04:04:13,966 - INFO - [AUDIT] - Action: 0, Confidence: 1.0000, Safety Mode: SAFE_HOLD, Override: Safe hold mode active
2025-05-28 04:04:13,966 - INFO - [AUDIT] - Action: 0, Confidence: 1.0000, Safety Mode: SAFE_HOLD, Override: Safe hold mode active
2025-05-28 04:04:13,966 - INFO - [AUDIT] - Action: 0, Confidence: 1.0000, Safety Mode: SAFE_HOLD, Override: Safe hold mode active
2025-05-28 04:04:13,967 - INFO - [AUDIT] - Action: 0, Confidence: 1.0000, Safety Mode: SAFE_HOLD, Override: Safe hold mode active
2025-05-28 04:04:13,967 - INFO - [AUDIT] - Action: 0, Confidence: 1.0000, Safety Mode: SAFE_HOLD, Override: Safe hold mode active
2025-05-28 04:04:13,967 - INFO - [AUDIT] - Action: 0, Confidence: 1.0000, Safety Mode: SAFE_HOLD, Override: Safe hold mode active
2025-05-28 04:04:13,967 - INFO - [AUDIT] - Action: 0, Confidence: 1.0000, Safety Mode: SAFE_HOLD, Override: Safe hold mode active
2025-05-28 04:04:13,967 - INFO - [AUDIT] - Action: 0, Confidence: 1.0000, Safety Mode: SAFE_HOLD, Override: Safe hold mode active
2025-05-28 04:04:13,968 - INFO - [AUDIT] - Action: 0, Confidence: 1.0000, Safety Mode: SAFE_HOLD, Override: Safe hold mode active
2025-05-28 04:04:13,968 - INFO - [AUDIT] - Action: 0, Confidence: 1.0000, Safety Mode: SAFE_HOLD, Override: Safe hold mode active
2025-05-28 04:04:13,968 - INFO - [AUDIT] - Action: 0, Confidence: 1.0000, Safety Mode: SAFE_HOLD, Override: Safe hold mode active
2025-05-28 04:04:13,968 - INFO - [AUDIT] - Action: 0, Confidence: 1.0000, Safety Mode: SAFE_HOLD, Override: Safe hold mode active
2025-05-28 04:04:13,969 - INFO - [AUDIT] - Action: 0, Confidence: 1.0000, Safety Mode: SAFE_HOLD, Override: Safe hold mode active
2025-05-28 04:04:13,969 - INFO - [AUDIT] - Action: 0, Confidence: 1.0000, Safety Mode: SAFE_HOLD, Override: Safe hold mode active
2025-05-28 04:04:13,969 - INFO - [AUDIT] - Action: 0, Confidence: 1.0000, Safety Mode: SAFE_HOLD, Override: Safe hold mode active
2025-05-28 04:04:13,969 - INFO - [AUDIT] - Action: 0, Confidence: 1.0000, Safety Mode: SAFE_HOLD, Override: Safe hold mode active
2025-05-28 04:04:13,969 - INFO - [AUDIT] - Action: 0, Confidence: 1.0000, Safety Mode: SAFE_HOLD, Override: Safe hold mode active
2025-05-28 04:04:13,970 - INFO - [AUDIT] - Action: 0, Confidence: 1.0000, Safety Mode: SAFE_HOLD, Override: Safe hold mode active
2025-05-28 04:04:13,970 - INFO - [AUDIT] - Action: 0, Confidence: 1.0000, Safety Mode: SAFE_HOLD, Override: Safe hold mode active
2025-05-28 04:04:13,970 - INFO - [AUDIT] - Action: 0, Confidence: 1.0000, Safety Mode: SAFE_HOLD, Override: Safe hold mode active
2025-05-28 04:04:13,970 - INFO - [AUDIT] - Action: 0, Confidence: 1.0000, Safety Mode: SAFE_HOLD, Override: Safe hold mode active
2025-05-28 04:04:13,970 - INFO - [AUDIT] - Action: 0, Confidence: 1.0000, Safety Mode: SAFE_HOLD, Override: Safe hold mode active
2025-05-28 04:04:13,971 - INFO - [AUDIT] - Action: 0, Confidence: 1.0000, Safety Mode: SAFE_HOLD, Override: Safe hold mode active
2025-05-28 04:04:13,971 - INFO - [AUDIT] - Action: 0, Confidence: 1.0000, Safety Mode: SAFE_HOLD, Override: Safe hold mode active
2025-05-28 04:04:13,971 - INFO - [AUDIT] - Action: 0, Confidence: 1.0000, Safety Mode: SAFE_HOLD, Override: Safe hold mode active
2025-05-28 04:04:13,971 - INFO - [AUDIT] - Action: 0, Confidence: 1.0000, Safety Mode: SAFE_HOLD, Override: Safe hold mode active
2025-05-28 04:04:13,971 - INFO - [AUDIT] - Action: 0, Confidence: 1.0000, Safety Mode: SAFE_HOLD, Override: Safe hold mode active
2025-05-28 04:04:13,972 - INFO - [AUDIT] - Action: 0, Confidence: 1.0000, Safety Mode: SAFE_HOLD, Override: Safe hold mode active
2025-05-28 04:04:13,972 - INFO - [AUDIT] - Action: 0, Confidence: 1.0000, Safety Mode: SAFE_HOLD, Override: Safe hold mode active
2025-05-28 04:04:13,972 - INFO - [AUDIT] - Action: 0, Confidence: 1.0000, Safety Mode: SAFE_HOLD, Override: Safe hold mode active
2025-05-28 04:04:13,972 - INFO - [AUDIT] - Action: 0, Confidence: 1.0000, Safety Mode: SAFE_HOLD, Override: Safe hold mode active
2025-05-28 04:04:13,972 - INFO - [AUDIT] - Action: 0, Confidence: 1.0000, Safety Mode: SAFE_HOLD, Override: Safe hold mode active
2025-05-28 04:04:13,973 - INFO - [AUDIT] - Action: 0, Confidence: 1.0000, Safety Mode: SAFE_HOLD, Override: Safe hold mode active
2025-05-28 04:04:13,973 - INFO - [AUDIT] - Action: 0, Confidence: 1.0000, Safety Mode: SAFE_HOLD, Override: Safe hold mode active
2025-05-28 04:04:13,973 - INFO - [AUDIT] - Action: 0, Confidence: 1.0000, Safety Mode: SAFE_HOLD, Override: Safe hold mode active
2025-05-28 04:04:13,973 - INFO - [AUDIT] - Action: 0, Confidence: 1.0000, Safety Mode: SAFE_HOLD, Override: Safe hold mode active
2025-05-28 04:04:13,973 - INFO - [AUDIT] - Action: 0, Confidence: 1.0000, Safety Mode: SAFE_HOLD, Override: Safe hold mode active
2025-05-28 04:04:13,974 - INFO - [AUDIT] - Action: 0, Confidence: 1.0000, Safety Mode: SAFE_HOLD, Override: Safe hold mode active
2025-05-28 04:04:13,974 - INFO - [AUDIT] - Action: 0, Confidence: 1.0000, Safety Mode: SAFE_HOLD, Override: Safe hold mode active
2025-05-28 04:04:13,974 - INFO - [AUDIT] - Action: 0, Confidence: 1.0000, Safety Mode: SAFE_HOLD, Override: Safe hold mode active
2025-05-28 04:04:13,974 - INFO - [AUDIT] - Action: 0, Confidence: 1.0000, Safety Mode: SAFE_HOLD, Override: Safe hold mode active
2025-05-28 04:04:13,974 - INFO - [AUDIT] - Action: 0, Confidence: 1.0000, Safety Mode: SAFE_HOLD, Override: Safe hold mode active
2025-05-28 04:04:13,975 - INFO - [AUDIT] - Action: 0, Confidence: 1.0000, Safety Mode: SAFE_HOLD, Override: Safe hold mode active
2025-05-28 04:04:13,975 - INFO - [AUDIT] - Action: 0, Confidence: 1.0000, Safety Mode: SAFE_HOLD, Override: Safe hold mode active
2025-05-28 04:04:13,975 - INFO - [AUDIT] - Action: 0, Confidence: 1.0000, Safety Mode: SAFE_HOLD, Override: Safe hold mode active
2025-05-28 04:04:13,975 - INFO - [AUDIT] - Action: 0, Confidence: 1.0000, Safety Mode: SAFE_HOLD, Override: Safe hold mode active
2025-05-28 04:04:13,975 - INFO - [AUDIT] - Action: 0, Confidence: 1.0000, Safety Mode: SAFE_HOLD, Override: Safe hold mode active
2025-05-28 04:04:13,975 - INFO - [AUDIT] - Action: 0, Confidence: 1.0000, Safety Mode: SAFE_HOLD, Override: Safe hold mode active
2025-05-28 04:04:13,976 - INFO - [AUDIT] - Action: 0, Confidence: 1.0000, Safety Mode: SAFE_HOLD, Override: Safe hold mode active
2025-05-28 04:04:13,976 - INFO - [AUDIT] - Action: 0, Confidence: 1.0000, Safety Mode: SAFE_HOLD, Override: Safe hold mode active
2025-05-28 04:04:13,976 - INFO - [AUDIT] - Action: 0, Confidence: 1.0000, Safety Mode: SAFE_HOLD, Override: Safe hold mode active
2025-05-28 04:04:13,976 - INFO - [AUDIT] - Action: 0, Confidence: 1.0000, Safety Mode: SAFE_HOLD, Override: Safe hold mode active
2025-05-28 04:04:13,976 - INFO - [AUDIT] - Action: 0, Confidence: 1.0000, Safety Mode: SAFE_HOLD, Override: Safe hold mode active
2025-05-28 04:04:13,977 - INFO - [AUDIT] - Action: 0, Confidence: 1.0000, Safety Mode: SAFE_HOLD, Override: Safe hold mode active
2025-05-28 04:04:13,977 - INFO - [AUDIT] - Action: 0, Confidence: 1.0000, Safety Mode: SAFE_HOLD, Override: Safe hold mode active
2025-05-28 04:04:13,977 - INFO - [AUDIT] - Action: 0, Confidence: 1.0000, Safety Mode: SAFE_HOLD, Override: Safe hold mode active
2025-05-28 04:04:13,977 - INFO - [AUDIT] - Action: 0, Confidence: 1.0000, Safety Mode: SAFE_HOLD, Override: Safe hold mode active
2025-05-28 04:04:13,977 - INFO - [AUDIT] - Action: 0, Confidence: 1.0000, Safety Mode: SAFE_HOLD, Override: Safe hold mode active
2025-05-28 04:04:13,978 - INFO - [AUDIT] - Action: 0, Confidence: 1.0000, Safety Mode: SAFE_HOLD, Override: Safe hold mode active
2025-05-28 04:04:13,978 - INFO - [AUDIT] - Action: 0, Confidence: 1.0000, Safety Mode: SAFE_HOLD, Override: Safe hold mode active
2025-05-28 04:04:13,978 - INFO - [AUDIT] - Action: 0, Confidence: 1.0000, Safety Mode: SAFE_HOLD, Override: Safe hold mode active
2025-05-28 04:04:13,978 - INFO - [AUDIT] - Action: 0, Confidence: 1.0000, Safety Mode: SAFE_HOLD, Override: Safe hold mode active
2025-05-28 04:04:13,978 - INFO - [AUDIT] - Action: 0, Confidence: 1.0000, Safety Mode: SAFE_HOLD, Override: Safe hold mode active
2025-05-28 04:04:13,979 - INFO - [AUDIT] - Action: 0, Confidence: 1.0000, Safety Mode: SAFE_HOLD, Override: Safe hold mode active
2025-05-28 04:04:13,979 - INFO - [AUDIT] - Action: 0, Confidence: 1.0000, Safety Mode: SAFE_HOLD, Override: Safe hold mode active
2025-05-28 04:04:13,979 - INFO - [AUDIT] - Action: 0, Confidence: 1.0000, Safety Mode: SAFE_HOLD, Override: Safe hold mode active
2025-05-28 04:04:13,979 - INFO - [AUDIT] - Action: 0, Confidence: 1.0000, Safety Mode: SAFE_HOLD, Override: Safe hold mode active
2025-05-28 04:04:13,979 - INFO - [AUDIT] - Action: 0, Confidence: 1.0000, Safety Mode: SAFE_HOLD, Override: Safe hold mode active
2025-05-28 04:04:13,980 - INFO - [AUDIT] - Action: 0, Confidence: 1.0000, Safety Mode: SAFE_HOLD, Override: Safe hold mode active
2025-05-28 04:04:13,980 - INFO - [AUDIT] - Action: 0, Confidence: 1.0000, Safety Mode: SAFE_HOLD, Override: Safe hold mode active
2025-05-28 04:04:13,980 - INFO - [AUDIT] - Action: 0, Confidence: 1.0000, Safety Mode: SAFE_HOLD, Override: Safe hold mode active
2025-05-28 04:04:13,980 - INFO - [AUDIT] - Action: 0, Confidence: 1.0000, Safety Mode: SAFE_HOLD, Override: Safe hold mode active
2025-05-28 04:04:13,980 - INFO - [AUDIT] - Action: 0, Confidence: 1.0000, Safety Mode: SAFE_HOLD, Override: Safe hold mode active
2025-05-28 04:04:13,980 - INFO - [AUDIT] - Action: 0, Confidence: 1.0000, Safety Mode: SAFE_HOLD, Override: Safe hold mode active
2025-05-28 04:04:13,981 - INFO - [AUDIT] - Action: 0, Confidence: 1.0000, Safety Mode: SAFE_HOLD, Override: Safe hold mode active
2025-05-28 04:04:13,981 - INFO - [AUDIT] - Action: 0, Confidence: 1.0000, Safety Mode: SAFE_HOLD, Override: Safe hold mode active
2025-05-28 04:04:13,981 - INFO - [AUDIT] - Action: 0, Confidence: 1.0000, Safety Mode: SAFE_HOLD, Override: Safe hold mode active
2025-05-28 04:04:13,981 - INFO - [AUDIT] - Action: 0, Confidence: 1.0000, Safety Mode: SAFE_HOLD, Override: Safe hold mode active
2025-05-28 04:04:13,981 - INFO - [AUDIT] - Action: 0, Confidence: 1.0000, Safety Mode: SAFE_HOLD, Override: Safe hold mode active
2025-05-28 04:04:13,982 - INFO - [AUDIT] - Action: 0, Confidence: 1.0000, Safety Mode: SAFE_HOLD, Override: Safe hold mode active
2025-05-28 04:04:13,982 - INFO - [AUDIT] - Action: 0, Confidence: 1.0000, Safety Mode: SAFE_HOLD, Override: Safe hold mode active
2025-05-28 04:04:13,982 - INFO - [AUDIT] - Action: 0, Confidence: 1.0000, Safety Mode: SAFE_HOLD, Override: Safe hold mode active
2025-05-28 04:04:13,982 - INFO - [AUDIT] - Action: 0, Confidence: 1.0000, Safety Mode: SAFE_HOLD, Override: Safe hold mode active
2025-05-28 04:04:13,982 - INFO - [AUDIT] - Action: 0, Confidence: 1.0000, Safety Mode: SAFE_HOLD, Override: Safe hold mode active
2025-05-28 04:04:13,983 - INFO - [AUDIT] - Action: 0, Confidence: 1.0000, Safety Mode: SAFE_HOLD, Override: Safe hold mode active
2025-05-28 04:04:13,983 - INFO - [AUDIT] - Action: 0, Confidence: 1.0000, Safety Mode: SAFE_HOLD, Override: Safe hold mode active
2025-05-28 04:04:13,983 - INFO - [AUDIT] - Action: 0, Confidence: 1.0000, Safety Mode: SAFE_HOLD, Override: Safe hold mode active
2025-05-28 04:04:13,983 - INFO - [AUDIT] - Action: 0, Confidence: 1.0000, Safety Mode: SAFE_HOLD, Override: Safe hold mode active
2025-05-28 04:04:13,983 - INFO - [AUDIT] - Action: 0, Confidence: 1.0000, Safety Mode: SAFE_HOLD, Override: Safe hold mode active
2025-05-28 04:04:13,984 - INFO - [AUDIT] - Action: 0, Confidence: 1.0000, Safety Mode: SAFE_HOLD, Override: Safe hold mode active
2025-05-28 04:04:13,984 - INFO - [AUDIT] - Action: 0, Confidence: 1.0000, Safety Mode: SAFE_HOLD, Override: Safe hold mode active
2025-05-28 04:04:13,984 - INFO - [AUDIT] - Action: 0, Confidence: 1.0000, Safety Mode: SAFE_HOLD, Override: Safe hold mode active
2025-05-28 04:04:13,984 - INFO - [AUDIT] - Action: 0, Confidence: 1.0000, Safety Mode: SAFE_HOLD, Override: Safe hold mode active
2025-05-28 04:04:13,984 - INFO - [AUDIT] - Action: 0, Confidence: 1.0000, Safety Mode: SAFE_HOLD, Override: Safe hold mode active
2025-05-28 04:04:13,985 - INFO - [AUDIT] - Action: 0, Confidence: 1.0000, Safety Mode: SAFE_HOLD, Override: Safe hold mode active
2025-05-28 04:04:13,985 - INFO - [AUDIT] - Action: 0, Confidence: 1.0000, Safety Mode: SAFE_HOLD, Override: Safe hold mode active
2025-05-28 04:04:13,985 - INFO - [AUDIT] - Action: 0, Confidence: 1.0000, Safety Mode: SAFE_HOLD, Override: Safe hold mode active
2025-05-28 04:04:13,985 - INFO - [AUDIT] - Action: 0, Confidence: 1.0000, Safety Mode: SAFE_HOLD, Override: Safe hold mode active
2025-05-28 04:04:13,986 - INFO - [AUDIT] - Action: 0, Confidence: 1.0000, Safety Mode: SAFE_HOLD, Override: Safe hold mode active
2025-05-28 04:04:13,986 - INFO - [AUDIT] - Action: 0, Confidence: 1.0000, Safety Mode: SAFE_HOLD, Override: Safe hold mode active
2025-05-28 04:04:13,986 - INFO - [AUDIT] - Action: 0, Confidence: 1.0000, Safety Mode: SAFE_HOLD, Override: Safe hold mode active
2025-05-28 04:04:13,986 - INFO - [AUDIT] - Action: 0, Confidence: 1.0000, Safety Mode: SAFE_HOLD, Override: Safe hold mode active
2025-05-28 04:04:13,986 - INFO - [AUDIT] - Action: 0, Confidence: 1.0000, Safety Mode: SAFE_HOLD, Override: Safe hold mode active
2025-05-28 04:04:13,987 - INFO - [AUDIT] - Action: 0, Confidence: 1.0000, Safety Mode: SAFE_HOLD, Override: Safe hold mode active
2025-05-28 04:04:13,987 - INFO - [AUDIT] - Action: 0, Confidence: 1.0000, Safety Mode: SAFE_HOLD, Override: Safe hold mode active
2025-05-28 04:04:13,987 - INFO - [AUDIT] - Action: 0, Confidence: 1.0000, Safety Mode: SAFE_HOLD, Override: Safe hold mode active
2025-05-28 04:04:13,987 - INFO - [AUDIT] - Action: 0, Confidence: 1.0000, Safety Mode: SAFE_HOLD, Override: Safe hold mode active
2025-05-28 04:04:13,987 - INFO - [AUDIT] - Action: 0, Confidence: 1.0000, Safety Mode: SAFE_HOLD, Override: Safe hold mode active
2025-05-28 04:04:13,988 - INFO - [AUDIT] - Action: 0, Confidence: 1.0000, Safety Mode: SAFE_HOLD, Override: Safe hold mode active
2025-05-28 04:04:13,988 - INFO - [AUDIT] - Action: 0, Confidence: 1.0000, Safety Mode: SAFE_HOLD, Override: Safe hold mode active
2025-05-28 04:04:13,988 - INFO - [AUDIT] - Action: 0, Confidence: 1.0000, Safety Mode: SAFE_HOLD, Override: Safe hold mode active
2025-05-28 04:04:13,988 - INFO - [AUDIT] - Action: 0, Confidence: 1.0000, Safety Mode: SAFE_HOLD, Override: Safe hold mode active
2025-05-28 04:04:13,988 - INFO - [AUDIT] - Action: 0, Confidence: 1.0000, Safety Mode: SAFE_HOLD, Override: Safe hold mode active
2025-05-28 04:04:13,989 - INFO - [AUDIT] - Action: 0, Confidence: 1.0000, Safety Mode: SAFE_HOLD, Override: Safe hold mode active
2025-05-28 04:04:13,989 - INFO - [AUDIT] - Action: 0, Confidence: 1.0000, Safety Mode: SAFE_HOLD, Override: Safe hold mode active
2025-05-28 04:04:13,989 - INFO - [AUDIT] - Action: 0, Confidence: 1.0000, Safety Mode: SAFE_HOLD, Override: Safe hold mode active
2025-05-28 04:04:13,989 - INFO - [AUDIT] - Action: 0, Confidence: 1.0000, Safety Mode: SAFE_HOLD, Override: Safe hold mode active
2025-05-28 04:04:13,989 - INFO - [AUDIT] - Action: 0, Confidence: 1.0000, Safety Mode: SAFE_HOLD, Override: Safe hold mode active
2025-05-28 04:04:13,990 - INFO - [AUDIT] - Action: 0, Confidence: 1.0000, Safety Mode: SAFE_HOLD, Override: Safe hold mode active
2025-05-28 04:04:13,990 - INFO - [AUDIT] - Action: 0, Confidence: 1.0000, Safety Mode: SAFE_HOLD, Override: Safe hold mode active
2025-05-28 04:04:13,990 - INFO - [AUDIT] - Action: 0, Confidence: 1.0000, Safety Mode: SAFE_HOLD, Override: Safe hold mode active
2025-05-28 04:04:13,990 - INFO - [AUDIT] - Action: 0, Confidence: 1.0000, Safety Mode: SAFE_HOLD, Override: Safe hold mode active
2025-05-28 04:04:13,990 - INFO - [AUDIT] - Action: 0, Confidence: 1.0000, Safety Mode: SAFE_HOLD, Override: Safe hold mode active
2025-05-28 04:04:13,991 - INFO - [AUDIT] - Action: 0, Confidence: 1.0000, Safety Mode: SAFE_HOLD, Override: Safe hold mode active
2025-05-28 04:04:13,991 - INFO - [AUDIT] - Action: 0, Confidence: 1.0000, Safety Mode: SAFE_HOLD, Override: Safe hold mode active
2025-05-28 04:04:13,991 - INFO - [AUDIT] - Action: 0, Confidence: 1.0000, Safety Mode: SAFE_HOLD, Override: Safe hold mode active
2025-05-28 04:04:13,991 - INFO - [AUDIT] - Action: 0, Confidence: 1.0000, Safety Mode: SAFE_HOLD, Override: Safe hold mode active
2025-05-28 04:04:13,991 - INFO - [AUDIT] - Action: 0, Confidence: 1.0000, Safety Mode: SAFE_HOLD, Override: Safe hold mode active
2025-05-28 04:04:13,992 - INFO - [AUDIT] - Action: 0, Confidence: 1.0000, Safety Mode: SAFE_HOLD, Override: Safe hold mode active
2025-05-28 04:04:13,992 - INFO - [AUDIT] - Action: 0, Confidence: 1.0000, Safety Mode: SAFE_HOLD, Override: Safe hold mode active
2025-05-28 04:04:13,992 - INFO - [AUDIT] - Action: 0, Confidence: 1.0000, Safety Mode: SAFE_HOLD, Override: Safe hold mode active
2025-05-28 04:04:13,992 - INFO - [AUDIT] - Action: 0, Confidence: 1.0000, Safety Mode: SAFE_HOLD, Override: Safe hold mode active
2025-05-28 04:04:13,992 - INFO - [AUDIT] - Action: 0, Confidence: 1.0000, Safety Mode: SAFE_HOLD, Override: Safe hold mode active
2025-05-28 04:04:13,992 - INFO - [AUDIT] - Action: 0, Confidence: 1.0000, Safety Mode: SAFE_HOLD, Override: Safe hold mode active
2025-05-28 04:04:13,993 - INFO - [AUDIT] - Action: 0, Confidence: 1.0000, Safety Mode: SAFE_HOLD, Override: Safe hold mode active
2025-05-28 04:04:13,993 - INFO - [AUDIT] - Action: 0, Confidence: 1.0000, Safety Mode: SAFE_HOLD, Override: Safe hold mode active
2025-05-28 04:04:13,993 - INFO - [AUDIT] - Action: 0, Confidence: 1.0000, Safety Mode: SAFE_HOLD, Override: Safe hold mode active
2025-05-28 04:04:13,993 - INFO - [AUDIT] - Action: 0, Confidence: 1.0000, Safety Mode: SAFE_HOLD, Override: Safe hold mode active
2025-05-28 04:04:13,993 - INFO - [AUDIT] - Action: 0, Confidence: 1.0000, Safety Mode: SAFE_HOLD, Override: Safe hold mode active
2025-05-28 04:04:13,994 - INFO - [AUDIT] - Action: 0, Confidence: 1.0000, Safety Mode: SAFE_HOLD, Override: Safe hold mode active
2025-05-28 04:04:13,994 - INFO - [AUDIT] - Action: 0, Confidence: 1.0000, Safety Mode: SAFE_HOLD, Override: Safe hold mode active
2025-05-28 04:04:13,994 - INFO - [AUDIT] - Action: 0, Confidence: 1.0000, Safety Mode: SAFE_HOLD, Override: Safe hold mode active
2025-05-28 04:04:13,994 - INFO - [AUDIT] - Action: 0, Confidence: 1.0000, Safety Mode: SAFE_HOLD, Override: Safe hold mode active
2025-05-28 04:04:13,994 - INFO - [AUDIT] - Action: 0, Confidence: 1.0000, Safety Mode: SAFE_HOLD, Override: Safe hold mode active
2025-05-28 04:04:13,995 - INFO - [AUDIT] - Action: 0, Confidence: 1.0000, Safety Mode: SAFE_HOLD, Override: Safe hold mode active
2025-05-28 04:04:13,995 - INFO - [AUDIT] - Action: 0, Confidence: 1.0000, Safety Mode: SAFE_HOLD, Override: Safe hold mode active
2025-05-28 04:04:13,995 - INFO - [AUDIT] - Action: 0, Confidence: 1.0000, Safety Mode: SAFE_HOLD, Override: Safe hold mode active
2025-05-28 04:04:13,995 - INFO - [AUDIT] - Action: 0, Confidence: 1.0000, Safety Mode: SAFE_HOLD, Override: Safe hold mode active
2025-05-28 04:04:13,995 - INFO - [AUDIT] - Action: 0, Confidence: 1.0000, Safety Mode: SAFE_HOLD, Override: Safe hold mode active
2025-05-28 04:04:13,996 - INFO - [AUDIT] - Action: 0, Confidence: 1.0000, Safety Mode: SAFE_HOLD, Override: Safe hold mode active
2025-05-28 04:04:13,996 - INFO - [AUDIT] - Action: 0, Confidence: 1.0000, Safety Mode: SAFE_HOLD, Override: Safe hold mode active
2025-05-28 04:04:13,996 - INFO - [AUDIT] - Action: 0, Confidence: 1.0000, Safety Mode: SAFE_HOLD, Override: Safe hold mode active
2025-05-28 04:04:13,996 - INFO - [AUDIT] - Action: 0, Confidence: 1.0000, Safety Mode: SAFE_HOLD, Override: Safe hold mode active
2025-05-28 04:04:13,996 - INFO - [AUDIT] - Action: 0, Confidence: 1.0000, Safety Mode: SAFE_HOLD, Override: Safe hold mode active
2025-05-28 04:04:13,997 - INFO - [AUDIT] - Action: 0, Confidence: 1.0000, Safety Mode: SAFE_HOLD, Override: Safe hold mode active
2025-05-28 04:04:13,997 - INFO - [AUDIT] - Action: 0, Confidence: 1.0000, Safety Mode: SAFE_HOLD, Override: Safe hold mode active
2025-05-28 04:04:13,997 - INFO - [AUDIT] - Action: 0, Confidence: 1.0000, Safety Mode: SAFE_HOLD, Override: Safe hold mode active
2025-05-28 04:04:13,997 - INFO - [AUDIT] - Action: 0, Confidence: 1.0000, Safety Mode: SAFE_HOLD, Override: Safe hold mode active
2025-05-28 04:04:13,997 - INFO - [AUDIT] - Action: 0, Confidence: 1.0000, Safety Mode: SAFE_HOLD, Override: Safe hold mode active
2025-05-28 04:04:13,997 - INFO - [AUDIT] - Action: 0, Confidence: 1.0000, Safety Mode: SAFE_HOLD, Override: Safe hold mode active
2025-05-28 04:04:13,998 - INFO - [AUDIT] - Action: 0, Confidence: 1.0000, Safety Mode: SAFE_HOLD, Override: Safe hold mode active
2025-05-28 04:04:13,998 - INFO - [AUDIT] - Action: 0, Confidence: 1.0000, Safety Mode: SAFE_HOLD, Override: Safe hold mode active
2025-05-28 04:04:13,998 - INFO - [AUDIT] - Action: 0, Confidence: 1.0000, Safety Mode: SAFE_HOLD, Override: Safe hold mode active
2025-05-28 04:04:13,998 - INFO - [AUDIT] - Action: 0, Confidence: 1.0000, Safety Mode: SAFE_HOLD, Override: Safe hold mode active
2025-05-28 04:04:13,998 - INFO - [AUDIT] - Action: 0, Confidence: 1.0000, Safety Mode: SAFE_HOLD, Override: Safe hold mode active
2025-05-28 04:04:13,999 - INFO - [AUDIT] - Action: 0, Confidence: 1.0000, Safety Mode: SAFE_HOLD, Override: Safe hold mode active
2025-05-28 04:04:13,999 - INFO - [AUDIT] - Action: 0, Confidence: 1.0000, Safety Mode: SAFE_HOLD, Override: Safe hold mode active
2025-05-28 04:04:13,999 - INFO - [AUDIT] - Action: 0, Confidence: 1.0000, Safety Mode: SAFE_HOLD, Override: Safe hold mode active
2025-05-28 04:04:13,999 - INFO - [AUDIT] - Action: 0, Confidence: 1.0000, Safety Mode: SAFE_HOLD, Override: Safe hold mode active
2025-05-28 04:04:13,999 - INFO - [AUDIT] - Action: 0, Confidence: 1.0000, Safety Mode: SAFE_HOLD, Override: Safe hold mode active
2025-05-28 04:04:14,000 - INFO - [AUDIT] - Action: 0, Confidence: 1.0000, Safety Mode: SAFE_HOLD, Override: Safe hold mode active
2025-05-28 04:04:14,000 - INFO - [AUDIT] - Action: 0, Confidence: 1.0000, Safety Mode: SAFE_HOLD, Override: Safe hold mode active
2025-05-28 04:04:14,000 - INFO - [AUDIT] - Action: 0, Confidence: 1.0000, Safety Mode: SAFE_HOLD, Override: Safe hold mode active
2025-05-28 04:04:14,000 - INFO - [AUDIT] - Action: 0, Confidence: 1.0000, Safety Mode: SAFE_HOLD, Override: Safe hold mode active
2025-05-28 04:04:14,000 - INFO - [AUDIT] - Action: 0, Confidence: 1.0000, Safety Mode: SAFE_HOLD, Override: Safe hold mode active
2025-05-28 04:04:14,001 - INFO - [AUDIT] - Action: 0, Confidence: 1.0000, Safety Mode: SAFE_HOLD, Override: Safe hold mode active
2025-05-28 04:04:14,001 - INFO - [AUDIT] - Action: 0, Confidence: 1.0000, Safety Mode: SAFE_HOLD, Override: Safe hold mode active
2025-05-28 04:04:14,001 - INFO - [AUDIT] - Action: 0, Confidence: 1.0000, Safety Mode: SAFE_HOLD, Override: Safe hold mode active
2025-05-28 04:04:14,001 - INFO - [AUDIT] - Action: 0, Confidence: 1.0000, Safety Mode: SAFE_HOLD, Override: Safe hold mode active
2025-05-28 04:04:14,001 - INFO - [AUDIT] - Action: 0, Confidence: 1.0000, Safety Mode: SAFE_HOLD, Override: Safe hold mode active
2025-05-28 04:04:14,002 - INFO - [AUDIT] - Action: 0, Confidence: 1.0000, Safety Mode: SAFE_HOLD, Override: Safe hold mode active
2025-05-28 04:04:14,002 - INFO - [AUDIT] - Action: 0, Confidence: 1.0000, Safety Mode: SAFE_HOLD, Override: Safe hold mode active
2025-05-28 04:04:14,002 - INFO - [AUDIT] - Action: 0, Confidence: 1.0000, Safety Mode: SAFE_HOLD, Override: Safe hold mode active
2025-05-28 04:04:14,002 - INFO - [AUDIT] - Action: 0, Confidence: 1.0000, Safety Mode: SAFE_HOLD, Override: Safe hold mode active
2025-05-28 04:04:14,002 - INFO - [AUDIT] - Action: 0, Confidence: 1.0000, Safety Mode: SAFE_HOLD, Override: Safe hold mode active
2025-05-28 04:04:14,003 - INFO - [AUDIT] - Action: 0, Confidence: 1.0000, Safety Mode: SAFE_HOLD, Override: Safe hold mode active
2025-05-28 04:04:14,003 - INFO - [AUDIT] - Action: 0, Confidence: 1.0000, Safety Mode: SAFE_HOLD, Override: Safe hold mode active
2025-05-28 04:04:14,003 - INFO - [AUDIT] - Action: 0, Confidence: 1.0000, Safety Mode: SAFE_HOLD, Override: Safe hold mode active
2025-05-28 04:04:14,003 - INFO - [AUDIT] - Action: 0, Confidence: 1.0000, Safety Mode: SAFE_HOLD, Override: Safe hold mode active
2025-05-28 04:04:14,003 - INFO - [AUDIT] - Action: 0, Confidence: 1.0000, Safety Mode: SAFE_HOLD, Override: Safe hold mode active
2025-05-28 04:04:14,004 - INFO - [AUDIT] - Action: 0, Confidence: 1.0000, Safety Mode: SAFE_HOLD, Override: Safe hold mode active
2025-05-28 04:04:14,004 - INFO - [AUDIT] - Action: 0, Confidence: 1.0000, Safety Mode: SAFE_HOLD, Override: Safe hold mode active
2025-05-28 04:04:14,004 - INFO - [AUDIT] - Action: 0, Confidence: 1.0000, Safety Mode: SAFE_HOLD, Override: Safe hold mode active
2025-05-28 04:04:14,004 - INFO - [AUDIT] - Action: 0, Confidence: 1.0000, Safety Mode: SAFE_HOLD, Override: Safe hold mode active
2025-05-28 04:04:14,004 - INFO - [AUDIT] - Action: 0, Confidence: 1.0000, Safety Mode: SAFE_HOLD, Override: Safe hold mode active
2025-05-28 04:04:14,005 - INFO - [AUDIT] - Action: 0, Confidence: 1.0000, Safety Mode: SAFE_HOLD, Override: Safe hold mode active
2025-05-28 04:04:14,005 - INFO - [AUDIT] - Action: 0, Confidence: 1.0000, Safety Mode: SAFE_HOLD, Override: Safe hold mode active
2025-05-28 04:04:14,005 - INFO - [AUDIT] - Action: 0, Confidence: 1.0000, Safety Mode: SAFE_HOLD, Override: Safe hold mode active
2025-05-28 04:04:14,005 - INFO - [AUDIT] - Action: 0, Confidence: 1.0000, Safety Mode: SAFE_HOLD, Override: Safe hold mode active
2025-05-28 04:04:14,006 - INFO - [AUDIT] - Action: 0, Confidence: 1.0000, Safety Mode: SAFE_HOLD, Override: Safe hold mode active
2025-05-28 04:04:14,006 - INFO - [AUDIT] - Action: 0, Confidence: 1.0000, Safety Mode: SAFE_HOLD, Override: Safe hold mode active
2025-05-28 04:04:14,006 - INFO - [AUDIT] - Action: 0, Confidence: 1.0000, Safety Mode: SAFE_HOLD, Override: Safe hold mode active
2025-05-28 04:04:14,006 - INFO - [AUDIT] - Action: 0, Confidence: 1.0000, Safety Mode: SAFE_HOLD, Override: Safe hold mode active
2025-05-28 04:04:14,006 - INFO - [AUDIT] - Action: 0, Confidence: 1.0000, Safety Mode: SAFE_HOLD, Override: Safe hold mode active
2025-05-28 04:04:14,006 - INFO - [AUDIT] - Action: 0, Confidence: 1.0000, Safety Mode: SAFE_HOLD, Override: Safe hold mode active
2025-05-28 04:04:14,007 - INFO - [AUDIT] - Action: 0, Confidence: 1.0000, Safety Mode: SAFE_HOLD, Override: Safe hold mode active
2025-05-28 04:04:14,007 - INFO - [AUDIT] - Action: 0, Confidence: 1.0000, Safety Mode: SAFE_HOLD, Override: Safe hold mode active
2025-05-28 04:04:14,007 - INFO - [AUDIT] - Action: 0, Confidence: 1.0000, Safety Mode: SAFE_HOLD, Override: Safe hold mode active
2025-05-28 04:04:14,007 - INFO - [AUDIT] - Action: 0, Confidence: 1.0000, Safety Mode: SAFE_HOLD, Override: Safe hold mode active
2025-05-28 04:04:14,007 - INFO - [AUDIT] - Action: 0, Confidence: 1.0000, Safety Mode: SAFE_HOLD, Override: Safe hold mode active
2025-05-28 04:04:14,008 - INFO - [AUDIT] - Action: 0, Confidence: 1.0000, Safety Mode: SAFE_HOLD, Override: Safe hold mode active
2025-05-28 04:04:14,008 - INFO - [AUDIT] - Action: 0, Confidence: 1.0000, Safety Mode: SAFE_HOLD, Override: Safe hold mode active
2025-05-28 04:04:14,008 - INFO - [AUDIT] - Action: 0, Confidence: 1.0000, Safety Mode: SAFE_HOLD, Override: Safe hold mode active
2025-05-28 04:04:14,008 - INFO - [AUDIT] - Action: 0, Confidence: 1.0000, Safety Mode: SAFE_HOLD, Override: Safe hold mode active
2025-05-28 04:04:14,008 - INFO - [AUDIT] - Action: 0, Confidence: 1.0000, Safety Mode: SAFE_HOLD, Override: Safe hold mode active
2025-05-28 04:04:14,009 - INFO - [AUDIT] - Action: 0, Confidence: 1.0000, Safety Mode: SAFE_HOLD, Override: Safe hold mode active
2025-05-28 04:04:14,009 - INFO - [AUDIT] - Action: 0, Confidence: 1.0000, Safety Mode: SAFE_HOLD, Override: Safe hold mode active
2025-05-28 04:04:14,009 - INFO - [AUDIT] - Action: 0, Confidence: 1.0000, Safety Mode: SAFE_HOLD, Override: Safe hold mode active
2025-05-28 04:04:14,009 - INFO - [AUDIT] - Action: 0, Confidence: 1.0000, Safety Mode: SAFE_HOLD, Override: Safe hold mode active
2025-05-28 04:04:14,009 - INFO - [AUDIT] - Action: 0, Confidence: 1.0000, Safety Mode: SAFE_HOLD, Override: Safe hold mode active
2025-05-28 04:04:14,010 - INFO - [AUDIT] - Action: 0, Confidence: 1.0000, Safety Mode: SAFE_HOLD, Override: Safe hold mode active
2025-05-28 04:04:14,010 - INFO - [AUDIT] - Action: 0, Confidence: 1.0000, Safety Mode: SAFE_HOLD, Override: Safe hold mode active
2025-05-28 04:04:14,010 - INFO - [AUDIT] - Action: 0, Confidence: 1.0000, Safety Mode: SAFE_HOLD, Override: Safe hold mode active
2025-05-28 04:04:14,010 - INFO - [AUDIT] - Action: 0, Confidence: 1.0000, Safety Mode: SAFE_HOLD, Override: Safe hold mode active
2025-05-28 04:04:14,010 - INFO - [AUDIT] - Action: 0, Confidence: 1.0000, Safety Mode: SAFE_HOLD, Override: Safe hold mode active
2025-05-28 04:04:14,010 - INFO - [AUDIT] - Action: 0, Confidence: 1.0000, Safety Mode: SAFE_HOLD, Override: Safe hold mode active
2025-05-28 04:04:14,011 - INFO - [AUDIT] - Action: 0, Confidence: 1.0000, Safety Mode: SAFE_HOLD, Override: Safe hold mode active
2025-05-28 04:04:14,011 - INFO - [AUDIT] - Action: 0, Confidence: 1.0000, Safety Mode: SAFE_HOLD, Override: Safe hold mode active
2025-05-28 04:04:14,011 - INFO - [AUDIT] - Action: 0, Confidence: 1.0000, Safety Mode: SAFE_HOLD, Override: Safe hold mode active
2025-05-28 04:04:14,011 - INFO - [AUDIT] - Action: 0, Confidence: 1.0000, Safety Mode: SAFE_HOLD, Override: Safe hold mode active
2025-05-28 04:04:14,011 - INFO - [AUDIT] - Action: 0, Confidence: 1.0000, Safety Mode: SAFE_HOLD, Override: Safe hold mode active
2025-05-28 04:04:14,012 - INFO - [AUDIT] - Action: 0, Confidence: 1.0000, Safety Mode: SAFE_HOLD, Override: Safe hold mode active
2025-05-28 04:04:14,012 - INFO - [AUDIT] - Action: 0, Confidence: 1.0000, Safety Mode: SAFE_HOLD, Override: Safe hold mode active
2025-05-28 04:04:14,012 - INFO - [AUDIT] - Action: 0, Confidence: 1.0000, Safety Mode: SAFE_HOLD, Override: Safe hold mode active
2025-05-28 04:04:14,012 - INFO - [AUDIT] - Action: 0, Confidence: 1.0000, Safety Mode: SAFE_HOLD, Override: Safe hold mode active
2025-05-28 04:04:14,012 - INFO - [AUDIT] - Action: 0, Confidence: 1.0000, Safety Mode: SAFE_HOLD, Override: Safe hold mode active
2025-05-28 04:04:14,013 - INFO - [AUDIT] - Action: 0, Confidence: 1.0000, Safety Mode: SAFE_HOLD, Override: Safe hold mode active
2025-05-28 04:04:14,013 - INFO - [AUDIT] - Action: 0, Confidence: 1.0000, Safety Mode: SAFE_HOLD, Override: Safe hold mode active
2025-05-28 04:04:14,013 - INFO - [AUDIT] - Action: 0, Confidence: 1.0000, Safety Mode: SAFE_HOLD, Override: Safe hold mode active
2025-05-28 04:04:14,013 - INFO - [AUDIT] - Action: 0, Confidence: 1.0000, Safety Mode: SAFE_HOLD, Override: Safe hold mode active
2025-05-28 04:04:14,013 - INFO - [AUDIT] - Action: 0, Confidence: 1.0000, Safety Mode: SAFE_HOLD, Override: Safe hold mode active
2025-05-28 04:04:14,014 - INFO - [AUDIT] - Action: 0, Confidence: 1.0000, Safety Mode: SAFE_HOLD, Override: Safe hold mode active
2025-05-28 04:04:14,014 - INFO - [AUDIT] - Action: 0, Confidence: 1.0000, Safety Mode: SAFE_HOLD, Override: Safe hold mode active
2025-05-28 04:04:14,014 - INFO - [AUDIT] - Action: 0, Confidence: 1.0000, Safety Mode: SAFE_HOLD, Override: Safe hold mode active
2025-05-28 04:04:14,014 - INFO - [AUDIT] - Action: 0, Confidence: 1.0000, Safety Mode: SAFE_HOLD, Override: Safe hold mode active
2025-05-28 04:04:14,014 - INFO - [AUDIT] - Action: 0, Confidence: 1.0000, Safety Mode: SAFE_HOLD, Override: Safe hold mode active
2025-05-28 04:04:14,015 - INFO - [AUDIT] - Action: 0, Confidence: 1.0000, Safety Mode: SAFE_HOLD, Override: Safe hold mode active
2025-05-28 04:04:14,015 - INFO - [AUDIT] - Action: 0, Confidence: 1.0000, Safety Mode: SAFE_HOLD, Override: Safe hold mode active
2025-05-28 04:04:14,015 - INFO - [AUDIT] - Action: 0, Confidence: 1.0000, Safety Mode: SAFE_HOLD, Override: Safe hold mode active
2025-05-28 04:04:14,015 - INFO - [AUDIT] - Action: 0, Confidence: 1.0000, Safety Mode: SAFE_HOLD, Override: Safe hold mode active
2025-05-28 04:04:14,015 - INFO - [AUDIT] - Action: 0, Confidence: 1.0000, Safety Mode: SAFE_HOLD, Override: Safe hold mode active
2025-05-28 04:04:14,016 - INFO - [AUDIT] - Action: 0, Confidence: 1.0000, Safety Mode: SAFE_HOLD, Override: Safe hold mode active
2025-05-28 04:04:14,016 - INFO - [AUDIT] - Action: 0, Confidence: 1.0000, Safety Mode: SAFE_HOLD, Override: Safe hold mode active
2025-05-28 04:04:14,016 - INFO - [AUDIT] - Action: 0, Confidence: 1.0000, Safety Mode: SAFE_HOLD, Override: Safe hold mode active
2025-05-28 04:04:14,016 - INFO - [AUDIT] - Action: 0, Confidence: 1.0000, Safety Mode: SAFE_HOLD, Override: Safe hold mode active
2025-05-28 04:04:14,016 - INFO - [AUDIT] - Action: 0, Confidence: 1.0000, Safety Mode: SAFE_HOLD, Override: Safe hold mode active
2025-05-28 04:04:14,017 - INFO - [AUDIT] - Action: 0, Confidence: 1.0000, Safety Mode: SAFE_HOLD, Override: Safe hold mode active
2025-05-28 04:04:14,017 - INFO - [AUDIT] - Action: 0, Confidence: 1.0000, Safety Mode: SAFE_HOLD, Override: Safe hold mode active
2025-05-28 04:04:14,017 - INFO - [AUDIT] - Action: 0, Confidence: 1.0000, Safety Mode: SAFE_HOLD, Override: Safe hold mode active
2025-05-28 04:04:14,017 - INFO - [AUDIT] - Action: 0, Confidence: 1.0000, Safety Mode: SAFE_HOLD, Override: Safe hold mode active
2025-05-28 04:04:14,017 - INFO - [AUDIT] - Action: 0, Confidence: 1.0000, Safety Mode: SAFE_HOLD, Override: Safe hold mode active
2025-05-28 04:04:14,018 - INFO - [AUDIT] - Action: 0, Confidence: 1.0000, Safety Mode: SAFE_HOLD, Override: Safe hold mode active
2025-05-28 04:04:14,018 - INFO - [AUDIT] - Action: 0, Confidence: 1.0000, Safety Mode: SAFE_HOLD, Override: Safe hold mode active
2025-05-28 04:04:14,018 - INFO - [AUDIT] - Action: 0, Confidence: 1.0000, Safety Mode: SAFE_HOLD, Override: Safe hold mode active
2025-05-28 04:04:14,018 - INFO - [AUDIT] - Action: 0, Confidence: 1.0000, Safety Mode: SAFE_HOLD, Override: Safe hold mode active
2025-05-28 04:04:14,018 - INFO - [AUDIT] - Action: 0, Confidence: 1.0000, Safety Mode: SAFE_HOLD, Override: Safe hold mode active
2025-05-28 04:04:14,019 - INFO - [AUDIT] - Action: 0, Confidence: 1.0000, Safety Mode: SAFE_HOLD, Override: Safe hold mode active
2025-05-28 04:04:14,019 - INFO - [AUDIT] - Action: 0, Confidence: 1.0000, Safety Mode: SAFE_HOLD, Override: Safe hold mode active
2025-05-28 04:04:14,019 - INFO - [AUDIT] - Action: 0, Confidence: 1.0000, Safety Mode: SAFE_HOLD, Override: Safe hold mode active
2025-05-28 04:04:14,019 - INFO - [AUDIT] - Action: 0, Confidence: 1.0000, Safety Mode: SAFE_HOLD, Override: Safe hold mode active
2025-05-28 04:04:14,020 - INFO - [AUDIT] - Action: 0, Confidence: 1.0000, Safety Mode: SAFE_HOLD, Override: Safe hold mode active
2025-05-28 04:04:14,020 - INFO - [AUDIT] - Action: 0, Confidence: 1.0000, Safety Mode: SAFE_HOLD, Override: Safe hold mode active
2025-05-28 04:04:14,020 - INFO - [AUDIT] - Action: 0, Confidence: 1.0000, Safety Mode: SAFE_HOLD, Override: Safe hold mode active
2025-05-28 04:04:14,020 - INFO - [AUDIT] - Action: 0, Confidence: 1.0000, Safety Mode: SAFE_HOLD, Override: Safe hold mode active
2025-05-28 04:04:14,020 - INFO - [AUDIT] - Action: 0, Confidence: 1.0000, Safety Mode: SAFE_HOLD, Override: Safe hold mode active
2025-05-28 04:04:14,021 - INFO - [AUDIT] - Action: 0, Confidence: 1.0000, Safety Mode: SAFE_HOLD, Override: Safe hold mode active
2025-05-28 04:04:14,021 - INFO - [AUDIT] - Action: 0, Confidence: 1.0000, Safety Mode: SAFE_HOLD, Override: Safe hold mode active
2025-05-28 04:04:14,021 - INFO - [AUDIT] - Action: 0, Confidence: 1.0000, Safety Mode: SAFE_HOLD, Override: Safe hold mode active
2025-05-28 04:04:14,021 - INFO - [AUDIT] - Action: 0, Confidence: 1.0000, Safety Mode: SAFE_HOLD, Override: Safe hold mode active
2025-05-28 04:04:14,021 - INFO - [AUDIT] - Action: 0, Confidence: 1.0000, Safety Mode: SAFE_HOLD, Override: Safe hold mode active
2025-05-28 04:04:14,022 - INFO - [AUDIT] - Action: 0, Confidence: 1.0000, Safety Mode: SAFE_HOLD, Override: Safe hold mode active
2025-05-28 04:04:14,022 - INFO - [AUDIT] - Action: 0, Confidence: 1.0000, Safety Mode: SAFE_HOLD, Override: Safe hold mode active
2025-05-28 04:04:14,022 - INFO - [AUDIT] - Action: 0, Confidence: 1.0000, Safety Mode: SAFE_HOLD, Override: Safe hold mode active
2025-05-28 04:04:14,022 - INFO - [AUDIT] - Action: 0, Confidence: 1.0000, Safety Mode: SAFE_HOLD, Override: Safe hold mode active
2025-05-28 04:04:14,022 - INFO - [AUDIT] - Action: 0, Confidence: 1.0000, Safety Mode: SAFE_HOLD, Override: Safe hold mode active
2025-05-28 04:04:14,023 - INFO - [AUDIT] - Action: 0, Confidence: 1.0000, Safety Mode: SAFE_HOLD, Override: Safe hold mode active
2025-05-28 04:04:14,023 - INFO - [AUDIT] - Action: 0, Confidence: 1.0000, Safety Mode: SAFE_HOLD, Override: Safe hold mode active
2025-05-28 04:04:14,023 - INFO - [AUDIT] - Action: 0, Confidence: 1.0000, Safety Mode: SAFE_HOLD, Override: Safe hold mode active
2025-05-28 04:04:14,023 - INFO - [AUDIT] - Action: 0, Confidence: 1.0000, Safety Mode: SAFE_HOLD, Override: Safe hold mode active
2025-05-28 04:04:14,023 - INFO - [AUDIT] - Action: 0, Confidence: 1.0000, Safety Mode: SAFE_HOLD, Override: Safe hold mode active
2025-05-28 04:04:14,024 - INFO - [AUDIT] - Action: 0, Confidence: 1.0000, Safety Mode: SAFE_HOLD, Override: Safe hold mode active
2025-05-28 04:04:14,024 - INFO - [AUDIT] - Action: 0, Confidence: 1.0000, Safety Mode: SAFE_HOLD, Override: Safe hold mode active
2025-05-28 04:04:14,024 - INFO - [AUDIT] - Action: 0, Confidence: 1.0000, Safety Mode: SAFE_HOLD, Override: Safe hold mode active
2025-05-28 04:04:14,024 - INFO - [AUDIT] - Action: 0, Confidence: 1.0000, Safety Mode: SAFE_HOLD, Override: Safe hold mode active
2025-05-28 04:04:14,024 - INFO - [AUDIT] - Action: 0, Confidence: 1.0000, Safety Mode: SAFE_HOLD, Override: Safe hold mode active
2025-05-28 04:04:14,024 - INFO - [AUDIT] - Action: 0, Confidence: 1.0000, Safety Mode: SAFE_HOLD, Override: Safe hold mode active
2025-05-28 04:04:14,025 - INFO - [AUDIT] - Action: 0, Confidence: 1.0000, Safety Mode: SAFE_HOLD, Override: Safe hold mode active
2025-05-28 04:04:14,025 - INFO - [AUDIT] - Action: 0, Confidence: 1.0000, Safety Mode: SAFE_HOLD, Override: Safe hold mode active
2025-05-28 04:04:14,025 - INFO - [AUDIT] - Action: 0, Confidence: 1.0000, Safety Mode: SAFE_HOLD, Override: Safe hold mode active
2025-05-28 04:04:14,025 - INFO - [AUDIT] - Action: 0, Confidence: 1.0000, Safety Mode: SAFE_HOLD, Override: Safe hold mode active
2025-05-28 04:04:14,025 - INFO - [AUDIT] - Action: 0, Confidence: 1.0000, Safety Mode: SAFE_HOLD, Override: Safe hold mode active
2025-05-28 04:04:14,026 - INFO - [AUDIT] - Action: 0, Confidence: 1.0000, Safety Mode: SAFE_HOLD, Override: Safe hold mode active
2025-05-28 04:04:14,026 - INFO - [AUDIT] - Action: 0, Confidence: 1.0000, Safety Mode: SAFE_HOLD, Override: Safe hold mode active
2025-05-28 04:04:14,026 - INFO - [AUDIT] - Action: 0, Confidence: 1.0000, Safety Mode: SAFE_HOLD, Override: Safe hold mode active
2025-05-28 04:04:14,026 - INFO - [AUDIT] - Action: 0, Confidence: 1.0000, Safety Mode: SAFE_HOLD, Override: Safe hold mode active
2025-05-28 04:04:14,026 - INFO - [AUDIT] - Action: 0, Confidence: 1.0000, Safety Mode: SAFE_HOLD, Override: Safe hold mode active
2025-05-28 04:04:14,027 - INFO - [AUDIT] - Action: 0, Confidence: 1.0000, Safety Mode: SAFE_HOLD, Override: Safe hold mode active
2025-05-28 04:04:14,027 - INFO - [AUDIT] - Action: 0, Confidence: 1.0000, Safety Mode: SAFE_HOLD, Override: Safe hold mode active
2025-05-28 04:04:14,027 - INFO - [AUDIT] - Action: 0, Confidence: 1.0000, Safety Mode: SAFE_HOLD, Override: Safe hold mode active
2025-05-28 04:04:14,027 - INFO - [AUDIT] - Action: 0, Confidence: 1.0000, Safety Mode: SAFE_HOLD, Override: Safe hold mode active
2025-05-28 04:04:14,027 - INFO - [AUDIT] - Action: 0, Confidence: 1.0000, Safety Mode: SAFE_HOLD, Override: Safe hold mode active
2025-05-28 04:04:14,027 - INFO - [AUDIT] - Action: 0, Confidence: 1.0000, Safety Mode: SAFE_HOLD, Override: Safe hold mode active
2025-05-28 04:04:14,028 - INFO - [AUDIT] - Action: 0, Confidence: 1.0000, Safety Mode: SAFE_HOLD, Override: Safe hold mode active
2025-05-28 04:04:14,028 - INFO - [AUDIT] - Action: 0, Confidence: 1.0000, Safety Mode: SAFE_HOLD, Override: Safe hold mode active
2025-05-28 04:04:14,028 - INFO - [AUDIT] - Action: 0, Confidence: 1.0000, Safety Mode: SAFE_HOLD, Override: Safe hold mode active
2025-05-28 04:04:14,028 - INFO - [AUDIT] - Action: 0, Confidence: 1.0000, Safety Mode: SAFE_HOLD, Override: Safe hold mode active
2025-05-28 04:04:14,028 - INFO - [AUDIT] - Action: 0, Confidence: 1.0000, Safety Mode: SAFE_HOLD, Override: Safe hold mode active
2025-05-28 04:04:14,029 - INFO - [AUDIT] - Action: 0, Confidence: 1.0000, Safety Mode: SAFE_HOLD, Override: Safe hold mode active
2025-05-28 04:04:14,029 - INFO - [AUDIT] - Action: 0, Confidence: 1.0000, Safety Mode: SAFE_HOLD, Override: Safe hold mode active
2025-05-28 04:04:14,029 - INFO - [AUDIT] - Action: 0, Confidence: 1.0000, Safety Mode: SAFE_HOLD, Override: Safe hold mode active
2025-05-28 04:04:14,029 - INFO - [AUDIT] - Action: 0, Confidence: 1.0000, Safety Mode: SAFE_HOLD, Override: Safe hold mode active
2025-05-28 04:04:14,029 - INFO - [AUDIT] - Action: 0, Confidence: 1.0000, Safety Mode: SAFE_HOLD, Override: Safe hold mode active
2025-05-28 04:04:14,030 - INFO - [AUDIT] - Action: 0, Confidence: 1.0000, Safety Mode: SAFE_HOLD, Override: Safe hold mode active
2025-05-28 04:04:14,030 - INFO - [AUDIT] - Action: 0, Confidence: 1.0000, Safety Mode: SAFE_HOLD, Override: Safe hold mode active
2025-05-28 04:04:14,030 - INFO - [AUDIT] - Action: 0, Confidence: 1.0000, Safety Mode: SAFE_HOLD, Override: Safe hold mode active
2025-05-28 04:04:14,030 - INFO - [AUDIT] - Action: 0, Confidence: 1.0000, Safety Mode: SAFE_HOLD, Override: Safe hold mode active
2025-05-28 04:04:14,030 - INFO - [AUDIT] - Action: 0, Confidence: 1.0000, Safety Mode: SAFE_HOLD, Override: Safe hold mode active
2025-05-28 04:04:14,030 - INFO - [AUDIT] - Action: 0, Confidence: 1.0000, Safety Mode: SAFE_HOLD, Override: Safe hold mode active
2025-05-28 04:04:14,031 - INFO - [AUDIT] - Action: 0, Confidence: 1.0000, Safety Mode: SAFE_HOLD, Override: Safe hold mode active
2025-05-28 04:04:14,031 - INFO - [AUDIT] - Action: 0, Confidence: 1.0000, Safety Mode: SAFE_HOLD, Override: Safe hold mode active
2025-05-28 04:04:14,031 - INFO - [AUDIT] - Action: 0, Confidence: 1.0000, Safety Mode: SAFE_HOLD, Override: Safe hold mode active
2025-05-28 04:04:14,031 - INFO - [AUDIT] - Action: 0, Confidence: 1.0000, Safety Mode: SAFE_HOLD, Override: Safe hold mode active
2025-05-28 04:04:14,031 - INFO - [AUDIT] - Action: 0, Confidence: 1.0000, Safety Mode: SAFE_HOLD, Override: Safe hold mode active
2025-05-28 04:04:14,032 - INFO - [AUDIT] - Action: 0, Confidence: 1.0000, Safety Mode: SAFE_HOLD, Override: Safe hold mode active
2025-05-28 04:04:14,032 - INFO - [AUDIT] - Action: 0, Confidence: 1.0000, Safety Mode: SAFE_HOLD, Override: Safe hold mode active
2025-05-28 04:04:14,032 - INFO - [AUDIT] - Action: 0, Confidence: 1.0000, Safety Mode: SAFE_HOLD, Override: Safe hold mode active
2025-05-28 04:04:14,032 - INFO - [AUDIT] - Action: 0, Confidence: 1.0000, Safety Mode: SAFE_HOLD, Override: Safe hold mode active
2025-05-28 04:04:14,032 - INFO - [AUDIT] - Action: 0, Confidence: 1.0000, Safety Mode: SAFE_HOLD, Override: Safe hold mode active
2025-05-28 04:04:14,033 - INFO - [AUDIT] - Action: 0, Confidence: 1.0000, Safety Mode: SAFE_HOLD, Override: Safe hold mode active
2025-05-28 04:04:14,033 - INFO - [AUDIT] - Action: 0, Confidence: 1.0000, Safety Mode: SAFE_HOLD, Override: Safe hold mode active
2025-05-28 04:04:14,033 - INFO - [AUDIT] - Action: 0, Confidence: 1.0000, Safety Mode: SAFE_HOLD, Override: Safe hold mode active
2025-05-28 04:04:14,033 - INFO - [AUDIT] - Action: 0, Confidence: 1.0000, Safety Mode: SAFE_HOLD, Override: Safe hold mode active
2025-05-28 04:04:14,033 - INFO - [AUDIT] - Action: 0, Confidence: 1.0000, Safety Mode: SAFE_HOLD, Override: Safe hold mode active
2025-05-28 04:04:14,034 - INFO - [AUDIT] - Action: 0, Confidence: 1.0000, Safety Mode: SAFE_HOLD, Override: Safe hold mode active
2025-05-28 04:04:14,034 - INFO - [AUDIT] - Action: 0, Confidence: 1.0000, Safety Mode: SAFE_HOLD, Override: Safe hold mode active
2025-05-28 04:04:14,034 - INFO - [AUDIT] - Action: 0, Confidence: 1.0000, Safety Mode: SAFE_HOLD, Override: Safe hold mode active
2025-05-28 04:04:14,034 - INFO - [AUDIT] - Action: 0, Confidence: 1.0000, Safety Mode: SAFE_HOLD, Override: Safe hold mode active
2025-05-28 04:04:14,034 - INFO - [AUDIT] - Action: 0, Confidence: 1.0000, Safety Mode: SAFE_HOLD, Override: Safe hold mode active
2025-05-28 04:04:14,035 - INFO - [AUDIT] - Action: 0, Confidence: 1.0000, Safety Mode: SAFE_HOLD, Override: Safe hold mode active
2025-05-28 04:04:14,035 - INFO - [AUDIT] - Action: 0, Confidence: 1.0000, Safety Mode: SAFE_HOLD, Override: Safe hold mode active
2025-05-28 04:04:14,035 - INFO - [AUDIT] - Action: 0, Confidence: 1.0000, Safety Mode: SAFE_HOLD, Override: Safe hold mode active
2025-05-28 04:04:14,035 - INFO - [AUDIT] - Action: 0, Confidence: 1.0000, Safety Mode: SAFE_HOLD, Override: Safe hold mode active
2025-05-28 04:04:14,036 - INFO - [AUDIT] - Action: 0, Confidence: 1.0000, Safety Mode: SAFE_HOLD, Override: Safe hold mode active
2025-05-28 04:04:14,036 - INFO - [AUDIT] - Action: 0, Confidence: 1.0000, Safety Mode: SAFE_HOLD, Override: Safe hold mode active
2025-05-28 04:04:14,036 - INFO - [AUDIT] - Action: 0, Confidence: 1.0000, Safety Mode: SAFE_HOLD, Override: Safe hold mode active
2025-05-28 04:04:14,036 - INFO - [AUDIT] - Action: 0, Confidence: 1.0000, Safety Mode: SAFE_HOLD, Override: Safe hold mode active
2025-05-28 04:04:14,036 - INFO - [AUDIT] - Action: 0, Confidence: 1.0000, Safety Mode: SAFE_HOLD, Override: Safe hold mode active
2025-05-28 04:04:14,037 - INFO - [AUDIT] - Action: 0, Confidence: 1.0000, Safety Mode: SAFE_HOLD, Override: Safe hold mode active
2025-05-28 04:04:14,037 - INFO - [AUDIT] - Action: 0, Confidence: 1.0000, Safety Mode: SAFE_HOLD, Override: Safe hold mode active
2025-05-28 04:04:14,037 - INFO - [AUDIT] - Action: 0, Confidence: 1.0000, Safety Mode: SAFE_HOLD, Override: Safe hold mode active
2025-05-28 04:04:14,037 - INFO - [AUDIT] - Action: 0, Confidence: 1.0000, Safety Mode: SAFE_HOLD, Override: Safe hold mode active
2025-05-28 04:04:14,037 - INFO - [AUDIT] - Action: 0, Confidence: 1.0000, Safety Mode: SAFE_HOLD, Override: Safe hold mode active
2025-05-28 04:04:14,037 - INFO - [AUDIT] - Action: 0, Confidence: 1.0000, Safety Mode: SAFE_HOLD, Override: Safe hold mode active
2025-05-28 04:04:14,038 - INFO - [AUDIT] - Action: 0, Confidence: 1.0000, Safety Mode: SAFE_HOLD, Override: Safe hold mode active
2025-05-28 04:04:14,038 - INFO - [AUDIT] - Action: 0, Confidence: 1.0000, Safety Mode: SAFE_HOLD, Override: Safe hold mode active
2025-05-28 04:04:14,038 - INFO - [AUDIT] - Action: 0, Confidence: 1.0000, Safety Mode: SAFE_HOLD, Override: Safe hold mode active
2025-05-28 04:04:14,038 - INFO - [AUDIT] - Action: 0, Confidence: 1.0000, Safety Mode: SAFE_HOLD, Override: Safe hold mode active
2025-05-28 04:04:14,038 - INFO - [AUDIT] - Action: 0, Confidence: 1.0000, Safety Mode: SAFE_HOLD, Override: Safe hold mode active
2025-05-28 04:04:14,039 - INFO - [AUDIT] - Action: 0, Confidence: 1.0000, Safety Mode: SAFE_HOLD, Override: Safe hold mode active
2025-05-28 04:04:14,039 - INFO - [AUDIT] - Action: 0, Confidence: 1.0000, Safety Mode: SAFE_HOLD, Override: Safe hold mode active
2025-05-28 04:04:14,039 - INFO - [AUDIT] - Action: 0, Confidence: 1.0000, Safety Mode: SAFE_HOLD, Override: Safe hold mode active
2025-05-28 04:04:14,039 - INFO - [AUDIT] - Action: 0, Confidence: 1.0000, Safety Mode: SAFE_HOLD, Override: Safe hold mode active
2025-05-28 04:04:14,039 - INFO - [AUDIT] - Action: 0, Confidence: 1.0000, Safety Mode: SAFE_HOLD, Override: Safe hold mode active
2025-05-28 04:04:14,040 - INFO - [AUDIT] - Action: 0, Confidence: 1.0000, Safety Mode: SAFE_HOLD, Override: Safe hold mode active
2025-05-28 04:04:14,040 - INFO - [AUDIT] - Action: 0, Confidence: 1.0000, Safety Mode: SAFE_HOLD, Override: Safe hold mode active
2025-05-28 04:04:14,040 - INFO - [AUDIT] - Action: 0, Confidence: 1.0000, Safety Mode: SAFE_HOLD, Override: Safe hold mode active
2025-05-28 04:04:14,040 - INFO - [AUDIT] - Action: 0, Confidence: 1.0000, Safety Mode: SAFE_HOLD, Override: Safe hold mode active
2025-05-28 04:04:14,040 - INFO - [AUDIT] - Action: 0, Confidence: 1.0000, Safety Mode: SAFE_HOLD, Override: Safe hold mode active
2025-05-28 04:04:14,041 - INFO - [AUDIT] - Action: 0, Confidence: 1.0000, Safety Mode: SAFE_HOLD, Override: Safe hold mode active
2025-05-28 04:04:14,041 - INFO - [AUDIT] - Action: 0, Confidence: 1.0000, Safety Mode: SAFE_HOLD, Override: Safe hold mode active
2025-05-28 04:04:14,041 - INFO - [AUDIT] - Action: 0, Confidence: 1.0000, Safety Mode: SAFE_HOLD, Override: Safe hold mode active
2025-05-28 04:04:14,041 - INFO - [AUDIT] - Action: 0, Confidence: 1.0000, Safety Mode: SAFE_HOLD, Override: Safe hold mode active
2025-05-28 04:04:14,041 - INFO - [AUDIT] - Action: 0, Confidence: 1.0000, Safety Mode: SAFE_HOLD, Override: Safe hold mode active
2025-05-28 04:04:14,041 - INFO - [AUDIT] - Action: 0, Confidence: 1.0000, Safety Mode: SAFE_HOLD, Override: Safe hold mode active
2025-05-28 04:04:14,042 - INFO - [AUDIT] - Action: 0, Confidence: 1.0000, Safety Mode: SAFE_HOLD, Override: Safe hold mode active
2025-05-28 04:04:14,042 - INFO - [AUDIT] - Action: 0, Confidence: 1.0000, Safety Mode: SAFE_HOLD, Override: Safe hold mode active
2025-05-28 04:04:14,042 - INFO - [AUDIT] - Action: 0, Confidence: 1.0000, Safety Mode: SAFE_HOLD, Override: Safe hold mode active
2025-05-28 04:04:14,042 - INFO - [AUDIT] - Action: 0, Confidence: 1.0000, Safety Mode: SAFE_HOLD, Override: Safe hold mode active
2025-05-28 04:04:14,042 - INFO - [AUDIT] - Action: 0, Confidence: 1.0000, Safety Mode: SAFE_HOLD, Override: Safe hold mode active
2025-05-28 04:04:14,043 - INFO - [AUDIT] - Action: 0, Confidence: 1.0000, Safety Mode: SAFE_HOLD, Override: Safe hold mode active
2025-05-28 04:04:14,043 - INFO - [AUDIT] - Action: 0, Confidence: 1.0000, Safety Mode: SAFE_HOLD, Override: Safe hold mode active
2025-05-28 04:04:14,043 - INFO - [AUDIT] - Action: 0, Confidence: 1.0000, Safety Mode: SAFE_HOLD, Override: Safe hold mode active
2025-05-28 04:04:14,043 - INFO - [AUDIT] - Action: 0, Confidence: 1.0000, Safety Mode: SAFE_HOLD, Override: Safe hold mode active
2025-05-28 04:04:14,043 - INFO - [AUDIT] - Action: 0, Confidence: 1.0000, Safety Mode: SAFE_HOLD, Override: Safe hold mode active
2025-05-28 04:04:14,044 - INFO - [AUDIT] - Action: 0, Confidence: 1.0000, Safety Mode: SAFE_HOLD, Override: Safe hold mode active
2025-05-28 04:04:14,044 - INFO - [AUDIT] - Action: 0, Confidence: 1.0000, Safety Mode: SAFE_HOLD, Override: Safe hold mode active
2025-05-28 04:04:14,044 - INFO - [AUDIT] - Action: 0, Confidence: 1.0000, Safety Mode: SAFE_HOLD, Override: Safe hold mode active
2025-05-28 04:04:14,044 - INFO - [AUDIT] - Action: 0, Confidence: 1.0000, Safety Mode: SAFE_HOLD, Override: Safe hold mode active
2025-05-28 04:04:14,044 - INFO - [AUDIT] - Action: 0, Confidence: 1.0000, Safety Mode: SAFE_HOLD, Override: Safe hold mode active
2025-05-28 04:04:14,045 - INFO - [AUDIT] - Action: 0, Confidence: 1.0000, Safety Mode: SAFE_HOLD, Override: Safe hold mode active
2025-05-28 04:04:14,045 - INFO - [AUDIT] - Action: 0, Confidence: 1.0000, Safety Mode: SAFE_HOLD, Override: Safe hold mode active
2025-05-28 04:04:14,045 - INFO - [AUDIT] - Action: 0, Confidence: 1.0000, Safety Mode: SAFE_HOLD, Override: Safe hold mode active
2025-05-28 04:04:14,045 - INFO - [AUDIT] - Action: 0, Confidence: 1.0000, Safety Mode: SAFE_HOLD, Override: Safe hold mode active
2025-05-28 04:04:14,045 - INFO - [AUDIT] - Action: 0, Confidence: 1.0000, Safety Mode: SAFE_HOLD, Override: Safe hold mode active
2025-05-28 04:04:14,046 - INFO - [AUDIT] - Action: 0, Confidence: 1.0000, Safety Mode: SAFE_HOLD, Override: Safe hold mode active
2025-05-28 04:04:14,046 - INFO - [AUDIT] - Action: 0, Confidence: 1.0000, Safety Mode: SAFE_HOLD, Override: Safe hold mode active
2025-05-28 04:04:14,046 - INFO - [AUDIT] - Action: 0, Confidence: 1.0000, Safety Mode: SAFE_HOLD, Override: Safe hold mode active
2025-05-28 04:04:14,046 - INFO - [AUDIT] - Action: 0, Confidence: 1.0000, Safety Mode: SAFE_HOLD, Override: Safe hold mode active
2025-05-28 04:04:14,046 - INFO - [AUDIT] - Action: 0, Confidence: 1.0000, Safety Mode: SAFE_HOLD, Override: Safe hold mode active
2025-05-28 04:04:14,047 - INFO - [AUDIT] - Action: 0, Confidence: 1.0000, Safety Mode: SAFE_HOLD, Override: Safe hold mode active
2025-05-28 04:04:14,047 - INFO - [AUDIT] - Action: 0, Confidence: 1.0000, Safety Mode: SAFE_HOLD, Override: Safe hold mode active
2025-05-28 04:04:14,047 - INFO - [AUDIT] - Action: 0, Confidence: 1.0000, Safety Mode: SAFE_HOLD, Override: Safe hold mode active
2025-05-28 04:04:14,047 - INFO - [AUDIT] - Action: 0, Confidence: 1.0000, Safety Mode: SAFE_HOLD, Override: Safe hold mode active
2025-05-28 04:04:14,047 - INFO - [AUDIT] - Action: 0, Confidence: 1.0000, Safety Mode: SAFE_HOLD, Override: Safe hold mode active
2025-05-28 04:04:14,048 - INFO - [AUDIT] - Action: 0, Confidence: 1.0000, Safety Mode: SAFE_HOLD, Override: Safe hold mode active
2025-05-28 04:04:14,048 - INFO - [AUDIT] - Action: 0, Confidence: 1.0000, Safety Mode: SAFE_HOLD, Override: Safe hold mode active
2025-05-28 04:04:14,048 - INFO - [AUDIT] - Action: 0, Confidence: 1.0000, Safety Mode: SAFE_HOLD, Override: Safe hold mode active
2025-05-28 04:04:14,048 - INFO - [AUDIT] - Action: 0, Confidence: 1.0000, Safety Mode: SAFE_HOLD, Override: Safe hold mode active
2025-05-28 04:04:14,048 - INFO - [AUDIT] - Action: 0, Confidence: 1.0000, Safety Mode: SAFE_HOLD, Override: Safe hold mode active
2025-05-28 04:04:14,049 - INFO - [AUDIT] - Action: 0, Confidence: 1.0000, Safety Mode: SAFE_HOLD, Override: Safe hold mode active
2025-05-28 04:04:14,049 - INFO - [AUDIT] - Action: 0, Confidence: 1.0000, Safety Mode: SAFE_HOLD, Override: Safe hold mode active
2025-05-28 04:04:14,049 - INFO - [AUDIT] - Action: 0, Confidence: 1.0000, Safety Mode: SAFE_HOLD, Override: Safe hold mode active
2025-05-28 04:04:14,049 - INFO - [AUDIT] - Action: 0, Confidence: 1.0000, Safety Mode: SAFE_HOLD, Override: Safe hold mode active
2025-05-28 04:04:14,049 - INFO - [AUDIT] - Action: 0, Confidence: 1.0000, Safety Mode: SAFE_HOLD, Override: Safe hold mode active
2025-05-28 04:04:14,049 - INFO - [AUDIT] - Action: 0, Confidence: 1.0000, Safety Mode: SAFE_HOLD, Override: Safe hold mode active
2025-05-28 04:04:14,050 - INFO - [AUDIT] - Action: 0, Confidence: 1.0000, Safety Mode: SAFE_HOLD, Override: Safe hold mode active
2025-05-28 04:04:14,050 - INFO - [AUDIT] - Action: 0, Confidence: 1.0000, Safety Mode: SAFE_HOLD, Override: Safe hold mode active
2025-05-28 04:04:14,050 - INFO - [AUDIT] - Action: 0, Confidence: 1.0000, Safety Mode: SAFE_HOLD, Override: Safe hold mode active
2025-05-28 04:04:14,050 - INFO - [AUDIT] - Action: 0, Confidence: 1.0000, Safety Mode: SAFE_HOLD, Override: Safe hold mode active
2025-05-28 04:04:14,050 - INFO - [AUDIT] - Action: 0, Confidence: 1.0000, Safety Mode: SAFE_HOLD, Override: Safe hold mode active
2025-05-28 04:04:14,051 - INFO - [AUDIT] - Action: 0, Confidence: 1.0000, Safety Mode: SAFE_HOLD, Override: Safe hold mode active
2025-05-28 04:04:14,051 - INFO - [AUDIT] - Action: 0, Confidence: 1.0000, Safety Mode: SAFE_HOLD, Override: Safe hold mode active
2025-05-28 04:04:14,051 - INFO - [AUDIT] - Action: 0, Confidence: 1.0000, Safety Mode: SAFE_HOLD, Override: Safe hold mode active
2025-05-28 04:04:14,051 - INFO - [AUDIT] - Action: 0, Confidence: 1.0000, Safety Mode: SAFE_HOLD, Override: Safe hold mode active
2025-05-28 04:04:14,051 - INFO - [AUDIT] - Action: 0, Confidence: 1.0000, Safety Mode: SAFE_HOLD, Override: Safe hold mode active
2025-05-28 04:04:14,052 - INFO - [AUDIT] - Action: 0, Confidence: 1.0000, Safety Mode: SAFE_HOLD, Override: Safe hold mode active
2025-05-28 04:04:14,052 - INFO - [AUDIT] - Action: 0, Confidence: 1.0000, Safety Mode: SAFE_HOLD, Override: Safe hold mode active
2025-05-28 04:04:14,052 - INFO - [AUDIT] - Action: 0, Confidence: 1.0000, Safety Mode: SAFE_HOLD, Override: Safe hold mode active
2025-05-28 04:04:14,052 - INFO - [AUDIT] - Action: 0, Confidence: 1.0000, Safety Mode: SAFE_HOLD, Override: Safe hold mode active
2025-05-28 04:04:14,052 - INFO - [AUDIT] - Action: 0, Confidence: 1.0000, Safety Mode: SAFE_HOLD, Override: Safe hold mode active
2025-05-28 04:04:14,053 - INFO - [AUDIT] - Action: 0, Confidence: 1.0000, Safety Mode: SAFE_HOLD, Override: Safe hold mode active
2025-05-28 04:04:14,053 - INFO - [AUDIT] - Action: 0, Confidence: 1.0000, Safety Mode: SAFE_HOLD, Override: Safe hold mode active
2025-05-28 04:04:14,053 - INFO - [AUDIT] - Action: 0, Confidence: 1.0000, Safety Mode: SAFE_HOLD, Override: Safe hold mode active
2025-05-28 04:04:14,053 - INFO - [AUDIT] - Action: 0, Confidence: 1.0000, Safety Mode: SAFE_HOLD, Override: Safe hold mode active
2025-05-28 04:04:14,053 - INFO - [AUDIT] - Action: 0, Confidence: 1.0000, Safety Mode: SAFE_HOLD, Override: Safe hold mode active
2025-05-28 04:04:14,054 - INFO - [AUDIT] - Action: 0, Confidence: 1.0000, Safety Mode: SAFE_HOLD, Override: Safe hold mode active
2025-05-28 04:04:14,054 - INFO - [AUDIT] - Action: 0, Confidence: 1.0000, Safety Mode: SAFE_HOLD, Override: Safe hold mode active
2025-05-28 04:04:14,054 - INFO - [AUDIT] - Action: 0, Confidence: 1.0000, Safety Mode: SAFE_HOLD, Override: Safe hold mode active
2025-05-28 04:04:14,054 - INFO - [AUDIT] - Action: 0, Confidence: 1.0000, Safety Mode: SAFE_HOLD, Override: Safe hold mode active
2025-05-28 04:04:14,054 - INFO - [AUDIT] - Action: 0, Confidence: 1.0000, Safety Mode: SAFE_HOLD, Override: Safe hold mode active
2025-05-28 04:04:14,055 - INFO - [AUDIT] - Action: 0, Confidence: 1.0000, Safety Mode: SAFE_HOLD, Override: Safe hold mode active
2025-05-28 04:04:14,055 - INFO - [AUDIT] - Action: 0, Confidence: 1.0000, Safety Mode: SAFE_HOLD, Override: Safe hold mode active
2025-05-28 04:04:14,055 - INFO - [AUDIT] - Action: 0, Confidence: 1.0000, Safety Mode: SAFE_HOLD, Override: Safe hold mode active
2025-05-28 04:04:14,055 - INFO - [AUDIT] - Action: 0, Confidence: 1.0000, Safety Mode: SAFE_HOLD, Override: Safe hold mode active
2025-05-28 04:04:14,055 - INFO - [AUDIT] - Action: 0, Confidence: 1.0000, Safety Mode: SAFE_HOLD, Override: Safe hold mode active
2025-05-28 04:04:14,056 - INFO - [AUDIT] - Action: 0, Confidence: 1.0000, Safety Mode: SAFE_HOLD, Override: Safe hold mode active
2025-05-28 04:04:14,056 - INFO - [AUDIT] - Action: 0, Confidence: 1.0000, Safety Mode: SAFE_HOLD, Override: Safe hold mode active
2025-05-28 04:04:14,056 - INFO - [AUDIT] - Action: 0, Confidence: 1.0000, Safety Mode: SAFE_HOLD, Override: Safe hold mode active
2025-05-28 04:04:14,056 - INFO - [AUDIT] - Action: 0, Confidence: 1.0000, Safety Mode: SAFE_HOLD, Override: Safe hold mode active
2025-05-28 04:04:14,057 - INFO - [AUDIT] - Action: 0, Confidence: 1.0000, Safety Mode: SAFE_HOLD, Override: Safe hold mode active
2025-05-28 04:04:14,057 - INFO - [AUDIT] - Action: 0, Confidence: 1.0000, Safety Mode: SAFE_HOLD, Override: Safe hold mode active
2025-05-28 04:04:14,057 - INFO - [AUDIT] - Action: 0, Confidence: 1.0000, Safety Mode: SAFE_HOLD, Override: Safe hold mode active
2025-05-28 04:04:14,057 - INFO - [AUDIT] - Action: 0, Confidence: 1.0000, Safety Mode: SAFE_HOLD, Override: Safe hold mode active
2025-05-28 04:04:14,057 - INFO - [AUDIT] - Action: 0, Confidence: 1.0000, Safety Mode: SAFE_HOLD, Override: Safe hold mode active
2025-05-28 04:04:14,058 - INFO - [AUDIT] - Action: 0, Confidence: 1.0000, Safety Mode: SAFE_HOLD, Override: Safe hold mode active
2025-05-28 04:04:14,058 - INFO - [AUDIT] - Action: 0, Confidence: 1.0000, Safety Mode: SAFE_HOLD, Override: Safe hold mode active
2025-05-28 04:04:14,058 - INFO - [AUDIT] - Action: 0, Confidence: 1.0000, Safety Mode: SAFE_HOLD, Override: Safe hold mode active
2025-05-28 04:04:14,058 - INFO - [AUDIT] - Action: 0, Confidence: 1.0000, Safety Mode: SAFE_HOLD, Override: Safe hold mode active
2025-05-28 04:04:14,058 - INFO - [AUDIT] - Action: 0, Confidence: 1.0000, Safety Mode: SAFE_HOLD, Override: Safe hold mode active
2025-05-28 04:04:14,059 - INFO - [AUDIT] - Action: 0, Confidence: 1.0000, Safety Mode: SAFE_HOLD, Override: Safe hold mode active
2025-05-28 04:04:14,059 - INFO - [AUDIT] - Action: 0, Confidence: 1.0000, Safety Mode: SAFE_HOLD, Override: Safe hold mode active
2025-05-28 04:04:14,059 - INFO - [AUDIT] - Action: 0, Confidence: 1.0000, Safety Mode: SAFE_HOLD, Override: Safe hold mode active
2025-05-28 04:04:14,059 - INFO - [AUDIT] - Action: 0, Confidence: 1.0000, Safety Mode: SAFE_HOLD, Override: Safe hold mode active
2025-05-28 04:04:14,059 - INFO - [AUDIT] - Action: 0, Confidence: 1.0000, Safety Mode: SAFE_HOLD, Override: Safe hold mode active
2025-05-28 04:04:14,060 - INFO - [AUDIT] - Action: 0, Confidence: 1.0000, Safety Mode: SAFE_HOLD, Override: Safe hold mode active
2025-05-28 04:04:14,060 - INFO - [AUDIT] - Action: 0, Confidence: 1.0000, Safety Mode: SAFE_HOLD, Override: Safe hold mode active
2025-05-28 04:04:14,060 - INFO - [AUDIT] - Action: 0, Confidence: 1.0000, Safety Mode: SAFE_HOLD, Override: Safe hold mode active
2025-05-28 04:04:14,060 - INFO - [AUDIT] - Action: 0, Confidence: 1.0000, Safety Mode: SAFE_HOLD, Override: Safe hold mode active
2025-05-28 04:04:14,060 - INFO - [AUDIT] - Action: 0, Confidence: 1.0000, Safety Mode: SAFE_HOLD, Override: Safe hold mode active
2025-05-28 04:04:14,060 - INFO - [AUDIT] - Action: 0, Confidence: 1.0000, Safety Mode: SAFE_HOLD, Override: Safe hold mode active
2025-05-28 04:04:14,061 - INFO - [AUDIT] - Action: 0, Confidence: 1.0000, Safety Mode: SAFE_HOLD, Override: Safe hold mode active
2025-05-28 04:04:14,061 - INFO - [AUDIT] - Action: 0, Confidence: 1.0000, Safety Mode: SAFE_HOLD, Override: Safe hold mode active
2025-05-28 04:04:14,061 - INFO - [AUDIT] - Action: 0, Confidence: 1.0000, Safety Mode: SAFE_HOLD, Override: Safe hold mode active
2025-05-28 04:04:14,061 - INFO - [AUDIT] - Action: 0, Confidence: 1.0000, Safety Mode: SAFE_HOLD, Override: Safe hold mode active
2025-05-28 04:04:14,061 - INFO - [AUDIT] - Action: 0, Confidence: 1.0000, Safety Mode: SAFE_HOLD, Override: Safe hold mode active
2025-05-28 04:04:14,061 - INFO - [AUDIT] - Action: 0, Confidence: 1.0000, Safety Mode: SAFE_HOLD, Override: Safe hold mode active
2025-05-28 04:04:14,062 - INFO - [AUDIT] - Action: 0, Confidence: 1.0000, Safety Mode: SAFE_HOLD, Override: Safe hold mode active
2025-05-28 04:04:14,062 - INFO - [AUDIT] - Action: 0, Confidence: 1.0000, Safety Mode: SAFE_HOLD, Override: Safe hold mode active
2025-05-28 04:04:14,062 - INFO - [AUDIT] - Action: 0, Confidence: 1.0000, Safety Mode: SAFE_HOLD, Override: Safe hold mode active
2025-05-28 04:04:14,062 - INFO - [AUDIT] - Action: 0, Confidence: 1.0000, Safety Mode: SAFE_HOLD, Override: Safe hold mode active
2025-05-28 04:04:14,062 - INFO - [AUDIT] - Action: 0, Confidence: 1.0000, Safety Mode: SAFE_HOLD, Override: Safe hold mode active
2025-05-28 04:04:14,063 - INFO - [AUDIT] - Action: 0, Confidence: 1.0000, Safety Mode: SAFE_HOLD, Override: Safe hold mode active
2025-05-28 04:04:14,063 - INFO - [AUDIT] - Action: 0, Confidence: 1.0000, Safety Mode: SAFE_HOLD, Override: Safe hold mode active
2025-05-28 04:04:14,063 - INFO - [AUDIT] - Action: 0, Confidence: 1.0000, Safety Mode: SAFE_HOLD, Override: Safe hold mode active
2025-05-28 04:04:14,063 - INFO - [AUDIT] - Action: 0, Confidence: 1.0000, Safety Mode: SAFE_HOLD, Override: Safe hold mode active
2025-05-28 04:04:14,063 - INFO - [AUDIT] - Action: 0, Confidence: 1.0000, Safety Mode: SAFE_HOLD, Override: Safe hold mode active
2025-05-28 04:04:14,063 - INFO - [AUDIT] - Action: 0, Confidence: 1.0000, Safety Mode: SAFE_HOLD, Override: Safe hold mode active
2025-05-28 04:04:14,064 - INFO - [AUDIT] - Action: 0, Confidence: 1.0000, Safety Mode: SAFE_HOLD, Override: Safe hold mode active
2025-05-28 04:04:14,064 - INFO - [AUDIT] - Action: 0, Confidence: 1.0000, Safety Mode: SAFE_HOLD, Override: Safe hold mode active
2025-05-28 04:04:14,064 - INFO - [AUDIT] - Action: 0, Confidence: 1.0000, Safety Mode: SAFE_HOLD, Override: Safe hold mode active
2025-05-28 04:04:14,064 - INFO - [AUDIT] - Action: 0, Confidence: 1.0000, Safety Mode: SAFE_HOLD, Override: Safe hold mode active
2025-05-28 04:04:14,064 - INFO - [AUDIT] - Action: 0, Confidence: 1.0000, Safety Mode: SAFE_HOLD, Override: Safe hold mode active
2025-05-28 04:04:14,065 - INFO - [AUDIT] - Action: 0, Confidence: 1.0000, Safety Mode: SAFE_HOLD, Override: Safe hold mode active
2025-05-28 04:04:14,065 - INFO - [AUDIT] - Action: 0, Confidence: 1.0000, Safety Mode: SAFE_HOLD, Override: Safe hold mode active
2025-05-28 04:04:14,065 - INFO - [AUDIT] - Action: 0, Confidence: 1.0000, Safety Mode: SAFE_HOLD, Override: Safe hold mode active
2025-05-28 04:04:14,065 - INFO - [AUDIT] - Action: 0, Confidence: 1.0000, Safety Mode: SAFE_HOLD, Override: Safe hold mode active
2025-05-28 04:04:14,065 - INFO - [AUDIT] - Action: 0, Confidence: 1.0000, Safety Mode: SAFE_HOLD, Override: Safe hold mode active
2025-05-28 04:04:14,066 - INFO - [AUDIT] - Action: 0, Confidence: 1.0000, Safety Mode: SAFE_HOLD, Override: Safe hold mode active
2025-05-28 04:04:14,066 - INFO - [AUDIT] - Action: 0, Confidence: 1.0000, Safety Mode: SAFE_HOLD, Override: Safe hold mode active
2025-05-28 04:04:14,066 - INFO - [AUDIT] - Action: 0, Confidence: 1.0000, Safety Mode: SAFE_HOLD, Override: Safe hold mode active
2025-05-28 04:04:14,066 - INFO - [AUDIT] - Action: 0, Confidence: 1.0000, Safety Mode: SAFE_HOLD, Override: Safe hold mode active
2025-05-28 04:04:14,066 - INFO - [AUDIT] - Action: 0, Confidence: 1.0000, Safety Mode: SAFE_HOLD, Override: Safe hold mode active
2025-05-28 04:04:14,066 - INFO - [AUDIT] - Action: 0, Confidence: 1.0000, Safety Mode: SAFE_HOLD, Override: Safe hold mode active
2025-05-28 04:04:14,067 - INFO - [AUDIT] - Action: 0, Confidence: 1.0000, Safety Mode: SAFE_HOLD, Override: Safe hold mode active
2025-05-28 04:04:14,067 - INFO - [AUDIT] - Action: 0, Confidence: 1.0000, Safety Mode: SAFE_HOLD, Override: Safe hold mode active
2025-05-28 04:04:14,067 - INFO - [AUDIT] - Action: 0, Confidence: 1.0000, Safety Mode: SAFE_HOLD, Override: Safe hold mode active
2025-05-28 04:04:14,067 - INFO - [AUDIT] - Action: 0, Confidence: 1.0000, Safety Mode: SAFE_HOLD, Override: Safe hold mode active
2025-05-28 04:04:14,067 - INFO - [AUDIT] - Action: 0, Confidence: 1.0000, Safety Mode: SAFE_HOLD, Override: Safe hold mode active
2025-05-28 04:04:14,068 - INFO - [AUDIT] - Action: 0, Confidence: 1.0000, Safety Mode: SAFE_HOLD, Override: Safe hold mode active
2025-05-28 04:04:14,068 - INFO - [AUDIT] - Action: 0, Confidence: 1.0000, Safety Mode: SAFE_HOLD, Override: Safe hold mode active
2025-05-28 04:04:14,068 - INFO - [AUDIT] - Action: 0, Confidence: 1.0000, Safety Mode: SAFE_HOLD, Override: Safe hold mode active
2025-05-28 04:04:14,069 - INFO - [AUDIT] - Action: 0, Confidence: 1.0000, Safety Mode: SAFE_HOLD, Override: Safe hold mode active
2025-05-28 04:04:14,069 - INFO - [AUDIT] - Action: 0, Confidence: 1.0000, Safety Mode: SAFE_HOLD, Override: Safe hold mode active
2025-05-28 04:04:14,069 - INFO - [AUDIT] - Action: 0, Confidence: 1.0000, Safety Mode: SAFE_HOLD, Override: Safe hold mode active
2025-05-28 04:04:14,069 - INFO - [AUDIT] - Action: 0, Confidence: 1.0000, Safety Mode: SAFE_HOLD, Override: Safe hold mode active
2025-05-28 04:04:14,069 - INFO - [AUDIT] - Action: 0, Confidence: 1.0000, Safety Mode: SAFE_HOLD, Override: Safe hold mode active
2025-05-28 04:04:14,070 - INFO - [AUDIT] - Action: 0, Confidence: 1.0000, Safety Mode: SAFE_HOLD, Override: Safe hold mode active
2025-05-28 04:04:14,070 - INFO - [AUDIT] - Action: 0, Confidence: 1.0000, Safety Mode: SAFE_HOLD, Override: Safe hold mode active
2025-05-28 04:04:14,070 - INFO - [AUDIT] - Action: 0, Confidence: 1.0000, Safety Mode: SAFE_HOLD, Override: Safe hold mode active
2025-05-28 04:04:14,070 - INFO - [AUDIT] - Action: 0, Confidence: 1.0000, Safety Mode: SAFE_HOLD, Override: Safe hold mode active
2025-05-28 04:04:14,070 - INFO - [AUDIT] - Action: 0, Confidence: 1.0000, Safety Mode: SAFE_HOLD, Override: Safe hold mode active
2025-05-28 04:04:14,070 - INFO - [AUDIT] - Action: 0, Confidence: 1.0000, Safety Mode: SAFE_HOLD, Override: Safe hold mode active
2025-05-28 04:04:14,071 - INFO - [AUDIT] - Action: 0, Confidence: 1.0000, Safety Mode: SAFE_HOLD, Override: Safe hold mode active
2025-05-28 04:04:14,071 - INFO - [AUDIT] - Action: 0, Confidence: 1.0000, Safety Mode: SAFE_HOLD, Override: Safe hold mode active
2025-05-28 04:04:14,071 - INFO - [AUDIT] - Action: 0, Confidence: 1.0000, Safety Mode: SAFE_HOLD, Override: Safe hold mode active
2025-05-28 04:04:14,071 - INFO - [AUDIT] - Action: 0, Confidence: 1.0000, Safety Mode: SAFE_HOLD, Override: Safe hold mode active
2025-05-28 04:04:14,071 - INFO - [AUDIT] - Action: 0, Confidence: 1.0000, Safety Mode: SAFE_HOLD, Override: Safe hold mode active
2025-05-28 04:04:14,072 - INFO - [AUDIT] - Action: 0, Confidence: 1.0000, Safety Mode: SAFE_HOLD, Override: Safe hold mode active
2025-05-28 04:04:14,072 - INFO - [AUDIT] - Action: 0, Confidence: 1.0000, Safety Mode: SAFE_HOLD, Override: Safe hold mode active
2025-05-28 04:04:14,072 - INFO - [AUDIT] - Action: 0, Confidence: 1.0000, Safety Mode: SAFE_HOLD, Override: Safe hold mode active
2025-05-28 04:04:14,072 - INFO - [AUDIT] - Action: 0, Confidence: 1.0000, Safety Mode: SAFE_HOLD, Override: Safe hold mode active
2025-05-28 04:04:14,072 - INFO - [AUDIT] - Action: 0, Confidence: 1.0000, Safety Mode: SAFE_HOLD, Override: Safe hold mode active
2025-05-28 04:04:14,073 - INFO - [AUDIT] - Action: 0, Confidence: 1.0000, Safety Mode: SAFE_HOLD, Override: Safe hold mode active
2025-05-28 04:04:14,073 - INFO - [AUDIT] - Action: 0, Confidence: 1.0000, Safety Mode: SAFE_HOLD, Override: Safe hold mode active
2025-05-28 04:04:14,073 - INFO - [AUDIT] - Action: 0, Confidence: 1.0000, Safety Mode: SAFE_HOLD, Override: Safe hold mode active
2025-05-28 04:04:14,073 - INFO - [AUDIT] - Action: 0, Confidence: 1.0000, Safety Mode: SAFE_HOLD, Override: Safe hold mode active
2025-05-28 04:04:14,073 - INFO - [AUDIT] - Action: 0, Confidence: 1.0000, Safety Mode: SAFE_HOLD, Override: Safe hold mode active
2025-05-28 04:04:14,073 - INFO - [AUDIT] - Action: 0, Confidence: 1.0000, Safety Mode: SAFE_HOLD, Override: Safe hold mode active
2025-05-28 04:04:14,074 - INFO - [AUDIT] - Action: 0, Confidence: 1.0000, Safety Mode: SAFE_HOLD, Override: Safe hold mode active
2025-05-28 04:04:14,074 - INFO - [AUDIT] - Action: 0, Confidence: 1.0000, Safety Mode: SAFE_HOLD, Override: Safe hold mode active
2025-05-28 04:04:14,074 - INFO - [AUDIT] - Action: 0, Confidence: 1.0000, Safety Mode: SAFE_HOLD, Override: Safe hold mode active
2025-05-28 04:04:14,074 - INFO - [AUDIT] - Action: 0, Confidence: 1.0000, Safety Mode: SAFE_HOLD, Override: Safe hold mode active
2025-05-28 04:04:14,074 - INFO - [AUDIT] - Action: 0, Confidence: 1.0000, Safety Mode: SAFE_HOLD, Override: Safe hold mode active
2025-05-28 04:04:14,075 - INFO - [AUDIT] - Action: 0, Confidence: 1.0000, Safety Mode: SAFE_HOLD, Override: Safe hold mode active
2025-05-28 04:04:14,075 - INFO - [AUDIT] - Action: 0, Confidence: 1.0000, Safety Mode: SAFE_HOLD, Override: Safe hold mode active
2025-05-28 04:04:14,075 - INFO - [AUDIT] - Action: 0, Confidence: 1.0000, Safety Mode: SAFE_HOLD, Override: Safe hold mode active
2025-05-28 04:04:14,075 - INFO - [AUDIT] - Action: 0, Confidence: 1.0000, Safety Mode: SAFE_HOLD, Override: Safe hold mode active
2025-05-28 04:04:14,075 - INFO - [AUDIT] - Action: 0, Confidence: 1.0000, Safety Mode: SAFE_HOLD, Override: Safe hold mode active
2025-05-28 04:04:14,076 - INFO - [AUDIT] - Action: 0, Confidence: 1.0000, Safety Mode: SAFE_HOLD, Override: Safe hold mode active
2025-05-28 04:04:14,076 - INFO - [AUDIT] - Action: 0, Confidence: 1.0000, Safety Mode: SAFE_HOLD, Override: Safe hold mode active
2025-05-28 04:04:14,076 - INFO - [AUDIT] - Action: 0, Confidence: 1.0000, Safety Mode: SAFE_HOLD, Override: Safe hold mode active
2025-05-28 04:04:14,076 - INFO - [AUDIT] - Action: 0, Confidence: 1.0000, Safety Mode: SAFE_HOLD, Override: Safe hold mode active
2025-05-28 04:04:14,076 - INFO - [AUDIT] - Action: 0, Confidence: 1.0000, Safety Mode: SAFE_HOLD, Override: Safe hold mode active
2025-05-28 04:04:14,077 - INFO - [AUDIT] - Action: 0, Confidence: 1.0000, Safety Mode: SAFE_HOLD, Override: Safe hold mode active
2025-05-28 04:04:14,077 - INFO - [AUDIT] - Action: 0, Confidence: 1.0000, Safety Mode: SAFE_HOLD, Override: Safe hold mode active
2025-05-28 04:04:14,077 - INFO - [AUDIT] - Action: 0, Confidence: 1.0000, Safety Mode: SAFE_HOLD, Override: Safe hold mode active
2025-05-28 04:04:14,077 - INFO - [AUDIT] - Action: 0, Confidence: 1.0000, Safety Mode: SAFE_HOLD, Override: Safe hold mode active
2025-05-28 04:04:14,077 - INFO - [AUDIT] - Action: 0, Confidence: 1.0000, Safety Mode: SAFE_HOLD, Override: Safe hold mode active
2025-05-28 04:04:14,077 - INFO - [AUDIT] - Action: 0, Confidence: 1.0000, Safety Mode: SAFE_HOLD, Override: Safe hold mode active
2025-05-28 04:04:14,078 - INFO - [AUDIT] - Action: 0, Confidence: 1.0000, Safety Mode: SAFE_HOLD, Override: Safe hold mode active
2025-05-28 04:04:14,078 - INFO - [AUDIT] - Action: 0, Confidence: 1.0000, Safety Mode: SAFE_HOLD, Override: Safe hold mode active
2025-05-28 04:04:14,078 - INFO - [AUDIT] - Action: 0, Confidence: 1.0000, Safety Mode: SAFE_HOLD, Override: Safe hold mode active
2025-05-28 04:04:14,078 - INFO - [AUDIT] - Action: 0, Confidence: 1.0000, Safety Mode: SAFE_HOLD, Override: Safe hold mode active
2025-05-28 04:04:14,078 - INFO - [AUDIT] - Action: 0, Confidence: 1.0000, Safety Mode: SAFE_HOLD, Override: Safe hold mode active
2025-05-28 04:04:14,079 - INFO - [AUDIT] - Action: 0, Confidence: 1.0000, Safety Mode: SAFE_HOLD, Override: Safe hold mode active
2025-05-28 04:04:14,079 - INFO - [AUDIT] - Action: 0, Confidence: 1.0000, Safety Mode: SAFE_HOLD, Override: Safe hold mode active
2025-05-28 04:04:14,079 - INFO - [AUDIT] - Action: 0, Confidence: 1.0000, Safety Mode: SAFE_HOLD, Override: Safe hold mode active
2025-05-28 04:04:14,079 - INFO - [AUDIT] - Action: 0, Confidence: 1.0000, Safety Mode: SAFE_HOLD, Override: Safe hold mode active
2025-05-28 04:04:14,079 - INFO - [AUDIT] - Action: 0, Confidence: 1.0000, Safety Mode: SAFE_HOLD, Override: Safe hold mode active
2025-05-28 04:04:14,080 - INFO - [AUDIT] - Action: 0, Confidence: 1.0000, Safety Mode: SAFE_HOLD, Override: Safe hold mode active
2025-05-28 04:04:14,080 - INFO - [AUDIT] - Action: 0, Confidence: 1.0000, Safety Mode: SAFE_HOLD, Override: Safe hold mode active
2025-05-28 04:04:14,080 - INFO - [AUDIT] - Action: 0, Confidence: 1.0000, Safety Mode: SAFE_HOLD, Override: Safe hold mode active
2025-05-28 04:04:14,080 - INFO - [AUDIT] - Action: 0, Confidence: 1.0000, Safety Mode: SAFE_HOLD, Override: Safe hold mode active
2025-05-28 04:04:14,080 - INFO - [AUDIT] - Action: 0, Confidence: 1.0000, Safety Mode: SAFE_HOLD, Override: Safe hold mode active
2025-05-28 04:04:14,080 - INFO - [AUDIT] - Action: 0, Confidence: 1.0000, Safety Mode: SAFE_HOLD, Override: Safe hold mode active
2025-05-28 04:04:14,081 - INFO - [AUDIT] - Action: 0, Confidence: 1.0000, Safety Mode: SAFE_HOLD, Override: Safe hold mode active
2025-05-28 04:04:14,081 - INFO - [AUDIT] - Action: 0, Confidence: 1.0000, Safety Mode: SAFE_HOLD, Override: Safe hold mode active
2025-05-28 04:04:14,081 - INFO - [AUDIT] - Action: 0, Confidence: 1.0000, Safety Mode: SAFE_HOLD, Override: Safe hold mode active
2025-05-28 04:04:14,081 - INFO - [AUDIT] - Action: 0, Confidence: 1.0000, Safety Mode: SAFE_HOLD, Override: Safe hold mode active
2025-05-28 04:04:14,081 - INFO - [AUDIT] - Action: 0, Confidence: 1.0000, Safety Mode: SAFE_HOLD, Override: Safe hold mode active
2025-05-28 04:04:14,082 - INFO - [AUDIT] - Action: 0, Confidence: 1.0000, Safety Mode: SAFE_HOLD, Override: Safe hold mode active
2025-05-28 04:04:14,082 - INFO - [AUDIT] - Action: 0, Confidence: 1.0000, Safety Mode: SAFE_HOLD, Override: Safe hold mode active
2025-05-28 04:04:14,082 - INFO - [AUDIT] - Action: 0, Confidence: 1.0000, Safety Mode: SAFE_HOLD, Override: Safe hold mode active
2025-05-28 04:04:14,082 - INFO - [AUDIT] - Action: 0, Confidence: 1.0000, Safety Mode: SAFE_HOLD, Override: Safe hold mode active
2025-05-28 04:04:14,082 - INFO - [AUDIT] - Action: 0, Confidence: 1.0000, Safety Mode: SAFE_HOLD, Override: Safe hold mode active
2025-05-28 04:04:14,502 - INFO - [AUDIT] - Action: 0, Confidence: 1.0000, Safety Mode: SAFE_HOLD, Override: Safe hold mode active
2025-05-28 04:04:14,502 - INFO - [AUDIT] - Action: 0, Confidence: 1.0000, Safety Mode: SAFE_HOLD, Override: Safe hold mode active
2025-05-28 04:04:14,503 - INFO - [AUDIT] - Action: 0, Confidence: 1.0000, Safety Mode: SAFE_HOLD, Override: Safe hold mode active
2025-05-28 04:04:14,503 - INFO - [AUDIT] - Action: 0, Confidence: 1.0000, Safety Mode: SAFE_HOLD, Override: Safe hold mode active
2025-05-28 04:04:14,503 - INFO - [AUDIT] - Action: 0, Confidence: 1.0000, Safety Mode: SAFE_HOLD, Override: Safe hold mode active
2025-05-28 04:04:14,503 - INFO - [AUDIT] - Action: 0, Confidence: 1.0000, Safety Mode: SAFE_HOLD, Override: Safe hold mode active
2025-05-28 04:04:14,504 - INFO - [AUDIT] - Action: 0, Confidence: 1.0000, Safety Mode: SAFE_HOLD, Override: Safe hold mode active
2025-05-28 04:04:14,504 - INFO - [AUDIT] - Action: 0, Confidence: 1.0000, Safety Mode: SAFE_HOLD, Override: Safe hold mode active
2025-05-28 04:04:14,504 - INFO - [AUDIT] - Action: 0, Confidence: 1.0000, Safety Mode: SAFE_HOLD, Override: Safe hold mode active
2025-05-28 04:04:14,504 - INFO - [AUDIT] - Action: 0, Confidence: 1.0000, Safety Mode: SAFE_HOLD, Override: Safe hold mode active
2025-05-28 04:04:14,504 - INFO - [AUDIT] - Action: 0, Confidence: 1.0000, Safety Mode: SAFE_HOLD, Override: Safe hold mode active
2025-05-28 04:04:14,505 - INFO - [AUDIT] - Action: 0, Confidence: 1.0000, Safety Mode: SAFE_HOLD, Override: Safe hold mode active
2025-05-28 04:04:14,505 - INFO - [AUDIT] - Action: 0, Confidence: 1.0000, Safety Mode: SAFE_HOLD, Override: Safe hold mode active
2025-05-28 04:04:14,505 - INFO - [AUDIT] - Action: 0, Confidence: 1.0000, Safety Mode: SAFE_HOLD, Override: Safe hold mode active
2025-05-28 04:04:14,505 - INFO - [AUDIT] - Action: 0, Confidence: 1.0000, Safety Mode: SAFE_HOLD, Override: Safe hold mode active
2025-05-28 04:04:14,505 - INFO - [AUDIT] - Action: 0, Confidence: 1.0000, Safety Mode: SAFE_HOLD, Override: Safe hold mode active
2025-05-28 04:04:14,506 - INFO - [AUDIT] - Action: 0, Confidence: 1.0000, Safety Mode: SAFE_HOLD, Override: Safe hold mode active
2025-05-28 04:04:14,506 - INFO - [AUDIT] - Action: 0, Confidence: 1.0000, Safety Mode: SAFE_HOLD, Override: Safe hold mode active
2025-05-28 04:04:14,506 - INFO - [AUDIT] - Action: 0, Confidence: 1.0000, Safety Mode: SAFE_HOLD, Override: Safe hold mode active
2025-05-28 04:04:14,506 - INFO - [AUDIT] - Action: 0, Confidence: 1.0000, Safety Mode: SAFE_HOLD, Override: Safe hold mode active
2025-05-28 04:04:14,506 - INFO - [AUDIT] - Action: 0, Confidence: 1.0000, Safety Mode: SAFE_HOLD, Override: Safe hold mode active
2025-05-28 04:04:14,507 - INFO - [AUDIT] - Action: 0, Confidence: 1.0000, Safety Mode: SAFE_HOLD, Override: Safe hold mode active
2025-05-28 04:04:14,507 - INFO - [AUDIT] - Action: 0, Confidence: 1.0000, Safety Mode: SAFE_HOLD, Override: Safe hold mode active
2025-05-28 04:04:14,507 - INFO - [AUDIT] - Action: 0, Confidence: 1.0000, Safety Mode: SAFE_HOLD, Override: Safe hold mode active
2025-05-28 04:04:14,507 - INFO - [AUDIT] - Action: 0, Confidence: 1.0000, Safety Mode: SAFE_HOLD, Override: Safe hold mode active
2025-05-28 04:04:14,507 - INFO - [AUDIT] - Action: 0, Confidence: 1.0000, Safety Mode: SAFE_HOLD, Override: Safe hold mode active
2025-05-28 04:04:14,508 - INFO - [AUDIT] - Action: 0, Confidence: 1.0000, Safety Mode: SAFE_HOLD, Override: Safe hold mode active
2025-05-28 04:04:14,508 - INFO - [AUDIT] - Action: 0, Confidence: 1.0000, Safety Mode: SAFE_HOLD, Override: Safe hold mode active
2025-05-28 04:04:14,508 - INFO - [AUDIT] - Action: 0, Confidence: 1.0000, Safety Mode: SAFE_HOLD, Override: Safe hold mode active
2025-05-28 04:04:14,508 - INFO - [AUDIT] - Action: 0, Confidence: 1.0000, Safety Mode: SAFE_HOLD, Override: Safe hold mode active
2025-05-28 04:04:14,508 - INFO - [AUDIT] - Action: 0, Confidence: 1.0000, Safety Mode: SAFE_HOLD, Override: Safe hold mode active
2025-05-28 04:04:14,509 - INFO - [AUDIT] - Action: 0, Confidence: 1.0000, Safety Mode: SAFE_HOLD, Override: Safe hold mode active
2025-05-28 04:04:14,509 - INFO - [AUDIT] - Action: 0, Confidence: 1.0000, Safety Mode: SAFE_HOLD, Override: Safe hold mode active
2025-05-28 04:04:14,509 - INFO - [AUDIT] - Action: 0, Confidence: 1.0000, Safety Mode: SAFE_HOLD, Override: Safe hold mode active
2025-05-28 04:04:14,509 - INFO - [AUDIT] - Action: 0, Confidence: 1.0000, Safety Mode: SAFE_HOLD, Override: Safe hold mode active
2025-05-28 04:04:14,509 - INFO - [AUDIT] - Action: 0, Confidence: 1.0000, Safety Mode: SAFE_HOLD, Override: Safe hold mode active
2025-05-28 04:04:14,510 - INFO - [AUDIT] - Action: 0, Confidence: 1.0000, Safety Mode: SAFE_HOLD, Override: Safe hold mode active
2025-05-28 04:04:14,510 - INFO - [AUDIT] - Action: 0, Confidence: 1.0000, Safety Mode: SAFE_HOLD, Override: Safe hold mode active
2025-05-28 04:04:14,510 - INFO - [AUDIT] - Action: 0, Confidence: 1.0000, Safety Mode: SAFE_HOLD, Override: Safe hold mode active
2025-05-28 04:04:14,510 - INFO - [AUDIT] - Action: 0, Confidence: 1.0000, Safety Mode: SAFE_HOLD, Override: Safe hold mode active
2025-05-28 04:04:14,510 - INFO - [AUDIT] - Action: 0, Confidence: 1.0000, Safety Mode: SAFE_HOLD, Override: Safe hold mode active
2025-05-28 04:04:14,511 - INFO - [AUDIT] - Action: 0, Confidence: 1.0000, Safety Mode: SAFE_HOLD, Override: Safe hold mode active
2025-05-28 04:04:14,511 - INFO - [AUDIT] - Action: 0, Confidence: 1.0000, Safety Mode: SAFE_HOLD, Override: Safe hold mode active
2025-05-28 04:04:14,511 - INFO - [AUDIT] - Action: 0, Confidence: 1.0000, Safety Mode: SAFE_HOLD, Override: Safe hold mode active
2025-05-28 04:04:14,511 - INFO - [AUDIT] - Action: 0, Confidence: 1.0000, Safety Mode: SAFE_HOLD, Override: Safe hold mode active
2025-05-28 04:04:14,511 - INFO - [AUDIT] - Action: 0, Confidence: 1.0000, Safety Mode: SAFE_HOLD, Override: Safe hold mode active
2025-05-28 04:04:14,512 - INFO - [AUDIT] - Action: 0, Confidence: 1.0000, Safety Mode: SAFE_HOLD, Override: Safe hold mode active
2025-05-28 04:04:14,512 - INFO - [AUDIT] - Action: 0, Confidence: 1.0000, Safety Mode: SAFE_HOLD, Override: Safe hold mode active
2025-05-28 04:04:14,512 - INFO - [AUDIT] - Action: 0, Confidence: 1.0000, Safety Mode: SAFE_HOLD, Override: Safe hold mode active
2025-05-28 04:04:14,512 - INFO - [AUDIT] - Action: 0, Confidence: 1.0000, Safety Mode: SAFE_HOLD, Override: Safe hold mode active
2025-05-28 04:04:14,512 - INFO - [AUDIT] - Action: 0, Confidence: 1.0000, Safety Mode: SAFE_HOLD, Override: Safe hold mode active
2025-05-28 04:04:14,513 - INFO - [AUDIT] - Action: 0, Confidence: 1.0000, Safety Mode: SAFE_HOLD, Override: Safe hold mode active
2025-05-28 04:04:14,513 - INFO - [AUDIT] - Action: 0, Confidence: 1.0000, Safety Mode: SAFE_HOLD, Override: Safe hold mode active
2025-05-28 04:04:14,513 - INFO - [AUDIT] - Action: 0, Confidence: 1.0000, Safety Mode: SAFE_HOLD, Override: Safe hold mode active
2025-05-28 04:04:14,513 - INFO - [AUDIT] - Action: 0, Confidence: 1.0000, Safety Mode: SAFE_HOLD, Override: Safe hold mode active
2025-05-28 04:04:14,513 - INFO - [AUDIT] - Action: 0, Confidence: 1.0000, Safety Mode: SAFE_HOLD, Override: Safe hold mode active
2025-05-28 04:04:14,514 - INFO - [AUDIT] - Action: 0, Confidence: 1.0000, Safety Mode: SAFE_HOLD, Override: Safe hold mode active
2025-05-28 04:04:14,514 - INFO - [AUDIT] - Action: 0, Confidence: 1.0000, Safety Mode: SAFE_HOLD, Override: Safe hold mode active
2025-05-28 04:04:14,514 - INFO - [AUDIT] - Action: 0, Confidence: 1.0000, Safety Mode: SAFE_HOLD, Override: Safe hold mode active
2025-05-28 04:04:14,514 - INFO - [AUDIT] - Action: 0, Confidence: 1.0000, Safety Mode: SAFE_HOLD, Override: Safe hold mode active
2025-05-28 04:04:14,514 - INFO - [AUDIT] - Action: 0, Confidence: 1.0000, Safety Mode: SAFE_HOLD, Override: Safe hold mode active
2025-05-28 04:04:14,515 - INFO - [AUDIT] - Action: 0, Confidence: 1.0000, Safety Mode: SAFE_HOLD, Override: Safe hold mode active
2025-05-28 04:04:14,515 - INFO - [AUDIT] - Action: 0, Confidence: 1.0000, Safety Mode: SAFE_HOLD, Override: Safe hold mode active
2025-05-28 04:04:14,515 - INFO - [AUDIT] - Action: 0, Confidence: 1.0000, Safety Mode: SAFE_HOLD, Override: Safe hold mode active
2025-05-28 04:04:14,515 - INFO - [AUDIT] - Action: 0, Confidence: 1.0000, Safety Mode: SAFE_HOLD, Override: Safe hold mode active
2025-05-28 04:04:14,515 - INFO - [AUDIT] - Action: 0, Confidence: 1.0000, Safety Mode: SAFE_HOLD, Override: Safe hold mode active
2025-05-28 04:04:14,516 - INFO - [AUDIT] - Action: 0, Confidence: 1.0000, Safety Mode: SAFE_HOLD, Override: Safe hold mode active
2025-05-28 04:04:14,516 - INFO - [AUDIT] - Action: 0, Confidence: 1.0000, Safety Mode: SAFE_HOLD, Override: Safe hold mode active
2025-05-28 04:04:14,516 - INFO - [AUDIT] - Action: 0, Confidence: 1.0000, Safety Mode: SAFE_HOLD, Override: Safe hold mode active
2025-05-28 04:04:14,516 - INFO - [AUDIT] - Action: 0, Confidence: 1.0000, Safety Mode: SAFE_HOLD, Override: Safe hold mode active
2025-05-28 04:04:14,516 - INFO - [AUDIT] - Action: 0, Confidence: 1.0000, Safety Mode: SAFE_HOLD, Override: Safe hold mode active
2025-05-28 04:04:14,517 - INFO - [AUDIT] - Action: 0, Confidence: 1.0000, Safety Mode: SAFE_HOLD, Override: Safe hold mode active
2025-05-28 04:04:14,517 - INFO - [AUDIT] - Action: 0, Confidence: 1.0000, Safety Mode: SAFE_HOLD, Override: Safe hold mode active
2025-05-28 04:04:14,517 - INFO - [AUDIT] - Action: 0, Confidence: 1.0000, Safety Mode: SAFE_HOLD, Override: Safe hold mode active
2025-05-28 04:04:14,517 - INFO - [AUDIT] - Action: 0, Confidence: 1.0000, Safety Mode: SAFE_HOLD, Override: Safe hold mode active
2025-05-28 04:04:14,517 - INFO - [AUDIT] - Action: 0, Confidence: 1.0000, Safety Mode: SAFE_HOLD, Override: Safe hold mode active
2025-05-28 04:04:14,518 - INFO - [AUDIT] - Action: 0, Confidence: 1.0000, Safety Mode: SAFE_HOLD, Override: Safe hold mode active
2025-05-28 04:04:14,518 - INFO - [AUDIT] - Action: 0, Confidence: 1.0000, Safety Mode: SAFE_HOLD, Override: Safe hold mode active
2025-05-28 04:04:14,518 - INFO - [AUDIT] - Action: 0, Confidence: 1.0000, Safety Mode: SAFE_HOLD, Override: Safe hold mode active
2025-05-28 04:04:14,518 - INFO - [AUDIT] - Action: 0, Confidence: 1.0000, Safety Mode: SAFE_HOLD, Override: Safe hold mode active
2025-05-28 04:04:14,518 - INFO - [AUDIT] - Action: 0, Confidence: 1.0000, Safety Mode: SAFE_HOLD, Override: Safe hold mode active
2025-05-28 04:04:14,519 - INFO - [AUDIT] - Action: 0, Confidence: 1.0000, Safety Mode: SAFE_HOLD, Override: Safe hold mode active
2025-05-28 04:04:14,519 - INFO - [AUDIT] - Action: 0, Confidence: 1.0000, Safety Mode: SAFE_HOLD, Override: Safe hold mode active
2025-05-28 04:04:14,519 - INFO - [AUDIT] - Action: 0, Confidence: 1.0000, Safety Mode: SAFE_HOLD, Override: Safe hold mode active
2025-05-28 04:04:14,520 - INFO - [AUDIT] - Action: 0, Confidence: 1.0000, Safety Mode: SAFE_HOLD, Override: Safe hold mode active
2025-05-28 04:04:14,520 - INFO - [AUDIT] - Action: 0, Confidence: 1.0000, Safety Mode: SAFE_HOLD, Override: Safe hold mode active
2025-05-28 04:04:14,520 - INFO - [AUDIT] - Action: 0, Confidence: 1.0000, Safety Mode: SAFE_HOLD, Override: Safe hold mode active
2025-05-28 04:04:14,520 - INFO - [AUDIT] - Action: 0, Confidence: 1.0000, Safety Mode: SAFE_HOLD, Override: Safe hold mode active
2025-05-28 04:04:14,520 - INFO - [AUDIT] - Action: 0, Confidence: 1.0000, Safety Mode: SAFE_HOLD, Override: Safe hold mode active
2025-05-28 04:04:14,521 - INFO - [AUDIT] - Action: 0, Confidence: 1.0000, Safety Mode: SAFE_HOLD, Override: Safe hold mode active
2025-05-28 04:04:14,521 - INFO - [AUDIT] - Action: 0, Confidence: 1.0000, Safety Mode: SAFE_HOLD, Override: Safe hold mode active
2025-05-28 04:04:14,521 - INFO - [AUDIT] - Action: 0, Confidence: 1.0000, Safety Mode: SAFE_HOLD, Override: Safe hold mode active
2025-05-28 04:04:14,521 - INFO - [AUDIT] - Action: 0, Confidence: 1.0000, Safety Mode: SAFE_HOLD, Override: Safe hold mode active
2025-05-28 04:04:14,521 - INFO - [AUDIT] - Action: 0, Confidence: 1.0000, Safety Mode: SAFE_HOLD, Override: Safe hold mode active
2025-05-28 04:04:14,522 - INFO - [AUDIT] - Action: 0, Confidence: 1.0000, Safety Mode: SAFE_HOLD, Override: Safe hold mode active
2025-05-28 04:04:14,522 - INFO - [AUDIT] - Action: 0, Confidence: 1.0000, Safety Mode: SAFE_HOLD, Override: Safe hold mode active
2025-05-28 04:04:14,522 - INFO - [AUDIT] - Action: 0, Confidence: 1.0000, Safety Mode: SAFE_HOLD, Override: Safe hold mode active
2025-05-28 04:04:14,522 - INFO - [AUDIT] - Action: 0, Confidence: 1.0000, Safety Mode: SAFE_HOLD, Override: Safe hold mode active
2025-05-28 04:04:14,522 - INFO - [AUDIT] - Action: 0, Confidence: 1.0000, Safety Mode: SAFE_HOLD, Override: Safe hold mode active
2025-05-28 04:04:14,523 - INFO - [AUDIT] - Action: 0, Confidence: 1.0000, Safety Mode: SAFE_HOLD, Override: Safe hold mode active
2025-05-28 04:04:14,523 - INFO - [AUDIT] - Action: 0, Confidence: 1.0000, Safety Mode: SAFE_HOLD, Override: Safe hold mode active
2025-05-28 04:04:14,523 - INFO - [AUDIT] - Action: 0, Confidence: 1.0000, Safety Mode: SAFE_HOLD, Override: Safe hold mode active
2025-05-28 04:04:14,523 - INFO - [AUDIT] - Action: 0, Confidence: 1.0000, Safety Mode: SAFE_HOLD, Override: Safe hold mode active
2025-05-28 04:04:14,523 - INFO - [AUDIT] - Action: 0, Confidence: 1.0000, Safety Mode: SAFE_HOLD, Override: Safe hold mode active
2025-05-28 04:04:14,524 - INFO - [AUDIT] - Action: 0, Confidence: 1.0000, Safety Mode: SAFE_HOLD, Override: Safe hold mode active
2025-05-28 04:04:14,524 - INFO - [AUDIT] - Action: 0, Confidence: 1.0000, Safety Mode: SAFE_HOLD, Override: Safe hold mode active
2025-05-28 04:04:14,524 - INFO - [AUDIT] - Action: 0, Confidence: 1.0000, Safety Mode: SAFE_HOLD, Override: Safe hold mode active
2025-05-28 04:04:14,524 - INFO - [AUDIT] - Action: 0, Confidence: 1.0000, Safety Mode: SAFE_HOLD, Override: Safe hold mode active
2025-05-28 04:04:14,524 - INFO - [AUDIT] - Action: 0, Confidence: 1.0000, Safety Mode: SAFE_HOLD, Override: Safe hold mode active
2025-05-28 04:04:14,525 - INFO - [AUDIT] - Action: 0, Confidence: 1.0000, Safety Mode: SAFE_HOLD, Override: Safe hold mode active
2025-05-28 04:04:14,525 - INFO - [AUDIT] - Action: 0, Confidence: 1.0000, Safety Mode: SAFE_HOLD, Override: Safe hold mode active
2025-05-28 04:04:14,525 - INFO - [AUDIT] - Action: 0, Confidence: 1.0000, Safety Mode: SAFE_HOLD, Override: Safe hold mode active
2025-05-28 04:04:14,525 - INFO - [AUDIT] - Action: 0, Confidence: 1.0000, Safety Mode: SAFE_HOLD, Override: Safe hold mode active
2025-05-28 04:04:14,525 - INFO - [AUDIT] - Action: 0, Confidence: 1.0000, Safety Mode: SAFE_HOLD, Override: Safe hold mode active
2025-05-28 04:04:14,526 - INFO - [AUDIT] - Action: 0, Confidence: 1.0000, Safety Mode: SAFE_HOLD, Override: Safe hold mode active
2025-05-28 04:04:14,526 - INFO - [AUDIT] - Action: 0, Confidence: 1.0000, Safety Mode: SAFE_HOLD, Override: Safe hold mode active
2025-05-28 04:04:14,526 - INFO - [AUDIT] - Action: 0, Confidence: 1.0000, Safety Mode: SAFE_HOLD, Override: Safe hold mode active
2025-05-28 04:04:14,526 - INFO - [AUDIT] - Action: 0, Confidence: 1.0000, Safety Mode: SAFE_HOLD, Override: Safe hold mode active
2025-05-28 04:04:14,526 - INFO - [AUDIT] - Action: 0, Confidence: 1.0000, Safety Mode: SAFE_HOLD, Override: Safe hold mode active
2025-05-28 04:04:14,527 - INFO - [AUDIT] - Action: 0, Confidence: 1.0000, Safety Mode: SAFE_HOLD, Override: Safe hold mode active
2025-05-28 04:04:14,527 - INFO - [AUDIT] - Action: 0, Confidence: 1.0000, Safety Mode: SAFE_HOLD, Override: Safe hold mode active
2025-05-28 04:04:14,527 - INFO - [AUDIT] - Action: 0, Confidence: 1.0000, Safety Mode: SAFE_HOLD, Override: Safe hold mode active
2025-05-28 04:04:14,527 - INFO - [AUDIT] - Action: 0, Confidence: 1.0000, Safety Mode: SAFE_HOLD, Override: Safe hold mode active
2025-05-28 04:04:14,527 - INFO - [AUDIT] - Action: 0, Confidence: 1.0000, Safety Mode: SAFE_HOLD, Override: Safe hold mode active
2025-05-28 04:04:14,528 - INFO - [AUDIT] - Action: 0, Confidence: 1.0000, Safety Mode: SAFE_HOLD, Override: Safe hold mode active
2025-05-28 04:04:14,528 - INFO - [AUDIT] - Action: 0, Confidence: 1.0000, Safety Mode: SAFE_HOLD, Override: Safe hold mode active
2025-05-28 04:04:14,528 - INFO - [AUDIT] - Action: 0, Confidence: 1.0000, Safety Mode: SAFE_HOLD, Override: Safe hold mode active
2025-05-28 04:04:14,528 - INFO - [AUDIT] - Action: 0, Confidence: 1.0000, Safety Mode: SAFE_HOLD, Override: Safe hold mode active
2025-05-28 04:04:14,528 - INFO - [AUDIT] - Action: 0, Confidence: 1.0000, Safety Mode: SAFE_HOLD, Override: Safe hold mode active
2025-05-28 04:04:14,529 - INFO - [AUDIT] - Action: 0, Confidence: 1.0000, Safety Mode: SAFE_HOLD, Override: Safe hold mode active
2025-05-28 04:04:14,529 - INFO - [AUDIT] - Action: 0, Confidence: 1.0000, Safety Mode: SAFE_HOLD, Override: Safe hold mode active
2025-05-28 04:04:14,529 - INFO - [AUDIT] - Action: 0, Confidence: 1.0000, Safety Mode: SAFE_HOLD, Override: Safe hold mode active
2025-05-28 04:04:14,529 - INFO - [AUDIT] - Action: 0, Confidence: 1.0000, Safety Mode: SAFE_HOLD, Override: Safe hold mode active
2025-05-28 04:04:14,529 - INFO - [AUDIT] - Action: 0, Confidence: 1.0000, Safety Mode: SAFE_HOLD, Override: Safe hold mode active
2025-05-28 04:04:14,530 - INFO - [AUDIT] - Action: 0, Confidence: 1.0000, Safety Mode: SAFE_HOLD, Override: Safe hold mode active
2025-05-28 04:04:14,530 - INFO - [AUDIT] - Action: 0, Confidence: 1.0000, Safety Mode: SAFE_HOLD, Override: Safe hold mode active
2025-05-28 04:04:14,530 - INFO - [AUDIT] - Action: 0, Confidence: 1.0000, Safety Mode: SAFE_HOLD, Override: Safe hold mode active
2025-05-28 04:04:14,530 - INFO - [AUDIT] - Action: 0, Confidence: 1.0000, Safety Mode: SAFE_HOLD, Override: Safe hold mode active
2025-05-28 04:04:14,530 - INFO - [AUDIT] - Action: 0, Confidence: 1.0000, Safety Mode: SAFE_HOLD, Override: Safe hold mode active
2025-05-28 04:04:14,531 - INFO - [AUDIT] - Action: 0, Confidence: 1.0000, Safety Mode: SAFE_HOLD, Override: Safe hold mode active
2025-05-28 04:04:14,531 - INFO - [AUDIT] - Action: 0, Confidence: 1.0000, Safety Mode: SAFE_HOLD, Override: Safe hold mode active
2025-05-28 04:04:14,531 - INFO - [AUDIT] - Action: 0, Confidence: 1.0000, Safety Mode: SAFE_HOLD, Override: Safe hold mode active
2025-05-28 04:04:14,531 - INFO - [AUDIT] - Action: 0, Confidence: 1.0000, Safety Mode: SAFE_HOLD, Override: Safe hold mode active
2025-05-28 04:04:14,531 - INFO - [AUDIT] - Action: 0, Confidence: 1.0000, Safety Mode: SAFE_HOLD, Override: Safe hold mode active
2025-05-28 04:04:14,532 - INFO - [AUDIT] - Action: 0, Confidence: 1.0000, Safety Mode: SAFE_HOLD, Override: Safe hold mode active
2025-05-28 04:04:14,532 - INFO - [AUDIT] - Action: 0, Confidence: 1.0000, Safety Mode: SAFE_HOLD, Override: Safe hold mode active
2025-05-28 04:04:14,532 - INFO - [AUDIT] - Action: 0, Confidence: 1.0000, Safety Mode: SAFE_HOLD, Override: Safe hold mode active
2025-05-28 04:04:14,532 - INFO - [AUDIT] - Action: 0, Confidence: 1.0000, Safety Mode: SAFE_HOLD, Override: Safe hold mode active
2025-05-28 04:04:14,532 - INFO - [AUDIT] - Action: 0, Confidence: 1.0000, Safety Mode: SAFE_HOLD, Override: Safe hold mode active
2025-05-28 04:04:14,533 - INFO - [AUDIT] - Action: 0, Confidence: 1.0000, Safety Mode: SAFE_HOLD, Override: Safe hold mode active
2025-05-28 04:04:14,533 - INFO - [AUDIT] - Action: 0, Confidence: 1.0000, Safety Mode: SAFE_HOLD, Override: Safe hold mode active
2025-05-28 04:04:14,533 - INFO - [AUDIT] - Action: 0, Confidence: 1.0000, Safety Mode: SAFE_HOLD, Override: Safe hold mode active
2025-05-28 04:04:14,533 - INFO - [AUDIT] - Action: 0, Confidence: 1.0000, Safety Mode: SAFE_HOLD, Override: Safe hold mode active
2025-05-28 04:04:14,533 - INFO - [AUDIT] - Action: 0, Confidence: 1.0000, Safety Mode: SAFE_HOLD, Override: Safe hold mode active
2025-05-28 04:04:14,533 - INFO - [AUDIT] - Action: 0, Confidence: 1.0000, Safety Mode: SAFE_HOLD, Override: Safe hold mode active
2025-05-28 04:04:14,534 - INFO - [AUDIT] - Action: 0, Confidence: 1.0000, Safety Mode: SAFE_HOLD, Override: Safe hold mode active
2025-05-28 04:04:14,534 - INFO - [AUDIT] - Action: 0, Confidence: 1.0000, Safety Mode: SAFE_HOLD, Override: Safe hold mode active
2025-05-28 04:04:14,534 - INFO - [AUDIT] - Action: 0, Confidence: 1.0000, Safety Mode: SAFE_HOLD, Override: Safe hold mode active
2025-05-28 04:04:14,534 - INFO - [AUDIT] - Action: 0, Confidence: 1.0000, Safety Mode: SAFE_HOLD, Override: Safe hold mode active
2025-05-28 04:04:14,534 - INFO - [AUDIT] - Action: 0, Confidence: 1.0000, Safety Mode: SAFE_HOLD, Override: Safe hold mode active
2025-05-28 04:04:14,535 - INFO - [AUDIT] - Action: 0, Confidence: 1.0000, Safety Mode: SAFE_HOLD, Override: Safe hold mode active
2025-05-28 04:04:14,535 - INFO - [AUDIT] - Action: 0, Confidence: 1.0000, Safety Mode: SAFE_HOLD, Override: Safe hold mode active
2025-05-28 04:04:14,535 - INFO - [AUDIT] - Action: 0, Confidence: 1.0000, Safety Mode: SAFE_HOLD, Override: Safe hold mode active
2025-05-28 04:04:14,535 - INFO - [AUDIT] - Action: 0, Confidence: 1.0000, Safety Mode: SAFE_HOLD, Override: Safe hold mode active
2025-05-28 04:04:14,536 - INFO - [AUDIT] - Action: 0, Confidence: 1.0000, Safety Mode: SAFE_HOLD, Override: Safe hold mode active
2025-05-28 04:04:14,536 - INFO - [AUDIT] - Action: 0, Confidence: 1.0000, Safety Mode: SAFE_HOLD, Override: Safe hold mode active
2025-05-28 04:04:14,536 - INFO - [AUDIT] - Action: 0, Confidence: 1.0000, Safety Mode: SAFE_HOLD, Override: Safe hold mode active
2025-05-28 04:04:14,536 - INFO - [AUDIT] - Action: 0, Confidence: 1.0000, Safety Mode: SAFE_HOLD, Override: Safe hold mode active
2025-05-28 04:04:14,536 - INFO - [AUDIT] - Action: 0, Confidence: 1.0000, Safety Mode: SAFE_HOLD, Override: Safe hold mode active
2025-05-28 04:04:14,537 - INFO - [AUDIT] - Action: 0, Confidence: 1.0000, Safety Mode: SAFE_HOLD, Override: Safe hold mode active
2025-05-28 04:04:14,537 - INFO - [AUDIT] - Action: 0, Confidence: 1.0000, Safety Mode: SAFE_HOLD, Override: Safe hold mode active
2025-05-28 04:04:14,537 - INFO - [AUDIT] - Action: 0, Confidence: 1.0000, Safety Mode: SAFE_HOLD, Override: Safe hold mode active
2025-05-28 04:04:14,537 - INFO - [AUDIT] - Action: 0, Confidence: 1.0000, Safety Mode: SAFE_HOLD, Override: Safe hold mode active
2025-05-28 04:04:14,537 - INFO - [AUDIT] - Action: 0, Confidence: 1.0000, Safety Mode: SAFE_HOLD, Override: Safe hold mode active
2025-05-28 04:04:14,538 - INFO - [AUDIT] - Action: 0, Confidence: 1.0000, Safety Mode: SAFE_HOLD, Override: Safe hold mode active
2025-05-28 04:04:14,538 - INFO - [AUDIT] - Action: 0, Confidence: 1.0000, Safety Mode: SAFE_HOLD, Override: Safe hold mode active
2025-05-28 04:04:14,538 - INFO - [AUDIT] - Action: 0, Confidence: 1.0000, Safety Mode: SAFE_HOLD, Override: Safe hold mode active
2025-05-28 04:04:14,538 - INFO - [AUDIT] - Action: 0, Confidence: 1.0000, Safety Mode: SAFE_HOLD, Override: Safe hold mode active
2025-05-28 04:04:14,538 - INFO - [AUDIT] - Action: 0, Confidence: 1.0000, Safety Mode: SAFE_HOLD, Override: Safe hold mode active
2025-05-28 04:04:14,539 - INFO - [AUDIT] - Action: 0, Confidence: 1.0000, Safety Mode: SAFE_HOLD, Override: Safe hold mode active
2025-05-28 04:04:14,539 - INFO - [AUDIT] - Action: 0, Confidence: 1.0000, Safety Mode: SAFE_HOLD, Override: Safe hold mode active
2025-05-28 04:04:14,539 - INFO - [AUDIT] - Action: 0, Confidence: 1.0000, Safety Mode: SAFE_HOLD, Override: Safe hold mode active
2025-05-28 04:04:14,539 - INFO - [AUDIT] - Action: 0, Confidence: 1.0000, Safety Mode: SAFE_HOLD, Override: Safe hold mode active
2025-05-28 04:04:14,539 - INFO - [AUDIT] - Action: 0, Confidence: 1.0000, Safety Mode: SAFE_HOLD, Override: Safe hold mode active
2025-05-28 04:04:14,539 - INFO - [AUDIT] - Action: 0, Confidence: 1.0000, Safety Mode: SAFE_HOLD, Override: Safe hold mode active
2025-05-28 04:04:14,540 - INFO - [AUDIT] - Action: 0, Confidence: 1.0000, Safety Mode: SAFE_HOLD, Override: Safe hold mode active
2025-05-28 04:04:14,540 - INFO - [AUDIT] - Action: 0, Confidence: 1.0000, Safety Mode: SAFE_HOLD, Override: Safe hold mode active
2025-05-28 04:04:14,540 - INFO - [AUDIT] - Action: 0, Confidence: 1.0000, Safety Mode: SAFE_HOLD, Override: Safe hold mode active
2025-05-28 04:04:14,540 - INFO - [AUDIT] - Action: 0, Confidence: 1.0000, Safety Mode: SAFE_HOLD, Override: Safe hold mode active
2025-05-28 04:04:14,540 - INFO - [AUDIT] - Action: 0, Confidence: 1.0000, Safety Mode: SAFE_HOLD, Override: Safe hold mode active
2025-05-28 04:04:14,541 - INFO - [AUDIT] - Action: 0, Confidence: 1.0000, Safety Mode: SAFE_HOLD, Override: Safe hold mode active
2025-05-28 04:04:14,541 - INFO - [AUDIT] - Action: 0, Confidence: 1.0000, Safety Mode: SAFE_HOLD, Override: Safe hold mode active
2025-05-28 04:04:14,541 - INFO - [AUDIT] - Action: 0, Confidence: 1.0000, Safety Mode: SAFE_HOLD, Override: Safe hold mode active
2025-05-28 04:04:14,541 - INFO - [AUDIT] - Action: 0, Confidence: 1.0000, Safety Mode: SAFE_HOLD, Override: Safe hold mode active
2025-05-28 04:04:14,541 - INFO - [AUDIT] - Action: 0, Confidence: 1.0000, Safety Mode: SAFE_HOLD, Override: Safe hold mode active
2025-05-28 04:04:14,542 - INFO - [AUDIT] - Action: 0, Confidence: 1.0000, Safety Mode: SAFE_HOLD, Override: Safe hold mode active
2025-05-28 04:04:14,542 - INFO - [AUDIT] - Action: 0, Confidence: 1.0000, Safety Mode: SAFE_HOLD, Override: Safe hold mode active
2025-05-28 04:04:14,542 - INFO - [AUDIT] - Action: 0, Confidence: 1.0000, Safety Mode: SAFE_HOLD, Override: Safe hold mode active
2025-05-28 04:04:14,542 - INFO - [AUDIT] - Action: 0, Confidence: 1.0000, Safety Mode: SAFE_HOLD, Override: Safe hold mode active
2025-05-28 04:04:14,542 - INFO - [AUDIT] - Action: 0, Confidence: 1.0000, Safety Mode: SAFE_HOLD, Override: Safe hold mode active
2025-05-28 04:04:14,543 - INFO - [AUDIT] - Action: 0, Confidence: 1.0000, Safety Mode: SAFE_HOLD, Override: Safe hold mode active
2025-05-28 04:04:14,543 - INFO - [AUDIT] - Action: 0, Confidence: 1.0000, Safety Mode: SAFE_HOLD, Override: Safe hold mode active
2025-05-28 04:04:14,543 - INFO - [AUDIT] - Action: 0, Confidence: 1.0000, Safety Mode: SAFE_HOLD, Override: Safe hold mode active
2025-05-28 04:04:14,543 - INFO - [AUDIT] - Action: 0, Confidence: 1.0000, Safety Mode: SAFE_HOLD, Override: Safe hold mode active
2025-05-28 04:04:14,543 - INFO - [AUDIT] - Action: 0, Confidence: 1.0000, Safety Mode: SAFE_HOLD, Override: Safe hold mode active
2025-05-28 04:04:14,544 - INFO - [AUDIT] - Action: 0, Confidence: 1.0000, Safety Mode: SAFE_HOLD, Override: Safe hold mode active
2025-05-28 04:04:14,544 - INFO - [AUDIT] - Action: 0, Confidence: 1.0000, Safety Mode: SAFE_HOLD, Override: Safe hold mode active
2025-05-28 04:04:14,544 - INFO - [AUDIT] - Action: 0, Confidence: 1.0000, Safety Mode: SAFE_HOLD, Override: Safe hold mode active
2025-05-28 04:04:14,544 - INFO - [AUDIT] - Action: 0, Confidence: 1.0000, Safety Mode: SAFE_HOLD, Override: Safe hold mode active
2025-05-28 04:04:14,544 - INFO - [AUDIT] - Action: 0, Confidence: 1.0000, Safety Mode: SAFE_HOLD, Override: Safe hold mode active
2025-05-28 04:04:14,545 - INFO - [AUDIT] - Action: 0, Confidence: 1.0000, Safety Mode: SAFE_HOLD, Override: Safe hold mode active
2025-05-28 04:04:14,545 - INFO - [AUDIT] - Action: 0, Confidence: 1.0000, Safety Mode: SAFE_HOLD, Override: Safe hold mode active
2025-05-28 04:04:14,545 - INFO - [AUDIT] - Action: 0, Confidence: 1.0000, Safety Mode: SAFE_HOLD, Override: Safe hold mode active
2025-05-28 04:04:14,545 - INFO - [AUDIT] - Action: 0, Confidence: 1.0000, Safety Mode: SAFE_HOLD, Override: Safe hold mode active
2025-05-28 04:04:14,545 - INFO - [AUDIT] - Action: 0, Confidence: 1.0000, Safety Mode: SAFE_HOLD, Override: Safe hold mode active
2025-05-28 04:04:14,546 - INFO - [AUDIT] - Action: 0, Confidence: 1.0000, Safety Mode: SAFE_HOLD, Override: Safe hold mode active
2025-05-28 04:04:14,546 - INFO - [AUDIT] - Action: 0, Confidence: 1.0000, Safety Mode: SAFE_HOLD, Override: Safe hold mode active
2025-05-28 04:04:14,546 - INFO - [AUDIT] - Action: 0, Confidence: 1.0000, Safety Mode: SAFE_HOLD, Override: Safe hold mode active
2025-05-28 04:04:14,546 - INFO - [AUDIT] - Action: 0, Confidence: 1.0000, Safety Mode: SAFE_HOLD, Override: Safe hold mode active
2025-05-28 04:04:14,546 - INFO - [AUDIT] - Action: 0, Confidence: 1.0000, Safety Mode: SAFE_HOLD, Override: Safe hold mode active
2025-05-28 04:04:14,547 - INFO - [AUDIT] - Action: 0, Confidence: 1.0000, Safety Mode: SAFE_HOLD, Override: Safe hold mode active
2025-05-28 04:04:14,547 - INFO - [AUDIT] - Action: 0, Confidence: 1.0000, Safety Mode: SAFE_HOLD, Override: Safe hold mode active
2025-05-28 04:04:14,547 - INFO - [AUDIT] - Action: 0, Confidence: 1.0000, Safety Mode: SAFE_HOLD, Override: Safe hold mode active
2025-05-28 04:04:14,547 - INFO - [AUDIT] - Action: 0, Confidence: 1.0000, Safety Mode: SAFE_HOLD, Override: Safe hold mode active
2025-05-28 04:04:14,547 - INFO - [AUDIT] - Action: 0, Confidence: 1.0000, Safety Mode: SAFE_HOLD, Override: Safe hold mode active
2025-05-28 04:04:14,548 - INFO - [AUDIT] - Action: 0, Confidence: 1.0000, Safety Mode: SAFE_HOLD, Override: Safe hold mode active
2025-05-28 04:04:14,548 - INFO - [AUDIT] - Action: 0, Confidence: 1.0000, Safety Mode: SAFE_HOLD, Override: Safe hold mode active
2025-05-28 04:04:14,548 - INFO - [AUDIT] - Action: 0, Confidence: 1.0000, Safety Mode: SAFE_HOLD, Override: Safe hold mode active
2025-05-28 04:04:14,548 - INFO - [AUDIT] - Action: 0, Confidence: 1.0000, Safety Mode: SAFE_HOLD, Override: Safe hold mode active
2025-05-28 04:04:14,548 - INFO - [AUDIT] - Action: 0, Confidence: 1.0000, Safety Mode: SAFE_HOLD, Override: Safe hold mode active
2025-05-28 04:04:14,549 - INFO - [AUDIT] - Action: 0, Confidence: 1.0000, Safety Mode: SAFE_HOLD, Override: Safe hold mode active
2025-05-28 04:04:14,549 - INFO - [AUDIT] - Action: 0, Confidence: 1.0000, Safety Mode: SAFE_HOLD, Override: Safe hold mode active
2025-05-28 04:04:14,549 - INFO - [AUDIT] - Action: 0, Confidence: 1.0000, Safety Mode: SAFE_HOLD, Override: Safe hold mode active
2025-05-28 04:04:14,549 - INFO - [AUDIT] - Action: 0, Confidence: 1.0000, Safety Mode: SAFE_HOLD, Override: Safe hold mode active
2025-05-28 04:04:14,549 - INFO - [AUDIT] - Action: 0, Confidence: 1.0000, Safety Mode: SAFE_HOLD, Override: Safe hold mode active
2025-05-28 04:04:14,550 - INFO - [AUDIT] - Action: 0, Confidence: 1.0000, Safety Mode: SAFE_HOLD, Override: Safe hold mode active
2025-05-28 04:04:14,550 - INFO - [AUDIT] - Action: 0, Confidence: 1.0000, Safety Mode: SAFE_HOLD, Override: Safe hold mode active
2025-05-28 04:04:14,550 - INFO - [AUDIT] - Action: 0, Confidence: 1.0000, Safety Mode: SAFE_HOLD, Override: Safe hold mode active
2025-05-28 04:04:14,550 - INFO - [AUDIT] - Action: 0, Confidence: 1.0000, Safety Mode: SAFE_HOLD, Override: Safe hold mode active
2025-05-28 04:04:14,550 - INFO - [AUDIT] - Action: 0, Confidence: 1.0000, Safety Mode: SAFE_HOLD, Override: Safe hold mode active
2025-05-28 04:04:14,551 - INFO - [AUDIT] - Action: 0, Confidence: 1.0000, Safety Mode: SAFE_HOLD, Override: Safe hold mode active
2025-05-28 04:04:14,551 - INFO - [AUDIT] - Action: 0, Confidence: 1.0000, Safety Mode: SAFE_HOLD, Override: Safe hold mode active
2025-05-28 04:04:14,551 - INFO - [AUDIT] - Action: 0, Confidence: 1.0000, Safety Mode: SAFE_HOLD, Override: Safe hold mode active
2025-05-28 04:04:14,551 - INFO - [AUDIT] - Action: 0, Confidence: 1.0000, Safety Mode: SAFE_HOLD, Override: Safe hold mode active
2025-05-28 04:04:14,552 - INFO - [AUDIT] - Action: 0, Confidence: 1.0000, Safety Mode: SAFE_HOLD, Override: Safe hold mode active
2025-05-28 04:04:14,552 - INFO - [AUDIT] - Action: 0, Confidence: 1.0000, Safety Mode: SAFE_HOLD, Override: Safe hold mode active
2025-05-28 04:04:14,552 - INFO - [AUDIT] - Action: 0, Confidence: 1.0000, Safety Mode: SAFE_HOLD, Override: Safe hold mode active
2025-05-28 04:04:14,552 - INFO - [AUDIT] - Action: 0, Confidence: 1.0000, Safety Mode: SAFE_HOLD, Override: Safe hold mode active
2025-05-28 04:04:14,553 - INFO - [AUDIT] - Action: 0, Confidence: 1.0000, Safety Mode: SAFE_HOLD, Override: Safe hold mode active
2025-05-28 04:04:14,553 - INFO - [AUDIT] - Action: 0, Confidence: 1.0000, Safety Mode: SAFE_HOLD, Override: Safe hold mode active
2025-05-28 04:04:14,553 - INFO - [AUDIT] - Action: 0, Confidence: 1.0000, Safety Mode: SAFE_HOLD, Override: Safe hold mode active
2025-05-28 04:04:14,553 - INFO - [AUDIT] - Action: 0, Confidence: 1.0000, Safety Mode: SAFE_HOLD, Override: Safe hold mode active
2025-05-28 04:04:14,553 - INFO - [AUDIT] - Action: 0, Confidence: 1.0000, Safety Mode: SAFE_HOLD, Override: Safe hold mode active
2025-05-28 04:04:14,554 - INFO - [AUDIT] - Action: 0, Confidence: 1.0000, Safety Mode: SAFE_HOLD, Override: Safe hold mode active
2025-05-28 04:04:14,554 - INFO - [AUDIT] - Action: 0, Confidence: 1.0000, Safety Mode: SAFE_HOLD, Override: Safe hold mode active
2025-05-28 04:04:14,554 - INFO - [AUDIT] - Action: 0, Confidence: 1.0000, Safety Mode: SAFE_HOLD, Override: Safe hold mode active
2025-05-28 04:04:14,554 - INFO - [AUDIT] - Action: 0, Confidence: 1.0000, Safety Mode: SAFE_HOLD, Override: Safe hold mode active
2025-05-28 04:04:14,554 - INFO - [AUDIT] - Action: 0, Confidence: 1.0000, Safety Mode: SAFE_HOLD, Override: Safe hold mode active
2025-05-28 04:04:14,555 - INFO - [AUDIT] - Action: 0, Confidence: 1.0000, Safety Mode: SAFE_HOLD, Override: Safe hold mode active
2025-05-28 04:04:14,555 - INFO - [AUDIT] - Action: 0, Confidence: 1.0000, Safety Mode: SAFE_HOLD, Override: Safe hold mode active
2025-05-28 04:04:14,555 - INFO - [AUDIT] - Action: 0, Confidence: 1.0000, Safety Mode: SAFE_HOLD, Override: Safe hold mode active
2025-05-28 04:04:14,555 - INFO - [AUDIT] - Action: 0, Confidence: 1.0000, Safety Mode: SAFE_HOLD, Override: Safe hold mode active
2025-05-28 04:04:14,555 - INFO - [AUDIT] - Action: 0, Confidence: 1.0000, Safety Mode: SAFE_HOLD, Override: Safe hold mode active
2025-05-28 04:04:14,555 - INFO - [AUDIT] - Action: 0, Confidence: 1.0000, Safety Mode: SAFE_HOLD, Override: Safe hold mode active
2025-05-28 04:04:14,556 - INFO - [AUDIT] - Action: 0, Confidence: 1.0000, Safety Mode: SAFE_HOLD, Override: Safe hold mode active
2025-05-28 04:04:14,556 - INFO - [AUDIT] - Action: 0, Confidence: 1.0000, Safety Mode: SAFE_HOLD, Override: Safe hold mode active
2025-05-28 04:04:14,556 - INFO - [AUDIT] - Action: 0, Confidence: 1.0000, Safety Mode: SAFE_HOLD, Override: Safe hold mode active
2025-05-28 04:04:14,556 - INFO - [AUDIT] - Action: 0, Confidence: 1.0000, Safety Mode: SAFE_HOLD, Override: Safe hold mode active
2025-05-28 04:04:14,556 - INFO - [AUDIT] - Action: 0, Confidence: 1.0000, Safety Mode: SAFE_HOLD, Override: Safe hold mode active
2025-05-28 04:04:14,557 - INFO - [AUDIT] - Action: 0, Confidence: 1.0000, Safety Mode: SAFE_HOLD, Override: Safe hold mode active
2025-05-28 04:04:14,557 - INFO - [AUDIT] - Action: 0, Confidence: 1.0000, Safety Mode: SAFE_HOLD, Override: Safe hold mode active
2025-05-28 04:04:14,557 - INFO - [AUDIT] - Action: 0, Confidence: 1.0000, Safety Mode: SAFE_HOLD, Override: Safe hold mode active
2025-05-28 04:04:14,557 - INFO - [AUDIT] - Action: 0, Confidence: 1.0000, Safety Mode: SAFE_HOLD, Override: Safe hold mode active
2025-05-28 04:04:14,557 - INFO - [AUDIT] - Action: 0, Confidence: 1.0000, Safety Mode: SAFE_HOLD, Override: Safe hold mode active
2025-05-28 04:04:14,558 - INFO - [AUDIT] - Action: 0, Confidence: 1.0000, Safety Mode: SAFE_HOLD, Override: Safe hold mode active
2025-05-28 04:04:14,558 - INFO - [AUDIT] - Action: 0, Confidence: 1.0000, Safety Mode: SAFE_HOLD, Override: Safe hold mode active
2025-05-28 04:04:14,558 - INFO - [AUDIT] - Action: 0, Confidence: 1.0000, Safety Mode: SAFE_HOLD, Override: Safe hold mode active
2025-05-28 04:04:14,558 - INFO - [AUDIT] - Action: 0, Confidence: 1.0000, Safety Mode: SAFE_HOLD, Override: Safe hold mode active
2025-05-28 04:04:14,559 - INFO - [AUDIT] - Action: 0, Confidence: 1.0000, Safety Mode: SAFE_HOLD, Override: Safe hold mode active
2025-05-28 04:04:14,559 - INFO - [AUDIT] - Action: 0, Confidence: 1.0000, Safety Mode: SAFE_HOLD, Override: Safe hold mode active
2025-05-28 04:04:14,559 - INFO - [AUDIT] - Action: 0, Confidence: 1.0000, Safety Mode: SAFE_HOLD, Override: Safe hold mode active
2025-05-28 04:04:14,559 - INFO - [AUDIT] - Action: 0, Confidence: 1.0000, Safety Mode: SAFE_HOLD, Override: Safe hold mode active
2025-05-28 04:04:14,559 - INFO - [AUDIT] - Action: 0, Confidence: 1.0000, Safety Mode: SAFE_HOLD, Override: Safe hold mode active
2025-05-28 04:04:14,559 - INFO - [AUDIT] - Action: 0, Confidence: 1.0000, Safety Mode: SAFE_HOLD, Override: Safe hold mode active
2025-05-28 04:04:14,560 - INFO - [AUDIT] - Action: 0, Confidence: 1.0000, Safety Mode: SAFE_HOLD, Override: Safe hold mode active
2025-05-28 04:04:14,560 - INFO - [AUDIT] - Action: 0, Confidence: 1.0000, Safety Mode: SAFE_HOLD, Override: Safe hold mode active
2025-05-28 04:04:14,560 - INFO - [AUDIT] - Action: 0, Confidence: 1.0000, Safety Mode: SAFE_HOLD, Override: Safe hold mode active
2025-05-28 04:04:14,560 - INFO - [AUDIT] - Action: 0, Confidence: 1.0000, Safety Mode: SAFE_HOLD, Override: Safe hold mode active
2025-05-28 04:04:14,560 - INFO - [AUDIT] - Action: 0, Confidence: 1.0000, Safety Mode: SAFE_HOLD, Override: Safe hold mode active
2025-05-28 04:04:14,561 - INFO - [AUDIT] - Action: 0, Confidence: 1.0000, Safety Mode: SAFE_HOLD, Override: Safe hold mode active
2025-05-28 04:04:14,561 - INFO - [AUDIT] - Action: 0, Confidence: 1.0000, Safety Mode: SAFE_HOLD, Override: Safe hold mode active
2025-05-28 04:04:14,561 - INFO - [AUDIT] - Action: 0, Confidence: 1.0000, Safety Mode: SAFE_HOLD, Override: Safe hold mode active
2025-05-28 04:04:14,561 - INFO - [AUDIT] - Action: 0, Confidence: 1.0000, Safety Mode: SAFE_HOLD, Override: Safe hold mode active
2025-05-28 04:04:14,561 - INFO - [AUDIT] - Action: 0, Confidence: 1.0000, Safety Mode: SAFE_HOLD, Override: Safe hold mode active
2025-05-28 04:04:14,562 - INFO - [AUDIT] - Action: 0, Confidence: 1.0000, Safety Mode: SAFE_HOLD, Override: Safe hold mode active
2025-05-28 04:04:14,562 - INFO - [AUDIT] - Action: 0, Confidence: 1.0000, Safety Mode: SAFE_HOLD, Override: Safe hold mode active
2025-05-28 04:04:14,562 - INFO - [AUDIT] - Action: 0, Confidence: 1.0000, Safety Mode: SAFE_HOLD, Override: Safe hold mode active
2025-05-28 04:04:14,562 - INFO - [AUDIT] - Action: 0, Confidence: 1.0000, Safety Mode: SAFE_HOLD, Override: Safe hold mode active
2025-05-28 04:04:14,562 - INFO - [AUDIT] - Action: 0, Confidence: 1.0000, Safety Mode: SAFE_HOLD, Override: Safe hold mode active
2025-05-28 04:04:14,563 - INFO - [AUDIT] - Action: 0, Confidence: 1.0000, Safety Mode: SAFE_HOLD, Override: Safe hold mode active
2025-05-28 04:04:14,563 - INFO - [AUDIT] - Action: 0, Confidence: 1.0000, Safety Mode: SAFE_HOLD, Override: Safe hold mode active
2025-05-28 04:04:14,563 - INFO - [AUDIT] - Action: 0, Confidence: 1.0000, Safety Mode: SAFE_HOLD, Override: Safe hold mode active
2025-05-28 04:04:14,563 - INFO - [AUDIT] - Action: 0, Confidence: 1.0000, Safety Mode: SAFE_HOLD, Override: Safe hold mode active
2025-05-28 04:04:14,564 - INFO - [AUDIT] - Action: 0, Confidence: 1.0000, Safety Mode: SAFE_HOLD, Override: Safe hold mode active
2025-05-28 04:04:14,564 - INFO - [AUDIT] - Action: 0, Confidence: 1.0000, Safety Mode: SAFE_HOLD, Override: Safe hold mode active
2025-05-28 04:04:14,564 - INFO - [AUDIT] - Action: 0, Confidence: 1.0000, Safety Mode: SAFE_HOLD, Override: Safe hold mode active
2025-05-28 04:04:14,564 - INFO - [AUDIT] - Action: 0, Confidence: 1.0000, Safety Mode: SAFE_HOLD, Override: Safe hold mode active
2025-05-28 04:04:14,564 - INFO - [AUDIT] - Action: 0, Confidence: 1.0000, Safety Mode: SAFE_HOLD, Override: Safe hold mode active
2025-05-28 04:04:14,565 - INFO - [AUDIT] - Action: 0, Confidence: 1.0000, Safety Mode: SAFE_HOLD, Override: Safe hold mode active
2025-05-28 04:04:14,565 - INFO - [AUDIT] - Action: 0, Confidence: 1.0000, Safety Mode: SAFE_HOLD, Override: Safe hold mode active
2025-05-28 04:04:14,565 - INFO - [AUDIT] - Action: 0, Confidence: 1.0000, Safety Mode: SAFE_HOLD, Override: Safe hold mode active
2025-05-28 04:04:14,565 - INFO - [AUDIT] - Action: 0, Confidence: 1.0000, Safety Mode: SAFE_HOLD, Override: Safe hold mode active
2025-05-28 04:04:14,565 - INFO - [AUDIT] - Action: 0, Confidence: 1.0000, Safety Mode: SAFE_HOLD, Override: Safe hold mode active
2025-05-28 04:04:14,565 - INFO - [AUDIT] - Action: 0, Confidence: 1.0000, Safety Mode: SAFE_HOLD, Override: Safe hold mode active
2025-05-28 04:04:14,566 - INFO - [AUDIT] - Action: 0, Confidence: 1.0000, Safety Mode: SAFE_HOLD, Override: Safe hold mode active
2025-05-28 04:04:14,566 - INFO - [AUDIT] - Action: 0, Confidence: 1.0000, Safety Mode: SAFE_HOLD, Override: Safe hold mode active
2025-05-28 04:04:14,566 - INFO - [AUDIT] - Action: 0, Confidence: 1.0000, Safety Mode: SAFE_HOLD, Override: Safe hold mode active
2025-05-28 04:04:14,566 - INFO - [AUDIT] - Action: 0, Confidence: 1.0000, Safety Mode: SAFE_HOLD, Override: Safe hold mode active
2025-05-28 04:04:14,566 - INFO - [AUDIT] - Action: 0, Confidence: 1.0000, Safety Mode: SAFE_HOLD, Override: Safe hold mode active
2025-05-28 04:04:14,567 - INFO - [AUDIT] - Action: 0, Confidence: 1.0000, Safety Mode: SAFE_HOLD, Override: Safe hold mode active
2025-05-28 04:04:14,567 - INFO - [AUDIT] - Action: 0, Confidence: 1.0000, Safety Mode: SAFE_HOLD, Override: Safe hold mode active
2025-05-28 04:04:14,567 - INFO - [AUDIT] - Action: 0, Confidence: 1.0000, Safety Mode: SAFE_HOLD, Override: Safe hold mode active
2025-05-28 04:04:14,567 - INFO - [AUDIT] - Action: 0, Confidence: 1.0000, Safety Mode: SAFE_HOLD, Override: Safe hold mode active
2025-05-28 04:04:14,567 - INFO - [AUDIT] - Action: 0, Confidence: 1.0000, Safety Mode: SAFE_HOLD, Override: Safe hold mode active
2025-05-28 04:04:14,568 - INFO - [AUDIT] - Action: 0, Confidence: 1.0000, Safety Mode: SAFE_HOLD, Override: Safe hold mode active
2025-05-28 04:04:14,568 - INFO - [AUDIT] - Action: 0, Confidence: 1.0000, Safety Mode: SAFE_HOLD, Override: Safe hold mode active
2025-05-28 04:04:14,568 - INFO - [AUDIT] - Action: 0, Confidence: 1.0000, Safety Mode: SAFE_HOLD, Override: Safe hold mode active
2025-05-28 04:04:14,568 - INFO - [AUDIT] - Action: 0, Confidence: 1.0000, Safety Mode: SAFE_HOLD, Override: Safe hold mode active
2025-05-28 04:04:14,569 - INFO - [AUDIT] - Action: 0, Confidence: 1.0000, Safety Mode: SAFE_HOLD, Override: Safe hold mode active
2025-05-28 04:04:14,569 - INFO - [AUDIT] - Action: 0, Confidence: 1.0000, Safety Mode: SAFE_HOLD, Override: Safe hold mode active
2025-05-28 04:04:14,569 - INFO - [AUDIT] - Action: 0, Confidence: 1.0000, Safety Mode: SAFE_HOLD, Override: Safe hold mode active
2025-05-28 04:04:14,569 - INFO - [AUDIT] - Action: 0, Confidence: 1.0000, Safety Mode: SAFE_HOLD, Override: Safe hold mode active
2025-05-28 04:04:14,570 - INFO - [AUDIT] - Action: 0, Confidence: 1.0000, Safety Mode: SAFE_HOLD, Override: Safe hold mode active
2025-05-28 04:04:14,570 - INFO - [AUDIT] - Action: 0, Confidence: 1.0000, Safety Mode: SAFE_HOLD, Override: Safe hold mode active
2025-05-28 04:04:14,570 - INFO - [AUDIT] - Action: 0, Confidence: 1.0000, Safety Mode: SAFE_HOLD, Override: Safe hold mode active
2025-05-28 04:04:14,570 - INFO - [AUDIT] - Action: 0, Confidence: 1.0000, Safety Mode: SAFE_HOLD, Override: Safe hold mode active
2025-05-28 04:04:14,570 - INFO - [AUDIT] - Action: 0, Confidence: 1.0000, Safety Mode: SAFE_HOLD, Override: Safe hold mode active
2025-05-28 04:04:14,571 - INFO - [AUDIT] - Action: 0, Confidence: 1.0000, Safety Mode: SAFE_HOLD, Override: Safe hold mode active
2025-05-28 04:04:14,571 - INFO - [AUDIT] - Action: 0, Confidence: 1.0000, Safety Mode: SAFE_HOLD, Override: Safe hold mode active
2025-05-28 04:04:14,571 - INFO - [AUDIT] - Action: 0, Confidence: 1.0000, Safety Mode: SAFE_HOLD, Override: Safe hold mode active
2025-05-28 04:04:14,571 - INFO - [AUDIT] - Action: 0, Confidence: 1.0000, Safety Mode: SAFE_HOLD, Override: Safe hold mode active
2025-05-28 04:04:14,571 - INFO - [AUDIT] - Action: 0, Confidence: 1.0000, Safety Mode: SAFE_HOLD, Override: Safe hold mode active
2025-05-28 04:04:14,571 - INFO - [AUDIT] - Action: 0, Confidence: 1.0000, Safety Mode: SAFE_HOLD, Override: Safe hold mode active
2025-05-28 04:04:14,572 - INFO - [AUDIT] - Action: 0, Confidence: 1.0000, Safety Mode: SAFE_HOLD, Override: Safe hold mode active
2025-05-28 04:04:14,572 - INFO - [AUDIT] - Action: 0, Confidence: 1.0000, Safety Mode: SAFE_HOLD, Override: Safe hold mode active
2025-05-28 04:04:14,572 - INFO - [AUDIT] - Action: 0, Confidence: 1.0000, Safety Mode: SAFE_HOLD, Override: Safe hold mode active
2025-05-28 04:04:14,572 - INFO - [AUDIT] - Action: 0, Confidence: 1.0000, Safety Mode: SAFE_HOLD, Override: Safe hold mode active
2025-05-28 04:04:14,572 - INFO - [AUDIT] - Action: 0, Confidence: 1.0000, Safety Mode: SAFE_HOLD, Override: Safe hold mode active
2025-05-28 04:04:14,573 - INFO - [AUDIT] - Action: 0, Confidence: 1.0000, Safety Mode: SAFE_HOLD, Override: Safe hold mode active
2025-05-28 04:04:14,573 - INFO - [AUDIT] - Action: 0, Confidence: 1.0000, Safety Mode: SAFE_HOLD, Override: Safe hold mode active
2025-05-28 04:04:14,573 - INFO - [AUDIT] - Action: 0, Confidence: 1.0000, Safety Mode: SAFE_HOLD, Override: Safe hold mode active
2025-05-28 04:04:14,573 - INFO - [AUDIT] - Action: 0, Confidence: 1.0000, Safety Mode: SAFE_HOLD, Override: Safe hold mode active
2025-05-28 04:04:14,573 - INFO - [AUDIT] - Action: 0, Confidence: 1.0000, Safety Mode: SAFE_HOLD, Override: Safe hold mode active
2025-05-28 04:04:14,574 - INFO - [AUDIT] - Action: 0, Confidence: 1.0000, Safety Mode: SAFE_HOLD, Override: Safe hold mode active
2025-05-28 04:04:14,574 - INFO - [AUDIT] - Action: 0, Confidence: 1.0000, Safety Mode: SAFE_HOLD, Override: Safe hold mode active
2025-05-28 04:04:14,574 - INFO - [AUDIT] - Action: 0, Confidence: 1.0000, Safety Mode: SAFE_HOLD, Override: Safe hold mode active
2025-05-28 04:04:14,574 - INFO - [AUDIT] - Action: 0, Confidence: 1.0000, Safety Mode: SAFE_HOLD, Override: Safe hold mode active
2025-05-28 04:04:14,574 - INFO - [AUDIT] - Action: 0, Confidence: 1.0000, Safety Mode: SAFE_HOLD, Override: Safe hold mode active
2025-05-28 04:04:14,575 - INFO - [AUDIT] - Action: 0, Confidence: 1.0000, Safety Mode: SAFE_HOLD, Override: Safe hold mode active
2025-05-28 04:04:14,575 - INFO - [AUDIT] - Action: 0, Confidence: 1.0000, Safety Mode: SAFE_HOLD, Override: Safe hold mode active
2025-05-28 04:04:14,575 - INFO - [AUDIT] - Action: 0, Confidence: 1.0000, Safety Mode: SAFE_HOLD, Override: Safe hold mode active
2025-05-28 04:04:14,575 - INFO - [AUDIT] - Action: 0, Confidence: 1.0000, Safety Mode: SAFE_HOLD, Override: Safe hold mode active
2025-05-28 04:04:14,575 - INFO - [AUDIT] - Action: 0, Confidence: 1.0000, Safety Mode: SAFE_HOLD, Override: Safe hold mode active
2025-05-28 04:04:14,576 - INFO - [AUDIT] - Action: 0, Confidence: 1.0000, Safety Mode: SAFE_HOLD, Override: Safe hold mode active
2025-05-28 04:04:14,576 - INFO - [AUDIT] - Action: 0, Confidence: 1.0000, Safety Mode: SAFE_HOLD, Override: Safe hold mode active
2025-05-28 04:04:14,576 - INFO - [AUDIT] - Action: 0, Confidence: 1.0000, Safety Mode: SAFE_HOLD, Override: Safe hold mode active
2025-05-28 04:04:14,576 - INFO - [AUDIT] - Action: 0, Confidence: 1.0000, Safety Mode: SAFE_HOLD, Override: Safe hold mode active
2025-05-28 04:04:14,576 - INFO - [AUDIT] - Action: 0, Confidence: 1.0000, Safety Mode: SAFE_HOLD, Override: Safe hold mode active
2025-05-28 04:04:14,577 - INFO - [AUDIT] - Action: 0, Confidence: 1.0000, Safety Mode: SAFE_HOLD, Override: Safe hold mode active
2025-05-28 04:04:14,577 - INFO - [AUDIT] - Action: 0, Confidence: 1.0000, Safety Mode: SAFE_HOLD, Override: Safe hold mode active
2025-05-28 04:04:14,577 - INFO - [AUDIT] - Action: 0, Confidence: 1.0000, Safety Mode: SAFE_HOLD, Override: Safe hold mode active
2025-05-28 04:04:14,577 - INFO - [AUDIT] - Action: 0, Confidence: 1.0000, Safety Mode: SAFE_HOLD, Override: Safe hold mode active
2025-05-28 04:04:14,577 - INFO - [AUDIT] - Action: 0, Confidence: 1.0000, Safety Mode: SAFE_HOLD, Override: Safe hold mode active
2025-05-28 04:04:14,578 - INFO - [AUDIT] - Action: 0, Confidence: 1.0000, Safety Mode: SAFE_HOLD, Override: Safe hold mode active
2025-05-28 04:04:14,578 - INFO - [AUDIT] - Action: 0, Confidence: 1.0000, Safety Mode: SAFE_HOLD, Override: Safe hold mode active
2025-05-28 04:04:14,578 - INFO - [AUDIT] - Action: 0, Confidence: 1.0000, Safety Mode: SAFE_HOLD, Override: Safe hold mode active
2025-05-28 04:04:14,578 - INFO - [AUDIT] - Action: 0, Confidence: 1.0000, Safety Mode: SAFE_HOLD, Override: Safe hold mode active
2025-05-28 04:04:14,578 - INFO - [AUDIT] - Action: 0, Confidence: 1.0000, Safety Mode: SAFE_HOLD, Override: Safe hold mode active
2025-05-28 04:04:14,579 - INFO - [AUDIT] - Action: 0, Confidence: 1.0000, Safety Mode: SAFE_HOLD, Override: Safe hold mode active
2025-05-28 04:04:14,579 - INFO - [AUDIT] - Action: 0, Confidence: 1.0000, Safety Mode: SAFE_HOLD, Override: Safe hold mode active
2025-05-28 04:04:14,579 - INFO - [AUDIT] - Action: 0, Confidence: 1.0000, Safety Mode: SAFE_HOLD, Override: Safe hold mode active
2025-05-28 04:04:14,579 - INFO - [AUDIT] - Action: 0, Confidence: 1.0000, Safety Mode: SAFE_HOLD, Override: Safe hold mode active
2025-05-28 04:04:14,579 - INFO - [AUDIT] - Action: 0, Confidence: 1.0000, Safety Mode: SAFE_HOLD, Override: Safe hold mode active
2025-05-28 04:04:14,579 - INFO - [AUDIT] - Action: 0, Confidence: 1.0000, Safety Mode: SAFE_HOLD, Override: Safe hold mode active
2025-05-28 04:04:14,580 - INFO - [AUDIT] - Action: 0, Confidence: 1.0000, Safety Mode: SAFE_HOLD, Override: Safe hold mode active
2025-05-28 04:04:14,580 - INFO - [AUDIT] - Action: 0, Confidence: 1.0000, Safety Mode: SAFE_HOLD, Override: Safe hold mode active
2025-05-28 04:04:14,580 - INFO - [AUDIT] - Action: 0, Confidence: 1.0000, Safety Mode: SAFE_HOLD, Override: Safe hold mode active
2025-05-28 04:04:14,580 - INFO - [AUDIT] - Action: 0, Confidence: 1.0000, Safety Mode: SAFE_HOLD, Override: Safe hold mode active
2025-05-28 04:04:14,580 - INFO - [AUDIT] - Action: 0, Confidence: 1.0000, Safety Mode: SAFE_HOLD, Override: Safe hold mode active
2025-05-28 04:04:14,581 - INFO - [AUDIT] - Action: 0, Confidence: 1.0000, Safety Mode: SAFE_HOLD, Override: Safe hold mode active
2025-05-28 04:04:14,581 - INFO - [AUDIT] - Action: 0, Confidence: 1.0000, Safety Mode: SAFE_HOLD, Override: Safe hold mode active
2025-05-28 04:04:14,581 - INFO - [AUDIT] - Action: 0, Confidence: 1.0000, Safety Mode: SAFE_HOLD, Override: Safe hold mode active
2025-05-28 04:04:14,581 - INFO - [AUDIT] - Action: 0, Confidence: 1.0000, Safety Mode: SAFE_HOLD, Override: Safe hold mode active
2025-05-28 04:04:14,581 - INFO - [AUDIT] - Action: 0, Confidence: 1.0000, Safety Mode: SAFE_HOLD, Override: Safe hold mode active
2025-05-28 04:04:14,582 - INFO - [AUDIT] - Action: 0, Confidence: 1.0000, Safety Mode: SAFE_HOLD, Override: Safe hold mode active
2025-05-28 04:04:14,582 - INFO - [AUDIT] - Action: 0, Confidence: 1.0000, Safety Mode: SAFE_HOLD, Override: Safe hold mode active
2025-05-28 04:04:14,582 - INFO - [AUDIT] - Action: 0, Confidence: 1.0000, Safety Mode: SAFE_HOLD, Override: Safe hold mode active
2025-05-28 04:04:14,582 - INFO - [AUDIT] - Action: 0, Confidence: 1.0000, Safety Mode: SAFE_HOLD, Override: Safe hold mode active
2025-05-28 04:04:14,582 - INFO - [AUDIT] - Action: 0, Confidence: 1.0000, Safety Mode: SAFE_HOLD, Override: Safe hold mode active
2025-05-28 04:04:14,583 - INFO - [AUDIT] - Action: 0, Confidence: 1.0000, Safety Mode: SAFE_HOLD, Override: Safe hold mode active
2025-05-28 04:04:14,583 - INFO - [AUDIT] - Action: 0, Confidence: 1.0000, Safety Mode: SAFE_HOLD, Override: Safe hold mode active
2025-05-28 04:04:14,583 - INFO - [AUDIT] - Action: 0, Confidence: 1.0000, Safety Mode: SAFE_HOLD, Override: Safe hold mode active
2025-05-28 04:04:14,583 - INFO - [AUDIT] - Action: 0, Confidence: 1.0000, Safety Mode: SAFE_HOLD, Override: Safe hold mode active
2025-05-28 04:04:14,583 - INFO - [AUDIT] - Action: 0, Confidence: 1.0000, Safety Mode: SAFE_HOLD, Override: Safe hold mode active
2025-05-28 04:04:14,584 - INFO - [AUDIT] - Action: 0, Confidence: 1.0000, Safety Mode: SAFE_HOLD, Override: Safe hold mode active
2025-05-28 04:04:14,584 - INFO - [AUDIT] - Action: 0, Confidence: 1.0000, Safety Mode: SAFE_HOLD, Override: Safe hold mode active
2025-05-28 04:04:14,584 - INFO - [AUDIT] - Action: 0, Confidence: 1.0000, Safety Mode: SAFE_HOLD, Override: Safe hold mode active
2025-05-28 04:04:14,584 - INFO - [AUDIT] - Action: 0, Confidence: 1.0000, Safety Mode: SAFE_HOLD, Override: Safe hold mode active
2025-05-28 04:04:14,584 - INFO - [AUDIT] - Action: 0, Confidence: 1.0000, Safety Mode: SAFE_HOLD, Override: Safe hold mode active
2025-05-28 04:04:14,585 - INFO - [AUDIT] - Action: 0, Confidence: 1.0000, Safety Mode: SAFE_HOLD, Override: Safe hold mode active
2025-05-28 04:04:14,585 - INFO - [AUDIT] - Action: 0, Confidence: 1.0000, Safety Mode: SAFE_HOLD, Override: Safe hold mode active
2025-05-28 04:04:14,585 - INFO - [AUDIT] - Action: 0, Confidence: 1.0000, Safety Mode: SAFE_HOLD, Override: Safe hold mode active
2025-05-28 04:04:14,585 - INFO - [AUDIT] - Action: 0, Confidence: 1.0000, Safety Mode: SAFE_HOLD, Override: Safe hold mode active
2025-05-28 04:04:14,586 - INFO - [AUDIT] - Action: 0, Confidence: 1.0000, Safety Mode: SAFE_HOLD, Override: Safe hold mode active
2025-05-28 04:04:14,586 - INFO - [AUDIT] - Action: 0, Confidence: 1.0000, Safety Mode: SAFE_HOLD, Override: Safe hold mode active
2025-05-28 04:04:14,586 - INFO - [AUDIT] - Action: 0, Confidence: 1.0000, Safety Mode: SAFE_HOLD, Override: Safe hold mode active
2025-05-28 04:04:14,586 - INFO - [AUDIT] - Action: 0, Confidence: 1.0000, Safety Mode: SAFE_HOLD, Override: Safe hold mode active
2025-05-28 04:04:14,586 - INFO - [AUDIT] - Action: 0, Confidence: 1.0000, Safety Mode: SAFE_HOLD, Override: Safe hold mode active
2025-05-28 04:04:14,587 - INFO - [AUDIT] - Action: 0, Confidence: 1.0000, Safety Mode: SAFE_HOLD, Override: Safe hold mode active
2025-05-28 04:04:14,587 - INFO - [AUDIT] - Action: 0, Confidence: 1.0000, Safety Mode: SAFE_HOLD, Override: Safe hold mode active
2025-05-28 04:04:14,587 - INFO - [AUDIT] - Action: 0, Confidence: 1.0000, Safety Mode: SAFE_HOLD, Override: Safe hold mode active
2025-05-28 04:04:14,587 - INFO - [AUDIT] - Action: 0, Confidence: 1.0000, Safety Mode: SAFE_HOLD, Override: Safe hold mode active
2025-05-28 04:04:14,587 - INFO - [AUDIT] - Action: 0, Confidence: 1.0000, Safety Mode: SAFE_HOLD, Override: Safe hold mode active
2025-05-28 04:04:14,588 - INFO - [AUDIT] - Action: 0, Confidence: 1.0000, Safety Mode: SAFE_HOLD, Override: Safe hold mode active
2025-05-28 04:04:14,588 - INFO - [AUDIT] - Action: 0, Confidence: 1.0000, Safety Mode: SAFE_HOLD, Override: Safe hold mode active
2025-05-28 04:04:14,588 - INFO - [AUDIT] - Action: 0, Confidence: 1.0000, Safety Mode: SAFE_HOLD, Override: Safe hold mode active
2025-05-28 04:04:14,588 - INFO - [AUDIT] - Action: 0, Confidence: 1.0000, Safety Mode: SAFE_HOLD, Override: Safe hold mode active
2025-05-28 04:04:14,588 - INFO - [AUDIT] - Action: 0, Confidence: 1.0000, Safety Mode: SAFE_HOLD, Override: Safe hold mode active
2025-05-28 04:04:14,589 - INFO - [AUDIT] - Action: 0, Confidence: 1.0000, Safety Mode: SAFE_HOLD, Override: Safe hold mode active
2025-05-28 04:04:14,589 - INFO - [AUDIT] - Action: 0, Confidence: 1.0000, Safety Mode: SAFE_HOLD, Override: Safe hold mode active
2025-05-28 04:04:14,589 - INFO - [AUDIT] - Action: 0, Confidence: 1.0000, Safety Mode: SAFE_HOLD, Override: Safe hold mode active
2025-05-28 04:04:14,589 - INFO - [AUDIT] - Action: 0, Confidence: 1.0000, Safety Mode: SAFE_HOLD, Override: Safe hold mode active
2025-05-28 04:04:14,589 - INFO - [AUDIT] - Action: 0, Confidence: 1.0000, Safety Mode: SAFE_HOLD, Override: Safe hold mode active
2025-05-28 04:04:14,590 - INFO - [AUDIT] - Action: 0, Confidence: 1.0000, Safety Mode: SAFE_HOLD, Override: Safe hold mode active
2025-05-28 04:04:14,590 - INFO - [AUDIT] - Action: 0, Confidence: 1.0000, Safety Mode: SAFE_HOLD, Override: Safe hold mode active
2025-05-28 04:04:14,590 - INFO - [AUDIT] - Action: 0, Confidence: 1.0000, Safety Mode: SAFE_HOLD, Override: Safe hold mode active
2025-05-28 04:04:14,590 - INFO - [AUDIT] - Action: 0, Confidence: 1.0000, Safety Mode: SAFE_HOLD, Override: Safe hold mode active
2025-05-28 04:04:14,590 - INFO - [AUDIT] - Action: 0, Confidence: 1.0000, Safety Mode: SAFE_HOLD, Override: Safe hold mode active
2025-05-28 04:04:14,590 - INFO - [AUDIT] - Action: 0, Confidence: 1.0000, Safety Mode: SAFE_HOLD, Override: Safe hold mode active
2025-05-28 04:04:14,591 - INFO - [AUDIT] - Action: 0, Confidence: 1.0000, Safety Mode: SAFE_HOLD, Override: Safe hold mode active
2025-05-28 04:04:14,591 - INFO - [AUDIT] - Action: 0, Confidence: 1.0000, Safety Mode: SAFE_HOLD, Override: Safe hold mode active
2025-05-28 04:04:14,591 - INFO - [AUDIT] - Action: 0, Confidence: 1.0000, Safety Mode: SAFE_HOLD, Override: Safe hold mode active
2025-05-28 04:04:14,591 - INFO - [AUDIT] - Action: 0, Confidence: 1.0000, Safety Mode: SAFE_HOLD, Override: Safe hold mode active
2025-05-28 04:04:14,591 - INFO - [AUDIT] - Action: 0, Confidence: 1.0000, Safety Mode: SAFE_HOLD, Override: Safe hold mode active
2025-05-28 04:04:14,592 - INFO - [AUDIT] - Action: 0, Confidence: 1.0000, Safety Mode: SAFE_HOLD, Override: Safe hold mode active
2025-05-28 04:04:14,592 - INFO - [AUDIT] - Action: 0, Confidence: 1.0000, Safety Mode: SAFE_HOLD, Override: Safe hold mode active
2025-05-28 04:04:14,592 - INFO - [AUDIT] - Action: 0, Confidence: 1.0000, Safety Mode: SAFE_HOLD, Override: Safe hold mode active
2025-05-28 04:04:14,592 - INFO - [AUDIT] - Action: 0, Confidence: 1.0000, Safety Mode: SAFE_HOLD, Override: Safe hold mode active
2025-05-28 04:04:14,592 - INFO - [AUDIT] - Action: 0, Confidence: 1.0000, Safety Mode: SAFE_HOLD, Override: Safe hold mode active
2025-05-28 04:04:14,593 - INFO - [AUDIT] - Action: 0, Confidence: 1.0000, Safety Mode: SAFE_HOLD, Override: Safe hold mode active
2025-05-28 04:04:14,593 - INFO - [AUDIT] - Action: 0, Confidence: 1.0000, Safety Mode: SAFE_HOLD, Override: Safe hold mode active
2025-05-28 04:04:14,593 - INFO - [AUDIT] - Action: 0, Confidence: 1.0000, Safety Mode: SAFE_HOLD, Override: Safe hold mode active
2025-05-28 04:04:14,593 - INFO - [AUDIT] - Action: 0, Confidence: 1.0000, Safety Mode: SAFE_HOLD, Override: Safe hold mode active
2025-05-28 04:04:14,594 - INFO - [AUDIT] - Action: 0, Confidence: 1.0000, Safety Mode: SAFE_HOLD, Override: Safe hold mode active
2025-05-28 04:04:14,594 - INFO - [AUDIT] - Action: 0, Confidence: 1.0000, Safety Mode: SAFE_HOLD, Override: Safe hold mode active
2025-05-28 04:04:14,594 - INFO - [AUDIT] - Action: 0, Confidence: 1.0000, Safety Mode: SAFE_HOLD, Override: Safe hold mode active
2025-05-28 04:04:14,594 - INFO - [AUDIT] - Action: 0, Confidence: 1.0000, Safety Mode: SAFE_HOLD, Override: Safe hold mode active
2025-05-28 04:04:14,594 - INFO - [AUDIT] - Action: 0, Confidence: 1.0000, Safety Mode: SAFE_HOLD, Override: Safe hold mode active
2025-05-28 04:04:14,595 - INFO - [AUDIT] - Action: 0, Confidence: 1.0000, Safety Mode: SAFE_HOLD, Override: Safe hold mode active
2025-05-28 04:04:14,595 - INFO - [AUDIT] - Action: 0, Confidence: 1.0000, Safety Mode: SAFE_HOLD, Override: Safe hold mode active
2025-05-28 04:04:14,595 - INFO - [AUDIT] - Action: 0, Confidence: 1.0000, Safety Mode: SAFE_HOLD, Override: Safe hold mode active
2025-05-28 04:04:14,595 - INFO - [AUDIT] - Action: 0, Confidence: 1.0000, Safety Mode: SAFE_HOLD, Override: Safe hold mode active
2025-05-28 04:04:14,595 - INFO - [AUDIT] - Action: 0, Confidence: 1.0000, Safety Mode: SAFE_HOLD, Override: Safe hold mode active
2025-05-28 04:04:14,596 - INFO - [AUDIT] - Action: 0, Confidence: 1.0000, Safety Mode: SAFE_HOLD, Override: Safe hold mode active
2025-05-28 04:04:14,596 - INFO - [AUDIT] - Action: 0, Confidence: 1.0000, Safety Mode: SAFE_HOLD, Override: Safe hold mode active
2025-05-28 04:04:14,596 - INFO - [AUDIT] - Action: 0, Confidence: 1.0000, Safety Mode: SAFE_HOLD, Override: Safe hold mode active
2025-05-28 04:04:14,596 - INFO - [AUDIT] - Action: 0, Confidence: 1.0000, Safety Mode: SAFE_HOLD, Override: Safe hold mode active
2025-05-28 04:04:14,596 - INFO - [AUDIT] - Action: 0, Confidence: 1.0000, Safety Mode: SAFE_HOLD, Override: Safe hold mode active
2025-05-28 04:04:14,597 - INFO - [AUDIT] - Action: 0, Confidence: 1.0000, Safety Mode: SAFE_HOLD, Override: Safe hold mode active
2025-05-28 04:04:14,597 - INFO - [AUDIT] - Action: 0, Confidence: 1.0000, Safety Mode: SAFE_HOLD, Override: Safe hold mode active
2025-05-28 04:04:14,597 - INFO - [AUDIT] - Action: 0, Confidence: 1.0000, Safety Mode: SAFE_HOLD, Override: Safe hold mode active
2025-05-28 04:04:14,597 - INFO - [AUDIT] - Action: 0, Confidence: 1.0000, Safety Mode: SAFE_HOLD, Override: Safe hold mode active
2025-05-28 04:04:14,597 - INFO - [AUDIT] - Action: 0, Confidence: 1.0000, Safety Mode: SAFE_HOLD, Override: Safe hold mode active
2025-05-28 04:04:14,598 - INFO - [AUDIT] - Action: 0, Confidence: 1.0000, Safety Mode: SAFE_HOLD, Override: Safe hold mode active
2025-05-28 04:04:14,598 - INFO - [AUDIT] - Action: 0, Confidence: 1.0000, Safety Mode: SAFE_HOLD, Override: Safe hold mode active
2025-05-28 04:04:14,598 - INFO - [AUDIT] - Action: 0, Confidence: 1.0000, Safety Mode: SAFE_HOLD, Override: Safe hold mode active
2025-05-28 04:04:14,598 - INFO - [AUDIT] - Action: 0, Confidence: 1.0000, Safety Mode: SAFE_HOLD, Override: Safe hold mode active
2025-05-28 04:04:14,599 - INFO - [AUDIT] - Action: 0, Confidence: 1.0000, Safety Mode: SAFE_HOLD, Override: Safe hold mode active
2025-05-28 04:04:14,599 - INFO - [AUDIT] - Action: 0, Confidence: 1.0000, Safety Mode: SAFE_HOLD, Override: Safe hold mode active
2025-05-28 04:04:14,599 - INFO - [AUDIT] - Action: 0, Confidence: 1.0000, Safety Mode: SAFE_HOLD, Override: Safe hold mode active
2025-05-28 04:04:14,599 - INFO - [AUDIT] - Action: 0, Confidence: 1.0000, Safety Mode: SAFE_HOLD, Override: Safe hold mode active
2025-05-28 04:04:14,599 - INFO - [AUDIT] - Action: 0, Confidence: 1.0000, Safety Mode: SAFE_HOLD, Override: Safe hold mode active
2025-05-28 04:04:14,599 - INFO - [AUDIT] - Action: 0, Confidence: 1.0000, Safety Mode: SAFE_HOLD, Override: Safe hold mode active
2025-05-28 04:04:14,600 - INFO - [AUDIT] - Action: 0, Confidence: 1.0000, Safety Mode: SAFE_HOLD, Override: Safe hold mode active
2025-05-28 04:04:14,600 - INFO - [AUDIT] - Action: 0, Confidence: 1.0000, Safety Mode: SAFE_HOLD, Override: Safe hold mode active
2025-05-28 04:04:14,600 - INFO - [AUDIT] - Action: 0, Confidence: 1.0000, Safety Mode: SAFE_HOLD, Override: Safe hold mode active
2025-05-28 04:04:14,600 - INFO - [AUDIT] - Action: 0, Confidence: 1.0000, Safety Mode: SAFE_HOLD, Override: Safe hold mode active
2025-05-28 04:04:14,600 - INFO - [AUDIT] - Action: 0, Confidence: 1.0000, Safety Mode: SAFE_HOLD, Override: Safe hold mode active
2025-05-28 04:04:14,601 - INFO - [AUDIT] - Action: 0, Confidence: 1.0000, Safety Mode: SAFE_HOLD, Override: Safe hold mode active
2025-05-28 04:04:14,601 - INFO - [AUDIT] - Action: 0, Confidence: 1.0000, Safety Mode: SAFE_HOLD, Override: Safe hold mode active
2025-05-28 04:04:14,601 - INFO - [AUDIT] - Action: 0, Confidence: 1.0000, Safety Mode: SAFE_HOLD, Override: Safe hold mode active
2025-05-28 04:04:14,601 - INFO - [AUDIT] - Action: 0, Confidence: 1.0000, Safety Mode: SAFE_HOLD, Override: Safe hold mode active
2025-05-28 04:04:14,601 - INFO - [AUDIT] - Action: 0, Confidence: 1.0000, Safety Mode: SAFE_HOLD, Override: Safe hold mode active
2025-05-28 04:04:14,602 - INFO - [AUDIT] - Action: 0, Confidence: 1.0000, Safety Mode: SAFE_HOLD, Override: Safe hold mode active
2025-05-28 04:04:14,602 - INFO - [AUDIT] - Action: 0, Confidence: 1.0000, Safety Mode: SAFE_HOLD, Override: Safe hold mode active
2025-05-28 04:04:14,602 - INFO - [AUDIT] - Action: 0, Confidence: 1.0000, Safety Mode: SAFE_HOLD, Override: Safe hold mode active
2025-05-28 04:04:14,602 - INFO - [AUDIT] - Action: 0, Confidence: 1.0000, Safety Mode: SAFE_HOLD, Override: Safe hold mode active
2025-05-28 04:04:14,603 - INFO - [AUDIT] - Action: 0, Confidence: 1.0000, Safety Mode: SAFE_HOLD, Override: Safe hold mode active
2025-05-28 04:04:14,603 - INFO - [AUDIT] - Action: 0, Confidence: 1.0000, Safety Mode: SAFE_HOLD, Override: Safe hold mode active
2025-05-28 04:04:14,603 - INFO - [AUDIT] - Action: 0, Confidence: 1.0000, Safety Mode: SAFE_HOLD, Override: Safe hold mode active
2025-05-28 04:04:14,603 - INFO - [AUDIT] - Action: 0, Confidence: 1.0000, Safety Mode: SAFE_HOLD, Override: Safe hold mode active
2025-05-28 04:04:14,603 - INFO - [AUDIT] - Action: 0, Confidence: 1.0000, Safety Mode: SAFE_HOLD, Override: Safe hold mode active
2025-05-28 04:04:14,604 - INFO - [AUDIT] - Action: 0, Confidence: 1.0000, Safety Mode: SAFE_HOLD, Override: Safe hold mode active
2025-05-28 04:04:14,604 - INFO - [AUDIT] - Action: 0, Confidence: 1.0000, Safety Mode: SAFE_HOLD, Override: Safe hold mode active
2025-05-28 04:04:14,604 - INFO - [AUDIT] - Action: 0, Confidence: 1.0000, Safety Mode: SAFE_HOLD, Override: Safe hold mode active
2025-05-28 04:04:14,604 - INFO - [AUDIT] - Action: 0, Confidence: 1.0000, Safety Mode: SAFE_HOLD, Override: Safe hold mode active
2025-05-28 04:04:14,604 - INFO - [AUDIT] - Action: 0, Confidence: 1.0000, Safety Mode: SAFE_HOLD, Override: Safe hold mode active
2025-05-28 04:04:14,605 - INFO - [AUDIT] - Action: 0, Confidence: 1.0000, Safety Mode: SAFE_HOLD, Override: Safe hold mode active
2025-05-28 04:04:14,605 - INFO - [AUDIT] - Action: 0, Confidence: 1.0000, Safety Mode: SAFE_HOLD, Override: Safe hold mode active
2025-05-28 04:04:14,605 - INFO - [AUDIT] - Action: 0, Confidence: 1.0000, Safety Mode: SAFE_HOLD, Override: Safe hold mode active
2025-05-28 04:04:14,605 - INFO - [AUDIT] - Action: 0, Confidence: 1.0000, Safety Mode: SAFE_HOLD, Override: Safe hold mode active
2025-05-28 04:04:14,605 - INFO - [AUDIT] - Action: 0, Confidence: 1.0000, Safety Mode: SAFE_HOLD, Override: Safe hold mode active
2025-05-28 04:04:14,606 - INFO - [AUDIT] - Action: 0, Confidence: 1.0000, Safety Mode: SAFE_HOLD, Override: Safe hold mode active
2025-05-28 04:04:14,606 - INFO - [AUDIT] - Action: 0, Confidence: 1.0000, Safety Mode: SAFE_HOLD, Override: Safe hold mode active
2025-05-28 04:04:14,606 - INFO - [AUDIT] - Action: 0, Confidence: 1.0000, Safety Mode: SAFE_HOLD, Override: Safe hold mode active
2025-05-28 04:04:14,606 - INFO - [AUDIT] - Action: 0, Confidence: 1.0000, Safety Mode: SAFE_HOLD, Override: Safe hold mode active
2025-05-28 04:04:14,606 - INFO - [AUDIT] - Action: 0, Confidence: 1.0000, Safety Mode: SAFE_HOLD, Override: Safe hold mode active
2025-05-28 04:04:14,607 - INFO - [AUDIT] - Action: 0, Confidence: 1.0000, Safety Mode: SAFE_HOLD, Override: Safe hold mode active
2025-05-28 04:04:14,607 - INFO - [AUDIT] - Action: 0, Confidence: 1.0000, Safety Mode: SAFE_HOLD, Override: Safe hold mode active
2025-05-28 04:04:14,607 - INFO - [AUDIT] - Action: 0, Confidence: 1.0000, Safety Mode: SAFE_HOLD, Override: Safe hold mode active
2025-05-28 04:04:14,607 - INFO - [AUDIT] - Action: 0, Confidence: 1.0000, Safety Mode: SAFE_HOLD, Override: Safe hold mode active
2025-05-28 04:04:14,607 - INFO - [AUDIT] - Action: 0, Confidence: 1.0000, Safety Mode: SAFE_HOLD, Override: Safe hold mode active
2025-05-28 04:04:14,607 - INFO - [AUDIT] - Action: 0, Confidence: 1.0000, Safety Mode: SAFE_HOLD, Override: Safe hold mode active
2025-05-28 04:04:14,608 - INFO - [AUDIT] - Action: 0, Confidence: 1.0000, Safety Mode: SAFE_HOLD, Override: Safe hold mode active
2025-05-28 04:04:14,608 - INFO - [AUDIT] - Action: 0, Confidence: 1.0000, Safety Mode: SAFE_HOLD, Override: Safe hold mode active
2025-05-28 04:04:14,608 - INFO - [AUDIT] - Action: 0, Confidence: 1.0000, Safety Mode: SAFE_HOLD, Override: Safe hold mode active
2025-05-28 04:04:14,608 - INFO - [AUDIT] - Action: 0, Confidence: 1.0000, Safety Mode: SAFE_HOLD, Override: Safe hold mode active
2025-05-28 04:04:14,608 - INFO - [AUDIT] - Action: 0, Confidence: 1.0000, Safety Mode: SAFE_HOLD, Override: Safe hold mode active
2025-05-28 04:04:14,609 - INFO - [AUDIT] - Action: 0, Confidence: 1.0000, Safety Mode: SAFE_HOLD, Override: Safe hold mode active
2025-05-28 04:04:14,609 - INFO - [AUDIT] - Action: 0, Confidence: 1.0000, Safety Mode: SAFE_HOLD, Override: Safe hold mode active
2025-05-28 04:04:14,609 - INFO - [AUDIT] - Action: 0, Confidence: 1.0000, Safety Mode: SAFE_HOLD, Override: Safe hold mode active
2025-05-28 04:04:14,609 - INFO - [AUDIT] - Action: 0, Confidence: 1.0000, Safety Mode: SAFE_HOLD, Override: Safe hold mode active
2025-05-28 04:04:14,609 - INFO - [AUDIT] - Action: 0, Confidence: 1.0000, Safety Mode: SAFE_HOLD, Override: Safe hold mode active
2025-05-28 04:04:14,610 - INFO - [AUDIT] - Action: 0, Confidence: 1.0000, Safety Mode: SAFE_HOLD, Override: Safe hold mode active
2025-05-28 04:04:14,610 - INFO - [AUDIT] - Action: 0, Confidence: 1.0000, Safety Mode: SAFE_HOLD, Override: Safe hold mode active
2025-05-28 04:04:14,610 - INFO - [AUDIT] - Action: 0, Confidence: 1.0000, Safety Mode: SAFE_HOLD, Override: Safe hold mode active
2025-05-28 04:04:14,610 - INFO - [AUDIT] - Action: 0, Confidence: 1.0000, Safety Mode: SAFE_HOLD, Override: Safe hold mode active
2025-05-28 04:04:14,610 - INFO - [AUDIT] - Action: 0, Confidence: 1.0000, Safety Mode: SAFE_HOLD, Override: Safe hold mode active
2025-05-28 04:04:14,611 - INFO - [AUDIT] - Action: 0, Confidence: 1.0000, Safety Mode: SAFE_HOLD, Override: Safe hold mode active
2025-05-28 04:04:14,611 - INFO - [AUDIT] - Action: 0, Confidence: 1.0000, Safety Mode: SAFE_HOLD, Override: Safe hold mode active
2025-05-28 04:04:14,611 - INFO - [AUDIT] - Action: 0, Confidence: 1.0000, Safety Mode: SAFE_HOLD, Override: Safe hold mode active
2025-05-28 04:04:14,611 - INFO - [AUDIT] - Action: 0, Confidence: 1.0000, Safety Mode: SAFE_HOLD, Override: Safe hold mode active
2025-05-28 04:04:14,611 - INFO - [AUDIT] - Action: 0, Confidence: 1.0000, Safety Mode: SAFE_HOLD, Override: Safe hold mode active
2025-05-28 04:04:14,612 - INFO - [AUDIT] - Action: 0, Confidence: 1.0000, Safety Mode: SAFE_HOLD, Override: Safe hold mode active
2025-05-28 04:04:14,612 - INFO - [AUDIT] - Action: 0, Confidence: 1.0000, Safety Mode: SAFE_HOLD, Override: Safe hold mode active
2025-05-28 04:04:14,612 - INFO - [AUDIT] - Action: 0, Confidence: 1.0000, Safety Mode: SAFE_HOLD, Override: Safe hold mode active
2025-05-28 04:04:14,612 - INFO - [AUDIT] - Action: 0, Confidence: 1.0000, Safety Mode: SAFE_HOLD, Override: Safe hold mode active
2025-05-28 04:04:14,612 - INFO - [AUDIT] - Action: 0, Confidence: 1.0000, Safety Mode: SAFE_HOLD, Override: Safe hold mode active
2025-05-28 04:04:14,613 - INFO - [AUDIT] - Action: 0, Confidence: 1.0000, Safety Mode: SAFE_HOLD, Override: Safe hold mode active
2025-05-28 04:04:14,613 - INFO - [AUDIT] - Action: 0, Confidence: 1.0000, Safety Mode: SAFE_HOLD, Override: Safe hold mode active
2025-05-28 04:04:14,613 - INFO - [AUDIT] - Action: 0, Confidence: 1.0000, Safety Mode: SAFE_HOLD, Override: Safe hold mode active
2025-05-28 04:04:14,613 - INFO - [AUDIT] - Action: 0, Confidence: 1.0000, Safety Mode: SAFE_HOLD, Override: Safe hold mode active
2025-05-28 04:04:14,613 - INFO - [AUDIT] - Action: 0, Confidence: 1.0000, Safety Mode: SAFE_HOLD, Override: Safe hold mode active
2025-05-28 04:04:14,613 - INFO - [AUDIT] - Action: 0, Confidence: 1.0000, Safety Mode: SAFE_HOLD, Override: Safe hold mode active
2025-05-28 04:04:14,614 - INFO - [AUDIT] - Action: 0, Confidence: 1.0000, Safety Mode: SAFE_HOLD, Override: Safe hold mode active
2025-05-28 04:04:14,614 - INFO - [AUDIT] - Action: 0, Confidence: 1.0000, Safety Mode: SAFE_HOLD, Override: Safe hold mode active
2025-05-28 04:04:14,614 - INFO - [AUDIT] - Action: 0, Confidence: 1.0000, Safety Mode: SAFE_HOLD, Override: Safe hold mode active
2025-05-28 04:04:14,614 - INFO - [AUDIT] - Action: 0, Confidence: 1.0000, Safety Mode: SAFE_HOLD, Override: Safe hold mode active
2025-05-28 04:04:14,614 - INFO - [AUDIT] - Action: 0, Confidence: 1.0000, Safety Mode: SAFE_HOLD, Override: Safe hold mode active
2025-05-28 04:04:14,615 - INFO - [AUDIT] - Action: 0, Confidence: 1.0000, Safety Mode: SAFE_HOLD, Override: Safe hold mode active
2025-05-28 04:04:14,615 - INFO - [AUDIT] - Action: 0, Confidence: 1.0000, Safety Mode: SAFE_HOLD, Override: Safe hold mode active
2025-05-28 04:04:14,615 - INFO - [AUDIT] - Action: 0, Confidence: 1.0000, Safety Mode: SAFE_HOLD, Override: Safe hold mode active
2025-05-28 04:04:14,615 - INFO - [AUDIT] - Action: 0, Confidence: 1.0000, Safety Mode: SAFE_HOLD, Override: Safe hold mode active
2025-05-28 04:04:14,615 - INFO - [AUDIT] - Action: 0, Confidence: 1.0000, Safety Mode: SAFE_HOLD, Override: Safe hold mode active
2025-05-28 04:04:14,616 - INFO - [AUDIT] - Action: 0, Confidence: 1.0000, Safety Mode: SAFE_HOLD, Override: Safe hold mode active
2025-05-28 04:04:14,616 - INFO - [AUDIT] - Action: 0, Confidence: 1.0000, Safety Mode: SAFE_HOLD, Override: Safe hold mode active
2025-05-28 04:04:14,616 - INFO - [AUDIT] - Action: 0, Confidence: 1.0000, Safety Mode: SAFE_HOLD, Override: Safe hold mode active
2025-05-28 04:04:14,616 - INFO - [AUDIT] - Action: 0, Confidence: 1.0000, Safety Mode: SAFE_HOLD, Override: Safe hold mode active
2025-05-28 04:04:14,616 - INFO - [AUDIT] - Action: 0, Confidence: 1.0000, Safety Mode: SAFE_HOLD, Override: Safe hold mode active
2025-05-28 04:04:14,616 - INFO - [AUDIT] - Action: 0, Confidence: 1.0000, Safety Mode: SAFE_HOLD, Override: Safe hold mode active
2025-05-28 04:04:14,617 - INFO - [AUDIT] - Action: 0, Confidence: 1.0000, Safety Mode: SAFE_HOLD, Override: Safe hold mode active
2025-05-28 04:04:14,617 - INFO - [AUDIT] - Action: 0, Confidence: 1.0000, Safety Mode: SAFE_HOLD, Override: Safe hold mode active
2025-05-28 04:04:14,617 - INFO - [AUDIT] - Action: 0, Confidence: 1.0000, Safety Mode: SAFE_HOLD, Override: Safe hold mode active
2025-05-28 04:04:14,617 - INFO - [AUDIT] - Action: 0, Confidence: 1.0000, Safety Mode: SAFE_HOLD, Override: Safe hold mode active
2025-05-28 04:04:14,617 - INFO - [AUDIT] - Action: 0, Confidence: 1.0000, Safety Mode: SAFE_HOLD, Override: Safe hold mode active
2025-05-28 04:04:14,618 - INFO - [AUDIT] - Action: 0, Confidence: 1.0000, Safety Mode: SAFE_HOLD, Override: Safe hold mode active
2025-05-28 04:04:14,618 - INFO - [AUDIT] - Action: 0, Confidence: 1.0000, Safety Mode: SAFE_HOLD, Override: Safe hold mode active
2025-05-28 04:04:14,618 - INFO - [AUDIT] - Action: 0, Confidence: 1.0000, Safety Mode: SAFE_HOLD, Override: Safe hold mode active
2025-05-28 04:04:14,618 - INFO - [AUDIT] - Action: 0, Confidence: 1.0000, Safety Mode: SAFE_HOLD, Override: Safe hold mode active
2025-05-28 04:04:14,618 - INFO - [AUDIT] - Action: 0, Confidence: 1.0000, Safety Mode: SAFE_HOLD, Override: Safe hold mode active
2025-05-28 04:04:14,619 - INFO - [AUDIT] - Action: 0, Confidence: 1.0000, Safety Mode: SAFE_HOLD, Override: Safe hold mode active
2025-05-28 04:04:14,619 - INFO - [AUDIT] - Action: 0, Confidence: 1.0000, Safety Mode: SAFE_HOLD, Override: Safe hold mode active
2025-05-28 04:04:14,619 - INFO - [AUDIT] - Action: 0, Confidence: 1.0000, Safety Mode: SAFE_HOLD, Override: Safe hold mode active
2025-05-28 04:04:14,619 - INFO - [AUDIT] - Action: 0, Confidence: 1.0000, Safety Mode: SAFE_HOLD, Override: Safe hold mode active
2025-05-28 04:04:14,620 - INFO - [AUDIT] - Action: 0, Confidence: 1.0000, Safety Mode: SAFE_HOLD, Override: Safe hold mode active
2025-05-28 04:04:14,620 - INFO - [AUDIT] - Action: 0, Confidence: 1.0000, Safety Mode: SAFE_HOLD, Override: Safe hold mode active
2025-05-28 04:04:14,620 - INFO - [AUDIT] - Action: 0, Confidence: 1.0000, Safety Mode: SAFE_HOLD, Override: Safe hold mode active
2025-05-28 04:04:14,620 - INFO - [AUDIT] - Action: 0, Confidence: 1.0000, Safety Mode: SAFE_HOLD, Override: Safe hold mode active
2025-05-28 04:04:14,620 - INFO - [AUDIT] - Action: 0, Confidence: 1.0000, Safety Mode: SAFE_HOLD, Override: Safe hold mode active
2025-05-28 04:04:14,621 - INFO - [AUDIT] - Action: 0, Confidence: 1.0000, Safety Mode: SAFE_HOLD, Override: Safe hold mode active
2025-05-28 04:04:14,621 - INFO - [AUDIT] - Action: 0, Confidence: 1.0000, Safety Mode: SAFE_HOLD, Override: Safe hold mode active
2025-05-28 04:04:14,621 - INFO - [AUDIT] - Action: 0, Confidence: 1.0000, Safety Mode: SAFE_HOLD, Override: Safe hold mode active
2025-05-28 04:04:14,621 - INFO - [AUDIT] - Action: 0, Confidence: 1.0000, Safety Mode: SAFE_HOLD, Override: Safe hold mode active
2025-05-28 04:04:14,621 - INFO - [AUDIT] - Action: 0, Confidence: 1.0000, Safety Mode: SAFE_HOLD, Override: Safe hold mode active
2025-05-28 04:04:14,622 - INFO - [AUDIT] - Action: 0, Confidence: 1.0000, Safety Mode: SAFE_HOLD, Override: Safe hold mode active
2025-05-28 04:04:14,622 - INFO - [AUDIT] - Action: 0, Confidence: 1.0000, Safety Mode: SAFE_HOLD, Override: Safe hold mode active
2025-05-28 04:04:14,622 - INFO - [AUDIT] - Action: 0, Confidence: 1.0000, Safety Mode: SAFE_HOLD, Override: Safe hold mode active
2025-05-28 04:04:14,622 - INFO - [AUDIT] - Action: 0, Confidence: 1.0000, Safety Mode: SAFE_HOLD, Override: Safe hold mode active
2025-05-28 04:04:14,622 - INFO - [AUDIT] - Action: 0, Confidence: 1.0000, Safety Mode: SAFE_HOLD, Override: Safe hold mode active
2025-05-28 04:04:14,622 - INFO - [AUDIT] - Action: 0, Confidence: 1.0000, Safety Mode: SAFE_HOLD, Override: Safe hold mode active
2025-05-28 04:04:14,623 - INFO - [AUDIT] - Action: 0, Confidence: 1.0000, Safety Mode: SAFE_HOLD, Override: Safe hold mode active
2025-05-28 04:04:14,623 - INFO - [AUDIT] - Action: 0, Confidence: 1.0000, Safety Mode: SAFE_HOLD, Override: Safe hold mode active
2025-05-28 04:04:14,623 - INFO - [AUDIT] - Action: 0, Confidence: 1.0000, Safety Mode: SAFE_HOLD, Override: Safe hold mode active
2025-05-28 04:04:14,623 - INFO - [AUDIT] - Action: 0, Confidence: 1.0000, Safety Mode: SAFE_HOLD, Override: Safe hold mode active
2025-05-28 04:04:14,624 - INFO - [AUDIT] - Action: 0, Confidence: 1.0000, Safety Mode: SAFE_HOLD, Override: Safe hold mode active
2025-05-28 04:04:14,624 - INFO - [AUDIT] - Action: 0, Confidence: 1.0000, Safety Mode: SAFE_HOLD, Override: Safe hold mode active
2025-05-28 04:04:14,624 - INFO - [AUDIT] - Action: 0, Confidence: 1.0000, Safety Mode: SAFE_HOLD, Override: Safe hold mode active
2025-05-28 04:04:14,624 - INFO - [AUDIT] - Action: 0, Confidence: 1.0000, Safety Mode: SAFE_HOLD, Override: Safe hold mode active
2025-05-28 04:04:14,625 - INFO - [AUDIT] - Action: 0, Confidence: 1.0000, Safety Mode: SAFE_HOLD, Override: Safe hold mode active
2025-05-28 04:04:14,625 - INFO - [AUDIT] - Action: 0, Confidence: 1.0000, Safety Mode: SAFE_HOLD, Override: Safe hold mode active
2025-05-28 04:04:14,625 - INFO - [AUDIT] - Action: 0, Confidence: 1.0000, Safety Mode: SAFE_HOLD, Override: Safe hold mode active
2025-05-28 04:04:14,625 - INFO - [AUDIT] - Action: 0, Confidence: 1.0000, Safety Mode: SAFE_HOLD, Override: Safe hold mode active
2025-05-28 04:04:14,625 - INFO - [AUDIT] - Action: 0, Confidence: 1.0000, Safety Mode: SAFE_HOLD, Override: Safe hold mode active
2025-05-28 04:04:14,625 - INFO - [AUDIT] - Action: 0, Confidence: 1.0000, Safety Mode: SAFE_HOLD, Override: Safe hold mode active
2025-05-28 04:04:14,626 - INFO - [AUDIT] - Action: 0, Confidence: 1.0000, Safety Mode: SAFE_HOLD, Override: Safe hold mode active
2025-05-28 04:04:14,626 - INFO - [AUDIT] - Action: 0, Confidence: 1.0000, Safety Mode: SAFE_HOLD, Override: Safe hold mode active
2025-05-28 04:04:14,626 - INFO - [AUDIT] - Action: 0, Confidence: 1.0000, Safety Mode: SAFE_HOLD, Override: Safe hold mode active
2025-05-28 04:04:14,626 - INFO - [AUDIT] - Action: 0, Confidence: 1.0000, Safety Mode: SAFE_HOLD, Override: Safe hold mode active
2025-05-28 04:04:14,626 - INFO - [AUDIT] - Action: 0, Confidence: 1.0000, Safety Mode: SAFE_HOLD, Override: Safe hold mode active
2025-05-28 04:04:14,627 - INFO - [AUDIT] - Action: 0, Confidence: 1.0000, Safety Mode: SAFE_HOLD, Override: Safe hold mode active
2025-05-28 04:04:14,627 - INFO - [AUDIT] - Action: 0, Confidence: 1.0000, Safety Mode: SAFE_HOLD, Override: Safe hold mode active
2025-05-28 04:04:14,627 - INFO - [AUDIT] - Action: 0, Confidence: 1.0000, Safety Mode: SAFE_HOLD, Override: Safe hold mode active
2025-05-28 04:04:14,627 - INFO - [AUDIT] - Action: 0, Confidence: 1.0000, Safety Mode: SAFE_HOLD, Override: Safe hold mode active
2025-05-28 04:04:14,627 - INFO - [AUDIT] - Action: 0, Confidence: 1.0000, Safety Mode: SAFE_HOLD, Override: Safe hold mode active
2025-05-28 04:04:14,628 - INFO - [AUDIT] - Action: 0, Confidence: 1.0000, Safety Mode: SAFE_HOLD, Override: Safe hold mode active
2025-05-28 04:04:14,628 - INFO - [AUDIT] - Action: 0, Confidence: 1.0000, Safety Mode: SAFE_HOLD, Override: Safe hold mode active
2025-05-28 04:04:14,628 - INFO - [AUDIT] - Action: 0, Confidence: 1.0000, Safety Mode: SAFE_HOLD, Override: Safe hold mode active
2025-05-28 04:04:14,628 - INFO - [AUDIT] - Action: 0, Confidence: 1.0000, Safety Mode: SAFE_HOLD, Override: Safe hold mode active
2025-05-28 04:04:14,628 - INFO - [AUDIT] - Action: 0, Confidence: 1.0000, Safety Mode: SAFE_HOLD, Override: Safe hold mode active
2025-05-28 04:04:14,629 - INFO - [AUDIT] - Action: 0, Confidence: 1.0000, Safety Mode: SAFE_HOLD, Override: Safe hold mode active
2025-05-28 04:04:14,629 - INFO - [AUDIT] - Action: 0, Confidence: 1.0000, Safety Mode: SAFE_HOLD, Override: Safe hold mode active
2025-05-28 04:04:14,629 - INFO - [AUDIT] - Action: 0, Confidence: 1.0000, Safety Mode: SAFE_HOLD, Override: Safe hold mode active
2025-05-28 04:04:14,629 - INFO - [AUDIT] - Action: 0, Confidence: 1.0000, Safety Mode: SAFE_HOLD, Override: Safe hold mode active
2025-05-28 04:04:14,629 - INFO - [AUDIT] - Action: 0, Confidence: 1.0000, Safety Mode: SAFE_HOLD, Override: Safe hold mode active
2025-05-28 04:04:14,630 - INFO - [AUDIT] - Action: 0, Confidence: 1.0000, Safety Mode: SAFE_HOLD, Override: Safe hold mode active
2025-05-28 04:04:14,630 - INFO - [AUDIT] - Action: 0, Confidence: 1.0000, Safety Mode: SAFE_HOLD, Override: Safe hold mode active
2025-05-28 04:04:14,630 - INFO - [AUDIT] - Action: 0, Confidence: 1.0000, Safety Mode: SAFE_HOLD, Override: Safe hold mode active
2025-05-28 04:04:14,630 - INFO - [AUDIT] - Action: 0, Confidence: 1.0000, Safety Mode: SAFE_HOLD, Override: Safe hold mode active
2025-05-28 04:04:14,630 - INFO - [AUDIT] - Action: 0, Confidence: 1.0000, Safety Mode: SAFE_HOLD, Override: Safe hold mode active
2025-05-28 04:04:14,630 - INFO - [AUDIT] - Action: 0, Confidence: 1.0000, Safety Mode: SAFE_HOLD, Override: Safe hold mode active
2025-05-28 04:04:14,631 - INFO - [AUDIT] - Action: 0, Confidence: 1.0000, Safety Mode: SAFE_HOLD, Override: Safe hold mode active
2025-05-28 04:04:14,631 - INFO - [AUDIT] - Action: 0, Confidence: 1.0000, Safety Mode: SAFE_HOLD, Override: Safe hold mode active
2025-05-28 04:04:14,631 - INFO - [AUDIT] - Action: 0, Confidence: 1.0000, Safety Mode: SAFE_HOLD, Override: Safe hold mode active
2025-05-28 04:04:14,631 - INFO - [AUDIT] - Action: 0, Confidence: 1.0000, Safety Mode: SAFE_HOLD, Override: Safe hold mode active
2025-05-28 04:04:14,631 - INFO - [AUDIT] - Action: 0, Confidence: 1.0000, Safety Mode: SAFE_HOLD, Override: Safe hold mode active
2025-05-28 04:04:14,632 - INFO - [AUDIT] - Action: 0, Confidence: 1.0000, Safety Mode: SAFE_HOLD, Override: Safe hold mode active
2025-05-28 04:04:14,632 - INFO - [AUDIT] - Action: 0, Confidence: 1.0000, Safety Mode: SAFE_HOLD, Override: Safe hold mode active
2025-05-28 04:04:14,632 - INFO - [AUDIT] - Action: 0, Confidence: 1.0000, Safety Mode: SAFE_HOLD, Override: Safe hold mode active
2025-05-28 04:04:14,632 - INFO - [AUDIT] - Action: 0, Confidence: 1.0000, Safety Mode: SAFE_HOLD, Override: Safe hold mode active
2025-05-28 04:04:14,632 - INFO - [AUDIT] - Action: 0, Confidence: 1.0000, Safety Mode: SAFE_HOLD, Override: Safe hold mode active
2025-05-28 04:04:14,633 - INFO - [AUDIT] - Action: 0, Confidence: 1.0000, Safety Mode: SAFE_HOLD, Override: Safe hold mode active
2025-05-28 04:04:14,633 - INFO - [AUDIT] - Action: 0, Confidence: 1.0000, Safety Mode: SAFE_HOLD, Override: Safe hold mode active
2025-05-28 04:04:14,633 - INFO - [AUDIT] - Action: 0, Confidence: 1.0000, Safety Mode: SAFE_HOLD, Override: Safe hold mode active
2025-05-28 04:04:14,633 - INFO - [AUDIT] - Action: 0, Confidence: 1.0000, Safety Mode: SAFE_HOLD, Override: Safe hold mode active
2025-05-28 04:04:14,633 - INFO - [AUDIT] - Action: 0, Confidence: 1.0000, Safety Mode: SAFE_HOLD, Override: Safe hold mode active
2025-05-28 04:04:14,633 - INFO - [AUDIT] - Action: 0, Confidence: 1.0000, Safety Mode: SAFE_HOLD, Override: Safe hold mode active
2025-05-28 04:04:14,634 - INFO - [AUDIT] - Action: 0, Confidence: 1.0000, Safety Mode: SAFE_HOLD, Override: Safe hold mode active
2025-05-28 04:04:14,634 - INFO - [AUDIT] - Action: 0, Confidence: 1.0000, Safety Mode: SAFE_HOLD, Override: Safe hold mode active
2025-05-28 04:04:14,634 - INFO - [AUDIT] - Action: 0, Confidence: 1.0000, Safety Mode: SAFE_HOLD, Override: Safe hold mode active
2025-05-28 04:04:14,634 - INFO - [AUDIT] - Action: 0, Confidence: 1.0000, Safety Mode: SAFE_HOLD, Override: Safe hold mode active
2025-05-28 04:04:14,634 - INFO - [AUDIT] - Action: 0, Confidence: 1.0000, Safety Mode: SAFE_HOLD, Override: Safe hold mode active
2025-05-28 04:04:14,635 - INFO - [AUDIT] - Action: 0, Confidence: 1.0000, Safety Mode: SAFE_HOLD, Override: Safe hold mode active
2025-05-28 04:04:14,635 - INFO - [AUDIT] - Action: 0, Confidence: 1.0000, Safety Mode: SAFE_HOLD, Override: Safe hold mode active
2025-05-28 04:04:14,635 - INFO - [AUDIT] - Action: 0, Confidence: 1.0000, Safety Mode: SAFE_HOLD, Override: Safe hold mode active
2025-05-28 04:04:14,635 - INFO - [AUDIT] - Action: 0, Confidence: 1.0000, Safety Mode: SAFE_HOLD, Override: Safe hold mode active
2025-05-28 04:04:14,635 - INFO - [AUDIT] - Action: 0, Confidence: 1.0000, Safety Mode: SAFE_HOLD, Override: Safe hold mode active
2025-05-28 04:04:14,636 - INFO - [AUDIT] - Action: 0, Confidence: 1.0000, Safety Mode: SAFE_HOLD, Override: Safe hold mode active
2025-05-28 04:04:14,636 - INFO - [AUDIT] - Action: 0, Confidence: 1.0000, Safety Mode: SAFE_HOLD, Override: Safe hold mode active
2025-05-28 04:04:14,636 - INFO - [AUDIT] - Action: 0, Confidence: 1.0000, Safety Mode: SAFE_HOLD, Override: Safe hold mode active
2025-05-28 04:04:14,636 - INFO - [AUDIT] - Action: 0, Confidence: 1.0000, Safety Mode: SAFE_HOLD, Override: Safe hold mode active
2025-05-28 04:04:14,636 - INFO - [AUDIT] - Action: 0, Confidence: 1.0000, Safety Mode: SAFE_HOLD, Override: Safe hold mode active
2025-05-28 04:04:14,637 - INFO - [AUDIT] - Action: 0, Confidence: 1.0000, Safety Mode: SAFE_HOLD, Override: Safe hold mode active
2025-05-28 04:04:14,637 - INFO - [AUDIT] - Action: 0, Confidence: 1.0000, Safety Mode: SAFE_HOLD, Override: Safe hold mode active
2025-05-28 04:04:14,637 - INFO - [AUDIT] - Action: 0, Confidence: 1.0000, Safety Mode: SAFE_HOLD, Override: Safe hold mode active
2025-05-28 04:04:14,637 - INFO - [AUDIT] - Action: 0, Confidence: 1.0000, Safety Mode: SAFE_HOLD, Override: Safe hold mode active
2025-05-28 04:04:14,637 - INFO - [AUDIT] - Action: 0, Confidence: 1.0000, Safety Mode: SAFE_HOLD, Override: Safe hold mode active
2025-05-28 04:04:14,638 - INFO - [AUDIT] - Action: 0, Confidence: 1.0000, Safety Mode: SAFE_HOLD, Override: Safe hold mode active
2025-05-28 04:04:14,638 - INFO - [AUDIT] - Action: 0, Confidence: 1.0000, Safety Mode: SAFE_HOLD, Override: Safe hold mode active
2025-05-28 04:04:14,638 - INFO - [AUDIT] - Action: 0, Confidence: 1.0000, Safety Mode: SAFE_HOLD, Override: Safe hold mode active
2025-05-28 04:04:14,638 - INFO - [AUDIT] - Action: 0, Confidence: 1.0000, Safety Mode: SAFE_HOLD, Override: Safe hold mode active
2025-05-28 04:04:14,638 - INFO - [AUDIT] - Action: 0, Confidence: 1.0000, Safety Mode: SAFE_HOLD, Override: Safe hold mode active
2025-05-28 04:04:14,639 - INFO - [AUDIT] - Action: 0, Confidence: 1.0000, Safety Mode: SAFE_HOLD, Override: Safe hold mode active
2025-05-28 04:04:14,639 - INFO - [AUDIT] - Action: 0, Confidence: 1.0000, Safety Mode: SAFE_HOLD, Override: Safe hold mode active
2025-05-28 04:04:14,639 - INFO - [AUDIT] - Action: 0, Confidence: 1.0000, Safety Mode: SAFE_HOLD, Override: Safe hold mode active
2025-05-28 04:04:14,639 - INFO - [AUDIT] - Action: 0, Confidence: 1.0000, Safety Mode: SAFE_HOLD, Override: Safe hold mode active
2025-05-28 04:04:14,639 - INFO - [AUDIT] - Action: 0, Confidence: 1.0000, Safety Mode: SAFE_HOLD, Override: Safe hold mode active
2025-05-28 04:04:14,640 - INFO - [AUDIT] - Action: 0, Confidence: 1.0000, Safety Mode: SAFE_HOLD, Override: Safe hold mode active
2025-05-28 04:04:14,640 - INFO - [AUDIT] - Action: 0, Confidence: 1.0000, Safety Mode: SAFE_HOLD, Override: Safe hold mode active
2025-05-28 04:04:14,640 - INFO - [AUDIT] - Action: 0, Confidence: 1.0000, Safety Mode: SAFE_HOLD, Override: Safe hold mode active
2025-05-28 04:04:14,640 - INFO - [AUDIT] - Action: 0, Confidence: 1.0000, Safety Mode: SAFE_HOLD, Override: Safe hold mode active
2025-05-28 04:04:14,640 - INFO - [AUDIT] - Action: 0, Confidence: 1.0000, Safety Mode: SAFE_HOLD, Override: Safe hold mode active
2025-05-28 04:04:14,640 - INFO - [AUDIT] - Action: 0, Confidence: 1.0000, Safety Mode: SAFE_HOLD, Override: Safe hold mode active
2025-05-28 04:04:14,641 - INFO - [AUDIT] - Action: 0, Confidence: 1.0000, Safety Mode: SAFE_HOLD, Override: Safe hold mode active
2025-05-28 04:04:14,641 - INFO - [AUDIT] - Action: 0, Confidence: 1.0000, Safety Mode: SAFE_HOLD, Override: Safe hold mode active
2025-05-28 04:04:14,641 - INFO - [AUDIT] - Action: 0, Confidence: 1.0000, Safety Mode: SAFE_HOLD, Override: Safe hold mode active
2025-05-28 04:04:14,641 - INFO - [AUDIT] - Action: 0, Confidence: 1.0000, Safety Mode: SAFE_HOLD, Override: Safe hold mode active
2025-05-28 04:04:14,641 - INFO - [AUDIT] - Action: 0, Confidence: 1.0000, Safety Mode: SAFE_HOLD, Override: Safe hold mode active
2025-05-28 04:04:14,642 - INFO - [AUDIT] - Action: 0, Confidence: 1.0000, Safety Mode: SAFE_HOLD, Override: Safe hold mode active
2025-05-28 04:04:14,642 - INFO - [AUDIT] - Action: 0, Confidence: 1.0000, Safety Mode: SAFE_HOLD, Override: Safe hold mode active
2025-05-28 04:04:14,642 - INFO - [AUDIT] - Action: 0, Confidence: 1.0000, Safety Mode: SAFE_HOLD, Override: Safe hold mode active
2025-05-28 04:04:14,642 - INFO - [AUDIT] - Action: 0, Confidence: 1.0000, Safety Mode: SAFE_HOLD, Override: Safe hold mode active
2025-05-28 04:04:14,643 - INFO - [AUDIT] - Action: 0, Confidence: 1.0000, Safety Mode: SAFE_HOLD, Override: Safe hold mode active
2025-05-28 04:04:14,643 - INFO - [AUDIT] - Action: 0, Confidence: 1.0000, Safety Mode: SAFE_HOLD, Override: Safe hold mode active
2025-05-28 04:04:14,643 - INFO - [AUDIT] - Action: 0, Confidence: 1.0000, Safety Mode: SAFE_HOLD, Override: Safe hold mode active
2025-05-28 04:04:14,643 - INFO - [AUDIT] - Action: 0, Confidence: 1.0000, Safety Mode: SAFE_HOLD, Override: Safe hold mode active
2025-05-28 04:04:14,643 - INFO - [AUDIT] - Action: 0, Confidence: 1.0000, Safety Mode: SAFE_HOLD, Override: Safe hold mode active
2025-05-28 04:04:14,643 - INFO - [AUDIT] - Action: 0, Confidence: 1.0000, Safety Mode: SAFE_HOLD, Override: Safe hold mode active
2025-05-28 04:04:14,644 - INFO - [AUDIT] - Action: 0, Confidence: 1.0000, Safety Mode: SAFE_HOLD, Override: Safe hold mode active
2025-05-28 04:04:14,644 - INFO - [AUDIT] - Action: 0, Confidence: 1.0000, Safety Mode: SAFE_HOLD, Override: Safe hold mode active
2025-05-28 04:04:14,644 - INFO - [AUDIT] - Action: 0, Confidence: 1.0000, Safety Mode: SAFE_HOLD, Override: Safe hold mode active
2025-05-28 04:04:14,644 - INFO - [AUDIT] - Action: 0, Confidence: 1.0000, Safety Mode: SAFE_HOLD, Override: Safe hold mode active
2025-05-28 04:04:14,644 - INFO - [AUDIT] - Action: 0, Confidence: 1.0000, Safety Mode: SAFE_HOLD, Override: Safe hold mode active
2025-05-28 04:04:14,645 - INFO - [AUDIT] - Action: 0, Confidence: 1.0000, Safety Mode: SAFE_HOLD, Override: Safe hold mode active
2025-05-28 04:04:14,645 - INFO - [AUDIT] - Action: 0, Confidence: 1.0000, Safety Mode: SAFE_HOLD, Override: Safe hold mode active
2025-05-28 04:04:14,645 - INFO - [AUDIT] - Action: 0, Confidence: 1.0000, Safety Mode: SAFE_HOLD, Override: Safe hold mode active
2025-05-28 04:04:14,645 - INFO - [AUDIT] - Action: 0, Confidence: 1.0000, Safety Mode: SAFE_HOLD, Override: Safe hold mode active
2025-05-28 04:04:14,645 - INFO - [AUDIT] - Action: 0, Confidence: 1.0000, Safety Mode: SAFE_HOLD, Override: Safe hold mode active
2025-05-28 04:04:14,646 - INFO - [AUDIT] - Action: 0, Confidence: 1.0000, Safety Mode: SAFE_HOLD, Override: Safe hold mode active
2025-05-28 04:04:14,646 - INFO - [AUDIT] - Action: 0, Confidence: 1.0000, Safety Mode: SAFE_HOLD, Override: Safe hold mode active
2025-05-28 04:04:14,646 - INFO - [AUDIT] - Action: 0, Confidence: 1.0000, Safety Mode: SAFE_HOLD, Override: Safe hold mode active
2025-05-28 04:04:14,646 - INFO - [AUDIT] - Action: 0, Confidence: 1.0000, Safety Mode: SAFE_HOLD, Override: Safe hold mode active
2025-05-28 04:04:14,646 - INFO - [AUDIT] - Action: 0, Confidence: 1.0000, Safety Mode: SAFE_HOLD, Override: Safe hold mode active
2025-05-28 04:04:14,646 - INFO - [AUDIT] - Action: 0, Confidence: 1.0000, Safety Mode: SAFE_HOLD, Override: Safe hold mode active
2025-05-28 04:04:14,647 - INFO - [AUDIT] - Action: 0, Confidence: 1.0000, Safety Mode: SAFE_HOLD, Override: Safe hold mode active
2025-05-28 04:04:14,647 - INFO - [AUDIT] - Action: 0, Confidence: 1.0000, Safety Mode: SAFE_HOLD, Override: Safe hold mode active
2025-05-28 04:04:14,647 - INFO - [AUDIT] - Action: 0, Confidence: 1.0000, Safety Mode: SAFE_HOLD, Override: Safe hold mode active
2025-05-28 04:04:14,647 - INFO - [AUDIT] - Action: 0, Confidence: 1.0000, Safety Mode: SAFE_HOLD, Override: Safe hold mode active
2025-05-28 04:04:14,647 - INFO - [AUDIT] - Action: 0, Confidence: 1.0000, Safety Mode: SAFE_HOLD, Override: Safe hold mode active
2025-05-28 04:04:14,648 - INFO - [AUDIT] - Action: 0, Confidence: 1.0000, Safety Mode: SAFE_HOLD, Override: Safe hold mode active
2025-05-28 04:04:14,648 - INFO - [AUDIT] - Action: 0, Confidence: 1.0000, Safety Mode: SAFE_HOLD, Override: Safe hold mode active
2025-05-28 04:04:14,648 - INFO - [AUDIT] - Action: 0, Confidence: 1.0000, Safety Mode: SAFE_HOLD, Override: Safe hold mode active
2025-05-28 04:04:14,648 - INFO - [AUDIT] - Action: 0, Confidence: 1.0000, Safety Mode: SAFE_HOLD, Override: Safe hold mode active
2025-05-28 04:04:14,649 - INFO - [AUDIT] - Action: 0, Confidence: 1.0000, Safety Mode: SAFE_HOLD, Override: Safe hold mode active
2025-05-28 04:04:14,649 - INFO - [AUDIT] - Action: 0, Confidence: 1.0000, Safety Mode: SAFE_HOLD, Override: Safe hold mode active
2025-05-28 04:04:14,649 - INFO - [AUDIT] - Action: 0, Confidence: 1.0000, Safety Mode: SAFE_HOLD, Override: Safe hold mode active
2025-05-28 04:04:14,649 - INFO - [AUDIT] - Action: 0, Confidence: 1.0000, Safety Mode: SAFE_HOLD, Override: Safe hold mode active
2025-05-28 04:04:14,649 - INFO - [AUDIT] - Action: 0, Confidence: 1.0000, Safety Mode: SAFE_HOLD, Override: Safe hold mode active
2025-05-28 04:04:14,649 - INFO - [AUDIT] - Action: 0, Confidence: 1.0000, Safety Mode: SAFE_HOLD, Override: Safe hold mode active
2025-05-28 04:04:14,650 - INFO - [AUDIT] - Action: 0, Confidence: 1.0000, Safety Mode: SAFE_HOLD, Override: Safe hold mode active
2025-05-28 04:04:14,650 - INFO - [AUDIT] - Action: 0, Confidence: 1.0000, Safety Mode: SAFE_HOLD, Override: Safe hold mode active
2025-05-28 04:04:14,650 - INFO - [AUDIT] - Action: 0, Confidence: 1.0000, Safety Mode: SAFE_HOLD, Override: Safe hold mode active
2025-05-28 04:04:14,650 - INFO - [AUDIT] - Action: 0, Confidence: 1.0000, Safety Mode: SAFE_HOLD, Override: Safe hold mode active
2025-05-28 04:04:14,650 - INFO - [AUDIT] - Action: 0, Confidence: 1.0000, Safety Mode: SAFE_HOLD, Override: Safe hold mode active
2025-05-28 04:04:14,651 - INFO - [AUDIT] - Action: 0, Confidence: 1.0000, Safety Mode: SAFE_HOLD, Override: Safe hold mode active
2025-05-28 04:04:14,651 - INFO - [AUDIT] - Action: 0, Confidence: 1.0000, Safety Mode: SAFE_HOLD, Override: Safe hold mode active
2025-05-28 04:04:14,651 - INFO - [AUDIT] - Action: 0, Confidence: 1.0000, Safety Mode: SAFE_HOLD, Override: Safe hold mode active
2025-05-28 04:04:14,651 - INFO - [AUDIT] - Action: 0, Confidence: 1.0000, Safety Mode: SAFE_HOLD, Override: Safe hold mode active
2025-05-28 04:04:14,651 - INFO - [AUDIT] - Action: 0, Confidence: 1.0000, Safety Mode: SAFE_HOLD, Override: Safe hold mode active
2025-05-28 04:04:14,652 - INFO - [AUDIT] - Action: 0, Confidence: 1.0000, Safety Mode: SAFE_HOLD, Override: Safe hold mode active
2025-05-28 04:04:14,652 - INFO - [AUDIT] - Action: 0, Confidence: 1.0000, Safety Mode: SAFE_HOLD, Override: Safe hold mode active
2025-05-28 04:04:14,652 - INFO - [AUDIT] - Action: 0, Confidence: 1.0000, Safety Mode: SAFE_HOLD, Override: Safe hold mode active
2025-05-28 04:04:14,652 - INFO - [AUDIT] - Action: 0, Confidence: 1.0000, Safety Mode: SAFE_HOLD, Override: Safe hold mode active
2025-05-28 04:04:14,653 - INFO - [AUDIT] - Action: 0, Confidence: 1.0000, Safety Mode: SAFE_HOLD, Override: Safe hold mode active
2025-05-28 04:04:14,653 - INFO - [AUDIT] - Action: 0, Confidence: 1.0000, Safety Mode: SAFE_HOLD, Override: Safe hold mode active
2025-05-28 04:04:14,653 - INFO - [AUDIT] - Action: 0, Confidence: 1.0000, Safety Mode: SAFE_HOLD, Override: Safe hold mode active
2025-05-28 04:04:14,653 - INFO - [AUDIT] - Action: 0, Confidence: 1.0000, Safety Mode: SAFE_HOLD, Override: Safe hold mode active
2025-05-28 04:04:14,654 - INFO - [AUDIT] - Action: 0, Confidence: 1.0000, Safety Mode: SAFE_HOLD, Override: Safe hold mode active
2025-05-28 04:04:14,654 - INFO - [AUDIT] - Action: 0, Confidence: 1.0000, Safety Mode: SAFE_HOLD, Override: Safe hold mode active
2025-05-28 04:04:14,654 - INFO - [AUDIT] - Action: 0, Confidence: 1.0000, Safety Mode: SAFE_HOLD, Override: Safe hold mode active
2025-05-28 04:04:14,654 - INFO - [AUDIT] - Action: 0, Confidence: 1.0000, Safety Mode: SAFE_HOLD, Override: Safe hold mode active
2025-05-28 04:04:14,654 - INFO - [AUDIT] - Action: 0, Confidence: 1.0000, Safety Mode: SAFE_HOLD, Override: Safe hold mode active
2025-05-28 04:04:14,655 - INFO - [AUDIT] - Action: 0, Confidence: 1.0000, Safety Mode: SAFE_HOLD, Override: Safe hold mode active
2025-05-28 04:04:14,655 - INFO - [AUDIT] - Action: 0, Confidence: 1.0000, Safety Mode: SAFE_HOLD, Override: Safe hold mode active
2025-05-28 04:04:14,655 - INFO - [AUDIT] - Action: 0, Confidence: 1.0000, Safety Mode: SAFE_HOLD, Override: Safe hold mode active
2025-05-28 04:04:14,655 - INFO - [AUDIT] - Action: 0, Confidence: 1.0000, Safety Mode: SAFE_HOLD, Override: Safe hold mode active
2025-05-28 04:04:14,655 - INFO - [AUDIT] - Action: 0, Confidence: 1.0000, Safety Mode: SAFE_HOLD, Override: Safe hold mode active
2025-05-28 04:04:14,656 - INFO - [AUDIT] - Action: 0, Confidence: 1.0000, Safety Mode: SAFE_HOLD, Override: Safe hold mode active
2025-05-28 04:04:14,656 - INFO - [AUDIT] - Action: 0, Confidence: 1.0000, Safety Mode: SAFE_HOLD, Override: Safe hold mode active
2025-05-28 04:04:14,656 - INFO - [AUDIT] - Action: 0, Confidence: 1.0000, Safety Mode: SAFE_HOLD, Override: Safe hold mode active
2025-05-28 04:04:14,656 - INFO - [AUDIT] - Action: 0, Confidence: 1.0000, Safety Mode: SAFE_HOLD, Override: Safe hold mode active
2025-05-28 04:04:14,656 - INFO - [AUDIT] - Action: 0, Confidence: 1.0000, Safety Mode: SAFE_HOLD, Override: Safe hold mode active
2025-05-28 04:04:14,656 - INFO - [AUDIT] - Action: 0, Confidence: 1.0000, Safety Mode: SAFE_HOLD, Override: Safe hold mode active
2025-05-28 04:04:14,657 - INFO - [AUDIT] - Action: 0, Confidence: 1.0000, Safety Mode: SAFE_HOLD, Override: Safe hold mode active
2025-05-28 04:04:14,657 - INFO - [AUDIT] - Action: 0, Confidence: 1.0000, Safety Mode: SAFE_HOLD, Override: Safe hold mode active
2025-05-28 04:04:14,657 - INFO - [AUDIT] - Action: 0, Confidence: 1.0000, Safety Mode: SAFE_HOLD, Override: Safe hold mode active
2025-05-28 04:04:14,657 - INFO - [AUDIT] - Action: 0, Confidence: 1.0000, Safety Mode: SAFE_HOLD, Override: Safe hold mode active
2025-05-28 04:04:14,657 - INFO - [AUDIT] - Action: 0, Confidence: 1.0000, Safety Mode: SAFE_HOLD, Override: Safe hold mode active
2025-05-28 04:04:14,658 - INFO - [AUDIT] - Action: 0, Confidence: 1.0000, Safety Mode: SAFE_HOLD, Override: Safe hold mode active
2025-05-28 04:04:14,658 - INFO - [AUDIT] - Action: 0, Confidence: 1.0000, Safety Mode: SAFE_HOLD, Override: Safe hold mode active
2025-05-28 04:04:14,658 - INFO - [AUDIT] - Action: 0, Confidence: 1.0000, Safety Mode: SAFE_HOLD, Override: Safe hold mode active
2025-05-28 04:04:14,658 - INFO - [AUDIT] - Action: 0, Confidence: 1.0000, Safety Mode: SAFE_HOLD, Override: Safe hold mode active
2025-05-28 04:04:14,658 - INFO - [AUDIT] - Action: 0, Confidence: 1.0000, Safety Mode: SAFE_HOLD, Override: Safe hold mode active
2025-05-28 04:04:14,659 - INFO - [AUDIT] - Action: 0, Confidence: 1.0000, Safety Mode: SAFE_HOLD, Override: Safe hold mode active
2025-05-28 04:04:14,659 - INFO - [AUDIT] - Action: 0, Confidence: 1.0000, Safety Mode: SAFE_HOLD, Override: Safe hold mode active
2025-05-28 04:04:14,659 - INFO - [AUDIT] - Action: 0, Confidence: 1.0000, Safety Mode: SAFE_HOLD, Override: Safe hold mode active
2025-05-28 04:04:14,659 - INFO - [AUDIT] - Action: 0, Confidence: 1.0000, Safety Mode: SAFE_HOLD, Override: Safe hold mode active
2025-05-28 04:04:14,659 - INFO - [AUDIT] - Action: 0, Confidence: 1.0000, Safety Mode: SAFE_HOLD, Override: Safe hold mode active
2025-05-28 04:04:14,660 - INFO - [AUDIT] - Action: 0, Confidence: 1.0000, Safety Mode: SAFE_HOLD, Override: Safe hold mode active
2025-05-28 04:04:14,660 - INFO - [AUDIT] - Action: 0, Confidence: 1.0000, Safety Mode: SAFE_HOLD, Override: Safe hold mode active
2025-05-28 04:04:14,660 - INFO - [AUDIT] - Action: 0, Confidence: 1.0000, Safety Mode: SAFE_HOLD, Override: Safe hold mode active
2025-05-28 04:04:14,660 - INFO - [AUDIT] - Action: 0, Confidence: 1.0000, Safety Mode: SAFE_HOLD, Override: Safe hold mode active
2025-05-28 04:04:14,660 - INFO - [AUDIT] - Action: 0, Confidence: 1.0000, Safety Mode: SAFE_HOLD, Override: Safe hold mode active
2025-05-28 04:04:14,661 - INFO - [AUDIT] - Action: 0, Confidence: 1.0000, Safety Mode: SAFE_HOLD, Override: Safe hold mode active
2025-05-28 04:04:14,661 - INFO - [AUDIT] - Action: 0, Confidence: 1.0000, Safety Mode: SAFE_HOLD, Override: Safe hold mode active
2025-05-28 04:04:14,661 - INFO - [AUDIT] - Action: 0, Confidence: 1.0000, Safety Mode: SAFE_HOLD, Override: Safe hold mode active
2025-05-28 04:04:14,661 - INFO - [AUDIT] - Action: 0, Confidence: 1.0000, Safety Mode: SAFE_HOLD, Override: Safe hold mode active
2025-05-28 04:04:14,661 - INFO - [AUDIT] - Action: 0, Confidence: 1.0000, Safety Mode: SAFE_HOLD, Override: Safe hold mode active
2025-05-28 04:04:14,662 - INFO - [AUDIT] - Action: 0, Confidence: 1.0000, Safety Mode: SAFE_HOLD, Override: Safe hold mode active
2025-05-28 04:04:14,662 - INFO - [AUDIT] - Action: 0, Confidence: 1.0000, Safety Mode: SAFE_HOLD, Override: Safe hold mode active
2025-05-28 04:04:14,662 - INFO - [AUDIT] - Action: 0, Confidence: 1.0000, Safety Mode: SAFE_HOLD, Override: Safe hold mode active
2025-05-28 04:04:14,662 - INFO - [AUDIT] - Action: 0, Confidence: 1.0000, Safety Mode: SAFE_HOLD, Override: Safe hold mode active
2025-05-28 04:04:14,663 - INFO - [AUDIT] - Action: 0, Confidence: 1.0000, Safety Mode: SAFE_HOLD, Override: Safe hold mode active
2025-05-28 04:04:14,663 - INFO - [AUDIT] - Action: 0, Confidence: 1.0000, Safety Mode: SAFE_HOLD, Override: Safe hold mode active
2025-05-28 04:04:14,663 - INFO - [AUDIT] - Action: 0, Confidence: 1.0000, Safety Mode: SAFE_HOLD, Override: Safe hold mode active
2025-05-28 04:04:14,663 - INFO - [AUDIT] - Action: 0, Confidence: 1.0000, Safety Mode: SAFE_HOLD, Override: Safe hold mode active
2025-05-28 04:04:14,663 - INFO - [AUDIT] - Action: 0, Confidence: 1.0000, Safety Mode: SAFE_HOLD, Override: Safe hold mode active
2025-05-28 04:04:14,664 - INFO - [AUDIT] - Action: 0, Confidence: 1.0000, Safety Mode: SAFE_HOLD, Override: Safe hold mode active
2025-05-28 04:04:14,664 - INFO - [AUDIT] - Action: 0, Confidence: 1.0000, Safety Mode: SAFE_HOLD, Override: Safe hold mode active
2025-05-28 04:04:14,664 - INFO - [AUDIT] - Action: 0, Confidence: 1.0000, Safety Mode: SAFE_HOLD, Override: Safe hold mode active
2025-05-28 04:04:14,664 - INFO - [AUDIT] - Action: 0, Confidence: 1.0000, Safety Mode: SAFE_HOLD, Override: Safe hold mode active
2025-05-28 04:04:14,664 - INFO - [AUDIT] - Action: 0, Confidence: 1.0000, Safety Mode: SAFE_HOLD, Override: Safe hold mode active
2025-05-28 04:04:14,665 - INFO - [AUDIT] - Action: 0, Confidence: 1.0000, Safety Mode: SAFE_HOLD, Override: Safe hold mode active
2025-05-28 04:04:14,665 - INFO - [AUDIT] - Action: 0, Confidence: 1.0000, Safety Mode: SAFE_HOLD, Override: Safe hold mode active
2025-05-28 04:04:14,665 - INFO - [AUDIT] - Action: 0, Confidence: 1.0000, Safety Mode: SAFE_HOLD, Override: Safe hold mode active
2025-05-28 04:04:14,665 - INFO - [AUDIT] - Action: 0, Confidence: 1.0000, Safety Mode: SAFE_HOLD, Override: Safe hold mode active
2025-05-28 04:04:14,665 - INFO - [AUDIT] - Action: 0, Confidence: 1.0000, Safety Mode: SAFE_HOLD, Override: Safe hold mode active
2025-05-28 04:04:14,665 - INFO - [AUDIT] - Action: 0, Confidence: 1.0000, Safety Mode: SAFE_HOLD, Override: Safe hold mode active
2025-05-28 04:04:14,666 - INFO - [AUDIT] - Action: 0, Confidence: 1.0000, Safety Mode: SAFE_HOLD, Override: Safe hold mode active
2025-05-28 04:04:14,666 - INFO - [AUDIT] - Action: 0, Confidence: 1.0000, Safety Mode: SAFE_HOLD, Override: Safe hold mode active
2025-05-28 04:04:14,666 - INFO - [AUDIT] - Action: 0, Confidence: 1.0000, Safety Mode: SAFE_HOLD, Override: Safe hold mode active
2025-05-28 04:04:14,666 - INFO - [AUDIT] - Action: 0, Confidence: 1.0000, Safety Mode: SAFE_HOLD, Override: Safe hold mode active
2025-05-28 04:04:14,666 - INFO - [AUDIT] - Action: 0, Confidence: 1.0000, Safety Mode: SAFE_HOLD, Override: Safe hold mode active
2025-05-28 04:04:14,667 - INFO - [AUDIT] - Action: 0, Confidence: 1.0000, Safety Mode: SAFE_HOLD, Override: Safe hold mode active
2025-05-28 04:04:14,667 - INFO - [AUDIT] - Action: 0, Confidence: 1.0000, Safety Mode: SAFE_HOLD, Override: Safe hold mode active
2025-05-28 04:04:14,667 - INFO - [AUDIT] - Action: 0, Confidence: 1.0000, Safety Mode: SAFE_HOLD, Override: Safe hold mode active
2025-05-28 04:04:14,667 - INFO - [AUDIT] - Action: 0, Confidence: 1.0000, Safety Mode: SAFE_HOLD, Override: Safe hold mode active
2025-05-28 04:04:14,667 - INFO - [AUDIT] - Action: 0, Confidence: 1.0000, Safety Mode: SAFE_HOLD, Override: Safe hold mode active
2025-05-28 04:04:14,668 - INFO - [AUDIT] - Action: 0, Confidence: 1.0000, Safety Mode: SAFE_HOLD, Override: Safe hold mode active
2025-05-28 04:04:14,668 - INFO - [AUDIT] - Action: 0, Confidence: 1.0000, Safety Mode: SAFE_HOLD, Override: Safe hold mode active
2025-05-28 04:04:14,668 - INFO - [AUDIT] - Action: 0, Confidence: 1.0000, Safety Mode: SAFE_HOLD, Override: Safe hold mode active
2025-05-28 04:04:14,668 - INFO - [AUDIT] - Action: 0, Confidence: 1.0000, Safety Mode: SAFE_HOLD, Override: Safe hold mode active
2025-05-28 04:04:14,668 - INFO - [AUDIT] - Action: 0, Confidence: 1.0000, Safety Mode: SAFE_HOLD, Override: Safe hold mode active
2025-05-28 04:04:14,669 - INFO - [AUDIT] - Action: 0, Confidence: 1.0000, Safety Mode: SAFE_HOLD, Override: Safe hold mode active
2025-05-28 04:04:14,669 - INFO - [AUDIT] - Action: 0, Confidence: 1.0000, Safety Mode: SAFE_HOLD, Override: Safe hold mode active
2025-05-28 04:04:14,669 - INFO - [AUDIT] - Action: 0, Confidence: 1.0000, Safety Mode: SAFE_HOLD, Override: Safe hold mode active
2025-05-28 04:04:14,670 - INFO - [AUDIT] - Action: 0, Confidence: 1.0000, Safety Mode: SAFE_HOLD, Override: Safe hold mode active
2025-05-28 04:04:14,670 - INFO - [AUDIT] - Action: 0, Confidence: 1.0000, Safety Mode: SAFE_HOLD, Override: Safe hold mode active
2025-05-28 04:04:14,670 - INFO - [AUDIT] - Action: 0, Confidence: 1.0000, Safety Mode: SAFE_HOLD, Override: Safe hold mode active
2025-05-28 04:04:14,670 - INFO - [AUDIT] - Action: 0, Confidence: 1.0000, Safety Mode: SAFE_HOLD, Override: Safe hold mode active
2025-05-28 04:04:14,671 - INFO - [AUDIT] - Action: 0, Confidence: 1.0000, Safety Mode: SAFE_HOLD, Override: Safe hold mode active
2025-05-28 04:04:14,671 - INFO - [AUDIT] - Action: 0, Confidence: 1.0000, Safety Mode: SAFE_HOLD, Override: Safe hold mode active
2025-05-28 04:04:14,671 - INFO - [AUDIT] - Action: 0, Confidence: 1.0000, Safety Mode: SAFE_HOLD, Override: Safe hold mode active
2025-05-28 04:04:14,671 - INFO - [AUDIT] - Action: 0, Confidence: 1.0000, Safety Mode: SAFE_HOLD, Override: Safe hold mode active
2025-05-28 04:04:14,671 - INFO - [AUDIT] - Action: 0, Confidence: 1.0000, Safety Mode: SAFE_HOLD, Override: Safe hold mode active
2025-05-28 04:04:14,671 - INFO - [AUDIT] - Action: 0, Confidence: 1.0000, Safety Mode: SAFE_HOLD, Override: Safe hold mode active
2025-05-28 04:04:14,672 - INFO - [AUDIT] - Action: 0, Confidence: 1.0000, Safety Mode: SAFE_HOLD, Override: Safe hold mode active
2025-05-28 04:04:14,672 - INFO - [AUDIT] - Action: 0, Confidence: 1.0000, Safety Mode: SAFE_HOLD, Override: Safe hold mode active
2025-05-28 04:04:14,672 - INFO - [AUDIT] - Action: 0, Confidence: 1.0000, Safety Mode: SAFE_HOLD, Override: Safe hold mode active
2025-05-28 04:04:14,672 - INFO - [AUDIT] - Action: 0, Confidence: 1.0000, Safety Mode: SAFE_HOLD, Override: Safe hold mode active
2025-05-28 04:04:14,672 - INFO - [AUDIT] - Action: 0, Confidence: 1.0000, Safety Mode: SAFE_HOLD, Override: Safe hold mode active
2025-05-28 04:04:14,673 - INFO - [AUDIT] - Action: 0, Confidence: 1.0000, Safety Mode: SAFE_HOLD, Override: Safe hold mode active
2025-05-28 04:04:14,673 - INFO - [AUDIT] - Action: 0, Confidence: 1.0000, Safety Mode: SAFE_HOLD, Override: Safe hold mode active
2025-05-28 04:04:14,673 - INFO - [AUDIT] - Action: 0, Confidence: 1.0000, Safety Mode: SAFE_HOLD, Override: Safe hold mode active
2025-05-28 04:04:14,673 - INFO - [AUDIT] - Action: 0, Confidence: 1.0000, Safety Mode: SAFE_HOLD, Override: Safe hold mode active
2025-05-28 04:04:14,673 - INFO - [AUDIT] - Action: 0, Confidence: 1.0000, Safety Mode: SAFE_HOLD, Override: Safe hold mode active
2025-05-28 04:04:14,674 - INFO - [AUDIT] - Action: 0, Confidence: 1.0000, Safety Mode: SAFE_HOLD, Override: Safe hold mode active
2025-05-28 04:04:14,674 - INFO - [AUDIT] - Action: 0, Confidence: 1.0000, Safety Mode: SAFE_HOLD, Override: Safe hold mode active
2025-05-28 04:04:14,674 - INFO - [AUDIT] - Action: 0, Confidence: 1.0000, Safety Mode: SAFE_HOLD, Override: Safe hold mode active
2025-05-28 04:04:14,674 - INFO - [AUDIT] - Action: 0, Confidence: 1.0000, Safety Mode: SAFE_HOLD, Override: Safe hold mode active
2025-05-28 04:04:14,674 - INFO - [AUDIT] - Action: 0, Confidence: 1.0000, Safety Mode: SAFE_HOLD, Override: Safe hold mode active
2025-05-28 04:04:14,675 - INFO - [AUDIT] - Action: 0, Confidence: 1.0000, Safety Mode: SAFE_HOLD, Override: Safe hold mode active
2025-05-28 04:04:14,675 - INFO - [AUDIT] - Action: 0, Confidence: 1.0000, Safety Mode: SAFE_HOLD, Override: Safe hold mode active
2025-05-28 04:04:14,675 - INFO - [AUDIT] - Action: 0, Confidence: 1.0000, Safety Mode: SAFE_HOLD, Override: Safe hold mode active
2025-05-28 04:04:14,675 - INFO - [AUDIT] - Action: 0, Confidence: 1.0000, Safety Mode: SAFE_HOLD, Override: Safe hold mode active
2025-05-28 04:04:14,675 - INFO - [AUDIT] - Action: 0, Confidence: 1.0000, Safety Mode: SAFE_HOLD, Override: Safe hold mode active
2025-05-28 04:04:14,675 - INFO - [AUDIT] - Action: 0, Confidence: 1.0000, Safety Mode: SAFE_HOLD, Override: Safe hold mode active
2025-05-28 04:04:14,676 - INFO - [AUDIT] - Action: 0, Confidence: 1.0000, Safety Mode: SAFE_HOLD, Override: Safe hold mode active
2025-05-28 04:04:14,676 - INFO - [AUDIT] - Action: 0, Confidence: 1.0000, Safety Mode: SAFE_HOLD, Override: Safe hold mode active
2025-05-28 04:04:14,676 - INFO - [AUDIT] - Action: 0, Confidence: 1.0000, Safety Mode: SAFE_HOLD, Override: Safe hold mode active
2025-05-28 04:04:14,676 - INFO - [AUDIT] - Action: 0, Confidence: 1.0000, Safety Mode: SAFE_HOLD, Override: Safe hold mode active
2025-05-28 04:04:14,676 - INFO - [AUDIT] - Action: 0, Confidence: 1.0000, Safety Mode: SAFE_HOLD, Override: Safe hold mode active
2025-05-28 04:04:14,677 - INFO - [AUDIT] - Action: 0, Confidence: 1.0000, Safety Mode: SAFE_HOLD, Override: Safe hold mode active
2025-05-28 04:04:14,677 - INFO - [AUDIT] - Action: 0, Confidence: 1.0000, Safety Mode: SAFE_HOLD, Override: Safe hold mode active
2025-05-28 04:04:14,677 - INFO - [AUDIT] - Action: 0, Confidence: 1.0000, Safety Mode: SAFE_HOLD, Override: Safe hold mode active
2025-05-28 04:04:14,677 - INFO - [AUDIT] - Action: 0, Confidence: 1.0000, Safety Mode: SAFE_HOLD, Override: Safe hold mode active
2025-05-28 04:04:14,677 - INFO - [AUDIT] - Action: 0, Confidence: 1.0000, Safety Mode: SAFE_HOLD, Override: Safe hold mode active
2025-05-28 04:04:14,678 - INFO - [AUDIT] - Action: 0, Confidence: 1.0000, Safety Mode: SAFE_HOLD, Override: Safe hold mode active
2025-05-28 04:04:14,678 - INFO - [AUDIT] - Action: 0, Confidence: 1.0000, Safety Mode: SAFE_HOLD, Override: Safe hold mode active
2025-05-28 04:04:14,678 - INFO - [AUDIT] - Action: 0, Confidence: 1.0000, Safety Mode: SAFE_HOLD, Override: Safe hold mode active
2025-05-28 04:04:14,678 - INFO - [AUDIT] - Action: 0, Confidence: 1.0000, Safety Mode: SAFE_HOLD, Override: Safe hold mode active
2025-05-28 04:04:14,678 - INFO - [AUDIT] - Action: 0, Confidence: 1.0000, Safety Mode: SAFE_HOLD, Override: Safe hold mode active
2025-05-28 04:04:14,679 - INFO - [AUDIT] - Action: 0, Confidence: 1.0000, Safety Mode: SAFE_HOLD, Override: Safe hold mode active
2025-05-28 04:04:14,679 - INFO - [AUDIT] - Action: 0, Confidence: 1.0000, Safety Mode: SAFE_HOLD, Override: Safe hold mode active
2025-05-28 04:04:14,679 - INFO - [AUDIT] - Action: 0, Confidence: 1.0000, Safety Mode: SAFE_HOLD, Override: Safe hold mode active
2025-05-28 04:04:14,679 - INFO - [AUDIT] - Action: 0, Confidence: 1.0000, Safety Mode: SAFE_HOLD, Override: Safe hold mode active
2025-05-28 04:04:14,679 - INFO - [AUDIT] - Action: 0, Confidence: 1.0000, Safety Mode: SAFE_HOLD, Override: Safe hold mode active
2025-05-28 04:04:14,680 - INFO - [AUDIT] - Action: 0, Confidence: 1.0000, Safety Mode: SAFE_HOLD, Override: Safe hold mode active
2025-05-28 04:04:14,680 - INFO - [AUDIT] - Action: 0, Confidence: 1.0000, Safety Mode: SAFE_HOLD, Override: Safe hold mode active
2025-05-28 04:04:14,680 - INFO - [AUDIT] - Action: 0, Confidence: 1.0000, Safety Mode: SAFE_HOLD, Override: Safe hold mode active
2025-05-28 04:04:14,680 - INFO - [AUDIT] - Action: 0, Confidence: 1.0000, Safety Mode: SAFE_HOLD, Override: Safe hold mode active
2025-05-28 04:04:14,680 - INFO - [AUDIT] - Action: 0, Confidence: 1.0000, Safety Mode: SAFE_HOLD, Override: Safe hold mode active
2025-05-28 04:04:14,681 - INFO - [AUDIT] - Action: 0, Confidence: 1.0000, Safety Mode: SAFE_HOLD, Override: Safe hold mode active
2025-05-28 04:04:14,681 - INFO - [AUDIT] - Action: 0, Confidence: 1.0000, Safety Mode: SAFE_HOLD, Override: Safe hold mode active
2025-05-28 04:04:14,681 - INFO - [AUDIT] - Action: 0, Confidence: 1.0000, Safety Mode: SAFE_HOLD, Override: Safe hold mode active
2025-05-28 04:04:14,681 - INFO - [AUDIT] - Action: 0, Confidence: 1.0000, Safety Mode: SAFE_HOLD, Override: Safe hold mode active
2025-05-28 04:04:14,681 - INFO - [AUDIT] - Action: 0, Confidence: 1.0000, Safety Mode: SAFE_HOLD, Override: Safe hold mode active
2025-05-28 04:04:14,681 - INFO - [AUDIT] - Action: 0, Confidence: 1.0000, Safety Mode: SAFE_HOLD, Override: Safe hold mode active
2025-05-28 04:04:14,682 - INFO - [AUDIT] - Action: 0, Confidence: 1.0000, Safety Mode: SAFE_HOLD, Override: Safe hold mode active
2025-05-28 04:04:14,682 - INFO - [AUDIT] - Action: 0, Confidence: 1.0000, Safety Mode: SAFE_HOLD, Override: Safe hold mode active
2025-05-28 04:04:14,682 - INFO - [AUDIT] - Action: 0, Confidence: 1.0000, Safety Mode: SAFE_HOLD, Override: Safe hold mode active
2025-05-28 04:04:14,682 - INFO - [AUDIT] - Action: 0, Confidence: 1.0000, Safety Mode: SAFE_HOLD, Override: Safe hold mode active
2025-05-28 04:04:14,682 - INFO - [AUDIT] - Action: 0, Confidence: 1.0000, Safety Mode: SAFE_HOLD, Override: Safe hold mode active
2025-05-28 04:04:14,683 - INFO - [AUDIT] - Action: 0, Confidence: 1.0000, Safety Mode: SAFE_HOLD, Override: Safe hold mode active
2025-05-28 04:04:14,683 - INFO - [AUDIT] - Action: 0, Confidence: 1.0000, Safety Mode: SAFE_HOLD, Override: Safe hold mode active
2025-05-28 04:04:14,683 - INFO - [AUDIT] - Action: 0, Confidence: 1.0000, Safety Mode: SAFE_HOLD, Override: Safe hold mode active
2025-05-28 04:04:14,683 - INFO - [AUDIT] - Action: 0, Confidence: 1.0000, Safety Mode: SAFE_HOLD, Override: Safe hold mode active
2025-05-28 04:04:14,683 - INFO - [AUDIT] - Action: 0, Confidence: 1.0000, Safety Mode: SAFE_HOLD, Override: Safe hold mode active
2025-05-28 04:04:14,684 - INFO - [AUDIT] - Action: 0, Confidence: 1.0000, Safety Mode: SAFE_HOLD, Override: Safe hold mode active
2025-05-28 04:04:14,684 - INFO - [AUDIT] - Action: 0, Confidence: 1.0000, Safety Mode: SAFE_HOLD, Override: Safe hold mode active
2025-05-28 04:04:14,684 - INFO - [AUDIT] - Action: 0, Confidence: 1.0000, Safety Mode: SAFE_HOLD, Override: Safe hold mode active
2025-05-28 04:04:14,684 - INFO - [AUDIT] - Action: 0, Confidence: 1.0000, Safety Mode: SAFE_HOLD, Override: Safe hold mode active
2025-05-28 04:04:14,684 - INFO - [AUDIT] - Action: 0, Confidence: 1.0000, Safety Mode: SAFE_HOLD, Override: Safe hold mode active
2025-05-28 04:04:14,685 - INFO - [AUDIT] - Action: 0, Confidence: 1.0000, Safety Mode: SAFE_HOLD, Override: Safe hold mode active
2025-05-28 04:04:14,685 - INFO - [AUDIT] - Action: 0, Confidence: 1.0000, Safety Mode: SAFE_HOLD, Override: Safe hold mode active
2025-05-28 04:04:14,685 - INFO - [AUDIT] - Action: 0, Confidence: 1.0000, Safety Mode: SAFE_HOLD, Override: Safe hold mode active
2025-05-28 04:04:14,685 - INFO - [AUDIT] - Action: 0, Confidence: 1.0000, Safety Mode: SAFE_HOLD, Override: Safe hold mode active
2025-05-28 04:04:14,685 - INFO - [AUDIT] - Action: 0, Confidence: 1.0000, Safety Mode: SAFE_HOLD, Override: Safe hold mode active
2025-05-28 04:04:14,686 - INFO - [AUDIT] - Action: 0, Confidence: 1.0000, Safety Mode: SAFE_HOLD, Override: Safe hold mode active
2025-05-28 04:04:14,686 - INFO - [AUDIT] - Action: 0, Confidence: 1.0000, Safety Mode: SAFE_HOLD, Override: Safe hold mode active
2025-05-28 04:04:14,686 - INFO - [AUDIT] - Action: 0, Confidence: 1.0000, Safety Mode: SAFE_HOLD, Override: Safe hold mode active
2025-05-28 04:04:14,686 - INFO - [AUDIT] - Action: 0, Confidence: 1.0000, Safety Mode: SAFE_HOLD, Override: Safe hold mode active
2025-05-28 04:04:14,687 - INFO - [AUDIT] - Action: 0, Confidence: 1.0000, Safety Mode: SAFE_HOLD, Override: Safe hold mode active
2025-05-28 04:04:14,687 - INFO - [AUDIT] - Action: 0, Confidence: 1.0000, Safety Mode: SAFE_HOLD, Override: Safe hold mode active
2025-05-28 04:04:14,687 - INFO - [AUDIT] - Action: 0, Confidence: 1.0000, Safety Mode: SAFE_HOLD, Override: Safe hold mode active
2025-05-28 04:04:14,687 - INFO - [AUDIT] - Action: 0, Confidence: 1.0000, Safety Mode: SAFE_HOLD, Override: Safe hold mode active
2025-05-28 04:04:14,687 - INFO - [AUDIT] - Action: 0, Confidence: 1.0000, Safety Mode: SAFE_HOLD, Override: Safe hold mode active
2025-05-28 04:04:14,687 - INFO - [AUDIT] - Action: 0, Confidence: 1.0000, Safety Mode: SAFE_HOLD, Override: Safe hold mode active
2025-05-28 04:04:14,688 - INFO - [AUDIT] - Action: 0, Confidence: 1.0000, Safety Mode: SAFE_HOLD, Override: Safe hold mode active
2025-05-28 04:04:14,688 - INFO - [AUDIT] - Action: 0, Confidence: 1.0000, Safety Mode: SAFE_HOLD, Override: Safe hold mode active
2025-05-28 04:04:14,688 - INFO - [AUDIT] - Action: 0, Confidence: 1.0000, Safety Mode: SAFE_HOLD, Override: Safe hold mode active
2025-05-28 04:04:14,688 - INFO - [AUDIT] - Action: 0, Confidence: 1.0000, Safety Mode: SAFE_HOLD, Override: Safe hold mode active
2025-05-28 04:04:14,689 - INFO - [AUDIT] - Action: 0, Confidence: 1.0000, Safety Mode: SAFE_HOLD, Override: Safe hold mode active
2025-05-28 04:04:14,689 - INFO - [AUDIT] - Action: 0, Confidence: 1.0000, Safety Mode: SAFE_HOLD, Override: Safe hold mode active
2025-05-28 04:04:14,689 - INFO - [AUDIT] - Action: 0, Confidence: 1.0000, Safety Mode: SAFE_HOLD, Override: Safe hold mode active
2025-05-28 04:04:14,689 - INFO - [AUDIT] - Action: 0, Confidence: 1.0000, Safety Mode: SAFE_HOLD, Override: Safe hold mode active
2025-05-28 04:04:14,689 - INFO - [AUDIT] - Action: 0, Confidence: 1.0000, Safety Mode: SAFE_HOLD, Override: Safe hold mode active
2025-05-28 04:04:14,689 - INFO - [AUDIT] - Action: 0, Confidence: 1.0000, Safety Mode: SAFE_HOLD, Override: Safe hold mode active
2025-05-28 04:04:14,690 - INFO - [AUDIT] - Action: 0, Confidence: 1.0000, Safety Mode: SAFE_HOLD, Override: Safe hold mode active
2025-05-28 04:04:14,690 - INFO - [AUDIT] - Action: 0, Confidence: 1.0000, Safety Mode: SAFE_HOLD, Override: Safe hold mode active
2025-05-28 04:04:14,690 - INFO - [AUDIT] - Action: 0, Confidence: 1.0000, Safety Mode: SAFE_HOLD, Override: Safe hold mode active
2025-05-28 04:04:14,690 - INFO - [AUDIT] - Action: 0, Confidence: 1.0000, Safety Mode: SAFE_HOLD, Override: Safe hold mode active
2025-05-28 04:04:14,690 - INFO - [AUDIT] - Action: 0, Confidence: 1.0000, Safety Mode: SAFE_HOLD, Override: Safe hold mode active
2025-05-28 04:04:14,691 - INFO - [AUDIT] - Action: 0, Confidence: 1.0000, Safety Mode: SAFE_HOLD, Override: Safe hold mode active
2025-05-28 04:04:14,691 - INFO - [AUDIT] - Action: 0, Confidence: 1.0000, Safety Mode: SAFE_HOLD, Override: Safe hold mode active
2025-05-28 04:04:14,691 - INFO - [AUDIT] - Action: 0, Confidence: 1.0000, Safety Mode: SAFE_HOLD, Override: Safe hold mode active
2025-05-28 04:04:14,691 - INFO - [AUDIT] - Action: 0, Confidence: 1.0000, Safety Mode: SAFE_HOLD, Override: Safe hold mode active
2025-05-28 04:04:14,691 - INFO - [AUDIT] - Action: 0, Confidence: 1.0000, Safety Mode: SAFE_HOLD, Override: Safe hold mode active
2025-05-28 04:04:14,692 - INFO - [AUDIT] - Action: 0, Confidence: 1.0000, Safety Mode: SAFE_HOLD, Override: Safe hold mode active
2025-05-28 04:04:14,692 - INFO - [AUDIT] - Action: 0, Confidence: 1.0000, Safety Mode: SAFE_HOLD, Override: Safe hold mode active
2025-05-28 04:04:14,692 - INFO - [AUDIT] - Action: 0, Confidence: 1.0000, Safety Mode: SAFE_HOLD, Override: Safe hold mode active
2025-05-28 04:04:14,692 - INFO - [AUDIT] - Action: 0, Confidence: 1.0000, Safety Mode: SAFE_HOLD, Override: Safe hold mode active
2025-05-28 04:04:14,692 - INFO - [AUDIT] - Action: 0, Confidence: 1.0000, Safety Mode: SAFE_HOLD, Override: Safe hold mode active
2025-05-28 04:04:14,692 - INFO - [AUDIT] - Action: 0, Confidence: 1.0000, Safety Mode: SAFE_HOLD, Override: Safe hold mode active
2025-05-28 04:04:14,693 - INFO - [AUDIT] - Action: 0, Confidence: 1.0000, Safety Mode: SAFE_HOLD, Override: Safe hold mode active
2025-05-28 04:04:14,693 - INFO - [AUDIT] - Action: 0, Confidence: 1.0000, Safety Mode: SAFE_HOLD, Override: Safe hold mode active
2025-05-28 04:04:14,693 - INFO - [AUDIT] - Action: 0, Confidence: 1.0000, Safety Mode: SAFE_HOLD, Override: Safe hold mode active
2025-05-28 04:04:14,693 - INFO - [AUDIT] - Action: 0, Confidence: 1.0000, Safety Mode: SAFE_HOLD, Override: Safe hold mode active
2025-05-28 04:04:14,693 - INFO - [AUDIT] - Action: 0, Confidence: 1.0000, Safety Mode: SAFE_HOLD, Override: Safe hold mode active
2025-05-28 04:04:14,694 - INFO - [AUDIT] - Action: 0, Confidence: 1.0000, Safety Mode: SAFE_HOLD, Override: Safe hold mode active
2025-05-28 04:04:14,694 - INFO - [AUDIT] - Action: 0, Confidence: 1.0000, Safety Mode: SAFE_HOLD, Override: Safe hold mode active
2025-05-28 04:04:14,694 - INFO - [AUDIT] - Action: 0, Confidence: 1.0000, Safety Mode: SAFE_HOLD, Override: Safe hold mode active
2025-05-28 04:04:14,694 - INFO - [AUDIT] - Action: 0, Confidence: 1.0000, Safety Mode: SAFE_HOLD, Override: Safe hold mode active
2025-05-28 04:04:14,694 - INFO - [AUDIT] - Action: 0, Confidence: 1.0000, Safety Mode: SAFE_HOLD, Override: Safe hold mode active
2025-05-28 04:04:14,695 - INFO - [AUDIT] - Action: 0, Confidence: 1.0000, Safety Mode: SAFE_HOLD, Override: Safe hold mode active
2025-05-28 04:04:14,695 - INFO - [AUDIT] - Action: 0, Confidence: 1.0000, Safety Mode: SAFE_HOLD, Override: Safe hold mode active
2025-05-28 04:04:14,695 - INFO - [AUDIT] - Action: 0, Confidence: 1.0000, Safety Mode: SAFE_HOLD, Override: Safe hold mode active
2025-05-28 04:04:14,695 - INFO - [AUDIT] - Action: 0, Confidence: 1.0000, Safety Mode: SAFE_HOLD, Override: Safe hold mode active
2025-05-28 04:04:14,695 - INFO - [AUDIT] - Action: 0, Confidence: 1.0000, Safety Mode: SAFE_HOLD, Override: Safe hold mode active
2025-05-28 04:04:14,696 - INFO - [AUDIT] - Action: 0, Confidence: 1.0000, Safety Mode: SAFE_HOLD, Override: Safe hold mode active
2025-05-28 04:04:14,696 - INFO - [AUDIT] - Action: 0, Confidence: 1.0000, Safety Mode: SAFE_HOLD, Override: Safe hold mode active
2025-05-28 04:04:14,696 - INFO - [AUDIT] - Action: 0, Confidence: 1.0000, Safety Mode: SAFE_HOLD, Override: Safe hold mode active
2025-05-28 04:04:14,696 - INFO - [AUDIT] - Action: 0, Confidence: 1.0000, Safety Mode: SAFE_HOLD, Override: Safe hold mode active
2025-05-28 04:04:14,696 - INFO - [AUDIT] - Action: 0, Confidence: 1.0000, Safety Mode: SAFE_HOLD, Override: Safe hold mode active
2025-05-28 04:04:14,697 - INFO - [AUDIT] - Action: 0, Confidence: 1.0000, Safety Mode: SAFE_HOLD, Override: Safe hold mode active
2025-05-28 04:04:14,697 - INFO - [AUDIT] - Action: 0, Confidence: 1.0000, Safety Mode: SAFE_HOLD, Override: Safe hold mode active
2025-05-28 04:04:14,697 - INFO - [AUDIT] - Action: 0, Confidence: 1.0000, Safety Mode: SAFE_HOLD, Override: Safe hold mode active
2025-05-28 04:04:14,697 - INFO - [AUDIT] - Action: 0, Confidence: 1.0000, Safety Mode: SAFE_HOLD, Override: Safe hold mode active
2025-05-28 04:04:14,697 - INFO - [AUDIT] - Action: 0, Confidence: 1.0000, Safety Mode: SAFE_HOLD, Override: Safe hold mode active
2025-05-28 04:04:14,697 - INFO - [AUDIT] - Action: 0, Confidence: 1.0000, Safety Mode: SAFE_HOLD, Override: Safe hold mode active
2025-05-28 04:04:14,698 - INFO - [AUDIT] - Action: 0, Confidence: 1.0000, Safety Mode: SAFE_HOLD, Override: Safe hold mode active
2025-05-28 04:04:14,698 - INFO - [AUDIT] - Action: 0, Confidence: 1.0000, Safety Mode: SAFE_HOLD, Override: Safe hold mode active
2025-05-28 04:04:14,698 - INFO - [AUDIT] - Action: 0, Confidence: 1.0000, Safety Mode: SAFE_HOLD, Override: Safe hold mode active
2025-05-28 04:04:14,698 - INFO - [AUDIT] - Action: 0, Confidence: 1.0000, Safety Mode: SAFE_HOLD, Override: Safe hold mode active
2025-05-28 04:04:14,698 - INFO - [AUDIT] - Action: 0, Confidence: 1.0000, Safety Mode: SAFE_HOLD, Override: Safe hold mode active
2025-05-28 04:04:14,699 - INFO - [AUDIT] - Action: 0, Confidence: 1.0000, Safety Mode: SAFE_HOLD, Override: Safe hold mode active
2025-05-28 04:04:14,699 - INFO - [AUDIT] - Action: 0, Confidence: 1.0000, Safety Mode: SAFE_HOLD, Override: Safe hold mode active
2025-05-28 04:04:14,699 - INFO - [AUDIT] - Action: 0, Confidence: 1.0000, Safety Mode: SAFE_HOLD, Override: Safe hold mode active
2025-05-28 04:04:14,699 - INFO - [AUDIT] - Action: 0, Confidence: 1.0000, Safety Mode: SAFE_HOLD, Override: Safe hold mode active
2025-05-28 04:04:14,699 - INFO - [AUDIT] - Action: 0, Confidence: 1.0000, Safety Mode: SAFE_HOLD, Override: Safe hold mode active
2025-05-28 04:04:14,700 - INFO - [AUDIT] - Action: 0, Confidence: 1.0000, Safety Mode: SAFE_HOLD, Override: Safe hold mode active
2025-05-28 04:04:14,700 - INFO - [AUDIT] - Action: 0, Confidence: 1.0000, Safety Mode: SAFE_HOLD, Override: Safe hold mode active
2025-05-28 04:04:14,700 - INFO - [AUDIT] - Action: 0, Confidence: 1.0000, Safety Mode: SAFE_HOLD, Override: Safe hold mode active
2025-05-28 04:04:14,700 - INFO - [AUDIT] - Action: 0, Confidence: 1.0000, Safety Mode: SAFE_HOLD, Override: Safe hold mode active
2025-05-28 04:04:14,700 - INFO - [AUDIT] - Action: 0, Confidence: 1.0000, Safety Mode: SAFE_HOLD, Override: Safe hold mode active
2025-05-28 04:04:14,701 - INFO - [AUDIT] - Action: 0, Confidence: 1.0000, Safety Mode: SAFE_HOLD, Override: Safe hold mode active
2025-05-28 04:04:14,701 - INFO - [AUDIT] - Action: 0, Confidence: 1.0000, Safety Mode: SAFE_HOLD, Override: Safe hold mode active
2025-05-28 04:04:14,701 - INFO - [AUDIT] - Action: 0, Confidence: 1.0000, Safety Mode: SAFE_HOLD, Override: Safe hold mode active
2025-05-28 04:04:14,701 - INFO - [AUDIT] - Action: 0, Confidence: 1.0000, Safety Mode: SAFE_HOLD, Override: Safe hold mode active
2025-05-28 04:04:14,701 - INFO - [AUDIT] - Action: 0, Confidence: 1.0000, Safety Mode: SAFE_HOLD, Override: Safe hold mode active
2025-05-28 04:04:14,702 - INFO - [AUDIT] - Action: 0, Confidence: 1.0000, Safety Mode: SAFE_HOLD, Override: Safe hold mode active
2025-05-28 04:04:15,062 - INFO - [AUDIT] - Action: 0, Confidence: 1.0000, Safety Mode: SAFE_HOLD, Override: Safe hold mode active
2025-05-28 04:04:15,063 - INFO - [AUDIT] - Action: 0, Confidence: 1.0000, Safety Mode: SAFE_HOLD, Override: Safe hold mode active
2025-05-28 04:04:15,063 - INFO - [AUDIT] - Action: 0, Confidence: 1.0000, Safety Mode: SAFE_HOLD, Override: Safe hold mode active
2025-05-28 04:04:15,063 - INFO - [AUDIT] - Action: 0, Confidence: 1.0000, Safety Mode: SAFE_HOLD, Override: Safe hold mode active
2025-05-28 04:04:15,063 - INFO - [AUDIT] - Action: 0, Confidence: 1.0000, Safety Mode: SAFE_HOLD, Override: Safe hold mode active
2025-05-28 04:04:15,064 - INFO - [AUDIT] - Action: 0, Confidence: 1.0000, Safety Mode: SAFE_HOLD, Override: Safe hold mode active
2025-05-28 04:04:15,064 - INFO - [AUDIT] - Action: 0, Confidence: 1.0000, Safety Mode: SAFE_HOLD, Override: Safe hold mode active
2025-05-28 04:04:15,064 - INFO - [AUDIT] - Action: 0, Confidence: 1.0000, Safety Mode: SAFE_HOLD, Override: Safe hold mode active
2025-05-28 04:04:15,064 - INFO - [AUDIT] - Action: 0, Confidence: 1.0000, Safety Mode: SAFE_HOLD, Override: Safe hold mode active
2025-05-28 04:04:15,064 - INFO - [AUDIT] - Action: 0, Confidence: 1.0000, Safety Mode: SAFE_HOLD, Override: Safe hold mode active
2025-05-28 04:04:15,065 - INFO - [AUDIT] - Action: 0, Confidence: 1.0000, Safety Mode: SAFE_HOLD, Override: Safe hold mode active
2025-05-28 04:04:15,065 - INFO - [AUDIT] - Action: 0, Confidence: 1.0000, Safety Mode: SAFE_HOLD, Override: Safe hold mode active
2025-05-28 04:04:15,065 - INFO - [AUDIT] - Action: 0, Confidence: 1.0000, Safety Mode: SAFE_HOLD, Override: Safe hold mode active
2025-05-28 04:04:15,065 - INFO - [AUDIT] - Action: 0, Confidence: 1.0000, Safety Mode: SAFE_HOLD, Override: Safe hold mode active
2025-05-28 04:04:15,065 - INFO - [AUDIT] - Action: 0, Confidence: 1.0000, Safety Mode: SAFE_HOLD, Override: Safe hold mode active
2025-05-28 04:04:15,066 - INFO - [AUDIT] - Action: 0, Confidence: 1.0000, Safety Mode: SAFE_HOLD, Override: Safe hold mode active
2025-05-28 04:04:15,066 - INFO - [AUDIT] - Action: 0, Confidence: 1.0000, Safety Mode: SAFE_HOLD, Override: Safe hold mode active
2025-05-28 04:04:15,066 - INFO - [AUDIT] - Action: 0, Confidence: 1.0000, Safety Mode: SAFE_HOLD, Override: Safe hold mode active
2025-05-28 04:04:15,066 - INFO - [AUDIT] - Action: 0, Confidence: 1.0000, Safety Mode: SAFE_HOLD, Override: Safe hold mode active
2025-05-28 04:04:15,066 - INFO - [AUDIT] - Action: 0, Confidence: 1.0000, Safety Mode: SAFE_HOLD, Override: Safe hold mode active
2025-05-28 04:04:15,067 - INFO - [AUDIT] - Action: 0, Confidence: 1.0000, Safety Mode: SAFE_HOLD, Override: Safe hold mode active
2025-05-28 04:04:15,067 - INFO - [AUDIT] - Action: 0, Confidence: 1.0000, Safety Mode: SAFE_HOLD, Override: Safe hold mode active
2025-05-28 04:04:15,067 - INFO - [AUDIT] - Action: 0, Confidence: 1.0000, Safety Mode: SAFE_HOLD, Override: Safe hold mode active
2025-05-28 04:04:15,067 - INFO - [AUDIT] - Action: 0, Confidence: 1.0000, Safety Mode: SAFE_HOLD, Override: Safe hold mode active
2025-05-28 04:04:15,067 - INFO - [AUDIT] - Action: 0, Confidence: 1.0000, Safety Mode: SAFE_HOLD, Override: Safe hold mode active
2025-05-28 04:04:15,068 - INFO - [AUDIT] - Action: 0, Confidence: 1.0000, Safety Mode: SAFE_HOLD, Override: Safe hold mode active
2025-05-28 04:04:15,068 - INFO - [AUDIT] - Action: 0, Confidence: 1.0000, Safety Mode: SAFE_HOLD, Override: Safe hold mode active
2025-05-28 04:04:15,068 - INFO - [AUDIT] - Action: 0, Confidence: 1.0000, Safety Mode: SAFE_HOLD, Override: Safe hold mode active
2025-05-28 04:04:15,069 - INFO - [AUDIT] - Action: 0, Confidence: 1.0000, Safety Mode: SAFE_HOLD, Override: Safe hold mode active
2025-05-28 04:04:15,069 - INFO - [AUDIT] - Action: 0, Confidence: 1.0000, Safety Mode: SAFE_HOLD, Override: Safe hold mode active
2025-05-28 04:04:15,069 - INFO - [AUDIT] - Action: 0, Confidence: 1.0000, Safety Mode: SAFE_HOLD, Override: Safe hold mode active
2025-05-28 04:04:15,070 - INFO - [AUDIT] - Action: 0, Confidence: 1.0000, Safety Mode: SAFE_HOLD, Override: Safe hold mode active
2025-05-28 04:04:15,070 - INFO - [AUDIT] - Action: 0, Confidence: 1.0000, Safety Mode: SAFE_HOLD, Override: Safe hold mode active
2025-05-28 04:04:15,070 - INFO - [AUDIT] - Action: 0, Confidence: 1.0000, Safety Mode: SAFE_HOLD, Override: Safe hold mode active
2025-05-28 04:04:15,070 - INFO - [AUDIT] - Action: 0, Confidence: 1.0000, Safety Mode: SAFE_HOLD, Override: Safe hold mode active
2025-05-28 04:04:15,070 - INFO - [AUDIT] - Action: 0, Confidence: 1.0000, Safety Mode: SAFE_HOLD, Override: Safe hold mode active
2025-05-28 04:04:15,071 - INFO - [AUDIT] - Action: 0, Confidence: 1.0000, Safety Mode: SAFE_HOLD, Override: Safe hold mode active
2025-05-28 04:04:15,071 - INFO - [AUDIT] - Action: 0, Confidence: 1.0000, Safety Mode: SAFE_HOLD, Override: Safe hold mode active
2025-05-28 04:04:15,071 - INFO - [AUDIT] - Action: 0, Confidence: 1.0000, Safety Mode: SAFE_HOLD, Override: Safe hold mode active
2025-05-28 04:04:15,071 - INFO - [AUDIT] - Action: 0, Confidence: 1.0000, Safety Mode: SAFE_HOLD, Override: Safe hold mode active
2025-05-28 04:04:15,071 - INFO - [AUDIT] - Action: 0, Confidence: 1.0000, Safety Mode: SAFE_HOLD, Override: Safe hold mode active
2025-05-28 04:04:15,072 - INFO - [AUDIT] - Action: 0, Confidence: 1.0000, Safety Mode: SAFE_HOLD, Override: Safe hold mode active
2025-05-28 04:04:15,072 - INFO - [AUDIT] - Action: 0, Confidence: 1.0000, Safety Mode: SAFE_HOLD, Override: Safe hold mode active
2025-05-28 04:04:15,072 - INFO - [AUDIT] - Action: 0, Confidence: 1.0000, Safety Mode: SAFE_HOLD, Override: Safe hold mode active
2025-05-28 04:04:15,072 - INFO - [AUDIT] - Action: 0, Confidence: 1.0000, Safety Mode: SAFE_HOLD, Override: Safe hold mode active
2025-05-28 04:04:15,072 - INFO - [AUDIT] - Action: 0, Confidence: 1.0000, Safety Mode: SAFE_HOLD, Override: Safe hold mode active
2025-05-28 04:04:15,073 - INFO - [AUDIT] - Action: 0, Confidence: 1.0000, Safety Mode: SAFE_HOLD, Override: Safe hold mode active
2025-05-28 04:04:15,073 - INFO - [AUDIT] - Action: 0, Confidence: 1.0000, Safety Mode: SAFE_HOLD, Override: Safe hold mode active
2025-05-28 04:04:15,073 - INFO - [AUDIT] - Action: 0, Confidence: 1.0000, Safety Mode: SAFE_HOLD, Override: Safe hold mode active
2025-05-28 04:04:15,073 - INFO - [AUDIT] - Action: 0, Confidence: 1.0000, Safety Mode: SAFE_HOLD, Override: Safe hold mode active
2025-05-28 04:04:15,073 - INFO - [AUDIT] - Action: 0, Confidence: 1.0000, Safety Mode: SAFE_HOLD, Override: Safe hold mode active
2025-05-28 04:04:15,073 - INFO - [AUDIT] - Action: 0, Confidence: 1.0000, Safety Mode: SAFE_HOLD, Override: Safe hold mode active
2025-05-28 04:04:15,074 - INFO - [AUDIT] - Action: 0, Confidence: 1.0000, Safety Mode: SAFE_HOLD, Override: Safe hold mode active
2025-05-28 04:04:15,074 - INFO - [AUDIT] - Action: 0, Confidence: 1.0000, Safety Mode: SAFE_HOLD, Override: Safe hold mode active
2025-05-28 04:04:15,074 - INFO - [AUDIT] - Action: 0, Confidence: 1.0000, Safety Mode: SAFE_HOLD, Override: Safe hold mode active
2025-05-28 04:04:15,074 - INFO - [AUDIT] - Action: 0, Confidence: 1.0000, Safety Mode: SAFE_HOLD, Override: Safe hold mode active
2025-05-28 04:04:15,074 - INFO - [AUDIT] - Action: 0, Confidence: 1.0000, Safety Mode: SAFE_HOLD, Override: Safe hold mode active
2025-05-28 04:04:15,075 - INFO - [AUDIT] - Action: 0, Confidence: 1.0000, Safety Mode: SAFE_HOLD, Override: Safe hold mode active
2025-05-28 04:04:15,075 - INFO - [AUDIT] - Action: 0, Confidence: 1.0000, Safety Mode: SAFE_HOLD, Override: Safe hold mode active
2025-05-28 04:04:15,075 - INFO - [AUDIT] - Action: 0, Confidence: 1.0000, Safety Mode: SAFE_HOLD, Override: Safe hold mode active
2025-05-28 04:04:15,075 - INFO - [AUDIT] - Action: 0, Confidence: 1.0000, Safety Mode: SAFE_HOLD, Override: Safe hold mode active
2025-05-28 04:04:15,075 - INFO - [AUDIT] - Action: 0, Confidence: 1.0000, Safety Mode: SAFE_HOLD, Override: Safe hold mode active
2025-05-28 04:04:15,076 - INFO - [AUDIT] - Action: 0, Confidence: 1.0000, Safety Mode: SAFE_HOLD, Override: Safe hold mode active
2025-05-28 04:04:15,076 - INFO - [AUDIT] - Action: 0, Confidence: 1.0000, Safety Mode: SAFE_HOLD, Override: Safe hold mode active
2025-05-28 04:04:15,076 - INFO - [AUDIT] - Action: 0, Confidence: 1.0000, Safety Mode: SAFE_HOLD, Override: Safe hold mode active
2025-05-28 04:04:15,076 - INFO - [AUDIT] - Action: 0, Confidence: 1.0000, Safety Mode: SAFE_HOLD, Override: Safe hold mode active
2025-05-28 04:04:15,076 - INFO - [AUDIT] - Action: 0, Confidence: 1.0000, Safety Mode: SAFE_HOLD, Override: Safe hold mode active
2025-05-28 04:04:15,076 - INFO - [AUDIT] - Action: 0, Confidence: 1.0000, Safety Mode: SAFE_HOLD, Override: Safe hold mode active
2025-05-28 04:04:15,077 - INFO - [AUDIT] - Action: 0, Confidence: 1.0000, Safety Mode: SAFE_HOLD, Override: Safe hold mode active
2025-05-28 04:04:15,077 - INFO - [AUDIT] - Action: 0, Confidence: 1.0000, Safety Mode: SAFE_HOLD, Override: Safe hold mode active
2025-05-28 04:04:15,077 - INFO - [AUDIT] - Action: 0, Confidence: 1.0000, Safety Mode: SAFE_HOLD, Override: Safe hold mode active
2025-05-28 04:04:15,077 - INFO - [AUDIT] - Action: 0, Confidence: 1.0000, Safety Mode: SAFE_HOLD, Override: Safe hold mode active
2025-05-28 04:04:15,077 - INFO - [AUDIT] - Action: 0, Confidence: 1.0000, Safety Mode: SAFE_HOLD, Override: Safe hold mode active
2025-05-28 04:04:15,078 - INFO - [AUDIT] - Action: 0, Confidence: 1.0000, Safety Mode: SAFE_HOLD, Override: Safe hold mode active
2025-05-28 04:04:15,078 - INFO - [AUDIT] - Action: 0, Confidence: 1.0000, Safety Mode: SAFE_HOLD, Override: Safe hold mode active
2025-05-28 04:04:15,078 - INFO - [AUDIT] - Action: 0, Confidence: 1.0000, Safety Mode: SAFE_HOLD, Override: Safe hold mode active
2025-05-28 04:04:15,078 - INFO - [AUDIT] - Action: 0, Confidence: 1.0000, Safety Mode: SAFE_HOLD, Override: Safe hold mode active
2025-05-28 04:04:15,078 - INFO - [AUDIT] - Action: 0, Confidence: 1.0000, Safety Mode: SAFE_HOLD, Override: Safe hold mode active
2025-05-28 04:04:15,079 - INFO - [AUDIT] - Action: 0, Confidence: 1.0000, Safety Mode: SAFE_HOLD, Override: Safe hold mode active
2025-05-28 04:04:15,079 - INFO - [AUDIT] - Action: 0, Confidence: 1.0000, Safety Mode: SAFE_HOLD, Override: Safe hold mode active
2025-05-28 04:04:15,079 - INFO - [AUDIT] - Action: 0, Confidence: 1.0000, Safety Mode: SAFE_HOLD, Override: Safe hold mode active
2025-05-28 04:04:15,079 - INFO - [AUDIT] - Action: 0, Confidence: 1.0000, Safety Mode: SAFE_HOLD, Override: Safe hold mode active
2025-05-28 04:04:15,079 - INFO - [AUDIT] - Action: 0, Confidence: 1.0000, Safety Mode: SAFE_HOLD, Override: Safe hold mode active
2025-05-28 04:04:15,080 - INFO - [AUDIT] - Action: 0, Confidence: 1.0000, Safety Mode: SAFE_HOLD, Override: Safe hold mode active
2025-05-28 04:04:15,080 - INFO - [AUDIT] - Action: 0, Confidence: 1.0000, Safety Mode: SAFE_HOLD, Override: Safe hold mode active
2025-05-28 04:04:15,080 - INFO - [AUDIT] - Action: 0, Confidence: 1.0000, Safety Mode: SAFE_HOLD, Override: Safe hold mode active
2025-05-28 04:04:15,080 - INFO - [AUDIT] - Action: 0, Confidence: 1.0000, Safety Mode: SAFE_HOLD, Override: Safe hold mode active
2025-05-28 04:04:15,080 - INFO - [AUDIT] - Action: 0, Confidence: 1.0000, Safety Mode: SAFE_HOLD, Override: Safe hold mode active
2025-05-28 04:04:15,081 - INFO - [AUDIT] - Action: 0, Confidence: 1.0000, Safety Mode: SAFE_HOLD, Override: Safe hold mode active
2025-05-28 04:04:15,081 - INFO - [AUDIT] - Action: 0, Confidence: 1.0000, Safety Mode: SAFE_HOLD, Override: Safe hold mode active
2025-05-28 04:04:15,081 - INFO - [AUDIT] - Action: 0, Confidence: 1.0000, Safety Mode: SAFE_HOLD, Override: Safe hold mode active
2025-05-28 04:04:15,081 - INFO - [AUDIT] - Action: 0, Confidence: 1.0000, Safety Mode: SAFE_HOLD, Override: Safe hold mode active
2025-05-28 04:04:15,081 - INFO - [AUDIT] - Action: 0, Confidence: 1.0000, Safety Mode: SAFE_HOLD, Override: Safe hold mode active
2025-05-28 04:04:15,082 - INFO - [AUDIT] - Action: 0, Confidence: 1.0000, Safety Mode: SAFE_HOLD, Override: Safe hold mode active
2025-05-28 04:04:15,082 - INFO - [AUDIT] - Action: 0, Confidence: 1.0000, Safety Mode: SAFE_HOLD, Override: Safe hold mode active
2025-05-28 04:04:15,082 - INFO - [AUDIT] - Action: 0, Confidence: 1.0000, Safety Mode: SAFE_HOLD, Override: Safe hold mode active
2025-05-28 04:04:15,082 - INFO - [AUDIT] - Action: 0, Confidence: 1.0000, Safety Mode: SAFE_HOLD, Override: Safe hold mode active
2025-05-28 04:04:15,083 - INFO - [AUDIT] - Action: 0, Confidence: 1.0000, Safety Mode: SAFE_HOLD, Override: Safe hold mode active
2025-05-28 04:04:15,083 - INFO - [AUDIT] - Action: 0, Confidence: 1.0000, Safety Mode: SAFE_HOLD, Override: Safe hold mode active
2025-05-28 04:04:15,083 - INFO - [AUDIT] - Action: 0, Confidence: 1.0000, Safety Mode: SAFE_HOLD, Override: Safe hold mode active
2025-05-28 04:04:15,083 - INFO - [AUDIT] - Action: 0, Confidence: 1.0000, Safety Mode: SAFE_HOLD, Override: Safe hold mode active
2025-05-28 04:04:15,083 - INFO - [AUDIT] - Action: 0, Confidence: 1.0000, Safety Mode: SAFE_HOLD, Override: Safe hold mode active
2025-05-28 04:04:15,084 - INFO - [AUDIT] - Action: 0, Confidence: 1.0000, Safety Mode: SAFE_HOLD, Override: Safe hold mode active
2025-05-28 04:04:15,084 - INFO - [AUDIT] - Action: 0, Confidence: 1.0000, Safety Mode: SAFE_HOLD, Override: Safe hold mode active
2025-05-28 04:04:15,084 - INFO - [AUDIT] - Action: 0, Confidence: 1.0000, Safety Mode: SAFE_HOLD, Override: Safe hold mode active
2025-05-28 04:04:15,084 - INFO - [AUDIT] - Action: 0, Confidence: 1.0000, Safety Mode: SAFE_HOLD, Override: Safe hold mode active
2025-05-28 04:04:15,084 - INFO - [AUDIT] - Action: 0, Confidence: 1.0000, Safety Mode: SAFE_HOLD, Override: Safe hold mode active
2025-05-28 04:04:15,084 - INFO - [AUDIT] - Action: 0, Confidence: 1.0000, Safety Mode: SAFE_HOLD, Override: Safe hold mode active
2025-05-28 04:04:15,085 - INFO - [AUDIT] - Action: 0, Confidence: 1.0000, Safety Mode: SAFE_HOLD, Override: Safe hold mode active
2025-05-28 04:04:15,085 - INFO - [AUDIT] - Action: 0, Confidence: 1.0000, Safety Mode: SAFE_HOLD, Override: Safe hold mode active
2025-05-28 04:04:15,085 - INFO - [AUDIT] - Action: 0, Confidence: 1.0000, Safety Mode: SAFE_HOLD, Override: Safe hold mode active
2025-05-28 04:04:15,085 - INFO - [AUDIT] - Action: 0, Confidence: 1.0000, Safety Mode: SAFE_HOLD, Override: Safe hold mode active
2025-05-28 04:04:15,085 - INFO - [AUDIT] - Action: 0, Confidence: 1.0000, Safety Mode: SAFE_HOLD, Override: Safe hold mode active
2025-05-28 04:04:15,086 - INFO - [AUDIT] - Action: 0, Confidence: 1.0000, Safety Mode: SAFE_HOLD, Override: Safe hold mode active
2025-05-28 04:04:15,086 - INFO - [AUDIT] - Action: 0, Confidence: 1.0000, Safety Mode: SAFE_HOLD, Override: Safe hold mode active
2025-05-28 04:04:15,086 - INFO - [AUDIT] - Action: 0, Confidence: 1.0000, Safety Mode: SAFE_HOLD, Override: Safe hold mode active
2025-05-28 04:04:15,086 - INFO - [AUDIT] - Action: 0, Confidence: 1.0000, Safety Mode: SAFE_HOLD, Override: Safe hold mode active
2025-05-28 04:04:15,087 - INFO - [AUDIT] - Action: 0, Confidence: 1.0000, Safety Mode: SAFE_HOLD, Override: Safe hold mode active
2025-05-28 04:04:15,087 - INFO - [AUDIT] - Action: 0, Confidence: 1.0000, Safety Mode: SAFE_HOLD, Override: Safe hold mode active
2025-05-28 04:04:15,087 - INFO - [AUDIT] - Action: 0, Confidence: 1.0000, Safety Mode: SAFE_HOLD, Override: Safe hold mode active
2025-05-28 04:04:15,087 - INFO - [AUDIT] - Action: 0, Confidence: 1.0000, Safety Mode: SAFE_HOLD, Override: Safe hold mode active
2025-05-28 04:04:15,087 - INFO - [AUDIT] - Action: 0, Confidence: 1.0000, Safety Mode: SAFE_HOLD, Override: Safe hold mode active
2025-05-28 04:04:15,088 - INFO - [AUDIT] - Action: 0, Confidence: 1.0000, Safety Mode: SAFE_HOLD, Override: Safe hold mode active
2025-05-28 04:04:15,088 - INFO - [AUDIT] - Action: 0, Confidence: 1.0000, Safety Mode: SAFE_HOLD, Override: Safe hold mode active
2025-05-28 04:04:15,088 - INFO - [AUDIT] - Action: 0, Confidence: 1.0000, Safety Mode: SAFE_HOLD, Override: Safe hold mode active
2025-05-28 04:04:15,088 - INFO - [AUDIT] - Action: 0, Confidence: 1.0000, Safety Mode: SAFE_HOLD, Override: Safe hold mode active
2025-05-28 04:04:15,088 - INFO - [AUDIT] - Action: 0, Confidence: 1.0000, Safety Mode: SAFE_HOLD, Override: Safe hold mode active
2025-05-28 04:04:15,089 - INFO - [AUDIT] - Action: 0, Confidence: 1.0000, Safety Mode: SAFE_HOLD, Override: Safe hold mode active
2025-05-28 04:04:15,089 - INFO - [AUDIT] - Action: 0, Confidence: 1.0000, Safety Mode: SAFE_HOLD, Override: Safe hold mode active
2025-05-28 04:04:15,089 - INFO - [AUDIT] - Action: 0, Confidence: 1.0000, Safety Mode: SAFE_HOLD, Override: Safe hold mode active
2025-05-28 04:04:15,089 - INFO - [AUDIT] - Action: 0, Confidence: 1.0000, Safety Mode: SAFE_HOLD, Override: Safe hold mode active
2025-05-28 04:04:15,089 - INFO - [AUDIT] - Action: 0, Confidence: 1.0000, Safety Mode: SAFE_HOLD, Override: Safe hold mode active
2025-05-28 04:04:15,089 - INFO - [AUDIT] - Action: 0, Confidence: 1.0000, Safety Mode: SAFE_HOLD, Override: Safe hold mode active
2025-05-28 04:04:15,090 - INFO - [AUDIT] - Action: 0, Confidence: 1.0000, Safety Mode: SAFE_HOLD, Override: Safe hold mode active
2025-05-28 04:04:15,090 - INFO - [AUDIT] - Action: 0, Confidence: 1.0000, Safety Mode: SAFE_HOLD, Override: Safe hold mode active
2025-05-28 04:04:15,090 - INFO - [AUDIT] - Action: 0, Confidence: 1.0000, Safety Mode: SAFE_HOLD, Override: Safe hold mode active
2025-05-28 04:04:15,090 - INFO - [AUDIT] - Action: 0, Confidence: 1.0000, Safety Mode: SAFE_HOLD, Override: Safe hold mode active
2025-05-28 04:04:15,090 - INFO - [AUDIT] - Action: 0, Confidence: 1.0000, Safety Mode: SAFE_HOLD, Override: Safe hold mode active
2025-05-28 04:04:15,091 - INFO - [AUDIT] - Action: 0, Confidence: 1.0000, Safety Mode: SAFE_HOLD, Override: Safe hold mode active
2025-05-28 04:04:15,091 - INFO - [AUDIT] - Action: 0, Confidence: 1.0000, Safety Mode: SAFE_HOLD, Override: Safe hold mode active
2025-05-28 04:04:15,091 - INFO - [AUDIT] - Action: 0, Confidence: 1.0000, Safety Mode: SAFE_HOLD, Override: Safe hold mode active
2025-05-28 04:04:15,091 - INFO - [AUDIT] - Action: 0, Confidence: 1.0000, Safety Mode: SAFE_HOLD, Override: Safe hold mode active
2025-05-28 04:04:15,091 - INFO - [AUDIT] - Action: 0, Confidence: 1.0000, Safety Mode: SAFE_HOLD, Override: Safe hold mode active
2025-05-28 04:04:15,092 - INFO - [AUDIT] - Action: 0, Confidence: 1.0000, Safety Mode: SAFE_HOLD, Override: Safe hold mode active
2025-05-28 04:04:15,092 - INFO - [AUDIT] - Action: 0, Confidence: 1.0000, Safety Mode: SAFE_HOLD, Override: Safe hold mode active
2025-05-28 04:04:15,092 - INFO - [AUDIT] - Action: 0, Confidence: 1.0000, Safety Mode: SAFE_HOLD, Override: Safe hold mode active
2025-05-28 04:04:15,092 - INFO - [AUDIT] - Action: 0, Confidence: 1.0000, Safety Mode: SAFE_HOLD, Override: Safe hold mode active
2025-05-28 04:04:15,092 - INFO - [AUDIT] - Action: 0, Confidence: 1.0000, Safety Mode: SAFE_HOLD, Override: Safe hold mode active
2025-05-28 04:04:15,092 - INFO - [AUDIT] - Action: 0, Confidence: 1.0000, Safety Mode: SAFE_HOLD, Override: Safe hold mode active
2025-05-28 04:04:15,093 - INFO - [AUDIT] - Action: 0, Confidence: 1.0000, Safety Mode: SAFE_HOLD, Override: Safe hold mode active
2025-05-28 04:04:15,093 - INFO - [AUDIT] - Action: 0, Confidence: 1.0000, Safety Mode: SAFE_HOLD, Override: Safe hold mode active
2025-05-28 04:04:15,093 - INFO - [AUDIT] - Action: 0, Confidence: 1.0000, Safety Mode: SAFE_HOLD, Override: Safe hold mode active
2025-05-28 04:04:15,093 - INFO - [AUDIT] - Action: 0, Confidence: 1.0000, Safety Mode: SAFE_HOLD, Override: Safe hold mode active
2025-05-28 04:04:15,093 - INFO - [AUDIT] - Action: 0, Confidence: 1.0000, Safety Mode: SAFE_HOLD, Override: Safe hold mode active
2025-05-28 04:04:15,094 - INFO - [AUDIT] - Action: 0, Confidence: 1.0000, Safety Mode: SAFE_HOLD, Override: Safe hold mode active
2025-05-28 04:04:15,094 - INFO - [AUDIT] - Action: 0, Confidence: 1.0000, Safety Mode: SAFE_HOLD, Override: Safe hold mode active
2025-05-28 04:04:15,094 - INFO - [AUDIT] - Action: 0, Confidence: 1.0000, Safety Mode: SAFE_HOLD, Override: Safe hold mode active
2025-05-28 04:04:15,094 - INFO - [AUDIT] - Action: 0, Confidence: 1.0000, Safety Mode: SAFE_HOLD, Override: Safe hold mode active
2025-05-28 04:04:15,094 - INFO - [AUDIT] - Action: 0, Confidence: 1.0000, Safety Mode: SAFE_HOLD, Override: Safe hold mode active
2025-05-28 04:04:15,095 - INFO - [AUDIT] - Action: 0, Confidence: 1.0000, Safety Mode: SAFE_HOLD, Override: Safe hold mode active
2025-05-28 04:04:15,095 - INFO - [AUDIT] - Action: 0, Confidence: 1.0000, Safety Mode: SAFE_HOLD, Override: Safe hold mode active
2025-05-28 04:04:15,095 - INFO - [AUDIT] - Action: 0, Confidence: 1.0000, Safety Mode: SAFE_HOLD, Override: Safe hold mode active
2025-05-28 04:04:15,095 - INFO - [AUDIT] - Action: 0, Confidence: 1.0000, Safety Mode: SAFE_HOLD, Override: Safe hold mode active
2025-05-28 04:04:15,095 - INFO - [AUDIT] - Action: 0, Confidence: 1.0000, Safety Mode: SAFE_HOLD, Override: Safe hold mode active
2025-05-28 04:04:15,096 - INFO - [AUDIT] - Action: 0, Confidence: 1.0000, Safety Mode: SAFE_HOLD, Override: Safe hold mode active
2025-05-28 04:04:15,096 - INFO - [AUDIT] - Action: 0, Confidence: 1.0000, Safety Mode: SAFE_HOLD, Override: Safe hold mode active
2025-05-28 04:04:15,096 - INFO - [AUDIT] - Action: 0, Confidence: 1.0000, Safety Mode: SAFE_HOLD, Override: Safe hold mode active
2025-05-28 04:04:15,096 - INFO - [AUDIT] - Action: 0, Confidence: 1.0000, Safety Mode: SAFE_HOLD, Override: Safe hold mode active
2025-05-28 04:04:15,096 - INFO - [AUDIT] - Action: 0, Confidence: 1.0000, Safety Mode: SAFE_HOLD, Override: Safe hold mode active
2025-05-28 04:04:15,097 - INFO - [AUDIT] - Action: 0, Confidence: 1.0000, Safety Mode: SAFE_HOLD, Override: Safe hold mode active
2025-05-28 04:04:15,097 - INFO - [AUDIT] - Action: 0, Confidence: 1.0000, Safety Mode: SAFE_HOLD, Override: Safe hold mode active
2025-05-28 04:04:15,097 - INFO - [AUDIT] - Action: 0, Confidence: 1.0000, Safety Mode: SAFE_HOLD, Override: Safe hold mode active
2025-05-28 04:04:15,097 - INFO - [AUDIT] - Action: 0, Confidence: 1.0000, Safety Mode: SAFE_HOLD, Override: Safe hold mode active
2025-05-28 04:04:15,097 - INFO - [AUDIT] - Action: 0, Confidence: 1.0000, Safety Mode: SAFE_HOLD, Override: Safe hold mode active
2025-05-28 04:04:15,098 - INFO - [AUDIT] - Action: 0, Confidence: 1.0000, Safety Mode: SAFE_HOLD, Override: Safe hold mode active
2025-05-28 04:04:15,098 - INFO - [AUDIT] - Action: 0, Confidence: 1.0000, Safety Mode: SAFE_HOLD, Override: Safe hold mode active
2025-05-28 04:04:15,098 - INFO - [AUDIT] - Action: 0, Confidence: 1.0000, Safety Mode: SAFE_HOLD, Override: Safe hold mode active
2025-05-28 04:04:15,098 - INFO - [AUDIT] - Action: 0, Confidence: 1.0000, Safety Mode: SAFE_HOLD, Override: Safe hold mode active
2025-05-28 04:04:15,098 - INFO - [AUDIT] - Action: 0, Confidence: 1.0000, Safety Mode: SAFE_HOLD, Override: Safe hold mode active
2025-05-28 04:04:15,098 - INFO - [AUDIT] - Action: 0, Confidence: 1.0000, Safety Mode: SAFE_HOLD, Override: Safe hold mode active
2025-05-28 04:04:15,099 - INFO - [AUDIT] - Action: 0, Confidence: 1.0000, Safety Mode: SAFE_HOLD, Override: Safe hold mode active
2025-05-28 04:04:15,099 - INFO - [AUDIT] - Action: 0, Confidence: 1.0000, Safety Mode: SAFE_HOLD, Override: Safe hold mode active
2025-05-28 04:04:15,099 - INFO - [AUDIT] - Action: 0, Confidence: 1.0000, Safety Mode: SAFE_HOLD, Override: Safe hold mode active
2025-05-28 04:04:15,099 - INFO - [AUDIT] - Action: 0, Confidence: 1.0000, Safety Mode: SAFE_HOLD, Override: Safe hold mode active
2025-05-28 04:04:15,099 - INFO - [AUDIT] - Action: 0, Confidence: 1.0000, Safety Mode: SAFE_HOLD, Override: Safe hold mode active
2025-05-28 04:04:15,100 - INFO - [AUDIT] - Action: 0, Confidence: 1.0000, Safety Mode: SAFE_HOLD, Override: Safe hold mode active
2025-05-28 04:04:15,100 - INFO - [AUDIT] - Action: 0, Confidence: 1.0000, Safety Mode: SAFE_HOLD, Override: Safe hold mode active
2025-05-28 04:04:15,100 - INFO - [AUDIT] - Action: 0, Confidence: 1.0000, Safety Mode: SAFE_HOLD, Override: Safe hold mode active
2025-05-28 04:04:15,100 - INFO - [AUDIT] - Action: 0, Confidence: 1.0000, Safety Mode: SAFE_HOLD, Override: Safe hold mode active
2025-05-28 04:04:15,100 - INFO - [AUDIT] - Action: 0, Confidence: 1.0000, Safety Mode: SAFE_HOLD, Override: Safe hold mode active
2025-05-28 04:04:15,101 - INFO - [AUDIT] - Action: 0, Confidence: 1.0000, Safety Mode: SAFE_HOLD, Override: Safe hold mode active
2025-05-28 04:04:15,101 - INFO - [AUDIT] - Action: 0, Confidence: 1.0000, Safety Mode: SAFE_HOLD, Override: Safe hold mode active
2025-05-28 04:04:15,101 - INFO - [AUDIT] - Action: 0, Confidence: 1.0000, Safety Mode: SAFE_HOLD, Override: Safe hold mode active
2025-05-28 04:04:15,101 - INFO - [AUDIT] - Action: 0, Confidence: 1.0000, Safety Mode: SAFE_HOLD, Override: Safe hold mode active
2025-05-28 04:04:15,101 - INFO - [AUDIT] - Action: 0, Confidence: 1.0000, Safety Mode: SAFE_HOLD, Override: Safe hold mode active
2025-05-28 04:04:15,102 - INFO - [AUDIT] - Action: 0, Confidence: 1.0000, Safety Mode: SAFE_HOLD, Override: Safe hold mode active
2025-05-28 04:04:15,102 - INFO - [AUDIT] - Action: 0, Confidence: 1.0000, Safety Mode: SAFE_HOLD, Override: Safe hold mode active
2025-05-28 04:04:15,102 - INFO - [AUDIT] - Action: 0, Confidence: 1.0000, Safety Mode: SAFE_HOLD, Override: Safe hold mode active
2025-05-28 04:04:15,102 - INFO - [AUDIT] - Action: 0, Confidence: 1.0000, Safety Mode: SAFE_HOLD, Override: Safe hold mode active
2025-05-28 04:04:15,103 - INFO - [AUDIT] - Action: 0, Confidence: 1.0000, Safety Mode: SAFE_HOLD, Override: Safe hold mode active
2025-05-28 04:04:15,103 - INFO - [AUDIT] - Action: 0, Confidence: 1.0000, Safety Mode: SAFE_HOLD, Override: Safe hold mode active
2025-05-28 04:04:15,103 - INFO - [AUDIT] - Action: 0, Confidence: 1.0000, Safety Mode: SAFE_HOLD, Override: Safe hold mode active
2025-05-28 04:04:15,103 - INFO - [AUDIT] - Action: 0, Confidence: 1.0000, Safety Mode: SAFE_HOLD, Override: Safe hold mode active
2025-05-28 04:04:15,104 - INFO - [AUDIT] - Action: 0, Confidence: 1.0000, Safety Mode: SAFE_HOLD, Override: Safe hold mode active
2025-05-28 04:04:15,104 - INFO - [AUDIT] - Action: 0, Confidence: 1.0000, Safety Mode: SAFE_HOLD, Override: Safe hold mode active
2025-05-28 04:04:15,104 - INFO - [AUDIT] - Action: 0, Confidence: 1.0000, Safety Mode: SAFE_HOLD, Override: Safe hold mode active
2025-05-28 04:04:15,104 - INFO - [AUDIT] - Action: 0, Confidence: 1.0000, Safety Mode: SAFE_HOLD, Override: Safe hold mode active
2025-05-28 04:04:15,104 - INFO - [AUDIT] - Action: 0, Confidence: 1.0000, Safety Mode: SAFE_HOLD, Override: Safe hold mode active
2025-05-28 04:04:15,105 - INFO - [AUDIT] - Action: 0, Confidence: 1.0000, Safety Mode: SAFE_HOLD, Override: Safe hold mode active
2025-05-28 04:04:15,105 - INFO - [AUDIT] - Action: 0, Confidence: 1.0000, Safety Mode: SAFE_HOLD, Override: Safe hold mode active
2025-05-28 04:04:15,105 - INFO - [AUDIT] - Action: 0, Confidence: 1.0000, Safety Mode: SAFE_HOLD, Override: Safe hold mode active
2025-05-28 04:04:15,105 - INFO - [AUDIT] - Action: 0, Confidence: 1.0000, Safety Mode: SAFE_HOLD, Override: Safe hold mode active
2025-05-28 04:04:15,105 - INFO - [AUDIT] - Action: 0, Confidence: 1.0000, Safety Mode: SAFE_HOLD, Override: Safe hold mode active
2025-05-28 04:04:15,106 - INFO - [AUDIT] - Action: 0, Confidence: 1.0000, Safety Mode: SAFE_HOLD, Override: Safe hold mode active
2025-05-28 04:04:15,106 - INFO - [AUDIT] - Action: 0, Confidence: 1.0000, Safety Mode: SAFE_HOLD, Override: Safe hold mode active
2025-05-28 04:04:15,106 - INFO - [AUDIT] - Action: 0, Confidence: 1.0000, Safety Mode: SAFE_HOLD, Override: Safe hold mode active
2025-05-28 04:04:15,106 - INFO - [AUDIT] - Action: 0, Confidence: 1.0000, Safety Mode: SAFE_HOLD, Override: Safe hold mode active
2025-05-28 04:04:15,106 - INFO - [AUDIT] - Action: 0, Confidence: 1.0000, Safety Mode: SAFE_HOLD, Override: Safe hold mode active
2025-05-28 04:04:15,107 - INFO - [AUDIT] - Action: 0, Confidence: 1.0000, Safety Mode: SAFE_HOLD, Override: Safe hold mode active
2025-05-28 04:04:15,107 - INFO - [AUDIT] - Action: 0, Confidence: 1.0000, Safety Mode: SAFE_HOLD, Override: Safe hold mode active
2025-05-28 04:04:15,107 - INFO - [AUDIT] - Action: 0, Confidence: 1.0000, Safety Mode: SAFE_HOLD, Override: Safe hold mode active
2025-05-28 04:04:15,107 - INFO - [AUDIT] - Action: 0, Confidence: 1.0000, Safety Mode: SAFE_HOLD, Override: Safe hold mode active
2025-05-28 04:04:15,107 - INFO - [AUDIT] - Action: 0, Confidence: 1.0000, Safety Mode: SAFE_HOLD, Override: Safe hold mode active
2025-05-28 04:04:15,108 - INFO - [AUDIT] - Action: 0, Confidence: 1.0000, Safety Mode: SAFE_HOLD, Override: Safe hold mode active
2025-05-28 04:04:15,108 - INFO - [AUDIT] - Action: 0, Confidence: 1.0000, Safety Mode: SAFE_HOLD, Override: Safe hold mode active
2025-05-28 04:04:15,108 - INFO - [AUDIT] - Action: 0, Confidence: 1.0000, Safety Mode: SAFE_HOLD, Override: Safe hold mode active
2025-05-28 04:04:15,108 - INFO - [AUDIT] - Action: 0, Confidence: 1.0000, Safety Mode: SAFE_HOLD, Override: Safe hold mode active
2025-05-28 04:04:15,108 - INFO - [AUDIT] - Action: 0, Confidence: 1.0000, Safety Mode: SAFE_HOLD, Override: Safe hold mode active
2025-05-28 04:04:15,109 - INFO - [AUDIT] - Action: 0, Confidence: 1.0000, Safety Mode: SAFE_HOLD, Override: Safe hold mode active
2025-05-28 04:04:15,109 - INFO - [AUDIT] - Action: 0, Confidence: 1.0000, Safety Mode: SAFE_HOLD, Override: Safe hold mode active
2025-05-28 04:04:15,109 - INFO - [AUDIT] - Action: 0, Confidence: 1.0000, Safety Mode: SAFE_HOLD, Override: Safe hold mode active
2025-05-28 04:04:15,109 - INFO - [AUDIT] - Action: 0, Confidence: 1.0000, Safety Mode: SAFE_HOLD, Override: Safe hold mode active
2025-05-28 04:04:15,109 - INFO - [AUDIT] - Action: 0, Confidence: 1.0000, Safety Mode: SAFE_HOLD, Override: Safe hold mode active
2025-05-28 04:04:15,110 - INFO - [AUDIT] - Action: 0, Confidence: 1.0000, Safety Mode: SAFE_HOLD, Override: Safe hold mode active
2025-05-28 04:04:15,110 - INFO - [AUDIT] - Action: 0, Confidence: 1.0000, Safety Mode: SAFE_HOLD, Override: Safe hold mode active
2025-05-28 04:04:15,110 - INFO - [AUDIT] - Action: 0, Confidence: 1.0000, Safety Mode: SAFE_HOLD, Override: Safe hold mode active
2025-05-28 04:04:15,110 - INFO - [AUDIT] - Action: 0, Confidence: 1.0000, Safety Mode: SAFE_HOLD, Override: Safe hold mode active
2025-05-28 04:04:15,110 - INFO - [AUDIT] - Action: 0, Confidence: 1.0000, Safety Mode: SAFE_HOLD, Override: Safe hold mode active
2025-05-28 04:04:15,111 - INFO - [AUDIT] - Action: 0, Confidence: 1.0000, Safety Mode: SAFE_HOLD, Override: Safe hold mode active
2025-05-28 04:04:15,111 - INFO - [AUDIT] - Action: 0, Confidence: 1.0000, Safety Mode: SAFE_HOLD, Override: Safe hold mode active
2025-05-28 04:04:15,111 - INFO - [AUDIT] - Action: 0, Confidence: 1.0000, Safety Mode: SAFE_HOLD, Override: Safe hold mode active
2025-05-28 04:04:15,111 - INFO - [AUDIT] - Action: 0, Confidence: 1.0000, Safety Mode: SAFE_HOLD, Override: Safe hold mode active
2025-05-28 04:04:15,111 - INFO - [AUDIT] - Action: 0, Confidence: 1.0000, Safety Mode: SAFE_HOLD, Override: Safe hold mode active
2025-05-28 04:04:15,112 - INFO - [AUDIT] - Action: 0, Confidence: 1.0000, Safety Mode: SAFE_HOLD, Override: Safe hold mode active
2025-05-28 04:04:15,112 - INFO - [AUDIT] - Action: 0, Confidence: 1.0000, Safety Mode: SAFE_HOLD, Override: Safe hold mode active
2025-05-28 04:04:15,112 - INFO - [AUDIT] - Action: 0, Confidence: 1.0000, Safety Mode: SAFE_HOLD, Override: Safe hold mode active
2025-05-28 04:04:15,112 - INFO - [AUDIT] - Action: 0, Confidence: 1.0000, Safety Mode: SAFE_HOLD, Override: Safe hold mode active
2025-05-28 04:04:15,112 - INFO - [AUDIT] - Action: 0, Confidence: 1.0000, Safety Mode: SAFE_HOLD, Override: Safe hold mode active
2025-05-28 04:04:15,113 - INFO - [AUDIT] - Action: 0, Confidence: 1.0000, Safety Mode: SAFE_HOLD, Override: Safe hold mode active
2025-05-28 04:04:15,113 - INFO - [AUDIT] - Action: 0, Confidence: 1.0000, Safety Mode: SAFE_HOLD, Override: Safe hold mode active
2025-05-28 04:04:15,113 - INFO - [AUDIT] - Action: 0, Confidence: 1.0000, Safety Mode: SAFE_HOLD, Override: Safe hold mode active
2025-05-28 04:04:15,113 - INFO - [AUDIT] - Action: 0, Confidence: 1.0000, Safety Mode: SAFE_HOLD, Override: Safe hold mode active
2025-05-28 04:04:15,113 - INFO - [AUDIT] - Action: 0, Confidence: 1.0000, Safety Mode: SAFE_HOLD, Override: Safe hold mode active
2025-05-28 04:04:15,114 - INFO - [AUDIT] - Action: 0, Confidence: 1.0000, Safety Mode: SAFE_HOLD, Override: Safe hold mode active
2025-05-28 04:04:15,114 - INFO - [AUDIT] - Action: 0, Confidence: 1.0000, Safety Mode: SAFE_HOLD, Override: Safe hold mode active
2025-05-28 04:04:15,114 - INFO - [AUDIT] - Action: 0, Confidence: 1.0000, Safety Mode: SAFE_HOLD, Override: Safe hold mode active
2025-05-28 04:04:15,114 - INFO - [AUDIT] - Action: 0, Confidence: 1.0000, Safety Mode: SAFE_HOLD, Override: Safe hold mode active
2025-05-28 04:04:15,114 - INFO - [AUDIT] - Action: 0, Confidence: 1.0000, Safety Mode: SAFE_HOLD, Override: Safe hold mode active
2025-05-28 04:04:15,115 - INFO - [AUDIT] - Action: 0, Confidence: 1.0000, Safety Mode: SAFE_HOLD, Override: Safe hold mode active
2025-05-28 04:04:15,115 - INFO - [AUDIT] - Action: 0, Confidence: 1.0000, Safety Mode: SAFE_HOLD, Override: Safe hold mode active
2025-05-28 04:04:15,115 - INFO - [AUDIT] - Action: 0, Confidence: 1.0000, Safety Mode: SAFE_HOLD, Override: Safe hold mode active
2025-05-28 04:04:15,115 - INFO - [AUDIT] - Action: 0, Confidence: 1.0000, Safety Mode: SAFE_HOLD, Override: Safe hold mode active
2025-05-28 04:04:15,115 - INFO - [AUDIT] - Action: 0, Confidence: 1.0000, Safety Mode: SAFE_HOLD, Override: Safe hold mode active
2025-05-28 04:04:15,116 - INFO - [AUDIT] - Action: 0, Confidence: 1.0000, Safety Mode: SAFE_HOLD, Override: Safe hold mode active
2025-05-28 04:04:15,116 - INFO - [AUDIT] - Action: 0, Confidence: 1.0000, Safety Mode: SAFE_HOLD, Override: Safe hold mode active
2025-05-28 04:04:15,116 - INFO - [AUDIT] - Action: 0, Confidence: 1.0000, Safety Mode: SAFE_HOLD, Override: Safe hold mode active
2025-05-28 04:04:15,116 - INFO - [AUDIT] - Action: 0, Confidence: 1.0000, Safety Mode: SAFE_HOLD, Override: Safe hold mode active
2025-05-28 04:04:15,116 - INFO - [AUDIT] - Action: 0, Confidence: 1.0000, Safety Mode: SAFE_HOLD, Override: Safe hold mode active
2025-05-28 04:04:15,117 - INFO - [AUDIT] - Action: 0, Confidence: 1.0000, Safety Mode: SAFE_HOLD, Override: Safe hold mode active
2025-05-28 04:04:15,117 - INFO - [AUDIT] - Action: 0, Confidence: 1.0000, Safety Mode: SAFE_HOLD, Override: Safe hold mode active
2025-05-28 04:04:15,117 - INFO - [AUDIT] - Action: 0, Confidence: 1.0000, Safety Mode: SAFE_HOLD, Override: Safe hold mode active
2025-05-28 04:04:15,117 - INFO - [AUDIT] - Action: 0, Confidence: 1.0000, Safety Mode: SAFE_HOLD, Override: Safe hold mode active
2025-05-28 04:04:15,117 - INFO - [AUDIT] - Action: 0, Confidence: 1.0000, Safety Mode: SAFE_HOLD, Override: Safe hold mode active
2025-05-28 04:04:15,118 - INFO - [AUDIT] - Action: 0, Confidence: 1.0000, Safety Mode: SAFE_HOLD, Override: Safe hold mode active
2025-05-28 04:04:15,118 - INFO - [AUDIT] - Action: 0, Confidence: 1.0000, Safety Mode: SAFE_HOLD, Override: Safe hold mode active
2025-05-28 04:04:15,118 - INFO - [AUDIT] - Action: 0, Confidence: 1.0000, Safety Mode: SAFE_HOLD, Override: Safe hold mode active
2025-05-28 04:04:15,118 - INFO - [AUDIT] - Action: 0, Confidence: 1.0000, Safety Mode: SAFE_HOLD, Override: Safe hold mode active
2025-05-28 04:04:15,118 - INFO - [AUDIT] - Action: 0, Confidence: 1.0000, Safety Mode: SAFE_HOLD, Override: Safe hold mode active
2025-05-28 04:04:15,119 - INFO - [AUDIT] - Action: 0, Confidence: 1.0000, Safety Mode: SAFE_HOLD, Override: Safe hold mode active
2025-05-28 04:04:15,119 - INFO - [AUDIT] - Action: 0, Confidence: 1.0000, Safety Mode: SAFE_HOLD, Override: Safe hold mode active
2025-05-28 04:04:15,119 - INFO - [AUDIT] - Action: 0, Confidence: 1.0000, Safety Mode: SAFE_HOLD, Override: Safe hold mode active
2025-05-28 04:04:15,120 - INFO - [AUDIT] - Action: 0, Confidence: 1.0000, Safety Mode: SAFE_HOLD, Override: Safe hold mode active
2025-05-28 04:04:15,120 - INFO - [AUDIT] - Action: 0, Confidence: 1.0000, Safety Mode: SAFE_HOLD, Override: Safe hold mode active
2025-05-28 04:04:15,120 - INFO - [AUDIT] - Action: 0, Confidence: 1.0000, Safety Mode: SAFE_HOLD, Override: Safe hold mode active
2025-05-28 04:04:15,120 - INFO - [AUDIT] - Action: 0, Confidence: 1.0000, Safety Mode: SAFE_HOLD, Override: Safe hold mode active
2025-05-28 04:04:15,120 - INFO - [AUDIT] - Action: 0, Confidence: 1.0000, Safety Mode: SAFE_HOLD, Override: Safe hold mode active
2025-05-28 04:04:15,121 - INFO - [AUDIT] - Action: 0, Confidence: 1.0000, Safety Mode: SAFE_HOLD, Override: Safe hold mode active
2025-05-28 04:04:15,121 - INFO - [AUDIT] - Action: 0, Confidence: 1.0000, Safety Mode: SAFE_HOLD, Override: Safe hold mode active
2025-05-28 04:04:15,121 - INFO - [AUDIT] - Action: 0, Confidence: 1.0000, Safety Mode: SAFE_HOLD, Override: Safe hold mode active
2025-05-28 04:04:15,121 - INFO - [AUDIT] - Action: 0, Confidence: 1.0000, Safety Mode: SAFE_HOLD, Override: Safe hold mode active
2025-05-28 04:04:15,121 - INFO - [AUDIT] - Action: 0, Confidence: 1.0000, Safety Mode: SAFE_HOLD, Override: Safe hold mode active
2025-05-28 04:04:15,122 - INFO - [AUDIT] - Action: 0, Confidence: 1.0000, Safety Mode: SAFE_HOLD, Override: Safe hold mode active
2025-05-28 04:04:15,122 - INFO - [AUDIT] - Action: 0, Confidence: 1.0000, Safety Mode: SAFE_HOLD, Override: Safe hold mode active
2025-05-28 04:04:15,122 - INFO - [AUDIT] - Action: 0, Confidence: 1.0000, Safety Mode: SAFE_HOLD, Override: Safe hold mode active
2025-05-28 04:04:15,122 - INFO - [AUDIT] - Action: 0, Confidence: 1.0000, Safety Mode: SAFE_HOLD, Override: Safe hold mode active
2025-05-28 04:04:15,122 - INFO - [AUDIT] - Action: 0, Confidence: 1.0000, Safety Mode: SAFE_HOLD, Override: Safe hold mode active
2025-05-28 04:04:15,123 - INFO - [AUDIT] - Action: 0, Confidence: 1.0000, Safety Mode: SAFE_HOLD, Override: Safe hold mode active
2025-05-28 04:04:15,123 - INFO - [AUDIT] - Action: 0, Confidence: 1.0000, Safety Mode: SAFE_HOLD, Override: Safe hold mode active
2025-05-28 04:04:15,123 - INFO - [AUDIT] - Action: 0, Confidence: 1.0000, Safety Mode: SAFE_HOLD, Override: Safe hold mode active
2025-05-28 04:04:15,123 - INFO - [AUDIT] - Action: 0, Confidence: 1.0000, Safety Mode: SAFE_HOLD, Override: Safe hold mode active
2025-05-28 04:04:15,123 - INFO - [AUDIT] - Action: 0, Confidence: 1.0000, Safety Mode: SAFE_HOLD, Override: Safe hold mode active
2025-05-28 04:04:15,124 - INFO - [AUDIT] - Action: 0, Confidence: 1.0000, Safety Mode: SAFE_HOLD, Override: Safe hold mode active
2025-05-28 04:04:15,124 - INFO - [AUDIT] - Action: 0, Confidence: 1.0000, Safety Mode: SAFE_HOLD, Override: Safe hold mode active
2025-05-28 04:04:15,124 - INFO - [AUDIT] - Action: 0, Confidence: 1.0000, Safety Mode: SAFE_HOLD, Override: Safe hold mode active
2025-05-28 04:04:15,124 - INFO - [AUDIT] - Action: 0, Confidence: 1.0000, Safety Mode: SAFE_HOLD, Override: Safe hold mode active
2025-05-28 04:04:15,124 - INFO - [AUDIT] - Action: 0, Confidence: 1.0000, Safety Mode: SAFE_HOLD, Override: Safe hold mode active
2025-05-28 04:04:15,125 - INFO - [AUDIT] - Action: 0, Confidence: 1.0000, Safety Mode: SAFE_HOLD, Override: Safe hold mode active
2025-05-28 04:04:15,125 - INFO - [AUDIT] - Action: 0, Confidence: 1.0000, Safety Mode: SAFE_HOLD, Override: Safe hold mode active
2025-05-28 04:04:15,125 - INFO - [AUDIT] - Action: 0, Confidence: 1.0000, Safety Mode: SAFE_HOLD, Override: Safe hold mode active
2025-05-28 04:04:15,125 - INFO - [AUDIT] - Action: 0, Confidence: 1.0000, Safety Mode: SAFE_HOLD, Override: Safe hold mode active
2025-05-28 04:04:15,125 - INFO - [AUDIT] - Action: 0, Confidence: 1.0000, Safety Mode: SAFE_HOLD, Override: Safe hold mode active
2025-05-28 04:04:15,125 - INFO - [AUDIT] - Action: 0, Confidence: 1.0000, Safety Mode: SAFE_HOLD, Override: Safe hold mode active
2025-05-28 04:04:15,126 - INFO - [AUDIT] - Action: 0, Confidence: 1.0000, Safety Mode: SAFE_HOLD, Override: Safe hold mode active
2025-05-28 04:04:15,126 - INFO - [AUDIT] - Action: 0, Confidence: 1.0000, Safety Mode: SAFE_HOLD, Override: Safe hold mode active
2025-05-28 04:04:15,126 - INFO - [AUDIT] - Action: 0, Confidence: 1.0000, Safety Mode: SAFE_HOLD, Override: Safe hold mode active
2025-05-28 04:04:15,126 - INFO - [AUDIT] - Action: 0, Confidence: 1.0000, Safety Mode: SAFE_HOLD, Override: Safe hold mode active
2025-05-28 04:04:15,126 - INFO - [AUDIT] - Action: 0, Confidence: 1.0000, Safety Mode: SAFE_HOLD, Override: Safe hold mode active
2025-05-28 04:04:15,127 - INFO - [AUDIT] - Action: 0, Confidence: 1.0000, Safety Mode: SAFE_HOLD, Override: Safe hold mode active
2025-05-28 04:04:15,127 - INFO - [AUDIT] - Action: 0, Confidence: 1.0000, Safety Mode: SAFE_HOLD, Override: Safe hold mode active
2025-05-28 04:04:15,127 - INFO - [AUDIT] - Action: 0, Confidence: 1.0000, Safety Mode: SAFE_HOLD, Override: Safe hold mode active
2025-05-28 04:04:15,127 - INFO - [AUDIT] - Action: 0, Confidence: 1.0000, Safety Mode: SAFE_HOLD, Override: Safe hold mode active
2025-05-28 04:04:15,127 - INFO - [AUDIT] - Action: 0, Confidence: 1.0000, Safety Mode: SAFE_HOLD, Override: Safe hold mode active
2025-05-28 04:04:15,128 - INFO - [AUDIT] - Action: 0, Confidence: 1.0000, Safety Mode: SAFE_HOLD, Override: Safe hold mode active
2025-05-28 04:04:15,128 - INFO - [AUDIT] - Action: 0, Confidence: 1.0000, Safety Mode: SAFE_HOLD, Override: Safe hold mode active
2025-05-28 04:04:15,128 - INFO - [AUDIT] - Action: 0, Confidence: 1.0000, Safety Mode: SAFE_HOLD, Override: Safe hold mode active
2025-05-28 04:04:15,128 - INFO - [AUDIT] - Action: 0, Confidence: 1.0000, Safety Mode: SAFE_HOLD, Override: Safe hold mode active
2025-05-28 04:04:15,129 - INFO - [AUDIT] - Action: 0, Confidence: 1.0000, Safety Mode: SAFE_HOLD, Override: Safe hold mode active
2025-05-28 04:04:15,129 - INFO - [AUDIT] - Action: 0, Confidence: 1.0000, Safety Mode: SAFE_HOLD, Override: Safe hold mode active
2025-05-28 04:04:15,129 - INFO - [AUDIT] - Action: 0, Confidence: 1.0000, Safety Mode: SAFE_HOLD, Override: Safe hold mode active
2025-05-28 04:04:15,129 - INFO - [AUDIT] - Action: 0, Confidence: 1.0000, Safety Mode: SAFE_HOLD, Override: Safe hold mode active
2025-05-28 04:04:15,129 - INFO - [AUDIT] - Action: 0, Confidence: 1.0000, Safety Mode: SAFE_HOLD, Override: Safe hold mode active
2025-05-28 04:04:15,129 - INFO - [AUDIT] - Action: 0, Confidence: 1.0000, Safety Mode: SAFE_HOLD, Override: Safe hold mode active
2025-05-28 04:04:15,130 - INFO - [AUDIT] - Action: 0, Confidence: 1.0000, Safety Mode: SAFE_HOLD, Override: Safe hold mode active
2025-05-28 04:04:15,130 - INFO - [AUDIT] - Action: 0, Confidence: 1.0000, Safety Mode: SAFE_HOLD, Override: Safe hold mode active
2025-05-28 04:04:15,130 - INFO - [AUDIT] - Action: 0, Confidence: 1.0000, Safety Mode: SAFE_HOLD, Override: Safe hold mode active
2025-05-28 04:04:15,130 - INFO - [AUDIT] - Action: 0, Confidence: 1.0000, Safety Mode: SAFE_HOLD, Override: Safe hold mode active
2025-05-28 04:04:15,130 - INFO - [AUDIT] - Action: 0, Confidence: 1.0000, Safety Mode: SAFE_HOLD, Override: Safe hold mode active
2025-05-28 04:04:15,131 - INFO - [AUDIT] - Action: 0, Confidence: 1.0000, Safety Mode: SAFE_HOLD, Override: Safe hold mode active
2025-05-28 04:04:15,131 - INFO - [AUDIT] - Action: 0, Confidence: 1.0000, Safety Mode: SAFE_HOLD, Override: Safe hold mode active
2025-05-28 04:04:15,131 - INFO - [AUDIT] - Action: 0, Confidence: 1.0000, Safety Mode: SAFE_HOLD, Override: Safe hold mode active
2025-05-28 04:04:15,131 - INFO - [AUDIT] - Action: 0, Confidence: 1.0000, Safety Mode: SAFE_HOLD, Override: Safe hold mode active
2025-05-28 04:04:15,131 - INFO - [AUDIT] - Action: 0, Confidence: 1.0000, Safety Mode: SAFE_HOLD, Override: Safe hold mode active
2025-05-28 04:04:15,132 - INFO - [AUDIT] - Action: 0, Confidence: 1.0000, Safety Mode: SAFE_HOLD, Override: Safe hold mode active
2025-05-28 04:04:15,132 - INFO - [AUDIT] - Action: 0, Confidence: 1.0000, Safety Mode: SAFE_HOLD, Override: Safe hold mode active
2025-05-28 04:04:15,132 - INFO - [AUDIT] - Action: 0, Confidence: 1.0000, Safety Mode: SAFE_HOLD, Override: Safe hold mode active
2025-05-28 04:04:15,132 - INFO - [AUDIT] - Action: 0, Confidence: 1.0000, Safety Mode: SAFE_HOLD, Override: Safe hold mode active
2025-05-28 04:04:15,132 - INFO - [AUDIT] - Action: 0, Confidence: 1.0000, Safety Mode: SAFE_HOLD, Override: Safe hold mode active
2025-05-28 04:04:15,133 - INFO - [AUDIT] - Action: 0, Confidence: 1.0000, Safety Mode: SAFE_HOLD, Override: Safe hold mode active
2025-05-28 04:04:15,133 - INFO - [AUDIT] - Action: 0, Confidence: 1.0000, Safety Mode: SAFE_HOLD, Override: Safe hold mode active
2025-05-28 04:04:15,133 - INFO - [AUDIT] - Action: 0, Confidence: 1.0000, Safety Mode: SAFE_HOLD, Override: Safe hold mode active
2025-05-28 04:04:15,133 - INFO - [AUDIT] - Action: 0, Confidence: 1.0000, Safety Mode: SAFE_HOLD, Override: Safe hold mode active
2025-05-28 04:04:15,133 - INFO - [AUDIT] - Action: 0, Confidence: 1.0000, Safety Mode: SAFE_HOLD, Override: Safe hold mode active
2025-05-28 04:04:15,134 - INFO - [AUDIT] - Action: 0, Confidence: 1.0000, Safety Mode: SAFE_HOLD, Override: Safe hold mode active
2025-05-28 04:04:15,134 - INFO - [AUDIT] - Action: 0, Confidence: 1.0000, Safety Mode: SAFE_HOLD, Override: Safe hold mode active
2025-05-28 04:04:15,134 - INFO - [AUDIT] - Action: 0, Confidence: 1.0000, Safety Mode: SAFE_HOLD, Override: Safe hold mode active
2025-05-28 04:04:15,134 - INFO - [AUDIT] - Action: 0, Confidence: 1.0000, Safety Mode: SAFE_HOLD, Override: Safe hold mode active
2025-05-28 04:04:15,134 - INFO - [AUDIT] - Action: 0, Confidence: 1.0000, Safety Mode: SAFE_HOLD, Override: Safe hold mode active
2025-05-28 04:04:15,134 - INFO - [AUDIT] - Action: 0, Confidence: 1.0000, Safety Mode: SAFE_HOLD, Override: Safe hold mode active
2025-05-28 04:04:15,135 - INFO - [AUDIT] - Action: 0, Confidence: 1.0000, Safety Mode: SAFE_HOLD, Override: Safe hold mode active
2025-05-28 04:04:15,135 - INFO - [AUDIT] - Action: 0, Confidence: 1.0000, Safety Mode: SAFE_HOLD, Override: Safe hold mode active
2025-05-28 04:04:15,135 - INFO - [AUDIT] - Action: 0, Confidence: 1.0000, Safety Mode: SAFE_HOLD, Override: Safe hold mode active
2025-05-28 04:04:15,135 - INFO - [AUDIT] - Action: 0, Confidence: 1.0000, Safety Mode: SAFE_HOLD, Override: Safe hold mode active
2025-05-28 04:04:15,136 - INFO - [AUDIT] - Action: 0, Confidence: 1.0000, Safety Mode: SAFE_HOLD, Override: Safe hold mode active
2025-05-28 04:04:15,136 - INFO - [AUDIT] - Action: 0, Confidence: 1.0000, Safety Mode: SAFE_HOLD, Override: Safe hold mode active
2025-05-28 04:04:15,136 - INFO - [AUDIT] - Action: 0, Confidence: 1.0000, Safety Mode: SAFE_HOLD, Override: Safe hold mode active
2025-05-28 04:04:15,136 - INFO - [AUDIT] - Action: 0, Confidence: 1.0000, Safety Mode: SAFE_HOLD, Override: Safe hold mode active
2025-05-28 04:04:15,136 - INFO - [AUDIT] - Action: 0, Confidence: 1.0000, Safety Mode: SAFE_HOLD, Override: Safe hold mode active
2025-05-28 04:04:15,137 - INFO - [AUDIT] - Action: 0, Confidence: 1.0000, Safety Mode: SAFE_HOLD, Override: Safe hold mode active
2025-05-28 04:04:15,137 - INFO - [AUDIT] - Action: 0, Confidence: 1.0000, Safety Mode: SAFE_HOLD, Override: Safe hold mode active
2025-05-28 04:04:15,137 - INFO - [AUDIT] - Action: 0, Confidence: 1.0000, Safety Mode: SAFE_HOLD, Override: Safe hold mode active
2025-05-28 04:04:15,137 - INFO - [AUDIT] - Action: 0, Confidence: 1.0000, Safety Mode: SAFE_HOLD, Override: Safe hold mode active
2025-05-28 04:04:15,137 - INFO - [AUDIT] - Action: 0, Confidence: 1.0000, Safety Mode: SAFE_HOLD, Override: Safe hold mode active
2025-05-28 04:04:15,138 - INFO - [AUDIT] - Action: 0, Confidence: 1.0000, Safety Mode: SAFE_HOLD, Override: Safe hold mode active
2025-05-28 04:04:15,138 - INFO - [AUDIT] - Action: 0, Confidence: 1.0000, Safety Mode: SAFE_HOLD, Override: Safe hold mode active
2025-05-28 04:04:15,138 - INFO - [AUDIT] - Action: 0, Confidence: 1.0000, Safety Mode: SAFE_HOLD, Override: Safe hold mode active
2025-05-28 04:04:15,138 - INFO - [AUDIT] - Action: 0, Confidence: 1.0000, Safety Mode: SAFE_HOLD, Override: Safe hold mode active
2025-05-28 04:04:15,138 - INFO - [AUDIT] - Action: 0, Confidence: 1.0000, Safety Mode: SAFE_HOLD, Override: Safe hold mode active
2025-05-28 04:04:15,139 - INFO - [AUDIT] - Action: 0, Confidence: 1.0000, Safety Mode: SAFE_HOLD, Override: Safe hold mode active
2025-05-28 04:04:15,139 - INFO - [AUDIT] - Action: 0, Confidence: 1.0000, Safety Mode: SAFE_HOLD, Override: Safe hold mode active
2025-05-28 04:04:15,139 - INFO - [AUDIT] - Action: 0, Confidence: 1.0000, Safety Mode: SAFE_HOLD, Override: Safe hold mode active
2025-05-28 04:04:15,139 - INFO - [AUDIT] - Action: 0, Confidence: 1.0000, Safety Mode: SAFE_HOLD, Override: Safe hold mode active
2025-05-28 04:04:15,139 - INFO - [AUDIT] - Action: 0, Confidence: 1.0000, Safety Mode: SAFE_HOLD, Override: Safe hold mode active
2025-05-28 04:04:15,140 - INFO - [AUDIT] - Action: 0, Confidence: 1.0000, Safety Mode: SAFE_HOLD, Override: Safe hold mode active
2025-05-28 04:04:15,140 - INFO - [AUDIT] - Action: 0, Confidence: 1.0000, Safety Mode: SAFE_HOLD, Override: Safe hold mode active
2025-05-28 04:04:15,140 - INFO - [AUDIT] - Action: 0, Confidence: 1.0000, Safety Mode: SAFE_HOLD, Override: Safe hold mode active
2025-05-28 04:04:15,140 - INFO - [AUDIT] - Action: 0, Confidence: 1.0000, Safety Mode: SAFE_HOLD, Override: Safe hold mode active
2025-05-28 04:04:15,140 - INFO - [AUDIT] - Action: 0, Confidence: 1.0000, Safety Mode: SAFE_HOLD, Override: Safe hold mode active
2025-05-28 04:04:15,140 - INFO - [AUDIT] - Action: 0, Confidence: 1.0000, Safety Mode: SAFE_HOLD, Override: Safe hold mode active
2025-05-28 04:04:15,141 - INFO - [AUDIT] - Action: 0, Confidence: 1.0000, Safety Mode: SAFE_HOLD, Override: Safe hold mode active
2025-05-28 04:04:15,141 - INFO - [AUDIT] - Action: 0, Confidence: 1.0000, Safety Mode: SAFE_HOLD, Override: Safe hold mode active
2025-05-28 04:04:15,141 - INFO - [AUDIT] - Action: 0, Confidence: 1.0000, Safety Mode: SAFE_HOLD, Override: Safe hold mode active
2025-05-28 04:04:15,141 - INFO - [AUDIT] - Action: 0, Confidence: 1.0000, Safety Mode: SAFE_HOLD, Override: Safe hold mode active
2025-05-28 04:04:15,141 - INFO - [AUDIT] - Action: 0, Confidence: 1.0000, Safety Mode: SAFE_HOLD, Override: Safe hold mode active
2025-05-28 04:04:15,142 - INFO - [AUDIT] - Action: 0, Confidence: 1.0000, Safety Mode: SAFE_HOLD, Override: Safe hold mode active
2025-05-28 04:04:15,142 - INFO - [AUDIT] - Action: 0, Confidence: 1.0000, Safety Mode: SAFE_HOLD, Override: Safe hold mode active
2025-05-28 04:04:15,142 - INFO - [AUDIT] - Action: 0, Confidence: 1.0000, Safety Mode: SAFE_HOLD, Override: Safe hold mode active
2025-05-28 04:04:15,142 - INFO - [AUDIT] - Action: 0, Confidence: 1.0000, Safety Mode: SAFE_HOLD, Override: Safe hold mode active
2025-05-28 04:04:15,142 - INFO - [AUDIT] - Action: 0, Confidence: 1.0000, Safety Mode: SAFE_HOLD, Override: Safe hold mode active
2025-05-28 04:04:15,143 - INFO - [AUDIT] - Action: 0, Confidence: 1.0000, Safety Mode: SAFE_HOLD, Override: Safe hold mode active
2025-05-28 04:04:15,143 - INFO - [AUDIT] - Action: 0, Confidence: 1.0000, Safety Mode: SAFE_HOLD, Override: Safe hold mode active
2025-05-28 04:04:15,143 - INFO - [AUDIT] - Action: 0, Confidence: 1.0000, Safety Mode: SAFE_HOLD, Override: Safe hold mode active
2025-05-28 04:04:15,143 - INFO - [AUDIT] - Action: 0, Confidence: 1.0000, Safety Mode: SAFE_HOLD, Override: Safe hold mode active
2025-05-28 04:04:15,144 - INFO - [AUDIT] - Action: 0, Confidence: 1.0000, Safety Mode: SAFE_HOLD, Override: Safe hold mode active
2025-05-28 04:04:15,144 - INFO - [AUDIT] - Action: 0, Confidence: 1.0000, Safety Mode: SAFE_HOLD, Override: Safe hold mode active
2025-05-28 04:04:15,144 - INFO - [AUDIT] - Action: 0, Confidence: 1.0000, Safety Mode: SAFE_HOLD, Override: Safe hold mode active
2025-05-28 04:04:15,144 - INFO - [AUDIT] - Action: 0, Confidence: 1.0000, Safety Mode: SAFE_HOLD, Override: Safe hold mode active
2025-05-28 04:04:15,144 - INFO - [AUDIT] - Action: 0, Confidence: 1.0000, Safety Mode: SAFE_HOLD, Override: Safe hold mode active
2025-05-28 04:04:15,144 - INFO - [AUDIT] - Action: 0, Confidence: 1.0000, Safety Mode: SAFE_HOLD, Override: Safe hold mode active
2025-05-28 04:04:15,145 - INFO - [AUDIT] - Action: 0, Confidence: 1.0000, Safety Mode: SAFE_HOLD, Override: Safe hold mode active
2025-05-28 04:04:15,145 - INFO - [AUDIT] - Action: 0, Confidence: 1.0000, Safety Mode: SAFE_HOLD, Override: Safe hold mode active
2025-05-28 04:04:15,145 - INFO - [AUDIT] - Action: 0, Confidence: 1.0000, Safety Mode: SAFE_HOLD, Override: Safe hold mode active
2025-05-28 04:04:15,145 - INFO - [AUDIT] - Action: 0, Confidence: 1.0000, Safety Mode: SAFE_HOLD, Override: Safe hold mode active
2025-05-28 04:04:15,145 - INFO - [AUDIT] - Action: 0, Confidence: 1.0000, Safety Mode: SAFE_HOLD, Override: Safe hold mode active
2025-05-28 04:04:15,146 - INFO - [AUDIT] - Action: 0, Confidence: 1.0000, Safety Mode: SAFE_HOLD, Override: Safe hold mode active
2025-05-28 04:04:15,146 - INFO - [AUDIT] - Action: 0, Confidence: 1.0000, Safety Mode: SAFE_HOLD, Override: Safe hold mode active
2025-05-28 04:04:15,146 - INFO - [AUDIT] - Action: 0, Confidence: 1.0000, Safety Mode: SAFE_HOLD, Override: Safe hold mode active
2025-05-28 04:04:15,146 - INFO - [AUDIT] - Action: 0, Confidence: 1.0000, Safety Mode: SAFE_HOLD, Override: Safe hold mode active
2025-05-28 04:04:15,146 - INFO - [AUDIT] - Action: 0, Confidence: 1.0000, Safety Mode: SAFE_HOLD, Override: Safe hold mode active
2025-05-28 04:04:15,147 - INFO - [AUDIT] - Action: 0, Confidence: 1.0000, Safety Mode: SAFE_HOLD, Override: Safe hold mode active
2025-05-28 04:04:15,147 - INFO - [AUDIT] - Action: 0, Confidence: 1.0000, Safety Mode: SAFE_HOLD, Override: Safe hold mode active
2025-05-28 04:04:15,147 - INFO - [AUDIT] - Action: 0, Confidence: 1.0000, Safety Mode: SAFE_HOLD, Override: Safe hold mode active
2025-05-28 04:04:15,147 - INFO - [AUDIT] - Action: 0, Confidence: 1.0000, Safety Mode: SAFE_HOLD, Override: Safe hold mode active
2025-05-28 04:04:15,147 - INFO - [AUDIT] - Action: 0, Confidence: 1.0000, Safety Mode: SAFE_HOLD, Override: Safe hold mode active
2025-05-28 04:04:15,148 - INFO - [AUDIT] - Action: 0, Confidence: 1.0000, Safety Mode: SAFE_HOLD, Override: Safe hold mode active
2025-05-28 04:04:15,148 - INFO - [AUDIT] - Action: 0, Confidence: 1.0000, Safety Mode: SAFE_HOLD, Override: Safe hold mode active
2025-05-28 04:04:15,148 - INFO - [AUDIT] - Action: 0, Confidence: 1.0000, Safety Mode: SAFE_HOLD, Override: Safe hold mode active
2025-05-28 04:04:15,148 - INFO - [AUDIT] - Action: 0, Confidence: 1.0000, Safety Mode: SAFE_HOLD, Override: Safe hold mode active
2025-05-28 04:04:15,148 - INFO - [AUDIT] - Action: 0, Confidence: 1.0000, Safety Mode: SAFE_HOLD, Override: Safe hold mode active
2025-05-28 04:04:15,149 - INFO - [AUDIT] - Action: 0, Confidence: 1.0000, Safety Mode: SAFE_HOLD, Override: Safe hold mode active
2025-05-28 04:04:15,149 - INFO - [AUDIT] - Action: 0, Confidence: 1.0000, Safety Mode: SAFE_HOLD, Override: Safe hold mode active
2025-05-28 04:04:15,149 - INFO - [AUDIT] - Action: 0, Confidence: 1.0000, Safety Mode: SAFE_HOLD, Override: Safe hold mode active
2025-05-28 04:04:15,149 - INFO - [AUDIT] - Action: 0, Confidence: 1.0000, Safety Mode: SAFE_HOLD, Override: Safe hold mode active
2025-05-28 04:04:15,149 - INFO - [AUDIT] - Action: 0, Confidence: 1.0000, Safety Mode: SAFE_HOLD, Override: Safe hold mode active
2025-05-28 04:04:15,150 - INFO - [AUDIT] - Action: 0, Confidence: 1.0000, Safety Mode: SAFE_HOLD, Override: Safe hold mode active
2025-05-28 04:04:15,150 - INFO - [AUDIT] - Action: 0, Confidence: 1.0000, Safety Mode: SAFE_HOLD, Override: Safe hold mode active
2025-05-28 04:04:15,150 - INFO - [AUDIT] - Action: 0, Confidence: 1.0000, Safety Mode: SAFE_HOLD, Override: Safe hold mode active
2025-05-28 04:04:15,150 - INFO - [AUDIT] - Action: 0, Confidence: 1.0000, Safety Mode: SAFE_HOLD, Override: Safe hold mode active
2025-05-28 04:04:15,150 - INFO - [AUDIT] - Action: 0, Confidence: 1.0000, Safety Mode: SAFE_HOLD, Override: Safe hold mode active
2025-05-28 04:04:15,151 - INFO - [AUDIT] - Action: 0, Confidence: 1.0000, Safety Mode: SAFE_HOLD, Override: Safe hold mode active
2025-05-28 04:04:15,151 - INFO - [AUDIT] - Action: 0, Confidence: 1.0000, Safety Mode: SAFE_HOLD, Override: Safe hold mode active
2025-05-28 04:04:15,151 - INFO - [AUDIT] - Action: 0, Confidence: 1.0000, Safety Mode: SAFE_HOLD, Override: Safe hold mode active
2025-05-28 04:04:15,151 - INFO - [AUDIT] - Action: 0, Confidence: 1.0000, Safety Mode: SAFE_HOLD, Override: Safe hold mode active
2025-05-28 04:04:15,151 - INFO - [AUDIT] - Action: 0, Confidence: 1.0000, Safety Mode: SAFE_HOLD, Override: Safe hold mode active
2025-05-28 04:04:15,152 - INFO - [AUDIT] - Action: 0, Confidence: 1.0000, Safety Mode: SAFE_HOLD, Override: Safe hold mode active
2025-05-28 04:04:15,152 - INFO - [AUDIT] - Action: 0, Confidence: 1.0000, Safety Mode: SAFE_HOLD, Override: Safe hold mode active
2025-05-28 04:04:15,152 - INFO - [AUDIT] - Action: 0, Confidence: 1.0000, Safety Mode: SAFE_HOLD, Override: Safe hold mode active
2025-05-28 04:04:15,152 - INFO - [AUDIT] - Action: 0, Confidence: 1.0000, Safety Mode: SAFE_HOLD, Override: Safe hold mode active
2025-05-28 04:04:15,152 - INFO - [AUDIT] - Action: 0, Confidence: 1.0000, Safety Mode: SAFE_HOLD, Override: Safe hold mode active
2025-05-28 04:04:15,153 - INFO - [AUDIT] - Action: 0, Confidence: 1.0000, Safety Mode: SAFE_HOLD, Override: Safe hold mode active
2025-05-28 04:04:15,153 - INFO - [AUDIT] - Action: 0, Confidence: 1.0000, Safety Mode: SAFE_HOLD, Override: Safe hold mode active
2025-05-28 04:04:15,153 - INFO - [AUDIT] - Action: 0, Confidence: 1.0000, Safety Mode: SAFE_HOLD, Override: Safe hold mode active
2025-05-28 04:04:15,153 - INFO - [AUDIT] - Action: 0, Confidence: 1.0000, Safety Mode: SAFE_HOLD, Override: Safe hold mode active
2025-05-28 04:04:15,153 - INFO - [AUDIT] - Action: 0, Confidence: 1.0000, Safety Mode: SAFE_HOLD, Override: Safe hold mode active
2025-05-28 04:04:15,154 - INFO - [AUDIT] - Action: 0, Confidence: 1.0000, Safety Mode: SAFE_HOLD, Override: Safe hold mode active
2025-05-28 04:04:15,154 - INFO - [AUDIT] - Action: 0, Confidence: 1.0000, Safety Mode: SAFE_HOLD, Override: Safe hold mode active
2025-05-28 04:04:15,154 - INFO - [AUDIT] - Action: 0, Confidence: 1.0000, Safety Mode: SAFE_HOLD, Override: Safe hold mode active
2025-05-28 04:04:15,154 - INFO - [AUDIT] - Action: 0, Confidence: 1.0000, Safety Mode: SAFE_HOLD, Override: Safe hold mode active
2025-05-28 04:04:15,154 - INFO - [AUDIT] - Action: 0, Confidence: 1.0000, Safety Mode: SAFE_HOLD, Override: Safe hold mode active
2025-05-28 04:04:15,154 - INFO - [AUDIT] - Action: 0, Confidence: 1.0000, Safety Mode: SAFE_HOLD, Override: Safe hold mode active
2025-05-28 04:04:15,155 - INFO - [AUDIT] - Action: 0, Confidence: 1.0000, Safety Mode: SAFE_HOLD, Override: Safe hold mode active
2025-05-28 04:04:15,155 - INFO - [AUDIT] - Action: 0, Confidence: 1.0000, Safety Mode: SAFE_HOLD, Override: Safe hold mode active
2025-05-28 04:04:15,155 - INFO - [AUDIT] - Action: 0, Confidence: 1.0000, Safety Mode: SAFE_HOLD, Override: Safe hold mode active
2025-05-28 04:04:15,155 - INFO - [AUDIT] - Action: 0, Confidence: 1.0000, Safety Mode: SAFE_HOLD, Override: Safe hold mode active
2025-05-28 04:04:15,155 - INFO - [AUDIT] - Action: 0, Confidence: 1.0000, Safety Mode: SAFE_HOLD, Override: Safe hold mode active
2025-05-28 04:04:15,156 - INFO - [AUDIT] - Action: 0, Confidence: 1.0000, Safety Mode: SAFE_HOLD, Override: Safe hold mode active
2025-05-28 04:04:15,156 - INFO - [AUDIT] - Action: 0, Confidence: 1.0000, Safety Mode: SAFE_HOLD, Override: Safe hold mode active
2025-05-28 04:04:15,156 - INFO - [AUDIT] - Action: 0, Confidence: 1.0000, Safety Mode: SAFE_HOLD, Override: Safe hold mode active
2025-05-28 04:04:15,156 - INFO - [AUDIT] - Action: 0, Confidence: 1.0000, Safety Mode: SAFE_HOLD, Override: Safe hold mode active
2025-05-28 04:04:15,156 - INFO - [AUDIT] - Action: 0, Confidence: 1.0000, Safety Mode: SAFE_HOLD, Override: Safe hold mode active
2025-05-28 04:04:15,156 - INFO - [AUDIT] - Action: 0, Confidence: 1.0000, Safety Mode: SAFE_HOLD, Override: Safe hold mode active
2025-05-28 04:04:15,157 - INFO - [AUDIT] - Action: 0, Confidence: 1.0000, Safety Mode: SAFE_HOLD, Override: Safe hold mode active
2025-05-28 04:04:15,157 - INFO - [AUDIT] - Action: 0, Confidence: 1.0000, Safety Mode: SAFE_HOLD, Override: Safe hold mode active
2025-05-28 04:04:15,157 - INFO - [AUDIT] - Action: 0, Confidence: 1.0000, Safety Mode: SAFE_HOLD, Override: Safe hold mode active
2025-05-28 04:04:15,157 - INFO - [AUDIT] - Action: 0, Confidence: 1.0000, Safety Mode: SAFE_HOLD, Override: Safe hold mode active
2025-05-28 04:04:15,157 - INFO - [AUDIT] - Action: 0, Confidence: 1.0000, Safety Mode: SAFE_HOLD, Override: Safe hold mode active
2025-05-28 04:04:15,158 - INFO - [AUDIT] - Action: 0, Confidence: 1.0000, Safety Mode: SAFE_HOLD, Override: Safe hold mode active
2025-05-28 04:04:15,158 - INFO - [AUDIT] - Action: 0, Confidence: 1.0000, Safety Mode: SAFE_HOLD, Override: Safe hold mode active
2025-05-28 04:04:15,158 - INFO - [AUDIT] - Action: 0, Confidence: 1.0000, Safety Mode: SAFE_HOLD, Override: Safe hold mode active
2025-05-28 04:04:15,158 - INFO - [AUDIT] - Action: 0, Confidence: 1.0000, Safety Mode: SAFE_HOLD, Override: Safe hold mode active
2025-05-28 04:04:15,159 - INFO - [AUDIT] - Action: 0, Confidence: 1.0000, Safety Mode: SAFE_HOLD, Override: Safe hold mode active
2025-05-28 04:04:15,159 - INFO - [AUDIT] - Action: 0, Confidence: 1.0000, Safety Mode: SAFE_HOLD, Override: Safe hold mode active
2025-05-28 04:04:15,159 - INFO - [AUDIT] - Action: 0, Confidence: 1.0000, Safety Mode: SAFE_HOLD, Override: Safe hold mode active
2025-05-28 04:04:15,159 - INFO - [AUDIT] - Action: 0, Confidence: 1.0000, Safety Mode: SAFE_HOLD, Override: Safe hold mode active
2025-05-28 04:04:15,159 - INFO - [AUDIT] - Action: 0, Confidence: 1.0000, Safety Mode: SAFE_HOLD, Override: Safe hold mode active
2025-05-28 04:04:15,159 - INFO - [AUDIT] - Action: 0, Confidence: 1.0000, Safety Mode: SAFE_HOLD, Override: Safe hold mode active
2025-05-28 04:04:15,160 - INFO - [AUDIT] - Action: 0, Confidence: 1.0000, Safety Mode: SAFE_HOLD, Override: Safe hold mode active
2025-05-28 04:04:15,160 - INFO - [AUDIT] - Action: 0, Confidence: 1.0000, Safety Mode: SAFE_HOLD, Override: Safe hold mode active
2025-05-28 04:04:15,160 - INFO - [AUDIT] - Action: 0, Confidence: 1.0000, Safety Mode: SAFE_HOLD, Override: Safe hold mode active
2025-05-28 04:04:15,160 - INFO - [AUDIT] - Action: 0, Confidence: 1.0000, Safety Mode: SAFE_HOLD, Override: Safe hold mode active
2025-05-28 04:04:15,160 - INFO - [AUDIT] - Action: 0, Confidence: 1.0000, Safety Mode: SAFE_HOLD, Override: Safe hold mode active
2025-05-28 04:04:15,161 - INFO - [AUDIT] - Action: 0, Confidence: 1.0000, Safety Mode: SAFE_HOLD, Override: Safe hold mode active
2025-05-28 04:04:15,161 - INFO - [AUDIT] - Action: 0, Confidence: 1.0000, Safety Mode: SAFE_HOLD, Override: Safe hold mode active
2025-05-28 04:04:15,161 - INFO - [AUDIT] - Action: 0, Confidence: 1.0000, Safety Mode: SAFE_HOLD, Override: Safe hold mode active
2025-05-28 04:04:15,161 - INFO - [AUDIT] - Action: 0, Confidence: 1.0000, Safety Mode: SAFE_HOLD, Override: Safe hold mode active
2025-05-28 04:04:15,161 - INFO - [AUDIT] - Action: 0, Confidence: 1.0000, Safety Mode: SAFE_HOLD, Override: Safe hold mode active
2025-05-28 04:04:15,161 - INFO - [AUDIT] - Action: 0, Confidence: 1.0000, Safety Mode: SAFE_HOLD, Override: Safe hold mode active
2025-05-28 04:04:15,162 - INFO - [AUDIT] - Action: 0, Confidence: 1.0000, Safety Mode: SAFE_HOLD, Override: Safe hold mode active
2025-05-28 04:04:15,162 - INFO - [AUDIT] - Action: 0, Confidence: 1.0000, Safety Mode: SAFE_HOLD, Override: Safe hold mode active
2025-05-28 04:04:15,162 - INFO - [AUDIT] - Action: 0, Confidence: 1.0000, Safety Mode: SAFE_HOLD, Override: Safe hold mode active
2025-05-28 04:04:15,162 - INFO - [AUDIT] - Action: 0, Confidence: 1.0000, Safety Mode: SAFE_HOLD, Override: Safe hold mode active
2025-05-28 04:04:15,162 - INFO - [AUDIT] - Action: 0, Confidence: 1.0000, Safety Mode: SAFE_HOLD, Override: Safe hold mode active
2025-05-28 04:04:15,163 - INFO - [AUDIT] - Action: 0, Confidence: 1.0000, Safety Mode: SAFE_HOLD, Override: Safe hold mode active
2025-05-28 04:04:15,164 - INFO - [AUDIT] - Action: 0, Confidence: 1.0000, Safety Mode: SAFE_HOLD, Override: Safe hold mode active
2025-05-28 04:04:15,164 - INFO - [AUDIT] - Action: 0, Confidence: 1.0000, Safety Mode: SAFE_HOLD, Override: Safe hold mode active
2025-05-28 04:04:15,164 - INFO - [AUDIT] - Action: 0, Confidence: 1.0000, Safety Mode: SAFE_HOLD, Override: Safe hold mode active
2025-05-28 04:04:15,164 - INFO - [AUDIT] - Action: 0, Confidence: 1.0000, Safety Mode: SAFE_HOLD, Override: Safe hold mode active
2025-05-28 04:04:15,164 - INFO - [AUDIT] - Action: 0, Confidence: 1.0000, Safety Mode: SAFE_HOLD, Override: Safe hold mode active
2025-05-28 04:04:15,165 - INFO - [AUDIT] - Action: 0, Confidence: 1.0000, Safety Mode: SAFE_HOLD, Override: Safe hold mode active
2025-05-28 04:04:15,165 - INFO - [AUDIT] - Action: 0, Confidence: 1.0000, Safety Mode: SAFE_HOLD, Override: Safe hold mode active
2025-05-28 04:04:15,165 - INFO - [AUDIT] - Action: 0, Confidence: 1.0000, Safety Mode: SAFE_HOLD, Override: Safe hold mode active
2025-05-28 04:04:15,165 - INFO - [AUDIT] - Action: 0, Confidence: 1.0000, Safety Mode: SAFE_HOLD, Override: Safe hold mode active
2025-05-28 04:04:15,165 - INFO - [AUDIT] - Action: 0, Confidence: 1.0000, Safety Mode: SAFE_HOLD, Override: Safe hold mode active
2025-05-28 04:04:15,166 - INFO - [AUDIT] - Action: 0, Confidence: 1.0000, Safety Mode: SAFE_HOLD, Override: Safe hold mode active
2025-05-28 04:04:15,166 - INFO - [AUDIT] - Action: 0, Confidence: 1.0000, Safety Mode: SAFE_HOLD, Override: Safe hold mode active
2025-05-28 04:04:15,166 - INFO - [AUDIT] - Action: 0, Confidence: 1.0000, Safety Mode: SAFE_HOLD, Override: Safe hold mode active
2025-05-28 04:04:15,166 - INFO - [AUDIT] - Action: 0, Confidence: 1.0000, Safety Mode: SAFE_HOLD, Override: Safe hold mode active
2025-05-28 04:04:15,166 - INFO - [AUDIT] - Action: 0, Confidence: 1.0000, Safety Mode: SAFE_HOLD, Override: Safe hold mode active
2025-05-28 04:04:15,167 - INFO - [AUDIT] - Action: 0, Confidence: 1.0000, Safety Mode: SAFE_HOLD, Override: Safe hold mode active
2025-05-28 04:04:15,167 - INFO - [AUDIT] - Action: 0, Confidence: 1.0000, Safety Mode: SAFE_HOLD, Override: Safe hold mode active
2025-05-28 04:04:15,167 - INFO - [AUDIT] - Action: 0, Confidence: 1.0000, Safety Mode: SAFE_HOLD, Override: Safe hold mode active
2025-05-28 04:04:15,167 - INFO - [AUDIT] - Action: 0, Confidence: 1.0000, Safety Mode: SAFE_HOLD, Override: Safe hold mode active
2025-05-28 04:04:15,167 - INFO - [AUDIT] - Action: 0, Confidence: 1.0000, Safety Mode: SAFE_HOLD, Override: Safe hold mode active
2025-05-28 04:04:15,168 - INFO - [AUDIT] - Action: 0, Confidence: 1.0000, Safety Mode: SAFE_HOLD, Override: Safe hold mode active
2025-05-28 04:04:15,168 - INFO - [AUDIT] - Action: 0, Confidence: 1.0000, Safety Mode: SAFE_HOLD, Override: Safe hold mode active
2025-05-28 04:04:15,168 - INFO - [AUDIT] - Action: 0, Confidence: 1.0000, Safety Mode: SAFE_HOLD, Override: Safe hold mode active
2025-05-28 04:04:15,168 - INFO - [AUDIT] - Action: 0, Confidence: 1.0000, Safety Mode: SAFE_HOLD, Override: Safe hold mode active
2025-05-28 04:04:15,168 - INFO - [AUDIT] - Action: 0, Confidence: 1.0000, Safety Mode: SAFE_HOLD, Override: Safe hold mode active
2025-05-28 04:04:15,168 - INFO - [AUDIT] - Action: 0, Confidence: 1.0000, Safety Mode: SAFE_HOLD, Override: Safe hold mode active
2025-05-28 04:04:15,169 - INFO - [AUDIT] - Action: 0, Confidence: 1.0000, Safety Mode: SAFE_HOLD, Override: Safe hold mode active
2025-05-28 04:04:15,169 - INFO - [AUDIT] - Action: 0, Confidence: 1.0000, Safety Mode: SAFE_HOLD, Override: Safe hold mode active
2025-05-28 04:04:15,169 - INFO - [AUDIT] - Action: 0, Confidence: 1.0000, Safety Mode: SAFE_HOLD, Override: Safe hold mode active
2025-05-28 04:04:15,170 - INFO - [AUDIT] - Action: 0, Confidence: 1.0000, Safety Mode: SAFE_HOLD, Override: Safe hold mode active
2025-05-28 04:04:15,170 - INFO - [AUDIT] - Action: 0, Confidence: 1.0000, Safety Mode: SAFE_HOLD, Override: Safe hold mode active
2025-05-28 04:04:15,170 - INFO - [AUDIT] - Action: 0, Confidence: 1.0000, Safety Mode: SAFE_HOLD, Override: Safe hold mode active
2025-05-28 04:04:15,170 - INFO - [AUDIT] - Action: 0, Confidence: 1.0000, Safety Mode: SAFE_HOLD, Override: Safe hold mode active
2025-05-28 04:04:15,170 - INFO - [AUDIT] - Action: 0, Confidence: 1.0000, Safety Mode: SAFE_HOLD, Override: Safe hold mode active
2025-05-28 04:04:15,171 - INFO - [AUDIT] - Action: 0, Confidence: 1.0000, Safety Mode: SAFE_HOLD, Override: Safe hold mode active
2025-05-28 04:04:15,171 - INFO - [AUDIT] - Action: 0, Confidence: 1.0000, Safety Mode: SAFE_HOLD, Override: Safe hold mode active
2025-05-28 04:04:15,171 - INFO - [AUDIT] - Action: 0, Confidence: 1.0000, Safety Mode: SAFE_HOLD, Override: Safe hold mode active
2025-05-28 04:04:15,171 - INFO - [AUDIT] - Action: 0, Confidence: 1.0000, Safety Mode: SAFE_HOLD, Override: Safe hold mode active
2025-05-28 04:04:15,171 - INFO - [AUDIT] - Action: 0, Confidence: 1.0000, Safety Mode: SAFE_HOLD, Override: Safe hold mode active
2025-05-28 04:04:15,172 - INFO - [AUDIT] - Action: 0, Confidence: 1.0000, Safety Mode: SAFE_HOLD, Override: Safe hold mode active
2025-05-28 04:04:15,172 - INFO - [AUDIT] - Action: 0, Confidence: 1.0000, Safety Mode: SAFE_HOLD, Override: Safe hold mode active
2025-05-28 04:04:15,172 - INFO - [AUDIT] - Action: 0, Confidence: 1.0000, Safety Mode: SAFE_HOLD, Override: Safe hold mode active
2025-05-28 04:04:15,172 - INFO - [AUDIT] - Action: 0, Confidence: 1.0000, Safety Mode: SAFE_HOLD, Override: Safe hold mode active
2025-05-28 04:04:15,172 - INFO - [AUDIT] - Action: 0, Confidence: 1.0000, Safety Mode: SAFE_HOLD, Override: Safe hold mode active
2025-05-28 04:04:15,173 - INFO - [AUDIT] - Action: 0, Confidence: 1.0000, Safety Mode: SAFE_HOLD, Override: Safe hold mode active
2025-05-28 04:04:15,173 - INFO - [AUDIT] - Action: 0, Confidence: 1.0000, Safety Mode: SAFE_HOLD, Override: Safe hold mode active
2025-05-28 04:04:15,173 - INFO - [AUDIT] - Action: 0, Confidence: 1.0000, Safety Mode: SAFE_HOLD, Override: Safe hold mode active
2025-05-28 04:04:15,173 - INFO - [AUDIT] - Action: 0, Confidence: 1.0000, Safety Mode: SAFE_HOLD, Override: Safe hold mode active
2025-05-28 04:04:15,173 - INFO - [AUDIT] - Action: 0, Confidence: 1.0000, Safety Mode: SAFE_HOLD, Override: Safe hold mode active
2025-05-28 04:04:15,174 - INFO - [AUDIT] - Action: 0, Confidence: 1.0000, Safety Mode: SAFE_HOLD, Override: Safe hold mode active
2025-05-28 04:04:15,174 - INFO - [AUDIT] - Action: 0, Confidence: 1.0000, Safety Mode: SAFE_HOLD, Override: Safe hold mode active
2025-05-28 04:04:15,174 - INFO - [AUDIT] - Action: 0, Confidence: 1.0000, Safety Mode: SAFE_HOLD, Override: Safe hold mode active
2025-05-28 04:04:15,174 - INFO - [AUDIT] - Action: 0, Confidence: 1.0000, Safety Mode: SAFE_HOLD, Override: Safe hold mode active
2025-05-28 04:04:15,174 - INFO - [AUDIT] - Action: 0, Confidence: 1.0000, Safety Mode: SAFE_HOLD, Override: Safe hold mode active
2025-05-28 04:04:15,174 - INFO - [AUDIT] - Action: 0, Confidence: 1.0000, Safety Mode: SAFE_HOLD, Override: Safe hold mode active
2025-05-28 04:04:15,175 - INFO - [AUDIT] - Action: 0, Confidence: 1.0000, Safety Mode: SAFE_HOLD, Override: Safe hold mode active
2025-05-28 04:04:15,175 - INFO - [AUDIT] - Action: 0, Confidence: 1.0000, Safety Mode: SAFE_HOLD, Override: Safe hold mode active
2025-05-28 04:04:15,175 - INFO - [AUDIT] - Action: 0, Confidence: 1.0000, Safety Mode: SAFE_HOLD, Override: Safe hold mode active
2025-05-28 04:04:15,175 - INFO - [AUDIT] - Action: 0, Confidence: 1.0000, Safety Mode: SAFE_HOLD, Override: Safe hold mode active
2025-05-28 04:04:15,175 - INFO - [AUDIT] - Action: 0, Confidence: 1.0000, Safety Mode: SAFE_HOLD, Override: Safe hold mode active
2025-05-28 04:04:15,176 - INFO - [AUDIT] - Action: 0, Confidence: 1.0000, Safety Mode: SAFE_HOLD, Override: Safe hold mode active
2025-05-28 04:04:15,176 - INFO - [AUDIT] - Action: 0, Confidence: 1.0000, Safety Mode: SAFE_HOLD, Override: Safe hold mode active
2025-05-28 04:04:15,176 - INFO - [AUDIT] - Action: 0, Confidence: 1.0000, Safety Mode: SAFE_HOLD, Override: Safe hold mode active
2025-05-28 04:04:15,176 - INFO - [AUDIT] - Action: 0, Confidence: 1.0000, Safety Mode: SAFE_HOLD, Override: Safe hold mode active
2025-05-28 04:04:15,176 - INFO - [AUDIT] - Action: 0, Confidence: 1.0000, Safety Mode: SAFE_HOLD, Override: Safe hold mode active
2025-05-28 04:04:15,177 - INFO - [AUDIT] - Action: 0, Confidence: 1.0000, Safety Mode: SAFE_HOLD, Override: Safe hold mode active
2025-05-28 04:04:15,177 - INFO - [AUDIT] - Action: 0, Confidence: 1.0000, Safety Mode: SAFE_HOLD, Override: Safe hold mode active
2025-05-28 04:04:15,177 - INFO - [AUDIT] - Action: 0, Confidence: 1.0000, Safety Mode: SAFE_HOLD, Override: Safe hold mode active
2025-05-28 04:04:15,177 - INFO - [AUDIT] - Action: 0, Confidence: 1.0000, Safety Mode: SAFE_HOLD, Override: Safe hold mode active
2025-05-28 04:04:15,177 - INFO - [AUDIT] - Action: 0, Confidence: 1.0000, Safety Mode: SAFE_HOLD, Override: Safe hold mode active
2025-05-28 04:04:15,178 - INFO - [AUDIT] - Action: 0, Confidence: 1.0000, Safety Mode: SAFE_HOLD, Override: Safe hold mode active
2025-05-28 04:04:15,178 - INFO - [AUDIT] - Action: 0, Confidence: 1.0000, Safety Mode: SAFE_HOLD, Override: Safe hold mode active
2025-05-28 04:04:15,178 - INFO - [AUDIT] - Action: 0, Confidence: 1.0000, Safety Mode: SAFE_HOLD, Override: Safe hold mode active
2025-05-28 04:04:15,178 - INFO - [AUDIT] - Action: 0, Confidence: 1.0000, Safety Mode: SAFE_HOLD, Override: Safe hold mode active
2025-05-28 04:04:15,178 - INFO - [AUDIT] - Action: 0, Confidence: 1.0000, Safety Mode: SAFE_HOLD, Override: Safe hold mode active
2025-05-28 04:04:15,179 - INFO - [AUDIT] - Action: 0, Confidence: 1.0000, Safety Mode: SAFE_HOLD, Override: Safe hold mode active
2025-05-28 04:04:15,179 - INFO - [AUDIT] - Action: 0, Confidence: 1.0000, Safety Mode: SAFE_HOLD, Override: Safe hold mode active
2025-05-28 04:04:15,179 - INFO - [AUDIT] - Action: 0, Confidence: 1.0000, Safety Mode: SAFE_HOLD, Override: Safe hold mode active
2025-05-28 04:04:15,179 - INFO - [AUDIT] - Action: 0, Confidence: 1.0000, Safety Mode: SAFE_HOLD, Override: Safe hold mode active
2025-05-28 04:04:15,179 - INFO - [AUDIT] - Action: 0, Confidence: 1.0000, Safety Mode: SAFE_HOLD, Override: Safe hold mode active
2025-05-28 04:04:15,180 - INFO - [AUDIT] - Action: 0, Confidence: 1.0000, Safety Mode: SAFE_HOLD, Override: Safe hold mode active
2025-05-28 04:04:15,180 - INFO - [AUDIT] - Action: 0, Confidence: 1.0000, Safety Mode: SAFE_HOLD, Override: Safe hold mode active
2025-05-28 04:04:15,180 - INFO - [AUDIT] - Action: 0, Confidence: 1.0000, Safety Mode: SAFE_HOLD, Override: Safe hold mode active
2025-05-28 04:04:15,180 - INFO - [AUDIT] - Action: 0, Confidence: 1.0000, Safety Mode: SAFE_HOLD, Override: Safe hold mode active
2025-05-28 04:04:15,180 - INFO - [AUDIT] - Action: 0, Confidence: 1.0000, Safety Mode: SAFE_HOLD, Override: Safe hold mode active
2025-05-28 04:04:15,180 - INFO - [AUDIT] - Action: 0, Confidence: 1.0000, Safety Mode: SAFE_HOLD, Override: Safe hold mode active
2025-05-28 04:04:15,181 - INFO - [AUDIT] - Action: 0, Confidence: 1.0000, Safety Mode: SAFE_HOLD, Override: Safe hold mode active
2025-05-28 04:04:15,181 - INFO - [AUDIT] - Action: 0, Confidence: 1.0000, Safety Mode: SAFE_HOLD, Override: Safe hold mode active
2025-05-28 04:04:15,181 - INFO - [AUDIT] - Action: 0, Confidence: 1.0000, Safety Mode: SAFE_HOLD, Override: Safe hold mode active
2025-05-28 04:04:15,181 - INFO - [AUDIT] - Action: 0, Confidence: 1.0000, Safety Mode: SAFE_HOLD, Override: Safe hold mode active
2025-05-28 04:04:15,181 - INFO - [AUDIT] - Action: 0, Confidence: 1.0000, Safety Mode: SAFE_HOLD, Override: Safe hold mode active
2025-05-28 04:04:15,182 - INFO - [AUDIT] - Action: 0, Confidence: 1.0000, Safety Mode: SAFE_HOLD, Override: Safe hold mode active
2025-05-28 04:04:15,182 - INFO - [AUDIT] - Action: 0, Confidence: 1.0000, Safety Mode: SAFE_HOLD, Override: Safe hold mode active
2025-05-28 04:04:15,182 - INFO - [AUDIT] - Action: 0, Confidence: 1.0000, Safety Mode: SAFE_HOLD, Override: Safe hold mode active
2025-05-28 04:04:15,182 - INFO - [AUDIT] - Action: 0, Confidence: 1.0000, Safety Mode: SAFE_HOLD, Override: Safe hold mode active
2025-05-28 04:04:15,182 - INFO - [AUDIT] - Action: 0, Confidence: 1.0000, Safety Mode: SAFE_HOLD, Override: Safe hold mode active
2025-05-28 04:04:15,183 - INFO - [AUDIT] - Action: 0, Confidence: 1.0000, Safety Mode: SAFE_HOLD, Override: Safe hold mode active
2025-05-28 04:04:15,183 - INFO - [AUDIT] - Action: 0, Confidence: 1.0000, Safety Mode: SAFE_HOLD, Override: Safe hold mode active
2025-05-28 04:04:15,183 - INFO - [AUDIT] - Action: 0, Confidence: 1.0000, Safety Mode: SAFE_HOLD, Override: Safe hold mode active
2025-05-28 04:04:15,183 - INFO - [AUDIT] - Action: 0, Confidence: 1.0000, Safety Mode: SAFE_HOLD, Override: Safe hold mode active
2025-05-28 04:04:15,184 - INFO - [AUDIT] - Action: 0, Confidence: 1.0000, Safety Mode: SAFE_HOLD, Override: Safe hold mode active
2025-05-28 04:04:15,184 - INFO - [AUDIT] - Action: 0, Confidence: 1.0000, Safety Mode: SAFE_HOLD, Override: Safe hold mode active
2025-05-28 04:04:15,184 - INFO - [AUDIT] - Action: 0, Confidence: 1.0000, Safety Mode: SAFE_HOLD, Override: Safe hold mode active
2025-05-28 04:04:15,184 - INFO - [AUDIT] - Action: 0, Confidence: 1.0000, Safety Mode: SAFE_HOLD, Override: Safe hold mode active
2025-05-28 04:04:15,184 - INFO - [AUDIT] - Action: 0, Confidence: 1.0000, Safety Mode: SAFE_HOLD, Override: Safe hold mode active
2025-05-28 04:04:15,185 - INFO - [AUDIT] - Action: 0, Confidence: 1.0000, Safety Mode: SAFE_HOLD, Override: Safe hold mode active
2025-05-28 04:04:15,185 - INFO - [AUDIT] - Action: 0, Confidence: 1.0000, Safety Mode: SAFE_HOLD, Override: Safe hold mode active
2025-05-28 04:04:15,185 - INFO - [AUDIT] - Action: 0, Confidence: 1.0000, Safety Mode: SAFE_HOLD, Override: Safe hold mode active
2025-05-28 04:04:15,185 - INFO - [AUDIT] - Action: 0, Confidence: 1.0000, Safety Mode: SAFE_HOLD, Override: Safe hold mode active
2025-05-28 04:04:15,185 - INFO - [AUDIT] - Action: 0, Confidence: 1.0000, Safety Mode: SAFE_HOLD, Override: Safe hold mode active
2025-05-28 04:04:15,185 - INFO - [AUDIT] - Action: 0, Confidence: 1.0000, Safety Mode: SAFE_HOLD, Override: Safe hold mode active
2025-05-28 04:04:15,186 - INFO - [AUDIT] - Action: 0, Confidence: 1.0000, Safety Mode: SAFE_HOLD, Override: Safe hold mode active
2025-05-28 04:04:15,186 - INFO - [AUDIT] - Action: 0, Confidence: 1.0000, Safety Mode: SAFE_HOLD, Override: Safe hold mode active
2025-05-28 04:04:15,186 - INFO - [AUDIT] - Action: 0, Confidence: 1.0000, Safety Mode: SAFE_HOLD, Override: Safe hold mode active
2025-05-28 04:04:15,187 - INFO - [AUDIT] - Action: 0, Confidence: 1.0000, Safety Mode: SAFE_HOLD, Override: Safe hold mode active
2025-05-28 04:04:15,187 - INFO - [AUDIT] - Action: 0, Confidence: 1.0000, Safety Mode: SAFE_HOLD, Override: Safe hold mode active
2025-05-28 04:04:15,187 - INFO - [AUDIT] - Action: 0, Confidence: 1.0000, Safety Mode: SAFE_HOLD, Override: Safe hold mode active
2025-05-28 04:04:15,187 - INFO - [AUDIT] - Action: 0, Confidence: 1.0000, Safety Mode: SAFE_HOLD, Override: Safe hold mode active
2025-05-28 04:04:15,187 - INFO - [AUDIT] - Action: 0, Confidence: 1.0000, Safety Mode: SAFE_HOLD, Override: Safe hold mode active
2025-05-28 04:04:15,188 - INFO - [AUDIT] - Action: 0, Confidence: 1.0000, Safety Mode: SAFE_HOLD, Override: Safe hold mode active
2025-05-28 04:04:15,188 - INFO - [AUDIT] - Action: 0, Confidence: 1.0000, Safety Mode: SAFE_HOLD, Override: Safe hold mode active
2025-05-28 04:04:15,188 - INFO - [AUDIT] - Action: 0, Confidence: 1.0000, Safety Mode: SAFE_HOLD, Override: Safe hold mode active
2025-05-28 04:04:15,188 - INFO - [AUDIT] - Action: 0, Confidence: 1.0000, Safety Mode: SAFE_HOLD, Override: Safe hold mode active
2025-05-28 04:04:15,188 - INFO - [AUDIT] - Action: 0, Confidence: 1.0000, Safety Mode: SAFE_HOLD, Override: Safe hold mode active
2025-05-28 04:04:15,189 - INFO - [AUDIT] - Action: 0, Confidence: 1.0000, Safety Mode: SAFE_HOLD, Override: Safe hold mode active
2025-05-28 04:04:15,189 - INFO - [AUDIT] - Action: 0, Confidence: 1.0000, Safety Mode: SAFE_HOLD, Override: Safe hold mode active
2025-05-28 04:04:15,189 - INFO - [AUDIT] - Action: 0, Confidence: 1.0000, Safety Mode: SAFE_HOLD, Override: Safe hold mode active
2025-05-28 04:04:15,189 - INFO - [AUDIT] - Action: 0, Confidence: 1.0000, Safety Mode: SAFE_HOLD, Override: Safe hold mode active
2025-05-28 04:04:15,190 - INFO - [AUDIT] - Action: 0, Confidence: 1.0000, Safety Mode: SAFE_HOLD, Override: Safe hold mode active
2025-05-28 04:04:15,190 - INFO - [AUDIT] - Action: 0, Confidence: 1.0000, Safety Mode: SAFE_HOLD, Override: Safe hold mode active
2025-05-28 04:04:15,190 - INFO - [AUDIT] - Action: 0, Confidence: 1.0000, Safety Mode: SAFE_HOLD, Override: Safe hold mode active
2025-05-28 04:04:15,190 - INFO - [AUDIT] - Action: 0, Confidence: 1.0000, Safety Mode: SAFE_HOLD, Override: Safe hold mode active
2025-05-28 04:04:15,190 - INFO - [AUDIT] - Action: 0, Confidence: 1.0000, Safety Mode: SAFE_HOLD, Override: Safe hold mode active
2025-05-28 04:04:15,190 - INFO - [AUDIT] - Action: 0, Confidence: 1.0000, Safety Mode: SAFE_HOLD, Override: Safe hold mode active
2025-05-28 04:04:15,191 - INFO - [AUDIT] - Action: 0, Confidence: 1.0000, Safety Mode: SAFE_HOLD, Override: Safe hold mode active
2025-05-28 04:04:15,191 - INFO - [AUDIT] - Action: 0, Confidence: 1.0000, Safety Mode: SAFE_HOLD, Override: Safe hold mode active
2025-05-28 04:04:15,191 - INFO - [AUDIT] - Action: 0, Confidence: 1.0000, Safety Mode: SAFE_HOLD, Override: Safe hold mode active
2025-05-28 04:04:15,191 - INFO - [AUDIT] - Action: 0, Confidence: 1.0000, Safety Mode: SAFE_HOLD, Override: Safe hold mode active
2025-05-28 04:04:15,191 - INFO - [AUDIT] - Action: 0, Confidence: 1.0000, Safety Mode: SAFE_HOLD, Override: Safe hold mode active
2025-05-28 04:04:15,192 - INFO - [AUDIT] - Action: 0, Confidence: 1.0000, Safety Mode: SAFE_HOLD, Override: Safe hold mode active
2025-05-28 04:04:15,192 - INFO - [AUDIT] - Action: 0, Confidence: 1.0000, Safety Mode: SAFE_HOLD, Override: Safe hold mode active
2025-05-28 04:04:15,192 - INFO - [AUDIT] - Action: 0, Confidence: 1.0000, Safety Mode: SAFE_HOLD, Override: Safe hold mode active
2025-05-28 04:04:15,192 - INFO - [AUDIT] - Action: 0, Confidence: 1.0000, Safety Mode: SAFE_HOLD, Override: Safe hold mode active
2025-05-28 04:04:15,192 - INFO - [AUDIT] - Action: 0, Confidence: 1.0000, Safety Mode: SAFE_HOLD, Override: Safe hold mode active
2025-05-28 04:04:15,193 - INFO - [AUDIT] - Action: 0, Confidence: 1.0000, Safety Mode: SAFE_HOLD, Override: Safe hold mode active
2025-05-28 04:04:15,193 - INFO - [AUDIT] - Action: 0, Confidence: 1.0000, Safety Mode: SAFE_HOLD, Override: Safe hold mode active
2025-05-28 04:04:15,193 - INFO - [AUDIT] - Action: 0, Confidence: 1.0000, Safety Mode: SAFE_HOLD, Override: Safe hold mode active
2025-05-28 04:04:15,193 - INFO - [AUDIT] - Action: 0, Confidence: 1.0000, Safety Mode: SAFE_HOLD, Override: Safe hold mode active
2025-05-28 04:04:15,194 - INFO - [AUDIT] - Action: 0, Confidence: 1.0000, Safety Mode: SAFE_HOLD, Override: Safe hold mode active
2025-05-28 04:04:15,194 - INFO - [AUDIT] - Action: 0, Confidence: 1.0000, Safety Mode: SAFE_HOLD, Override: Safe hold mode active
2025-05-28 04:04:15,194 - INFO - [AUDIT] - Action: 0, Confidence: 1.0000, Safety Mode: SAFE_HOLD, Override: Safe hold mode active
2025-05-28 04:04:15,194 - INFO - [AUDIT] - Action: 0, Confidence: 1.0000, Safety Mode: SAFE_HOLD, Override: Safe hold mode active
2025-05-28 04:04:15,194 - INFO - [AUDIT] - Action: 0, Confidence: 1.0000, Safety Mode: SAFE_HOLD, Override: Safe hold mode active
2025-05-28 04:04:15,195 - INFO - [AUDIT] - Action: 0, Confidence: 1.0000, Safety Mode: SAFE_HOLD, Override: Safe hold mode active
2025-05-28 04:04:15,195 - INFO - [AUDIT] - Action: 0, Confidence: 1.0000, Safety Mode: SAFE_HOLD, Override: Safe hold mode active
2025-05-28 04:04:15,195 - INFO - [AUDIT] - Action: 0, Confidence: 1.0000, Safety Mode: SAFE_HOLD, Override: Safe hold mode active
2025-05-28 04:04:15,195 - INFO - [AUDIT] - Action: 0, Confidence: 1.0000, Safety Mode: SAFE_HOLD, Override: Safe hold mode active
2025-05-28 04:04:15,195 - INFO - [AUDIT] - Action: 0, Confidence: 1.0000, Safety Mode: SAFE_HOLD, Override: Safe hold mode active
2025-05-28 04:04:15,196 - INFO - [AUDIT] - Action: 0, Confidence: 1.0000, Safety Mode: SAFE_HOLD, Override: Safe hold mode active
2025-05-28 04:04:15,196 - INFO - [AUDIT] - Action: 0, Confidence: 1.0000, Safety Mode: SAFE_HOLD, Override: Safe hold mode active
2025-05-28 04:04:15,196 - INFO - [AUDIT] - Action: 0, Confidence: 1.0000, Safety Mode: SAFE_HOLD, Override: Safe hold mode active
2025-05-28 04:04:15,196 - INFO - [AUDIT] - Action: 0, Confidence: 1.0000, Safety Mode: SAFE_HOLD, Override: Safe hold mode active
2025-05-28 04:04:15,196 - INFO - [AUDIT] - Action: 0, Confidence: 1.0000, Safety Mode: SAFE_HOLD, Override: Safe hold mode active
2025-05-28 04:04:15,197 - INFO - [AUDIT] - Action: 0, Confidence: 1.0000, Safety Mode: SAFE_HOLD, Override: Safe hold mode active
2025-05-28 04:04:15,197 - INFO - [AUDIT] - Action: 0, Confidence: 1.0000, Safety Mode: SAFE_HOLD, Override: Safe hold mode active
2025-05-28 04:04:15,197 - INFO - [AUDIT] - Action: 0, Confidence: 1.0000, Safety Mode: SAFE_HOLD, Override: Safe hold mode active
2025-05-28 04:04:15,197 - INFO - [AUDIT] - Action: 0, Confidence: 1.0000, Safety Mode: SAFE_HOLD, Override: Safe hold mode active
2025-05-28 04:04:15,197 - INFO - [AUDIT] - Action: 0, Confidence: 1.0000, Safety Mode: SAFE_HOLD, Override: Safe hold mode active
2025-05-28 04:04:15,198 - INFO - [AUDIT] - Action: 0, Confidence: 1.0000, Safety Mode: SAFE_HOLD, Override: Safe hold mode active
2025-05-28 04:04:15,198 - INFO - [AUDIT] - Action: 0, Confidence: 1.0000, Safety Mode: SAFE_HOLD, Override: Safe hold mode active
2025-05-28 04:04:15,198 - INFO - [AUDIT] - Action: 0, Confidence: 1.0000, Safety Mode: SAFE_HOLD, Override: Safe hold mode active
2025-05-28 04:04:15,198 - INFO - [AUDIT] - Action: 0, Confidence: 1.0000, Safety Mode: SAFE_HOLD, Override: Safe hold mode active
2025-05-28 04:04:15,198 - INFO - [AUDIT] - Action: 0, Confidence: 1.0000, Safety Mode: SAFE_HOLD, Override: Safe hold mode active
2025-05-28 04:04:15,199 - INFO - [AUDIT] - Action: 0, Confidence: 1.0000, Safety Mode: SAFE_HOLD, Override: Safe hold mode active
2025-05-28 04:04:15,199 - INFO - [AUDIT] - Action: 0, Confidence: 1.0000, Safety Mode: SAFE_HOLD, Override: Safe hold mode active
2025-05-28 04:04:15,199 - INFO - [AUDIT] - Action: 0, Confidence: 1.0000, Safety Mode: SAFE_HOLD, Override: Safe hold mode active
2025-05-28 04:04:15,199 - INFO - [AUDIT] - Action: 0, Confidence: 1.0000, Safety Mode: SAFE_HOLD, Override: Safe hold mode active
2025-05-28 04:04:15,199 - INFO - [AUDIT] - Action: 0, Confidence: 1.0000, Safety Mode: SAFE_HOLD, Override: Safe hold mode active
2025-05-28 04:04:15,200 - INFO - [AUDIT] - Action: 0, Confidence: 1.0000, Safety Mode: SAFE_HOLD, Override: Safe hold mode active
2025-05-28 04:04:15,200 - INFO - [AUDIT] - Action: 0, Confidence: 1.0000, Safety Mode: SAFE_HOLD, Override: Safe hold mode active
2025-05-28 04:04:15,200 - INFO - [AUDIT] - Action: 0, Confidence: 1.0000, Safety Mode: SAFE_HOLD, Override: Safe hold mode active
2025-05-28 04:04:15,200 - INFO - [AUDIT] - Action: 0, Confidence: 1.0000, Safety Mode: SAFE_HOLD, Override: Safe hold mode active
2025-05-28 04:04:15,200 - INFO - [AUDIT] - Action: 0, Confidence: 1.0000, Safety Mode: SAFE_HOLD, Override: Safe hold mode active
2025-05-28 04:04:15,201 - INFO - [AUDIT] - Action: 0, Confidence: 1.0000, Safety Mode: SAFE_HOLD, Override: Safe hold mode active
2025-05-28 04:04:15,201 - INFO - [AUDIT] - Action: 0, Confidence: 1.0000, Safety Mode: SAFE_HOLD, Override: Safe hold mode active
2025-05-28 04:04:15,201 - INFO - [AUDIT] - Action: 0, Confidence: 1.0000, Safety Mode: SAFE_HOLD, Override: Safe hold mode active
2025-05-28 04:04:15,201 - INFO - [AUDIT] - Action: 0, Confidence: 1.0000, Safety Mode: SAFE_HOLD, Override: Safe hold mode active
2025-05-28 04:04:15,201 - INFO - [AUDIT] - Action: 0, Confidence: 1.0000, Safety Mode: SAFE_HOLD, Override: Safe hold mode active
2025-05-28 04:04:15,202 - INFO - [AUDIT] - Action: 0, Confidence: 1.0000, Safety Mode: SAFE_HOLD, Override: Safe hold mode active
2025-05-28 04:04:15,202 - INFO - [AUDIT] - Action: 0, Confidence: 1.0000, Safety Mode: SAFE_HOLD, Override: Safe hold mode active
2025-05-28 04:04:15,202 - INFO - [AUDIT] - Action: 0, Confidence: 1.0000, Safety Mode: SAFE_HOLD, Override: Safe hold mode active
2025-05-28 04:04:15,202 - INFO - [AUDIT] - Action: 0, Confidence: 1.0000, Safety Mode: SAFE_HOLD, Override: Safe hold mode active
2025-05-28 04:04:15,203 - INFO - [AUDIT] - Action: 0, Confidence: 1.0000, Safety Mode: SAFE_HOLD, Override: Safe hold mode active
2025-05-28 04:04:15,203 - INFO - [AUDIT] - Action: 0, Confidence: 1.0000, Safety Mode: SAFE_HOLD, Override: Safe hold mode active
2025-05-28 04:04:15,203 - INFO - [AUDIT] - Action: 0, Confidence: 1.0000, Safety Mode: SAFE_HOLD, Override: Safe hold mode active
2025-05-28 04:04:15,203 - INFO - [AUDIT] - Action: 0, Confidence: 1.0000, Safety Mode: SAFE_HOLD, Override: Safe hold mode active
2025-05-28 04:04:15,203 - INFO - [AUDIT] - Action: 0, Confidence: 1.0000, Safety Mode: SAFE_HOLD, Override: Safe hold mode active
2025-05-28 04:04:15,204 - INFO - [AUDIT] - Action: 0, Confidence: 1.0000, Safety Mode: SAFE_HOLD, Override: Safe hold mode active
2025-05-28 04:04:15,204 - INFO - [AUDIT] - Action: 0, Confidence: 1.0000, Safety Mode: SAFE_HOLD, Override: Safe hold mode active
2025-05-28 04:04:15,204 - INFO - [AUDIT] - Action: 0, Confidence: 1.0000, Safety Mode: SAFE_HOLD, Override: Safe hold mode active
2025-05-28 04:04:15,204 - INFO - [AUDIT] - Action: 0, Confidence: 1.0000, Safety Mode: SAFE_HOLD, Override: Safe hold mode active
2025-05-28 04:04:15,204 - INFO - [AUDIT] - Action: 0, Confidence: 1.0000, Safety Mode: SAFE_HOLD, Override: Safe hold mode active
2025-05-28 04:04:15,204 - INFO - [AUDIT] - Action: 0, Confidence: 1.0000, Safety Mode: SAFE_HOLD, Override: Safe hold mode active
2025-05-28 04:04:15,205 - INFO - [AUDIT] - Action: 0, Confidence: 1.0000, Safety Mode: SAFE_HOLD, Override: Safe hold mode active
2025-05-28 04:04:15,205 - INFO - [AUDIT] - Action: 0, Confidence: 1.0000, Safety Mode: SAFE_HOLD, Override: Safe hold mode active
2025-05-28 04:04:15,205 - INFO - [AUDIT] - Action: 0, Confidence: 1.0000, Safety Mode: SAFE_HOLD, Override: Safe hold mode active
2025-05-28 04:04:15,205 - INFO - [AUDIT] - Action: 0, Confidence: 1.0000, Safety Mode: SAFE_HOLD, Override: Safe hold mode active
2025-05-28 04:04:15,205 - INFO - [AUDIT] - Action: 0, Confidence: 1.0000, Safety Mode: SAFE_HOLD, Override: Safe hold mode active
2025-05-28 04:04:15,206 - INFO - [AUDIT] - Action: 0, Confidence: 1.0000, Safety Mode: SAFE_HOLD, Override: Safe hold mode active
2025-05-28 04:04:15,206 - INFO - [AUDIT] - Action: 0, Confidence: 1.0000, Safety Mode: SAFE_HOLD, Override: Safe hold mode active
2025-05-28 04:04:15,206 - INFO - [AUDIT] - Action: 0, Confidence: 1.0000, Safety Mode: SAFE_HOLD, Override: Safe hold mode active
2025-05-28 04:04:15,206 - INFO - [AUDIT] - Action: 0, Confidence: 1.0000, Safety Mode: SAFE_HOLD, Override: Safe hold mode active
2025-05-28 04:04:15,206 - INFO - [AUDIT] - Action: 0, Confidence: 1.0000, Safety Mode: SAFE_HOLD, Override: Safe hold mode active
2025-05-28 04:04:15,207 - INFO - [AUDIT] - Action: 0, Confidence: 1.0000, Safety Mode: SAFE_HOLD, Override: Safe hold mode active
2025-05-28 04:04:15,207 - INFO - [AUDIT] - Action: 0, Confidence: 1.0000, Safety Mode: SAFE_HOLD, Override: Safe hold mode active
2025-05-28 04:04:15,207 - INFO - [AUDIT] - Action: 0, Confidence: 1.0000, Safety Mode: SAFE_HOLD, Override: Safe hold mode active
2025-05-28 04:04:15,207 - INFO - [AUDIT] - Action: 0, Confidence: 1.0000, Safety Mode: SAFE_HOLD, Override: Safe hold mode active
2025-05-28 04:04:15,207 - INFO - [AUDIT] - Action: 0, Confidence: 1.0000, Safety Mode: SAFE_HOLD, Override: Safe hold mode active
2025-05-28 04:04:15,207 - INFO - [AUDIT] - Action: 0, Confidence: 1.0000, Safety Mode: SAFE_HOLD, Override: Safe hold mode active
2025-05-28 04:04:15,208 - INFO - [AUDIT] - Action: 0, Confidence: 1.0000, Safety Mode: SAFE_HOLD, Override: Safe hold mode active
2025-05-28 04:04:15,208 - INFO - [AUDIT] - Action: 0, Confidence: 1.0000, Safety Mode: SAFE_HOLD, Override: Safe hold mode active
2025-05-28 04:04:15,208 - INFO - [AUDIT] - Action: 0, Confidence: 1.0000, Safety Mode: SAFE_HOLD, Override: Safe hold mode active
2025-05-28 04:04:15,208 - INFO - [AUDIT] - Action: 0, Confidence: 1.0000, Safety Mode: SAFE_HOLD, Override: Safe hold mode active
2025-05-28 04:04:15,208 - INFO - [AUDIT] - Action: 0, Confidence: 1.0000, Safety Mode: SAFE_HOLD, Override: Safe hold mode active
2025-05-28 04:04:15,209 - INFO - [AUDIT] - Action: 0, Confidence: 1.0000, Safety Mode: SAFE_HOLD, Override: Safe hold mode active
2025-05-28 04:04:15,209 - INFO - [AUDIT] - Action: 0, Confidence: 1.0000, Safety Mode: SAFE_HOLD, Override: Safe hold mode active
2025-05-28 04:04:15,209 - INFO - [AUDIT] - Action: 0, Confidence: 1.0000, Safety Mode: SAFE_HOLD, Override: Safe hold mode active
2025-05-28 04:04:15,209 - INFO - [AUDIT] - Action: 0, Confidence: 1.0000, Safety Mode: SAFE_HOLD, Override: Safe hold mode active
2025-05-28 04:04:15,210 - INFO - [AUDIT] - Action: 0, Confidence: 1.0000, Safety Mode: SAFE_HOLD, Override: Safe hold mode active
2025-05-28 04:04:15,210 - INFO - [AUDIT] - Action: 0, Confidence: 1.0000, Safety Mode: SAFE_HOLD, Override: Safe hold mode active
2025-05-28 04:04:15,210 - INFO - [AUDIT] - Action: 0, Confidence: 1.0000, Safety Mode: SAFE_HOLD, Override: Safe hold mode active
2025-05-28 04:04:15,210 - INFO - [AUDIT] - Action: 0, Confidence: 1.0000, Safety Mode: SAFE_HOLD, Override: Safe hold mode active
2025-05-28 04:04:15,210 - INFO - [AUDIT] - Action: 0, Confidence: 1.0000, Safety Mode: SAFE_HOLD, Override: Safe hold mode active
2025-05-28 04:04:15,210 - INFO - [AUDIT] - Action: 0, Confidence: 1.0000, Safety Mode: SAFE_HOLD, Override: Safe hold mode active
2025-05-28 04:04:15,211 - INFO - [AUDIT] - Action: 0, Confidence: 1.0000, Safety Mode: SAFE_HOLD, Override: Safe hold mode active
2025-05-28 04:04:15,211 - INFO - [AUDIT] - Action: 0, Confidence: 1.0000, Safety Mode: SAFE_HOLD, Override: Safe hold mode active
2025-05-28 04:04:15,211 - INFO - [AUDIT] - Action: 0, Confidence: 1.0000, Safety Mode: SAFE_HOLD, Override: Safe hold mode active
2025-05-28 04:04:15,211 - INFO - [AUDIT] - Action: 0, Confidence: 1.0000, Safety Mode: SAFE_HOLD, Override: Safe hold mode active
2025-05-28 04:04:15,211 - INFO - [AUDIT] - Action: 0, Confidence: 1.0000, Safety Mode: SAFE_HOLD, Override: Safe hold mode active
2025-05-28 04:04:15,212 - INFO - [AUDIT] - Action: 0, Confidence: 1.0000, Safety Mode: SAFE_HOLD, Override: Safe hold mode active
2025-05-28 04:04:15,212 - INFO - [AUDIT] - Action: 0, Confidence: 1.0000, Safety Mode: SAFE_HOLD, Override: Safe hold mode active
2025-05-28 04:04:15,212 - INFO - [AUDIT] - Action: 0, Confidence: 1.0000, Safety Mode: SAFE_HOLD, Override: Safe hold mode active
2025-05-28 04:04:15,212 - INFO - [AUDIT] - Action: 0, Confidence: 1.0000, Safety Mode: SAFE_HOLD, Override: Safe hold mode active
2025-05-28 04:04:15,212 - INFO - [AUDIT] - Action: 0, Confidence: 1.0000, Safety Mode: SAFE_HOLD, Override: Safe hold mode active
2025-05-28 04:04:15,213 - INFO - [AUDIT] - Action: 0, Confidence: 1.0000, Safety Mode: SAFE_HOLD, Override: Safe hold mode active
2025-05-28 04:04:15,213 - INFO - [AUDIT] - Action: 0, Confidence: 1.0000, Safety Mode: SAFE_HOLD, Override: Safe hold mode active
2025-05-28 04:04:15,213 - INFO - [AUDIT] - Action: 0, Confidence: 1.0000, Safety Mode: SAFE_HOLD, Override: Safe hold mode active
2025-05-28 04:04:15,213 - INFO - [AUDIT] - Action: 0, Confidence: 1.0000, Safety Mode: SAFE_HOLD, Override: Safe hold mode active
2025-05-28 04:04:15,213 - INFO - [AUDIT] - Action: 0, Confidence: 1.0000, Safety Mode: SAFE_HOLD, Override: Safe hold mode active
2025-05-28 04:04:15,214 - INFO - [AUDIT] - Action: 0, Confidence: 1.0000, Safety Mode: SAFE_HOLD, Override: Safe hold mode active
2025-05-28 04:04:15,214 - INFO - [AUDIT] - Action: 0, Confidence: 1.0000, Safety Mode: SAFE_HOLD, Override: Safe hold mode active
2025-05-28 04:04:15,214 - INFO - [AUDIT] - Action: 0, Confidence: 1.0000, Safety Mode: SAFE_HOLD, Override: Safe hold mode active
2025-05-28 04:04:15,214 - INFO - [AUDIT] - Action: 0, Confidence: 1.0000, Safety Mode: SAFE_HOLD, Override: Safe hold mode active
2025-05-28 04:04:15,214 - INFO - [AUDIT] - Action: 0, Confidence: 1.0000, Safety Mode: SAFE_HOLD, Override: Safe hold mode active
2025-05-28 04:04:15,215 - INFO - [AUDIT] - Action: 0, Confidence: 1.0000, Safety Mode: SAFE_HOLD, Override: Safe hold mode active
2025-05-28 04:04:15,215 - INFO - [AUDIT] - Action: 0, Confidence: 1.0000, Safety Mode: SAFE_HOLD, Override: Safe hold mode active
2025-05-28 04:04:15,215 - INFO - [AUDIT] - Action: 0, Confidence: 1.0000, Safety Mode: SAFE_HOLD, Override: Safe hold mode active
2025-05-28 04:04:15,215 - INFO - [AUDIT] - Action: 0, Confidence: 1.0000, Safety Mode: SAFE_HOLD, Override: Safe hold mode active
2025-05-28 04:04:15,215 - INFO - [AUDIT] - Action: 0, Confidence: 1.0000, Safety Mode: SAFE_HOLD, Override: Safe hold mode active
2025-05-28 04:04:15,215 - INFO - [AUDIT] - Action: 0, Confidence: 1.0000, Safety Mode: SAFE_HOLD, Override: Safe hold mode active
2025-05-28 04:04:15,216 - INFO - [AUDIT] - Action: 0, Confidence: 1.0000, Safety Mode: SAFE_HOLD, Override: Safe hold mode active
2025-05-28 04:04:15,216 - INFO - [AUDIT] - Action: 0, Confidence: 1.0000, Safety Mode: SAFE_HOLD, Override: Safe hold mode active
2025-05-28 04:04:15,216 - INFO - [AUDIT] - Action: 0, Confidence: 1.0000, Safety Mode: SAFE_HOLD, Override: Safe hold mode active
2025-05-28 04:04:15,216 - INFO - [AUDIT] - Action: 0, Confidence: 1.0000, Safety Mode: SAFE_HOLD, Override: Safe hold mode active
2025-05-28 04:04:15,216 - INFO - [AUDIT] - Action: 0, Confidence: 1.0000, Safety Mode: SAFE_HOLD, Override: Safe hold mode active
2025-05-28 04:04:15,217 - INFO - [AUDIT] - Action: 0, Confidence: 1.0000, Safety Mode: SAFE_HOLD, Override: Safe hold mode active
2025-05-28 04:04:15,217 - INFO - [AUDIT] - Action: 0, Confidence: 1.0000, Safety Mode: SAFE_HOLD, Override: Safe hold mode active
2025-05-28 04:04:15,217 - INFO - [AUDIT] - Action: 0, Confidence: 1.0000, Safety Mode: SAFE_HOLD, Override: Safe hold mode active
2025-05-28 04:04:15,217 - INFO - [AUDIT] - Action: 0, Confidence: 1.0000, Safety Mode: SAFE_HOLD, Override: Safe hold mode active
2025-05-28 04:04:15,217 - INFO - [AUDIT] - Action: 0, Confidence: 1.0000, Safety Mode: SAFE_HOLD, Override: Safe hold mode active
2025-05-28 04:04:15,218 - INFO - [AUDIT] - Action: 0, Confidence: 1.0000, Safety Mode: SAFE_HOLD, Override: Safe hold mode active
2025-05-28 04:04:15,218 - INFO - [AUDIT] - Action: 0, Confidence: 1.0000, Safety Mode: SAFE_HOLD, Override: Safe hold mode active
2025-05-28 04:04:15,218 - INFO - [AUDIT] - Action: 0, Confidence: 1.0000, Safety Mode: SAFE_HOLD, Override: Safe hold mode active
2025-05-28 04:04:15,218 - INFO - [AUDIT] - Action: 0, Confidence: 1.0000, Safety Mode: SAFE_HOLD, Override: Safe hold mode active
2025-05-28 04:04:15,218 - INFO - [AUDIT] - Action: 0, Confidence: 1.0000, Safety Mode: SAFE_HOLD, Override: Safe hold mode active
2025-05-28 04:04:15,219 - INFO - [AUDIT] - Action: 0, Confidence: 1.0000, Safety Mode: SAFE_HOLD, Override: Safe hold mode active
2025-05-28 04:04:15,219 - INFO - [AUDIT] - Action: 0, Confidence: 1.0000, Safety Mode: SAFE_HOLD, Override: Safe hold mode active
2025-05-28 04:04:15,219 - INFO - [AUDIT] - Action: 0, Confidence: 1.0000, Safety Mode: SAFE_HOLD, Override: Safe hold mode active
2025-05-28 04:04:15,219 - INFO - [AUDIT] - Action: 0, Confidence: 1.0000, Safety Mode: SAFE_HOLD, Override: Safe hold mode active
2025-05-28 04:04:15,219 - INFO - [AUDIT] - Action: 0, Confidence: 1.0000, Safety Mode: SAFE_HOLD, Override: Safe hold mode active
2025-05-28 04:04:15,220 - INFO - [AUDIT] - Action: 0, Confidence: 1.0000, Safety Mode: SAFE_HOLD, Override: Safe hold mode active
2025-05-28 04:04:15,220 - INFO - [AUDIT] - Action: 0, Confidence: 1.0000, Safety Mode: SAFE_HOLD, Override: Safe hold mode active
2025-05-28 04:04:15,220 - INFO - [AUDIT] - Action: 0, Confidence: 1.0000, Safety Mode: SAFE_HOLD, Override: Safe hold mode active
2025-05-28 04:04:15,220 - INFO - [AUDIT] - Action: 0, Confidence: 1.0000, Safety Mode: SAFE_HOLD, Override: Safe hold mode active
2025-05-28 04:04:15,221 - INFO - [AUDIT] - Action: 0, Confidence: 1.0000, Safety Mode: SAFE_HOLD, Override: Safe hold mode active
2025-05-28 04:04:15,222 - INFO - [AUDIT] - Action: 0, Confidence: 1.0000, Safety Mode: SAFE_HOLD, Override: Safe hold mode active
2025-05-28 04:04:15,222 - INFO - [AUDIT] - Action: 0, Confidence: 1.0000, Safety Mode: SAFE_HOLD, Override: Safe hold mode active
2025-05-28 04:04:15,222 - INFO - [AUDIT] - Action: 0, Confidence: 1.0000, Safety Mode: SAFE_HOLD, Override: Safe hold mode active
2025-05-28 04:04:15,222 - INFO - [AUDIT] - Action: 0, Confidence: 1.0000, Safety Mode: SAFE_HOLD, Override: Safe hold mode active
2025-05-28 04:04:15,222 - INFO - [AUDIT] - Action: 0, Confidence: 1.0000, Safety Mode: SAFE_HOLD, Override: Safe hold mode active
2025-05-28 04:04:15,223 - INFO - [AUDIT] - Action: 0, Confidence: 1.0000, Safety Mode: SAFE_HOLD, Override: Safe hold mode active
2025-05-28 04:04:15,223 - INFO - [AUDIT] - Action: 0, Confidence: 1.0000, Safety Mode: SAFE_HOLD, Override: Safe hold mode active
2025-05-28 04:04:15,223 - INFO - [AUDIT] - Action: 0, Confidence: 1.0000, Safety Mode: SAFE_HOLD, Override: Safe hold mode active
2025-05-28 04:04:15,223 - INFO - [AUDIT] - Action: 0, Confidence: 1.0000, Safety Mode: SAFE_HOLD, Override: Safe hold mode active
2025-05-28 04:04:15,223 - INFO - [AUDIT] - Action: 0, Confidence: 1.0000, Safety Mode: SAFE_HOLD, Override: Safe hold mode active
2025-05-28 04:04:15,224 - INFO - [AUDIT] - Action: 0, Confidence: 1.0000, Safety Mode: SAFE_HOLD, Override: Safe hold mode active
2025-05-28 04:04:15,224 - INFO - [AUDIT] - Action: 0, Confidence: 1.0000, Safety Mode: SAFE_HOLD, Override: Safe hold mode active
2025-05-28 04:04:15,224 - INFO - [AUDIT] - Action: 0, Confidence: 1.0000, Safety Mode: SAFE_HOLD, Override: Safe hold mode active
2025-05-28 04:04:15,224 - INFO - [AUDIT] - Action: 0, Confidence: 1.0000, Safety Mode: SAFE_HOLD, Override: Safe hold mode active
2025-05-28 04:04:15,224 - INFO - [AUDIT] - Action: 0, Confidence: 1.0000, Safety Mode: SAFE_HOLD, Override: Safe hold mode active
2025-05-28 04:04:15,225 - INFO - [AUDIT] - Action: 0, Confidence: 1.0000, Safety Mode: SAFE_HOLD, Override: Safe hold mode active
2025-05-28 04:04:15,225 - INFO - [AUDIT] - Action: 0, Confidence: 1.0000, Safety Mode: SAFE_HOLD, Override: Safe hold mode active
2025-05-28 04:04:15,225 - INFO - [AUDIT] - Action: 0, Confidence: 1.0000, Safety Mode: SAFE_HOLD, Override: Safe hold mode active
2025-05-28 04:04:15,225 - INFO - [AUDIT] - Action: 0, Confidence: 1.0000, Safety Mode: SAFE_HOLD, Override: Safe hold mode active
2025-05-28 04:04:15,225 - INFO - [AUDIT] - Action: 0, Confidence: 1.0000, Safety Mode: SAFE_HOLD, Override: Safe hold mode active
2025-05-28 04:04:15,226 - INFO - [AUDIT] - Action: 0, Confidence: 1.0000, Safety Mode: SAFE_HOLD, Override: Safe hold mode active
2025-05-28 04:04:15,226 - INFO - [AUDIT] - Action: 0, Confidence: 1.0000, Safety Mode: SAFE_HOLD, Override: Safe hold mode active
2025-05-28 04:04:15,226 - INFO - [AUDIT] - Action: 0, Confidence: 1.0000, Safety Mode: SAFE_HOLD, Override: Safe hold mode active
2025-05-28 04:04:15,226 - INFO - [AUDIT] - Action: 0, Confidence: 1.0000, Safety Mode: SAFE_HOLD, Override: Safe hold mode active
2025-05-28 04:04:15,226 - INFO - [AUDIT] - Action: 0, Confidence: 1.0000, Safety Mode: SAFE_HOLD, Override: Safe hold mode active
2025-05-28 04:04:15,227 - INFO - [AUDIT] - Action: 0, Confidence: 1.0000, Safety Mode: SAFE_HOLD, Override: Safe hold mode active
2025-05-28 04:04:15,227 - INFO - [AUDIT] - Action: 0, Confidence: 1.0000, Safety Mode: SAFE_HOLD, Override: Safe hold mode active
2025-05-28 04:04:15,227 - INFO - [AUDIT] - Action: 0, Confidence: 1.0000, Safety Mode: SAFE_HOLD, Override: Safe hold mode active
2025-05-28 04:04:15,227 - INFO - [AUDIT] - Action: 0, Confidence: 1.0000, Safety Mode: SAFE_HOLD, Override: Safe hold mode active
2025-05-28 04:04:15,227 - INFO - [AUDIT] - Action: 0, Confidence: 1.0000, Safety Mode: SAFE_HOLD, Override: Safe hold mode active
2025-05-28 04:04:15,228 - INFO - [AUDIT] - Action: 0, Confidence: 1.0000, Safety Mode: SAFE_HOLD, Override: Safe hold mode active
2025-05-28 04:04:15,228 - INFO - [AUDIT] - Action: 0, Confidence: 1.0000, Safety Mode: SAFE_HOLD, Override: Safe hold mode active
2025-05-28 04:04:15,228 - INFO - [AUDIT] - Action: 0, Confidence: 1.0000, Safety Mode: SAFE_HOLD, Override: Safe hold mode active
2025-05-28 04:04:15,228 - INFO - [AUDIT] - Action: 0, Confidence: 1.0000, Safety Mode: SAFE_HOLD, Override: Safe hold mode active
2025-05-28 04:04:15,228 - INFO - [AUDIT] - Action: 0, Confidence: 1.0000, Safety Mode: SAFE_HOLD, Override: Safe hold mode active
2025-05-28 04:04:15,229 - INFO - [AUDIT] - Action: 0, Confidence: 1.0000, Safety Mode: SAFE_HOLD, Override: Safe hold mode active
2025-05-28 04:04:15,229 - INFO - [AUDIT] - Action: 0, Confidence: 1.0000, Safety Mode: SAFE_HOLD, Override: Safe hold mode active
2025-05-28 04:04:15,229 - INFO - [AUDIT] - Action: 0, Confidence: 1.0000, Safety Mode: SAFE_HOLD, Override: Safe hold mode active
2025-05-28 04:04:15,229 - INFO - [AUDIT] - Action: 0, Confidence: 1.0000, Safety Mode: SAFE_HOLD, Override: Safe hold mode active
2025-05-28 04:04:15,229 - INFO - [AUDIT] - Action: 0, Confidence: 1.0000, Safety Mode: SAFE_HOLD, Override: Safe hold mode active
2025-05-28 04:04:15,230 - INFO - [AUDIT] - Action: 0, Confidence: 1.0000, Safety Mode: SAFE_HOLD, Override: Safe hold mode active
2025-05-28 04:04:15,230 - INFO - [AUDIT] - Action: 0, Confidence: 1.0000, Safety Mode: SAFE_HOLD, Override: Safe hold mode active
2025-05-28 04:04:15,230 - INFO - [AUDIT] - Action: 0, Confidence: 1.0000, Safety Mode: SAFE_HOLD, Override: Safe hold mode active
2025-05-28 04:04:15,230 - INFO - [AUDIT] - Action: 0, Confidence: 1.0000, Safety Mode: SAFE_HOLD, Override: Safe hold mode active
2025-05-28 04:04:15,230 - INFO - [AUDIT] - Action: 0, Confidence: 1.0000, Safety Mode: SAFE_HOLD, Override: Safe hold mode active
2025-05-28 04:04:15,231 - INFO - [AUDIT] - Action: 0, Confidence: 1.0000, Safety Mode: SAFE_HOLD, Override: Safe hold mode active
2025-05-28 04:04:15,231 - INFO - [AUDIT] - Action: 0, Confidence: 1.0000, Safety Mode: SAFE_HOLD, Override: Safe hold mode active
2025-05-28 04:04:15,231 - INFO - [AUDIT] - Action: 0, Confidence: 1.0000, Safety Mode: SAFE_HOLD, Override: Safe hold mode active
2025-05-28 04:04:15,231 - INFO - [AUDIT] - Action: 0, Confidence: 1.0000, Safety Mode: SAFE_HOLD, Override: Safe hold mode active
2025-05-28 04:04:15,231 - INFO - [AUDIT] - Action: 0, Confidence: 1.0000, Safety Mode: SAFE_HOLD, Override: Safe hold mode active
2025-05-28 04:04:15,232 - INFO - [AUDIT] - Action: 0, Confidence: 1.0000, Safety Mode: SAFE_HOLD, Override: Safe hold mode active
2025-05-28 04:04:15,232 - INFO - [AUDIT] - Action: 0, Confidence: 1.0000, Safety Mode: SAFE_HOLD, Override: Safe hold mode active
2025-05-28 04:04:15,232 - INFO - [AUDIT] - Action: 0, Confidence: 1.0000, Safety Mode: SAFE_HOLD, Override: Safe hold mode active
2025-05-28 04:04:15,232 - INFO - [AUDIT] - Action: 0, Confidence: 1.0000, Safety Mode: SAFE_HOLD, Override: Safe hold mode active
2025-05-28 04:04:15,232 - INFO - [AUDIT] - Action: 0, Confidence: 1.0000, Safety Mode: SAFE_HOLD, Override: Safe hold mode active
2025-05-28 04:04:15,233 - INFO - [AUDIT] - Action: 0, Confidence: 1.0000, Safety Mode: SAFE_HOLD, Override: Safe hold mode active
2025-05-28 04:04:15,233 - INFO - [AUDIT] - Action: 0, Confidence: 1.0000, Safety Mode: SAFE_HOLD, Override: Safe hold mode active
2025-05-28 04:04:15,233 - INFO - [AUDIT] - Action: 0, Confidence: 1.0000, Safety Mode: SAFE_HOLD, Override: Safe hold mode active
2025-05-28 04:04:15,233 - INFO - [AUDIT] - Action: 0, Confidence: 1.0000, Safety Mode: SAFE_HOLD, Override: Safe hold mode active
2025-05-28 04:04:15,233 - INFO - [AUDIT] - Action: 0, Confidence: 1.0000, Safety Mode: SAFE_HOLD, Override: Safe hold mode active
2025-05-28 04:04:15,233 - INFO - [AUDIT] - Action: 0, Confidence: 1.0000, Safety Mode: SAFE_HOLD, Override: Safe hold mode active
2025-05-28 04:04:15,234 - INFO - [AUDIT] - Action: 0, Confidence: 1.0000, Safety Mode: SAFE_HOLD, Override: Safe hold mode active
2025-05-28 04:04:15,234 - INFO - [AUDIT] - Action: 0, Confidence: 1.0000, Safety Mode: SAFE_HOLD, Override: Safe hold mode active
2025-05-28 04:04:15,234 - INFO - [AUDIT] - Action: 0, Confidence: 1.0000, Safety Mode: SAFE_HOLD, Override: Safe hold mode active
2025-05-28 04:04:15,234 - INFO - [AUDIT] - Action: 0, Confidence: 1.0000, Safety Mode: SAFE_HOLD, Override: Safe hold mode active
2025-05-28 04:04:15,235 - INFO - [AUDIT] - Action: 0, Confidence: 1.0000, Safety Mode: SAFE_HOLD, Override: Safe hold mode active
2025-05-28 04:04:15,235 - INFO - [AUDIT] - Action: 0, Confidence: 1.0000, Safety Mode: SAFE_HOLD, Override: Safe hold mode active
2025-05-28 04:04:15,235 - INFO - [AUDIT] - Action: 0, Confidence: 1.0000, Safety Mode: SAFE_HOLD, Override: Safe hold mode active
2025-05-28 04:04:15,235 - INFO - [AUDIT] - Action: 0, Confidence: 1.0000, Safety Mode: SAFE_HOLD, Override: Safe hold mode active
2025-05-28 04:04:15,235 - INFO - [AUDIT] - Action: 0, Confidence: 1.0000, Safety Mode: SAFE_HOLD, Override: Safe hold mode active
2025-05-28 04:04:15,235 - INFO - [AUDIT] - Action: 0, Confidence: 1.0000, Safety Mode: SAFE_HOLD, Override: Safe hold mode active
2025-05-28 04:04:15,236 - INFO - [AUDIT] - Action: 0, Confidence: 1.0000, Safety Mode: SAFE_HOLD, Override: Safe hold mode active
2025-05-28 04:04:15,236 - INFO - [AUDIT] - Action: 0, Confidence: 1.0000, Safety Mode: SAFE_HOLD, Override: Safe hold mode active
2025-05-28 04:04:15,236 - INFO - [AUDIT] - Action: 0, Confidence: 1.0000, Safety Mode: SAFE_HOLD, Override: Safe hold mode active
2025-05-28 04:04:15,237 - INFO - [AUDIT] - Action: 0, Confidence: 1.0000, Safety Mode: SAFE_HOLD, Override: Safe hold mode active
2025-05-28 04:04:15,237 - INFO - [AUDIT] - Action: 0, Confidence: 1.0000, Safety Mode: SAFE_HOLD, Override: Safe hold mode active
2025-05-28 04:04:15,237 - INFO - [AUDIT] - Action: 0, Confidence: 1.0000, Safety Mode: SAFE_HOLD, Override: Safe hold mode active
2025-05-28 04:04:15,237 - INFO - [AUDIT] - Action: 0, Confidence: 1.0000, Safety Mode: SAFE_HOLD, Override: Safe hold mode active
2025-05-28 04:04:15,237 - INFO - [AUDIT] - Action: 0, Confidence: 1.0000, Safety Mode: SAFE_HOLD, Override: Safe hold mode active
2025-05-28 04:04:15,237 - INFO - [AUDIT] - Action: 0, Confidence: 1.0000, Safety Mode: SAFE_HOLD, Override: Safe hold mode active
2025-05-28 04:04:15,238 - INFO - [AUDIT] - Action: 0, Confidence: 1.0000, Safety Mode: SAFE_HOLD, Override: Safe hold mode active
2025-05-28 04:04:15,238 - INFO - [AUDIT] - Action: 0, Confidence: 1.0000, Safety Mode: SAFE_HOLD, Override: Safe hold mode active
2025-05-28 04:04:15,238 - INFO - [AUDIT] - Action: 0, Confidence: 1.0000, Safety Mode: SAFE_HOLD, Override: Safe hold mode active
2025-05-28 04:04:15,238 - INFO - [AUDIT] - Action: 0, Confidence: 1.0000, Safety Mode: SAFE_HOLD, Override: Safe hold mode active
2025-05-28 04:04:15,238 - INFO - [AUDIT] - Action: 0, Confidence: 1.0000, Safety Mode: SAFE_HOLD, Override: Safe hold mode active
2025-05-28 04:04:15,239 - INFO - [AUDIT] - Action: 0, Confidence: 1.0000, Safety Mode: SAFE_HOLD, Override: Safe hold mode active
2025-05-28 04:04:15,239 - INFO - [AUDIT] - Action: 0, Confidence: 1.0000, Safety Mode: SAFE_HOLD, Override: Safe hold mode active
2025-05-28 04:04:15,239 - INFO - [AUDIT] - Action: 0, Confidence: 1.0000, Safety Mode: SAFE_HOLD, Override: Safe hold mode active
2025-05-28 04:04:15,239 - INFO - [AUDIT] - Action: 0, Confidence: 1.0000, Safety Mode: SAFE_HOLD, Override: Safe hold mode active
2025-05-28 04:04:15,239 - INFO - [AUDIT] - Action: 0, Confidence: 1.0000, Safety Mode: SAFE_HOLD, Override: Safe hold mode active
2025-05-28 04:04:15,240 - INFO - [AUDIT] - Action: 0, Confidence: 1.0000, Safety Mode: SAFE_HOLD, Override: Safe hold mode active
2025-05-28 04:04:15,240 - INFO - [AUDIT] - Action: 0, Confidence: 1.0000, Safety Mode: SAFE_HOLD, Override: Safe hold mode active
2025-05-28 04:04:15,240 - INFO - [AUDIT] - Action: 0, Confidence: 1.0000, Safety Mode: SAFE_HOLD, Override: Safe hold mode active
2025-05-28 04:04:15,240 - INFO - [AUDIT] - Action: 0, Confidence: 1.0000, Safety Mode: SAFE_HOLD, Override: Safe hold mode active
2025-05-28 04:04:15,240 - INFO - [AUDIT] - Action: 0, Confidence: 1.0000, Safety Mode: SAFE_HOLD, Override: Safe hold mode active
2025-05-28 04:04:15,240 - INFO - [AUDIT] - Action: 0, Confidence: 1.0000, Safety Mode: SAFE_HOLD, Override: Safe hold mode active
2025-05-28 04:04:15,241 - INFO - [AUDIT] - Action: 0, Confidence: 1.0000, Safety Mode: SAFE_HOLD, Override: Safe hold mode active
2025-05-28 04:04:15,241 - INFO - [AUDIT] - Action: 0, Confidence: 1.0000, Safety Mode: SAFE_HOLD, Override: Safe hold mode active
2025-05-28 04:04:15,241 - INFO - [AUDIT] - Action: 0, Confidence: 1.0000, Safety Mode: SAFE_HOLD, Override: Safe hold mode active
2025-05-28 04:04:15,241 - INFO - [AUDIT] - Action: 0, Confidence: 1.0000, Safety Mode: SAFE_HOLD, Override: Safe hold mode active
2025-05-28 04:04:15,241 - INFO - [AUDIT] - Action: 0, Confidence: 1.0000, Safety Mode: SAFE_HOLD, Override: Safe hold mode active
2025-05-28 04:04:15,242 - INFO - [AUDIT] - Action: 0, Confidence: 1.0000, Safety Mode: SAFE_HOLD, Override: Safe hold mode active
2025-05-28 04:04:15,242 - INFO - [AUDIT] - Action: 0, Confidence: 1.0000, Safety Mode: SAFE_HOLD, Override: Safe hold mode active
2025-05-28 04:04:15,242 - INFO - [AUDIT] - Action: 0, Confidence: 1.0000, Safety Mode: SAFE_HOLD, Override: Safe hold mode active
2025-05-28 04:04:15,242 - INFO - [AUDIT] - Action: 0, Confidence: 1.0000, Safety Mode: SAFE_HOLD, Override: Safe hold mode active
2025-05-28 04:04:15,242 - INFO - [AUDIT] - Action: 0, Confidence: 1.0000, Safety Mode: SAFE_HOLD, Override: Safe hold mode active
2025-05-28 04:04:15,242 - INFO - [AUDIT] - Action: 0, Confidence: 1.0000, Safety Mode: SAFE_HOLD, Override: Safe hold mode active
2025-05-28 04:04:15,243 - INFO - [AUDIT] - Action: 0, Confidence: 1.0000, Safety Mode: SAFE_HOLD, Override: Safe hold mode active
2025-05-28 04:04:15,243 - INFO - [AUDIT] - Action: 0, Confidence: 1.0000, Safety Mode: SAFE_HOLD, Override: Safe hold mode active
2025-05-28 04:04:15,243 - INFO - [AUDIT] - Action: 0, Confidence: 1.0000, Safety Mode: SAFE_HOLD, Override: Safe hold mode active
2025-05-28 04:04:15,243 - INFO - [AUDIT] - Action: 0, Confidence: 1.0000, Safety Mode: SAFE_HOLD, Override: Safe hold mode active
2025-05-28 04:04:15,243 - INFO - [AUDIT] - Action: 0, Confidence: 1.0000, Safety Mode: SAFE_HOLD, Override: Safe hold mode active
2025-05-28 04:04:15,244 - INFO - [AUDIT] - Action: 0, Confidence: 1.0000, Safety Mode: SAFE_HOLD, Override: Safe hold mode active
2025-05-28 04:04:15,244 - INFO - [AUDIT] - Action: 0, Confidence: 1.0000, Safety Mode: SAFE_HOLD, Override: Safe hold mode active
2025-05-28 04:04:15,244 - INFO - [AUDIT] - Action: 0, Confidence: 1.0000, Safety Mode: SAFE_HOLD, Override: Safe hold mode active
2025-05-28 04:04:15,244 - INFO - [AUDIT] - Action: 0, Confidence: 1.0000, Safety Mode: SAFE_HOLD, Override: Safe hold mode active
2025-05-28 04:04:15,244 - INFO - [AUDIT] - Action: 0, Confidence: 1.0000, Safety Mode: SAFE_HOLD, Override: Safe hold mode active
2025-05-28 04:04:15,245 - INFO - [AUDIT] - Action: 0, Confidence: 1.0000, Safety Mode: SAFE_HOLD, Override: Safe hold mode active
2025-05-28 04:04:15,245 - INFO - [AUDIT] - Action: 0, Confidence: 1.0000, Safety Mode: SAFE_HOLD, Override: Safe hold mode active
2025-05-28 04:04:15,245 - INFO - [AUDIT] - Action: 0, Confidence: 1.0000, Safety Mode: SAFE_HOLD, Override: Safe hold mode active
2025-05-28 04:04:15,245 - INFO - [AUDIT] - Action: 0, Confidence: 1.0000, Safety Mode: SAFE_HOLD, Override: Safe hold mode active
2025-05-28 04:04:15,245 - INFO - [AUDIT] - Action: 0, Confidence: 1.0000, Safety Mode: SAFE_HOLD, Override: Safe hold mode active
2025-05-28 04:04:15,246 - INFO - [AUDIT] - Action: 0, Confidence: 1.0000, Safety Mode: SAFE_HOLD, Override: Safe hold mode active
2025-05-28 04:04:15,246 - INFO - [AUDIT] - Action: 0, Confidence: 1.0000, Safety Mode: SAFE_HOLD, Override: Safe hold mode active
2025-05-28 04:04:15,246 - INFO - [AUDIT] - Action: 0, Confidence: 1.0000, Safety Mode: SAFE_HOLD, Override: Safe hold mode active
2025-05-28 04:04:15,246 - INFO - [AUDIT] - Action: 0, Confidence: 1.0000, Safety Mode: SAFE_HOLD, Override: Safe hold mode active
2025-05-28 04:04:15,246 - INFO - [AUDIT] - Action: 0, Confidence: 1.0000, Safety Mode: SAFE_HOLD, Override: Safe hold mode active
2025-05-28 04:04:15,247 - INFO - [AUDIT] - Action: 0, Confidence: 1.0000, Safety Mode: SAFE_HOLD, Override: Safe hold mode active
2025-05-28 04:04:15,247 - INFO - [AUDIT] - Action: 0, Confidence: 1.0000, Safety Mode: SAFE_HOLD, Override: Safe hold mode active
2025-05-28 04:04:15,247 - INFO - [AUDIT] - Action: 0, Confidence: 1.0000, Safety Mode: SAFE_HOLD, Override: Safe hold mode active
2025-05-28 04:04:15,247 - INFO - [AUDIT] - Action: 0, Confidence: 1.0000, Safety Mode: SAFE_HOLD, Override: Safe hold mode active
2025-05-28 04:04:15,247 - INFO - [AUDIT] - Action: 0, Confidence: 1.0000, Safety Mode: SAFE_HOLD, Override: Safe hold mode active
2025-05-28 04:04:15,248 - INFO - [AUDIT] - Action: 0, Confidence: 1.0000, Safety Mode: SAFE_HOLD, Override: Safe hold mode active
2025-05-28 04:04:15,248 - INFO - [AUDIT] - Action: 0, Confidence: 1.0000, Safety Mode: SAFE_HOLD, Override: Safe hold mode active
2025-05-28 04:04:15,248 - INFO - [AUDIT] - Action: 0, Confidence: 1.0000, Safety Mode: SAFE_HOLD, Override: Safe hold mode active
2025-05-28 04:04:15,248 - INFO - [AUDIT] - Action: 0, Confidence: 1.0000, Safety Mode: SAFE_HOLD, Override: Safe hold mode active
2025-05-28 04:04:15,249 - INFO - [AUDIT] - Action: 0, Confidence: 1.0000, Safety Mode: SAFE_HOLD, Override: Safe hold mode active
2025-05-28 04:04:15,249 - INFO - [AUDIT] - Action: 0, Confidence: 1.0000, Safety Mode: SAFE_HOLD, Override: Safe hold mode active
2025-05-28 04:04:15,249 - INFO - [AUDIT] - Action: 0, Confidence: 1.0000, Safety Mode: SAFE_HOLD, Override: Safe hold mode active
2025-05-28 04:04:15,249 - INFO - [AUDIT] - Action: 0, Confidence: 1.0000, Safety Mode: SAFE_HOLD, Override: Safe hold mode active
2025-05-28 04:04:15,249 - INFO - [AUDIT] - Action: 0, Confidence: 1.0000, Safety Mode: SAFE_HOLD, Override: Safe hold mode active
2025-05-28 04:04:15,249 - INFO - [AUDIT] - Action: 0, Confidence: 1.0000, Safety Mode: SAFE_HOLD, Override: Safe hold mode active
2025-05-28 04:04:15,250 - INFO - [AUDIT] - Action: 0, Confidence: 1.0000, Safety Mode: SAFE_HOLD, Override: Safe hold mode active
2025-05-28 04:04:15,250 - INFO - [AUDIT] - Action: 0, Confidence: 1.0000, Safety Mode: SAFE_HOLD, Override: Safe hold mode active
2025-05-28 04:04:15,250 - INFO - [AUDIT] - Action: 0, Confidence: 1.0000, Safety Mode: SAFE_HOLD, Override: Safe hold mode active
2025-05-28 04:04:15,250 - INFO - [AUDIT] - Action: 0, Confidence: 1.0000, Safety Mode: SAFE_HOLD, Override: Safe hold mode active
2025-05-28 04:04:15,250 - INFO - [AUDIT] - Action: 0, Confidence: 1.0000, Safety Mode: SAFE_HOLD, Override: Safe hold mode active
2025-05-28 04:04:15,251 - INFO - [AUDIT] - Action: 0, Confidence: 1.0000, Safety Mode: SAFE_HOLD, Override: Safe hold mode active
2025-05-28 04:04:15,251 - INFO - [AUDIT] - Action: 0, Confidence: 1.0000, Safety Mode: SAFE_HOLD, Override: Safe hold mode active
2025-05-28 04:04:15,251 - INFO - [AUDIT] - Action: 0, Confidence: 1.0000, Safety Mode: SAFE_HOLD, Override: Safe hold mode active
2025-05-28 04:04:15,251 - INFO - [AUDIT] - Action: 0, Confidence: 1.0000, Safety Mode: SAFE_HOLD, Override: Safe hold mode active
2025-05-28 04:04:15,251 - INFO - [AUDIT] - Action: 0, Confidence: 1.0000, Safety Mode: SAFE_HOLD, Override: Safe hold mode active
2025-05-28 04:04:15,252 - INFO - [AUDIT] - Action: 0, Confidence: 1.0000, Safety Mode: SAFE_HOLD, Override: Safe hold mode active
2025-05-28 04:04:15,252 - INFO - [AUDIT] - Action: 0, Confidence: 1.0000, Safety Mode: SAFE_HOLD, Override: Safe hold mode active
2025-05-28 04:04:15,252 - INFO - [AUDIT] - Action: 0, Confidence: 1.0000, Safety Mode: SAFE_HOLD, Override: Safe hold mode active
2025-05-28 04:04:15,252 - INFO - [AUDIT] - Action: 0, Confidence: 1.0000, Safety Mode: SAFE_HOLD, Override: Safe hold mode active
2025-05-28 04:04:15,253 - INFO - [AUDIT] - Action: 0, Confidence: 1.0000, Safety Mode: SAFE_HOLD, Override: Safe hold mode active
2025-05-28 04:04:15,253 - INFO - [AUDIT] - Action: 0, Confidence: 1.0000, Safety Mode: SAFE_HOLD, Override: Safe hold mode active
2025-05-28 04:04:15,253 - INFO - [AUDIT] - Action: 0, Confidence: 1.0000, Safety Mode: SAFE_HOLD, Override: Safe hold mode active
2025-05-28 04:04:15,253 - INFO - [AUDIT] - Action: 0, Confidence: 1.0000, Safety Mode: SAFE_HOLD, Override: Safe hold mode active
2025-05-28 04:04:15,253 - INFO - [AUDIT] - Action: 0, Confidence: 1.0000, Safety Mode: SAFE_HOLD, Override: Safe hold mode active
2025-05-28 04:04:15,254 - INFO - [AUDIT] - Action: 0, Confidence: 1.0000, Safety Mode: SAFE_HOLD, Override: Safe hold mode active
2025-05-28 04:04:15,254 - INFO - [AUDIT] - Action: 0, Confidence: 1.0000, Safety Mode: SAFE_HOLD, Override: Safe hold mode active
2025-05-28 04:04:15,254 - INFO - [AUDIT] - Action: 0, Confidence: 1.0000, Safety Mode: SAFE_HOLD, Override: Safe hold mode active
2025-05-28 04:04:15,254 - INFO - [AUDIT] - Action: 0, Confidence: 1.0000, Safety Mode: SAFE_HOLD, Override: Safe hold mode active
2025-05-28 04:04:15,254 - INFO - [AUDIT] - Action: 0, Confidence: 1.0000, Safety Mode: SAFE_HOLD, Override: Safe hold mode active
2025-05-28 04:04:15,255 - INFO - [AUDIT] - Action: 0, Confidence: 1.0000, Safety Mode: SAFE_HOLD, Override: Safe hold mode active
2025-05-28 04:04:15,255 - INFO - [AUDIT] - Action: 0, Confidence: 1.0000, Safety Mode: SAFE_HOLD, Override: Safe hold mode active
2025-05-28 04:04:15,255 - INFO - [AUDIT] - Action: 0, Confidence: 1.0000, Safety Mode: SAFE_HOLD, Override: Safe hold mode active
2025-05-28 04:04:15,255 - INFO - [AUDIT] - Action: 0, Confidence: 1.0000, Safety Mode: SAFE_HOLD, Override: Safe hold mode active
2025-05-28 04:04:15,255 - INFO - [AUDIT] - Action: 0, Confidence: 1.0000, Safety Mode: SAFE_HOLD, Override: Safe hold mode active
2025-05-28 04:04:15,256 - INFO - [AUDIT] - Action: 0, Confidence: 1.0000, Safety Mode: SAFE_HOLD, Override: Safe hold mode active
2025-05-28 04:04:15,256 - INFO - [AUDIT] - Action: 0, Confidence: 1.0000, Safety Mode: SAFE_HOLD, Override: Safe hold mode active
2025-05-28 04:04:15,256 - INFO - [AUDIT] - Action: 0, Confidence: 1.0000, Safety Mode: SAFE_HOLD, Override: Safe hold mode active
2025-05-28 04:04:15,256 - INFO - [AUDIT] - Action: 0, Confidence: 1.0000, Safety Mode: SAFE_HOLD, Override: Safe hold mode active
2025-05-28 04:04:15,256 - INFO - [AUDIT] - Action: 0, Confidence: 1.0000, Safety Mode: SAFE_HOLD, Override: Safe hold mode active
2025-05-28 04:04:15,257 - INFO - [AUDIT] - Action: 0, Confidence: 1.0000, Safety Mode: SAFE_HOLD, Override: Safe hold mode active
2025-05-28 04:04:15,257 - INFO - [AUDIT] - Action: 0, Confidence: 1.0000, Safety Mode: SAFE_HOLD, Override: Safe hold mode active
2025-05-28 04:04:15,257 - INFO - [AUDIT] - Action: 0, Confidence: 1.0000, Safety Mode: SAFE_HOLD, Override: Safe hold mode active
2025-05-28 04:04:15,257 - INFO - [AUDIT] - Action: 0, Confidence: 1.0000, Safety Mode: SAFE_HOLD, Override: Safe hold mode active
2025-05-28 04:04:15,257 - INFO - [AUDIT] - Action: 0, Confidence: 1.0000, Safety Mode: SAFE_HOLD, Override: Safe hold mode active
2025-05-28 04:04:15,258 - INFO - [AUDIT] - Action: 0, Confidence: 1.0000, Safety Mode: SAFE_HOLD, Override: Safe hold mode active
2025-05-28 04:04:15,258 - INFO - [AUDIT] - Action: 0, Confidence: 1.0000, Safety Mode: SAFE_HOLD, Override: Safe hold mode active
2025-05-28 04:04:15,258 - INFO - [AUDIT] - Action: 0, Confidence: 1.0000, Safety Mode: SAFE_HOLD, Override: Safe hold mode active
2025-05-28 04:04:15,258 - INFO - [AUDIT] - Action: 0, Confidence: 1.0000, Safety Mode: SAFE_HOLD, Override: Safe hold mode active
2025-05-28 04:04:15,258 - INFO - [AUDIT] - Action: 0, Confidence: 1.0000, Safety Mode: SAFE_HOLD, Override: Safe hold mode active
2025-05-28 04:04:15,259 - INFO - [AUDIT] - Action: 0, Confidence: 1.0000, Safety Mode: SAFE_HOLD, Override: Safe hold mode active
2025-05-28 04:04:15,259 - INFO - [AUDIT] - Action: 0, Confidence: 1.0000, Safety Mode: SAFE_HOLD, Override: Safe hold mode active
2025-05-28 04:04:15,259 - INFO - [AUDIT] - Action: 0, Confidence: 1.0000, Safety Mode: SAFE_HOLD, Override: Safe hold mode active
2025-05-28 04:04:15,259 - INFO - [AUDIT] - Action: 0, Confidence: 1.0000, Safety Mode: SAFE_HOLD, Override: Safe hold mode active
2025-05-28 04:04:15,259 - INFO - [AUDIT] - Action: 0, Confidence: 1.0000, Safety Mode: SAFE_HOLD, Override: Safe hold mode active
2025-05-28 04:04:15,260 - INFO - [AUDIT] - Action: 0, Confidence: 1.0000, Safety Mode: SAFE_HOLD, Override: Safe hold mode active
2025-05-28 04:04:15,260 - INFO - [AUDIT] - Action: 0, Confidence: 1.0000, Safety Mode: SAFE_HOLD, Override: Safe hold mode active
2025-05-28 04:04:15,260 - INFO - [AUDIT] - Action: 0, Confidence: 1.0000, Safety Mode: SAFE_HOLD, Override: Safe hold mode active
2025-05-28 04:04:15,260 - INFO - [AUDIT] - Action: 0, Confidence: 1.0000, Safety Mode: SAFE_HOLD, Override: Safe hold mode active
2025-05-28 04:04:15,260 - INFO - [AUDIT] - Action: 0, Confidence: 1.0000, Safety Mode: SAFE_HOLD, Override: Safe hold mode active
2025-05-28 04:04:15,261 - INFO - [AUDIT] - Action: 0, Confidence: 1.0000, Safety Mode: SAFE_HOLD, Override: Safe hold mode active
2025-05-28 04:04:15,261 - INFO - [AUDIT] - Action: 0, Confidence: 1.0000, Safety Mode: SAFE_HOLD, Override: Safe hold mode active
2025-05-28 04:04:15,261 - INFO - [AUDIT] - Action: 0, Confidence: 1.0000, Safety Mode: SAFE_HOLD, Override: Safe hold mode active
2025-05-28 04:04:15,261 - INFO - [AUDIT] - Action: 0, Confidence: 1.0000, Safety Mode: SAFE_HOLD, Override: Safe hold mode active
2025-05-28 04:04:15,261 - INFO - [AUDIT] - Action: 0, Confidence: 1.0000, Safety Mode: SAFE_HOLD, Override: Safe hold mode active
2025-05-28 04:04:15,262 - INFO - [AUDIT] - Action: 0, Confidence: 1.0000, Safety Mode: SAFE_HOLD, Override: Safe hold mode active
2025-05-28 04:04:15,262 - INFO - [AUDIT] - Action: 0, Confidence: 1.0000, Safety Mode: SAFE_HOLD, Override: Safe hold mode active
2025-05-28 04:04:15,262 - INFO - [AUDIT] - Action: 0, Confidence: 1.0000, Safety Mode: SAFE_HOLD, Override: Safe hold mode active
2025-05-28 04:04:15,262 - INFO - [AUDIT] - Action: 0, Confidence: 1.0000, Safety Mode: SAFE_HOLD, Override: Safe hold mode active
2025-05-28 04:04:15,262 - INFO - [AUDIT] - Action: 0, Confidence: 1.0000, Safety Mode: SAFE_HOLD, Override: Safe hold mode active
2025-05-28 04:04:15,263 - INFO - [AUDIT] - Action: 0, Confidence: 1.0000, Safety Mode: SAFE_HOLD, Override: Safe hold mode active
2025-05-28 04:04:15,263 - INFO - [AUDIT] - Action: 0, Confidence: 1.0000, Safety Mode: SAFE_HOLD, Override: Safe hold mode active
2025-05-28 04:04:15,263 - INFO - [AUDIT] - Action: 0, Confidence: 1.0000, Safety Mode: SAFE_HOLD, Override: Safe hold mode active
2025-05-28 04:04:15,263 - INFO - [AUDIT] - Action: 0, Confidence: 1.0000, Safety Mode: SAFE_HOLD, Override: Safe hold mode active
2025-05-28 04:04:15,263 - INFO - [AUDIT] - Action: 0, Confidence: 1.0000, Safety Mode: SAFE_HOLD, Override: Safe hold mode active
2025-05-28 04:04:15,264 - INFO - [AUDIT] - Action: 0, Confidence: 1.0000, Safety Mode: SAFE_HOLD, Override: Safe hold mode active
2025-05-28 04:04:15,264 - INFO - [AUDIT] - Action: 0, Confidence: 1.0000, Safety Mode: SAFE_HOLD, Override: Safe hold mode active
2025-05-28 04:04:15,686 - INFO - [AUDIT] - Action: 0, Confidence: 1.0000, Safety Mode: SAFE_HOLD, Override: Safe hold mode active
2025-05-28 04:04:15,686 - INFO - [AUDIT] - Action: 0, Confidence: 1.0000, Safety Mode: SAFE_HOLD, Override: Safe hold mode active
2025-05-28 04:04:15,687 - INFO - [AUDIT] - Action: 0, Confidence: 1.0000, Safety Mode: SAFE_HOLD, Override: Safe hold mode active
2025-05-28 04:04:15,687 - INFO - [AUDIT] - Action: 0, Confidence: 1.0000, Safety Mode: SAFE_HOLD, Override: Safe hold mode active
2025-05-28 04:04:15,687 - INFO - [AUDIT] - Action: 0, Confidence: 1.0000, Safety Mode: SAFE_HOLD, Override: Safe hold mode active
2025-05-28 04:04:15,687 - INFO - [AUDIT] - Action: 0, Confidence: 1.0000, Safety Mode: SAFE_HOLD, Override: Safe hold mode active
2025-05-28 04:04:15,687 - INFO - [AUDIT] - Action: 0, Confidence: 1.0000, Safety Mode: SAFE_HOLD, Override: Safe hold mode active
2025-05-28 04:04:15,688 - INFO - [AUDIT] - Action: 0, Confidence: 1.0000, Safety Mode: SAFE_HOLD, Override: Safe hold mode active
2025-05-28 04:04:15,688 - INFO - [AUDIT] - Action: 0, Confidence: 1.0000, Safety Mode: SAFE_HOLD, Override: Safe hold mode active
2025-05-28 04:04:15,688 - INFO - [AUDIT] - Action: 0, Confidence: 1.0000, Safety Mode: SAFE_HOLD, Override: Safe hold mode active
2025-05-28 04:04:15,688 - INFO - [AUDIT] - Action: 0, Confidence: 1.0000, Safety Mode: SAFE_HOLD, Override: Safe hold mode active
2025-05-28 04:04:15,688 - INFO - [AUDIT] - Action: 0, Confidence: 1.0000, Safety Mode: SAFE_HOLD, Override: Safe hold mode active
2025-05-28 04:04:15,689 - INFO - [AUDIT] - Action: 0, Confidence: 1.0000, Safety Mode: SAFE_HOLD, Override: Safe hold mode active
2025-05-28 04:04:15,689 - INFO - [AUDIT] - Action: 0, Confidence: 1.0000, Safety Mode: SAFE_HOLD, Override: Safe hold mode active
2025-05-28 04:04:15,689 - INFO - [AUDIT] - Action: 0, Confidence: 1.0000, Safety Mode: SAFE_HOLD, Override: Safe hold mode active
2025-05-28 04:04:15,689 - INFO - [AUDIT] - Action: 0, Confidence: 1.0000, Safety Mode: SAFE_HOLD, Override: Safe hold mode active
2025-05-28 04:04:15,690 - INFO - [AUDIT] - Action: 0, Confidence: 1.0000, Safety Mode: SAFE_HOLD, Override: Safe hold mode active
2025-05-28 04:04:15,690 - INFO - [AUDIT] - Action: 0, Confidence: 1.0000, Safety Mode: SAFE_HOLD, Override: Safe hold mode active
2025-05-28 04:04:15,690 - INFO - [AUDIT] - Action: 0, Confidence: 1.0000, Safety Mode: SAFE_HOLD, Override: Safe hold mode active
2025-05-28 04:04:15,690 - INFO - [AUDIT] - Action: 0, Confidence: 1.0000, Safety Mode: SAFE_HOLD, Override: Safe hold mode active
2025-05-28 04:04:15,690 - INFO - [AUDIT] - Action: 0, Confidence: 1.0000, Safety Mode: SAFE_HOLD, Override: Safe hold mode active
2025-05-28 04:04:15,691 - INFO - [AUDIT] - Action: 0, Confidence: 1.0000, Safety Mode: SAFE_HOLD, Override: Safe hold mode active
2025-05-28 04:04:15,691 - INFO - [AUDIT] - Action: 0, Confidence: 1.0000, Safety Mode: SAFE_HOLD, Override: Safe hold mode active
2025-05-28 04:04:15,691 - INFO - [AUDIT] - Action: 0, Confidence: 1.0000, Safety Mode: SAFE_HOLD, Override: Safe hold mode active
2025-05-28 04:04:15,691 - INFO - [AUDIT] - Action: 0, Confidence: 1.0000, Safety Mode: SAFE_HOLD, Override: Safe hold mode active
2025-05-28 04:04:15,691 - INFO - [AUDIT] - Action: 0, Confidence: 1.0000, Safety Mode: SAFE_HOLD, Override: Safe hold mode active
2025-05-28 04:04:15,691 - INFO - [AUDIT] - Action: 0, Confidence: 1.0000, Safety Mode: SAFE_HOLD, Override: Safe hold mode active
2025-05-28 04:04:15,692 - INFO - [AUDIT] - Action: 0, Confidence: 1.0000, Safety Mode: SAFE_HOLD, Override: Safe hold mode active
2025-05-28 04:04:15,692 - INFO - [AUDIT] - Action: 0, Confidence: 1.0000, Safety Mode: SAFE_HOLD, Override: Safe hold mode active
2025-05-28 04:04:15,692 - INFO - [AUDIT] - Action: 0, Confidence: 1.0000, Safety Mode: SAFE_HOLD, Override: Safe hold mode active
2025-05-28 04:04:15,692 - INFO - [AUDIT] - Action: 0, Confidence: 1.0000, Safety Mode: SAFE_HOLD, Override: Safe hold mode active
2025-05-28 04:04:15,692 - INFO - [AUDIT] - Action: 0, Confidence: 1.0000, Safety Mode: SAFE_HOLD, Override: Safe hold mode active
2025-05-28 04:04:15,693 - INFO - [AUDIT] - Action: 0, Confidence: 1.0000, Safety Mode: SAFE_HOLD, Override: Safe hold mode active
2025-05-28 04:04:15,693 - INFO - [AUDIT] - Action: 0, Confidence: 1.0000, Safety Mode: SAFE_HOLD, Override: Safe hold mode active
2025-05-28 04:04:15,693 - INFO - [AUDIT] - Action: 0, Confidence: 1.0000, Safety Mode: SAFE_HOLD, Override: Safe hold mode active
2025-05-28 04:04:15,693 - INFO - [AUDIT] - Action: 0, Confidence: 1.0000, Safety Mode: SAFE_HOLD, Override: Safe hold mode active
2025-05-28 04:04:15,693 - INFO - [AUDIT] - Action: 0, Confidence: 1.0000, Safety Mode: SAFE_HOLD, Override: Safe hold mode active
2025-05-28 04:04:15,694 - INFO - [AUDIT] - Action: 0, Confidence: 1.0000, Safety Mode: SAFE_HOLD, Override: Safe hold mode active
2025-05-28 04:04:15,694 - INFO - [AUDIT] - Action: 0, Confidence: 1.0000, Safety Mode: SAFE_HOLD, Override: Safe hold mode active
2025-05-28 04:04:15,694 - INFO - [AUDIT] - Action: 0, Confidence: 1.0000, Safety Mode: SAFE_HOLD, Override: Safe hold mode active
2025-05-28 04:04:15,694 - INFO - [AUDIT] - Action: 0, Confidence: 1.0000, Safety Mode: SAFE_HOLD, Override: Safe hold mode active
2025-05-28 04:04:15,694 - INFO - [AUDIT] - Action: 0, Confidence: 1.0000, Safety Mode: SAFE_HOLD, Override: Safe hold mode active
2025-05-28 04:04:15,695 - INFO - [AUDIT] - Action: 0, Confidence: 1.0000, Safety Mode: SAFE_HOLD, Override: Safe hold mode active
2025-05-28 04:04:15,695 - INFO - [AUDIT] - Action: 0, Confidence: 1.0000, Safety Mode: SAFE_HOLD, Override: Safe hold mode active
2025-05-28 04:04:15,695 - INFO - [AUDIT] - Action: 0, Confidence: 1.0000, Safety Mode: SAFE_HOLD, Override: Safe hold mode active
2025-05-28 04:04:15,695 - INFO - [AUDIT] - Action: 0, Confidence: 1.0000, Safety Mode: SAFE_HOLD, Override: Safe hold mode active
2025-05-28 04:04:15,695 - INFO - [AUDIT] - Action: 0, Confidence: 1.0000, Safety Mode: SAFE_HOLD, Override: Safe hold mode active
2025-05-28 04:04:15,696 - INFO - [AUDIT] - Action: 0, Confidence: 1.0000, Safety Mode: SAFE_HOLD, Override: Safe hold mode active
2025-05-28 04:04:15,696 - INFO - [AUDIT] - Action: 0, Confidence: 1.0000, Safety Mode: SAFE_HOLD, Override: Safe hold mode active
2025-05-28 04:04:15,696 - INFO - [AUDIT] - Action: 0, Confidence: 1.0000, Safety Mode: SAFE_HOLD, Override: Safe hold mode active
2025-05-28 04:04:15,696 - INFO - [AUDIT] - Action: 0, Confidence: 1.0000, Safety Mode: SAFE_HOLD, Override: Safe hold mode active
2025-05-28 04:04:15,696 - INFO - [AUDIT] - Action: 0, Confidence: 1.0000, Safety Mode: SAFE_HOLD, Override: Safe hold mode active
2025-05-28 04:04:15,696 - INFO - [AUDIT] - Action: 0, Confidence: 1.0000, Safety Mode: SAFE_HOLD, Override: Safe hold mode active
2025-05-28 04:04:15,697 - INFO - [AUDIT] - Action: 0, Confidence: 1.0000, Safety Mode: SAFE_HOLD, Override: Safe hold mode active
2025-05-28 04:04:15,697 - INFO - [AUDIT] - Action: 0, Confidence: 1.0000, Safety Mode: SAFE_HOLD, Override: Safe hold mode active
2025-05-28 04:04:15,697 - INFO - [AUDIT] - Action: 0, Confidence: 1.0000, Safety Mode: SAFE_HOLD, Override: Safe hold mode active
2025-05-28 04:04:15,697 - INFO - [AUDIT] - Action: 0, Confidence: 1.0000, Safety Mode: SAFE_HOLD, Override: Safe hold mode active
2025-05-28 04:04:15,697 - INFO - [AUDIT] - Action: 0, Confidence: 1.0000, Safety Mode: SAFE_HOLD, Override: Safe hold mode active
2025-05-28 04:04:15,698 - INFO - [AUDIT] - Action: 0, Confidence: 1.0000, Safety Mode: SAFE_HOLD, Override: Safe hold mode active
2025-05-28 04:04:15,698 - INFO - [AUDIT] - Action: 0, Confidence: 1.0000, Safety Mode: SAFE_HOLD, Override: Safe hold mode active
2025-05-28 04:04:15,698 - INFO - [AUDIT] - Action: 0, Confidence: 1.0000, Safety Mode: SAFE_HOLD, Override: Safe hold mode active
2025-05-28 04:04:15,698 - INFO - [AUDIT] - Action: 0, Confidence: 1.0000, Safety Mode: SAFE_HOLD, Override: Safe hold mode active
2025-05-28 04:04:15,698 - INFO - [AUDIT] - Action: 0, Confidence: 1.0000, Safety Mode: SAFE_HOLD, Override: Safe hold mode active
2025-05-28 04:04:15,699 - INFO - [AUDIT] - Action: 0, Confidence: 1.0000, Safety Mode: SAFE_HOLD, Override: Safe hold mode active
2025-05-28 04:04:15,699 - INFO - [AUDIT] - Action: 0, Confidence: 1.0000, Safety Mode: SAFE_HOLD, Override: Safe hold mode active
2025-05-28 04:04:15,699 - INFO - [AUDIT] - Action: 0, Confidence: 1.0000, Safety Mode: SAFE_HOLD, Override: Safe hold mode active
2025-05-28 04:04:15,699 - INFO - [AUDIT] - Action: 0, Confidence: 1.0000, Safety Mode: SAFE_HOLD, Override: Safe hold mode active
2025-05-28 04:04:15,699 - INFO - [AUDIT] - Action: 0, Confidence: 1.0000, Safety Mode: SAFE_HOLD, Override: Safe hold mode active
2025-05-28 04:04:15,700 - INFO - [AUDIT] - Action: 0, Confidence: 1.0000, Safety Mode: SAFE_HOLD, Override: Safe hold mode active
2025-05-28 04:04:15,700 - INFO - [AUDIT] - Action: 0, Confidence: 1.0000, Safety Mode: SAFE_HOLD, Override: Safe hold mode active
2025-05-28 04:04:15,700 - INFO - [AUDIT] - Action: 0, Confidence: 1.0000, Safety Mode: SAFE_HOLD, Override: Safe hold mode active
2025-05-28 04:04:15,700 - INFO - [AUDIT] - Action: 0, Confidence: 1.0000, Safety Mode: SAFE_HOLD, Override: Safe hold mode active
2025-05-28 04:04:15,701 - INFO - [AUDIT] - Action: 0, Confidence: 1.0000, Safety Mode: SAFE_HOLD, Override: Safe hold mode active
2025-05-28 04:04:15,701 - INFO - [AUDIT] - Action: 0, Confidence: 1.0000, Safety Mode: SAFE_HOLD, Override: Safe hold mode active
2025-05-28 04:04:15,701 - INFO - [AUDIT] - Action: 0, Confidence: 1.0000, Safety Mode: SAFE_HOLD, Override: Safe hold mode active
2025-05-28 04:04:15,701 - INFO - [AUDIT] - Action: 0, Confidence: 1.0000, Safety Mode: SAFE_HOLD, Override: Safe hold mode active
2025-05-28 04:04:15,701 - INFO - [AUDIT] - Action: 0, Confidence: 1.0000, Safety Mode: SAFE_HOLD, Override: Safe hold mode active
2025-05-28 04:04:15,702 - INFO - [AUDIT] - Action: 0, Confidence: 1.0000, Safety Mode: SAFE_HOLD, Override: Safe hold mode active
2025-05-28 04:04:15,702 - INFO - [AUDIT] - Action: 0, Confidence: 1.0000, Safety Mode: SAFE_HOLD, Override: Safe hold mode active
2025-05-28 04:04:15,702 - INFO - [AUDIT] - Action: 0, Confidence: 1.0000, Safety Mode: SAFE_HOLD, Override: Safe hold mode active
2025-05-28 04:04:15,702 - INFO - [AUDIT] - Action: 0, Confidence: 1.0000, Safety Mode: SAFE_HOLD, Override: Safe hold mode active
2025-05-28 04:04:15,703 - INFO - [AUDIT] - Action: 0, Confidence: 1.0000, Safety Mode: SAFE_HOLD, Override: Safe hold mode active
2025-05-28 04:04:15,703 - INFO - [AUDIT] - Action: 0, Confidence: 1.0000, Safety Mode: SAFE_HOLD, Override: Safe hold mode active
2025-05-28 04:04:15,703 - INFO - [AUDIT] - Action: 0, Confidence: 1.0000, Safety Mode: SAFE_HOLD, Override: Safe hold mode active
2025-05-28 04:04:15,703 - INFO - [AUDIT] - Action: 0, Confidence: 1.0000, Safety Mode: SAFE_HOLD, Override: Safe hold mode active
2025-05-28 04:04:15,704 - INFO - [AUDIT] - Action: 0, Confidence: 1.0000, Safety Mode: SAFE_HOLD, Override: Safe hold mode active
2025-05-28 04:04:15,704 - INFO - [AUDIT] - Action: 0, Confidence: 1.0000, Safety Mode: SAFE_HOLD, Override: Safe hold mode active
2025-05-28 04:04:15,704 - INFO - [AUDIT] - Action: 0, Confidence: 1.0000, Safety Mode: SAFE_HOLD, Override: Safe hold mode active
2025-05-28 04:04:15,704 - INFO - [AUDIT] - Action: 0, Confidence: 1.0000, Safety Mode: SAFE_HOLD, Override: Safe hold mode active
2025-05-28 04:04:15,704 - INFO - [AUDIT] - Action: 0, Confidence: 1.0000, Safety Mode: SAFE_HOLD, Override: Safe hold mode active
2025-05-28 04:04:15,704 - INFO - [AUDIT] - Action: 0, Confidence: 1.0000, Safety Mode: SAFE_HOLD, Override: Safe hold mode active
2025-05-28 04:04:15,705 - INFO - [AUDIT] - Action: 0, Confidence: 1.0000, Safety Mode: SAFE_HOLD, Override: Safe hold mode active
2025-05-28 04:04:15,705 - INFO - [AUDIT] - Action: 0, Confidence: 1.0000, Safety Mode: SAFE_HOLD, Override: Safe hold mode active
2025-05-28 04:04:15,705 - INFO - [AUDIT] - Action: 0, Confidence: 1.0000, Safety Mode: SAFE_HOLD, Override: Safe hold mode active
2025-05-28 04:04:15,705 - INFO - [AUDIT] - Action: 0, Confidence: 1.0000, Safety Mode: SAFE_HOLD, Override: Safe hold mode active
2025-05-28 04:04:15,705 - INFO - [AUDIT] - Action: 0, Confidence: 1.0000, Safety Mode: SAFE_HOLD, Override: Safe hold mode active
2025-05-28 04:04:15,706 - INFO - [AUDIT] - Action: 0, Confidence: 1.0000, Safety Mode: SAFE_HOLD, Override: Safe hold mode active
2025-05-28 04:04:15,706 - INFO - [AUDIT] - Action: 0, Confidence: 1.0000, Safety Mode: SAFE_HOLD, Override: Safe hold mode active
2025-05-28 04:04:15,706 - INFO - [AUDIT] - Action: 0, Confidence: 1.0000, Safety Mode: SAFE_HOLD, Override: Safe hold mode active
2025-05-28 04:04:15,706 - INFO - [AUDIT] - Action: 0, Confidence: 1.0000, Safety Mode: SAFE_HOLD, Override: Safe hold mode active
2025-05-28 04:04:15,706 - INFO - [AUDIT] - Action: 0, Confidence: 1.0000, Safety Mode: SAFE_HOLD, Override: Safe hold mode active
2025-05-28 04:04:15,707 - INFO - [AUDIT] - Action: 0, Confidence: 1.0000, Safety Mode: SAFE_HOLD, Override: Safe hold mode active
2025-05-28 04:04:15,707 - INFO - [AUDIT] - Action: 0, Confidence: 1.0000, Safety Mode: SAFE_HOLD, Override: Safe hold mode active
2025-05-28 04:04:15,707 - INFO - [AUDIT] - Action: 0, Confidence: 1.0000, Safety Mode: SAFE_HOLD, Override: Safe hold mode active
2025-05-28 04:04:15,707 - INFO - [AUDIT] - Action: 0, Confidence: 1.0000, Safety Mode: SAFE_HOLD, Override: Safe hold mode active
2025-05-28 04:04:15,707 - INFO - [AUDIT] - Action: 0, Confidence: 1.0000, Safety Mode: SAFE_HOLD, Override: Safe hold mode active
2025-05-28 04:04:15,708 - INFO - [AUDIT] - Action: 0, Confidence: 1.0000, Safety Mode: SAFE_HOLD, Override: Safe hold mode active
2025-05-28 04:04:15,708 - INFO - [AUDIT] - Action: 0, Confidence: 1.0000, Safety Mode: SAFE_HOLD, Override: Safe hold mode active
2025-05-28 04:04:15,708 - INFO - [AUDIT] - Action: 0, Confidence: 1.0000, Safety Mode: SAFE_HOLD, Override: Safe hold mode active
2025-05-28 04:04:15,708 - INFO - [AUDIT] - Action: 0, Confidence: 1.0000, Safety Mode: SAFE_HOLD, Override: Safe hold mode active
2025-05-28 04:04:15,708 - INFO - [AUDIT] - Action: 0, Confidence: 1.0000, Safety Mode: SAFE_HOLD, Override: Safe hold mode active
2025-05-28 04:04:15,709 - INFO - [AUDIT] - Action: 0, Confidence: 1.0000, Safety Mode: SAFE_HOLD, Override: Safe hold mode active
2025-05-28 04:04:15,709 - INFO - [AUDIT] - Action: 0, Confidence: 1.0000, Safety Mode: SAFE_HOLD, Override: Safe hold mode active
2025-05-28 04:04:15,709 - INFO - [AUDIT] - Action: 0, Confidence: 1.0000, Safety Mode: SAFE_HOLD, Override: Safe hold mode active
2025-05-28 04:04:15,709 - INFO - [AUDIT] - Action: 0, Confidence: 1.0000, Safety Mode: SAFE_HOLD, Override: Safe hold mode active
2025-05-28 04:04:15,709 - INFO - [AUDIT] - Action: 0, Confidence: 1.0000, Safety Mode: SAFE_HOLD, Override: Safe hold mode active
2025-05-28 04:04:15,710 - INFO - [AUDIT] - Action: 0, Confidence: 1.0000, Safety Mode: SAFE_HOLD, Override: Safe hold mode active
2025-05-28 04:04:15,710 - INFO - [AUDIT] - Action: 0, Confidence: 1.0000, Safety Mode: SAFE_HOLD, Override: Safe hold mode active
2025-05-28 04:04:15,710 - INFO - [AUDIT] - Action: 0, Confidence: 1.0000, Safety Mode: SAFE_HOLD, Override: Safe hold mode active
2025-05-28 04:04:15,710 - INFO - [AUDIT] - Action: 0, Confidence: 1.0000, Safety Mode: SAFE_HOLD, Override: Safe hold mode active
2025-05-28 04:04:15,710 - INFO - [AUDIT] - Action: 0, Confidence: 1.0000, Safety Mode: SAFE_HOLD, Override: Safe hold mode active
2025-05-28 04:04:15,711 - INFO - [AUDIT] - Action: 0, Confidence: 1.0000, Safety Mode: SAFE_HOLD, Override: Safe hold mode active
2025-05-28 04:04:15,711 - INFO - [AUDIT] - Action: 0, Confidence: 1.0000, Safety Mode: SAFE_HOLD, Override: Safe hold mode active
2025-05-28 04:04:15,711 - INFO - [AUDIT] - Action: 0, Confidence: 1.0000, Safety Mode: SAFE_HOLD, Override: Safe hold mode active
2025-05-28 04:04:15,711 - INFO - [AUDIT] - Action: 0, Confidence: 1.0000, Safety Mode: SAFE_HOLD, Override: Safe hold mode active
2025-05-28 04:04:15,711 - INFO - [AUDIT] - Action: 0, Confidence: 1.0000, Safety Mode: SAFE_HOLD, Override: Safe hold mode active
2025-05-28 04:04:15,712 - INFO - [AUDIT] - Action: 0, Confidence: 1.0000, Safety Mode: SAFE_HOLD, Override: Safe hold mode active
2025-05-28 04:04:15,712 - INFO - [AUDIT] - Action: 0, Confidence: 1.0000, Safety Mode: SAFE_HOLD, Override: Safe hold mode active
2025-05-28 04:04:15,712 - INFO - [AUDIT] - Action: 0, Confidence: 1.0000, Safety Mode: SAFE_HOLD, Override: Safe hold mode active
2025-05-28 04:04:15,712 - INFO - [AUDIT] - Action: 0, Confidence: 1.0000, Safety Mode: SAFE_HOLD, Override: Safe hold mode active
2025-05-28 04:04:15,712 - INFO - [AUDIT] - Action: 0, Confidence: 1.0000, Safety Mode: SAFE_HOLD, Override: Safe hold mode active
2025-05-28 04:04:15,712 - INFO - [AUDIT] - Action: 0, Confidence: 1.0000, Safety Mode: SAFE_HOLD, Override: Safe hold mode active
2025-05-28 04:04:15,713 - INFO - [AUDIT] - Action: 0, Confidence: 1.0000, Safety Mode: SAFE_HOLD, Override: Safe hold mode active
2025-05-28 04:04:15,713 - INFO - [AUDIT] - Action: 0, Confidence: 1.0000, Safety Mode: SAFE_HOLD, Override: Safe hold mode active
2025-05-28 04:04:15,713 - INFO - [AUDIT] - Action: 0, Confidence: 1.0000, Safety Mode: SAFE_HOLD, Override: Safe hold mode active
2025-05-28 04:04:15,713 - INFO - [AUDIT] - Action: 0, Confidence: 1.0000, Safety Mode: SAFE_HOLD, Override: Safe hold mode active
2025-05-28 04:04:15,713 - INFO - [AUDIT] - Action: 0, Confidence: 1.0000, Safety Mode: SAFE_HOLD, Override: Safe hold mode active
2025-05-28 04:04:15,714 - INFO - [AUDIT] - Action: 0, Confidence: 1.0000, Safety Mode: SAFE_HOLD, Override: Safe hold mode active
2025-05-28 04:04:15,714 - INFO - [AUDIT] - Action: 0, Confidence: 1.0000, Safety Mode: SAFE_HOLD, Override: Safe hold mode active
2025-05-28 04:04:15,714 - INFO - [AUDIT] - Action: 0, Confidence: 1.0000, Safety Mode: SAFE_HOLD, Override: Safe hold mode active
2025-05-28 04:04:15,714 - INFO - [AUDIT] - Action: 0, Confidence: 1.0000, Safety Mode: SAFE_HOLD, Override: Safe hold mode active
2025-05-28 04:04:15,714 - INFO - [AUDIT] - Action: 0, Confidence: 1.0000, Safety Mode: SAFE_HOLD, Override: Safe hold mode active
2025-05-28 04:04:15,714 - INFO - [AUDIT] - Action: 0, Confidence: 1.0000, Safety Mode: SAFE_HOLD, Override: Safe hold mode active
2025-05-28 04:04:15,715 - INFO - [AUDIT] - Action: 0, Confidence: 1.0000, Safety Mode: SAFE_HOLD, Override: Safe hold mode active
2025-05-28 04:04:15,715 - INFO - [AUDIT] - Action: 0, Confidence: 1.0000, Safety Mode: SAFE_HOLD, Override: Safe hold mode active
2025-05-28 04:04:15,715 - INFO - [AUDIT] - Action: 0, Confidence: 1.0000, Safety Mode: SAFE_HOLD, Override: Safe hold mode active
2025-05-28 04:04:15,715 - INFO - [AUDIT] - Action: 0, Confidence: 1.0000, Safety Mode: SAFE_HOLD, Override: Safe hold mode active
2025-05-28 04:04:15,715 - INFO - [AUDIT] - Action: 0, Confidence: 1.0000, Safety Mode: SAFE_HOLD, Override: Safe hold mode active
2025-05-28 04:04:15,716 - INFO - [AUDIT] - Action: 0, Confidence: 1.0000, Safety Mode: SAFE_HOLD, Override: Safe hold mode active
2025-05-28 04:04:15,716 - INFO - [AUDIT] - Action: 0, Confidence: 1.0000, Safety Mode: SAFE_HOLD, Override: Safe hold mode active
2025-05-28 04:04:15,716 - INFO - [AUDIT] - Action: 0, Confidence: 1.0000, Safety Mode: SAFE_HOLD, Override: Safe hold mode active
2025-05-28 04:04:15,716 - INFO - [AUDIT] - Action: 0, Confidence: 1.0000, Safety Mode: SAFE_HOLD, Override: Safe hold mode active
2025-05-28 04:04:15,716 - INFO - [AUDIT] - Action: 0, Confidence: 1.0000, Safety Mode: SAFE_HOLD, Override: Safe hold mode active
2025-05-28 04:04:15,717 - INFO - [AUDIT] - Action: 0, Confidence: 1.0000, Safety Mode: SAFE_HOLD, Override: Safe hold mode active
2025-05-28 04:04:15,717 - INFO - [AUDIT] - Action: 0, Confidence: 1.0000, Safety Mode: SAFE_HOLD, Override: Safe hold mode active
2025-05-28 04:04:15,717 - INFO - [AUDIT] - Action: 0, Confidence: 1.0000, Safety Mode: SAFE_HOLD, Override: Safe hold mode active
2025-05-28 04:04:15,717 - INFO - [AUDIT] - Action: 0, Confidence: 1.0000, Safety Mode: SAFE_HOLD, Override: Safe hold mode active
2025-05-28 04:04:15,717 - INFO - [AUDIT] - Action: 0, Confidence: 1.0000, Safety Mode: SAFE_HOLD, Override: Safe hold mode active
2025-05-28 04:04:15,717 - INFO - [AUDIT] - Action: 0, Confidence: 1.0000, Safety Mode: SAFE_HOLD, Override: Safe hold mode active
2025-05-28 04:04:15,718 - INFO - [AUDIT] - Action: 0, Confidence: 1.0000, Safety Mode: SAFE_HOLD, Override: Safe hold mode active
2025-05-28 04:04:15,718 - INFO - [AUDIT] - Action: 0, Confidence: 1.0000, Safety Mode: SAFE_HOLD, Override: Safe hold mode active
2025-05-28 04:04:15,718 - INFO - [AUDIT] - Action: 0, Confidence: 1.0000, Safety Mode: SAFE_HOLD, Override: Safe hold mode active
2025-05-28 04:04:15,718 - INFO - [AUDIT] - Action: 0, Confidence: 1.0000, Safety Mode: SAFE_HOLD, Override: Safe hold mode active
2025-05-28 04:04:15,718 - INFO - [AUDIT] - Action: 0, Confidence: 1.0000, Safety Mode: SAFE_HOLD, Override: Safe hold mode active
2025-05-28 04:04:15,719 - INFO - [AUDIT] - Action: 0, Confidence: 1.0000, Safety Mode: SAFE_HOLD, Override: Safe hold mode active
2025-05-28 04:04:15,719 - INFO - [AUDIT] - Action: 0, Confidence: 1.0000, Safety Mode: SAFE_HOLD, Override: Safe hold mode active
2025-05-28 04:04:15,719 - INFO - [AUDIT] - Action: 0, Confidence: 1.0000, Safety Mode: SAFE_HOLD, Override: Safe hold mode active
2025-05-28 04:04:15,720 - INFO - [AUDIT] - Action: 0, Confidence: 1.0000, Safety Mode: SAFE_HOLD, Override: Safe hold mode active
2025-05-28 04:04:15,720 - INFO - [AUDIT] - Action: 0, Confidence: 1.0000, Safety Mode: SAFE_HOLD, Override: Safe hold mode active
2025-05-28 04:04:15,720 - INFO - [AUDIT] - Action: 0, Confidence: 1.0000, Safety Mode: SAFE_HOLD, Override: Safe hold mode active
2025-05-28 04:04:15,720 - INFO - [AUDIT] - Action: 0, Confidence: 1.0000, Safety Mode: SAFE_HOLD, Override: Safe hold mode active
2025-05-28 04:04:15,720 - INFO - [AUDIT] - Action: 0, Confidence: 1.0000, Safety Mode: SAFE_HOLD, Override: Safe hold mode active
2025-05-28 04:04:15,721 - INFO - [AUDIT] - Action: 0, Confidence: 1.0000, Safety Mode: SAFE_HOLD, Override: Safe hold mode active
2025-05-28 04:04:15,721 - INFO - [AUDIT] - Action: 0, Confidence: 1.0000, Safety Mode: SAFE_HOLD, Override: Safe hold mode active
2025-05-28 04:04:15,721 - INFO - [AUDIT] - Action: 0, Confidence: 1.0000, Safety Mode: SAFE_HOLD, Override: Safe hold mode active
2025-05-28 04:04:15,721 - INFO - [AUDIT] - Action: 0, Confidence: 1.0000, Safety Mode: SAFE_HOLD, Override: Safe hold mode active
2025-05-28 04:04:15,721 - INFO - [AUDIT] - Action: 0, Confidence: 1.0000, Safety Mode: SAFE_HOLD, Override: Safe hold mode active
2025-05-28 04:04:15,722 - INFO - [AUDIT] - Action: 0, Confidence: 1.0000, Safety Mode: SAFE_HOLD, Override: Safe hold mode active
2025-05-28 04:04:15,722 - INFO - [AUDIT] - Action: 0, Confidence: 1.0000, Safety Mode: SAFE_HOLD, Override: Safe hold mode active
2025-05-28 04:04:15,722 - INFO - [AUDIT] - Action: 0, Confidence: 1.0000, Safety Mode: SAFE_HOLD, Override: Safe hold mode active
2025-05-28 04:04:15,722 - INFO - [AUDIT] - Action: 0, Confidence: 1.0000, Safety Mode: SAFE_HOLD, Override: Safe hold mode active
2025-05-28 04:04:15,722 - INFO - [AUDIT] - Action: 0, Confidence: 1.0000, Safety Mode: SAFE_HOLD, Override: Safe hold mode active
2025-05-28 04:04:15,723 - INFO - [AUDIT] - Action: 0, Confidence: 1.0000, Safety Mode: SAFE_HOLD, Override: Safe hold mode active
2025-05-28 04:04:15,723 - INFO - [AUDIT] - Action: 0, Confidence: 1.0000, Safety Mode: SAFE_HOLD, Override: Safe hold mode active
2025-05-28 04:04:15,723 - INFO - [AUDIT] - Action: 0, Confidence: 1.0000, Safety Mode: SAFE_HOLD, Override: Safe hold mode active
2025-05-28 04:04:15,723 - INFO - [AUDIT] - Action: 0, Confidence: 1.0000, Safety Mode: SAFE_HOLD, Override: Safe hold mode active
2025-05-28 04:04:15,723 - INFO - [AUDIT] - Action: 0, Confidence: 1.0000, Safety Mode: SAFE_HOLD, Override: Safe hold mode active
2025-05-28 04:04:15,724 - INFO - [AUDIT] - Action: 0, Confidence: 1.0000, Safety Mode: SAFE_HOLD, Override: Safe hold mode active
2025-05-28 04:04:15,724 - INFO - [AUDIT] - Action: 0, Confidence: 1.0000, Safety Mode: SAFE_HOLD, Override: Safe hold mode active
2025-05-28 04:04:15,724 - INFO - [AUDIT] - Action: 0, Confidence: 1.0000, Safety Mode: SAFE_HOLD, Override: Safe hold mode active
2025-05-28 04:04:15,724 - INFO - [AUDIT] - Action: 0, Confidence: 1.0000, Safety Mode: SAFE_HOLD, Override: Safe hold mode active
2025-05-28 04:04:15,724 - INFO - [AUDIT] - Action: 0, Confidence: 1.0000, Safety Mode: SAFE_HOLD, Override: Safe hold mode active
2025-05-28 04:04:15,725 - INFO - [AUDIT] - Action: 0, Confidence: 1.0000, Safety Mode: SAFE_HOLD, Override: Safe hold mode active
2025-05-28 04:04:15,725 - INFO - [AUDIT] - Action: 0, Confidence: 1.0000, Safety Mode: SAFE_HOLD, Override: Safe hold mode active
2025-05-28 04:04:15,725 - INFO - [AUDIT] - Action: 0, Confidence: 1.0000, Safety Mode: SAFE_HOLD, Override: Safe hold mode active
2025-05-28 04:04:15,725 - INFO - [AUDIT] - Action: 0, Confidence: 1.0000, Safety Mode: SAFE_HOLD, Override: Safe hold mode active
2025-05-28 04:04:15,725 - INFO - [AUDIT] - Action: 0, Confidence: 1.0000, Safety Mode: SAFE_HOLD, Override: Safe hold mode active
2025-05-28 04:04:15,726 - INFO - [AUDIT] - Action: 0, Confidence: 1.0000, Safety Mode: SAFE_HOLD, Override: Safe hold mode active
2025-05-28 04:04:15,726 - INFO - [AUDIT] - Action: 0, Confidence: 1.0000, Safety Mode: SAFE_HOLD, Override: Safe hold mode active
2025-05-28 04:04:15,726 - INFO - [AUDIT] - Action: 0, Confidence: 1.0000, Safety Mode: SAFE_HOLD, Override: Safe hold mode active
2025-05-28 04:04:15,726 - INFO - [AUDIT] - Action: 0, Confidence: 1.0000, Safety Mode: SAFE_HOLD, Override: Safe hold mode active
2025-05-28 04:04:15,726 - INFO - [AUDIT] - Action: 0, Confidence: 1.0000, Safety Mode: SAFE_HOLD, Override: Safe hold mode active
2025-05-28 04:04:15,727 - INFO - [AUDIT] - Action: 0, Confidence: 1.0000, Safety Mode: SAFE_HOLD, Override: Safe hold mode active
2025-05-28 04:04:15,727 - INFO - [AUDIT] - Action: 0, Confidence: 1.0000, Safety Mode: SAFE_HOLD, Override: Safe hold mode active
2025-05-28 04:04:15,727 - INFO - [AUDIT] - Action: 0, Confidence: 1.0000, Safety Mode: SAFE_HOLD, Override: Safe hold mode active
2025-05-28 04:04:15,727 - INFO - [AUDIT] - Action: 0, Confidence: 1.0000, Safety Mode: SAFE_HOLD, Override: Safe hold mode active
2025-05-28 04:04:15,727 - INFO - [AUDIT] - Action: 0, Confidence: 1.0000, Safety Mode: SAFE_HOLD, Override: Safe hold mode active
2025-05-28 04:04:15,728 - INFO - [AUDIT] - Action: 0, Confidence: 1.0000, Safety Mode: SAFE_HOLD, Override: Safe hold mode active
2025-05-28 04:04:15,728 - INFO - [AUDIT] - Action: 0, Confidence: 1.0000, Safety Mode: SAFE_HOLD, Override: Safe hold mode active
2025-05-28 04:04:15,728 - INFO - [AUDIT] - Action: 0, Confidence: 1.0000, Safety Mode: SAFE_HOLD, Override: Safe hold mode active
2025-05-28 04:04:15,728 - INFO - [AUDIT] - Action: 0, Confidence: 1.0000, Safety Mode: SAFE_HOLD, Override: Safe hold mode active
2025-05-28 04:04:15,728 - INFO - [AUDIT] - Action: 0, Confidence: 1.0000, Safety Mode: SAFE_HOLD, Override: Safe hold mode active
2025-05-28 04:04:15,729 - INFO - [AUDIT] - Action: 0, Confidence: 1.0000, Safety Mode: SAFE_HOLD, Override: Safe hold mode active
2025-05-28 04:04:15,729 - INFO - [AUDIT] - Action: 0, Confidence: 1.0000, Safety Mode: SAFE_HOLD, Override: Safe hold mode active
2025-05-28 04:04:15,729 - INFO - [AUDIT] - Action: 0, Confidence: 1.0000, Safety Mode: SAFE_HOLD, Override: Safe hold mode active
2025-05-28 04:04:15,729 - INFO - [AUDIT] - Action: 0, Confidence: 1.0000, Safety Mode: SAFE_HOLD, Override: Safe hold mode active
2025-05-28 04:04:15,729 - INFO - [AUDIT] - Action: 0, Confidence: 1.0000, Safety Mode: SAFE_HOLD, Override: Safe hold mode active
2025-05-28 04:04:15,730 - INFO - [AUDIT] - Action: 0, Confidence: 1.0000, Safety Mode: SAFE_HOLD, Override: Safe hold mode active
2025-05-28 04:04:15,730 - INFO - [AUDIT] - Action: 0, Confidence: 1.0000, Safety Mode: SAFE_HOLD, Override: Safe hold mode active
2025-05-28 04:04:15,730 - INFO - [AUDIT] - Action: 0, Confidence: 1.0000, Safety Mode: SAFE_HOLD, Override: Safe hold mode active
2025-05-28 04:04:15,730 - INFO - [AUDIT] - Action: 0, Confidence: 1.0000, Safety Mode: SAFE_HOLD, Override: Safe hold mode active
2025-05-28 04:04:15,731 - INFO - [AUDIT] - Action: 0, Confidence: 1.0000, Safety Mode: SAFE_HOLD, Override: Safe hold mode active
2025-05-28 04:04:15,731 - INFO - [AUDIT] - Action: 0, Confidence: 1.0000, Safety Mode: SAFE_HOLD, Override: Safe hold mode active
2025-05-28 04:04:15,731 - INFO - [AUDIT] - Action: 0, Confidence: 1.0000, Safety Mode: SAFE_HOLD, Override: Safe hold mode active
2025-05-28 04:04:15,731 - INFO - [AUDIT] - Action: 0, Confidence: 1.0000, Safety Mode: SAFE_HOLD, Override: Safe hold mode active
2025-05-28 04:04:15,731 - INFO - [AUDIT] - Action: 0, Confidence: 1.0000, Safety Mode: SAFE_HOLD, Override: Safe hold mode active
2025-05-28 04:04:15,731 - INFO - [AUDIT] - Action: 0, Confidence: 1.0000, Safety Mode: SAFE_HOLD, Override: Safe hold mode active
2025-05-28 04:04:15,732 - INFO - [AUDIT] - Action: 0, Confidence: 1.0000, Safety Mode: SAFE_HOLD, Override: Safe hold mode active
2025-05-28 04:04:15,732 - INFO - [AUDIT] - Action: 0, Confidence: 1.0000, Safety Mode: SAFE_HOLD, Override: Safe hold mode active
2025-05-28 04:04:15,732 - INFO - [AUDIT] - Action: 0, Confidence: 1.0000, Safety Mode: SAFE_HOLD, Override: Safe hold mode active
2025-05-28 04:04:15,732 - INFO - [AUDIT] - Action: 0, Confidence: 1.0000, Safety Mode: SAFE_HOLD, Override: Safe hold mode active
2025-05-28 04:04:15,732 - INFO - [AUDIT] - Action: 0, Confidence: 1.0000, Safety Mode: SAFE_HOLD, Override: Safe hold mode active
2025-05-28 04:04:15,733 - INFO - [AUDIT] - Action: 0, Confidence: 1.0000, Safety Mode: SAFE_HOLD, Override: Safe hold mode active
2025-05-28 04:04:15,733 - INFO - [AUDIT] - Action: 0, Confidence: 1.0000, Safety Mode: SAFE_HOLD, Override: Safe hold mode active
2025-05-28 04:04:15,733 - INFO - [AUDIT] - Action: 0, Confidence: 1.0000, Safety Mode: SAFE_HOLD, Override: Safe hold mode active
2025-05-28 04:04:15,733 - INFO - [AUDIT] - Action: 0, Confidence: 1.0000, Safety Mode: SAFE_HOLD, Override: Safe hold mode active
2025-05-28 04:04:15,733 - INFO - [AUDIT] - Action: 0, Confidence: 1.0000, Safety Mode: SAFE_HOLD, Override: Safe hold mode active
2025-05-28 04:04:15,734 - INFO - [AUDIT] - Action: 0, Confidence: 1.0000, Safety Mode: SAFE_HOLD, Override: Safe hold mode active
2025-05-28 04:04:15,734 - INFO - [AUDIT] - Action: 0, Confidence: 1.0000, Safety Mode: SAFE_HOLD, Override: Safe hold mode active
2025-05-28 04:04:15,734 - INFO - [AUDIT] - Action: 0, Confidence: 1.0000, Safety Mode: SAFE_HOLD, Override: Safe hold mode active
2025-05-28 04:04:15,734 - INFO - [AUDIT] - Action: 0, Confidence: 1.0000, Safety Mode: SAFE_HOLD, Override: Safe hold mode active
2025-05-28 04:04:15,734 - INFO - [AUDIT] - Action: 0, Confidence: 1.0000, Safety Mode: SAFE_HOLD, Override: Safe hold mode active
2025-05-28 04:04:15,735 - INFO - [AUDIT] - Action: 0, Confidence: 1.0000, Safety Mode: SAFE_HOLD, Override: Safe hold mode active
2025-05-28 04:04:15,735 - INFO - [AUDIT] - Action: 0, Confidence: 1.0000, Safety Mode: SAFE_HOLD, Override: Safe hold mode active
2025-05-28 04:04:15,735 - INFO - [AUDIT] - Action: 0, Confidence: 1.0000, Safety Mode: SAFE_HOLD, Override: Safe hold mode active
2025-05-28 04:04:15,735 - INFO - [AUDIT] - Action: 0, Confidence: 1.0000, Safety Mode: SAFE_HOLD, Override: Safe hold mode active
2025-05-28 04:04:15,736 - INFO - [AUDIT] - Action: 0, Confidence: 1.0000, Safety Mode: SAFE_HOLD, Override: Safe hold mode active
2025-05-28 04:04:15,736 - INFO - [AUDIT] - Action: 0, Confidence: 1.0000, Safety Mode: SAFE_HOLD, Override: Safe hold mode active
2025-05-28 04:04:15,736 - INFO - [AUDIT] - Action: 0, Confidence: 1.0000, Safety Mode: SAFE_HOLD, Override: Safe hold mode active
2025-05-28 04:04:15,736 - INFO - [AUDIT] - Action: 0, Confidence: 1.0000, Safety Mode: SAFE_HOLD, Override: Safe hold mode active
2025-05-28 04:04:15,737 - INFO - [AUDIT] - Action: 0, Confidence: 1.0000, Safety Mode: SAFE_HOLD, Override: Safe hold mode active
2025-05-28 04:04:15,737 - INFO - [AUDIT] - Action: 0, Confidence: 1.0000, Safety Mode: SAFE_HOLD, Override: Safe hold mode active
2025-05-28 04:04:15,737 - INFO - [AUDIT] - Action: 0, Confidence: 1.0000, Safety Mode: SAFE_HOLD, Override: Safe hold mode active
2025-05-28 04:04:15,737 - INFO - [AUDIT] - Action: 0, Confidence: 1.0000, Safety Mode: SAFE_HOLD, Override: Safe hold mode active
2025-05-28 04:04:15,737 - INFO - [AUDIT] - Action: 0, Confidence: 1.0000, Safety Mode: SAFE_HOLD, Override: Safe hold mode active
2025-05-28 04:04:15,738 - INFO - [AUDIT] - Action: 0, Confidence: 1.0000, Safety Mode: SAFE_HOLD, Override: Safe hold mode active
2025-05-28 04:04:15,738 - INFO - [AUDIT] - Action: 0, Confidence: 1.0000, Safety Mode: SAFE_HOLD, Override: Safe hold mode active
2025-05-28 04:04:15,738 - INFO - [AUDIT] - Action: 0, Confidence: 1.0000, Safety Mode: SAFE_HOLD, Override: Safe hold mode active
2025-05-28 04:04:15,738 - INFO - [AUDIT] - Action: 0, Confidence: 1.0000, Safety Mode: SAFE_HOLD, Override: Safe hold mode active
2025-05-28 04:04:15,738 - INFO - [AUDIT] - Action: 0, Confidence: 1.0000, Safety Mode: SAFE_HOLD, Override: Safe hold mode active
2025-05-28 04:04:15,739 - INFO - [AUDIT] - Action: 0, Confidence: 1.0000, Safety Mode: SAFE_HOLD, Override: Safe hold mode active
2025-05-28 04:04:15,739 - INFO - [AUDIT] - Action: 0, Confidence: 1.0000, Safety Mode: SAFE_HOLD, Override: Safe hold mode active
2025-05-28 04:04:15,739 - INFO - [AUDIT] - Action: 0, Confidence: 1.0000, Safety Mode: SAFE_HOLD, Override: Safe hold mode active
2025-05-28 04:04:15,739 - INFO - [AUDIT] - Action: 0, Confidence: 1.0000, Safety Mode: SAFE_HOLD, Override: Safe hold mode active
2025-05-28 04:04:15,739 - INFO - [AUDIT] - Action: 0, Confidence: 1.0000, Safety Mode: SAFE_HOLD, Override: Safe hold mode active
2025-05-28 04:04:15,740 - INFO - [AUDIT] - Action: 0, Confidence: 1.0000, Safety Mode: SAFE_HOLD, Override: Safe hold mode active
2025-05-28 04:04:15,740 - INFO - [AUDIT] - Action: 0, Confidence: 1.0000, Safety Mode: SAFE_HOLD, Override: Safe hold mode active
2025-05-28 04:04:15,740 - INFO - [AUDIT] - Action: 0, Confidence: 1.0000, Safety Mode: SAFE_HOLD, Override: Safe hold mode active
2025-05-28 04:04:15,740 - INFO - [AUDIT] - Action: 0, Confidence: 1.0000, Safety Mode: SAFE_HOLD, Override: Safe hold mode active
2025-05-28 04:04:15,740 - INFO - [AUDIT] - Action: 0, Confidence: 1.0000, Safety Mode: SAFE_HOLD, Override: Safe hold mode active
2025-05-28 04:04:15,740 - INFO - [AUDIT] - Action: 0, Confidence: 1.0000, Safety Mode: SAFE_HOLD, Override: Safe hold mode active
2025-05-28 04:04:15,741 - INFO - [AUDIT] - Action: 0, Confidence: 1.0000, Safety Mode: SAFE_HOLD, Override: Safe hold mode active
2025-05-28 04:04:15,741 - INFO - [AUDIT] - Action: 0, Confidence: 1.0000, Safety Mode: SAFE_HOLD, Override: Safe hold mode active
2025-05-28 04:04:15,741 - INFO - [AUDIT] - Action: 0, Confidence: 1.0000, Safety Mode: SAFE_HOLD, Override: Safe hold mode active
2025-05-28 04:04:15,741 - INFO - [AUDIT] - Action: 0, Confidence: 1.0000, Safety Mode: SAFE_HOLD, Override: Safe hold mode active
2025-05-28 04:04:15,741 - INFO - [AUDIT] - Action: 0, Confidence: 1.0000, Safety Mode: SAFE_HOLD, Override: Safe hold mode active
2025-05-28 04:04:15,742 - INFO - [AUDIT] - Action: 0, Confidence: 1.0000, Safety Mode: SAFE_HOLD, Override: Safe hold mode active
2025-05-28 04:04:15,742 - INFO - [AUDIT] - Action: 0, Confidence: 1.0000, Safety Mode: SAFE_HOLD, Override: Safe hold mode active
2025-05-28 04:04:15,742 - INFO - [AUDIT] - Action: 0, Confidence: 1.0000, Safety Mode: SAFE_HOLD, Override: Safe hold mode active
2025-05-28 04:04:15,742 - INFO - [AUDIT] - Action: 0, Confidence: 1.0000, Safety Mode: SAFE_HOLD, Override: Safe hold mode active
2025-05-28 04:04:15,742 - INFO - [AUDIT] - Action: 0, Confidence: 1.0000, Safety Mode: SAFE_HOLD, Override: Safe hold mode active
2025-05-28 04:04:15,743 - INFO - [AUDIT] - Action: 0, Confidence: 1.0000, Safety Mode: SAFE_HOLD, Override: Safe hold mode active
2025-05-28 04:04:15,743 - INFO - [AUDIT] - Action: 0, Confidence: 1.0000, Safety Mode: SAFE_HOLD, Override: Safe hold mode active
2025-05-28 04:04:15,743 - INFO - [AUDIT] - Action: 0, Confidence: 1.0000, Safety Mode: SAFE_HOLD, Override: Safe hold mode active
2025-05-28 04:04:15,743 - INFO - [AUDIT] - Action: 0, Confidence: 1.0000, Safety Mode: SAFE_HOLD, Override: Safe hold mode active
2025-05-28 04:04:15,743 - INFO - [AUDIT] - Action: 0, Confidence: 1.0000, Safety Mode: SAFE_HOLD, Override: Safe hold mode active
2025-05-28 04:04:15,744 - INFO - [AUDIT] - Action: 0, Confidence: 1.0000, Safety Mode: SAFE_HOLD, Override: Safe hold mode active
2025-05-28 04:04:15,744 - INFO - [AUDIT] - Action: 0, Confidence: 1.0000, Safety Mode: SAFE_HOLD, Override: Safe hold mode active
2025-05-28 04:04:15,744 - INFO - [AUDIT] - Action: 0, Confidence: 1.0000, Safety Mode: SAFE_HOLD, Override: Safe hold mode active
2025-05-28 04:04:15,744 - INFO - [AUDIT] - Action: 0, Confidence: 1.0000, Safety Mode: SAFE_HOLD, Override: Safe hold mode active
2025-05-28 04:04:15,744 - INFO - [AUDIT] - Action: 0, Confidence: 1.0000, Safety Mode: SAFE_HOLD, Override: Safe hold mode active
2025-05-28 04:04:15,745 - INFO - [AUDIT] - Action: 0, Confidence: 1.0000, Safety Mode: SAFE_HOLD, Override: Safe hold mode active
2025-05-28 04:04:15,745 - INFO - [AUDIT] - Action: 0, Confidence: 1.0000, Safety Mode: SAFE_HOLD, Override: Safe hold mode active
2025-05-28 04:04:15,745 - INFO - [AUDIT] - Action: 0, Confidence: 1.0000, Safety Mode: SAFE_HOLD, Override: Safe hold mode active
2025-05-28 04:04:15,745 - INFO - [AUDIT] - Action: 0, Confidence: 1.0000, Safety Mode: SAFE_HOLD, Override: Safe hold mode active
2025-05-28 04:04:15,745 - INFO - [AUDIT] - Action: 0, Confidence: 1.0000, Safety Mode: SAFE_HOLD, Override: Safe hold mode active
2025-05-28 04:04:15,746 - INFO - [AUDIT] - Action: 0, Confidence: 1.0000, Safety Mode: SAFE_HOLD, Override: Safe hold mode active
2025-05-28 04:04:15,746 - INFO - [AUDIT] - Action: 0, Confidence: 1.0000, Safety Mode: SAFE_HOLD, Override: Safe hold mode active
2025-05-28 04:04:15,746 - INFO - [AUDIT] - Action: 0, Confidence: 1.0000, Safety Mode: SAFE_HOLD, Override: Safe hold mode active
2025-05-28 04:04:15,746 - INFO - [AUDIT] - Action: 0, Confidence: 1.0000, Safety Mode: SAFE_HOLD, Override: Safe hold mode active
2025-05-28 04:04:15,746 - INFO - [AUDIT] - Action: 0, Confidence: 1.0000, Safety Mode: SAFE_HOLD, Override: Safe hold mode active
2025-05-28 04:04:15,747 - INFO - [AUDIT] - Action: 0, Confidence: 1.0000, Safety Mode: SAFE_HOLD, Override: Safe hold mode active
2025-05-28 04:04:15,747 - INFO - [AUDIT] - Action: 0, Confidence: 1.0000, Safety Mode: SAFE_HOLD, Override: Safe hold mode active
2025-05-28 04:04:15,747 - INFO - [AUDIT] - Action: 0, Confidence: 1.0000, Safety Mode: SAFE_HOLD, Override: Safe hold mode active
2025-05-28 04:04:15,747 - INFO - [AUDIT] - Action: 0, Confidence: 1.0000, Safety Mode: SAFE_HOLD, Override: Safe hold mode active
2025-05-28 04:04:15,747 - INFO - [AUDIT] - Action: 0, Confidence: 1.0000, Safety Mode: SAFE_HOLD, Override: Safe hold mode active
2025-05-28 04:04:15,748 - INFO - [AUDIT] - Action: 0, Confidence: 1.0000, Safety Mode: SAFE_HOLD, Override: Safe hold mode active
2025-05-28 04:04:15,748 - INFO - [AUDIT] - Action: 0, Confidence: 1.0000, Safety Mode: SAFE_HOLD, Override: Safe hold mode active
2025-05-28 04:04:15,748 - INFO - [AUDIT] - Action: 0, Confidence: 1.0000, Safety Mode: SAFE_HOLD, Override: Safe hold mode active
2025-05-28 04:04:15,748 - INFO - [AUDIT] - Action: 0, Confidence: 1.0000, Safety Mode: SAFE_HOLD, Override: Safe hold mode active
2025-05-28 04:04:15,748 - INFO - [AUDIT] - Action: 0, Confidence: 1.0000, Safety Mode: SAFE_HOLD, Override: Safe hold mode active
2025-05-28 04:04:15,748 - INFO - [AUDIT] - Action: 0, Confidence: 1.0000, Safety Mode: SAFE_HOLD, Override: Safe hold mode active
2025-05-28 04:04:15,749 - INFO - [AUDIT] - Action: 0, Confidence: 1.0000, Safety Mode: SAFE_HOLD, Override: Safe hold mode active
2025-05-28 04:04:15,749 - INFO - [AUDIT] - Action: 0, Confidence: 1.0000, Safety Mode: SAFE_HOLD, Override: Safe hold mode active
2025-05-28 04:04:15,749 - INFO - [AUDIT] - Action: 0, Confidence: 1.0000, Safety Mode: SAFE_HOLD, Override: Safe hold mode active
2025-05-28 04:04:15,749 - INFO - [AUDIT] - Action: 0, Confidence: 1.0000, Safety Mode: SAFE_HOLD, Override: Safe hold mode active
2025-05-28 04:04:15,749 - INFO - [AUDIT] - Action: 0, Confidence: 1.0000, Safety Mode: SAFE_HOLD, Override: Safe hold mode active
2025-05-28 04:04:15,750 - INFO - [AUDIT] - Action: 0, Confidence: 1.0000, Safety Mode: SAFE_HOLD, Override: Safe hold mode active
2025-05-28 04:04:15,750 - INFO - [AUDIT] - Action: 0, Confidence: 1.0000, Safety Mode: SAFE_HOLD, Override: Safe hold mode active
2025-05-28 04:04:15,750 - INFO - [AUDIT] - Action: 0, Confidence: 1.0000, Safety Mode: SAFE_HOLD, Override: Safe hold mode active
2025-05-28 04:04:15,750 - INFO - [AUDIT] - Action: 0, Confidence: 1.0000, Safety Mode: SAFE_HOLD, Override: Safe hold mode active
2025-05-28 04:04:15,750 - INFO - [AUDIT] - Action: 0, Confidence: 1.0000, Safety Mode: SAFE_HOLD, Override: Safe hold mode active
2025-05-28 04:04:15,751 - INFO - [AUDIT] - Action: 0, Confidence: 1.0000, Safety Mode: SAFE_HOLD, Override: Safe hold mode active
2025-05-28 04:04:15,751 - INFO - [AUDIT] - Action: 0, Confidence: 1.0000, Safety Mode: SAFE_HOLD, Override: Safe hold mode active
2025-05-28 04:04:15,751 - INFO - [AUDIT] - Action: 0, Confidence: 1.0000, Safety Mode: SAFE_HOLD, Override: Safe hold mode active
2025-05-28 04:04:15,751 - INFO - [AUDIT] - Action: 0, Confidence: 1.0000, Safety Mode: SAFE_HOLD, Override: Safe hold mode active
2025-05-28 04:04:15,751 - INFO - [AUDIT] - Action: 0, Confidence: 1.0000, Safety Mode: SAFE_HOLD, Override: Safe hold mode active
2025-05-28 04:04:15,752 - INFO - [AUDIT] - Action: 0, Confidence: 1.0000, Safety Mode: SAFE_HOLD, Override: Safe hold mode active
2025-05-28 04:04:15,752 - INFO - [AUDIT] - Action: 0, Confidence: 1.0000, Safety Mode: SAFE_HOLD, Override: Safe hold mode active
2025-05-28 04:04:15,752 - INFO - [AUDIT] - Action: 0, Confidence: 1.0000, Safety Mode: SAFE_HOLD, Override: Safe hold mode active
2025-05-28 04:04:15,752 - INFO - [AUDIT] - Action: 0, Confidence: 1.0000, Safety Mode: SAFE_HOLD, Override: Safe hold mode active
2025-05-28 04:04:15,752 - INFO - [AUDIT] - Action: 0, Confidence: 1.0000, Safety Mode: SAFE_HOLD, Override: Safe hold mode active
2025-05-28 04:04:15,753 - INFO - [AUDIT] - Action: 0, Confidence: 1.0000, Safety Mode: SAFE_HOLD, Override: Safe hold mode active
2025-05-28 04:04:15,753 - INFO - [AUDIT] - Action: 0, Confidence: 1.0000, Safety Mode: SAFE_HOLD, Override: Safe hold mode active
2025-05-28 04:04:15,753 - INFO - [AUDIT] - Action: 0, Confidence: 1.0000, Safety Mode: SAFE_HOLD, Override: Safe hold mode active
2025-05-28 04:04:15,753 - INFO - [AUDIT] - Action: 0, Confidence: 1.0000, Safety Mode: SAFE_HOLD, Override: Safe hold mode active
2025-05-28 04:04:15,754 - INFO - [AUDIT] - Action: 0, Confidence: 1.0000, Safety Mode: SAFE_HOLD, Override: Safe hold mode active
2025-05-28 04:04:15,754 - INFO - [AUDIT] - Action: 0, Confidence: 1.0000, Safety Mode: SAFE_HOLD, Override: Safe hold mode active
2025-05-28 04:04:15,754 - INFO - [AUDIT] - Action: 0, Confidence: 1.0000, Safety Mode: SAFE_HOLD, Override: Safe hold mode active
2025-05-28 04:04:15,754 - INFO - [AUDIT] - Action: 0, Confidence: 1.0000, Safety Mode: SAFE_HOLD, Override: Safe hold mode active
2025-05-28 04:04:15,754 - INFO - [AUDIT] - Action: 0, Confidence: 1.0000, Safety Mode: SAFE_HOLD, Override: Safe hold mode active
2025-05-28 04:04:15,755 - INFO - [AUDIT] - Action: 0, Confidence: 1.0000, Safety Mode: SAFE_HOLD, Override: Safe hold mode active
2025-05-28 04:04:15,755 - INFO - [AUDIT] - Action: 0, Confidence: 1.0000, Safety Mode: SAFE_HOLD, Override: Safe hold mode active
2025-05-28 04:04:15,755 - INFO - [AUDIT] - Action: 0, Confidence: 1.0000, Safety Mode: SAFE_HOLD, Override: Safe hold mode active
2025-05-28 04:04:15,755 - INFO - [AUDIT] - Action: 0, Confidence: 1.0000, Safety Mode: SAFE_HOLD, Override: Safe hold mode active
2025-05-28 04:04:15,755 - INFO - [AUDIT] - Action: 0, Confidence: 1.0000, Safety Mode: SAFE_HOLD, Override: Safe hold mode active
2025-05-28 04:04:15,756 - INFO - [AUDIT] - Action: 0, Confidence: 1.0000, Safety Mode: SAFE_HOLD, Override: Safe hold mode active
2025-05-28 04:04:15,756 - INFO - [AUDIT] - Action: 0, Confidence: 1.0000, Safety Mode: SAFE_HOLD, Override: Safe hold mode active
2025-05-28 04:04:15,756 - INFO - [AUDIT] - Action: 0, Confidence: 1.0000, Safety Mode: SAFE_HOLD, Override: Safe hold mode active
2025-05-28 04:04:15,756 - INFO - [AUDIT] - Action: 0, Confidence: 1.0000, Safety Mode: SAFE_HOLD, Override: Safe hold mode active
2025-05-28 04:04:15,756 - INFO - [AUDIT] - Action: 0, Confidence: 1.0000, Safety Mode: SAFE_HOLD, Override: Safe hold mode active
2025-05-28 04:04:15,757 - INFO - [AUDIT] - Action: 0, Confidence: 1.0000, Safety Mode: SAFE_HOLD, Override: Safe hold mode active
2025-05-28 04:04:15,757 - INFO - [AUDIT] - Action: 0, Confidence: 1.0000, Safety Mode: SAFE_HOLD, Override: Safe hold mode active
2025-05-28 04:04:15,757 - INFO - [AUDIT] - Action: 0, Confidence: 1.0000, Safety Mode: SAFE_HOLD, Override: Safe hold mode active
2025-05-28 04:04:15,757 - INFO - [AUDIT] - Action: 0, Confidence: 1.0000, Safety Mode: SAFE_HOLD, Override: Safe hold mode active
2025-05-28 04:04:15,757 - INFO - [AUDIT] - Action: 0, Confidence: 1.0000, Safety Mode: SAFE_HOLD, Override: Safe hold mode active
2025-05-28 04:04:15,758 - INFO - [AUDIT] - Action: 0, Confidence: 1.0000, Safety Mode: SAFE_HOLD, Override: Safe hold mode active
2025-05-28 04:04:15,758 - INFO - [AUDIT] - Action: 0, Confidence: 1.0000, Safety Mode: SAFE_HOLD, Override: Safe hold mode active
2025-05-28 04:04:15,758 - INFO - [AUDIT] - Action: 0, Confidence: 1.0000, Safety Mode: SAFE_HOLD, Override: Safe hold mode active
2025-05-28 04:04:15,758 - INFO - [AUDIT] - Action: 0, Confidence: 1.0000, Safety Mode: SAFE_HOLD, Override: Safe hold mode active
2025-05-28 04:04:15,758 - INFO - [AUDIT] - Action: 0, Confidence: 1.0000, Safety Mode: SAFE_HOLD, Override: Safe hold mode active
2025-05-28 04:04:15,758 - INFO - [AUDIT] - Action: 0, Confidence: 1.0000, Safety Mode: SAFE_HOLD, Override: Safe hold mode active
2025-05-28 04:04:15,759 - INFO - [AUDIT] - Action: 0, Confidence: 1.0000, Safety Mode: SAFE_HOLD, Override: Safe hold mode active
2025-05-28 04:04:15,759 - INFO - [AUDIT] - Action: 0, Confidence: 1.0000, Safety Mode: SAFE_HOLD, Override: Safe hold mode active
2025-05-28 04:04:15,759 - INFO - [AUDIT] - Action: 0, Confidence: 1.0000, Safety Mode: SAFE_HOLD, Override: Safe hold mode active
2025-05-28 04:04:15,759 - INFO - [AUDIT] - Action: 0, Confidence: 1.0000, Safety Mode: SAFE_HOLD, Override: Safe hold mode active
2025-05-28 04:04:15,759 - INFO - [AUDIT] - Action: 0, Confidence: 1.0000, Safety Mode: SAFE_HOLD, Override: Safe hold mode active
2025-05-28 04:04:15,760 - INFO - [AUDIT] - Action: 0, Confidence: 1.0000, Safety Mode: SAFE_HOLD, Override: Safe hold mode active
2025-05-28 04:04:15,760 - INFO - [AUDIT] - Action: 0, Confidence: 1.0000, Safety Mode: SAFE_HOLD, Override: Safe hold mode active
2025-05-28 04:04:15,760 - INFO - [AUDIT] - Action: 0, Confidence: 1.0000, Safety Mode: SAFE_HOLD, Override: Safe hold mode active
2025-05-28 04:04:15,760 - INFO - [AUDIT] - Action: 0, Confidence: 1.0000, Safety Mode: SAFE_HOLD, Override: Safe hold mode active
2025-05-28 04:04:15,760 - INFO - [AUDIT] - Action: 0, Confidence: 1.0000, Safety Mode: SAFE_HOLD, Override: Safe hold mode active
2025-05-28 04:04:15,761 - INFO - [AUDIT] - Action: 0, Confidence: 1.0000, Safety Mode: SAFE_HOLD, Override: Safe hold mode active
2025-05-28 04:04:15,761 - INFO - [AUDIT] - Action: 0, Confidence: 1.0000, Safety Mode: SAFE_HOLD, Override: Safe hold mode active
2025-05-28 04:04:15,761 - INFO - [AUDIT] - Action: 0, Confidence: 1.0000, Safety Mode: SAFE_HOLD, Override: Safe hold mode active
2025-05-28 04:04:15,761 - INFO - [AUDIT] - Action: 0, Confidence: 1.0000, Safety Mode: SAFE_HOLD, Override: Safe hold mode active
2025-05-28 04:04:15,761 - INFO - [AUDIT] - Action: 0, Confidence: 1.0000, Safety Mode: SAFE_HOLD, Override: Safe hold mode active
2025-05-28 04:04:15,762 - INFO - [AUDIT] - Action: 0, Confidence: 1.0000, Safety Mode: SAFE_HOLD, Override: Safe hold mode active
2025-05-28 04:04:15,762 - INFO - [AUDIT] - Action: 0, Confidence: 1.0000, Safety Mode: SAFE_HOLD, Override: Safe hold mode active
2025-05-28 04:04:15,762 - INFO - [AUDIT] - Action: 0, Confidence: 1.0000, Safety Mode: SAFE_HOLD, Override: Safe hold mode active
2025-05-28 04:04:15,762 - INFO - [AUDIT] - Action: 0, Confidence: 1.0000, Safety Mode: SAFE_HOLD, Override: Safe hold mode active
2025-05-28 04:04:15,762 - INFO - [AUDIT] - Action: 0, Confidence: 1.0000, Safety Mode: SAFE_HOLD, Override: Safe hold mode active
2025-05-28 04:04:15,763 - INFO - [AUDIT] - Action: 0, Confidence: 1.0000, Safety Mode: SAFE_HOLD, Override: Safe hold mode active
2025-05-28 04:04:15,763 - INFO - [AUDIT] - Action: 0, Confidence: 1.0000, Safety Mode: SAFE_HOLD, Override: Safe hold mode active
2025-05-28 04:04:15,763 - INFO - [AUDIT] - Action: 0, Confidence: 1.0000, Safety Mode: SAFE_HOLD, Override: Safe hold mode active
2025-05-28 04:04:15,763 - INFO - [AUDIT] - Action: 0, Confidence: 1.0000, Safety Mode: SAFE_HOLD, Override: Safe hold mode active
2025-05-28 04:04:15,763 - INFO - [AUDIT] - Action: 0, Confidence: 1.0000, Safety Mode: SAFE_HOLD, Override: Safe hold mode active
2025-05-28 04:04:15,764 - INFO - [AUDIT] - Action: 0, Confidence: 1.0000, Safety Mode: SAFE_HOLD, Override: Safe hold mode active
2025-05-28 04:04:15,764 - INFO - [AUDIT] - Action: 0, Confidence: 1.0000, Safety Mode: SAFE_HOLD, Override: Safe hold mode active
2025-05-28 04:04:15,764 - INFO - [AUDIT] - Action: 0, Confidence: 1.0000, Safety Mode: SAFE_HOLD, Override: Safe hold mode active
2025-05-28 04:04:15,764 - INFO - [AUDIT] - Action: 0, Confidence: 1.0000, Safety Mode: SAFE_HOLD, Override: Safe hold mode active
2025-05-28 04:04:15,764 - INFO - [AUDIT] - Action: 0, Confidence: 1.0000, Safety Mode: SAFE_HOLD, Override: Safe hold mode active
2025-05-28 04:04:15,765 - INFO - [AUDIT] - Action: 0, Confidence: 1.0000, Safety Mode: SAFE_HOLD, Override: Safe hold mode active
2025-05-28 04:04:15,765 - INFO - [AUDIT] - Action: 0, Confidence: 1.0000, Safety Mode: SAFE_HOLD, Override: Safe hold mode active
2025-05-28 04:04:15,765 - INFO - [AUDIT] - Action: 0, Confidence: 1.0000, Safety Mode: SAFE_HOLD, Override: Safe hold mode active
2025-05-28 04:04:15,765 - INFO - [AUDIT] - Action: 0, Confidence: 1.0000, Safety Mode: SAFE_HOLD, Override: Safe hold mode active
2025-05-28 04:04:15,765 - INFO - [AUDIT] - Action: 0, Confidence: 1.0000, Safety Mode: SAFE_HOLD, Override: Safe hold mode active
2025-05-28 04:04:15,766 - INFO - [AUDIT] - Action: 0, Confidence: 1.0000, Safety Mode: SAFE_HOLD, Override: Safe hold mode active
2025-05-28 04:04:15,766 - INFO - [AUDIT] - Action: 0, Confidence: 1.0000, Safety Mode: SAFE_HOLD, Override: Safe hold mode active
2025-05-28 04:04:15,766 - INFO - [AUDIT] - Action: 0, Confidence: 1.0000, Safety Mode: SAFE_HOLD, Override: Safe hold mode active
2025-05-28 04:04:15,766 - INFO - [AUDIT] - Action: 0, Confidence: 1.0000, Safety Mode: SAFE_HOLD, Override: Safe hold mode active
2025-05-28 04:04:15,766 - INFO - [AUDIT] - Action: 0, Confidence: 1.0000, Safety Mode: SAFE_HOLD, Override: Safe hold mode active
2025-05-28 04:04:15,767 - INFO - [AUDIT] - Action: 0, Confidence: 1.0000, Safety Mode: SAFE_HOLD, Override: Safe hold mode active
2025-05-28 04:04:15,767 - INFO - [AUDIT] - Action: 0, Confidence: 1.0000, Safety Mode: SAFE_HOLD, Override: Safe hold mode active
2025-05-28 04:04:15,767 - INFO - [AUDIT] - Action: 0, Confidence: 1.0000, Safety Mode: SAFE_HOLD, Override: Safe hold mode active
2025-05-28 04:04:15,767 - INFO - [AUDIT] - Action: 0, Confidence: 1.0000, Safety Mode: SAFE_HOLD, Override: Safe hold mode active
2025-05-28 04:04:15,767 - INFO - [AUDIT] - Action: 0, Confidence: 1.0000, Safety Mode: SAFE_HOLD, Override: Safe hold mode active
2025-05-28 04:04:15,768 - INFO - [AUDIT] - Action: 0, Confidence: 1.0000, Safety Mode: SAFE_HOLD, Override: Safe hold mode active
2025-05-28 04:04:15,768 - INFO - [AUDIT] - Action: 0, Confidence: 1.0000, Safety Mode: SAFE_HOLD, Override: Safe hold mode active
2025-05-28 04:04:15,768 - INFO - [AUDIT] - Action: 0, Confidence: 1.0000, Safety Mode: SAFE_HOLD, Override: Safe hold mode active
2025-05-28 04:04:15,768 - INFO - [AUDIT] - Action: 0, Confidence: 1.0000, Safety Mode: SAFE_HOLD, Override: Safe hold mode active
2025-05-28 04:04:15,769 - INFO - [AUDIT] - Action: 0, Confidence: 1.0000, Safety Mode: SAFE_HOLD, Override: Safe hold mode active
2025-05-28 04:04:15,769 - INFO - [AUDIT] - Action: 0, Confidence: 1.0000, Safety Mode: SAFE_HOLD, Override: Safe hold mode active
2025-05-28 04:04:15,769 - INFO - [AUDIT] - Action: 0, Confidence: 1.0000, Safety Mode: SAFE_HOLD, Override: Safe hold mode active
2025-05-28 04:04:15,769 - INFO - [AUDIT] - Action: 0, Confidence: 1.0000, Safety Mode: SAFE_HOLD, Override: Safe hold mode active
2025-05-28 04:04:15,769 - INFO - [AUDIT] - Action: 0, Confidence: 1.0000, Safety Mode: SAFE_HOLD, Override: Safe hold mode active
2025-05-28 04:04:15,770 - INFO - [AUDIT] - Action: 0, Confidence: 1.0000, Safety Mode: SAFE_HOLD, Override: Safe hold mode active
2025-05-28 04:04:15,770 - INFO - [AUDIT] - Action: 0, Confidence: 1.0000, Safety Mode: SAFE_HOLD, Override: Safe hold mode active
2025-05-28 04:04:15,770 - INFO - [AUDIT] - Action: 0, Confidence: 1.0000, Safety Mode: SAFE_HOLD, Override: Safe hold mode active
2025-05-28 04:04:15,770 - INFO - [AUDIT] - Action: 0, Confidence: 1.0000, Safety Mode: SAFE_HOLD, Override: Safe hold mode active
2025-05-28 04:04:15,770 - INFO - [AUDIT] - Action: 0, Confidence: 1.0000, Safety Mode: SAFE_HOLD, Override: Safe hold mode active
2025-05-28 04:04:15,771 - INFO - [AUDIT] - Action: 0, Confidence: 1.0000, Safety Mode: SAFE_HOLD, Override: Safe hold mode active
2025-05-28 04:04:15,771 - INFO - [AUDIT] - Action: 0, Confidence: 1.0000, Safety Mode: SAFE_HOLD, Override: Safe hold mode active
2025-05-28 04:04:15,771 - INFO - [AUDIT] - Action: 0, Confidence: 1.0000, Safety Mode: SAFE_HOLD, Override: Safe hold mode active
2025-05-28 04:04:15,771 - INFO - [AUDIT] - Action: 0, Confidence: 1.0000, Safety Mode: SAFE_HOLD, Override: Safe hold mode active
2025-05-28 04:04:15,771 - INFO - [AUDIT] - Action: 0, Confidence: 1.0000, Safety Mode: SAFE_HOLD, Override: Safe hold mode active
2025-05-28 04:04:15,772 - INFO - [AUDIT] - Action: 0, Confidence: 1.0000, Safety Mode: SAFE_HOLD, Override: Safe hold mode active
2025-05-28 04:04:15,772 - INFO - [AUDIT] - Action: 0, Confidence: 1.0000, Safety Mode: SAFE_HOLD, Override: Safe hold mode active
2025-05-28 04:04:15,772 - INFO - [AUDIT] - Action: 0, Confidence: 1.0000, Safety Mode: SAFE_HOLD, Override: Safe hold mode active
2025-05-28 04:04:15,772 - INFO - [AUDIT] - Action: 0, Confidence: 1.0000, Safety Mode: SAFE_HOLD, Override: Safe hold mode active
2025-05-28 04:04:15,772 - INFO - [AUDIT] - Action: 0, Confidence: 1.0000, Safety Mode: SAFE_HOLD, Override: Safe hold mode active
2025-05-28 04:04:15,773 - INFO - [AUDIT] - Action: 0, Confidence: 1.0000, Safety Mode: SAFE_HOLD, Override: Safe hold mode active
2025-05-28 04:04:15,773 - INFO - [AUDIT] - Action: 0, Confidence: 1.0000, Safety Mode: SAFE_HOLD, Override: Safe hold mode active
2025-05-28 04:04:15,773 - INFO - [AUDIT] - Action: 0, Confidence: 1.0000, Safety Mode: SAFE_HOLD, Override: Safe hold mode active
2025-05-28 04:04:15,773 - INFO - [AUDIT] - Action: 0, Confidence: 1.0000, Safety Mode: SAFE_HOLD, Override: Safe hold mode active
2025-05-28 04:04:15,773 - INFO - [AUDIT] - Action: 0, Confidence: 1.0000, Safety Mode: SAFE_HOLD, Override: Safe hold mode active
2025-05-28 04:04:15,773 - INFO - [AUDIT] - Action: 0, Confidence: 1.0000, Safety Mode: SAFE_HOLD, Override: Safe hold mode active
2025-05-28 04:04:15,774 - INFO - [AUDIT] - Action: 0, Confidence: 1.0000, Safety Mode: SAFE_HOLD, Override: Safe hold mode active
2025-05-28 04:04:15,774 - INFO - [AUDIT] - Action: 0, Confidence: 1.0000, Safety Mode: SAFE_HOLD, Override: Safe hold mode active
2025-05-28 04:04:15,774 - INFO - [AUDIT] - Action: 0, Confidence: 1.0000, Safety Mode: SAFE_HOLD, Override: Safe hold mode active
2025-05-28 04:04:15,774 - INFO - [AUDIT] - Action: 0, Confidence: 1.0000, Safety Mode: SAFE_HOLD, Override: Safe hold mode active
2025-05-28 04:04:15,774 - INFO - [AUDIT] - Action: 0, Confidence: 1.0000, Safety Mode: SAFE_HOLD, Override: Safe hold mode active
2025-05-28 04:04:15,775 - INFO - [AUDIT] - Action: 0, Confidence: 1.0000, Safety Mode: SAFE_HOLD, Override: Safe hold mode active
2025-05-28 04:04:15,775 - INFO - [AUDIT] - Action: 0, Confidence: 1.0000, Safety Mode: SAFE_HOLD, Override: Safe hold mode active
2025-05-28 04:04:15,775 - INFO - [AUDIT] - Action: 0, Confidence: 1.0000, Safety Mode: SAFE_HOLD, Override: Safe hold mode active
2025-05-28 04:04:15,775 - INFO - [AUDIT] - Action: 0, Confidence: 1.0000, Safety Mode: SAFE_HOLD, Override: Safe hold mode active
2025-05-28 04:04:15,775 - INFO - [AUDIT] - Action: 0, Confidence: 1.0000, Safety Mode: SAFE_HOLD, Override: Safe hold mode active
2025-05-28 04:04:15,776 - INFO - [AUDIT] - Action: 0, Confidence: 1.0000, Safety Mode: SAFE_HOLD, Override: Safe hold mode active
2025-05-28 04:04:15,776 - INFO - [AUDIT] - Action: 0, Confidence: 1.0000, Safety Mode: SAFE_HOLD, Override: Safe hold mode active
2025-05-28 04:04:15,776 - INFO - [AUDIT] - Action: 0, Confidence: 1.0000, Safety Mode: SAFE_HOLD, Override: Safe hold mode active
2025-05-28 04:04:15,776 - INFO - [AUDIT] - Action: 0, Confidence: 1.0000, Safety Mode: SAFE_HOLD, Override: Safe hold mode active
2025-05-28 04:04:15,776 - INFO - [AUDIT] - Action: 0, Confidence: 1.0000, Safety Mode: SAFE_HOLD, Override: Safe hold mode active
2025-05-28 04:04:15,777 - INFO - [AUDIT] - Action: 0, Confidence: 1.0000, Safety Mode: SAFE_HOLD, Override: Safe hold mode active
2025-05-28 04:04:15,777 - INFO - [AUDIT] - Action: 0, Confidence: 1.0000, Safety Mode: SAFE_HOLD, Override: Safe hold mode active
2025-05-28 04:04:15,777 - INFO - [AUDIT] - Action: 0, Confidence: 1.0000, Safety Mode: SAFE_HOLD, Override: Safe hold mode active
2025-05-28 04:04:15,777 - INFO - [AUDIT] - Action: 0, Confidence: 1.0000, Safety Mode: SAFE_HOLD, Override: Safe hold mode active
2025-05-28 04:04:15,777 - INFO - [AUDIT] - Action: 0, Confidence: 1.0000, Safety Mode: SAFE_HOLD, Override: Safe hold mode active
2025-05-28 04:04:15,778 - INFO - [AUDIT] - Action: 0, Confidence: 1.0000, Safety Mode: SAFE_HOLD, Override: Safe hold mode active
2025-05-28 04:04:15,778 - INFO - [AUDIT] - Action: 0, Confidence: 1.0000, Safety Mode: SAFE_HOLD, Override: Safe hold mode active
2025-05-28 04:04:15,778 - INFO - [AUDIT] - Action: 0, Confidence: 1.0000, Safety Mode: SAFE_HOLD, Override: Safe hold mode active
2025-05-28 04:04:15,778 - INFO - [AUDIT] - Action: 0, Confidence: 1.0000, Safety Mode: SAFE_HOLD, Override: Safe hold mode active
2025-05-28 04:04:15,778 - INFO - [AUDIT] - Action: 0, Confidence: 1.0000, Safety Mode: SAFE_HOLD, Override: Safe hold mode active
2025-05-28 04:04:15,779 - INFO - [AUDIT] - Action: 0, Confidence: 1.0000, Safety Mode: SAFE_HOLD, Override: Safe hold mode active
2025-05-28 04:04:15,779 - INFO - [AUDIT] - Action: 0, Confidence: 1.0000, Safety Mode: SAFE_HOLD, Override: Safe hold mode active
2025-05-28 04:04:15,779 - INFO - [AUDIT] - Action: 0, Confidence: 1.0000, Safety Mode: SAFE_HOLD, Override: Safe hold mode active
2025-05-28 04:04:15,779 - INFO - [AUDIT] - Action: 0, Confidence: 1.0000, Safety Mode: SAFE_HOLD, Override: Safe hold mode active
2025-05-28 04:04:15,779 - INFO - [AUDIT] - Action: 0, Confidence: 1.0000, Safety Mode: SAFE_HOLD, Override: Safe hold mode active
2025-05-28 04:04:15,779 - INFO - [AUDIT] - Action: 0, Confidence: 1.0000, Safety Mode: SAFE_HOLD, Override: Safe hold mode active
2025-05-28 04:04:15,780 - INFO - [AUDIT] - Action: 0, Confidence: 1.0000, Safety Mode: SAFE_HOLD, Override: Safe hold mode active
2025-05-28 04:04:15,780 - INFO - [AUDIT] - Action: 0, Confidence: 1.0000, Safety Mode: SAFE_HOLD, Override: Safe hold mode active
2025-05-28 04:04:15,780 - INFO - [AUDIT] - Action: 0, Confidence: 1.0000, Safety Mode: SAFE_HOLD, Override: Safe hold mode active
2025-05-28 04:04:15,780 - INFO - [AUDIT] - Action: 0, Confidence: 1.0000, Safety Mode: SAFE_HOLD, Override: Safe hold mode active
2025-05-28 04:04:15,780 - INFO - [AUDIT] - Action: 0, Confidence: 1.0000, Safety Mode: SAFE_HOLD, Override: Safe hold mode active
2025-05-28 04:04:15,781 - INFO - [AUDIT] - Action: 0, Confidence: 1.0000, Safety Mode: SAFE_HOLD, Override: Safe hold mode active
2025-05-28 04:04:15,781 - INFO - [AUDIT] - Action: 0, Confidence: 1.0000, Safety Mode: SAFE_HOLD, Override: Safe hold mode active
2025-05-28 04:04:15,781 - INFO - [AUDIT] - Action: 0, Confidence: 1.0000, Safety Mode: SAFE_HOLD, Override: Safe hold mode active
2025-05-28 04:04:15,781 - INFO - [AUDIT] - Action: 0, Confidence: 1.0000, Safety Mode: SAFE_HOLD, Override: Safe hold mode active
2025-05-28 04:04:15,781 - INFO - [AUDIT] - Action: 0, Confidence: 1.0000, Safety Mode: SAFE_HOLD, Override: Safe hold mode active
2025-05-28 04:04:15,782 - INFO - [AUDIT] - Action: 0, Confidence: 1.0000, Safety Mode: SAFE_HOLD, Override: Safe hold mode active
2025-05-28 04:04:15,782 - INFO - [AUDIT] - Action: 0, Confidence: 1.0000, Safety Mode: SAFE_HOLD, Override: Safe hold mode active
2025-05-28 04:04:15,782 - INFO - [AUDIT] - Action: 0, Confidence: 1.0000, Safety Mode: SAFE_HOLD, Override: Safe hold mode active
2025-05-28 04:04:15,782 - INFO - [AUDIT] - Action: 0, Confidence: 1.0000, Safety Mode: SAFE_HOLD, Override: Safe hold mode active
2025-05-28 04:04:15,782 - INFO - [AUDIT] - Action: 0, Confidence: 1.0000, Safety Mode: SAFE_HOLD, Override: Safe hold mode active
2025-05-28 04:04:15,783 - INFO - [AUDIT] - Action: 0, Confidence: 1.0000, Safety Mode: SAFE_HOLD, Override: Safe hold mode active
2025-05-28 04:04:15,783 - INFO - [AUDIT] - Action: 0, Confidence: 1.0000, Safety Mode: SAFE_HOLD, Override: Safe hold mode active
2025-05-28 04:04:15,783 - INFO - [AUDIT] - Action: 0, Confidence: 1.0000, Safety Mode: SAFE_HOLD, Override: Safe hold mode active
2025-05-28 04:04:15,783 - INFO - [AUDIT] - Action: 0, Confidence: 1.0000, Safety Mode: SAFE_HOLD, Override: Safe hold mode active
2025-05-28 04:04:15,783 - INFO - [AUDIT] - Action: 0, Confidence: 1.0000, Safety Mode: SAFE_HOLD, Override: Safe hold mode active
2025-05-28 04:04:15,783 - INFO - [AUDIT] - Action: 0, Confidence: 1.0000, Safety Mode: SAFE_HOLD, Override: Safe hold mode active
2025-05-28 04:04:15,784 - INFO - [AUDIT] - Action: 0, Confidence: 1.0000, Safety Mode: SAFE_HOLD, Override: Safe hold mode active
2025-05-28 04:04:15,784 - INFO - [AUDIT] - Action: 0, Confidence: 1.0000, Safety Mode: SAFE_HOLD, Override: Safe hold mode active
2025-05-28 04:04:15,784 - INFO - [AUDIT] - Action: 0, Confidence: 1.0000, Safety Mode: SAFE_HOLD, Override: Safe hold mode active
2025-05-28 04:04:15,784 - INFO - [AUDIT] - Action: 0, Confidence: 1.0000, Safety Mode: SAFE_HOLD, Override: Safe hold mode active
2025-05-28 04:04:15,784 - INFO - [AUDIT] - Action: 0, Confidence: 1.0000, Safety Mode: SAFE_HOLD, Override: Safe hold mode active
2025-05-28 04:04:15,785 - INFO - [AUDIT] - Action: 0, Confidence: 1.0000, Safety Mode: SAFE_HOLD, Override: Safe hold mode active
2025-05-28 04:04:15,785 - INFO - [AUDIT] - Action: 0, Confidence: 1.0000, Safety Mode: SAFE_HOLD, Override: Safe hold mode active
2025-05-28 04:04:15,785 - INFO - [AUDIT] - Action: 0, Confidence: 1.0000, Safety Mode: SAFE_HOLD, Override: Safe hold mode active
2025-05-28 04:04:15,785 - INFO - [AUDIT] - Action: 0, Confidence: 1.0000, Safety Mode: SAFE_HOLD, Override: Safe hold mode active
2025-05-28 04:04:15,785 - INFO - [AUDIT] - Action: 0, Confidence: 1.0000, Safety Mode: SAFE_HOLD, Override: Safe hold mode active
2025-05-28 04:04:15,786 - INFO - [AUDIT] - Action: 0, Confidence: 1.0000, Safety Mode: SAFE_HOLD, Override: Safe hold mode active
2025-05-28 04:04:15,786 - INFO - [AUDIT] - Action: 0, Confidence: 1.0000, Safety Mode: SAFE_HOLD, Override: Safe hold mode active
2025-05-28 04:04:15,786 - INFO - [AUDIT] - Action: 0, Confidence: 1.0000, Safety Mode: SAFE_HOLD, Override: Safe hold mode active
2025-05-28 04:04:15,786 - INFO - [AUDIT] - Action: 0, Confidence: 1.0000, Safety Mode: SAFE_HOLD, Override: Safe hold mode active
2025-05-28 04:04:15,787 - INFO - [AUDIT] - Action: 0, Confidence: 1.0000, Safety Mode: SAFE_HOLD, Override: Safe hold mode active
2025-05-28 04:04:15,787 - INFO - [AUDIT] - Action: 0, Confidence: 1.0000, Safety Mode: SAFE_HOLD, Override: Safe hold mode active
2025-05-28 04:04:15,787 - INFO - [AUDIT] - Action: 0, Confidence: 1.0000, Safety Mode: SAFE_HOLD, Override: Safe hold mode active
2025-05-28 04:04:15,787 - INFO - [AUDIT] - Action: 0, Confidence: 1.0000, Safety Mode: SAFE_HOLD, Override: Safe hold mode active
2025-05-28 04:04:15,787 - INFO - [AUDIT] - Action: 0, Confidence: 1.0000, Safety Mode: SAFE_HOLD, Override: Safe hold mode active
2025-05-28 04:04:15,788 - INFO - [AUDIT] - Action: 0, Confidence: 1.0000, Safety Mode: SAFE_HOLD, Override: Safe hold mode active
2025-05-28 04:04:15,788 - INFO - [AUDIT] - Action: 0, Confidence: 1.0000, Safety Mode: SAFE_HOLD, Override: Safe hold mode active
2025-05-28 04:04:15,788 - INFO - [AUDIT] - Action: 0, Confidence: 1.0000, Safety Mode: SAFE_HOLD, Override: Safe hold mode active
2025-05-28 04:04:15,788 - INFO - [AUDIT] - Action: 0, Confidence: 1.0000, Safety Mode: SAFE_HOLD, Override: Safe hold mode active
2025-05-28 04:04:15,788 - INFO - [AUDIT] - Action: 0, Confidence: 1.0000, Safety Mode: SAFE_HOLD, Override: Safe hold mode active
2025-05-28 04:04:15,788 - INFO - [AUDIT] - Action: 0, Confidence: 1.0000, Safety Mode: SAFE_HOLD, Override: Safe hold mode active
2025-05-28 04:04:15,789 - INFO - [AUDIT] - Action: 0, Confidence: 1.0000, Safety Mode: SAFE_HOLD, Override: Safe hold mode active
2025-05-28 04:04:15,789 - INFO - [AUDIT] - Action: 0, Confidence: 1.0000, Safety Mode: SAFE_HOLD, Override: Safe hold mode active
2025-05-28 04:04:15,789 - INFO - [AUDIT] - Action: 0, Confidence: 1.0000, Safety Mode: SAFE_HOLD, Override: Safe hold mode active
2025-05-28 04:04:15,789 - INFO - [AUDIT] - Action: 0, Confidence: 1.0000, Safety Mode: SAFE_HOLD, Override: Safe hold mode active
2025-05-28 04:04:15,789 - INFO - [AUDIT] - Action: 0, Confidence: 1.0000, Safety Mode: SAFE_HOLD, Override: Safe hold mode active
2025-05-28 04:04:15,790 - INFO - [AUDIT] - Action: 0, Confidence: 1.0000, Safety Mode: SAFE_HOLD, Override: Safe hold mode active
2025-05-28 04:04:15,790 - INFO - [AUDIT] - Action: 0, Confidence: 1.0000, Safety Mode: SAFE_HOLD, Override: Safe hold mode active
2025-05-28 04:04:15,790 - INFO - [AUDIT] - Action: 0, Confidence: 1.0000, Safety Mode: SAFE_HOLD, Override: Safe hold mode active
2025-05-28 04:04:15,790 - INFO - [AUDIT] - Action: 0, Confidence: 1.0000, Safety Mode: SAFE_HOLD, Override: Safe hold mode active
2025-05-28 04:04:15,791 - INFO - [AUDIT] - Action: 0, Confidence: 1.0000, Safety Mode: SAFE_HOLD, Override: Safe hold mode active
2025-05-28 04:04:15,791 - INFO - [AUDIT] - Action: 0, Confidence: 1.0000, Safety Mode: SAFE_HOLD, Override: Safe hold mode active
2025-05-28 04:04:15,791 - INFO - [AUDIT] - Action: 0, Confidence: 1.0000, Safety Mode: SAFE_HOLD, Override: Safe hold mode active
2025-05-28 04:04:15,791 - INFO - [AUDIT] - Action: 0, Confidence: 1.0000, Safety Mode: SAFE_HOLD, Override: Safe hold mode active
2025-05-28 04:04:15,791 - INFO - [AUDIT] - Action: 0, Confidence: 1.0000, Safety Mode: SAFE_HOLD, Override: Safe hold mode active
2025-05-28 04:04:15,792 - INFO - [AUDIT] - Action: 0, Confidence: 1.0000, Safety Mode: SAFE_HOLD, Override: Safe hold mode active
2025-05-28 04:04:15,792 - INFO - [AUDIT] - Action: 0, Confidence: 1.0000, Safety Mode: SAFE_HOLD, Override: Safe hold mode active
2025-05-28 04:04:15,792 - INFO - [AUDIT] - Action: 0, Confidence: 1.0000, Safety Mode: SAFE_HOLD, Override: Safe hold mode active
2025-05-28 04:04:15,792 - INFO - [AUDIT] - Action: 0, Confidence: 1.0000, Safety Mode: SAFE_HOLD, Override: Safe hold mode active
2025-05-28 04:04:15,792 - INFO - [AUDIT] - Action: 0, Confidence: 1.0000, Safety Mode: SAFE_HOLD, Override: Safe hold mode active
2025-05-28 04:04:15,793 - INFO - [AUDIT] - Action: 0, Confidence: 1.0000, Safety Mode: SAFE_HOLD, Override: Safe hold mode active
2025-05-28 04:04:15,793 - INFO - [AUDIT] - Action: 0, Confidence: 1.0000, Safety Mode: SAFE_HOLD, Override: Safe hold mode active
2025-05-28 04:04:15,793 - INFO - [AUDIT] - Action: 0, Confidence: 1.0000, Safety Mode: SAFE_HOLD, Override: Safe hold mode active
2025-05-28 04:04:15,793 - INFO - [AUDIT] - Action: 0, Confidence: 1.0000, Safety Mode: SAFE_HOLD, Override: Safe hold mode active
2025-05-28 04:04:15,793 - INFO - [AUDIT] - Action: 0, Confidence: 1.0000, Safety Mode: SAFE_HOLD, Override: Safe hold mode active
2025-05-28 04:04:15,793 - INFO - [AUDIT] - Action: 0, Confidence: 1.0000, Safety Mode: SAFE_HOLD, Override: Safe hold mode active
2025-05-28 04:04:15,794 - INFO - [AUDIT] - Action: 0, Confidence: 1.0000, Safety Mode: SAFE_HOLD, Override: Safe hold mode active
2025-05-28 04:04:15,794 - INFO - [AUDIT] - Action: 0, Confidence: 1.0000, Safety Mode: SAFE_HOLD, Override: Safe hold mode active
2025-05-28 04:04:15,794 - INFO - [AUDIT] - Action: 0, Confidence: 1.0000, Safety Mode: SAFE_HOLD, Override: Safe hold mode active
2025-05-28 04:04:15,794 - INFO - [AUDIT] - Action: 0, Confidence: 1.0000, Safety Mode: SAFE_HOLD, Override: Safe hold mode active
2025-05-28 04:04:15,794 - INFO - [AUDIT] - Action: 0, Confidence: 1.0000, Safety Mode: SAFE_HOLD, Override: Safe hold mode active
2025-05-28 04:04:15,795 - INFO - [AUDIT] - Action: 0, Confidence: 1.0000, Safety Mode: SAFE_HOLD, Override: Safe hold mode active
2025-05-28 04:04:15,795 - INFO - [AUDIT] - Action: 0, Confidence: 1.0000, Safety Mode: SAFE_HOLD, Override: Safe hold mode active
2025-05-28 04:04:15,795 - INFO - [AUDIT] - Action: 0, Confidence: 1.0000, Safety Mode: SAFE_HOLD, Override: Safe hold mode active
2025-05-28 04:04:15,795 - INFO - [AUDIT] - Action: 0, Confidence: 1.0000, Safety Mode: SAFE_HOLD, Override: Safe hold mode active
2025-05-28 04:04:15,795 - INFO - [AUDIT] - Action: 0, Confidence: 1.0000, Safety Mode: SAFE_HOLD, Override: Safe hold mode active
2025-05-28 04:04:15,796 - INFO - [AUDIT] - Action: 0, Confidence: 1.0000, Safety Mode: SAFE_HOLD, Override: Safe hold mode active
2025-05-28 04:04:15,796 - INFO - [AUDIT] - Action: 0, Confidence: 1.0000, Safety Mode: SAFE_HOLD, Override: Safe hold mode active
2025-05-28 04:04:15,796 - INFO - [AUDIT] - Action: 0, Confidence: 1.0000, Safety Mode: SAFE_HOLD, Override: Safe hold mode active
2025-05-28 04:04:15,796 - INFO - [AUDIT] - Action: 0, Confidence: 1.0000, Safety Mode: SAFE_HOLD, Override: Safe hold mode active
2025-05-28 04:04:15,796 - INFO - [AUDIT] - Action: 0, Confidence: 1.0000, Safety Mode: SAFE_HOLD, Override: Safe hold mode active
2025-05-28 04:04:15,797 - INFO - [AUDIT] - Action: 0, Confidence: 1.0000, Safety Mode: SAFE_HOLD, Override: Safe hold mode active
2025-05-28 04:04:15,797 - INFO - [AUDIT] - Action: 0, Confidence: 1.0000, Safety Mode: SAFE_HOLD, Override: Safe hold mode active
2025-05-28 04:04:15,797 - INFO - [AUDIT] - Action: 0, Confidence: 1.0000, Safety Mode: SAFE_HOLD, Override: Safe hold mode active
2025-05-28 04:04:15,797 - INFO - [AUDIT] - Action: 0, Confidence: 1.0000, Safety Mode: SAFE_HOLD, Override: Safe hold mode active
2025-05-28 04:04:15,797 - INFO - [AUDIT] - Action: 0, Confidence: 1.0000, Safety Mode: SAFE_HOLD, Override: Safe hold mode active
2025-05-28 04:04:15,798 - INFO - [AUDIT] - Action: 0, Confidence: 1.0000, Safety Mode: SAFE_HOLD, Override: Safe hold mode active
2025-05-28 04:04:15,798 - INFO - [AUDIT] - Action: 0, Confidence: 1.0000, Safety Mode: SAFE_HOLD, Override: Safe hold mode active
2025-05-28 04:04:15,798 - INFO - [AUDIT] - Action: 0, Confidence: 1.0000, Safety Mode: SAFE_HOLD, Override: Safe hold mode active
2025-05-28 04:04:15,798 - INFO - [AUDIT] - Action: 0, Confidence: 1.0000, Safety Mode: SAFE_HOLD, Override: Safe hold mode active
2025-05-28 04:04:15,798 - INFO - [AUDIT] - Action: 0, Confidence: 1.0000, Safety Mode: SAFE_HOLD, Override: Safe hold mode active
2025-05-28 04:04:15,799 - INFO - [AUDIT] - Action: 0, Confidence: 1.0000, Safety Mode: SAFE_HOLD, Override: Safe hold mode active
2025-05-28 04:04:15,799 - INFO - [AUDIT] - Action: 0, Confidence: 1.0000, Safety Mode: SAFE_HOLD, Override: Safe hold mode active
2025-05-28 04:04:15,799 - INFO - [AUDIT] - Action: 0, Confidence: 1.0000, Safety Mode: SAFE_HOLD, Override: Safe hold mode active
2025-05-28 04:04:15,799 - INFO - [AUDIT] - Action: 0, Confidence: 1.0000, Safety Mode: SAFE_HOLD, Override: Safe hold mode active
2025-05-28 04:04:15,799 - INFO - [AUDIT] - Action: 0, Confidence: 1.0000, Safety Mode: SAFE_HOLD, Override: Safe hold mode active
2025-05-28 04:04:15,800 - INFO - [AUDIT] - Action: 0, Confidence: 1.0000, Safety Mode: SAFE_HOLD, Override: Safe hold mode active
2025-05-28 04:04:15,800 - INFO - [AUDIT] - Action: 0, Confidence: 1.0000, Safety Mode: SAFE_HOLD, Override: Safe hold mode active
2025-05-28 04:04:15,800 - INFO - [AUDIT] - Action: 0, Confidence: 1.0000, Safety Mode: SAFE_HOLD, Override: Safe hold mode active
2025-05-28 04:04:15,800 - INFO - [AUDIT] - Action: 0, Confidence: 1.0000, Safety Mode: SAFE_HOLD, Override: Safe hold mode active
2025-05-28 04:04:15,800 - INFO - [AUDIT] - Action: 0, Confidence: 1.0000, Safety Mode: SAFE_HOLD, Override: Safe hold mode active
2025-05-28 04:04:15,801 - INFO - [AUDIT] - Action: 0, Confidence: 1.0000, Safety Mode: SAFE_HOLD, Override: Safe hold mode active
2025-05-28 04:04:15,801 - INFO - [AUDIT] - Action: 0, Confidence: 1.0000, Safety Mode: SAFE_HOLD, Override: Safe hold mode active
2025-05-28 04:04:15,801 - INFO - [AUDIT] - Action: 0, Confidence: 1.0000, Safety Mode: SAFE_HOLD, Override: Safe hold mode active
2025-05-28 04:04:15,801 - INFO - [AUDIT] - Action: 0, Confidence: 1.0000, Safety Mode: SAFE_HOLD, Override: Safe hold mode active
2025-05-28 04:04:15,801 - INFO - [AUDIT] - Action: 0, Confidence: 1.0000, Safety Mode: SAFE_HOLD, Override: Safe hold mode active
2025-05-28 04:04:15,802 - INFO - [AUDIT] - Action: 0, Confidence: 1.0000, Safety Mode: SAFE_HOLD, Override: Safe hold mode active
2025-05-28 04:04:15,802 - INFO - [AUDIT] - Action: 0, Confidence: 1.0000, Safety Mode: SAFE_HOLD, Override: Safe hold mode active
2025-05-28 04:04:15,802 - INFO - [AUDIT] - Action: 0, Confidence: 1.0000, Safety Mode: SAFE_HOLD, Override: Safe hold mode active
2025-05-28 04:04:15,802 - INFO - [AUDIT] - Action: 0, Confidence: 1.0000, Safety Mode: SAFE_HOLD, Override: Safe hold mode active
2025-05-28 04:04:15,803 - INFO - [AUDIT] - Action: 0, Confidence: 1.0000, Safety Mode: SAFE_HOLD, Override: Safe hold mode active
2025-05-28 04:04:15,803 - INFO - [AUDIT] - Action: 0, Confidence: 1.0000, Safety Mode: SAFE_HOLD, Override: Safe hold mode active
2025-05-28 04:04:15,803 - INFO - [AUDIT] - Action: 0, Confidence: 1.0000, Safety Mode: SAFE_HOLD, Override: Safe hold mode active
2025-05-28 04:04:15,803 - INFO - [AUDIT] - Action: 0, Confidence: 1.0000, Safety Mode: SAFE_HOLD, Override: Safe hold mode active
2025-05-28 04:04:15,804 - INFO - [AUDIT] - Action: 0, Confidence: 1.0000, Safety Mode: SAFE_HOLD, Override: Safe hold mode active
2025-05-28 04:04:15,804 - INFO - [AUDIT] - Action: 0, Confidence: 1.0000, Safety Mode: SAFE_HOLD, Override: Safe hold mode active
2025-05-28 04:04:15,804 - INFO - [AUDIT] - Action: 0, Confidence: 1.0000, Safety Mode: SAFE_HOLD, Override: Safe hold mode active
2025-05-28 04:04:15,804 - INFO - [AUDIT] - Action: 0, Confidence: 1.0000, Safety Mode: SAFE_HOLD, Override: Safe hold mode active
2025-05-28 04:04:15,804 - INFO - [AUDIT] - Action: 0, Confidence: 1.0000, Safety Mode: SAFE_HOLD, Override: Safe hold mode active
2025-05-28 04:04:15,805 - INFO - [AUDIT] - Action: 0, Confidence: 1.0000, Safety Mode: SAFE_HOLD, Override: Safe hold mode active
2025-05-28 04:04:15,805 - INFO - [AUDIT] - Action: 0, Confidence: 1.0000, Safety Mode: SAFE_HOLD, Override: Safe hold mode active
2025-05-28 04:04:15,805 - INFO - [AUDIT] - Action: 0, Confidence: 1.0000, Safety Mode: SAFE_HOLD, Override: Safe hold mode active
2025-05-28 04:04:15,805 - INFO - [AUDIT] - Action: 0, Confidence: 1.0000, Safety Mode: SAFE_HOLD, Override: Safe hold mode active
2025-05-28 04:04:15,805 - INFO - [AUDIT] - Action: 0, Confidence: 1.0000, Safety Mode: SAFE_HOLD, Override: Safe hold mode active
2025-05-28 04:04:15,806 - INFO - [AUDIT] - Action: 0, Confidence: 1.0000, Safety Mode: SAFE_HOLD, Override: Safe hold mode active
2025-05-28 04:04:15,806 - INFO - [AUDIT] - Action: 0, Confidence: 1.0000, Safety Mode: SAFE_HOLD, Override: Safe hold mode active
2025-05-28 04:04:15,806 - INFO - [AUDIT] - Action: 0, Confidence: 1.0000, Safety Mode: SAFE_HOLD, Override: Safe hold mode active
2025-05-28 04:04:15,806 - INFO - [AUDIT] - Action: 0, Confidence: 1.0000, Safety Mode: SAFE_HOLD, Override: Safe hold mode active
2025-05-28 04:04:15,807 - INFO - [AUDIT] - Action: 0, Confidence: 1.0000, Safety Mode: SAFE_HOLD, Override: Safe hold mode active
2025-05-28 04:04:15,807 - INFO - [AUDIT] - Action: 0, Confidence: 1.0000, Safety Mode: SAFE_HOLD, Override: Safe hold mode active
2025-05-28 04:04:15,807 - INFO - [AUDIT] - Action: 0, Confidence: 1.0000, Safety Mode: SAFE_HOLD, Override: Safe hold mode active
2025-05-28 04:04:15,807 - INFO - [AUDIT] - Action: 0, Confidence: 1.0000, Safety Mode: SAFE_HOLD, Override: Safe hold mode active
2025-05-28 04:04:15,807 - INFO - [AUDIT] - Action: 0, Confidence: 1.0000, Safety Mode: SAFE_HOLD, Override: Safe hold mode active
2025-05-28 04:04:15,808 - INFO - [AUDIT] - Action: 0, Confidence: 1.0000, Safety Mode: SAFE_HOLD, Override: Safe hold mode active
2025-05-28 04:04:15,808 - INFO - [AUDIT] - Action: 0, Confidence: 1.0000, Safety Mode: SAFE_HOLD, Override: Safe hold mode active
2025-05-28 04:04:15,808 - INFO - [AUDIT] - Action: 0, Confidence: 1.0000, Safety Mode: SAFE_HOLD, Override: Safe hold mode active
2025-05-28 04:04:15,808 - INFO - [AUDIT] - Action: 0, Confidence: 1.0000, Safety Mode: SAFE_HOLD, Override: Safe hold mode active
2025-05-28 04:04:15,808 - INFO - [AUDIT] - Action: 0, Confidence: 1.0000, Safety Mode: SAFE_HOLD, Override: Safe hold mode active
2025-05-28 04:04:15,808 - INFO - [AUDIT] - Action: 0, Confidence: 1.0000, Safety Mode: SAFE_HOLD, Override: Safe hold mode active
2025-05-28 04:04:15,809 - INFO - [AUDIT] - Action: 0, Confidence: 1.0000, Safety Mode: SAFE_HOLD, Override: Safe hold mode active
2025-05-28 04:04:15,809 - INFO - [AUDIT] - Action: 0, Confidence: 1.0000, Safety Mode: SAFE_HOLD, Override: Safe hold mode active
2025-05-28 04:04:15,809 - INFO - [AUDIT] - Action: 0, Confidence: 1.0000, Safety Mode: SAFE_HOLD, Override: Safe hold mode active
2025-05-28 04:04:15,809 - INFO - [AUDIT] - Action: 0, Confidence: 1.0000, Safety Mode: SAFE_HOLD, Override: Safe hold mode active
2025-05-28 04:04:15,809 - INFO - [AUDIT] - Action: 0, Confidence: 1.0000, Safety Mode: SAFE_HOLD, Override: Safe hold mode active
2025-05-28 04:04:15,810 - INFO - [AUDIT] - Action: 0, Confidence: 1.0000, Safety Mode: SAFE_HOLD, Override: Safe hold mode active
2025-05-28 04:04:15,810 - INFO - [AUDIT] - Action: 0, Confidence: 1.0000, Safety Mode: SAFE_HOLD, Override: Safe hold mode active
2025-05-28 04:04:15,810 - INFO - [AUDIT] - Action: 0, Confidence: 1.0000, Safety Mode: SAFE_HOLD, Override: Safe hold mode active
2025-05-28 04:04:15,810 - INFO - [AUDIT] - Action: 0, Confidence: 1.0000, Safety Mode: SAFE_HOLD, Override: Safe hold mode active
2025-05-28 04:04:15,810 - INFO - [AUDIT] - Action: 0, Confidence: 1.0000, Safety Mode: SAFE_HOLD, Override: Safe hold mode active
2025-05-28 04:04:15,811 - INFO - [AUDIT] - Action: 0, Confidence: 1.0000, Safety Mode: SAFE_HOLD, Override: Safe hold mode active
2025-05-28 04:04:15,811 - INFO - [AUDIT] - Action: 0, Confidence: 1.0000, Safety Mode: SAFE_HOLD, Override: Safe hold mode active
2025-05-28 04:04:15,811 - INFO - [AUDIT] - Action: 0, Confidence: 1.0000, Safety Mode: SAFE_HOLD, Override: Safe hold mode active
2025-05-28 04:04:15,811 - INFO - [AUDIT] - Action: 0, Confidence: 1.0000, Safety Mode: SAFE_HOLD, Override: Safe hold mode active
2025-05-28 04:04:15,811 - INFO - [AUDIT] - Action: 0, Confidence: 1.0000, Safety Mode: SAFE_HOLD, Override: Safe hold mode active
2025-05-28 04:04:15,812 - INFO - [AUDIT] - Action: 0, Confidence: 1.0000, Safety Mode: SAFE_HOLD, Override: Safe hold mode active
2025-05-28 04:04:15,812 - INFO - [AUDIT] - Action: 0, Confidence: 1.0000, Safety Mode: SAFE_HOLD, Override: Safe hold mode active
2025-05-28 04:04:15,812 - INFO - [AUDIT] - Action: 0, Confidence: 1.0000, Safety Mode: SAFE_HOLD, Override: Safe hold mode active
2025-05-28 04:04:15,812 - INFO - [AUDIT] - Action: 0, Confidence: 1.0000, Safety Mode: SAFE_HOLD, Override: Safe hold mode active
2025-05-28 04:04:15,812 - INFO - [AUDIT] - Action: 0, Confidence: 1.0000, Safety Mode: SAFE_HOLD, Override: Safe hold mode active
2025-05-28 04:04:15,813 - INFO - [AUDIT] - Action: 0, Confidence: 1.0000, Safety Mode: SAFE_HOLD, Override: Safe hold mode active
2025-05-28 04:04:15,813 - INFO - [AUDIT] - Action: 0, Confidence: 1.0000, Safety Mode: SAFE_HOLD, Override: Safe hold mode active
2025-05-28 04:04:15,813 - INFO - [AUDIT] - Action: 0, Confidence: 1.0000, Safety Mode: SAFE_HOLD, Override: Safe hold mode active
2025-05-28 04:04:15,813 - INFO - [AUDIT] - Action: 0, Confidence: 1.0000, Safety Mode: SAFE_HOLD, Override: Safe hold mode active
2025-05-28 04:04:15,813 - INFO - [AUDIT] - Action: 0, Confidence: 1.0000, Safety Mode: SAFE_HOLD, Override: Safe hold mode active
2025-05-28 04:04:15,814 - INFO - [AUDIT] - Action: 0, Confidence: 1.0000, Safety Mode: SAFE_HOLD, Override: Safe hold mode active
2025-05-28 04:04:15,814 - INFO - [AUDIT] - Action: 0, Confidence: 1.0000, Safety Mode: SAFE_HOLD, Override: Safe hold mode active
2025-05-28 04:04:15,814 - INFO - [AUDIT] - Action: 0, Confidence: 1.0000, Safety Mode: SAFE_HOLD, Override: Safe hold mode active
2025-05-28 04:04:15,814 - INFO - [AUDIT] - Action: 0, Confidence: 1.0000, Safety Mode: SAFE_HOLD, Override: Safe hold mode active
2025-05-28 04:04:15,814 - INFO - [AUDIT] - Action: 0, Confidence: 1.0000, Safety Mode: SAFE_HOLD, Override: Safe hold mode active
2025-05-28 04:04:15,814 - INFO - [AUDIT] - Action: 0, Confidence: 1.0000, Safety Mode: SAFE_HOLD, Override: Safe hold mode active
2025-05-28 04:04:15,815 - INFO - [AUDIT] - Action: 0, Confidence: 1.0000, Safety Mode: SAFE_HOLD, Override: Safe hold mode active
2025-05-28 04:04:15,815 - INFO - [AUDIT] - Action: 0, Confidence: 1.0000, Safety Mode: SAFE_HOLD, Override: Safe hold mode active
2025-05-28 04:04:15,815 - INFO - [AUDIT] - Action: 0, Confidence: 1.0000, Safety Mode: SAFE_HOLD, Override: Safe hold mode active
2025-05-28 04:04:15,815 - INFO - [AUDIT] - Action: 0, Confidence: 1.0000, Safety Mode: SAFE_HOLD, Override: Safe hold mode active
2025-05-28 04:04:15,815 - INFO - [AUDIT] - Action: 0, Confidence: 1.0000, Safety Mode: SAFE_HOLD, Override: Safe hold mode active
2025-05-28 04:04:15,816 - INFO - [AUDIT] - Action: 0, Confidence: 1.0000, Safety Mode: SAFE_HOLD, Override: Safe hold mode active
2025-05-28 04:04:15,816 - INFO - [AUDIT] - Action: 0, Confidence: 1.0000, Safety Mode: SAFE_HOLD, Override: Safe hold mode active
2025-05-28 04:04:15,816 - INFO - [AUDIT] - Action: 0, Confidence: 1.0000, Safety Mode: SAFE_HOLD, Override: Safe hold mode active
2025-05-28 04:04:15,816 - INFO - [AUDIT] - Action: 0, Confidence: 1.0000, Safety Mode: SAFE_HOLD, Override: Safe hold mode active
2025-05-28 04:04:15,816 - INFO - [AUDIT] - Action: 0, Confidence: 1.0000, Safety Mode: SAFE_HOLD, Override: Safe hold mode active
2025-05-28 04:04:15,817 - INFO - [AUDIT] - Action: 0, Confidence: 1.0000, Safety Mode: SAFE_HOLD, Override: Safe hold mode active
2025-05-28 04:04:15,817 - INFO - [AUDIT] - Action: 0, Confidence: 1.0000, Safety Mode: SAFE_HOLD, Override: Safe hold mode active
2025-05-28 04:04:15,817 - INFO - [AUDIT] - Action: 0, Confidence: 1.0000, Safety Mode: SAFE_HOLD, Override: Safe hold mode active
2025-05-28 04:04:15,817 - INFO - [AUDIT] - Action: 0, Confidence: 1.0000, Safety Mode: SAFE_HOLD, Override: Safe hold mode active
2025-05-28 04:04:15,817 - INFO - [AUDIT] - Action: 0, Confidence: 1.0000, Safety Mode: SAFE_HOLD, Override: Safe hold mode active
2025-05-28 04:04:15,818 - INFO - [AUDIT] - Action: 0, Confidence: 1.0000, Safety Mode: SAFE_HOLD, Override: Safe hold mode active
2025-05-28 04:04:15,818 - INFO - [AUDIT] - Action: 0, Confidence: 1.0000, Safety Mode: SAFE_HOLD, Override: Safe hold mode active
2025-05-28 04:04:15,818 - INFO - [AUDIT] - Action: 0, Confidence: 1.0000, Safety Mode: SAFE_HOLD, Override: Safe hold mode active
2025-05-28 04:04:15,818 - INFO - [AUDIT] - Action: 0, Confidence: 1.0000, Safety Mode: SAFE_HOLD, Override: Safe hold mode active
2025-05-28 04:04:15,818 - INFO - [AUDIT] - Action: 0, Confidence: 1.0000, Safety Mode: SAFE_HOLD, Override: Safe hold mode active
2025-05-28 04:04:15,819 - INFO - [AUDIT] - Action: 0, Confidence: 1.0000, Safety Mode: SAFE_HOLD, Override: Safe hold mode active
2025-05-28 04:04:15,819 - INFO - [AUDIT] - Action: 0, Confidence: 1.0000, Safety Mode: SAFE_HOLD, Override: Safe hold mode active
2025-05-28 04:04:15,819 - INFO - [AUDIT] - Action: 0, Confidence: 1.0000, Safety Mode: SAFE_HOLD, Override: Safe hold mode active
2025-05-28 04:04:15,819 - INFO - [AUDIT] - Action: 0, Confidence: 1.0000, Safety Mode: SAFE_HOLD, Override: Safe hold mode active
2025-05-28 04:04:15,819 - INFO - [AUDIT] - Action: 0, Confidence: 1.0000, Safety Mode: SAFE_HOLD, Override: Safe hold mode active
2025-05-28 04:04:15,820 - INFO - [AUDIT] - Action: 0, Confidence: 1.0000, Safety Mode: SAFE_HOLD, Override: Safe hold mode active
2025-05-28 04:04:15,820 - INFO - [AUDIT] - Action: 0, Confidence: 1.0000, Safety Mode: SAFE_HOLD, Override: Safe hold mode active
2025-05-28 04:04:15,820 - INFO - [AUDIT] - Action: 0, Confidence: 1.0000, Safety Mode: SAFE_HOLD, Override: Safe hold mode active
2025-05-28 04:04:15,820 - INFO - [AUDIT] - Action: 0, Confidence: 1.0000, Safety Mode: SAFE_HOLD, Override: Safe hold mode active
2025-05-28 04:04:15,820 - INFO - [AUDIT] - Action: 0, Confidence: 1.0000, Safety Mode: SAFE_HOLD, Override: Safe hold mode active
2025-05-28 04:04:15,821 - INFO - [AUDIT] - Action: 0, Confidence: 1.0000, Safety Mode: SAFE_HOLD, Override: Safe hold mode active
2025-05-28 04:04:15,821 - INFO - [AUDIT] - Action: 0, Confidence: 1.0000, Safety Mode: SAFE_HOLD, Override: Safe hold mode active
2025-05-28 04:04:15,821 - INFO - [AUDIT] - Action: 0, Confidence: 1.0000, Safety Mode: SAFE_HOLD, Override: Safe hold mode active
2025-05-28 04:04:15,821 - INFO - [AUDIT] - Action: 0, Confidence: 1.0000, Safety Mode: SAFE_HOLD, Override: Safe hold mode active
2025-05-28 04:04:15,821 - INFO - [AUDIT] - Action: 0, Confidence: 1.0000, Safety Mode: SAFE_HOLD, Override: Safe hold mode active
2025-05-28 04:04:15,822 - INFO - [AUDIT] - Action: 0, Confidence: 1.0000, Safety Mode: SAFE_HOLD, Override: Safe hold mode active
2025-05-28 04:04:15,822 - INFO - [AUDIT] - Action: 0, Confidence: 1.0000, Safety Mode: SAFE_HOLD, Override: Safe hold mode active
2025-05-28 04:04:15,822 - INFO - [AUDIT] - Action: 0, Confidence: 1.0000, Safety Mode: SAFE_HOLD, Override: Safe hold mode active
2025-05-28 04:04:15,822 - INFO - [AUDIT] - Action: 0, Confidence: 1.0000, Safety Mode: SAFE_HOLD, Override: Safe hold mode active
2025-05-28 04:04:15,822 - INFO - [AUDIT] - Action: 0, Confidence: 1.0000, Safety Mode: SAFE_HOLD, Override: Safe hold mode active
2025-05-28 04:04:15,823 - INFO - [AUDIT] - Action: 0, Confidence: 1.0000, Safety Mode: SAFE_HOLD, Override: Safe hold mode active
2025-05-28 04:04:15,823 - INFO - [AUDIT] - Action: 0, Confidence: 1.0000, Safety Mode: SAFE_HOLD, Override: Safe hold mode active
2025-05-28 04:04:15,823 - INFO - [AUDIT] - Action: 0, Confidence: 1.0000, Safety Mode: SAFE_HOLD, Override: Safe hold mode active
2025-05-28 04:04:15,823 - INFO - [AUDIT] - Action: 0, Confidence: 1.0000, Safety Mode: SAFE_HOLD, Override: Safe hold mode active
2025-05-28 04:04:15,823 - INFO - [AUDIT] - Action: 0, Confidence: 1.0000, Safety Mode: SAFE_HOLD, Override: Safe hold mode active
2025-05-28 04:04:15,823 - INFO - [AUDIT] - Action: 0, Confidence: 1.0000, Safety Mode: SAFE_HOLD, Override: Safe hold mode active
2025-05-28 04:04:15,824 - INFO - [AUDIT] - Action: 0, Confidence: 1.0000, Safety Mode: SAFE_HOLD, Override: Safe hold mode active
2025-05-28 04:04:15,824 - INFO - [AUDIT] - Action: 0, Confidence: 1.0000, Safety Mode: SAFE_HOLD, Override: Safe hold mode active
2025-05-28 04:04:15,824 - INFO - [AUDIT] - Action: 0, Confidence: 1.0000, Safety Mode: SAFE_HOLD, Override: Safe hold mode active
2025-05-28 04:04:15,824 - INFO - [AUDIT] - Action: 0, Confidence: 1.0000, Safety Mode: SAFE_HOLD, Override: Safe hold mode active
2025-05-28 04:04:15,824 - INFO - [AUDIT] - Action: 0, Confidence: 1.0000, Safety Mode: SAFE_HOLD, Override: Safe hold mode active
2025-05-28 04:04:15,825 - INFO - [AUDIT] - Action: 0, Confidence: 1.0000, Safety Mode: SAFE_HOLD, Override: Safe hold mode active
2025-05-28 04:04:15,825 - INFO - [AUDIT] - Action: 0, Confidence: 1.0000, Safety Mode: SAFE_HOLD, Override: Safe hold mode active
2025-05-28 04:04:15,825 - INFO - [AUDIT] - Action: 0, Confidence: 1.0000, Safety Mode: SAFE_HOLD, Override: Safe hold mode active
2025-05-28 04:04:15,825 - INFO - [AUDIT] - Action: 0, Confidence: 1.0000, Safety Mode: SAFE_HOLD, Override: Safe hold mode active
2025-05-28 04:04:15,825 - INFO - [AUDIT] - Action: 0, Confidence: 1.0000, Safety Mode: SAFE_HOLD, Override: Safe hold mode active
2025-05-28 04:04:15,826 - INFO - [AUDIT] - Action: 0, Confidence: 1.0000, Safety Mode: SAFE_HOLD, Override: Safe hold mode active
2025-05-28 04:04:15,826 - INFO - [AUDIT] - Action: 0, Confidence: 1.0000, Safety Mode: SAFE_HOLD, Override: Safe hold mode active
2025-05-28 04:04:15,826 - INFO - [AUDIT] - Action: 0, Confidence: 1.0000, Safety Mode: SAFE_HOLD, Override: Safe hold mode active
2025-05-28 04:04:15,826 - INFO - [AUDIT] - Action: 0, Confidence: 1.0000, Safety Mode: SAFE_HOLD, Override: Safe hold mode active
2025-05-28 04:04:15,826 - INFO - [AUDIT] - Action: 0, Confidence: 1.0000, Safety Mode: SAFE_HOLD, Override: Safe hold mode active
2025-05-28 04:04:15,827 - INFO - [AUDIT] - Action: 0, Confidence: 1.0000, Safety Mode: SAFE_HOLD, Override: Safe hold mode active
2025-05-28 04:04:15,827 - INFO - [AUDIT] - Action: 0, Confidence: 1.0000, Safety Mode: SAFE_HOLD, Override: Safe hold mode active
2025-05-28 04:04:15,827 - INFO - [AUDIT] - Action: 0, Confidence: 1.0000, Safety Mode: SAFE_HOLD, Override: Safe hold mode active
2025-05-28 04:04:15,827 - INFO - [AUDIT] - Action: 0, Confidence: 1.0000, Safety Mode: SAFE_HOLD, Override: Safe hold mode active
2025-05-28 04:04:15,827 - INFO - [AUDIT] - Action: 0, Confidence: 1.0000, Safety Mode: SAFE_HOLD, Override: Safe hold mode active
2025-05-28 04:04:15,828 - INFO - [AUDIT] - Action: 0, Confidence: 1.0000, Safety Mode: SAFE_HOLD, Override: Safe hold mode active
2025-05-28 04:04:15,828 - INFO - [AUDIT] - Action: 0, Confidence: 1.0000, Safety Mode: SAFE_HOLD, Override: Safe hold mode active
2025-05-28 04:04:15,828 - INFO - [AUDIT] - Action: 0, Confidence: 1.0000, Safety Mode: SAFE_HOLD, Override: Safe hold mode active
2025-05-28 04:04:15,828 - INFO - [AUDIT] - Action: 0, Confidence: 1.0000, Safety Mode: SAFE_HOLD, Override: Safe hold mode active
2025-05-28 04:04:15,828 - INFO - [AUDIT] - Action: 0, Confidence: 1.0000, Safety Mode: SAFE_HOLD, Override: Safe hold mode active
2025-05-28 04:04:15,828 - INFO - [AUDIT] - Action: 0, Confidence: 1.0000, Safety Mode: SAFE_HOLD, Override: Safe hold mode active
2025-05-28 04:04:15,829 - INFO - [AUDIT] - Action: 0, Confidence: 1.0000, Safety Mode: SAFE_HOLD, Override: Safe hold mode active
2025-05-28 04:04:15,829 - INFO - [AUDIT] - Action: 0, Confidence: 1.0000, Safety Mode: SAFE_HOLD, Override: Safe hold mode active
2025-05-28 04:04:15,829 - INFO - [AUDIT] - Action: 0, Confidence: 1.0000, Safety Mode: SAFE_HOLD, Override: Safe hold mode active
2025-05-28 04:04:15,829 - INFO - [AUDIT] - Action: 0, Confidence: 1.0000, Safety Mode: SAFE_HOLD, Override: Safe hold mode active
2025-05-28 04:04:15,829 - INFO - [AUDIT] - Action: 0, Confidence: 1.0000, Safety Mode: SAFE_HOLD, Override: Safe hold mode active
2025-05-28 04:04:15,830 - INFO - [AUDIT] - Action: 0, Confidence: 1.0000, Safety Mode: SAFE_HOLD, Override: Safe hold mode active
2025-05-28 04:04:15,830 - INFO - [AUDIT] - Action: 0, Confidence: 1.0000, Safety Mode: SAFE_HOLD, Override: Safe hold mode active
2025-05-28 04:04:15,830 - INFO - [AUDIT] - Action: 0, Confidence: 1.0000, Safety Mode: SAFE_HOLD, Override: Safe hold mode active
2025-05-28 04:04:15,830 - INFO - [AUDIT] - Action: 0, Confidence: 1.0000, Safety Mode: SAFE_HOLD, Override: Safe hold mode active
2025-05-28 04:04:15,830 - INFO - [AUDIT] - Action: 0, Confidence: 1.0000, Safety Mode: SAFE_HOLD, Override: Safe hold mode active
2025-05-28 04:04:15,831 - INFO - [AUDIT] - Action: 0, Confidence: 1.0000, Safety Mode: SAFE_HOLD, Override: Safe hold mode active
2025-05-28 04:04:15,831 - INFO - [AUDIT] - Action: 0, Confidence: 1.0000, Safety Mode: SAFE_HOLD, Override: Safe hold mode active
2025-05-28 04:04:15,831 - INFO - [AUDIT] - Action: 0, Confidence: 1.0000, Safety Mode: SAFE_HOLD, Override: Safe hold mode active
2025-05-28 04:04:15,831 - INFO - [AUDIT] - Action: 0, Confidence: 1.0000, Safety Mode: SAFE_HOLD, Override: Safe hold mode active
2025-05-28 04:04:15,831 - INFO - [AUDIT] - Action: 0, Confidence: 1.0000, Safety Mode: SAFE_HOLD, Override: Safe hold mode active
2025-05-28 04:04:15,831 - INFO - [AUDIT] - Action: 0, Confidence: 1.0000, Safety Mode: SAFE_HOLD, Override: Safe hold mode active
2025-05-28 04:04:15,833 - INFO - [AUDIT] - Action: 0, Confidence: 1.0000, Safety Mode: SAFE_HOLD, Override: Safe hold mode active
2025-05-28 04:04:15,833 - INFO - [AUDIT] - Action: 0, Confidence: 1.0000, Safety Mode: SAFE_HOLD, Override: Safe hold mode active
2025-05-28 04:04:15,833 - INFO - [AUDIT] - Action: 0, Confidence: 1.0000, Safety Mode: SAFE_HOLD, Override: Safe hold mode active
2025-05-28 04:04:15,833 - INFO - [AUDIT] - Action: 0, Confidence: 1.0000, Safety Mode: SAFE_HOLD, Override: Safe hold mode active
2025-05-28 04:04:15,833 - INFO - [AUDIT] - Action: 0, Confidence: 1.0000, Safety Mode: SAFE_HOLD, Override: Safe hold mode active
2025-05-28 04:04:15,834 - INFO - [AUDIT] - Action: 0, Confidence: 1.0000, Safety Mode: SAFE_HOLD, Override: Safe hold mode active
2025-05-28 04:04:15,834 - INFO - [AUDIT] - Action: 0, Confidence: 1.0000, Safety Mode: SAFE_HOLD, Override: Safe hold mode active
2025-05-28 04:04:15,834 - INFO - [AUDIT] - Action: 0, Confidence: 1.0000, Safety Mode: SAFE_HOLD, Override: Safe hold mode active
2025-05-28 04:04:15,834 - INFO - [AUDIT] - Action: 0, Confidence: 1.0000, Safety Mode: SAFE_HOLD, Override: Safe hold mode active
2025-05-28 04:04:15,834 - INFO - [AUDIT] - Action: 0, Confidence: 1.0000, Safety Mode: SAFE_HOLD, Override: Safe hold mode active
2025-05-28 04:04:15,835 - INFO - [AUDIT] - Action: 0, Confidence: 1.0000, Safety Mode: SAFE_HOLD, Override: Safe hold mode active
2025-05-28 04:04:15,835 - INFO - [AUDIT] - Action: 0, Confidence: 1.0000, Safety Mode: SAFE_HOLD, Override: Safe hold mode active
2025-05-28 04:04:15,835 - INFO - [AUDIT] - Action: 0, Confidence: 1.0000, Safety Mode: SAFE_HOLD, Override: Safe hold mode active
2025-05-28 04:04:15,835 - INFO - [AUDIT] - Action: 0, Confidence: 1.0000, Safety Mode: SAFE_HOLD, Override: Safe hold mode active
2025-05-28 04:04:15,835 - INFO - [AUDIT] - Action: 0, Confidence: 1.0000, Safety Mode: SAFE_HOLD, Override: Safe hold mode active
2025-05-28 04:04:15,836 - INFO - [AUDIT] - Action: 0, Confidence: 1.0000, Safety Mode: SAFE_HOLD, Override: Safe hold mode active
2025-05-28 04:04:15,836 - INFO - [AUDIT] - Action: 0, Confidence: 1.0000, Safety Mode: SAFE_HOLD, Override: Safe hold mode active
2025-05-28 04:04:15,836 - INFO - [AUDIT] - Action: 0, Confidence: 1.0000, Safety Mode: SAFE_HOLD, Override: Safe hold mode active
2025-05-28 04:04:15,836 - INFO - [AUDIT] - Action: 0, Confidence: 1.0000, Safety Mode: SAFE_HOLD, Override: Safe hold mode active
2025-05-28 04:04:15,837 - INFO - [AUDIT] - Action: 0, Confidence: 1.0000, Safety Mode: SAFE_HOLD, Override: Safe hold mode active
2025-05-28 04:04:15,837 - INFO - [AUDIT] - Action: 0, Confidence: 1.0000, Safety Mode: SAFE_HOLD, Override: Safe hold mode active
2025-05-28 04:04:15,837 - INFO - [AUDIT] - Action: 0, Confidence: 1.0000, Safety Mode: SAFE_HOLD, Override: Safe hold mode active
2025-05-28 04:04:15,837 - INFO - [AUDIT] - Action: 0, Confidence: 1.0000, Safety Mode: SAFE_HOLD, Override: Safe hold mode active
2025-05-28 04:04:15,837 - INFO - [AUDIT] - Action: 0, Confidence: 1.0000, Safety Mode: SAFE_HOLD, Override: Safe hold mode active
2025-05-28 04:04:15,837 - INFO - [AUDIT] - Action: 0, Confidence: 1.0000, Safety Mode: SAFE_HOLD, Override: Safe hold mode active
2025-05-28 04:04:15,838 - INFO - [AUDIT] - Action: 0, Confidence: 1.0000, Safety Mode: SAFE_HOLD, Override: Safe hold mode active
2025-05-28 04:04:15,838 - INFO - [AUDIT] - Action: 0, Confidence: 1.0000, Safety Mode: SAFE_HOLD, Override: Safe hold mode active
2025-05-28 04:04:15,838 - INFO - [AUDIT] - Action: 0, Confidence: 1.0000, Safety Mode: SAFE_HOLD, Override: Safe hold mode active
2025-05-28 04:04:15,838 - INFO - [AUDIT] - Action: 0, Confidence: 1.0000, Safety Mode: SAFE_HOLD, Override: Safe hold mode active
2025-05-28 04:04:15,838 - INFO - [AUDIT] - Action: 0, Confidence: 1.0000, Safety Mode: SAFE_HOLD, Override: Safe hold mode active
2025-05-28 04:04:15,839 - INFO - [AUDIT] - Action: 0, Confidence: 1.0000, Safety Mode: SAFE_HOLD, Override: Safe hold mode active
2025-05-28 04:04:15,839 - INFO - [AUDIT] - Action: 0, Confidence: 1.0000, Safety Mode: SAFE_HOLD, Override: Safe hold mode active
2025-05-28 04:04:15,839 - INFO - [AUDIT] - Action: 0, Confidence: 1.0000, Safety Mode: SAFE_HOLD, Override: Safe hold mode active
2025-05-28 04:04:15,839 - INFO - [AUDIT] - Action: 0, Confidence: 1.0000, Safety Mode: SAFE_HOLD, Override: Safe hold mode active
2025-05-28 04:04:15,839 - INFO - [AUDIT] - Action: 0, Confidence: 1.0000, Safety Mode: SAFE_HOLD, Override: Safe hold mode active
2025-05-28 04:04:15,840 - INFO - [AUDIT] - Action: 0, Confidence: 1.0000, Safety Mode: SAFE_HOLD, Override: Safe hold mode active
2025-05-28 04:04:15,840 - INFO - [AUDIT] - Action: 0, Confidence: 1.0000, Safety Mode: SAFE_HOLD, Override: Safe hold mode active
2025-05-28 04:04:15,840 - INFO - [AUDIT] - Action: 0, Confidence: 1.0000, Safety Mode: SAFE_HOLD, Override: Safe hold mode active
2025-05-28 04:04:15,840 - INFO - [AUDIT] - Action: 0, Confidence: 1.0000, Safety Mode: SAFE_HOLD, Override: Safe hold mode active
2025-05-28 04:04:15,840 - INFO - [AUDIT] - Action: 0, Confidence: 1.0000, Safety Mode: SAFE_HOLD, Override: Safe hold mode active
2025-05-28 04:04:15,841 - INFO - [AUDIT] - Action: 0, Confidence: 1.0000, Safety Mode: SAFE_HOLD, Override: Safe hold mode active
2025-05-28 04:04:15,841 - INFO - [AUDIT] - Action: 0, Confidence: 1.0000, Safety Mode: SAFE_HOLD, Override: Safe hold mode active
2025-05-28 04:04:15,841 - INFO - [AUDIT] - Action: 0, Confidence: 1.0000, Safety Mode: SAFE_HOLD, Override: Safe hold mode active
2025-05-28 04:04:15,841 - INFO - [AUDIT] - Action: 0, Confidence: 1.0000, Safety Mode: SAFE_HOLD, Override: Safe hold mode active
2025-05-28 04:04:15,841 - INFO - [AUDIT] - Action: 0, Confidence: 1.0000, Safety Mode: SAFE_HOLD, Override: Safe hold mode active
2025-05-28 04:04:15,841 - INFO - [AUDIT] - Action: 0, Confidence: 1.0000, Safety Mode: SAFE_HOLD, Override: Safe hold mode active
2025-05-28 04:04:15,842 - INFO - [AUDIT] - Action: 0, Confidence: 1.0000, Safety Mode: SAFE_HOLD, Override: Safe hold mode active
2025-05-28 04:04:15,842 - INFO - [AUDIT] - Action: 0, Confidence: 1.0000, Safety Mode: SAFE_HOLD, Override: Safe hold mode active
2025-05-28 04:04:15,842 - INFO - [AUDIT] - Action: 0, Confidence: 1.0000, Safety Mode: SAFE_HOLD, Override: Safe hold mode active
2025-05-28 04:04:15,842 - INFO - [AUDIT] - Action: 0, Confidence: 1.0000, Safety Mode: SAFE_HOLD, Override: Safe hold mode active
2025-05-28 04:04:15,842 - INFO - [AUDIT] - Action: 0, Confidence: 1.0000, Safety Mode: SAFE_HOLD, Override: Safe hold mode active
2025-05-28 04:04:15,843 - INFO - [AUDIT] - Action: 0, Confidence: 1.0000, Safety Mode: SAFE_HOLD, Override: Safe hold mode active
2025-05-28 04:04:15,843 - INFO - [AUDIT] - Action: 0, Confidence: 1.0000, Safety Mode: SAFE_HOLD, Override: Safe hold mode active
2025-05-28 04:04:15,843 - INFO - [AUDIT] - Action: 0, Confidence: 1.0000, Safety Mode: SAFE_HOLD, Override: Safe hold mode active
2025-05-28 04:04:15,843 - INFO - [AUDIT] - Action: 0, Confidence: 1.0000, Safety Mode: SAFE_HOLD, Override: Safe hold mode active
2025-05-28 04:04:15,843 - INFO - [AUDIT] - Action: 0, Confidence: 1.0000, Safety Mode: SAFE_HOLD, Override: Safe hold mode active
2025-05-28 04:04:15,844 - INFO - [AUDIT] - Action: 0, Confidence: 1.0000, Safety Mode: SAFE_HOLD, Override: Safe hold mode active
2025-05-28 04:04:15,844 - INFO - [AUDIT] - Action: 0, Confidence: 1.0000, Safety Mode: SAFE_HOLD, Override: Safe hold mode active
2025-05-28 04:04:15,844 - INFO - [AUDIT] - Action: 0, Confidence: 1.0000, Safety Mode: SAFE_HOLD, Override: Safe hold mode active
2025-05-28 04:04:15,844 - INFO - [AUDIT] - Action: 0, Confidence: 1.0000, Safety Mode: SAFE_HOLD, Override: Safe hold mode active
2025-05-28 04:04:15,844 - INFO - [AUDIT] - Action: 0, Confidence: 1.0000, Safety Mode: SAFE_HOLD, Override: Safe hold mode active
2025-05-28 04:04:15,845 - INFO - [AUDIT] - Action: 0, Confidence: 1.0000, Safety Mode: SAFE_HOLD, Override: Safe hold mode active
2025-05-28 04:04:15,845 - INFO - [AUDIT] - Action: 0, Confidence: 1.0000, Safety Mode: SAFE_HOLD, Override: Safe hold mode active
2025-05-28 04:04:15,845 - INFO - [AUDIT] - Action: 0, Confidence: 1.0000, Safety Mode: SAFE_HOLD, Override: Safe hold mode active
2025-05-28 04:04:15,845 - INFO - [AUDIT] - Action: 0, Confidence: 1.0000, Safety Mode: SAFE_HOLD, Override: Safe hold mode active
2025-05-28 04:04:15,845 - INFO - [AUDIT] - Action: 0, Confidence: 1.0000, Safety Mode: SAFE_HOLD, Override: Safe hold mode active
2025-05-28 04:04:15,846 - INFO - [AUDIT] - Action: 0, Confidence: 1.0000, Safety Mode: SAFE_HOLD, Override: Safe hold mode active
2025-05-28 04:04:15,846 - INFO - [AUDIT] - Action: 0, Confidence: 1.0000, Safety Mode: SAFE_HOLD, Override: Safe hold mode active
2025-05-28 04:04:15,846 - INFO - [AUDIT] - Action: 0, Confidence: 1.0000, Safety Mode: SAFE_HOLD, Override: Safe hold mode active
2025-05-28 04:04:15,846 - INFO - [AUDIT] - Action: 0, Confidence: 1.0000, Safety Mode: SAFE_HOLD, Override: Safe hold mode active
2025-05-28 04:04:15,846 - INFO - [AUDIT] - Action: 0, Confidence: 1.0000, Safety Mode: SAFE_HOLD, Override: Safe hold mode active
2025-05-28 04:04:15,847 - INFO - [AUDIT] - Action: 0, Confidence: 1.0000, Safety Mode: SAFE_HOLD, Override: Safe hold mode active
2025-05-28 04:04:15,847 - INFO - [AUDIT] - Action: 0, Confidence: 1.0000, Safety Mode: SAFE_HOLD, Override: Safe hold mode active
2025-05-28 04:04:15,847 - INFO - [AUDIT] - Action: 0, Confidence: 1.0000, Safety Mode: SAFE_HOLD, Override: Safe hold mode active
2025-05-28 04:04:15,847 - INFO - [AUDIT] - Action: 0, Confidence: 1.0000, Safety Mode: SAFE_HOLD, Override: Safe hold mode active
2025-05-28 04:04:15,847 - INFO - [AUDIT] - Action: 0, Confidence: 1.0000, Safety Mode: SAFE_HOLD, Override: Safe hold mode active
2025-05-28 04:04:15,848 - INFO - [AUDIT] - Action: 0, Confidence: 1.0000, Safety Mode: SAFE_HOLD, Override: Safe hold mode active
2025-05-28 04:04:15,848 - INFO - [AUDIT] - Action: 0, Confidence: 1.0000, Safety Mode: SAFE_HOLD, Override: Safe hold mode active
2025-05-28 04:04:15,848 - INFO - [AUDIT] - Action: 0, Confidence: 1.0000, Safety Mode: SAFE_HOLD, Override: Safe hold mode active
2025-05-28 04:04:15,848 - INFO - [AUDIT] - Action: 0, Confidence: 1.0000, Safety Mode: SAFE_HOLD, Override: Safe hold mode active
2025-05-28 04:04:15,848 - INFO - [AUDIT] - Action: 0, Confidence: 1.0000, Safety Mode: SAFE_HOLD, Override: Safe hold mode active
2025-05-28 04:04:15,849 - INFO - [AUDIT] - Action: 0, Confidence: 1.0000, Safety Mode: SAFE_HOLD, Override: Safe hold mode active
2025-05-28 04:04:15,849 - INFO - [AUDIT] - Action: 0, Confidence: 1.0000, Safety Mode: SAFE_HOLD, Override: Safe hold mode active
2025-05-28 04:04:15,849 - INFO - [AUDIT] - Action: 0, Confidence: 1.0000, Safety Mode: SAFE_HOLD, Override: Safe hold mode active
2025-05-28 04:04:15,849 - INFO - [AUDIT] - Action: 0, Confidence: 1.0000, Safety Mode: SAFE_HOLD, Override: Safe hold mode active
2025-05-28 04:04:15,849 - INFO - [AUDIT] - Action: 0, Confidence: 1.0000, Safety Mode: SAFE_HOLD, Override: Safe hold mode active
2025-05-28 04:04:15,850 - INFO - [AUDIT] - Action: 0, Confidence: 1.0000, Safety Mode: SAFE_HOLD, Override: Safe hold mode active
2025-05-28 04:04:15,850 - INFO - [AUDIT] - Action: 0, Confidence: 1.0000, Safety Mode: SAFE_HOLD, Override: Safe hold mode active
2025-05-28 04:04:15,850 - INFO - [AUDIT] - Action: 0, Confidence: 1.0000, Safety Mode: SAFE_HOLD, Override: Safe hold mode active
2025-05-28 04:04:15,850 - INFO - [AUDIT] - Action: 0, Confidence: 1.0000, Safety Mode: SAFE_HOLD, Override: Safe hold mode active
2025-05-28 04:04:15,850 - INFO - [AUDIT] - Action: 0, Confidence: 1.0000, Safety Mode: SAFE_HOLD, Override: Safe hold mode active
2025-05-28 04:04:15,851 - INFO - [AUDIT] - Action: 0, Confidence: 1.0000, Safety Mode: SAFE_HOLD, Override: Safe hold mode active
2025-05-28 04:04:15,851 - INFO - [AUDIT] - Action: 0, Confidence: 1.0000, Safety Mode: SAFE_HOLD, Override: Safe hold mode active
2025-05-28 04:04:15,851 - INFO - [AUDIT] - Action: 0, Confidence: 1.0000, Safety Mode: SAFE_HOLD, Override: Safe hold mode active
2025-05-28 04:04:15,851 - INFO - [AUDIT] - Action: 0, Confidence: 1.0000, Safety Mode: SAFE_HOLD, Override: Safe hold mode active
2025-05-28 04:04:15,852 - INFO - [AUDIT] - Action: 0, Confidence: 1.0000, Safety Mode: SAFE_HOLD, Override: Safe hold mode active
2025-05-28 04:04:15,852 - INFO - [AUDIT] - Action: 0, Confidence: 1.0000, Safety Mode: SAFE_HOLD, Override: Safe hold mode active
2025-05-28 04:04:15,852 - INFO - [AUDIT] - Action: 0, Confidence: 1.0000, Safety Mode: SAFE_HOLD, Override: Safe hold mode active
2025-05-28 04:04:15,852 - INFO - [AUDIT] - Action: 0, Confidence: 1.0000, Safety Mode: SAFE_HOLD, Override: Safe hold mode active
2025-05-28 04:04:15,853 - INFO - [AUDIT] - Action: 0, Confidence: 1.0000, Safety Mode: SAFE_HOLD, Override: Safe hold mode active
2025-05-28 04:04:15,853 - INFO - [AUDIT] - Action: 0, Confidence: 1.0000, Safety Mode: SAFE_HOLD, Override: Safe hold mode active
2025-05-28 04:04:15,853 - INFO - [AUDIT] - Action: 0, Confidence: 1.0000, Safety Mode: SAFE_HOLD, Override: Safe hold mode active
2025-05-28 04:04:15,853 - INFO - [AUDIT] - Action: 0, Confidence: 1.0000, Safety Mode: SAFE_HOLD, Override: Safe hold mode active
2025-05-28 04:04:15,853 - INFO - [AUDIT] - Action: 0, Confidence: 1.0000, Safety Mode: SAFE_HOLD, Override: Safe hold mode active
2025-05-28 04:04:15,854 - INFO - [AUDIT] - Action: 0, Confidence: 1.0000, Safety Mode: SAFE_HOLD, Override: Safe hold mode active
2025-05-28 04:04:15,854 - INFO - [AUDIT] - Action: 0, Confidence: 1.0000, Safety Mode: SAFE_HOLD, Override: Safe hold mode active
2025-05-28 04:04:15,854 - INFO - [AUDIT] - Action: 0, Confidence: 1.0000, Safety Mode: SAFE_HOLD, Override: Safe hold mode active
2025-05-28 04:04:15,854 - INFO - [AUDIT] - Action: 0, Confidence: 1.0000, Safety Mode: SAFE_HOLD, Override: Safe hold mode active
2025-05-28 04:04:15,854 - INFO - [AUDIT] - Action: 0, Confidence: 1.0000, Safety Mode: SAFE_HOLD, Override: Safe hold mode active
2025-05-28 04:04:15,854 - INFO - [AUDIT] - Action: 0, Confidence: 1.0000, Safety Mode: SAFE_HOLD, Override: Safe hold mode active
2025-05-28 04:04:15,855 - INFO - [AUDIT] - Action: 0, Confidence: 1.0000, Safety Mode: SAFE_HOLD, Override: Safe hold mode active
2025-05-28 04:04:15,855 - INFO - [AUDIT] - Action: 0, Confidence: 1.0000, Safety Mode: SAFE_HOLD, Override: Safe hold mode active
2025-05-28 04:04:15,855 - INFO - [AUDIT] - Action: 0, Confidence: 1.0000, Safety Mode: SAFE_HOLD, Override: Safe hold mode active
2025-05-28 04:04:15,855 - INFO - [AUDIT] - Action: 0, Confidence: 1.0000, Safety Mode: SAFE_HOLD, Override: Safe hold mode active
2025-05-28 04:04:15,855 - INFO - [AUDIT] - Action: 0, Confidence: 1.0000, Safety Mode: SAFE_HOLD, Override: Safe hold mode active
2025-05-28 04:04:15,856 - INFO - [AUDIT] - Action: 0, Confidence: 1.0000, Safety Mode: SAFE_HOLD, Override: Safe hold mode active
2025-05-28 04:04:15,856 - INFO - [AUDIT] - Action: 0, Confidence: 1.0000, Safety Mode: SAFE_HOLD, Override: Safe hold mode active
2025-05-28 04:04:15,856 - INFO - [AUDIT] - Action: 0, Confidence: 1.0000, Safety Mode: SAFE_HOLD, Override: Safe hold mode active
2025-05-28 04:04:15,856 - INFO - [AUDIT] - Action: 0, Confidence: 1.0000, Safety Mode: SAFE_HOLD, Override: Safe hold mode active
2025-05-28 04:04:15,856 - INFO - [AUDIT] - Action: 0, Confidence: 1.0000, Safety Mode: SAFE_HOLD, Override: Safe hold mode active
2025-05-28 04:04:15,857 - INFO - [AUDIT] - Action: 0, Confidence: 1.0000, Safety Mode: SAFE_HOLD, Override: Safe hold mode active
2025-05-28 04:04:15,857 - INFO - [AUDIT] - Action: 0, Confidence: 1.0000, Safety Mode: SAFE_HOLD, Override: Safe hold mode active
2025-05-28 04:04:15,857 - INFO - [AUDIT] - Action: 0, Confidence: 1.0000, Safety Mode: SAFE_HOLD, Override: Safe hold mode active
2025-05-28 04:04:15,857 - INFO - [AUDIT] - Action: 0, Confidence: 1.0000, Safety Mode: SAFE_HOLD, Override: Safe hold mode active
2025-05-28 04:04:15,857 - INFO - [AUDIT] - Action: 0, Confidence: 1.0000, Safety Mode: SAFE_HOLD, Override: Safe hold mode active
2025-05-28 04:04:15,857 - INFO - [AUDIT] - Action: 0, Confidence: 1.0000, Safety Mode: SAFE_HOLD, Override: Safe hold mode active
2025-05-28 04:04:15,858 - INFO - [AUDIT] - Action: 0, Confidence: 1.0000, Safety Mode: SAFE_HOLD, Override: Safe hold mode active
2025-05-28 04:04:15,858 - INFO - [AUDIT] - Action: 0, Confidence: 1.0000, Safety Mode: SAFE_HOLD, Override: Safe hold mode active
2025-05-28 04:04:15,858 - INFO - [AUDIT] - Action: 0, Confidence: 1.0000, Safety Mode: SAFE_HOLD, Override: Safe hold mode active
2025-05-28 04:04:15,858 - INFO - [AUDIT] - Action: 0, Confidence: 1.0000, Safety Mode: SAFE_HOLD, Override: Safe hold mode active
2025-05-28 04:04:15,858 - INFO - [AUDIT] - Action: 0, Confidence: 1.0000, Safety Mode: SAFE_HOLD, Override: Safe hold mode active
2025-05-28 04:04:15,859 - INFO - [AUDIT] - Action: 0, Confidence: 1.0000, Safety Mode: SAFE_HOLD, Override: Safe hold mode active
2025-05-28 04:04:15,859 - INFO - [AUDIT] - Action: 0, Confidence: 1.0000, Safety Mode: SAFE_HOLD, Override: Safe hold mode active
2025-05-28 04:04:15,859 - INFO - [AUDIT] - Action: 0, Confidence: 1.0000, Safety Mode: SAFE_HOLD, Override: Safe hold mode active
2025-05-28 04:04:15,859 - INFO - [AUDIT] - Action: 0, Confidence: 1.0000, Safety Mode: SAFE_HOLD, Override: Safe hold mode active
2025-05-28 04:04:15,860 - INFO - [AUDIT] - Action: 0, Confidence: 1.0000, Safety Mode: SAFE_HOLD, Override: Safe hold mode active
2025-05-28 04:04:15,860 - INFO - [AUDIT] - Action: 0, Confidence: 1.0000, Safety Mode: SAFE_HOLD, Override: Safe hold mode active
2025-05-28 04:04:15,860 - INFO - [AUDIT] - Action: 0, Confidence: 1.0000, Safety Mode: SAFE_HOLD, Override: Safe hold mode active
2025-05-28 04:04:15,860 - INFO - [AUDIT] - Action: 0, Confidence: 1.0000, Safety Mode: SAFE_HOLD, Override: Safe hold mode active
2025-05-28 04:04:15,860 - INFO - [AUDIT] - Action: 0, Confidence: 1.0000, Safety Mode: SAFE_HOLD, Override: Safe hold mode active
2025-05-28 04:04:15,861 - INFO - [AUDIT] - Action: 0, Confidence: 1.0000, Safety Mode: SAFE_HOLD, Override: Safe hold mode active
2025-05-28 04:04:15,861 - INFO - [AUDIT] - Action: 0, Confidence: 1.0000, Safety Mode: SAFE_HOLD, Override: Safe hold mode active
2025-05-28 04:04:15,861 - INFO - [AUDIT] - Action: 0, Confidence: 1.0000, Safety Mode: SAFE_HOLD, Override: Safe hold mode active
2025-05-28 04:04:15,861 - INFO - [AUDIT] - Action: 0, Confidence: 1.0000, Safety Mode: SAFE_HOLD, Override: Safe hold mode active
2025-05-28 04:04:15,861 - INFO - [AUDIT] - Action: 0, Confidence: 1.0000, Safety Mode: SAFE_HOLD, Override: Safe hold mode active
2025-05-28 04:04:15,862 - INFO - [AUDIT] - Action: 0, Confidence: 1.0000, Safety Mode: SAFE_HOLD, Override: Safe hold mode active
2025-05-28 04:04:15,862 - INFO - [AUDIT] - Action: 0, Confidence: 1.0000, Safety Mode: SAFE_HOLD, Override: Safe hold mode active
2025-05-28 04:04:15,862 - INFO - [AUDIT] - Action: 0, Confidence: 1.0000, Safety Mode: SAFE_HOLD, Override: Safe hold mode active
2025-05-28 04:04:15,862 - INFO - [AUDIT] - Action: 0, Confidence: 1.0000, Safety Mode: SAFE_HOLD, Override: Safe hold mode active
2025-05-28 04:04:15,862 - INFO - [AUDIT] - Action: 0, Confidence: 1.0000, Safety Mode: SAFE_HOLD, Override: Safe hold mode active
2025-05-28 04:04:15,863 - INFO - [AUDIT] - Action: 0, Confidence: 1.0000, Safety Mode: SAFE_HOLD, Override: Safe hold mode active
2025-05-28 04:04:15,863 - INFO - [AUDIT] - Action: 0, Confidence: 1.0000, Safety Mode: SAFE_HOLD, Override: Safe hold mode active
2025-05-28 04:04:15,863 - INFO - [AUDIT] - Action: 0, Confidence: 1.0000, Safety Mode: SAFE_HOLD, Override: Safe hold mode active
2025-05-28 04:04:15,863 - INFO - [AUDIT] - Action: 0, Confidence: 1.0000, Safety Mode: SAFE_HOLD, Override: Safe hold mode active
2025-05-28 04:04:15,863 - INFO - [AUDIT] - Action: 0, Confidence: 1.0000, Safety Mode: SAFE_HOLD, Override: Safe hold mode active
2025-05-28 04:04:15,864 - INFO - [AUDIT] - Action: 0, Confidence: 1.0000, Safety Mode: SAFE_HOLD, Override: Safe hold mode active
2025-05-28 04:04:15,864 - INFO - [AUDIT] - Action: 0, Confidence: 1.0000, Safety Mode: SAFE_HOLD, Override: Safe hold mode active
2025-05-28 04:04:15,864 - INFO - [AUDIT] - Action: 0, Confidence: 1.0000, Safety Mode: SAFE_HOLD, Override: Safe hold mode active
2025-05-28 04:04:15,864 - INFO - [AUDIT] - Action: 0, Confidence: 1.0000, Safety Mode: SAFE_HOLD, Override: Safe hold mode active
2025-05-28 04:04:15,864 - INFO - [AUDIT] - Action: 0, Confidence: 1.0000, Safety Mode: SAFE_HOLD, Override: Safe hold mode active
2025-05-28 04:04:15,865 - INFO - [AUDIT] - Action: 0, Confidence: 1.0000, Safety Mode: SAFE_HOLD, Override: Safe hold mode active
2025-05-28 04:04:15,865 - INFO - [AUDIT] - Action: 0, Confidence: 1.0000, Safety Mode: SAFE_HOLD, Override: Safe hold mode active
2025-05-28 04:04:15,865 - INFO - [AUDIT] - Action: 0, Confidence: 1.0000, Safety Mode: SAFE_HOLD, Override: Safe hold mode active
2025-05-28 04:04:15,865 - INFO - [AUDIT] - Action: 0, Confidence: 1.0000, Safety Mode: SAFE_HOLD, Override: Safe hold mode active
2025-05-28 04:04:15,865 - INFO - [AUDIT] - Action: 0, Confidence: 1.0000, Safety Mode: SAFE_HOLD, Override: Safe hold mode active
2025-05-28 04:04:15,866 - INFO - [AUDIT] - Action: 0, Confidence: 1.0000, Safety Mode: SAFE_HOLD, Override: Safe hold mode active
2025-05-28 04:04:15,866 - INFO - [AUDIT] - Action: 0, Confidence: 1.0000, Safety Mode: SAFE_HOLD, Override: Safe hold mode active
2025-05-28 04:04:15,866 - INFO - [AUDIT] - Action: 0, Confidence: 1.0000, Safety Mode: SAFE_HOLD, Override: Safe hold mode active
2025-05-28 04:04:15,866 - INFO - [AUDIT] - Action: 0, Confidence: 1.0000, Safety Mode: SAFE_HOLD, Override: Safe hold mode active
2025-05-28 04:04:15,866 - INFO - [AUDIT] - Action: 0, Confidence: 1.0000, Safety Mode: SAFE_HOLD, Override: Safe hold mode active
2025-05-28 04:04:15,867 - INFO - [AUDIT] - Action: 0, Confidence: 1.0000, Safety Mode: SAFE_HOLD, Override: Safe hold mode active
2025-05-28 04:04:15,867 - INFO - [AUDIT] - Action: 0, Confidence: 1.0000, Safety Mode: SAFE_HOLD, Override: Safe hold mode active
2025-05-28 04:04:15,867 - INFO - [AUDIT] - Action: 0, Confidence: 1.0000, Safety Mode: SAFE_HOLD, Override: Safe hold mode active
2025-05-28 04:04:15,867 - INFO - [AUDIT] - Action: 0, Confidence: 1.0000, Safety Mode: SAFE_HOLD, Override: Safe hold mode active
2025-05-28 04:04:15,867 - INFO - [AUDIT] - Action: 0, Confidence: 1.0000, Safety Mode: SAFE_HOLD, Override: Safe hold mode active
2025-05-28 04:04:15,868 - INFO - [AUDIT] - Action: 0, Confidence: 1.0000, Safety Mode: SAFE_HOLD, Override: Safe hold mode active
2025-05-28 04:04:15,868 - INFO - [AUDIT] - Action: 0, Confidence: 1.0000, Safety Mode: SAFE_HOLD, Override: Safe hold mode active
2025-05-28 04:04:15,868 - INFO - [AUDIT] - Action: 0, Confidence: 1.0000, Safety Mode: SAFE_HOLD, Override: Safe hold mode active
2025-05-28 04:04:15,868 - INFO - [AUDIT] - Action: 0, Confidence: 1.0000, Safety Mode: SAFE_HOLD, Override: Safe hold mode active
2025-05-28 04:04:15,868 - INFO - [AUDIT] - Action: 0, Confidence: 1.0000, Safety Mode: SAFE_HOLD, Override: Safe hold mode active
2025-05-28 04:04:15,869 - INFO - [AUDIT] - Action: 0, Confidence: 1.0000, Safety Mode: SAFE_HOLD, Override: Safe hold mode active
2025-05-28 04:04:15,869 - INFO - [AUDIT] - Action: 0, Confidence: 1.0000, Safety Mode: SAFE_HOLD, Override: Safe hold mode active
2025-05-28 04:04:15,869 - INFO - [AUDIT] - Action: 0, Confidence: 1.0000, Safety Mode: SAFE_HOLD, Override: Safe hold mode active
2025-05-28 04:04:15,869 - INFO - [AUDIT] - Action: 0, Confidence: 1.0000, Safety Mode: SAFE_HOLD, Override: Safe hold mode active
2025-05-28 04:04:15,870 - INFO - [AUDIT] - Action: 0, Confidence: 1.0000, Safety Mode: SAFE_HOLD, Override: Safe hold mode active
2025-05-28 04:04:15,870 - INFO - [AUDIT] - Action: 0, Confidence: 1.0000, Safety Mode: SAFE_HOLD, Override: Safe hold mode active
2025-05-28 04:04:15,870 - INFO - [AUDIT] - Action: 0, Confidence: 1.0000, Safety Mode: SAFE_HOLD, Override: Safe hold mode active
2025-05-28 04:04:15,870 - INFO - [AUDIT] - Action: 0, Confidence: 1.0000, Safety Mode: SAFE_HOLD, Override: Safe hold mode active
2025-05-28 04:04:15,870 - INFO - [AUDIT] - Action: 0, Confidence: 1.0000, Safety Mode: SAFE_HOLD, Override: Safe hold mode active
2025-05-28 04:04:15,871 - INFO - [AUDIT] - Action: 0, Confidence: 1.0000, Safety Mode: SAFE_HOLD, Override: Safe hold mode active
2025-05-28 04:04:15,871 - INFO - [AUDIT] - Action: 0, Confidence: 1.0000, Safety Mode: SAFE_HOLD, Override: Safe hold mode active
2025-05-28 04:04:15,871 - INFO - [AUDIT] - Action: 0, Confidence: 1.0000, Safety Mode: SAFE_HOLD, Override: Safe hold mode active
2025-05-28 04:04:15,871 - INFO - [AUDIT] - Action: 0, Confidence: 1.0000, Safety Mode: SAFE_HOLD, Override: Safe hold mode active
2025-05-28 04:04:15,872 - INFO - [AUDIT] - Action: 0, Confidence: 1.0000, Safety Mode: SAFE_HOLD, Override: Safe hold mode active
2025-05-28 04:04:15,872 - INFO - [AUDIT] - Action: 0, Confidence: 1.0000, Safety Mode: SAFE_HOLD, Override: Safe hold mode active
2025-05-28 04:04:15,872 - INFO - [AUDIT] - Action: 0, Confidence: 1.0000, Safety Mode: SAFE_HOLD, Override: Safe hold mode active
2025-05-28 04:04:15,872 - INFO - [AUDIT] - Action: 0, Confidence: 1.0000, Safety Mode: SAFE_HOLD, Override: Safe hold mode active
2025-05-28 04:04:15,872 - INFO - [AUDIT] - Action: 0, Confidence: 1.0000, Safety Mode: SAFE_HOLD, Override: Safe hold mode active
2025-05-28 04:04:15,873 - INFO - [AUDIT] - Action: 0, Confidence: 1.0000, Safety Mode: SAFE_HOLD, Override: Safe hold mode active
2025-05-28 04:04:15,873 - INFO - [AUDIT] - Action: 0, Confidence: 1.0000, Safety Mode: SAFE_HOLD, Override: Safe hold mode active
2025-05-28 04:04:15,873 - INFO - [AUDIT] - Action: 0, Confidence: 1.0000, Safety Mode: SAFE_HOLD, Override: Safe hold mode active
2025-05-28 04:04:15,873 - INFO - [AUDIT] - Action: 0, Confidence: 1.0000, Safety Mode: SAFE_HOLD, Override: Safe hold mode active
2025-05-28 04:04:15,873 - INFO - [AUDIT] - Action: 0, Confidence: 1.0000, Safety Mode: SAFE_HOLD, Override: Safe hold mode active
2025-05-28 04:04:15,874 - INFO - [AUDIT] - Action: 0, Confidence: 1.0000, Safety Mode: SAFE_HOLD, Override: Safe hold mode active
2025-05-28 04:04:15,874 - INFO - [AUDIT] - Action: 0, Confidence: 1.0000, Safety Mode: SAFE_HOLD, Override: Safe hold mode active
2025-05-28 04:04:15,874 - INFO - [AUDIT] - Action: 0, Confidence: 1.0000, Safety Mode: SAFE_HOLD, Override: Safe hold mode active
2025-05-28 04:04:15,874 - INFO - [AUDIT] - Action: 0, Confidence: 1.0000, Safety Mode: SAFE_HOLD, Override: Safe hold mode active
2025-05-28 04:04:15,874 - INFO - [AUDIT] - Action: 0, Confidence: 1.0000, Safety Mode: SAFE_HOLD, Override: Safe hold mode active
2025-05-28 04:04:15,875 - INFO - [AUDIT] - Action: 0, Confidence: 1.0000, Safety Mode: SAFE_HOLD, Override: Safe hold mode active
2025-05-28 04:04:15,875 - INFO - [AUDIT] - Action: 0, Confidence: 1.0000, Safety Mode: SAFE_HOLD, Override: Safe hold mode active
2025-05-28 04:04:15,875 - INFO - [AUDIT] - Action: 0, Confidence: 1.0000, Safety Mode: SAFE_HOLD, Override: Safe hold mode active
2025-05-28 04:04:15,875 - INFO - [AUDIT] - Action: 0, Confidence: 1.0000, Safety Mode: SAFE_HOLD, Override: Safe hold mode active
2025-05-28 04:04:15,875 - INFO - [AUDIT] - Action: 0, Confidence: 1.0000, Safety Mode: SAFE_HOLD, Override: Safe hold mode active
2025-05-28 04:04:15,875 - INFO - [AUDIT] - Action: 0, Confidence: 1.0000, Safety Mode: SAFE_HOLD, Override: Safe hold mode active
2025-05-28 04:04:15,876 - INFO - [AUDIT] - Action: 0, Confidence: 1.0000, Safety Mode: SAFE_HOLD, Override: Safe hold mode active
2025-05-28 04:04:15,876 - INFO - [AUDIT] - Action: 0, Confidence: 1.0000, Safety Mode: SAFE_HOLD, Override: Safe hold mode active
2025-05-28 04:04:15,876 - INFO - [AUDIT] - Action: 0, Confidence: 1.0000, Safety Mode: SAFE_HOLD, Override: Safe hold mode active
2025-05-28 04:04:15,876 - INFO - [AUDIT] - Action: 0, Confidence: 1.0000, Safety Mode: SAFE_HOLD, Override: Safe hold mode active
2025-05-28 04:04:15,876 - INFO - [AUDIT] - Action: 0, Confidence: 1.0000, Safety Mode: SAFE_HOLD, Override: Safe hold mode active
2025-05-28 04:04:15,877 - INFO - [AUDIT] - Action: 0, Confidence: 1.0000, Safety Mode: SAFE_HOLD, Override: Safe hold mode active
2025-05-28 04:04:15,877 - INFO - [AUDIT] - Action: 0, Confidence: 1.0000, Safety Mode: SAFE_HOLD, Override: Safe hold mode active
2025-05-28 04:04:15,877 - INFO - [AUDIT] - Action: 0, Confidence: 1.0000, Safety Mode: SAFE_HOLD, Override: Safe hold mode active
2025-05-28 04:04:15,877 - INFO - [AUDIT] - Action: 0, Confidence: 1.0000, Safety Mode: SAFE_HOLD, Override: Safe hold mode active
2025-05-28 04:04:15,878 - INFO - [AUDIT] - Action: 0, Confidence: 1.0000, Safety Mode: SAFE_HOLD, Override: Safe hold mode active
2025-05-28 04:04:15,878 - INFO - [AUDIT] - Action: 0, Confidence: 1.0000, Safety Mode: SAFE_HOLD, Override: Safe hold mode active
2025-05-28 04:04:15,878 - INFO - [AUDIT] - Action: 0, Confidence: 1.0000, Safety Mode: SAFE_HOLD, Override: Safe hold mode active
2025-05-28 04:04:15,878 - INFO - [AUDIT] - Action: 0, Confidence: 1.0000, Safety Mode: SAFE_HOLD, Override: Safe hold mode active
2025-05-28 04:04:15,878 - INFO - [AUDIT] - Action: 0, Confidence: 1.0000, Safety Mode: SAFE_HOLD, Override: Safe hold mode active
2025-05-28 04:04:15,878 - INFO - [AUDIT] - Action: 0, Confidence: 1.0000, Safety Mode: SAFE_HOLD, Override: Safe hold mode active
2025-05-28 04:04:15,879 - INFO - [AUDIT] - Action: 0, Confidence: 1.0000, Safety Mode: SAFE_HOLD, Override: Safe hold mode active
2025-05-28 04:04:15,879 - INFO - [AUDIT] - Action: 0, Confidence: 1.0000, Safety Mode: SAFE_HOLD, Override: Safe hold mode active
2025-05-28 04:04:15,879 - INFO - [AUDIT] - Action: 0, Confidence: 1.0000, Safety Mode: SAFE_HOLD, Override: Safe hold mode active
2025-05-28 04:04:15,879 - INFO - [AUDIT] - Action: 0, Confidence: 1.0000, Safety Mode: SAFE_HOLD, Override: Safe hold mode active
2025-05-28 04:04:15,879 - INFO - [AUDIT] - Action: 0, Confidence: 1.0000, Safety Mode: SAFE_HOLD, Override: Safe hold mode active
2025-05-28 04:04:15,880 - INFO - [AUDIT] - Action: 0, Confidence: 1.0000, Safety Mode: SAFE_HOLD, Override: Safe hold mode active
2025-05-28 04:04:15,880 - INFO - [AUDIT] - Action: 0, Confidence: 1.0000, Safety Mode: SAFE_HOLD, Override: Safe hold mode active
2025-05-28 04:04:15,880 - INFO - [AUDIT] - Action: 0, Confidence: 1.0000, Safety Mode: SAFE_HOLD, Override: Safe hold mode active
2025-05-28 04:04:15,880 - INFO - [AUDIT] - Action: 0, Confidence: 1.0000, Safety Mode: SAFE_HOLD, Override: Safe hold mode active
2025-05-28 04:04:15,880 - INFO - [AUDIT] - Action: 0, Confidence: 1.0000, Safety Mode: SAFE_HOLD, Override: Safe hold mode active
2025-05-28 04:04:15,881 - INFO - [AUDIT] - Action: 0, Confidence: 1.0000, Safety Mode: SAFE_HOLD, Override: Safe hold mode active
2025-05-28 04:04:15,881 - INFO - [AUDIT] - Action: 0, Confidence: 1.0000, Safety Mode: SAFE_HOLD, Override: Safe hold mode active
2025-05-28 04:04:15,881 - INFO - [AUDIT] - Action: 0, Confidence: 1.0000, Safety Mode: SAFE_HOLD, Override: Safe hold mode active
2025-05-28 04:04:15,881 - INFO - [AUDIT] - Action: 0, Confidence: 1.0000, Safety Mode: SAFE_HOLD, Override: Safe hold mode active
2025-05-28 04:04:15,881 - INFO - [AUDIT] - Action: 0, Confidence: 1.0000, Safety Mode: SAFE_HOLD, Override: Safe hold mode active
2025-05-28 04:04:15,882 - INFO - [AUDIT] - Action: 0, Confidence: 1.0000, Safety Mode: SAFE_HOLD, Override: Safe hold mode active
2025-05-28 04:04:15,882 - INFO - [AUDIT] - Action: 0, Confidence: 1.0000, Safety Mode: SAFE_HOLD, Override: Safe hold mode active
2025-05-28 04:04:15,882 - INFO - [AUDIT] - Action: 0, Confidence: 1.0000, Safety Mode: SAFE_HOLD, Override: Safe hold mode active
2025-05-28 04:04:15,882 - INFO - [AUDIT] - Action: 0, Confidence: 1.0000, Safety Mode: SAFE_HOLD, Override: Safe hold mode active
2025-05-28 04:04:15,882 - INFO - [AUDIT] - Action: 0, Confidence: 1.0000, Safety Mode: SAFE_HOLD, Override: Safe hold mode active
2025-05-28 04:04:15,883 - INFO - [AUDIT] - Action: 0, Confidence: 1.0000, Safety Mode: SAFE_HOLD, Override: Safe hold mode active
2025-05-28 04:04:15,883 - INFO - [AUDIT] - Action: 0, Confidence: 1.0000, Safety Mode: SAFE_HOLD, Override: Safe hold mode active
2025-05-28 04:04:15,883 - INFO - [AUDIT] - Action: 0, Confidence: 1.0000, Safety Mode: SAFE_HOLD, Override: Safe hold mode active
2025-05-28 04:04:15,883 - INFO - [AUDIT] - Action: 0, Confidence: 1.0000, Safety Mode: SAFE_HOLD, Override: Safe hold mode active
2025-05-28 04:04:15,883 - INFO - [AUDIT] - Action: 0, Confidence: 1.0000, Safety Mode: SAFE_HOLD, Override: Safe hold mode active
2025-05-28 04:04:15,884 - INFO - [AUDIT] - Action: 0, Confidence: 1.0000, Safety Mode: SAFE_HOLD, Override: Safe hold mode active
2025-05-28 04:04:15,884 - INFO - [AUDIT] - Action: 0, Confidence: 1.0000, Safety Mode: SAFE_HOLD, Override: Safe hold mode active
2025-05-28 04:04:15,884 - INFO - [AUDIT] - Action: 0, Confidence: 1.0000, Safety Mode: SAFE_HOLD, Override: Safe hold mode active
2025-05-28 04:04:15,884 - INFO - [AUDIT] - Action: 0, Confidence: 1.0000, Safety Mode: SAFE_HOLD, Override: Safe hold mode active
2025-05-28 04:04:15,884 - INFO - [AUDIT] - Action: 0, Confidence: 1.0000, Safety Mode: SAFE_HOLD, Override: Safe hold mode active
2025-05-28 04:04:15,884 - INFO - [AUDIT] - Action: 0, Confidence: 1.0000, Safety Mode: SAFE_HOLD, Override: Safe hold mode active
2025-05-28 04:04:15,885 - INFO - [AUDIT] - Action: 0, Confidence: 1.0000, Safety Mode: SAFE_HOLD, Override: Safe hold mode active
2025-05-28 04:04:15,885 - INFO - [AUDIT] - Action: 0, Confidence: 1.0000, Safety Mode: SAFE_HOLD, Override: Safe hold mode active
2025-05-28 04:04:15,885 - INFO - [AUDIT] - Action: 0, Confidence: 1.0000, Safety Mode: SAFE_HOLD, Override: Safe hold mode active
2025-05-28 04:04:15,886 - INFO - [AUDIT] - Action: 0, Confidence: 1.0000, Safety Mode: SAFE_HOLD, Override: Safe hold mode active
2025-05-28 04:04:15,886 - INFO - [AUDIT] - Action: 0, Confidence: 1.0000, Safety Mode: SAFE_HOLD, Override: Safe hold mode active
2025-05-28 04:04:15,886 - INFO - [AUDIT] - Action: 0, Confidence: 1.0000, Safety Mode: SAFE_HOLD, Override: Safe hold mode active
2025-05-28 04:04:15,886 - INFO - [AUDIT] - Action: 0, Confidence: 1.0000, Safety Mode: SAFE_HOLD, Override: Safe hold mode active
2025-05-28 04:04:15,886 - INFO - [AUDIT] - Action: 0, Confidence: 1.0000, Safety Mode: SAFE_HOLD, Override: Safe hold mode active
2025-05-28 04:04:15,886 - INFO - [AUDIT] - Action: 0, Confidence: 1.0000, Safety Mode: SAFE_HOLD, Override: Safe hold mode active
2025-05-28 04:04:16,242 - INFO - [AUDIT] - Action: 0, Confidence: 1.0000, Safety Mode: SAFE_HOLD, Override: Safe hold mode active
2025-05-28 04:04:16,242 - INFO - [AUDIT] - Action: 0, Confidence: 1.0000, Safety Mode: SAFE_HOLD, Override: Safe hold mode active
2025-05-28 04:04:16,243 - INFO - [AUDIT] - Action: 0, Confidence: 1.0000, Safety Mode: SAFE_HOLD, Override: Safe hold mode active
2025-05-28 04:04:16,243 - INFO - [AUDIT] - Action: 0, Confidence: 1.0000, Safety Mode: SAFE_HOLD, Override: Safe hold mode active
2025-05-28 04:04:16,243 - INFO - [AUDIT] - Action: 0, Confidence: 1.0000, Safety Mode: SAFE_HOLD, Override: Safe hold mode active
2025-05-28 04:04:16,243 - INFO - [AUDIT] - Action: 0, Confidence: 1.0000, Safety Mode: SAFE_HOLD, Override: Safe hold mode active
2025-05-28 04:04:16,243 - INFO - [AUDIT] - Action: 0, Confidence: 1.0000, Safety Mode: SAFE_HOLD, Override: Safe hold mode active
2025-05-28 04:04:16,244 - INFO - [AUDIT] - Action: 0, Confidence: 1.0000, Safety Mode: SAFE_HOLD, Override: Safe hold mode active
2025-05-28 04:04:16,244 - INFO - [AUDIT] - Action: 0, Confidence: 1.0000, Safety Mode: SAFE_HOLD, Override: Safe hold mode active
2025-05-28 04:04:16,244 - INFO - [AUDIT] - Action: 0, Confidence: 1.0000, Safety Mode: SAFE_HOLD, Override: Safe hold mode active
2025-05-28 04:04:16,244 - INFO - [AUDIT] - Action: 0, Confidence: 1.0000, Safety Mode: SAFE_HOLD, Override: Safe hold mode active
2025-05-28 04:04:16,244 - INFO - [AUDIT] - Action: 0, Confidence: 1.0000, Safety Mode: SAFE_HOLD, Override: Safe hold mode active
2025-05-28 04:04:16,245 - INFO - [AUDIT] - Action: 0, Confidence: 1.0000, Safety Mode: SAFE_HOLD, Override: Safe hold mode active
2025-05-28 04:04:16,245 - INFO - [AUDIT] - Action: 0, Confidence: 1.0000, Safety Mode: SAFE_HOLD, Override: Safe hold mode active
2025-05-28 04:04:16,245 - INFO - [AUDIT] - Action: 0, Confidence: 1.0000, Safety Mode: SAFE_HOLD, Override: Safe hold mode active
2025-05-28 04:04:16,245 - INFO - [AUDIT] - Action: 0, Confidence: 1.0000, Safety Mode: SAFE_HOLD, Override: Safe hold mode active
2025-05-28 04:04:16,245 - INFO - [AUDIT] - Action: 0, Confidence: 1.0000, Safety Mode: SAFE_HOLD, Override: Safe hold mode active
2025-05-28 04:04:16,246 - INFO - [AUDIT] - Action: 0, Confidence: 1.0000, Safety Mode: SAFE_HOLD, Override: Safe hold mode active
2025-05-28 04:04:16,246 - INFO - [AUDIT] - Action: 0, Confidence: 1.0000, Safety Mode: SAFE_HOLD, Override: Safe hold mode active
2025-05-28 04:04:16,246 - INFO - [AUDIT] - Action: 0, Confidence: 1.0000, Safety Mode: SAFE_HOLD, Override: Safe hold mode active
2025-05-28 04:04:16,246 - INFO - [AUDIT] - Action: 0, Confidence: 1.0000, Safety Mode: SAFE_HOLD, Override: Safe hold mode active
2025-05-28 04:04:16,246 - INFO - [AUDIT] - Action: 0, Confidence: 1.0000, Safety Mode: SAFE_HOLD, Override: Safe hold mode active
2025-05-28 04:04:16,247 - INFO - [AUDIT] - Action: 0, Confidence: 1.0000, Safety Mode: SAFE_HOLD, Override: Safe hold mode active
2025-05-28 04:04:16,247 - INFO - [AUDIT] - Action: 0, Confidence: 1.0000, Safety Mode: SAFE_HOLD, Override: Safe hold mode active
2025-05-28 04:04:16,247 - INFO - [AUDIT] - Action: 0, Confidence: 1.0000, Safety Mode: SAFE_HOLD, Override: Safe hold mode active
2025-05-28 04:04:16,247 - INFO - [AUDIT] - Action: 0, Confidence: 1.0000, Safety Mode: SAFE_HOLD, Override: Safe hold mode active
2025-05-28 04:04:16,247 - INFO - [AUDIT] - Action: 0, Confidence: 1.0000, Safety Mode: SAFE_HOLD, Override: Safe hold mode active
2025-05-28 04:04:16,248 - INFO - [AUDIT] - Action: 0, Confidence: 1.0000, Safety Mode: SAFE_HOLD, Override: Safe hold mode active
2025-05-28 04:04:16,248 - INFO - [AUDIT] - Action: 0, Confidence: 1.0000, Safety Mode: SAFE_HOLD, Override: Safe hold mode active
2025-05-28 04:04:16,248 - INFO - [AUDIT] - Action: 0, Confidence: 1.0000, Safety Mode: SAFE_HOLD, Override: Safe hold mode active
2025-05-28 04:04:16,248 - INFO - [AUDIT] - Action: 0, Confidence: 1.0000, Safety Mode: SAFE_HOLD, Override: Safe hold mode active
2025-05-28 04:04:16,248 - INFO - [AUDIT] - Action: 0, Confidence: 1.0000, Safety Mode: SAFE_HOLD, Override: Safe hold mode active
2025-05-28 04:04:16,249 - INFO - [AUDIT] - Action: 0, Confidence: 1.0000, Safety Mode: SAFE_HOLD, Override: Safe hold mode active
2025-05-28 04:04:16,249 - INFO - [AUDIT] - Action: 0, Confidence: 1.0000, Safety Mode: SAFE_HOLD, Override: Safe hold mode active
2025-05-28 04:04:16,249 - INFO - [AUDIT] - Action: 0, Confidence: 1.0000, Safety Mode: SAFE_HOLD, Override: Safe hold mode active
2025-05-28 04:04:16,249 - INFO - [AUDIT] - Action: 0, Confidence: 1.0000, Safety Mode: SAFE_HOLD, Override: Safe hold mode active
2025-05-28 04:04:16,249 - INFO - [AUDIT] - Action: 0, Confidence: 1.0000, Safety Mode: SAFE_HOLD, Override: Safe hold mode active
2025-05-28 04:04:16,250 - INFO - [AUDIT] - Action: 0, Confidence: 1.0000, Safety Mode: SAFE_HOLD, Override: Safe hold mode active
2025-05-28 04:04:16,250 - INFO - [AUDIT] - Action: 0, Confidence: 1.0000, Safety Mode: SAFE_HOLD, Override: Safe hold mode active
2025-05-28 04:04:16,250 - INFO - [AUDIT] - Action: 0, Confidence: 1.0000, Safety Mode: SAFE_HOLD, Override: Safe hold mode active
2025-05-28 04:04:16,250 - INFO - [AUDIT] - Action: 0, Confidence: 1.0000, Safety Mode: SAFE_HOLD, Override: Safe hold mode active
2025-05-28 04:04:16,251 - INFO - [AUDIT] - Action: 0, Confidence: 1.0000, Safety Mode: SAFE_HOLD, Override: Safe hold mode active
2025-05-28 04:04:16,251 - INFO - [AUDIT] - Action: 0, Confidence: 1.0000, Safety Mode: SAFE_HOLD, Override: Safe hold mode active
2025-05-28 04:04:16,251 - INFO - [AUDIT] - Action: 0, Confidence: 1.0000, Safety Mode: SAFE_HOLD, Override: Safe hold mode active
2025-05-28 04:04:16,251 - INFO - [AUDIT] - Action: 0, Confidence: 1.0000, Safety Mode: SAFE_HOLD, Override: Safe hold mode active
2025-05-28 04:04:16,251 - INFO - [AUDIT] - Action: 0, Confidence: 1.0000, Safety Mode: SAFE_HOLD, Override: Safe hold mode active
2025-05-28 04:04:16,252 - INFO - [AUDIT] - Action: 0, Confidence: 1.0000, Safety Mode: SAFE_HOLD, Override: Safe hold mode active
2025-05-28 04:04:16,252 - INFO - [AUDIT] - Action: 0, Confidence: 1.0000, Safety Mode: SAFE_HOLD, Override: Safe hold mode active
2025-05-28 04:04:16,252 - INFO - [AUDIT] - Action: 0, Confidence: 1.0000, Safety Mode: SAFE_HOLD, Override: Safe hold mode active
2025-05-28 04:04:16,252 - INFO - [AUDIT] - Action: 0, Confidence: 1.0000, Safety Mode: SAFE_HOLD, Override: Safe hold mode active
2025-05-28 04:04:16,253 - INFO - [AUDIT] - Action: 0, Confidence: 1.0000, Safety Mode: SAFE_HOLD, Override: Safe hold mode active
2025-05-28 04:04:16,253 - INFO - [AUDIT] - Action: 0, Confidence: 1.0000, Safety Mode: SAFE_HOLD, Override: Safe hold mode active
2025-05-28 04:04:16,253 - INFO - [AUDIT] - Action: 0, Confidence: 1.0000, Safety Mode: SAFE_HOLD, Override: Safe hold mode active
2025-05-28 04:04:16,253 - INFO - [AUDIT] - Action: 0, Confidence: 1.0000, Safety Mode: SAFE_HOLD, Override: Safe hold mode active
2025-05-28 04:04:16,253 - INFO - [AUDIT] - Action: 0, Confidence: 1.0000, Safety Mode: SAFE_HOLD, Override: Safe hold mode active
2025-05-28 04:04:16,254 - INFO - [AUDIT] - Action: 0, Confidence: 1.0000, Safety Mode: SAFE_HOLD, Override: Safe hold mode active
2025-05-28 04:04:16,254 - INFO - [AUDIT] - Action: 0, Confidence: 1.0000, Safety Mode: SAFE_HOLD, Override: Safe hold mode active
2025-05-28 04:04:16,254 - INFO - [AUDIT] - Action: 0, Confidence: 1.0000, Safety Mode: SAFE_HOLD, Override: Safe hold mode active
2025-05-28 04:04:16,254 - INFO - [AUDIT] - Action: 0, Confidence: 1.0000, Safety Mode: SAFE_HOLD, Override: Safe hold mode active
2025-05-28 04:04:16,254 - INFO - [AUDIT] - Action: 0, Confidence: 1.0000, Safety Mode: SAFE_HOLD, Override: Safe hold mode active
2025-05-28 04:04:16,255 - INFO - [AUDIT] - Action: 0, Confidence: 1.0000, Safety Mode: SAFE_HOLD, Override: Safe hold mode active
2025-05-28 04:04:16,255 - INFO - [AUDIT] - Action: 0, Confidence: 1.0000, Safety Mode: SAFE_HOLD, Override: Safe hold mode active
2025-05-28 04:04:16,255 - INFO - [AUDIT] - Action: 0, Confidence: 1.0000, Safety Mode: SAFE_HOLD, Override: Safe hold mode active
2025-05-28 04:04:16,255 - INFO - [AUDIT] - Action: 0, Confidence: 1.0000, Safety Mode: SAFE_HOLD, Override: Safe hold mode active
2025-05-28 04:04:16,255 - INFO - [AUDIT] - Action: 0, Confidence: 1.0000, Safety Mode: SAFE_HOLD, Override: Safe hold mode active
2025-05-28 04:04:16,256 - INFO - [AUDIT] - Action: 0, Confidence: 1.0000, Safety Mode: SAFE_HOLD, Override: Safe hold mode active
2025-05-28 04:04:16,256 - INFO - [AUDIT] - Action: 0, Confidence: 1.0000, Safety Mode: SAFE_HOLD, Override: Safe hold mode active
2025-05-28 04:04:16,256 - INFO - [AUDIT] - Action: 0, Confidence: 1.0000, Safety Mode: SAFE_HOLD, Override: Safe hold mode active
2025-05-28 04:04:16,256 - INFO - [AUDIT] - Action: 0, Confidence: 1.0000, Safety Mode: SAFE_HOLD, Override: Safe hold mode active
2025-05-28 04:04:16,256 - INFO - [AUDIT] - Action: 0, Confidence: 1.0000, Safety Mode: SAFE_HOLD, Override: Safe hold mode active
2025-05-28 04:04:16,257 - INFO - [AUDIT] - Action: 0, Confidence: 1.0000, Safety Mode: SAFE_HOLD, Override: Safe hold mode active
2025-05-28 04:04:16,257 - INFO - [AUDIT] - Action: 0, Confidence: 1.0000, Safety Mode: SAFE_HOLD, Override: Safe hold mode active
2025-05-28 04:04:16,257 - INFO - [AUDIT] - Action: 0, Confidence: 1.0000, Safety Mode: SAFE_HOLD, Override: Safe hold mode active
2025-05-28 04:04:16,257 - INFO - [AUDIT] - Action: 0, Confidence: 1.0000, Safety Mode: SAFE_HOLD, Override: Safe hold mode active
2025-05-28 04:04:16,257 - INFO - [AUDIT] - Action: 0, Confidence: 1.0000, Safety Mode: SAFE_HOLD, Override: Safe hold mode active
2025-05-28 04:04:16,257 - INFO - [AUDIT] - Action: 0, Confidence: 1.0000, Safety Mode: SAFE_HOLD, Override: Safe hold mode active
2025-05-28 04:04:16,258 - INFO - [AUDIT] - Action: 0, Confidence: 1.0000, Safety Mode: SAFE_HOLD, Override: Safe hold mode active
2025-05-28 04:04:16,258 - INFO - [AUDIT] - Action: 0, Confidence: 1.0000, Safety Mode: SAFE_HOLD, Override: Safe hold mode active
2025-05-28 04:04:16,258 - INFO - [AUDIT] - Action: 0, Confidence: 1.0000, Safety Mode: SAFE_HOLD, Override: Safe hold mode active
2025-05-28 04:04:16,258 - INFO - [AUDIT] - Action: 0, Confidence: 1.0000, Safety Mode: SAFE_HOLD, Override: Safe hold mode active
2025-05-28 04:04:16,258 - INFO - [AUDIT] - Action: 0, Confidence: 1.0000, Safety Mode: SAFE_HOLD, Override: Safe hold mode active
2025-05-28 04:04:16,259 - INFO - [AUDIT] - Action: 0, Confidence: 1.0000, Safety Mode: SAFE_HOLD, Override: Safe hold mode active
2025-05-28 04:04:16,259 - INFO - [AUDIT] - Action: 0, Confidence: 1.0000, Safety Mode: SAFE_HOLD, Override: Safe hold mode active
2025-05-28 04:04:16,259 - INFO - [AUDIT] - Action: 0, Confidence: 1.0000, Safety Mode: SAFE_HOLD, Override: Safe hold mode active
2025-05-28 04:04:16,259 - INFO - [AUDIT] - Action: 0, Confidence: 1.0000, Safety Mode: SAFE_HOLD, Override: Safe hold mode active
2025-05-28 04:04:16,259 - INFO - [AUDIT] - Action: 0, Confidence: 1.0000, Safety Mode: SAFE_HOLD, Override: Safe hold mode active
2025-05-28 04:04:16,260 - INFO - [AUDIT] - Action: 0, Confidence: 1.0000, Safety Mode: SAFE_HOLD, Override: Safe hold mode active
2025-05-28 04:04:16,260 - INFO - [AUDIT] - Action: 0, Confidence: 1.0000, Safety Mode: SAFE_HOLD, Override: Safe hold mode active
2025-05-28 04:04:16,260 - INFO - [AUDIT] - Action: 0, Confidence: 1.0000, Safety Mode: SAFE_HOLD, Override: Safe hold mode active
2025-05-28 04:04:16,260 - INFO - [AUDIT] - Action: 0, Confidence: 1.0000, Safety Mode: SAFE_HOLD, Override: Safe hold mode active
2025-05-28 04:04:16,260 - INFO - [AUDIT] - Action: 0, Confidence: 1.0000, Safety Mode: SAFE_HOLD, Override: Safe hold mode active
2025-05-28 04:04:16,261 - INFO - [AUDIT] - Action: 0, Confidence: 1.0000, Safety Mode: SAFE_HOLD, Override: Safe hold mode active
2025-05-28 04:04:16,261 - INFO - [AUDIT] - Action: 0, Confidence: 1.0000, Safety Mode: SAFE_HOLD, Override: Safe hold mode active
2025-05-28 04:04:16,261 - INFO - [AUDIT] - Action: 0, Confidence: 1.0000, Safety Mode: SAFE_HOLD, Override: Safe hold mode active
2025-05-28 04:04:16,261 - INFO - [AUDIT] - Action: 0, Confidence: 1.0000, Safety Mode: SAFE_HOLD, Override: Safe hold mode active
2025-05-28 04:04:16,261 - INFO - [AUDIT] - Action: 0, Confidence: 1.0000, Safety Mode: SAFE_HOLD, Override: Safe hold mode active
2025-05-28 04:04:16,261 - INFO - [AUDIT] - Action: 0, Confidence: 1.0000, Safety Mode: SAFE_HOLD, Override: Safe hold mode active
2025-05-28 04:04:16,262 - INFO - [AUDIT] - Action: 0, Confidence: 1.0000, Safety Mode: SAFE_HOLD, Override: Safe hold mode active
2025-05-28 04:04:16,262 - INFO - [AUDIT] - Action: 0, Confidence: 1.0000, Safety Mode: SAFE_HOLD, Override: Safe hold mode active
2025-05-28 04:04:16,262 - INFO - [AUDIT] - Action: 0, Confidence: 1.0000, Safety Mode: SAFE_HOLD, Override: Safe hold mode active
2025-05-28 04:04:16,262 - INFO - [AUDIT] - Action: 0, Confidence: 1.0000, Safety Mode: SAFE_HOLD, Override: Safe hold mode active
2025-05-28 04:04:16,262 - INFO - [AUDIT] - Action: 0, Confidence: 1.0000, Safety Mode: SAFE_HOLD, Override: Safe hold mode active
2025-05-28 04:04:16,263 - INFO - [AUDIT] - Action: 0, Confidence: 1.0000, Safety Mode: SAFE_HOLD, Override: Safe hold mode active
2025-05-28 04:04:16,263 - INFO - [AUDIT] - Action: 0, Confidence: 1.0000, Safety Mode: SAFE_HOLD, Override: Safe hold mode active
2025-05-28 04:04:16,263 - INFO - [AUDIT] - Action: 0, Confidence: 1.0000, Safety Mode: SAFE_HOLD, Override: Safe hold mode active
2025-05-28 04:04:16,263 - INFO - [AUDIT] - Action: 0, Confidence: 1.0000, Safety Mode: SAFE_HOLD, Override: Safe hold mode active
2025-05-28 04:04:16,263 - INFO - [AUDIT] - Action: 0, Confidence: 1.0000, Safety Mode: SAFE_HOLD, Override: Safe hold mode active
2025-05-28 04:04:16,264 - INFO - [AUDIT] - Action: 0, Confidence: 1.0000, Safety Mode: SAFE_HOLD, Override: Safe hold mode active
2025-05-28 04:04:16,264 - INFO - [AUDIT] - Action: 0, Confidence: 1.0000, Safety Mode: SAFE_HOLD, Override: Safe hold mode active
2025-05-28 04:04:16,264 - INFO - [AUDIT] - Action: 0, Confidence: 1.0000, Safety Mode: SAFE_HOLD, Override: Safe hold mode active
2025-05-28 04:04:16,264 - INFO - [AUDIT] - Action: 0, Confidence: 1.0000, Safety Mode: SAFE_HOLD, Override: Safe hold mode active
2025-05-28 04:04:16,264 - INFO - [AUDIT] - Action: 0, Confidence: 1.0000, Safety Mode: SAFE_HOLD, Override: Safe hold mode active
2025-05-28 04:04:16,265 - INFO - [AUDIT] - Action: 0, Confidence: 1.0000, Safety Mode: SAFE_HOLD, Override: Safe hold mode active
2025-05-28 04:04:16,265 - INFO - [AUDIT] - Action: 0, Confidence: 1.0000, Safety Mode: SAFE_HOLD, Override: Safe hold mode active
2025-05-28 04:04:16,265 - INFO - [AUDIT] - Action: 0, Confidence: 1.0000, Safety Mode: SAFE_HOLD, Override: Safe hold mode active
2025-05-28 04:04:16,265 - INFO - [AUDIT] - Action: 0, Confidence: 1.0000, Safety Mode: SAFE_HOLD, Override: Safe hold mode active
2025-05-28 04:04:16,265 - INFO - [AUDIT] - Action: 0, Confidence: 1.0000, Safety Mode: SAFE_HOLD, Override: Safe hold mode active
2025-05-28 04:04:16,266 - INFO - [AUDIT] - Action: 0, Confidence: 1.0000, Safety Mode: SAFE_HOLD, Override: Safe hold mode active
2025-05-28 04:04:16,266 - INFO - [AUDIT] - Action: 0, Confidence: 1.0000, Safety Mode: SAFE_HOLD, Override: Safe hold mode active
2025-05-28 04:04:16,266 - INFO - [AUDIT] - Action: 0, Confidence: 1.0000, Safety Mode: SAFE_HOLD, Override: Safe hold mode active
2025-05-28 04:04:16,266 - INFO - [AUDIT] - Action: 0, Confidence: 1.0000, Safety Mode: SAFE_HOLD, Override: Safe hold mode active
2025-05-28 04:04:16,266 - INFO - [AUDIT] - Action: 0, Confidence: 1.0000, Safety Mode: SAFE_HOLD, Override: Safe hold mode active
2025-05-28 04:04:16,267 - INFO - [AUDIT] - Action: 0, Confidence: 1.0000, Safety Mode: SAFE_HOLD, Override: Safe hold mode active
2025-05-28 04:04:16,267 - INFO - [AUDIT] - Action: 0, Confidence: 1.0000, Safety Mode: SAFE_HOLD, Override: Safe hold mode active
2025-05-28 04:04:16,267 - INFO - [AUDIT] - Action: 0, Confidence: 1.0000, Safety Mode: SAFE_HOLD, Override: Safe hold mode active
2025-05-28 04:04:16,267 - INFO - [AUDIT] - Action: 0, Confidence: 1.0000, Safety Mode: SAFE_HOLD, Override: Safe hold mode active
2025-05-28 04:04:16,267 - INFO - [AUDIT] - Action: 0, Confidence: 1.0000, Safety Mode: SAFE_HOLD, Override: Safe hold mode active
2025-05-28 04:04:16,268 - INFO - [AUDIT] - Action: 0, Confidence: 1.0000, Safety Mode: SAFE_HOLD, Override: Safe hold mode active
2025-05-28 04:04:16,268 - INFO - [AUDIT] - Action: 0, Confidence: 1.0000, Safety Mode: SAFE_HOLD, Override: Safe hold mode active
2025-05-28 04:04:16,268 - INFO - [AUDIT] - Action: 0, Confidence: 1.0000, Safety Mode: SAFE_HOLD, Override: Safe hold mode active
2025-05-28 04:04:16,268 - INFO - [AUDIT] - Action: 0, Confidence: 1.0000, Safety Mode: SAFE_HOLD, Override: Safe hold mode active
2025-05-28 04:04:16,268 - INFO - [AUDIT] - Action: 0, Confidence: 1.0000, Safety Mode: SAFE_HOLD, Override: Safe hold mode active
2025-05-28 04:04:16,269 - INFO - [AUDIT] - Action: 0, Confidence: 1.0000, Safety Mode: SAFE_HOLD, Override: Safe hold mode active
2025-05-28 04:04:16,269 - INFO - [AUDIT] - Action: 0, Confidence: 1.0000, Safety Mode: SAFE_HOLD, Override: Safe hold mode active
2025-05-28 04:04:16,269 - INFO - [AUDIT] - Action: 0, Confidence: 1.0000, Safety Mode: SAFE_HOLD, Override: Safe hold mode active
2025-05-28 04:04:16,270 - INFO - [AUDIT] - Action: 0, Confidence: 1.0000, Safety Mode: SAFE_HOLD, Override: Safe hold mode active
2025-05-28 04:04:16,270 - INFO - [AUDIT] - Action: 0, Confidence: 1.0000, Safety Mode: SAFE_HOLD, Override: Safe hold mode active
2025-05-28 04:04:16,270 - INFO - [AUDIT] - Action: 0, Confidence: 1.0000, Safety Mode: SAFE_HOLD, Override: Safe hold mode active
2025-05-28 04:04:16,270 - INFO - [AUDIT] - Action: 0, Confidence: 1.0000, Safety Mode: SAFE_HOLD, Override: Safe hold mode active
2025-05-28 04:04:16,270 - INFO - [AUDIT] - Action: 0, Confidence: 1.0000, Safety Mode: SAFE_HOLD, Override: Safe hold mode active
2025-05-28 04:04:16,271 - INFO - [AUDIT] - Action: 0, Confidence: 1.0000, Safety Mode: SAFE_HOLD, Override: Safe hold mode active
2025-05-28 04:04:16,271 - INFO - [AUDIT] - Action: 0, Confidence: 1.0000, Safety Mode: SAFE_HOLD, Override: Safe hold mode active
2025-05-28 04:04:16,271 - INFO - [AUDIT] - Action: 0, Confidence: 1.0000, Safety Mode: SAFE_HOLD, Override: Safe hold mode active
2025-05-28 04:04:16,271 - INFO - [AUDIT] - Action: 0, Confidence: 1.0000, Safety Mode: SAFE_HOLD, Override: Safe hold mode active
2025-05-28 04:04:16,271 - INFO - [AUDIT] - Action: 0, Confidence: 1.0000, Safety Mode: SAFE_HOLD, Override: Safe hold mode active
2025-05-28 04:04:16,272 - INFO - [AUDIT] - Action: 0, Confidence: 1.0000, Safety Mode: SAFE_HOLD, Override: Safe hold mode active
2025-05-28 04:04:16,272 - INFO - [AUDIT] - Action: 0, Confidence: 1.0000, Safety Mode: SAFE_HOLD, Override: Safe hold mode active
2025-05-28 04:04:16,272 - INFO - [AUDIT] - Action: 0, Confidence: 1.0000, Safety Mode: SAFE_HOLD, Override: Safe hold mode active
2025-05-28 04:04:16,272 - INFO - [AUDIT] - Action: 0, Confidence: 1.0000, Safety Mode: SAFE_HOLD, Override: Safe hold mode active
2025-05-28 04:04:16,272 - INFO - [AUDIT] - Action: 0, Confidence: 1.0000, Safety Mode: SAFE_HOLD, Override: Safe hold mode active
2025-05-28 04:04:16,273 - INFO - [AUDIT] - Action: 0, Confidence: 1.0000, Safety Mode: SAFE_HOLD, Override: Safe hold mode active
2025-05-28 04:04:16,273 - INFO - [AUDIT] - Action: 0, Confidence: 1.0000, Safety Mode: SAFE_HOLD, Override: Safe hold mode active
2025-05-28 04:04:16,273 - INFO - [AUDIT] - Action: 0, Confidence: 1.0000, Safety Mode: SAFE_HOLD, Override: Safe hold mode active
2025-05-28 04:04:16,273 - INFO - [AUDIT] - Action: 0, Confidence: 1.0000, Safety Mode: SAFE_HOLD, Override: Safe hold mode active
2025-05-28 04:04:16,273 - INFO - [AUDIT] - Action: 0, Confidence: 1.0000, Safety Mode: SAFE_HOLD, Override: Safe hold mode active
2025-05-28 04:04:16,273 - INFO - [AUDIT] - Action: 0, Confidence: 1.0000, Safety Mode: SAFE_HOLD, Override: Safe hold mode active
2025-05-28 04:04:16,274 - INFO - [AUDIT] - Action: 0, Confidence: 1.0000, Safety Mode: SAFE_HOLD, Override: Safe hold mode active
2025-05-28 04:04:16,274 - INFO - [AUDIT] - Action: 0, Confidence: 1.0000, Safety Mode: SAFE_HOLD, Override: Safe hold mode active
2025-05-28 04:04:16,274 - INFO - [AUDIT] - Action: 0, Confidence: 1.0000, Safety Mode: SAFE_HOLD, Override: Safe hold mode active
2025-05-28 04:04:16,274 - INFO - [AUDIT] - Action: 0, Confidence: 1.0000, Safety Mode: SAFE_HOLD, Override: Safe hold mode active
2025-05-28 04:04:16,274 - INFO - [AUDIT] - Action: 0, Confidence: 1.0000, Safety Mode: SAFE_HOLD, Override: Safe hold mode active
2025-05-28 04:04:16,275 - INFO - [AUDIT] - Action: 0, Confidence: 1.0000, Safety Mode: SAFE_HOLD, Override: Safe hold mode active
2025-05-28 04:04:16,275 - INFO - [AUDIT] - Action: 0, Confidence: 1.0000, Safety Mode: SAFE_HOLD, Override: Safe hold mode active
2025-05-28 04:04:16,275 - INFO - [AUDIT] - Action: 0, Confidence: 1.0000, Safety Mode: SAFE_HOLD, Override: Safe hold mode active
2025-05-28 04:04:16,275 - INFO - [AUDIT] - Action: 0, Confidence: 1.0000, Safety Mode: SAFE_HOLD, Override: Safe hold mode active
2025-05-28 04:04:16,275 - INFO - [AUDIT] - Action: 0, Confidence: 1.0000, Safety Mode: SAFE_HOLD, Override: Safe hold mode active
2025-05-28 04:04:16,276 - INFO - [AUDIT] - Action: 0, Confidence: 1.0000, Safety Mode: SAFE_HOLD, Override: Safe hold mode active
2025-05-28 04:04:16,276 - INFO - [AUDIT] - Action: 0, Confidence: 1.0000, Safety Mode: SAFE_HOLD, Override: Safe hold mode active
2025-05-28 04:04:16,276 - INFO - [AUDIT] - Action: 0, Confidence: 1.0000, Safety Mode: SAFE_HOLD, Override: Safe hold mode active
2025-05-28 04:04:16,276 - INFO - [AUDIT] - Action: 0, Confidence: 1.0000, Safety Mode: SAFE_HOLD, Override: Safe hold mode active
2025-05-28 04:04:16,276 - INFO - [AUDIT] - Action: 0, Confidence: 1.0000, Safety Mode: SAFE_HOLD, Override: Safe hold mode active
2025-05-28 04:04:16,277 - INFO - [AUDIT] - Action: 0, Confidence: 1.0000, Safety Mode: SAFE_HOLD, Override: Safe hold mode active
2025-05-28 04:04:16,277 - INFO - [AUDIT] - Action: 0, Confidence: 1.0000, Safety Mode: SAFE_HOLD, Override: Safe hold mode active
2025-05-28 04:04:16,277 - INFO - [AUDIT] - Action: 0, Confidence: 1.0000, Safety Mode: SAFE_HOLD, Override: Safe hold mode active
2025-05-28 04:04:16,277 - INFO - [AUDIT] - Action: 0, Confidence: 1.0000, Safety Mode: SAFE_HOLD, Override: Safe hold mode active
2025-05-28 04:04:16,277 - INFO - [AUDIT] - Action: 0, Confidence: 1.0000, Safety Mode: SAFE_HOLD, Override: Safe hold mode active
2025-05-28 04:04:16,278 - INFO - [AUDIT] - Action: 0, Confidence: 1.0000, Safety Mode: SAFE_HOLD, Override: Safe hold mode active
2025-05-28 04:04:16,278 - INFO - [AUDIT] - Action: 0, Confidence: 1.0000, Safety Mode: SAFE_HOLD, Override: Safe hold mode active
2025-05-28 04:04:16,278 - INFO - [AUDIT] - Action: 0, Confidence: 1.0000, Safety Mode: SAFE_HOLD, Override: Safe hold mode active
2025-05-28 04:04:16,278 - INFO - [AUDIT] - Action: 0, Confidence: 1.0000, Safety Mode: SAFE_HOLD, Override: Safe hold mode active
2025-05-28 04:04:16,278 - INFO - [AUDIT] - Action: 0, Confidence: 1.0000, Safety Mode: SAFE_HOLD, Override: Safe hold mode active
2025-05-28 04:04:16,278 - INFO - [AUDIT] - Action: 0, Confidence: 1.0000, Safety Mode: SAFE_HOLD, Override: Safe hold mode active
2025-05-28 04:04:16,279 - INFO - [AUDIT] - Action: 0, Confidence: 1.0000, Safety Mode: SAFE_HOLD, Override: Safe hold mode active
2025-05-28 04:04:16,279 - INFO - [AUDIT] - Action: 0, Confidence: 1.0000, Safety Mode: SAFE_HOLD, Override: Safe hold mode active
2025-05-28 04:04:16,279 - INFO - [AUDIT] - Action: 0, Confidence: 1.0000, Safety Mode: SAFE_HOLD, Override: Safe hold mode active
2025-05-28 04:04:16,279 - INFO - [AUDIT] - Action: 0, Confidence: 1.0000, Safety Mode: SAFE_HOLD, Override: Safe hold mode active
2025-05-28 04:04:16,279 - INFO - [AUDIT] - Action: 0, Confidence: 1.0000, Safety Mode: SAFE_HOLD, Override: Safe hold mode active
2025-05-28 04:04:16,280 - INFO - [AUDIT] - Action: 0, Confidence: 1.0000, Safety Mode: SAFE_HOLD, Override: Safe hold mode active
2025-05-28 04:04:16,280 - INFO - [AUDIT] - Action: 0, Confidence: 1.0000, Safety Mode: SAFE_HOLD, Override: Safe hold mode active
2025-05-28 04:04:16,280 - INFO - [AUDIT] - Action: 0, Confidence: 1.0000, Safety Mode: SAFE_HOLD, Override: Safe hold mode active
2025-05-28 04:04:16,280 - INFO - [AUDIT] - Action: 0, Confidence: 1.0000, Safety Mode: SAFE_HOLD, Override: Safe hold mode active
2025-05-28 04:04:16,280 - INFO - [AUDIT] - Action: 0, Confidence: 1.0000, Safety Mode: SAFE_HOLD, Override: Safe hold mode active
2025-05-28 04:04:16,281 - INFO - [AUDIT] - Action: 0, Confidence: 1.0000, Safety Mode: SAFE_HOLD, Override: Safe hold mode active
2025-05-28 04:04:16,281 - INFO - [AUDIT] - Action: 0, Confidence: 1.0000, Safety Mode: SAFE_HOLD, Override: Safe hold mode active
2025-05-28 04:04:16,281 - INFO - [AUDIT] - Action: 0, Confidence: 1.0000, Safety Mode: SAFE_HOLD, Override: Safe hold mode active
2025-05-28 04:04:16,281 - INFO - [AUDIT] - Action: 0, Confidence: 1.0000, Safety Mode: SAFE_HOLD, Override: Safe hold mode active
2025-05-28 04:04:16,281 - INFO - [AUDIT] - Action: 0, Confidence: 1.0000, Safety Mode: SAFE_HOLD, Override: Safe hold mode active
2025-05-28 04:04:16,281 - INFO - [AUDIT] - Action: 0, Confidence: 1.0000, Safety Mode: SAFE_HOLD, Override: Safe hold mode active
2025-05-28 04:04:16,282 - INFO - [AUDIT] - Action: 0, Confidence: 1.0000, Safety Mode: SAFE_HOLD, Override: Safe hold mode active
2025-05-28 04:04:16,282 - INFO - [AUDIT] - Action: 0, Confidence: 1.0000, Safety Mode: SAFE_HOLD, Override: Safe hold mode active
2025-05-28 04:04:16,282 - INFO - [AUDIT] - Action: 0, Confidence: 1.0000, Safety Mode: SAFE_HOLD, Override: Safe hold mode active
2025-05-28 04:04:16,282 - INFO - [AUDIT] - Action: 0, Confidence: 1.0000, Safety Mode: SAFE_HOLD, Override: Safe hold mode active
2025-05-28 04:04:16,282 - INFO - [AUDIT] - Action: 0, Confidence: 1.0000, Safety Mode: SAFE_HOLD, Override: Safe hold mode active
2025-05-28 04:04:16,283 - INFO - [AUDIT] - Action: 0, Confidence: 1.0000, Safety Mode: SAFE_HOLD, Override: Safe hold mode active
2025-05-28 04:04:16,283 - INFO - [AUDIT] - Action: 0, Confidence: 1.0000, Safety Mode: SAFE_HOLD, Override: Safe hold mode active
2025-05-28 04:04:16,283 - INFO - [AUDIT] - Action: 0, Confidence: 1.0000, Safety Mode: SAFE_HOLD, Override: Safe hold mode active
2025-05-28 04:04:16,283 - INFO - [AUDIT] - Action: 0, Confidence: 1.0000, Safety Mode: SAFE_HOLD, Override: Safe hold mode active
2025-05-28 04:04:16,283 - INFO - [AUDIT] - Action: 0, Confidence: 1.0000, Safety Mode: SAFE_HOLD, Override: Safe hold mode active
2025-05-28 04:04:16,284 - INFO - [AUDIT] - Action: 0, Confidence: 1.0000, Safety Mode: SAFE_HOLD, Override: Safe hold mode active
2025-05-28 04:04:16,284 - INFO - [AUDIT] - Action: 0, Confidence: 1.0000, Safety Mode: SAFE_HOLD, Override: Safe hold mode active
2025-05-28 04:04:16,284 - INFO - [AUDIT] - Action: 0, Confidence: 1.0000, Safety Mode: SAFE_HOLD, Override: Safe hold mode active
2025-05-28 04:04:16,284 - INFO - [AUDIT] - Action: 0, Confidence: 1.0000, Safety Mode: SAFE_HOLD, Override: Safe hold mode active
2025-05-28 04:04:16,284 - INFO - [AUDIT] - Action: 0, Confidence: 1.0000, Safety Mode: SAFE_HOLD, Override: Safe hold mode active
2025-05-28 04:04:16,285 - INFO - [AUDIT] - Action: 0, Confidence: 1.0000, Safety Mode: SAFE_HOLD, Override: Safe hold mode active
2025-05-28 04:04:16,285 - INFO - [AUDIT] - Action: 0, Confidence: 1.0000, Safety Mode: SAFE_HOLD, Override: Safe hold mode active
2025-05-28 04:04:16,285 - INFO - [AUDIT] - Action: 0, Confidence: 1.0000, Safety Mode: SAFE_HOLD, Override: Safe hold mode active
2025-05-28 04:04:16,286 - INFO - [AUDIT] - Action: 0, Confidence: 1.0000, Safety Mode: SAFE_HOLD, Override: Safe hold mode active
2025-05-28 04:04:16,286 - INFO - [AUDIT] - Action: 0, Confidence: 1.0000, Safety Mode: SAFE_HOLD, Override: Safe hold mode active
2025-05-28 04:04:16,286 - INFO - [AUDIT] - Action: 0, Confidence: 1.0000, Safety Mode: SAFE_HOLD, Override: Safe hold mode active
2025-05-28 04:04:16,286 - INFO - [AUDIT] - Action: 0, Confidence: 1.0000, Safety Mode: SAFE_HOLD, Override: Safe hold mode active
2025-05-28 04:04:16,286 - INFO - [AUDIT] - Action: 0, Confidence: 1.0000, Safety Mode: SAFE_HOLD, Override: Safe hold mode active
2025-05-28 04:04:16,287 - INFO - [AUDIT] - Action: 0, Confidence: 1.0000, Safety Mode: SAFE_HOLD, Override: Safe hold mode active
2025-05-28 04:04:16,287 - INFO - [AUDIT] - Action: 0, Confidence: 1.0000, Safety Mode: SAFE_HOLD, Override: Safe hold mode active
2025-05-28 04:04:16,287 - INFO - [AUDIT] - Action: 0, Confidence: 1.0000, Safety Mode: SAFE_HOLD, Override: Safe hold mode active
2025-05-28 04:04:16,287 - INFO - [AUDIT] - Action: 0, Confidence: 1.0000, Safety Mode: SAFE_HOLD, Override: Safe hold mode active
2025-05-28 04:04:16,287 - INFO - [AUDIT] - Action: 0, Confidence: 1.0000, Safety Mode: SAFE_HOLD, Override: Safe hold mode active
2025-05-28 04:04:16,288 - INFO - [AUDIT] - Action: 0, Confidence: 1.0000, Safety Mode: SAFE_HOLD, Override: Safe hold mode active
2025-05-28 04:04:16,288 - INFO - [AUDIT] - Action: 0, Confidence: 1.0000, Safety Mode: SAFE_HOLD, Override: Safe hold mode active
2025-05-28 04:04:16,288 - INFO - [AUDIT] - Action: 0, Confidence: 1.0000, Safety Mode: SAFE_HOLD, Override: Safe hold mode active
2025-05-28 04:04:16,288 - INFO - [AUDIT] - Action: 0, Confidence: 1.0000, Safety Mode: SAFE_HOLD, Override: Safe hold mode active
2025-05-28 04:04:16,288 - INFO - [AUDIT] - Action: 0, Confidence: 1.0000, Safety Mode: SAFE_HOLD, Override: Safe hold mode active
2025-05-28 04:04:16,288 - INFO - [AUDIT] - Action: 0, Confidence: 1.0000, Safety Mode: SAFE_HOLD, Override: Safe hold mode active
2025-05-28 04:04:16,289 - INFO - [AUDIT] - Action: 0, Confidence: 1.0000, Safety Mode: SAFE_HOLD, Override: Safe hold mode active
2025-05-28 04:04:16,289 - INFO - [AUDIT] - Action: 0, Confidence: 1.0000, Safety Mode: SAFE_HOLD, Override: Safe hold mode active
2025-05-28 04:04:16,289 - INFO - [AUDIT] - Action: 0, Confidence: 1.0000, Safety Mode: SAFE_HOLD, Override: Safe hold mode active
2025-05-28 04:04:16,289 - INFO - [AUDIT] - Action: 0, Confidence: 1.0000, Safety Mode: SAFE_HOLD, Override: Safe hold mode active
2025-05-28 04:04:16,289 - INFO - [AUDIT] - Action: 0, Confidence: 1.0000, Safety Mode: SAFE_HOLD, Override: Safe hold mode active
2025-05-28 04:04:16,290 - INFO - [AUDIT] - Action: 0, Confidence: 1.0000, Safety Mode: SAFE_HOLD, Override: Safe hold mode active
2025-05-28 04:04:16,290 - INFO - [AUDIT] - Action: 0, Confidence: 1.0000, Safety Mode: SAFE_HOLD, Override: Safe hold mode active
2025-05-28 04:04:16,290 - INFO - [AUDIT] - Action: 0, Confidence: 1.0000, Safety Mode: SAFE_HOLD, Override: Safe hold mode active
2025-05-28 04:04:16,290 - INFO - [AUDIT] - Action: 0, Confidence: 1.0000, Safety Mode: SAFE_HOLD, Override: Safe hold mode active
2025-05-28 04:04:16,290 - INFO - [AUDIT] - Action: 0, Confidence: 1.0000, Safety Mode: SAFE_HOLD, Override: Safe hold mode active
2025-05-28 04:04:16,291 - INFO - [AUDIT] - Action: 0, Confidence: 1.0000, Safety Mode: SAFE_HOLD, Override: Safe hold mode active
2025-05-28 04:04:16,291 - INFO - [AUDIT] - Action: 0, Confidence: 1.0000, Safety Mode: SAFE_HOLD, Override: Safe hold mode active
2025-05-28 04:04:16,291 - INFO - [AUDIT] - Action: 0, Confidence: 1.0000, Safety Mode: SAFE_HOLD, Override: Safe hold mode active
2025-05-28 04:04:16,291 - INFO - [AUDIT] - Action: 0, Confidence: 1.0000, Safety Mode: SAFE_HOLD, Override: Safe hold mode active
2025-05-28 04:04:16,291 - INFO - [AUDIT] - Action: 0, Confidence: 1.0000, Safety Mode: SAFE_HOLD, Override: Safe hold mode active
2025-05-28 04:04:16,292 - INFO - [AUDIT] - Action: 0, Confidence: 1.0000, Safety Mode: SAFE_HOLD, Override: Safe hold mode active
2025-05-28 04:04:16,292 - INFO - [AUDIT] - Action: 0, Confidence: 1.0000, Safety Mode: SAFE_HOLD, Override: Safe hold mode active
2025-05-28 04:04:16,292 - INFO - [AUDIT] - Action: 0, Confidence: 1.0000, Safety Mode: SAFE_HOLD, Override: Safe hold mode active
2025-05-28 04:04:16,292 - INFO - [AUDIT] - Action: 0, Confidence: 1.0000, Safety Mode: SAFE_HOLD, Override: Safe hold mode active
2025-05-28 04:04:16,292 - INFO - [AUDIT] - Action: 0, Confidence: 1.0000, Safety Mode: SAFE_HOLD, Override: Safe hold mode active
2025-05-28 04:04:16,292 - INFO - [AUDIT] - Action: 0, Confidence: 1.0000, Safety Mode: SAFE_HOLD, Override: Safe hold mode active
2025-05-28 04:04:16,293 - INFO - [AUDIT] - Action: 0, Confidence: 1.0000, Safety Mode: SAFE_HOLD, Override: Safe hold mode active
2025-05-28 04:04:16,293 - INFO - [AUDIT] - Action: 0, Confidence: 1.0000, Safety Mode: SAFE_HOLD, Override: Safe hold mode active
2025-05-28 04:04:16,293 - INFO - [AUDIT] - Action: 0, Confidence: 1.0000, Safety Mode: SAFE_HOLD, Override: Safe hold mode active
2025-05-28 04:04:16,293 - INFO - [AUDIT] - Action: 0, Confidence: 1.0000, Safety Mode: SAFE_HOLD, Override: Safe hold mode active
2025-05-28 04:04:16,293 - INFO - [AUDIT] - Action: 0, Confidence: 1.0000, Safety Mode: SAFE_HOLD, Override: Safe hold mode active
2025-05-28 04:04:16,294 - INFO - [AUDIT] - Action: 0, Confidence: 1.0000, Safety Mode: SAFE_HOLD, Override: Safe hold mode active
2025-05-28 04:04:16,294 - INFO - [AUDIT] - Action: 0, Confidence: 1.0000, Safety Mode: SAFE_HOLD, Override: Safe hold mode active
2025-05-28 04:04:16,294 - INFO - [AUDIT] - Action: 0, Confidence: 1.0000, Safety Mode: SAFE_HOLD, Override: Safe hold mode active
2025-05-28 04:04:16,294 - INFO - [AUDIT] - Action: 0, Confidence: 1.0000, Safety Mode: SAFE_HOLD, Override: Safe hold mode active
2025-05-28 04:04:16,294 - INFO - [AUDIT] - Action: 0, Confidence: 1.0000, Safety Mode: SAFE_HOLD, Override: Safe hold mode active
2025-05-28 04:04:16,295 - INFO - [AUDIT] - Action: 0, Confidence: 1.0000, Safety Mode: SAFE_HOLD, Override: Safe hold mode active
2025-05-28 04:04:16,295 - INFO - [AUDIT] - Action: 0, Confidence: 1.0000, Safety Mode: SAFE_HOLD, Override: Safe hold mode active
2025-05-28 04:04:16,295 - INFO - [AUDIT] - Action: 0, Confidence: 1.0000, Safety Mode: SAFE_HOLD, Override: Safe hold mode active
2025-05-28 04:04:16,295 - INFO - [AUDIT] - Action: 0, Confidence: 1.0000, Safety Mode: SAFE_HOLD, Override: Safe hold mode active
2025-05-28 04:04:16,296 - INFO - [AUDIT] - Action: 0, Confidence: 1.0000, Safety Mode: SAFE_HOLD, Override: Safe hold mode active
2025-05-28 04:04:16,296 - INFO - [AUDIT] - Action: 0, Confidence: 1.0000, Safety Mode: SAFE_HOLD, Override: Safe hold mode active
2025-05-28 04:04:16,296 - INFO - [AUDIT] - Action: 0, Confidence: 1.0000, Safety Mode: SAFE_HOLD, Override: Safe hold mode active
2025-05-28 04:04:16,296 - INFO - [AUDIT] - Action: 0, Confidence: 1.0000, Safety Mode: SAFE_HOLD, Override: Safe hold mode active
2025-05-28 04:04:16,296 - INFO - [AUDIT] - Action: 0, Confidence: 1.0000, Safety Mode: SAFE_HOLD, Override: Safe hold mode active
2025-05-28 04:04:16,296 - INFO - [AUDIT] - Action: 0, Confidence: 1.0000, Safety Mode: SAFE_HOLD, Override: Safe hold mode active
2025-05-28 04:04:16,297 - INFO - [AUDIT] - Action: 0, Confidence: 1.0000, Safety Mode: SAFE_HOLD, Override: Safe hold mode active
2025-05-28 04:04:16,297 - INFO - [AUDIT] - Action: 0, Confidence: 1.0000, Safety Mode: SAFE_HOLD, Override: Safe hold mode active
2025-05-28 04:04:16,297 - INFO - [AUDIT] - Action: 0, Confidence: 1.0000, Safety Mode: SAFE_HOLD, Override: Safe hold mode active
2025-05-28 04:04:16,297 - INFO - [AUDIT] - Action: 0, Confidence: 1.0000, Safety Mode: SAFE_HOLD, Override: Safe hold mode active
2025-05-28 04:04:16,297 - INFO - [AUDIT] - Action: 0, Confidence: 1.0000, Safety Mode: SAFE_HOLD, Override: Safe hold mode active
2025-05-28 04:04:16,298 - INFO - [AUDIT] - Action: 0, Confidence: 1.0000, Safety Mode: SAFE_HOLD, Override: Safe hold mode active
2025-05-28 04:04:16,298 - INFO - [AUDIT] - Action: 0, Confidence: 1.0000, Safety Mode: SAFE_HOLD, Override: Safe hold mode active
2025-05-28 04:04:16,298 - INFO - [AUDIT] - Action: 0, Confidence: 1.0000, Safety Mode: SAFE_HOLD, Override: Safe hold mode active
2025-05-28 04:04:16,298 - INFO - [AUDIT] - Action: 0, Confidence: 1.0000, Safety Mode: SAFE_HOLD, Override: Safe hold mode active
2025-05-28 04:04:16,298 - INFO - [AUDIT] - Action: 0, Confidence: 1.0000, Safety Mode: SAFE_HOLD, Override: Safe hold mode active
2025-05-28 04:04:16,299 - INFO - [AUDIT] - Action: 0, Confidence: 1.0000, Safety Mode: SAFE_HOLD, Override: Safe hold mode active
2025-05-28 04:04:16,299 - INFO - [AUDIT] - Action: 0, Confidence: 1.0000, Safety Mode: SAFE_HOLD, Override: Safe hold mode active
2025-05-28 04:04:16,299 - INFO - [AUDIT] - Action: 0, Confidence: 1.0000, Safety Mode: SAFE_HOLD, Override: Safe hold mode active
2025-05-28 04:04:16,299 - INFO - [AUDIT] - Action: 0, Confidence: 1.0000, Safety Mode: SAFE_HOLD, Override: Safe hold mode active
2025-05-28 04:04:16,299 - INFO - [AUDIT] - Action: 0, Confidence: 1.0000, Safety Mode: SAFE_HOLD, Override: Safe hold mode active
2025-05-28 04:04:16,299 - INFO - [AUDIT] - Action: 0, Confidence: 1.0000, Safety Mode: SAFE_HOLD, Override: Safe hold mode active
2025-05-28 04:04:16,300 - INFO - [AUDIT] - Action: 0, Confidence: 1.0000, Safety Mode: SAFE_HOLD, Override: Safe hold mode active
2025-05-28 04:04:16,300 - INFO - [AUDIT] - Action: 0, Confidence: 1.0000, Safety Mode: SAFE_HOLD, Override: Safe hold mode active
2025-05-28 04:04:16,300 - INFO - [AUDIT] - Action: 0, Confidence: 1.0000, Safety Mode: SAFE_HOLD, Override: Safe hold mode active
2025-05-28 04:04:16,300 - INFO - [AUDIT] - Action: 0, Confidence: 1.0000, Safety Mode: SAFE_HOLD, Override: Safe hold mode active
2025-05-28 04:04:16,300 - INFO - [AUDIT] - Action: 0, Confidence: 1.0000, Safety Mode: SAFE_HOLD, Override: Safe hold mode active
2025-05-28 04:04:16,301 - INFO - [AUDIT] - Action: 0, Confidence: 1.0000, Safety Mode: SAFE_HOLD, Override: Safe hold mode active
2025-05-28 04:04:16,301 - INFO - [AUDIT] - Action: 0, Confidence: 1.0000, Safety Mode: SAFE_HOLD, Override: Safe hold mode active
2025-05-28 04:04:16,301 - INFO - [AUDIT] - Action: 0, Confidence: 1.0000, Safety Mode: SAFE_HOLD, Override: Safe hold mode active
2025-05-28 04:04:16,301 - INFO - [AUDIT] - Action: 0, Confidence: 1.0000, Safety Mode: SAFE_HOLD, Override: Safe hold mode active
2025-05-28 04:04:16,301 - INFO - [AUDIT] - Action: 0, Confidence: 1.0000, Safety Mode: SAFE_HOLD, Override: Safe hold mode active
2025-05-28 04:04:16,302 - INFO - [AUDIT] - Action: 0, Confidence: 1.0000, Safety Mode: SAFE_HOLD, Override: Safe hold mode active
2025-05-28 04:04:16,302 - INFO - [AUDIT] - Action: 0, Confidence: 1.0000, Safety Mode: SAFE_HOLD, Override: Safe hold mode active
2025-05-28 04:04:16,302 - INFO - [AUDIT] - Action: 0, Confidence: 1.0000, Safety Mode: SAFE_HOLD, Override: Safe hold mode active
2025-05-28 04:04:16,302 - INFO - [AUDIT] - Action: 0, Confidence: 1.0000, Safety Mode: SAFE_HOLD, Override: Safe hold mode active
2025-05-28 04:04:16,303 - INFO - [AUDIT] - Action: 0, Confidence: 1.0000, Safety Mode: SAFE_HOLD, Override: Safe hold mode active
2025-05-28 04:04:16,303 - INFO - [AUDIT] - Action: 0, Confidence: 1.0000, Safety Mode: SAFE_HOLD, Override: Safe hold mode active
2025-05-28 04:04:16,303 - INFO - [AUDIT] - Action: 0, Confidence: 1.0000, Safety Mode: SAFE_HOLD, Override: Safe hold mode active
2025-05-28 04:04:16,303 - INFO - [AUDIT] - Action: 0, Confidence: 1.0000, Safety Mode: SAFE_HOLD, Override: Safe hold mode active
2025-05-28 04:04:16,303 - INFO - [AUDIT] - Action: 0, Confidence: 1.0000, Safety Mode: SAFE_HOLD, Override: Safe hold mode active
2025-05-28 04:04:16,303 - INFO - [AUDIT] - Action: 0, Confidence: 1.0000, Safety Mode: SAFE_HOLD, Override: Safe hold mode active
2025-05-28 04:04:16,304 - INFO - [AUDIT] - Action: 0, Confidence: 1.0000, Safety Mode: SAFE_HOLD, Override: Safe hold mode active
2025-05-28 04:04:16,304 - INFO - [AUDIT] - Action: 0, Confidence: 1.0000, Safety Mode: SAFE_HOLD, Override: Safe hold mode active
2025-05-28 04:04:16,304 - INFO - [AUDIT] - Action: 0, Confidence: 1.0000, Safety Mode: SAFE_HOLD, Override: Safe hold mode active
2025-05-28 04:04:16,304 - INFO - [AUDIT] - Action: 0, Confidence: 1.0000, Safety Mode: SAFE_HOLD, Override: Safe hold mode active
2025-05-28 04:04:16,304 - INFO - [AUDIT] - Action: 0, Confidence: 1.0000, Safety Mode: SAFE_HOLD, Override: Safe hold mode active
2025-05-28 04:04:16,305 - INFO - [AUDIT] - Action: 0, Confidence: 1.0000, Safety Mode: SAFE_HOLD, Override: Safe hold mode active
2025-05-28 04:04:16,305 - INFO - [AUDIT] - Action: 0, Confidence: 1.0000, Safety Mode: SAFE_HOLD, Override: Safe hold mode active
2025-05-28 04:04:16,305 - INFO - [AUDIT] - Action: 0, Confidence: 1.0000, Safety Mode: SAFE_HOLD, Override: Safe hold mode active
2025-05-28 04:04:16,305 - INFO - [AUDIT] - Action: 0, Confidence: 1.0000, Safety Mode: SAFE_HOLD, Override: Safe hold mode active
2025-05-28 04:04:16,306 - INFO - [AUDIT] - Action: 0, Confidence: 1.0000, Safety Mode: SAFE_HOLD, Override: Safe hold mode active
2025-05-28 04:04:16,306 - INFO - [AUDIT] - Action: 0, Confidence: 1.0000, Safety Mode: SAFE_HOLD, Override: Safe hold mode active
2025-05-28 04:04:16,306 - INFO - [AUDIT] - Action: 0, Confidence: 1.0000, Safety Mode: SAFE_HOLD, Override: Safe hold mode active
2025-05-28 04:04:16,306 - INFO - [AUDIT] - Action: 0, Confidence: 1.0000, Safety Mode: SAFE_HOLD, Override: Safe hold mode active
2025-05-28 04:04:16,306 - INFO - [AUDIT] - Action: 0, Confidence: 1.0000, Safety Mode: SAFE_HOLD, Override: Safe hold mode active
2025-05-28 04:04:16,306 - INFO - [AUDIT] - Action: 0, Confidence: 1.0000, Safety Mode: SAFE_HOLD, Override: Safe hold mode active
2025-05-28 04:04:16,307 - INFO - [AUDIT] - Action: 0, Confidence: 1.0000, Safety Mode: SAFE_HOLD, Override: Safe hold mode active
2025-05-28 04:04:16,307 - INFO - [AUDIT] - Action: 0, Confidence: 1.0000, Safety Mode: SAFE_HOLD, Override: Safe hold mode active
2025-05-28 04:04:16,307 - INFO - [AUDIT] - Action: 0, Confidence: 1.0000, Safety Mode: SAFE_HOLD, Override: Safe hold mode active
2025-05-28 04:04:16,307 - INFO - [AUDIT] - Action: 0, Confidence: 1.0000, Safety Mode: SAFE_HOLD, Override: Safe hold mode active
2025-05-28 04:04:16,307 - INFO - [AUDIT] - Action: 0, Confidence: 1.0000, Safety Mode: SAFE_HOLD, Override: Safe hold mode active
2025-05-28 04:04:16,308 - INFO - [AUDIT] - Action: 0, Confidence: 1.0000, Safety Mode: SAFE_HOLD, Override: Safe hold mode active
2025-05-28 04:04:16,308 - INFO - [AUDIT] - Action: 0, Confidence: 1.0000, Safety Mode: SAFE_HOLD, Override: Safe hold mode active
2025-05-28 04:04:16,308 - INFO - [AUDIT] - Action: 0, Confidence: 1.0000, Safety Mode: SAFE_HOLD, Override: Safe hold mode active
2025-05-28 04:04:16,308 - INFO - [AUDIT] - Action: 0, Confidence: 1.0000, Safety Mode: SAFE_HOLD, Override: Safe hold mode active
2025-05-28 04:04:16,308 - INFO - [AUDIT] - Action: 0, Confidence: 1.0000, Safety Mode: SAFE_HOLD, Override: Safe hold mode active
2025-05-28 04:04:16,308 - INFO - [AUDIT] - Action: 0, Confidence: 1.0000, Safety Mode: SAFE_HOLD, Override: Safe hold mode active
2025-05-28 04:04:16,309 - INFO - [AUDIT] - Action: 0, Confidence: 1.0000, Safety Mode: SAFE_HOLD, Override: Safe hold mode active
2025-05-28 04:04:16,309 - INFO - [AUDIT] - Action: 0, Confidence: 1.0000, Safety Mode: SAFE_HOLD, Override: Safe hold mode active
2025-05-28 04:04:16,309 - INFO - [AUDIT] - Action: 0, Confidence: 1.0000, Safety Mode: SAFE_HOLD, Override: Safe hold mode active
2025-05-28 04:04:16,309 - INFO - [AUDIT] - Action: 0, Confidence: 1.0000, Safety Mode: SAFE_HOLD, Override: Safe hold mode active
2025-05-28 04:04:16,309 - INFO - [AUDIT] - Action: 0, Confidence: 1.0000, Safety Mode: SAFE_HOLD, Override: Safe hold mode active
2025-05-28 04:04:16,310 - INFO - [AUDIT] - Action: 0, Confidence: 1.0000, Safety Mode: SAFE_HOLD, Override: Safe hold mode active
2025-05-28 04:04:16,310 - INFO - [AUDIT] - Action: 0, Confidence: 1.0000, Safety Mode: SAFE_HOLD, Override: Safe hold mode active
2025-05-28 04:04:16,310 - INFO - [AUDIT] - Action: 0, Confidence: 1.0000, Safety Mode: SAFE_HOLD, Override: Safe hold mode active
2025-05-28 04:04:16,310 - INFO - [AUDIT] - Action: 0, Confidence: 1.0000, Safety Mode: SAFE_HOLD, Override: Safe hold mode active
2025-05-28 04:04:16,310 - INFO - [AUDIT] - Action: 0, Confidence: 1.0000, Safety Mode: SAFE_HOLD, Override: Safe hold mode active
2025-05-28 04:04:16,311 - INFO - [AUDIT] - Action: 0, Confidence: 1.0000, Safety Mode: SAFE_HOLD, Override: Safe hold mode active
2025-05-28 04:04:16,311 - INFO - [AUDIT] - Action: 0, Confidence: 1.0000, Safety Mode: SAFE_HOLD, Override: Safe hold mode active
2025-05-28 04:04:16,311 - INFO - [AUDIT] - Action: 0, Confidence: 1.0000, Safety Mode: SAFE_HOLD, Override: Safe hold mode active
2025-05-28 04:04:16,311 - INFO - [AUDIT] - Action: 0, Confidence: 1.0000, Safety Mode: SAFE_HOLD, Override: Safe hold mode active
2025-05-28 04:04:16,311 - INFO - [AUDIT] - Action: 0, Confidence: 1.0000, Safety Mode: SAFE_HOLD, Override: Safe hold mode active
2025-05-28 04:04:16,311 - INFO - [AUDIT] - Action: 0, Confidence: 1.0000, Safety Mode: SAFE_HOLD, Override: Safe hold mode active
2025-05-28 04:04:16,312 - INFO - [AUDIT] - Action: 0, Confidence: 1.0000, Safety Mode: SAFE_HOLD, Override: Safe hold mode active
2025-05-28 04:04:16,312 - INFO - [AUDIT] - Action: 0, Confidence: 1.0000, Safety Mode: SAFE_HOLD, Override: Safe hold mode active
2025-05-28 04:04:16,312 - INFO - [AUDIT] - Action: 0, Confidence: 1.0000, Safety Mode: SAFE_HOLD, Override: Safe hold mode active
2025-05-28 04:04:16,312 - INFO - [AUDIT] - Action: 0, Confidence: 1.0000, Safety Mode: SAFE_HOLD, Override: Safe hold mode active
2025-05-28 04:04:16,312 - INFO - [AUDIT] - Action: 0, Confidence: 1.0000, Safety Mode: SAFE_HOLD, Override: Safe hold mode active
2025-05-28 04:04:16,313 - INFO - [AUDIT] - Action: 0, Confidence: 1.0000, Safety Mode: SAFE_HOLD, Override: Safe hold mode active
2025-05-28 04:04:16,313 - INFO - [AUDIT] - Action: 0, Confidence: 1.0000, Safety Mode: SAFE_HOLD, Override: Safe hold mode active
2025-05-28 04:04:16,313 - INFO - [AUDIT] - Action: 0, Confidence: 1.0000, Safety Mode: SAFE_HOLD, Override: Safe hold mode active
2025-05-28 04:04:16,313 - INFO - [AUDIT] - Action: 0, Confidence: 1.0000, Safety Mode: SAFE_HOLD, Override: Safe hold mode active
2025-05-28 04:04:16,313 - INFO - [AUDIT] - Action: 0, Confidence: 1.0000, Safety Mode: SAFE_HOLD, Override: Safe hold mode active
2025-05-28 04:04:16,314 - INFO - [AUDIT] - Action: 0, Confidence: 1.0000, Safety Mode: SAFE_HOLD, Override: Safe hold mode active
2025-05-28 04:04:16,314 - INFO - [AUDIT] - Action: 0, Confidence: 1.0000, Safety Mode: SAFE_HOLD, Override: Safe hold mode active
2025-05-28 04:04:16,314 - INFO - [AUDIT] - Action: 0, Confidence: 1.0000, Safety Mode: SAFE_HOLD, Override: Safe hold mode active
2025-05-28 04:04:16,314 - INFO - [AUDIT] - Action: 0, Confidence: 1.0000, Safety Mode: SAFE_HOLD, Override: Safe hold mode active
2025-05-28 04:04:16,314 - INFO - [AUDIT] - Action: 0, Confidence: 1.0000, Safety Mode: SAFE_HOLD, Override: Safe hold mode active
2025-05-28 04:04:16,315 - INFO - [AUDIT] - Action: 0, Confidence: 1.0000, Safety Mode: SAFE_HOLD, Override: Safe hold mode active
2025-05-28 04:04:16,315 - INFO - [AUDIT] - Action: 0, Confidence: 1.0000, Safety Mode: SAFE_HOLD, Override: Safe hold mode active
2025-05-28 04:04:16,315 - INFO - [AUDIT] - Action: 0, Confidence: 1.0000, Safety Mode: SAFE_HOLD, Override: Safe hold mode active
2025-05-28 04:04:16,315 - INFO - [AUDIT] - Action: 0, Confidence: 1.0000, Safety Mode: SAFE_HOLD, Override: Safe hold mode active
2025-05-28 04:04:16,315 - INFO - [AUDIT] - Action: 0, Confidence: 1.0000, Safety Mode: SAFE_HOLD, Override: Safe hold mode active
2025-05-28 04:04:16,316 - INFO - [AUDIT] - Action: 0, Confidence: 1.0000, Safety Mode: SAFE_HOLD, Override: Safe hold mode active
2025-05-28 04:04:16,316 - INFO - [AUDIT] - Action: 0, Confidence: 1.0000, Safety Mode: SAFE_HOLD, Override: Safe hold mode active
2025-05-28 04:04:16,316 - INFO - [AUDIT] - Action: 0, Confidence: 1.0000, Safety Mode: SAFE_HOLD, Override: Safe hold mode active
2025-05-28 04:04:16,316 - INFO - [AUDIT] - Action: 0, Confidence: 1.0000, Safety Mode: SAFE_HOLD, Override: Safe hold mode active
2025-05-28 04:04:16,316 - INFO - [AUDIT] - Action: 0, Confidence: 1.0000, Safety Mode: SAFE_HOLD, Override: Safe hold mode active
2025-05-28 04:04:16,316 - INFO - [AUDIT] - Action: 0, Confidence: 1.0000, Safety Mode: SAFE_HOLD, Override: Safe hold mode active
2025-05-28 04:04:16,317 - INFO - [AUDIT] - Action: 0, Confidence: 1.0000, Safety Mode: SAFE_HOLD, Override: Safe hold mode active
2025-05-28 04:04:16,317 - INFO - [AUDIT] - Action: 0, Confidence: 1.0000, Safety Mode: SAFE_HOLD, Override: Safe hold mode active
2025-05-28 04:04:16,317 - INFO - [AUDIT] - Action: 0, Confidence: 1.0000, Safety Mode: SAFE_HOLD, Override: Safe hold mode active
2025-05-28 04:04:16,317 - INFO - [AUDIT] - Action: 0, Confidence: 1.0000, Safety Mode: SAFE_HOLD, Override: Safe hold mode active
2025-05-28 04:04:16,317 - INFO - [AUDIT] - Action: 0, Confidence: 1.0000, Safety Mode: SAFE_HOLD, Override: Safe hold mode active
2025-05-28 04:04:16,318 - INFO - [AUDIT] - Action: 0, Confidence: 1.0000, Safety Mode: SAFE_HOLD, Override: Safe hold mode active
2025-05-28 04:04:16,318 - INFO - [AUDIT] - Action: 0, Confidence: 1.0000, Safety Mode: SAFE_HOLD, Override: Safe hold mode active
2025-05-28 04:04:16,318 - INFO - [AUDIT] - Action: 0, Confidence: 1.0000, Safety Mode: SAFE_HOLD, Override: Safe hold mode active
2025-05-28 04:04:16,318 - INFO - [AUDIT] - Action: 0, Confidence: 1.0000, Safety Mode: SAFE_HOLD, Override: Safe hold mode active
2025-05-28 04:04:16,319 - INFO - [AUDIT] - Action: 0, Confidence: 1.0000, Safety Mode: SAFE_HOLD, Override: Safe hold mode active
2025-05-28 04:04:16,319 - INFO - [AUDIT] - Action: 0, Confidence: 1.0000, Safety Mode: SAFE_HOLD, Override: Safe hold mode active
2025-05-28 04:04:16,319 - INFO - [AUDIT] - Action: 0, Confidence: 1.0000, Safety Mode: SAFE_HOLD, Override: Safe hold mode active
2025-05-28 04:04:16,320 - INFO - [AUDIT] - Action: 0, Confidence: 1.0000, Safety Mode: SAFE_HOLD, Override: Safe hold mode active
2025-05-28 04:04:16,320 - INFO - [AUDIT] - Action: 0, Confidence: 1.0000, Safety Mode: SAFE_HOLD, Override: Safe hold mode active
2025-05-28 04:04:16,320 - INFO - [AUDIT] - Action: 0, Confidence: 1.0000, Safety Mode: SAFE_HOLD, Override: Safe hold mode active
2025-05-28 04:04:16,320 - INFO - [AUDIT] - Action: 0, Confidence: 1.0000, Safety Mode: SAFE_HOLD, Override: Safe hold mode active
2025-05-28 04:04:16,320 - INFO - [AUDIT] - Action: 0, Confidence: 1.0000, Safety Mode: SAFE_HOLD, Override: Safe hold mode active
2025-05-28 04:04:16,320 - INFO - [AUDIT] - Action: 0, Confidence: 1.0000, Safety Mode: SAFE_HOLD, Override: Safe hold mode active
2025-05-28 04:04:16,321 - INFO - [AUDIT] - Action: 0, Confidence: 1.0000, Safety Mode: SAFE_HOLD, Override: Safe hold mode active
2025-05-28 04:04:16,321 - INFO - [AUDIT] - Action: 0, Confidence: 1.0000, Safety Mode: SAFE_HOLD, Override: Safe hold mode active
2025-05-28 04:04:16,321 - INFO - [AUDIT] - Action: 0, Confidence: 1.0000, Safety Mode: SAFE_HOLD, Override: Safe hold mode active
2025-05-28 04:04:16,321 - INFO - [AUDIT] - Action: 0, Confidence: 1.0000, Safety Mode: SAFE_HOLD, Override: Safe hold mode active
2025-05-28 04:04:16,321 - INFO - [AUDIT] - Action: 0, Confidence: 1.0000, Safety Mode: SAFE_HOLD, Override: Safe hold mode active
2025-05-28 04:04:16,322 - INFO - [AUDIT] - Action: 0, Confidence: 1.0000, Safety Mode: SAFE_HOLD, Override: Safe hold mode active
2025-05-28 04:04:16,322 - INFO - [AUDIT] - Action: 0, Confidence: 1.0000, Safety Mode: SAFE_HOLD, Override: Safe hold mode active
2025-05-28 04:04:16,322 - INFO - [AUDIT] - Action: 0, Confidence: 1.0000, Safety Mode: SAFE_HOLD, Override: Safe hold mode active
2025-05-28 04:04:16,322 - INFO - [AUDIT] - Action: 0, Confidence: 1.0000, Safety Mode: SAFE_HOLD, Override: Safe hold mode active
2025-05-28 04:04:16,322 - INFO - [AUDIT] - Action: 0, Confidence: 1.0000, Safety Mode: SAFE_HOLD, Override: Safe hold mode active
2025-05-28 04:04:16,323 - INFO - [AUDIT] - Action: 0, Confidence: 1.0000, Safety Mode: SAFE_HOLD, Override: Safe hold mode active
2025-05-28 04:04:16,323 - INFO - [AUDIT] - Action: 0, Confidence: 1.0000, Safety Mode: SAFE_HOLD, Override: Safe hold mode active
2025-05-28 04:04:16,323 - INFO - [AUDIT] - Action: 0, Confidence: 1.0000, Safety Mode: SAFE_HOLD, Override: Safe hold mode active
2025-05-28 04:04:16,323 - INFO - [AUDIT] - Action: 0, Confidence: 1.0000, Safety Mode: SAFE_HOLD, Override: Safe hold mode active
2025-05-28 04:04:16,323 - INFO - [AUDIT] - Action: 0, Confidence: 1.0000, Safety Mode: SAFE_HOLD, Override: Safe hold mode active
2025-05-28 04:04:16,324 - INFO - [AUDIT] - Action: 0, Confidence: 1.0000, Safety Mode: SAFE_HOLD, Override: Safe hold mode active
2025-05-28 04:04:16,324 - INFO - [AUDIT] - Action: 0, Confidence: 1.0000, Safety Mode: SAFE_HOLD, Override: Safe hold mode active
2025-05-28 04:04:16,324 - INFO - [AUDIT] - Action: 0, Confidence: 1.0000, Safety Mode: SAFE_HOLD, Override: Safe hold mode active
2025-05-28 04:04:16,324 - INFO - [AUDIT] - Action: 0, Confidence: 1.0000, Safety Mode: SAFE_HOLD, Override: Safe hold mode active
2025-05-28 04:04:16,324 - INFO - [AUDIT] - Action: 0, Confidence: 1.0000, Safety Mode: SAFE_HOLD, Override: Safe hold mode active
2025-05-28 04:04:16,324 - INFO - [AUDIT] - Action: 0, Confidence: 1.0000, Safety Mode: SAFE_HOLD, Override: Safe hold mode active
2025-05-28 04:04:16,325 - INFO - [AUDIT] - Action: 0, Confidence: 1.0000, Safety Mode: SAFE_HOLD, Override: Safe hold mode active
2025-05-28 04:04:16,325 - INFO - [AUDIT] - Action: 0, Confidence: 1.0000, Safety Mode: SAFE_HOLD, Override: Safe hold mode active
2025-05-28 04:04:16,325 - INFO - [AUDIT] - Action: 0, Confidence: 1.0000, Safety Mode: SAFE_HOLD, Override: Safe hold mode active
2025-05-28 04:04:16,325 - INFO - [AUDIT] - Action: 0, Confidence: 1.0000, Safety Mode: SAFE_HOLD, Override: Safe hold mode active
2025-05-28 04:04:16,325 - INFO - [AUDIT] - Action: 0, Confidence: 1.0000, Safety Mode: SAFE_HOLD, Override: Safe hold mode active
2025-05-28 04:04:16,326 - INFO - [AUDIT] - Action: 0, Confidence: 1.0000, Safety Mode: SAFE_HOLD, Override: Safe hold mode active
2025-05-28 04:04:16,326 - INFO - [AUDIT] - Action: 0, Confidence: 1.0000, Safety Mode: SAFE_HOLD, Override: Safe hold mode active
2025-05-28 04:04:16,326 - INFO - [AUDIT] - Action: 0, Confidence: 1.0000, Safety Mode: SAFE_HOLD, Override: Safe hold mode active
2025-05-28 04:04:16,326 - INFO - [AUDIT] - Action: 0, Confidence: 1.0000, Safety Mode: SAFE_HOLD, Override: Safe hold mode active
2025-05-28 04:04:16,326 - INFO - [AUDIT] - Action: 0, Confidence: 1.0000, Safety Mode: SAFE_HOLD, Override: Safe hold mode active
2025-05-28 04:04:16,327 - INFO - [AUDIT] - Action: 0, Confidence: 1.0000, Safety Mode: SAFE_HOLD, Override: Safe hold mode active
2025-05-28 04:04:16,327 - INFO - [AUDIT] - Action: 0, Confidence: 1.0000, Safety Mode: SAFE_HOLD, Override: Safe hold mode active
2025-05-28 04:04:16,327 - INFO - [AUDIT] - Action: 0, Confidence: 1.0000, Safety Mode: SAFE_HOLD, Override: Safe hold mode active
2025-05-28 04:04:16,327 - INFO - [AUDIT] - Action: 0, Confidence: 1.0000, Safety Mode: SAFE_HOLD, Override: Safe hold mode active
2025-05-28 04:04:16,327 - INFO - [AUDIT] - Action: 0, Confidence: 1.0000, Safety Mode: SAFE_HOLD, Override: Safe hold mode active
2025-05-28 04:04:16,327 - INFO - [AUDIT] - Action: 0, Confidence: 1.0000, Safety Mode: SAFE_HOLD, Override: Safe hold mode active
2025-05-28 04:04:16,328 - INFO - [AUDIT] - Action: 0, Confidence: 1.0000, Safety Mode: SAFE_HOLD, Override: Safe hold mode active
2025-05-28 04:04:16,328 - INFO - [AUDIT] - Action: 0, Confidence: 1.0000, Safety Mode: SAFE_HOLD, Override: Safe hold mode active
2025-05-28 04:04:16,328 - INFO - [AUDIT] - Action: 0, Confidence: 1.0000, Safety Mode: SAFE_HOLD, Override: Safe hold mode active
2025-05-28 04:04:16,328 - INFO - [AUDIT] - Action: 0, Confidence: 1.0000, Safety Mode: SAFE_HOLD, Override: Safe hold mode active
2025-05-28 04:04:16,328 - INFO - [AUDIT] - Action: 0, Confidence: 1.0000, Safety Mode: SAFE_HOLD, Override: Safe hold mode active
2025-05-28 04:04:16,329 - INFO - [AUDIT] - Action: 0, Confidence: 1.0000, Safety Mode: SAFE_HOLD, Override: Safe hold mode active
2025-05-28 04:04:16,329 - INFO - [AUDIT] - Action: 0, Confidence: 1.0000, Safety Mode: SAFE_HOLD, Override: Safe hold mode active
2025-05-28 04:04:16,329 - INFO - [AUDIT] - Action: 0, Confidence: 1.0000, Safety Mode: SAFE_HOLD, Override: Safe hold mode active
2025-05-28 04:04:16,329 - INFO - [AUDIT] - Action: 0, Confidence: 1.0000, Safety Mode: SAFE_HOLD, Override: Safe hold mode active
2025-05-28 04:04:16,329 - INFO - [AUDIT] - Action: 0, Confidence: 1.0000, Safety Mode: SAFE_HOLD, Override: Safe hold mode active
2025-05-28 04:04:16,330 - INFO - [AUDIT] - Action: 0, Confidence: 1.0000, Safety Mode: SAFE_HOLD, Override: Safe hold mode active
2025-05-28 04:04:16,330 - INFO - [AUDIT] - Action: 0, Confidence: 1.0000, Safety Mode: SAFE_HOLD, Override: Safe hold mode active
2025-05-28 04:04:16,330 - INFO - [AUDIT] - Action: 0, Confidence: 1.0000, Safety Mode: SAFE_HOLD, Override: Safe hold mode active
2025-05-28 04:04:16,330 - INFO - [AUDIT] - Action: 0, Confidence: 1.0000, Safety Mode: SAFE_HOLD, Override: Safe hold mode active
2025-05-28 04:04:16,331 - INFO - [AUDIT] - Action: 0, Confidence: 1.0000, Safety Mode: SAFE_HOLD, Override: Safe hold mode active
2025-05-28 04:04:16,331 - INFO - [AUDIT] - Action: 0, Confidence: 1.0000, Safety Mode: SAFE_HOLD, Override: Safe hold mode active
2025-05-28 04:04:16,331 - INFO - [AUDIT] - Action: 0, Confidence: 1.0000, Safety Mode: SAFE_HOLD, Override: Safe hold mode active
2025-05-28 04:04:16,331 - INFO - [AUDIT] - Action: 0, Confidence: 1.0000, Safety Mode: SAFE_HOLD, Override: Safe hold mode active
2025-05-28 04:04:16,331 - INFO - [AUDIT] - Action: 0, Confidence: 1.0000, Safety Mode: SAFE_HOLD, Override: Safe hold mode active
2025-05-28 04:04:16,332 - INFO - [AUDIT] - Action: 0, Confidence: 1.0000, Safety Mode: SAFE_HOLD, Override: Safe hold mode active
2025-05-28 04:04:16,332 - INFO - [AUDIT] - Action: 0, Confidence: 1.0000, Safety Mode: SAFE_HOLD, Override: Safe hold mode active
2025-05-28 04:04:16,332 - INFO - [AUDIT] - Action: 0, Confidence: 1.0000, Safety Mode: SAFE_HOLD, Override: Safe hold mode active
2025-05-28 04:04:16,332 - INFO - [AUDIT] - Action: 0, Confidence: 1.0000, Safety Mode: SAFE_HOLD, Override: Safe hold mode active
2025-05-28 04:04:16,332 - INFO - [AUDIT] - Action: 0, Confidence: 1.0000, Safety Mode: SAFE_HOLD, Override: Safe hold mode active
2025-05-28 04:04:16,333 - INFO - [AUDIT] - Action: 0, Confidence: 1.0000, Safety Mode: SAFE_HOLD, Override: Safe hold mode active
2025-05-28 04:04:16,333 - INFO - [AUDIT] - Action: 0, Confidence: 1.0000, Safety Mode: SAFE_HOLD, Override: Safe hold mode active
2025-05-28 04:04:16,333 - INFO - [AUDIT] - Action: 0, Confidence: 1.0000, Safety Mode: SAFE_HOLD, Override: Safe hold mode active
2025-05-28 04:04:16,333 - INFO - [AUDIT] - Action: 0, Confidence: 1.0000, Safety Mode: SAFE_HOLD, Override: Safe hold mode active
2025-05-28 04:04:16,333 - INFO - [AUDIT] - Action: 0, Confidence: 1.0000, Safety Mode: SAFE_HOLD, Override: Safe hold mode active
2025-05-28 04:04:16,333 - INFO - [AUDIT] - Action: 0, Confidence: 1.0000, Safety Mode: SAFE_HOLD, Override: Safe hold mode active
2025-05-28 04:04:16,334 - INFO - [AUDIT] - Action: 0, Confidence: 1.0000, Safety Mode: SAFE_HOLD, Override: Safe hold mode active
2025-05-28 04:04:16,334 - INFO - [AUDIT] - Action: 0, Confidence: 1.0000, Safety Mode: SAFE_HOLD, Override: Safe hold mode active
2025-05-28 04:04:16,334 - INFO - [AUDIT] - Action: 0, Confidence: 1.0000, Safety Mode: SAFE_HOLD, Override: Safe hold mode active
2025-05-28 04:04:16,334 - INFO - [AUDIT] - Action: 0, Confidence: 1.0000, Safety Mode: SAFE_HOLD, Override: Safe hold mode active
2025-05-28 04:04:16,334 - INFO - [AUDIT] - Action: 0, Confidence: 1.0000, Safety Mode: SAFE_HOLD, Override: Safe hold mode active
2025-05-28 04:04:16,335 - INFO - [AUDIT] - Action: 0, Confidence: 1.0000, Safety Mode: SAFE_HOLD, Override: Safe hold mode active
2025-05-28 04:04:16,335 - INFO - [AUDIT] - Action: 0, Confidence: 1.0000, Safety Mode: SAFE_HOLD, Override: Safe hold mode active
2025-05-28 04:04:16,335 - INFO - [AUDIT] - Action: 0, Confidence: 1.0000, Safety Mode: SAFE_HOLD, Override: Safe hold mode active
2025-05-28 04:04:16,335 - INFO - [AUDIT] - Action: 0, Confidence: 1.0000, Safety Mode: SAFE_HOLD, Override: Safe hold mode active
2025-05-28 04:04:16,335 - INFO - [AUDIT] - Action: 0, Confidence: 1.0000, Safety Mode: SAFE_HOLD, Override: Safe hold mode active
2025-05-28 04:04:16,336 - INFO - [AUDIT] - Action: 0, Confidence: 1.0000, Safety Mode: SAFE_HOLD, Override: Safe hold mode active
2025-05-28 04:04:16,336 - INFO - [AUDIT] - Action: 0, Confidence: 1.0000, Safety Mode: SAFE_HOLD, Override: Safe hold mode active
2025-05-28 04:04:16,336 - INFO - [AUDIT] - Action: 0, Confidence: 1.0000, Safety Mode: SAFE_HOLD, Override: Safe hold mode active
2025-05-28 04:04:16,337 - INFO - [AUDIT] - Action: 0, Confidence: 1.0000, Safety Mode: SAFE_HOLD, Override: Safe hold mode active
2025-05-28 04:04:16,337 - INFO - [AUDIT] - Action: 0, Confidence: 1.0000, Safety Mode: SAFE_HOLD, Override: Safe hold mode active
2025-05-28 04:04:16,337 - INFO - [AUDIT] - Action: 0, Confidence: 1.0000, Safety Mode: SAFE_HOLD, Override: Safe hold mode active
2025-05-28 04:04:16,337 - INFO - [AUDIT] - Action: 0, Confidence: 1.0000, Safety Mode: SAFE_HOLD, Override: Safe hold mode active
2025-05-28 04:04:16,337 - INFO - [AUDIT] - Action: 0, Confidence: 1.0000, Safety Mode: SAFE_HOLD, Override: Safe hold mode active
2025-05-28 04:04:16,338 - INFO - [AUDIT] - Action: 0, Confidence: 1.0000, Safety Mode: SAFE_HOLD, Override: Safe hold mode active
2025-05-28 04:04:16,338 - INFO - [AUDIT] - Action: 0, Confidence: 1.0000, Safety Mode: SAFE_HOLD, Override: Safe hold mode active
2025-05-28 04:04:16,338 - INFO - [AUDIT] - Action: 0, Confidence: 1.0000, Safety Mode: SAFE_HOLD, Override: Safe hold mode active
2025-05-28 04:04:16,338 - INFO - [AUDIT] - Action: 0, Confidence: 1.0000, Safety Mode: SAFE_HOLD, Override: Safe hold mode active
2025-05-28 04:04:16,338 - INFO - [AUDIT] - Action: 0, Confidence: 1.0000, Safety Mode: SAFE_HOLD, Override: Safe hold mode active
2025-05-28 04:04:16,338 - INFO - [AUDIT] - Action: 0, Confidence: 1.0000, Safety Mode: SAFE_HOLD, Override: Safe hold mode active
2025-05-28 04:04:16,339 - INFO - [AUDIT] - Action: 0, Confidence: 1.0000, Safety Mode: SAFE_HOLD, Override: Safe hold mode active
2025-05-28 04:04:16,339 - INFO - [AUDIT] - Action: 0, Confidence: 1.0000, Safety Mode: SAFE_HOLD, Override: Safe hold mode active
2025-05-28 04:04:16,339 - INFO - [AUDIT] - Action: 0, Confidence: 1.0000, Safety Mode: SAFE_HOLD, Override: Safe hold mode active
2025-05-28 04:04:16,339 - INFO - [AUDIT] - Action: 0, Confidence: 1.0000, Safety Mode: SAFE_HOLD, Override: Safe hold mode active
2025-05-28 04:04:16,339 - INFO - [AUDIT] - Action: 0, Confidence: 1.0000, Safety Mode: SAFE_HOLD, Override: Safe hold mode active
2025-05-28 04:04:16,340 - INFO - [AUDIT] - Action: 0, Confidence: 1.0000, Safety Mode: SAFE_HOLD, Override: Safe hold mode active
2025-05-28 04:04:16,340 - INFO - [AUDIT] - Action: 0, Confidence: 1.0000, Safety Mode: SAFE_HOLD, Override: Safe hold mode active
2025-05-28 04:04:16,340 - INFO - [AUDIT] - Action: 0, Confidence: 1.0000, Safety Mode: SAFE_HOLD, Override: Safe hold mode active
2025-05-28 04:04:16,340 - INFO - [AUDIT] - Action: 0, Confidence: 1.0000, Safety Mode: SAFE_HOLD, Override: Safe hold mode active
2025-05-28 04:04:16,340 - INFO - [AUDIT] - Action: 0, Confidence: 1.0000, Safety Mode: SAFE_HOLD, Override: Safe hold mode active
2025-05-28 04:04:16,341 - INFO - [AUDIT] - Action: 0, Confidence: 1.0000, Safety Mode: SAFE_HOLD, Override: Safe hold mode active
2025-05-28 04:04:16,341 - INFO - [AUDIT] - Action: 0, Confidence: 1.0000, Safety Mode: SAFE_HOLD, Override: Safe hold mode active
2025-05-28 04:04:16,341 - INFO - [AUDIT] - Action: 0, Confidence: 1.0000, Safety Mode: SAFE_HOLD, Override: Safe hold mode active
2025-05-28 04:04:16,341 - INFO - [AUDIT] - Action: 0, Confidence: 1.0000, Safety Mode: SAFE_HOLD, Override: Safe hold mode active
2025-05-28 04:04:16,341 - INFO - [AUDIT] - Action: 0, Confidence: 1.0000, Safety Mode: SAFE_HOLD, Override: Safe hold mode active
2025-05-28 04:04:16,342 - INFO - [AUDIT] - Action: 0, Confidence: 1.0000, Safety Mode: SAFE_HOLD, Override: Safe hold mode active
2025-05-28 04:04:16,342 - INFO - [AUDIT] - Action: 0, Confidence: 1.0000, Safety Mode: SAFE_HOLD, Override: Safe hold mode active
2025-05-28 04:04:16,342 - INFO - [AUDIT] - Action: 0, Confidence: 1.0000, Safety Mode: SAFE_HOLD, Override: Safe hold mode active
2025-05-28 04:04:16,342 - INFO - [AUDIT] - Action: 0, Confidence: 1.0000, Safety Mode: SAFE_HOLD, Override: Safe hold mode active
2025-05-28 04:04:16,342 - INFO - [AUDIT] - Action: 0, Confidence: 1.0000, Safety Mode: SAFE_HOLD, Override: Safe hold mode active
2025-05-28 04:04:16,342 - INFO - [AUDIT] - Action: 0, Confidence: 1.0000, Safety Mode: SAFE_HOLD, Override: Safe hold mode active
2025-05-28 04:04:16,343 - INFO - [AUDIT] - Action: 0, Confidence: 1.0000, Safety Mode: SAFE_HOLD, Override: Safe hold mode active
2025-05-28 04:04:16,343 - INFO - [AUDIT] - Action: 0, Confidence: 1.0000, Safety Mode: SAFE_HOLD, Override: Safe hold mode active
2025-05-28 04:04:16,343 - INFO - [AUDIT] - Action: 0, Confidence: 1.0000, Safety Mode: SAFE_HOLD, Override: Safe hold mode active
2025-05-28 04:04:16,343 - INFO - [AUDIT] - Action: 0, Confidence: 1.0000, Safety Mode: SAFE_HOLD, Override: Safe hold mode active
2025-05-28 04:04:16,343 - INFO - [AUDIT] - Action: 0, Confidence: 1.0000, Safety Mode: SAFE_HOLD, Override: Safe hold mode active
2025-05-28 04:04:16,344 - INFO - [AUDIT] - Action: 0, Confidence: 1.0000, Safety Mode: SAFE_HOLD, Override: Safe hold mode active
2025-05-28 04:04:16,344 - INFO - [AUDIT] - Action: 0, Confidence: 1.0000, Safety Mode: SAFE_HOLD, Override: Safe hold mode active
2025-05-28 04:04:16,344 - INFO - [AUDIT] - Action: 0, Confidence: 1.0000, Safety Mode: SAFE_HOLD, Override: Safe hold mode active
2025-05-28 04:04:16,344 - INFO - [AUDIT] - Action: 0, Confidence: 1.0000, Safety Mode: SAFE_HOLD, Override: Safe hold mode active
2025-05-28 04:04:16,344 - INFO - [AUDIT] - Action: 0, Confidence: 1.0000, Safety Mode: SAFE_HOLD, Override: Safe hold mode active
2025-05-28 04:04:16,345 - INFO - [AUDIT] - Action: 0, Confidence: 1.0000, Safety Mode: SAFE_HOLD, Override: Safe hold mode active
2025-05-28 04:04:16,345 - INFO - [AUDIT] - Action: 0, Confidence: 1.0000, Safety Mode: SAFE_HOLD, Override: Safe hold mode active
2025-05-28 04:04:16,345 - INFO - [AUDIT] - Action: 0, Confidence: 1.0000, Safety Mode: SAFE_HOLD, Override: Safe hold mode active
2025-05-28 04:04:16,345 - INFO - [AUDIT] - Action: 0, Confidence: 1.0000, Safety Mode: SAFE_HOLD, Override: Safe hold mode active
2025-05-28 04:04:16,345 - INFO - [AUDIT] - Action: 0, Confidence: 1.0000, Safety Mode: SAFE_HOLD, Override: Safe hold mode active
2025-05-28 04:04:16,346 - INFO - [AUDIT] - Action: 0, Confidence: 1.0000, Safety Mode: SAFE_HOLD, Override: Safe hold mode active
2025-05-28 04:04:16,346 - INFO - [AUDIT] - Action: 0, Confidence: 1.0000, Safety Mode: SAFE_HOLD, Override: Safe hold mode active
2025-05-28 04:04:16,346 - INFO - [AUDIT] - Action: 0, Confidence: 1.0000, Safety Mode: SAFE_HOLD, Override: Safe hold mode active
2025-05-28 04:04:16,346 - INFO - [AUDIT] - Action: 0, Confidence: 1.0000, Safety Mode: SAFE_HOLD, Override: Safe hold mode active
2025-05-28 04:04:16,346 - INFO - [AUDIT] - Action: 0, Confidence: 1.0000, Safety Mode: SAFE_HOLD, Override: Safe hold mode active
2025-05-28 04:04:16,346 - INFO - [AUDIT] - Action: 0, Confidence: 1.0000, Safety Mode: SAFE_HOLD, Override: Safe hold mode active
2025-05-28 04:04:16,347 - INFO - [AUDIT] - Action: 0, Confidence: 1.0000, Safety Mode: SAFE_HOLD, Override: Safe hold mode active
2025-05-28 04:04:16,347 - INFO - [AUDIT] - Action: 0, Confidence: 1.0000, Safety Mode: SAFE_HOLD, Override: Safe hold mode active
2025-05-28 04:04:16,347 - INFO - [AUDIT] - Action: 0, Confidence: 1.0000, Safety Mode: SAFE_HOLD, Override: Safe hold mode active
2025-05-28 04:04:16,347 - INFO - [AUDIT] - Action: 0, Confidence: 1.0000, Safety Mode: SAFE_HOLD, Override: Safe hold mode active
2025-05-28 04:04:16,347 - INFO - [AUDIT] - Action: 0, Confidence: 1.0000, Safety Mode: SAFE_HOLD, Override: Safe hold mode active
2025-05-28 04:04:16,348 - INFO - [AUDIT] - Action: 0, Confidence: 1.0000, Safety Mode: SAFE_HOLD, Override: Safe hold mode active
2025-05-28 04:04:16,348 - INFO - [AUDIT] - Action: 0, Confidence: 1.0000, Safety Mode: SAFE_HOLD, Override: Safe hold mode active
2025-05-28 04:04:16,348 - INFO - [AUDIT] - Action: 0, Confidence: 1.0000, Safety Mode: SAFE_HOLD, Override: Safe hold mode active
2025-05-28 04:04:16,348 - INFO - [AUDIT] - Action: 0, Confidence: 1.0000, Safety Mode: SAFE_HOLD, Override: Safe hold mode active
2025-05-28 04:04:16,348 - INFO - [AUDIT] - Action: 0, Confidence: 1.0000, Safety Mode: SAFE_HOLD, Override: Safe hold mode active
2025-05-28 04:04:16,348 - INFO - [AUDIT] - Action: 0, Confidence: 1.0000, Safety Mode: SAFE_HOLD, Override: Safe hold mode active
2025-05-28 04:04:16,349 - INFO - [AUDIT] - Action: 0, Confidence: 1.0000, Safety Mode: SAFE_HOLD, Override: Safe hold mode active
2025-05-28 04:04:16,349 - INFO - [AUDIT] - Action: 0, Confidence: 1.0000, Safety Mode: SAFE_HOLD, Override: Safe hold mode active
2025-05-28 04:04:16,349 - INFO - [AUDIT] - Action: 0, Confidence: 1.0000, Safety Mode: SAFE_HOLD, Override: Safe hold mode active
2025-05-28 04:04:16,349 - INFO - [AUDIT] - Action: 0, Confidence: 1.0000, Safety Mode: SAFE_HOLD, Override: Safe hold mode active
2025-05-28 04:04:16,349 - INFO - [AUDIT] - Action: 0, Confidence: 1.0000, Safety Mode: SAFE_HOLD, Override: Safe hold mode active
2025-05-28 04:04:16,350 - INFO - [AUDIT] - Action: 0, Confidence: 1.0000, Safety Mode: SAFE_HOLD, Override: Safe hold mode active
2025-05-28 04:04:16,350 - INFO - [AUDIT] - Action: 0, Confidence: 1.0000, Safety Mode: SAFE_HOLD, Override: Safe hold mode active
2025-05-28 04:04:16,350 - INFO - [AUDIT] - Action: 0, Confidence: 1.0000, Safety Mode: SAFE_HOLD, Override: Safe hold mode active
2025-05-28 04:04:16,350 - INFO - [AUDIT] - Action: 0, Confidence: 1.0000, Safety Mode: SAFE_HOLD, Override: Safe hold mode active
2025-05-28 04:04:16,350 - INFO - [AUDIT] - Action: 0, Confidence: 1.0000, Safety Mode: SAFE_HOLD, Override: Safe hold mode active
2025-05-28 04:04:16,350 - INFO - [AUDIT] - Action: 0, Confidence: 1.0000, Safety Mode: SAFE_HOLD, Override: Safe hold mode active
2025-05-28 04:04:16,351 - INFO - [AUDIT] - Action: 0, Confidence: 1.0000, Safety Mode: SAFE_HOLD, Override: Safe hold mode active
2025-05-28 04:04:16,351 - INFO - [AUDIT] - Action: 0, Confidence: 1.0000, Safety Mode: SAFE_HOLD, Override: Safe hold mode active
2025-05-28 04:04:16,351 - INFO - [AUDIT] - Action: 0, Confidence: 1.0000, Safety Mode: SAFE_HOLD, Override: Safe hold mode active
2025-05-28 04:04:16,351 - INFO - [AUDIT] - Action: 0, Confidence: 1.0000, Safety Mode: SAFE_HOLD, Override: Safe hold mode active
2025-05-28 04:04:16,351 - INFO - [AUDIT] - Action: 0, Confidence: 1.0000, Safety Mode: SAFE_HOLD, Override: Safe hold mode active
2025-05-28 04:04:16,351 - INFO - [AUDIT] - Action: 0, Confidence: 1.0000, Safety Mode: SAFE_HOLD, Override: Safe hold mode active
2025-05-28 04:04:16,352 - INFO - [AUDIT] - Action: 0, Confidence: 1.0000, Safety Mode: SAFE_HOLD, Override: Safe hold mode active
2025-05-28 04:04:16,352 - INFO - [AUDIT] - Action: 0, Confidence: 1.0000, Safety Mode: SAFE_HOLD, Override: Safe hold mode active
2025-05-28 04:04:16,353 - INFO - [AUDIT] - Action: 0, Confidence: 1.0000, Safety Mode: SAFE_HOLD, Override: Safe hold mode active
2025-05-28 04:04:16,353 - INFO - [AUDIT] - Action: 0, Confidence: 1.0000, Safety Mode: SAFE_HOLD, Override: Safe hold mode active
2025-05-28 04:04:16,353 - INFO - [AUDIT] - Action: 0, Confidence: 1.0000, Safety Mode: SAFE_HOLD, Override: Safe hold mode active
2025-05-28 04:04:16,353 - INFO - [AUDIT] - Action: 0, Confidence: 1.0000, Safety Mode: SAFE_HOLD, Override: Safe hold mode active
2025-05-28 04:04:16,353 - INFO - [AUDIT] - Action: 0, Confidence: 1.0000, Safety Mode: SAFE_HOLD, Override: Safe hold mode active
2025-05-28 04:04:16,354 - INFO - [AUDIT] - Action: 0, Confidence: 1.0000, Safety Mode: SAFE_HOLD, Override: Safe hold mode active
2025-05-28 04:04:16,354 - INFO - [AUDIT] - Action: 0, Confidence: 1.0000, Safety Mode: SAFE_HOLD, Override: Safe hold mode active
2025-05-28 04:04:16,354 - INFO - [AUDIT] - Action: 0, Confidence: 1.0000, Safety Mode: SAFE_HOLD, Override: Safe hold mode active
2025-05-28 04:04:16,354 - INFO - [AUDIT] - Action: 0, Confidence: 1.0000, Safety Mode: SAFE_HOLD, Override: Safe hold mode active
2025-05-28 04:04:16,354 - INFO - [AUDIT] - Action: 0, Confidence: 1.0000, Safety Mode: SAFE_HOLD, Override: Safe hold mode active
2025-05-28 04:04:16,355 - INFO - [AUDIT] - Action: 0, Confidence: 1.0000, Safety Mode: SAFE_HOLD, Override: Safe hold mode active
2025-05-28 04:04:16,355 - INFO - [AUDIT] - Action: 0, Confidence: 1.0000, Safety Mode: SAFE_HOLD, Override: Safe hold mode active
2025-05-28 04:04:16,355 - INFO - [AUDIT] - Action: 0, Confidence: 1.0000, Safety Mode: SAFE_HOLD, Override: Safe hold mode active
2025-05-28 04:04:16,355 - INFO - [AUDIT] - Action: 0, Confidence: 1.0000, Safety Mode: SAFE_HOLD, Override: Safe hold mode active
2025-05-28 04:04:16,355 - INFO - [AUDIT] - Action: 0, Confidence: 1.0000, Safety Mode: SAFE_HOLD, Override: Safe hold mode active
2025-05-28 04:04:16,356 - INFO - [AUDIT] - Action: 0, Confidence: 1.0000, Safety Mode: SAFE_HOLD, Override: Safe hold mode active
2025-05-28 04:04:16,356 - INFO - [AUDIT] - Action: 0, Confidence: 1.0000, Safety Mode: SAFE_HOLD, Override: Safe hold mode active
2025-05-28 04:04:16,356 - INFO - [AUDIT] - Action: 0, Confidence: 1.0000, Safety Mode: SAFE_HOLD, Override: Safe hold mode active
2025-05-28 04:04:16,356 - INFO - [AUDIT] - Action: 0, Confidence: 1.0000, Safety Mode: SAFE_HOLD, Override: Safe hold mode active
2025-05-28 04:04:16,356 - INFO - [AUDIT] - Action: 0, Confidence: 1.0000, Safety Mode: SAFE_HOLD, Override: Safe hold mode active
2025-05-28 04:04:16,356 - INFO - [AUDIT] - Action: 0, Confidence: 1.0000, Safety Mode: SAFE_HOLD, Override: Safe hold mode active
2025-05-28 04:04:16,357 - INFO - [AUDIT] - Action: 0, Confidence: 1.0000, Safety Mode: SAFE_HOLD, Override: Safe hold mode active
2025-05-28 04:04:16,357 - INFO - [AUDIT] - Action: 0, Confidence: 1.0000, Safety Mode: SAFE_HOLD, Override: Safe hold mode active
2025-05-28 04:04:16,357 - INFO - [AUDIT] - Action: 0, Confidence: 1.0000, Safety Mode: SAFE_HOLD, Override: Safe hold mode active
2025-05-28 04:04:16,357 - INFO - [AUDIT] - Action: 0, Confidence: 1.0000, Safety Mode: SAFE_HOLD, Override: Safe hold mode active
2025-05-28 04:04:16,357 - INFO - [AUDIT] - Action: 0, Confidence: 1.0000, Safety Mode: SAFE_HOLD, Override: Safe hold mode active
2025-05-28 04:04:16,358 - INFO - [AUDIT] - Action: 0, Confidence: 1.0000, Safety Mode: SAFE_HOLD, Override: Safe hold mode active
2025-05-28 04:04:16,358 - INFO - [AUDIT] - Action: 0, Confidence: 1.0000, Safety Mode: SAFE_HOLD, Override: Safe hold mode active
2025-05-28 04:04:16,358 - INFO - [AUDIT] - Action: 0, Confidence: 1.0000, Safety Mode: SAFE_HOLD, Override: Safe hold mode active
2025-05-28 04:04:16,358 - INFO - [AUDIT] - Action: 0, Confidence: 1.0000, Safety Mode: SAFE_HOLD, Override: Safe hold mode active
2025-05-28 04:04:16,358 - INFO - [AUDIT] - Action: 0, Confidence: 1.0000, Safety Mode: SAFE_HOLD, Override: Safe hold mode active
2025-05-28 04:04:16,358 - INFO - [AUDIT] - Action: 0, Confidence: 1.0000, Safety Mode: SAFE_HOLD, Override: Safe hold mode active
2025-05-28 04:04:16,359 - INFO - [AUDIT] - Action: 0, Confidence: 1.0000, Safety Mode: SAFE_HOLD, Override: Safe hold mode active
2025-05-28 04:04:16,359 - INFO - [AUDIT] - Action: 0, Confidence: 1.0000, Safety Mode: SAFE_HOLD, Override: Safe hold mode active
2025-05-28 04:04:16,359 - INFO - [AUDIT] - Action: 0, Confidence: 1.0000, Safety Mode: SAFE_HOLD, Override: Safe hold mode active
2025-05-28 04:04:16,359 - INFO - [AUDIT] - Action: 0, Confidence: 1.0000, Safety Mode: SAFE_HOLD, Override: Safe hold mode active
2025-05-28 04:04:16,359 - INFO - [AUDIT] - Action: 0, Confidence: 1.0000, Safety Mode: SAFE_HOLD, Override: Safe hold mode active
2025-05-28 04:04:16,360 - INFO - [AUDIT] - Action: 0, Confidence: 1.0000, Safety Mode: SAFE_HOLD, Override: Safe hold mode active
2025-05-28 04:04:16,360 - INFO - [AUDIT] - Action: 0, Confidence: 1.0000, Safety Mode: SAFE_HOLD, Override: Safe hold mode active
2025-05-28 04:04:16,360 - INFO - [AUDIT] - Action: 0, Confidence: 1.0000, Safety Mode: SAFE_HOLD, Override: Safe hold mode active
2025-05-28 04:04:16,360 - INFO - [AUDIT] - Action: 0, Confidence: 1.0000, Safety Mode: SAFE_HOLD, Override: Safe hold mode active
2025-05-28 04:04:16,360 - INFO - [AUDIT] - Action: 0, Confidence: 1.0000, Safety Mode: SAFE_HOLD, Override: Safe hold mode active
2025-05-28 04:04:16,361 - INFO - [AUDIT] - Action: 0, Confidence: 1.0000, Safety Mode: SAFE_HOLD, Override: Safe hold mode active
2025-05-28 04:04:16,361 - INFO - [AUDIT] - Action: 0, Confidence: 1.0000, Safety Mode: SAFE_HOLD, Override: Safe hold mode active
2025-05-28 04:04:16,361 - INFO - [AUDIT] - Action: 0, Confidence: 1.0000, Safety Mode: SAFE_HOLD, Override: Safe hold mode active
2025-05-28 04:04:16,361 - INFO - [AUDIT] - Action: 0, Confidence: 1.0000, Safety Mode: SAFE_HOLD, Override: Safe hold mode active
2025-05-28 04:04:16,361 - INFO - [AUDIT] - Action: 0, Confidence: 1.0000, Safety Mode: SAFE_HOLD, Override: Safe hold mode active
2025-05-28 04:04:16,362 - INFO - [AUDIT] - Action: 0, Confidence: 1.0000, Safety Mode: SAFE_HOLD, Override: Safe hold mode active
2025-05-28 04:04:16,362 - INFO - [AUDIT] - Action: 0, Confidence: 1.0000, Safety Mode: SAFE_HOLD, Override: Safe hold mode active
2025-05-28 04:04:16,362 - INFO - [AUDIT] - Action: 0, Confidence: 1.0000, Safety Mode: SAFE_HOLD, Override: Safe hold mode active
2025-05-28 04:04:16,362 - INFO - [AUDIT] - Action: 0, Confidence: 1.0000, Safety Mode: SAFE_HOLD, Override: Safe hold mode active
2025-05-28 04:04:16,362 - INFO - [AUDIT] - Action: 0, Confidence: 1.0000, Safety Mode: SAFE_HOLD, Override: Safe hold mode active
2025-05-28 04:04:16,363 - INFO - [AUDIT] - Action: 0, Confidence: 1.0000, Safety Mode: SAFE_HOLD, Override: Safe hold mode active
2025-05-28 04:04:16,363 - INFO - [AUDIT] - Action: 0, Confidence: 1.0000, Safety Mode: SAFE_HOLD, Override: Safe hold mode active
2025-05-28 04:04:16,363 - INFO - [AUDIT] - Action: 0, Confidence: 1.0000, Safety Mode: SAFE_HOLD, Override: Safe hold mode active
2025-05-28 04:04:16,363 - INFO - [AUDIT] - Action: 0, Confidence: 1.0000, Safety Mode: SAFE_HOLD, Override: Safe hold mode active
2025-05-28 04:04:16,363 - INFO - [AUDIT] - Action: 0, Confidence: 1.0000, Safety Mode: SAFE_HOLD, Override: Safe hold mode active
2025-05-28 04:04:16,363 - INFO - [AUDIT] - Action: 0, Confidence: 1.0000, Safety Mode: SAFE_HOLD, Override: Safe hold mode active
2025-05-28 04:04:16,364 - INFO - [AUDIT] - Action: 0, Confidence: 1.0000, Safety Mode: SAFE_HOLD, Override: Safe hold mode active
2025-05-28 04:04:16,364 - INFO - [AUDIT] - Action: 0, Confidence: 1.0000, Safety Mode: SAFE_HOLD, Override: Safe hold mode active
2025-05-28 04:04:16,364 - INFO - [AUDIT] - Action: 0, Confidence: 1.0000, Safety Mode: SAFE_HOLD, Override: Safe hold mode active
2025-05-28 04:04:16,364 - INFO - [AUDIT] - Action: 0, Confidence: 1.0000, Safety Mode: SAFE_HOLD, Override: Safe hold mode active
2025-05-28 04:04:16,364 - INFO - [AUDIT] - Action: 0, Confidence: 1.0000, Safety Mode: SAFE_HOLD, Override: Safe hold mode active
2025-05-28 04:04:16,365 - INFO - [AUDIT] - Action: 0, Confidence: 1.0000, Safety Mode: SAFE_HOLD, Override: Safe hold mode active
2025-05-28 04:04:16,365 - INFO - [AUDIT] - Action: 0, Confidence: 1.0000, Safety Mode: SAFE_HOLD, Override: Safe hold mode active
2025-05-28 04:04:16,365 - INFO - [AUDIT] - Action: 0, Confidence: 1.0000, Safety Mode: SAFE_HOLD, Override: Safe hold mode active
2025-05-28 04:04:16,365 - INFO - [AUDIT] - Action: 0, Confidence: 1.0000, Safety Mode: SAFE_HOLD, Override: Safe hold mode active
2025-05-28 04:04:16,366 - INFO - [AUDIT] - Action: 0, Confidence: 1.0000, Safety Mode: SAFE_HOLD, Override: Safe hold mode active
2025-05-28 04:04:16,366 - INFO - [AUDIT] - Action: 0, Confidence: 1.0000, Safety Mode: SAFE_HOLD, Override: Safe hold mode active
2025-05-28 04:04:16,366 - INFO - [AUDIT] - Action: 0, Confidence: 1.0000, Safety Mode: SAFE_HOLD, Override: Safe hold mode active
2025-05-28 04:04:16,366 - INFO - [AUDIT] - Action: 0, Confidence: 1.0000, Safety Mode: SAFE_HOLD, Override: Safe hold mode active
2025-05-28 04:04:16,366 - INFO - [AUDIT] - Action: 0, Confidence: 1.0000, Safety Mode: SAFE_HOLD, Override: Safe hold mode active
2025-05-28 04:04:16,367 - INFO - [AUDIT] - Action: 0, Confidence: 1.0000, Safety Mode: SAFE_HOLD, Override: Safe hold mode active
2025-05-28 04:04:16,367 - INFO - [AUDIT] - Action: 0, Confidence: 1.0000, Safety Mode: SAFE_HOLD, Override: Safe hold mode active
2025-05-28 04:04:16,367 - INFO - [AUDIT] - Action: 0, Confidence: 1.0000, Safety Mode: SAFE_HOLD, Override: Safe hold mode active
2025-05-28 04:04:16,367 - INFO - [AUDIT] - Action: 0, Confidence: 1.0000, Safety Mode: SAFE_HOLD, Override: Safe hold mode active
2025-05-28 04:04:16,367 - INFO - [AUDIT] - Action: 0, Confidence: 1.0000, Safety Mode: SAFE_HOLD, Override: Safe hold mode active
2025-05-28 04:04:16,368 - INFO - [AUDIT] - Action: 0, Confidence: 1.0000, Safety Mode: SAFE_HOLD, Override: Safe hold mode active
2025-05-28 04:04:16,368 - INFO - [AUDIT] - Action: 0, Confidence: 1.0000, Safety Mode: SAFE_HOLD, Override: Safe hold mode active
2025-05-28 04:04:16,368 - INFO - [AUDIT] - Action: 0, Confidence: 1.0000, Safety Mode: SAFE_HOLD, Override: Safe hold mode active
2025-05-28 04:04:16,368 - INFO - [AUDIT] - Action: 0, Confidence: 1.0000, Safety Mode: SAFE_HOLD, Override: Safe hold mode active
2025-05-28 04:04:16,368 - INFO - [AUDIT] - Action: 0, Confidence: 1.0000, Safety Mode: SAFE_HOLD, Override: Safe hold mode active
2025-05-28 04:04:16,369 - INFO - [AUDIT] - Action: 0, Confidence: 1.0000, Safety Mode: SAFE_HOLD, Override: Safe hold mode active
2025-05-28 04:04:16,369 - INFO - [AUDIT] - Action: 0, Confidence: 1.0000, Safety Mode: SAFE_HOLD, Override: Safe hold mode active
2025-05-28 04:04:16,369 - INFO - [AUDIT] - Action: 0, Confidence: 1.0000, Safety Mode: SAFE_HOLD, Override: Safe hold mode active
2025-05-28 04:04:16,369 - INFO - [AUDIT] - Action: 0, Confidence: 1.0000, Safety Mode: SAFE_HOLD, Override: Safe hold mode active
2025-05-28 04:04:16,370 - INFO - [AUDIT] - Action: 0, Confidence: 1.0000, Safety Mode: SAFE_HOLD, Override: Safe hold mode active
2025-05-28 04:04:16,370 - INFO - [AUDIT] - Action: 0, Confidence: 1.0000, Safety Mode: SAFE_HOLD, Override: Safe hold mode active
2025-05-28 04:04:16,370 - INFO - [AUDIT] - Action: 0, Confidence: 1.0000, Safety Mode: SAFE_HOLD, Override: Safe hold mode active
2025-05-28 04:04:16,370 - INFO - [AUDIT] - Action: 0, Confidence: 1.0000, Safety Mode: SAFE_HOLD, Override: Safe hold mode active
2025-05-28 04:04:16,370 - INFO - [AUDIT] - Action: 0, Confidence: 1.0000, Safety Mode: SAFE_HOLD, Override: Safe hold mode active
2025-05-28 04:04:16,371 - INFO - [AUDIT] - Action: 0, Confidence: 1.0000, Safety Mode: SAFE_HOLD, Override: Safe hold mode active
2025-05-28 04:04:16,371 - INFO - [AUDIT] - Action: 0, Confidence: 1.0000, Safety Mode: SAFE_HOLD, Override: Safe hold mode active
2025-05-28 04:04:16,371 - INFO - [AUDIT] - Action: 0, Confidence: 1.0000, Safety Mode: SAFE_HOLD, Override: Safe hold mode active
2025-05-28 04:04:16,371 - INFO - [AUDIT] - Action: 0, Confidence: 1.0000, Safety Mode: SAFE_HOLD, Override: Safe hold mode active
2025-05-28 04:04:16,371 - INFO - [AUDIT] - Action: 0, Confidence: 1.0000, Safety Mode: SAFE_HOLD, Override: Safe hold mode active
2025-05-28 04:04:16,371 - INFO - [AUDIT] - Action: 0, Confidence: 1.0000, Safety Mode: SAFE_HOLD, Override: Safe hold mode active
2025-05-28 04:04:16,372 - INFO - [AUDIT] - Action: 0, Confidence: 1.0000, Safety Mode: SAFE_HOLD, Override: Safe hold mode active
2025-05-28 04:04:16,372 - INFO - [AUDIT] - Action: 0, Confidence: 1.0000, Safety Mode: SAFE_HOLD, Override: Safe hold mode active
2025-05-28 04:04:16,372 - INFO - [AUDIT] - Action: 0, Confidence: 1.0000, Safety Mode: SAFE_HOLD, Override: Safe hold mode active
2025-05-28 04:04:16,372 - INFO - [AUDIT] - Action: 0, Confidence: 1.0000, Safety Mode: SAFE_HOLD, Override: Safe hold mode active
2025-05-28 04:04:16,372 - INFO - [AUDIT] - Action: 0, Confidence: 1.0000, Safety Mode: SAFE_HOLD, Override: Safe hold mode active
2025-05-28 04:04:16,373 - INFO - [AUDIT] - Action: 0, Confidence: 1.0000, Safety Mode: SAFE_HOLD, Override: Safe hold mode active
2025-05-28 04:04:16,373 - INFO - [AUDIT] - Action: 0, Confidence: 1.0000, Safety Mode: SAFE_HOLD, Override: Safe hold mode active
2025-05-28 04:04:16,373 - INFO - [AUDIT] - Action: 0, Confidence: 1.0000, Safety Mode: SAFE_HOLD, Override: Safe hold mode active
2025-05-28 04:04:16,373 - INFO - [AUDIT] - Action: 0, Confidence: 1.0000, Safety Mode: SAFE_HOLD, Override: Safe hold mode active
2025-05-28 04:04:16,373 - INFO - [AUDIT] - Action: 0, Confidence: 1.0000, Safety Mode: SAFE_HOLD, Override: Safe hold mode active
2025-05-28 04:04:16,374 - INFO - [AUDIT] - Action: 0, Confidence: 1.0000, Safety Mode: SAFE_HOLD, Override: Safe hold mode active
2025-05-28 04:04:16,374 - INFO - [AUDIT] - Action: 0, Confidence: 1.0000, Safety Mode: SAFE_HOLD, Override: Safe hold mode active
2025-05-28 04:04:16,374 - INFO - [AUDIT] - Action: 0, Confidence: 1.0000, Safety Mode: SAFE_HOLD, Override: Safe hold mode active
2025-05-28 04:04:16,374 - INFO - [AUDIT] - Action: 0, Confidence: 1.0000, Safety Mode: SAFE_HOLD, Override: Safe hold mode active
2025-05-28 04:04:16,374 - INFO - [AUDIT] - Action: 0, Confidence: 1.0000, Safety Mode: SAFE_HOLD, Override: Safe hold mode active
2025-05-28 04:04:16,374 - INFO - [AUDIT] - Action: 0, Confidence: 1.0000, Safety Mode: SAFE_HOLD, Override: Safe hold mode active
2025-05-28 04:04:16,375 - INFO - [AUDIT] - Action: 0, Confidence: 1.0000, Safety Mode: SAFE_HOLD, Override: Safe hold mode active
2025-05-28 04:04:16,375 - INFO - [AUDIT] - Action: 0, Confidence: 1.0000, Safety Mode: SAFE_HOLD, Override: Safe hold mode active
2025-05-28 04:04:16,375 - INFO - [AUDIT] - Action: 0, Confidence: 1.0000, Safety Mode: SAFE_HOLD, Override: Safe hold mode active
2025-05-28 04:04:16,375 - INFO - [AUDIT] - Action: 0, Confidence: 1.0000, Safety Mode: SAFE_HOLD, Override: Safe hold mode active
2025-05-28 04:04:16,375 - INFO - [AUDIT] - Action: 0, Confidence: 1.0000, Safety Mode: SAFE_HOLD, Override: Safe hold mode active
2025-05-28 04:04:16,376 - INFO - [AUDIT] - Action: 0, Confidence: 1.0000, Safety Mode: SAFE_HOLD, Override: Safe hold mode active
2025-05-28 04:04:16,376 - INFO - [AUDIT] - Action: 0, Confidence: 1.0000, Safety Mode: SAFE_HOLD, Override: Safe hold mode active
2025-05-28 04:04:16,376 - INFO - [AUDIT] - Action: 0, Confidence: 1.0000, Safety Mode: SAFE_HOLD, Override: Safe hold mode active
2025-05-28 04:04:16,376 - INFO - [AUDIT] - Action: 0, Confidence: 1.0000, Safety Mode: SAFE_HOLD, Override: Safe hold mode active
2025-05-28 04:04:16,376 - INFO - [AUDIT] - Action: 0, Confidence: 1.0000, Safety Mode: SAFE_HOLD, Override: Safe hold mode active
2025-05-28 04:04:16,377 - INFO - [AUDIT] - Action: 0, Confidence: 1.0000, Safety Mode: SAFE_HOLD, Override: Safe hold mode active
2025-05-28 04:04:16,377 - INFO - [AUDIT] - Action: 0, Confidence: 1.0000, Safety Mode: SAFE_HOLD, Override: Safe hold mode active
2025-05-28 04:04:16,377 - INFO - [AUDIT] - Action: 0, Confidence: 1.0000, Safety Mode: SAFE_HOLD, Override: Safe hold mode active
2025-05-28 04:04:16,377 - INFO - [AUDIT] - Action: 0, Confidence: 1.0000, Safety Mode: SAFE_HOLD, Override: Safe hold mode active
2025-05-28 04:04:16,377 - INFO - [AUDIT] - Action: 0, Confidence: 1.0000, Safety Mode: SAFE_HOLD, Override: Safe hold mode active
2025-05-28 04:04:16,377 - INFO - [AUDIT] - Action: 0, Confidence: 1.0000, Safety Mode: SAFE_HOLD, Override: Safe hold mode active
2025-05-28 04:04:16,378 - INFO - [AUDIT] - Action: 0, Confidence: 1.0000, Safety Mode: SAFE_HOLD, Override: Safe hold mode active
2025-05-28 04:04:16,378 - INFO - [AUDIT] - Action: 0, Confidence: 1.0000, Safety Mode: SAFE_HOLD, Override: Safe hold mode active
2025-05-28 04:04:16,378 - INFO - [AUDIT] - Action: 0, Confidence: 1.0000, Safety Mode: SAFE_HOLD, Override: Safe hold mode active
2025-05-28 04:04:16,378 - INFO - [AUDIT] - Action: 0, Confidence: 1.0000, Safety Mode: SAFE_HOLD, Override: Safe hold mode active
2025-05-28 04:04:16,378 - INFO - [AUDIT] - Action: 0, Confidence: 1.0000, Safety Mode: SAFE_HOLD, Override: Safe hold mode active
2025-05-28 04:04:16,379 - INFO - [AUDIT] - Action: 0, Confidence: 1.0000, Safety Mode: SAFE_HOLD, Override: Safe hold mode active
2025-05-28 04:04:16,379 - INFO - [AUDIT] - Action: 0, Confidence: 1.0000, Safety Mode: SAFE_HOLD, Override: Safe hold mode active
2025-05-28 04:04:16,379 - INFO - [AUDIT] - Action: 0, Confidence: 1.0000, Safety Mode: SAFE_HOLD, Override: Safe hold mode active
2025-05-28 04:04:16,379 - INFO - [AUDIT] - Action: 0, Confidence: 1.0000, Safety Mode: SAFE_HOLD, Override: Safe hold mode active
2025-05-28 04:04:16,379 - INFO - [AUDIT] - Action: 0, Confidence: 1.0000, Safety Mode: SAFE_HOLD, Override: Safe hold mode active
2025-05-28 04:04:16,379 - INFO - [AUDIT] - Action: 0, Confidence: 1.0000, Safety Mode: SAFE_HOLD, Override: Safe hold mode active
2025-05-28 04:04:16,380 - INFO - [AUDIT] - Action: 0, Confidence: 1.0000, Safety Mode: SAFE_HOLD, Override: Safe hold mode active
2025-05-28 04:04:16,380 - INFO - [AUDIT] - Action: 0, Confidence: 1.0000, Safety Mode: SAFE_HOLD, Override: Safe hold mode active
2025-05-28 04:04:16,380 - INFO - [AUDIT] - Action: 0, Confidence: 1.0000, Safety Mode: SAFE_HOLD, Override: Safe hold mode active
2025-05-28 04:04:16,380 - INFO - [AUDIT] - Action: 0, Confidence: 1.0000, Safety Mode: SAFE_HOLD, Override: Safe hold mode active
2025-05-28 04:04:16,380 - INFO - [AUDIT] - Action: 0, Confidence: 1.0000, Safety Mode: SAFE_HOLD, Override: Safe hold mode active
2025-05-28 04:04:16,381 - INFO - [AUDIT] - Action: 0, Confidence: 1.0000, Safety Mode: SAFE_HOLD, Override: Safe hold mode active
2025-05-28 04:04:16,381 - INFO - [AUDIT] - Action: 0, Confidence: 1.0000, Safety Mode: SAFE_HOLD, Override: Safe hold mode active
2025-05-28 04:04:16,381 - INFO - [AUDIT] - Action: 0, Confidence: 1.0000, Safety Mode: SAFE_HOLD, Override: Safe hold mode active
2025-05-28 04:04:16,381 - INFO - [AUDIT] - Action: 0, Confidence: 1.0000, Safety Mode: SAFE_HOLD, Override: Safe hold mode active
2025-05-28 04:04:16,381 - INFO - [AUDIT] - Action: 0, Confidence: 1.0000, Safety Mode: SAFE_HOLD, Override: Safe hold mode active
2025-05-28 04:04:16,381 - INFO - [AUDIT] - Action: 0, Confidence: 1.0000, Safety Mode: SAFE_HOLD, Override: Safe hold mode active
2025-05-28 04:04:16,382 - INFO - [AUDIT] - Action: 0, Confidence: 1.0000, Safety Mode: SAFE_HOLD, Override: Safe hold mode active
2025-05-28 04:04:16,382 - INFO - [AUDIT] - Action: 0, Confidence: 1.0000, Safety Mode: SAFE_HOLD, Override: Safe hold mode active
2025-05-28 04:04:16,382 - INFO - [AUDIT] - Action: 0, Confidence: 1.0000, Safety Mode: SAFE_HOLD, Override: Safe hold mode active
2025-05-28 04:04:16,382 - INFO - [AUDIT] - Action: 0, Confidence: 1.0000, Safety Mode: SAFE_HOLD, Override: Safe hold mode active
2025-05-28 04:04:16,382 - INFO - [AUDIT] - Action: 0, Confidence: 1.0000, Safety Mode: SAFE_HOLD, Override: Safe hold mode active
2025-05-28 04:04:16,383 - INFO - [AUDIT] - Action: 0, Confidence: 1.0000, Safety Mode: SAFE_HOLD, Override: Safe hold mode active
2025-05-28 04:04:16,383 - INFO - [AUDIT] - Action: 0, Confidence: 1.0000, Safety Mode: SAFE_HOLD, Override: Safe hold mode active
2025-05-28 04:04:16,383 - INFO - [AUDIT] - Action: 0, Confidence: 1.0000, Safety Mode: SAFE_HOLD, Override: Safe hold mode active
2025-05-28 04:04:16,383 - INFO - [AUDIT] - Action: 0, Confidence: 1.0000, Safety Mode: SAFE_HOLD, Override: Safe hold mode active
2025-05-28 04:04:16,383 - INFO - [AUDIT] - Action: 0, Confidence: 1.0000, Safety Mode: SAFE_HOLD, Override: Safe hold mode active
2025-05-28 04:04:16,383 - INFO - [AUDIT] - Action: 0, Confidence: 1.0000, Safety Mode: SAFE_HOLD, Override: Safe hold mode active
2025-05-28 04:04:16,384 - INFO - [AUDIT] - Action: 0, Confidence: 1.0000, Safety Mode: SAFE_HOLD, Override: Safe hold mode active
2025-05-28 04:04:16,384 - INFO - [AUDIT] - Action: 0, Confidence: 1.0000, Safety Mode: SAFE_HOLD, Override: Safe hold mode active
2025-05-28 04:04:16,384 - INFO - [AUDIT] - Action: 0, Confidence: 1.0000, Safety Mode: SAFE_HOLD, Override: Safe hold mode active
2025-05-28 04:04:16,384 - INFO - [AUDIT] - Action: 0, Confidence: 1.0000, Safety Mode: SAFE_HOLD, Override: Safe hold mode active
2025-05-28 04:04:16,384 - INFO - [AUDIT] - Action: 0, Confidence: 1.0000, Safety Mode: SAFE_HOLD, Override: Safe hold mode active
2025-05-28 04:04:16,385 - INFO - [AUDIT] - Action: 0, Confidence: 1.0000, Safety Mode: SAFE_HOLD, Override: Safe hold mode active
2025-05-28 04:04:16,385 - INFO - [AUDIT] - Action: 0, Confidence: 1.0000, Safety Mode: SAFE_HOLD, Override: Safe hold mode active
2025-05-28 04:04:16,385 - INFO - [AUDIT] - Action: 0, Confidence: 1.0000, Safety Mode: SAFE_HOLD, Override: Safe hold mode active
2025-05-28 04:04:16,385 - INFO - [AUDIT] - Action: 0, Confidence: 1.0000, Safety Mode: SAFE_HOLD, Override: Safe hold mode active
2025-05-28 04:04:16,386 - INFO - [AUDIT] - Action: 0, Confidence: 1.0000, Safety Mode: SAFE_HOLD, Override: Safe hold mode active
2025-05-28 04:04:16,386 - INFO - [AUDIT] - Action: 0, Confidence: 1.0000, Safety Mode: SAFE_HOLD, Override: Safe hold mode active
2025-05-28 04:04:16,386 - INFO - [AUDIT] - Action: 0, Confidence: 1.0000, Safety Mode: SAFE_HOLD, Override: Safe hold mode active
2025-05-28 04:04:16,386 - INFO - [AUDIT] - Action: 0, Confidence: 1.0000, Safety Mode: SAFE_HOLD, Override: Safe hold mode active
2025-05-28 04:04:16,386 - INFO - [AUDIT] - Action: 0, Confidence: 1.0000, Safety Mode: SAFE_HOLD, Override: Safe hold mode active
2025-05-28 04:04:16,387 - INFO - [AUDIT] - Action: 0, Confidence: 1.0000, Safety Mode: SAFE_HOLD, Override: Safe hold mode active
2025-05-28 04:04:16,387 - INFO - [AUDIT] - Action: 0, Confidence: 1.0000, Safety Mode: SAFE_HOLD, Override: Safe hold mode active
2025-05-28 04:04:16,387 - INFO - [AUDIT] - Action: 0, Confidence: 1.0000, Safety Mode: SAFE_HOLD, Override: Safe hold mode active
2025-05-28 04:04:16,387 - INFO - [AUDIT] - Action: 0, Confidence: 1.0000, Safety Mode: SAFE_HOLD, Override: Safe hold mode active
2025-05-28 04:04:16,387 - INFO - [AUDIT] - Action: 0, Confidence: 1.0000, Safety Mode: SAFE_HOLD, Override: Safe hold mode active
2025-05-28 04:04:16,388 - INFO - [AUDIT] - Action: 0, Confidence: 1.0000, Safety Mode: SAFE_HOLD, Override: Safe hold mode active
2025-05-28 04:04:16,388 - INFO - [AUDIT] - Action: 0, Confidence: 1.0000, Safety Mode: SAFE_HOLD, Override: Safe hold mode active
2025-05-28 04:04:16,388 - INFO - [AUDIT] - Action: 0, Confidence: 1.0000, Safety Mode: SAFE_HOLD, Override: Safe hold mode active
2025-05-28 04:04:16,388 - INFO - [AUDIT] - Action: 0, Confidence: 1.0000, Safety Mode: SAFE_HOLD, Override: Safe hold mode active
2025-05-28 04:04:16,388 - INFO - [AUDIT] - Action: 0, Confidence: 1.0000, Safety Mode: SAFE_HOLD, Override: Safe hold mode active
2025-05-28 04:04:16,389 - INFO - [AUDIT] - Action: 0, Confidence: 1.0000, Safety Mode: SAFE_HOLD, Override: Safe hold mode active
2025-05-28 04:04:16,389 - INFO - [AUDIT] - Action: 0, Confidence: 1.0000, Safety Mode: SAFE_HOLD, Override: Safe hold mode active
2025-05-28 04:04:16,389 - INFO - [AUDIT] - Action: 0, Confidence: 1.0000, Safety Mode: SAFE_HOLD, Override: Safe hold mode active
2025-05-28 04:04:16,389 - INFO - [AUDIT] - Action: 0, Confidence: 1.0000, Safety Mode: SAFE_HOLD, Override: Safe hold mode active
2025-05-28 04:04:16,389 - INFO - [AUDIT] - Action: 0, Confidence: 1.0000, Safety Mode: SAFE_HOLD, Override: Safe hold mode active
2025-05-28 04:04:16,390 - INFO - [AUDIT] - Action: 0, Confidence: 1.0000, Safety Mode: SAFE_HOLD, Override: Safe hold mode active
2025-05-28 04:04:16,390 - INFO - [AUDIT] - Action: 0, Confidence: 1.0000, Safety Mode: SAFE_HOLD, Override: Safe hold mode active
2025-05-28 04:04:16,390 - INFO - [AUDIT] - Action: 0, Confidence: 1.0000, Safety Mode: SAFE_HOLD, Override: Safe hold mode active
2025-05-28 04:04:16,390 - INFO - [AUDIT] - Action: 0, Confidence: 1.0000, Safety Mode: SAFE_HOLD, Override: Safe hold mode active
2025-05-28 04:04:16,390 - INFO - [AUDIT] - Action: 0, Confidence: 1.0000, Safety Mode: SAFE_HOLD, Override: Safe hold mode active
2025-05-28 04:04:16,391 - INFO - [AUDIT] - Action: 0, Confidence: 1.0000, Safety Mode: SAFE_HOLD, Override: Safe hold mode active
2025-05-28 04:04:16,391 - INFO - [AUDIT] - Action: 0, Confidence: 1.0000, Safety Mode: SAFE_HOLD, Override: Safe hold mode active
2025-05-28 04:04:16,391 - INFO - [AUDIT] - Action: 0, Confidence: 1.0000, Safety Mode: SAFE_HOLD, Override: Safe hold mode active
2025-05-28 04:04:16,391 - INFO - [AUDIT] - Action: 0, Confidence: 1.0000, Safety Mode: SAFE_HOLD, Override: Safe hold mode active
2025-05-28 04:04:16,391 - INFO - [AUDIT] - Action: 0, Confidence: 1.0000, Safety Mode: SAFE_HOLD, Override: Safe hold mode active
2025-05-28 04:04:16,392 - INFO - [AUDIT] - Action: 0, Confidence: 1.0000, Safety Mode: SAFE_HOLD, Override: Safe hold mode active
2025-05-28 04:04:16,392 - INFO - [AUDIT] - Action: 0, Confidence: 1.0000, Safety Mode: SAFE_HOLD, Override: Safe hold mode active
2025-05-28 04:04:16,392 - INFO - [AUDIT] - Action: 0, Confidence: 1.0000, Safety Mode: SAFE_HOLD, Override: Safe hold mode active
2025-05-28 04:04:16,392 - INFO - [AUDIT] - Action: 0, Confidence: 1.0000, Safety Mode: SAFE_HOLD, Override: Safe hold mode active
2025-05-28 04:04:16,392 - INFO - [AUDIT] - Action: 0, Confidence: 1.0000, Safety Mode: SAFE_HOLD, Override: Safe hold mode active
2025-05-28 04:04:16,393 - INFO - [AUDIT] - Action: 0, Confidence: 1.0000, Safety Mode: SAFE_HOLD, Override: Safe hold mode active
2025-05-28 04:04:16,393 - INFO - [AUDIT] - Action: 0, Confidence: 1.0000, Safety Mode: SAFE_HOLD, Override: Safe hold mode active
2025-05-28 04:04:16,393 - INFO - [AUDIT] - Action: 0, Confidence: 1.0000, Safety Mode: SAFE_HOLD, Override: Safe hold mode active
2025-05-28 04:04:16,393 - INFO - [AUDIT] - Action: 0, Confidence: 1.0000, Safety Mode: SAFE_HOLD, Override: Safe hold mode active
2025-05-28 04:04:16,394 - INFO - [AUDIT] - Action: 0, Confidence: 1.0000, Safety Mode: SAFE_HOLD, Override: Safe hold mode active
2025-05-28 04:04:16,394 - INFO - [AUDIT] - Action: 0, Confidence: 1.0000, Safety Mode: SAFE_HOLD, Override: Safe hold mode active
2025-05-28 04:04:16,394 - INFO - [AUDIT] - Action: 0, Confidence: 1.0000, Safety Mode: SAFE_HOLD, Override: Safe hold mode active
2025-05-28 04:04:16,394 - INFO - [AUDIT] - Action: 0, Confidence: 1.0000, Safety Mode: SAFE_HOLD, Override: Safe hold mode active
2025-05-28 04:04:16,395 - INFO - [AUDIT] - Action: 0, Confidence: 1.0000, Safety Mode: SAFE_HOLD, Override: Safe hold mode active
2025-05-28 04:04:16,395 - INFO - [AUDIT] - Action: 0, Confidence: 1.0000, Safety Mode: SAFE_HOLD, Override: Safe hold mode active
2025-05-28 04:04:16,395 - INFO - [AUDIT] - Action: 0, Confidence: 1.0000, Safety Mode: SAFE_HOLD, Override: Safe hold mode active
2025-05-28 04:04:16,395 - INFO - [AUDIT] - Action: 0, Confidence: 1.0000, Safety Mode: SAFE_HOLD, Override: Safe hold mode active
2025-05-28 04:04:16,395 - INFO - [AUDIT] - Action: 0, Confidence: 1.0000, Safety Mode: SAFE_HOLD, Override: Safe hold mode active
2025-05-28 04:04:16,395 - INFO - [AUDIT] - Action: 0, Confidence: 1.0000, Safety Mode: SAFE_HOLD, Override: Safe hold mode active
2025-05-28 04:04:16,396 - INFO - [AUDIT] - Action: 0, Confidence: 1.0000, Safety Mode: SAFE_HOLD, Override: Safe hold mode active
2025-05-28 04:04:16,396 - INFO - [AUDIT] - Action: 0, Confidence: 1.0000, Safety Mode: SAFE_HOLD, Override: Safe hold mode active
2025-05-28 04:04:16,396 - INFO - [AUDIT] - Action: 0, Confidence: 1.0000, Safety Mode: SAFE_HOLD, Override: Safe hold mode active
2025-05-28 04:04:16,396 - INFO - [AUDIT] - Action: 0, Confidence: 1.0000, Safety Mode: SAFE_HOLD, Override: Safe hold mode active
2025-05-28 04:04:16,396 - INFO - [AUDIT] - Action: 0, Confidence: 1.0000, Safety Mode: SAFE_HOLD, Override: Safe hold mode active
2025-05-28 04:04:16,397 - INFO - [AUDIT] - Action: 0, Confidence: 1.0000, Safety Mode: SAFE_HOLD, Override: Safe hold mode active
2025-05-28 04:04:16,397 - INFO - [AUDIT] - Action: 0, Confidence: 1.0000, Safety Mode: SAFE_HOLD, Override: Safe hold mode active
2025-05-28 04:04:16,397 - INFO - [AUDIT] - Action: 0, Confidence: 1.0000, Safety Mode: SAFE_HOLD, Override: Safe hold mode active
2025-05-28 04:04:16,397 - INFO - [AUDIT] - Action: 0, Confidence: 1.0000, Safety Mode: SAFE_HOLD, Override: Safe hold mode active
2025-05-28 04:04:16,397 - INFO - [AUDIT] - Action: 0, Confidence: 1.0000, Safety Mode: SAFE_HOLD, Override: Safe hold mode active
2025-05-28 04:04:16,397 - INFO - [AUDIT] - Action: 0, Confidence: 1.0000, Safety Mode: SAFE_HOLD, Override: Safe hold mode active
2025-05-28 04:04:16,398 - INFO - [AUDIT] - Action: 0, Confidence: 1.0000, Safety Mode: SAFE_HOLD, Override: Safe hold mode active
2025-05-28 04:04:16,398 - INFO - [AUDIT] - Action: 0, Confidence: 1.0000, Safety Mode: SAFE_HOLD, Override: Safe hold mode active
2025-05-28 04:04:16,398 - INFO - [AUDIT] - Action: 0, Confidence: 1.0000, Safety Mode: SAFE_HOLD, Override: Safe hold mode active
2025-05-28 04:04:16,398 - INFO - [AUDIT] - Action: 0, Confidence: 1.0000, Safety Mode: SAFE_HOLD, Override: Safe hold mode active
2025-05-28 04:04:16,398 - INFO - [AUDIT] - Action: 0, Confidence: 1.0000, Safety Mode: SAFE_HOLD, Override: Safe hold mode active
2025-05-28 04:04:16,399 - INFO - [AUDIT] - Action: 0, Confidence: 1.0000, Safety Mode: SAFE_HOLD, Override: Safe hold mode active
2025-05-28 04:04:16,399 - INFO - [AUDIT] - Action: 0, Confidence: 1.0000, Safety Mode: SAFE_HOLD, Override: Safe hold mode active
2025-05-28 04:04:16,399 - INFO - [AUDIT] - Action: 0, Confidence: 1.0000, Safety Mode: SAFE_HOLD, Override: Safe hold mode active
2025-05-28 04:04:16,399 - INFO - [AUDIT] - Action: 0, Confidence: 1.0000, Safety Mode: SAFE_HOLD, Override: Safe hold mode active
2025-05-28 04:04:16,399 - INFO - [AUDIT] - Action: 0, Confidence: 1.0000, Safety Mode: SAFE_HOLD, Override: Safe hold mode active
2025-05-28 04:04:16,400 - INFO - [AUDIT] - Action: 0, Confidence: 1.0000, Safety Mode: SAFE_HOLD, Override: Safe hold mode active
2025-05-28 04:04:16,400 - INFO - [AUDIT] - Action: 0, Confidence: 1.0000, Safety Mode: SAFE_HOLD, Override: Safe hold mode active
2025-05-28 04:04:16,400 - INFO - [AUDIT] - Action: 0, Confidence: 1.0000, Safety Mode: SAFE_HOLD, Override: Safe hold mode active
2025-05-28 04:04:16,400 - INFO - [AUDIT] - Action: 0, Confidence: 1.0000, Safety Mode: SAFE_HOLD, Override: Safe hold mode active
2025-05-28 04:04:16,400 - INFO - [AUDIT] - Action: 0, Confidence: 1.0000, Safety Mode: SAFE_HOLD, Override: Safe hold mode active
2025-05-28 04:04:16,401 - INFO - [AUDIT] - Action: 0, Confidence: 1.0000, Safety Mode: SAFE_HOLD, Override: Safe hold mode active
2025-05-28 04:04:16,401 - INFO - [AUDIT] - Action: 0, Confidence: 1.0000, Safety Mode: SAFE_HOLD, Override: Safe hold mode active
2025-05-28 04:04:16,401 - INFO - [AUDIT] - Action: 0, Confidence: 1.0000, Safety Mode: SAFE_HOLD, Override: Safe hold mode active
2025-05-28 04:04:16,401 - INFO - [AUDIT] - Action: 0, Confidence: 1.0000, Safety Mode: SAFE_HOLD, Override: Safe hold mode active
2025-05-28 04:04:16,401 - INFO - [AUDIT] - Action: 0, Confidence: 1.0000, Safety Mode: SAFE_HOLD, Override: Safe hold mode active
2025-05-28 04:04:16,402 - INFO - [AUDIT] - Action: 0, Confidence: 1.0000, Safety Mode: SAFE_HOLD, Override: Safe hold mode active
2025-05-28 04:04:16,402 - INFO - [AUDIT] - Action: 0, Confidence: 1.0000, Safety Mode: SAFE_HOLD, Override: Safe hold mode active
2025-05-28 04:04:16,402 - INFO - [AUDIT] - Action: 0, Confidence: 1.0000, Safety Mode: SAFE_HOLD, Override: Safe hold mode active
2025-05-28 04:04:16,402 - INFO - [AUDIT] - Action: 0, Confidence: 1.0000, Safety Mode: SAFE_HOLD, Override: Safe hold mode active
2025-05-28 04:04:16,403 - INFO - [AUDIT] - Action: 0, Confidence: 1.0000, Safety Mode: SAFE_HOLD, Override: Safe hold mode active
2025-05-28 04:04:16,403 - INFO - [AUDIT] - Action: 0, Confidence: 1.0000, Safety Mode: SAFE_HOLD, Override: Safe hold mode active
2025-05-28 04:04:16,403 - INFO - [AUDIT] - Action: 0, Confidence: 1.0000, Safety Mode: SAFE_HOLD, Override: Safe hold mode active
2025-05-28 04:04:16,403 - INFO - [AUDIT] - Action: 0, Confidence: 1.0000, Safety Mode: SAFE_HOLD, Override: Safe hold mode active
2025-05-28 04:04:16,404 - INFO - [AUDIT] - Action: 0, Confidence: 1.0000, Safety Mode: SAFE_HOLD, Override: Safe hold mode active
2025-05-28 04:04:16,404 - INFO - [AUDIT] - Action: 0, Confidence: 1.0000, Safety Mode: SAFE_HOLD, Override: Safe hold mode active
2025-05-28 04:04:16,404 - INFO - [AUDIT] - Action: 0, Confidence: 1.0000, Safety Mode: SAFE_HOLD, Override: Safe hold mode active
2025-05-28 04:04:16,404 - INFO - [AUDIT] - Action: 0, Confidence: 1.0000, Safety Mode: SAFE_HOLD, Override: Safe hold mode active
2025-05-28 04:04:16,404 - INFO - [AUDIT] - Action: 0, Confidence: 1.0000, Safety Mode: SAFE_HOLD, Override: Safe hold mode active
2025-05-28 04:04:16,405 - INFO - [AUDIT] - Action: 0, Confidence: 1.0000, Safety Mode: SAFE_HOLD, Override: Safe hold mode active
2025-05-28 04:04:16,405 - INFO - [AUDIT] - Action: 0, Confidence: 1.0000, Safety Mode: SAFE_HOLD, Override: Safe hold mode active
2025-05-28 04:04:16,405 - INFO - [AUDIT] - Action: 0, Confidence: 1.0000, Safety Mode: SAFE_HOLD, Override: Safe hold mode active
2025-05-28 04:04:16,405 - INFO - [AUDIT] - Action: 0, Confidence: 1.0000, Safety Mode: SAFE_HOLD, Override: Safe hold mode active
2025-05-28 04:04:16,406 - INFO - [AUDIT] - Action: 0, Confidence: 1.0000, Safety Mode: SAFE_HOLD, Override: Safe hold mode active
2025-05-28 04:04:16,406 - INFO - [AUDIT] - Action: 0, Confidence: 1.0000, Safety Mode: SAFE_HOLD, Override: Safe hold mode active
2025-05-28 04:04:16,406 - INFO - [AUDIT] - Action: 0, Confidence: 1.0000, Safety Mode: SAFE_HOLD, Override: Safe hold mode active
2025-05-28 04:04:16,406 - INFO - [AUDIT] - Action: 0, Confidence: 1.0000, Safety Mode: SAFE_HOLD, Override: Safe hold mode active
2025-05-28 04:04:16,406 - INFO - [AUDIT] - Action: 0, Confidence: 1.0000, Safety Mode: SAFE_HOLD, Override: Safe hold mode active
2025-05-28 04:04:16,407 - INFO - [AUDIT] - Action: 0, Confidence: 1.0000, Safety Mode: SAFE_HOLD, Override: Safe hold mode active
2025-05-28 04:04:16,407 - INFO - [AUDIT] - Action: 0, Confidence: 1.0000, Safety Mode: SAFE_HOLD, Override: Safe hold mode active
2025-05-28 04:04:16,407 - INFO - [AUDIT] - Action: 0, Confidence: 1.0000, Safety Mode: SAFE_HOLD, Override: Safe hold mode active
2025-05-28 04:04:16,407 - INFO - [AUDIT] - Action: 0, Confidence: 1.0000, Safety Mode: SAFE_HOLD, Override: Safe hold mode active
2025-05-28 04:04:16,407 - INFO - [AUDIT] - Action: 0, Confidence: 1.0000, Safety Mode: SAFE_HOLD, Override: Safe hold mode active
2025-05-28 04:04:16,408 - INFO - [AUDIT] - Action: 0, Confidence: 1.0000, Safety Mode: SAFE_HOLD, Override: Safe hold mode active
2025-05-28 04:04:16,408 - INFO - [AUDIT] - Action: 0, Confidence: 1.0000, Safety Mode: SAFE_HOLD, Override: Safe hold mode active
2025-05-28 04:04:16,408 - INFO - [AUDIT] - Action: 0, Confidence: 1.0000, Safety Mode: SAFE_HOLD, Override: Safe hold mode active
2025-05-28 04:04:16,408 - INFO - [AUDIT] - Action: 0, Confidence: 1.0000, Safety Mode: SAFE_HOLD, Override: Safe hold mode active
2025-05-28 04:04:16,408 - INFO - [AUDIT] - Action: 0, Confidence: 1.0000, Safety Mode: SAFE_HOLD, Override: Safe hold mode active
2025-05-28 04:04:16,408 - INFO - [AUDIT] - Action: 0, Confidence: 1.0000, Safety Mode: SAFE_HOLD, Override: Safe hold mode active
2025-05-28 04:04:16,409 - INFO - [AUDIT] - Action: 0, Confidence: 1.0000, Safety Mode: SAFE_HOLD, Override: Safe hold mode active
2025-05-28 04:04:16,409 - INFO - [AUDIT] - Action: 0, Confidence: 1.0000, Safety Mode: SAFE_HOLD, Override: Safe hold mode active
2025-05-28 04:04:16,409 - INFO - [AUDIT] - Action: 0, Confidence: 1.0000, Safety Mode: SAFE_HOLD, Override: Safe hold mode active
2025-05-28 04:04:16,409 - INFO - [AUDIT] - Action: 0, Confidence: 1.0000, Safety Mode: SAFE_HOLD, Override: Safe hold mode active
2025-05-28 04:04:16,409 - INFO - [AUDIT] - Action: 0, Confidence: 1.0000, Safety Mode: SAFE_HOLD, Override: Safe hold mode active
2025-05-28 04:04:16,410 - INFO - [AUDIT] - Action: 0, Confidence: 1.0000, Safety Mode: SAFE_HOLD, Override: Safe hold mode active
2025-05-28 04:04:16,410 - INFO - [AUDIT] - Action: 0, Confidence: 1.0000, Safety Mode: SAFE_HOLD, Override: Safe hold mode active
2025-05-28 04:04:16,410 - INFO - [AUDIT] - Action: 0, Confidence: 1.0000, Safety Mode: SAFE_HOLD, Override: Safe hold mode active
2025-05-28 04:04:16,410 - INFO - [AUDIT] - Action: 0, Confidence: 1.0000, Safety Mode: SAFE_HOLD, Override: Safe hold mode active
2025-05-28 04:04:16,410 - INFO - [AUDIT] - Action: 0, Confidence: 1.0000, Safety Mode: SAFE_HOLD, Override: Safe hold mode active
2025-05-28 04:04:16,411 - INFO - [AUDIT] - Action: 0, Confidence: 1.0000, Safety Mode: SAFE_HOLD, Override: Safe hold mode active
2025-05-28 04:04:16,411 - INFO - [AUDIT] - Action: 0, Confidence: 1.0000, Safety Mode: SAFE_HOLD, Override: Safe hold mode active
2025-05-28 04:04:16,411 - INFO - [AUDIT] - Action: 0, Confidence: 1.0000, Safety Mode: SAFE_HOLD, Override: Safe hold mode active
2025-05-28 04:04:16,411 - INFO - [AUDIT] - Action: 0, Confidence: 1.0000, Safety Mode: SAFE_HOLD, Override: Safe hold mode active
2025-05-28 04:04:16,411 - INFO - [AUDIT] - Action: 0, Confidence: 1.0000, Safety Mode: SAFE_HOLD, Override: Safe hold mode active
2025-05-28 04:04:16,411 - INFO - [AUDIT] - Action: 0, Confidence: 1.0000, Safety Mode: SAFE_HOLD, Override: Safe hold mode active
2025-05-28 04:04:16,412 - INFO - [AUDIT] - Action: 0, Confidence: 1.0000, Safety Mode: SAFE_HOLD, Override: Safe hold mode active
2025-05-28 04:04:16,412 - INFO - [AUDIT] - Action: 0, Confidence: 1.0000, Safety Mode: SAFE_HOLD, Override: Safe hold mode active
2025-05-28 04:04:16,412 - INFO - [AUDIT] - Action: 0, Confidence: 1.0000, Safety Mode: SAFE_HOLD, Override: Safe hold mode active
2025-05-28 04:04:16,412 - INFO - [AUDIT] - Action: 0, Confidence: 1.0000, Safety Mode: SAFE_HOLD, Override: Safe hold mode active
2025-05-28 04:04:16,412 - INFO - [AUDIT] - Action: 0, Confidence: 1.0000, Safety Mode: SAFE_HOLD, Override: Safe hold mode active
2025-05-28 04:04:16,413 - INFO - [AUDIT] - Action: 0, Confidence: 1.0000, Safety Mode: SAFE_HOLD, Override: Safe hold mode active
2025-05-28 04:04:16,413 - INFO - [AUDIT] - Action: 0, Confidence: 1.0000, Safety Mode: SAFE_HOLD, Override: Safe hold mode active
2025-05-28 04:04:16,413 - INFO - [AUDIT] - Action: 0, Confidence: 1.0000, Safety Mode: SAFE_HOLD, Override: Safe hold mode active
2025-05-28 04:04:16,413 - INFO - [AUDIT] - Action: 0, Confidence: 1.0000, Safety Mode: SAFE_HOLD, Override: Safe hold mode active
2025-05-28 04:04:16,413 - INFO - [AUDIT] - Action: 0, Confidence: 1.0000, Safety Mode: SAFE_HOLD, Override: Safe hold mode active
2025-05-28 04:04:16,413 - INFO - [AUDIT] - Action: 0, Confidence: 1.0000, Safety Mode: SAFE_HOLD, Override: Safe hold mode active
2025-05-28 04:04:16,414 - INFO - [AUDIT] - Action: 0, Confidence: 1.0000, Safety Mode: SAFE_HOLD, Override: Safe hold mode active
2025-05-28 04:04:16,414 - INFO - [AUDIT] - Action: 0, Confidence: 1.0000, Safety Mode: SAFE_HOLD, Override: Safe hold mode active
2025-05-28 04:04:16,414 - INFO - [AUDIT] - Action: 0, Confidence: 1.0000, Safety Mode: SAFE_HOLD, Override: Safe hold mode active
2025-05-28 04:04:16,414 - INFO - [AUDIT] - Action: 0, Confidence: 1.0000, Safety Mode: SAFE_HOLD, Override: Safe hold mode active
2025-05-28 04:04:16,414 - INFO - [AUDIT] - Action: 0, Confidence: 1.0000, Safety Mode: SAFE_HOLD, Override: Safe hold mode active
2025-05-28 04:04:16,415 - INFO - [AUDIT] - Action: 0, Confidence: 1.0000, Safety Mode: SAFE_HOLD, Override: Safe hold mode active
2025-05-28 04:04:16,415 - INFO - [AUDIT] - Action: 0, Confidence: 1.0000, Safety Mode: SAFE_HOLD, Override: Safe hold mode active
2025-05-28 04:04:16,415 - INFO - [AUDIT] - Action: 0, Confidence: 1.0000, Safety Mode: SAFE_HOLD, Override: Safe hold mode active
2025-05-28 04:04:16,415 - INFO - [AUDIT] - Action: 0, Confidence: 1.0000, Safety Mode: SAFE_HOLD, Override: Safe hold mode active
2025-05-28 04:04:16,415 - INFO - [AUDIT] - Action: 0, Confidence: 1.0000, Safety Mode: SAFE_HOLD, Override: Safe hold mode active
2025-05-28 04:04:16,416 - INFO - [AUDIT] - Action: 0, Confidence: 1.0000, Safety Mode: SAFE_HOLD, Override: Safe hold mode active
2025-05-28 04:04:16,416 - INFO - [AUDIT] - Action: 0, Confidence: 1.0000, Safety Mode: SAFE_HOLD, Override: Safe hold mode active
2025-05-28 04:04:16,416 - INFO - [AUDIT] - Action: 0, Confidence: 1.0000, Safety Mode: SAFE_HOLD, Override: Safe hold mode active
2025-05-28 04:04:16,416 - INFO - [AUDIT] - Action: 0, Confidence: 1.0000, Safety Mode: SAFE_HOLD, Override: Safe hold mode active
2025-05-28 04:04:16,416 - INFO - [AUDIT] - Action: 0, Confidence: 1.0000, Safety Mode: SAFE_HOLD, Override: Safe hold mode active
2025-05-28 04:04:16,417 - INFO - [AUDIT] - Action: 0, Confidence: 1.0000, Safety Mode: SAFE_HOLD, Override: Safe hold mode active
2025-05-28 04:04:16,417 - INFO - [AUDIT] - Action: 0, Confidence: 1.0000, Safety Mode: SAFE_HOLD, Override: Safe hold mode active
2025-05-28 04:04:16,417 - INFO - [AUDIT] - Action: 0, Confidence: 1.0000, Safety Mode: SAFE_HOLD, Override: Safe hold mode active
2025-05-28 04:04:16,417 - INFO - [AUDIT] - Action: 0, Confidence: 1.0000, Safety Mode: SAFE_HOLD, Override: Safe hold mode active
2025-05-28 04:04:16,417 - INFO - [AUDIT] - Action: 0, Confidence: 1.0000, Safety Mode: SAFE_HOLD, Override: Safe hold mode active
2025-05-28 04:04:16,418 - INFO - [AUDIT] - Action: 0, Confidence: 1.0000, Safety Mode: SAFE_HOLD, Override: Safe hold mode active
2025-05-28 04:04:16,418 - INFO - [AUDIT] - Action: 0, Confidence: 1.0000, Safety Mode: SAFE_HOLD, Override: Safe hold mode active
2025-05-28 04:04:16,418 - INFO - [AUDIT] - Action: 0, Confidence: 1.0000, Safety Mode: SAFE_HOLD, Override: Safe hold mode active
2025-05-28 04:04:16,418 - INFO - [AUDIT] - Action: 0, Confidence: 1.0000, Safety Mode: SAFE_HOLD, Override: Safe hold mode active
2025-05-28 04:04:16,418 - INFO - [AUDIT] - Action: 0, Confidence: 1.0000, Safety Mode: SAFE_HOLD, Override: Safe hold mode active
2025-05-28 04:04:16,418 - INFO - [AUDIT] - Action: 0, Confidence: 1.0000, Safety Mode: SAFE_HOLD, Override: Safe hold mode active
2025-05-28 04:04:16,419 - INFO - [AUDIT] - Action: 0, Confidence: 1.0000, Safety Mode: SAFE_HOLD, Override: Safe hold mode active
2025-05-28 04:04:16,419 - INFO - [AUDIT] - Action: 0, Confidence: 1.0000, Safety Mode: SAFE_HOLD, Override: Safe hold mode active
2025-05-28 04:04:16,419 - INFO - [AUDIT] - Action: 0, Confidence: 1.0000, Safety Mode: SAFE_HOLD, Override: Safe hold mode active
2025-05-28 04:04:16,420 - INFO - [AUDIT] - Action: 0, Confidence: 1.0000, Safety Mode: SAFE_HOLD, Override: Safe hold mode active
2025-05-28 04:04:16,420 - INFO - [AUDIT] - Action: 0, Confidence: 1.0000, Safety Mode: SAFE_HOLD, Override: Safe hold mode active
2025-05-28 04:04:16,420 - INFO - [AUDIT] - Action: 0, Confidence: 1.0000, Safety Mode: SAFE_HOLD, Override: Safe hold mode active
2025-05-28 04:04:16,420 - INFO - [AUDIT] - Action: 0, Confidence: 1.0000, Safety Mode: SAFE_HOLD, Override: Safe hold mode active
2025-05-28 04:04:16,420 - INFO - [AUDIT] - Action: 0, Confidence: 1.0000, Safety Mode: SAFE_HOLD, Override: Safe hold mode active
2025-05-28 04:04:16,421 - INFO - [AUDIT] - Action: 0, Confidence: 1.0000, Safety Mode: SAFE_HOLD, Override: Safe hold mode active
2025-05-28 04:04:16,421 - INFO - [AUDIT] - Action: 0, Confidence: 1.0000, Safety Mode: SAFE_HOLD, Override: Safe hold mode active
2025-05-28 04:04:16,421 - INFO - [AUDIT] - Action: 0, Confidence: 1.0000, Safety Mode: SAFE_HOLD, Override: Safe hold mode active
2025-05-28 04:04:16,421 - INFO - [AUDIT] - Action: 0, Confidence: 1.0000, Safety Mode: SAFE_HOLD, Override: Safe hold mode active
2025-05-28 04:04:16,421 - INFO - [AUDIT] - Action: 0, Confidence: 1.0000, Safety Mode: SAFE_HOLD, Override: Safe hold mode active
2025-05-28 04:04:16,422 - INFO - [AUDIT] - Action: 0, Confidence: 1.0000, Safety Mode: SAFE_HOLD, Override: Safe hold mode active
2025-05-28 04:04:16,422 - INFO - [AUDIT] - Action: 0, Confidence: 1.0000, Safety Mode: SAFE_HOLD, Override: Safe hold mode active
2025-05-28 04:04:16,422 - INFO - [AUDIT] - Action: 0, Confidence: 1.0000, Safety Mode: SAFE_HOLD, Override: Safe hold mode active
2025-05-28 04:04:16,422 - INFO - [AUDIT] - Action: 0, Confidence: 1.0000, Safety Mode: SAFE_HOLD, Override: Safe hold mode active
2025-05-28 04:04:16,422 - INFO - [AUDIT] - Action: 0, Confidence: 1.0000, Safety Mode: SAFE_HOLD, Override: Safe hold mode active
2025-05-28 04:04:16,422 - INFO - [AUDIT] - Action: 0, Confidence: 1.0000, Safety Mode: SAFE_HOLD, Override: Safe hold mode active
2025-05-28 04:04:16,423 - INFO - [AUDIT] - Action: 0, Confidence: 1.0000, Safety Mode: SAFE_HOLD, Override: Safe hold mode active
2025-05-28 04:04:16,423 - INFO - [AUDIT] - Action: 0, Confidence: 1.0000, Safety Mode: SAFE_HOLD, Override: Safe hold mode active
2025-05-28 04:04:16,423 - INFO - [AUDIT] - Action: 0, Confidence: 1.0000, Safety Mode: SAFE_HOLD, Override: Safe hold mode active
2025-05-28 04:04:16,423 - INFO - [AUDIT] - Action: 0, Confidence: 1.0000, Safety Mode: SAFE_HOLD, Override: Safe hold mode active
2025-05-28 04:04:16,423 - INFO - [AUDIT] - Action: 0, Confidence: 1.0000, Safety Mode: SAFE_HOLD, Override: Safe hold mode active
2025-05-28 04:04:16,424 - INFO - [AUDIT] - Action: 0, Confidence: 1.0000, Safety Mode: SAFE_HOLD, Override: Safe hold mode active
2025-05-28 04:04:16,424 - INFO - [AUDIT] - Action: 0, Confidence: 1.0000, Safety Mode: SAFE_HOLD, Override: Safe hold mode active
2025-05-28 04:04:16,424 - INFO - [AUDIT] - Action: 0, Confidence: 1.0000, Safety Mode: SAFE_HOLD, Override: Safe hold mode active
2025-05-28 04:04:16,424 - INFO - [AUDIT] - Action: 0, Confidence: 1.0000, Safety Mode: SAFE_HOLD, Override: Safe hold mode active
2025-05-28 04:04:16,424 - INFO - [AUDIT] - Action: 0, Confidence: 1.0000, Safety Mode: SAFE_HOLD, Override: Safe hold mode active
2025-05-28 04:04:16,425 - INFO - [AUDIT] - Action: 0, Confidence: 1.0000, Safety Mode: SAFE_HOLD, Override: Safe hold mode active
2025-05-28 04:04:16,425 - INFO - [AUDIT] - Action: 0, Confidence: 1.0000, Safety Mode: SAFE_HOLD, Override: Safe hold mode active
2025-05-28 04:04:16,425 - INFO - [AUDIT] - Action: 0, Confidence: 1.0000, Safety Mode: SAFE_HOLD, Override: Safe hold mode active
2025-05-28 04:04:16,425 - INFO - [AUDIT] - Action: 0, Confidence: 1.0000, Safety Mode: SAFE_HOLD, Override: Safe hold mode active
2025-05-28 04:04:16,425 - INFO - [AUDIT] - Action: 0, Confidence: 1.0000, Safety Mode: SAFE_HOLD, Override: Safe hold mode active
2025-05-28 04:04:16,426 - INFO - [AUDIT] - Action: 0, Confidence: 1.0000, Safety Mode: SAFE_HOLD, Override: Safe hold mode active
2025-05-28 04:04:16,426 - INFO - [AUDIT] - Action: 0, Confidence: 1.0000, Safety Mode: SAFE_HOLD, Override: Safe hold mode active
2025-05-28 04:04:16,426 - INFO - [AUDIT] - Action: 0, Confidence: 1.0000, Safety Mode: SAFE_HOLD, Override: Safe hold mode active
2025-05-28 04:04:16,426 - INFO - [AUDIT] - Action: 0, Confidence: 1.0000, Safety Mode: SAFE_HOLD, Override: Safe hold mode active
2025-05-28 04:04:16,426 - INFO - [AUDIT] - Action: 0, Confidence: 1.0000, Safety Mode: SAFE_HOLD, Override: Safe hold mode active
2025-05-28 04:04:16,427 - INFO - [AUDIT] - Action: 0, Confidence: 1.0000, Safety Mode: SAFE_HOLD, Override: Safe hold mode active
2025-05-28 04:04:16,427 - INFO - [AUDIT] - Action: 0, Confidence: 1.0000, Safety Mode: SAFE_HOLD, Override: Safe hold mode active
2025-05-28 04:04:16,427 - INFO - [AUDIT] - Action: 0, Confidence: 1.0000, Safety Mode: SAFE_HOLD, Override: Safe hold mode active
2025-05-28 04:04:16,427 - INFO - [AUDIT] - Action: 0, Confidence: 1.0000, Safety Mode: SAFE_HOLD, Override: Safe hold mode active
2025-05-28 04:04:16,427 - INFO - [AUDIT] - Action: 0, Confidence: 1.0000, Safety Mode: SAFE_HOLD, Override: Safe hold mode active
2025-05-28 04:04:16,427 - INFO - [AUDIT] - Action: 0, Confidence: 1.0000, Safety Mode: SAFE_HOLD, Override: Safe hold mode active
2025-05-28 04:04:16,428 - INFO - [AUDIT] - Action: 0, Confidence: 1.0000, Safety Mode: SAFE_HOLD, Override: Safe hold mode active
2025-05-28 04:04:16,428 - INFO - [AUDIT] - Action: 0, Confidence: 1.0000, Safety Mode: SAFE_HOLD, Override: Safe hold mode active
2025-05-28 04:04:16,428 - INFO - [AUDIT] - Action: 0, Confidence: 1.0000, Safety Mode: SAFE_HOLD, Override: Safe hold mode active
2025-05-28 04:04:16,428 - INFO - [AUDIT] - Action: 0, Confidence: 1.0000, Safety Mode: SAFE_HOLD, Override: Safe hold mode active
2025-05-28 04:04:16,428 - INFO - [AUDIT] - Action: 0, Confidence: 1.0000, Safety Mode: SAFE_HOLD, Override: Safe hold mode active
2025-05-28 04:04:16,428 - INFO - [AUDIT] - Action: 0, Confidence: 1.0000, Safety Mode: SAFE_HOLD, Override: Safe hold mode active
2025-05-28 04:04:16,429 - INFO - [AUDIT] - Action: 0, Confidence: 1.0000, Safety Mode: SAFE_HOLD, Override: Safe hold mode active
2025-05-28 04:04:16,429 - INFO - [AUDIT] - Action: 0, Confidence: 1.0000, Safety Mode: SAFE_HOLD, Override: Safe hold mode active
2025-05-28 04:04:16,429 - INFO - [AUDIT] - Action: 0, Confidence: 1.0000, Safety Mode: SAFE_HOLD, Override: Safe hold mode active
2025-05-28 04:04:16,429 - INFO - [AUDIT] - Action: 0, Confidence: 1.0000, Safety Mode: SAFE_HOLD, Override: Safe hold mode active
2025-05-28 04:04:16,429 - INFO - [AUDIT] - Action: 0, Confidence: 1.0000, Safety Mode: SAFE_HOLD, Override: Safe hold mode active
2025-05-28 04:04:16,430 - INFO - [AUDIT] - Action: 0, Confidence: 1.0000, Safety Mode: SAFE_HOLD, Override: Safe hold mode active
2025-05-28 04:04:16,430 - INFO - [AUDIT] - Action: 0, Confidence: 1.0000, Safety Mode: SAFE_HOLD, Override: Safe hold mode active
2025-05-28 04:04:16,430 - INFO - [AUDIT] - Action: 0, Confidence: 1.0000, Safety Mode: SAFE_HOLD, Override: Safe hold mode active
2025-05-28 04:04:16,430 - INFO - [AUDIT] - Action: 0, Confidence: 1.0000, Safety Mode: SAFE_HOLD, Override: Safe hold mode active
2025-05-28 04:04:16,430 - INFO - [AUDIT] - Action: 0, Confidence: 1.0000, Safety Mode: SAFE_HOLD, Override: Safe hold mode active
2025-05-28 04:04:16,431 - INFO - [AUDIT] - Action: 0, Confidence: 1.0000, Safety Mode: SAFE_HOLD, Override: Safe hold mode active
2025-05-28 04:04:16,431 - INFO - [AUDIT] - Action: 0, Confidence: 1.0000, Safety Mode: SAFE_HOLD, Override: Safe hold mode active
2025-05-28 04:04:16,431 - INFO - [AUDIT] - Action: 0, Confidence: 1.0000, Safety Mode: SAFE_HOLD, Override: Safe hold mode active
2025-05-28 04:04:16,431 - INFO - [AUDIT] - Action: 0, Confidence: 1.0000, Safety Mode: SAFE_HOLD, Override: Safe hold mode active
2025-05-28 04:04:16,431 - INFO - [AUDIT] - Action: 0, Confidence: 1.0000, Safety Mode: SAFE_HOLD, Override: Safe hold mode active
2025-05-28 04:04:16,431 - INFO - [AUDIT] - Action: 0, Confidence: 1.0000, Safety Mode: SAFE_HOLD, Override: Safe hold mode active
2025-05-28 04:04:16,432 - INFO - [AUDIT] - Action: 0, Confidence: 1.0000, Safety Mode: SAFE_HOLD, Override: Safe hold mode active
2025-05-28 04:04:16,432 - INFO - [AUDIT] - Action: 0, Confidence: 1.0000, Safety Mode: SAFE_HOLD, Override: Safe hold mode active
2025-05-28 04:04:16,432 - INFO - [AUDIT] - Action: 0, Confidence: 1.0000, Safety Mode: SAFE_HOLD, Override: Safe hold mode active
2025-05-28 04:04:16,432 - INFO - [AUDIT] - Action: 0, Confidence: 1.0000, Safety Mode: SAFE_HOLD, Override: Safe hold mode active
2025-05-28 04:04:16,432 - INFO - [AUDIT] - Action: 0, Confidence: 1.0000, Safety Mode: SAFE_HOLD, Override: Safe hold mode active
2025-05-28 04:04:16,433 - INFO - [AUDIT] - Action: 0, Confidence: 1.0000, Safety Mode: SAFE_HOLD, Override: Safe hold mode active
2025-05-28 04:04:16,433 - INFO - [AUDIT] - Action: 0, Confidence: 1.0000, Safety Mode: SAFE_HOLD, Override: Safe hold mode active
2025-05-28 04:04:16,433 - INFO - [AUDIT] - Action: 0, Confidence: 1.0000, Safety Mode: SAFE_HOLD, Override: Safe hold mode active
2025-05-28 04:04:16,433 - INFO - [AUDIT] - Action: 0, Confidence: 1.0000, Safety Mode: SAFE_HOLD, Override: Safe hold mode active
2025-05-28 04:04:16,433 - INFO - [AUDIT] - Action: 0, Confidence: 1.0000, Safety Mode: SAFE_HOLD, Override: Safe hold mode active
2025-05-28 04:04:16,433 - INFO - [AUDIT] - Action: 0, Confidence: 1.0000, Safety Mode: SAFE_HOLD, Override: Safe hold mode active
2025-05-28 04:04:16,434 - INFO - [AUDIT] - Action: 0, Confidence: 1.0000, Safety Mode: SAFE_HOLD, Override: Safe hold mode active
2025-05-28 04:04:16,434 - INFO - [AUDIT] - Action: 0, Confidence: 1.0000, Safety Mode: SAFE_HOLD, Override: Safe hold mode active
2025-05-28 04:04:16,434 - INFO - [AUDIT] - Action: 0, Confidence: 1.0000, Safety Mode: SAFE_HOLD, Override: Safe hold mode active
2025-05-28 04:04:16,434 - INFO - [AUDIT] - Action: 0, Confidence: 1.0000, Safety Mode: SAFE_HOLD, Override: Safe hold mode active
2025-05-28 04:04:16,434 - INFO - [AUDIT] - Action: 0, Confidence: 1.0000, Safety Mode: SAFE_HOLD, Override: Safe hold mode active
2025-05-28 04:04:16,435 - INFO - [AUDIT] - Action: 0, Confidence: 1.0000, Safety Mode: SAFE_HOLD, Override: Safe hold mode active
2025-05-28 04:04:16,436 - INFO - [AUDIT] - Action: 0, Confidence: 1.0000, Safety Mode: SAFE_HOLD, Override: Safe hold mode active
2025-05-28 04:04:16,436 - INFO - [AUDIT] - Action: 0, Confidence: 1.0000, Safety Mode: SAFE_HOLD, Override: Safe hold mode active
2025-05-28 04:04:16,436 - INFO - [AUDIT] - Action: 0, Confidence: 1.0000, Safety Mode: SAFE_HOLD, Override: Safe hold mode active
2025-05-28 04:04:16,437 - INFO - [AUDIT] - Action: 0, Confidence: 1.0000, Safety Mode: SAFE_HOLD, Override: Safe hold mode active
2025-05-28 04:04:16,437 - INFO - [AUDIT] - Action: 0, Confidence: 1.0000, Safety Mode: SAFE_HOLD, Override: Safe hold mode active
2025-05-28 04:04:16,438 - INFO - [AUDIT] - Action: 0, Confidence: 1.0000, Safety Mode: SAFE_HOLD, Override: Safe hold mode active
2025-05-28 04:04:16,438 - INFO - [AUDIT] - Action: 0, Confidence: 1.0000, Safety Mode: SAFE_HOLD, Override: Safe hold mode active
2025-05-28 04:04:16,438 - INFO - [AUDIT] - Action: 0, Confidence: 1.0000, Safety Mode: SAFE_HOLD, Override: Safe hold mode active
2025-05-28 04:04:16,439 - INFO - [AUDIT] - Action: 0, Confidence: 1.0000, Safety Mode: SAFE_HOLD, Override: Safe hold mode active
2025-05-28 04:04:16,439 - INFO - [AUDIT] - Action: 0, Confidence: 1.0000, Safety Mode: SAFE_HOLD, Override: Safe hold mode active
2025-05-28 04:04:16,439 - INFO - [AUDIT] - Action: 0, Confidence: 1.0000, Safety Mode: SAFE_HOLD, Override: Safe hold mode active
2025-05-28 04:04:16,440 - INFO - [AUDIT] - Action: 0, Confidence: 1.0000, Safety Mode: SAFE_HOLD, Override: Safe hold mode active
2025-05-28 04:04:16,440 - INFO - [AUDIT] - Action: 0, Confidence: 1.0000, Safety Mode: SAFE_HOLD, Override: Safe hold mode active
2025-05-28 04:04:16,440 - INFO - [AUDIT] - Action: 0, Confidence: 1.0000, Safety Mode: SAFE_HOLD, Override: Safe hold mode active
2025-05-28 04:04:16,441 - INFO - [AUDIT] - Action: 0, Confidence: 1.0000, Safety Mode: SAFE_HOLD, Override: Safe hold mode active
2025-05-28 04:04:16,441 - INFO - [AUDIT] - Action: 0, Confidence: 1.0000, Safety Mode: SAFE_HOLD, Override: Safe hold mode active
2025-05-28 04:04:16,442 - INFO - [AUDIT] - Action: 0, Confidence: 1.0000, Safety Mode: SAFE_HOLD, Override: Safe hold mode active
2025-05-28 04:04:16,442 - INFO - [AUDIT] - Action: 0, Confidence: 1.0000, Safety Mode: SAFE_HOLD, Override: Safe hold mode active
2025-05-28 04:04:16,443 - INFO - [AUDIT] - Action: 0, Confidence: 1.0000, Safety Mode: SAFE_HOLD, Override: Safe hold mode active
2025-05-28 04:04:16,443 - INFO - [AUDIT] - Action: 0, Confidence: 1.0000, Safety Mode: SAFE_HOLD, Override: Safe hold mode active
2025-05-28 04:04:16,443 - INFO - [AUDIT] - Action: 0, Confidence: 1.0000, Safety Mode: SAFE_HOLD, Override: Safe hold mode active
