2025-05-28 04:01:45,125 - INFO - [AUDIT] - ===== AUDIT LOG INITIALIZED =====
2025-05-28 04:01:45,125 - INFO - [AUDIT] - Agent Configuration: {}
2025-05-28 04:01:45,129 - INFO - [AUDIT] - Model loaded from models/ppo_agent.pth
2025-05-28 04:01:45,131 - INFO - [AUDIT] - Model loaded from models/safety_compliant/safety_compliant_drl_final.pth
2025-05-28 04:01:45,620 - INFO - [AUDIT] - Safety mode transition: NORMAL -> SAFE_HOLD, Reason: Critical telemetry values detected
2025-05-28 04:01:45,627 - INFO - [AUDIT] - Action: 0, Confidence: 1.0000, Safety Mode: SAFE_HOLD, Override: Safe hold mode active
2025-05-28 04:01:45,628 - INFO - [AUDIT] - Action: 0, Confidence: 1.0000, Safety Mode: SAFE_HOLD, Override: Safe hold mode active
2025-05-28 04:01:45,628 - INFO - [AUDIT] - Action: 0, Confidence: 1.0000, Safety Mode: SAFE_HOLD, Override: Safe hold mode active
2025-05-28 04:01:45,628 - INFO - [AUDIT] - Action: 0, Confidence: 1.0000, Safety Mode: SAFE_HOLD, Override: Safe hold mode active
2025-05-28 04:01:45,628 - INFO - [AUDIT] - Action: 0, Confidence: 1.0000, Safety Mode: SAFE_HOLD, Override: Safe hold mode active
2025-05-28 04:01:45,628 - INFO - [AUDIT] - Action: 0, Confidence: 1.0000, Safety Mode: SAFE_HOLD, Override: Safe hold mode active
2025-05-28 04:01:45,629 - INFO - [AUDIT] - Action: 0, Confidence: 1.0000, Safety Mode: SAFE_HOLD, Override: Safe hold mode active
2025-05-28 04:01:45,629 - INFO - [AUDIT] - Action: 0, Confidence: 1.0000, Safety Mode: SAFE_HOLD, Override: Safe hold mode active
2025-05-28 04:01:45,629 - INFO - [AUDIT] - Action: 0, Confidence: 1.0000, Safety Mode: SAFE_HOLD, Override: Safe hold mode active
2025-05-28 04:01:45,629 - INFO - [AUDIT] - Action: 0, Confidence: 1.0000, Safety Mode: SAFE_HOLD, Override: Safe hold mode active
2025-05-28 04:01:45,629 - INFO - [AUDIT] - Action: 0, Confidence: 1.0000, Safety Mode: SAFE_HOLD, Override: Safe hold mode active
2025-05-28 04:01:45,630 - INFO - [AUDIT] - Action: 0, Confidence: 1.0000, Safety Mode: SAFE_HOLD, Override: Safe hold mode active
2025-05-28 04:01:45,630 - INFO - [AUDIT] - Action: 0, Confidence: 1.0000, Safety Mode: SAFE_HOLD, Override: Safe hold mode active
2025-05-28 04:01:45,630 - INFO - [AUDIT] - Action: 0, Confidence: 1.0000, Safety Mode: SAFE_HOLD, Override: Safe hold mode active
2025-05-28 04:01:45,630 - INFO - [AUDIT] - Action: 0, Confidence: 1.0000, Safety Mode: SAFE_HOLD, Override: Safe hold mode active
2025-05-28 04:01:45,630 - INFO - [AUDIT] - Action: 0, Confidence: 1.0000, Safety Mode: SAFE_HOLD, Override: Safe hold mode active
2025-05-28 04:01:45,631 - INFO - [AUDIT] - Action: 0, Confidence: 1.0000, Safety Mode: SAFE_HOLD, Override: Safe hold mode active
2025-05-28 04:01:45,631 - INFO - [AUDIT] - Action: 0, Confidence: 1.0000, Safety Mode: SAFE_HOLD, Override: Safe hold mode active
2025-05-28 04:01:45,631 - INFO - [AUDIT] - Action: 0, Confidence: 1.0000, Safety Mode: SAFE_HOLD, Override: Safe hold mode active
2025-05-28 04:01:45,631 - INFO - [AUDIT] - Action: 0, Confidence: 1.0000, Safety Mode: SAFE_HOLD, Override: Safe hold mode active
2025-05-28 04:01:45,631 - INFO - [AUDIT] - Action: 0, Confidence: 1.0000, Safety Mode: SAFE_HOLD, Override: Safe hold mode active
2025-05-28 04:01:45,631 - INFO - [AUDIT] - Action: 0, Confidence: 1.0000, Safety Mode: SAFE_HOLD, Override: Safe hold mode active
2025-05-28 04:01:45,632 - INFO - [AUDIT] - Action: 0, Confidence: 1.0000, Safety Mode: SAFE_HOLD, Override: Safe hold mode active
2025-05-28 04:01:45,632 - INFO - [AUDIT] - Action: 0, Confidence: 1.0000, Safety Mode: SAFE_HOLD, Override: Safe hold mode active
2025-05-28 04:01:45,632 - INFO - [AUDIT] - Action: 0, Confidence: 1.0000, Safety Mode: SAFE_HOLD, Override: Safe hold mode active
2025-05-28 04:01:45,632 - INFO - [AUDIT] - Action: 0, Confidence: 1.0000, Safety Mode: SAFE_HOLD, Override: Safe hold mode active
2025-05-28 04:01:45,633 - INFO - [AUDIT] - Action: 0, Confidence: 1.0000, Safety Mode: SAFE_HOLD, Override: Safe hold mode active
2025-05-28 04:01:45,633 - INFO - [AUDIT] - Action: 0, Confidence: 1.0000, Safety Mode: SAFE_HOLD, Override: Safe hold mode active
2025-05-28 04:01:45,633 - INFO - [AUDIT] - Action: 0, Confidence: 1.0000, Safety Mode: SAFE_HOLD, Override: Safe hold mode active
2025-05-28 04:01:45,633 - INFO - [AUDIT] - Action: 0, Confidence: 1.0000, Safety Mode: SAFE_HOLD, Override: Safe hold mode active
2025-05-28 04:01:45,633 - INFO - [AUDIT] - Action: 0, Confidence: 1.0000, Safety Mode: SAFE_HOLD, Override: Safe hold mode active
2025-05-28 04:01:45,634 - INFO - [AUDIT] - Action: 0, Confidence: 1.0000, Safety Mode: SAFE_HOLD, Override: Safe hold mode active
2025-05-28 04:01:45,634 - INFO - [AUDIT] - Action: 0, Confidence: 1.0000, Safety Mode: SAFE_HOLD, Override: Safe hold mode active
2025-05-28 04:01:45,634 - INFO - [AUDIT] - Action: 0, Confidence: 1.0000, Safety Mode: SAFE_HOLD, Override: Safe hold mode active
2025-05-28 04:01:45,634 - INFO - [AUDIT] - Action: 0, Confidence: 1.0000, Safety Mode: SAFE_HOLD, Override: Safe hold mode active
2025-05-28 04:01:45,634 - INFO - [AUDIT] - Action: 0, Confidence: 1.0000, Safety Mode: SAFE_HOLD, Override: Safe hold mode active
2025-05-28 04:01:45,635 - INFO - [AUDIT] - Action: 0, Confidence: 1.0000, Safety Mode: SAFE_HOLD, Override: Safe hold mode active
2025-05-28 04:01:45,635 - INFO - [AUDIT] - Action: 0, Confidence: 1.0000, Safety Mode: SAFE_HOLD, Override: Safe hold mode active
2025-05-28 04:01:45,635 - INFO - [AUDIT] - Action: 0, Confidence: 1.0000, Safety Mode: SAFE_HOLD, Override: Safe hold mode active
2025-05-28 04:01:45,636 - INFO - [AUDIT] - Action: 0, Confidence: 1.0000, Safety Mode: SAFE_HOLD, Override: Safe hold mode active
2025-05-28 04:01:45,636 - INFO - [AUDIT] - Action: 0, Confidence: 1.0000, Safety Mode: SAFE_HOLD, Override: Safe hold mode active
2025-05-28 04:01:45,636 - INFO - [AUDIT] - Action: 0, Confidence: 1.0000, Safety Mode: SAFE_HOLD, Override: Safe hold mode active
2025-05-28 04:01:45,636 - INFO - [AUDIT] - Action: 0, Confidence: 1.0000, Safety Mode: SAFE_HOLD, Override: Safe hold mode active
2025-05-28 04:01:45,636 - INFO - [AUDIT] - Action: 0, Confidence: 1.0000, Safety Mode: SAFE_HOLD, Override: Safe hold mode active
2025-05-28 04:01:45,637 - INFO - [AUDIT] - Action: 0, Confidence: 1.0000, Safety Mode: SAFE_HOLD, Override: Safe hold mode active
2025-05-28 04:01:45,637 - INFO - [AUDIT] - Action: 0, Confidence: 1.0000, Safety Mode: SAFE_HOLD, Override: Safe hold mode active
2025-05-28 04:01:45,637 - INFO - [AUDIT] - Action: 0, Confidence: 1.0000, Safety Mode: SAFE_HOLD, Override: Safe hold mode active
2025-05-28 04:01:45,637 - INFO - [AUDIT] - Action: 0, Confidence: 1.0000, Safety Mode: SAFE_HOLD, Override: Safe hold mode active
2025-05-28 04:01:45,637 - INFO - [AUDIT] - Action: 0, Confidence: 1.0000, Safety Mode: SAFE_HOLD, Override: Safe hold mode active
2025-05-28 04:01:45,638 - INFO - [AUDIT] - Action: 0, Confidence: 1.0000, Safety Mode: SAFE_HOLD, Override: Safe hold mode active
2025-05-28 04:01:45,638 - INFO - [AUDIT] - Action: 0, Confidence: 1.0000, Safety Mode: SAFE_HOLD, Override: Safe hold mode active
2025-05-28 04:01:45,638 - INFO - [AUDIT] - Action: 0, Confidence: 1.0000, Safety Mode: SAFE_HOLD, Override: Safe hold mode active
2025-05-28 04:01:45,638 - INFO - [AUDIT] - Action: 0, Confidence: 1.0000, Safety Mode: SAFE_HOLD, Override: Safe hold mode active
2025-05-28 04:01:45,638 - INFO - [AUDIT] - Action: 0, Confidence: 1.0000, Safety Mode: SAFE_HOLD, Override: Safe hold mode active
2025-05-28 04:01:45,639 - INFO - [AUDIT] - Action: 0, Confidence: 1.0000, Safety Mode: SAFE_HOLD, Override: Safe hold mode active
2025-05-28 04:01:45,639 - INFO - [AUDIT] - Action: 0, Confidence: 1.0000, Safety Mode: SAFE_HOLD, Override: Safe hold mode active
2025-05-28 04:01:45,639 - INFO - [AUDIT] - Action: 0, Confidence: 1.0000, Safety Mode: SAFE_HOLD, Override: Safe hold mode active
2025-05-28 04:01:45,639 - INFO - [AUDIT] - Action: 0, Confidence: 1.0000, Safety Mode: SAFE_HOLD, Override: Safe hold mode active
2025-05-28 04:01:45,639 - INFO - [AUDIT] - Action: 0, Confidence: 1.0000, Safety Mode: SAFE_HOLD, Override: Safe hold mode active
2025-05-28 04:01:45,640 - INFO - [AUDIT] - Action: 0, Confidence: 1.0000, Safety Mode: SAFE_HOLD, Override: Safe hold mode active
2025-05-28 04:01:45,640 - INFO - [AUDIT] - Action: 0, Confidence: 1.0000, Safety Mode: SAFE_HOLD, Override: Safe hold mode active
2025-05-28 04:01:45,640 - INFO - [AUDIT] - Action: 0, Confidence: 1.0000, Safety Mode: SAFE_HOLD, Override: Safe hold mode active
2025-05-28 04:01:45,640 - INFO - [AUDIT] - Action: 0, Confidence: 1.0000, Safety Mode: SAFE_HOLD, Override: Safe hold mode active
2025-05-28 04:01:45,640 - INFO - [AUDIT] - Action: 0, Confidence: 1.0000, Safety Mode: SAFE_HOLD, Override: Safe hold mode active
2025-05-28 04:01:45,641 - INFO - [AUDIT] - Action: 0, Confidence: 1.0000, Safety Mode: SAFE_HOLD, Override: Safe hold mode active
2025-05-28 04:01:45,641 - INFO - [AUDIT] - Action: 0, Confidence: 1.0000, Safety Mode: SAFE_HOLD, Override: Safe hold mode active
2025-05-28 04:01:45,641 - INFO - [AUDIT] - Action: 0, Confidence: 1.0000, Safety Mode: SAFE_HOLD, Override: Safe hold mode active
2025-05-28 04:01:45,641 - INFO - [AUDIT] - Action: 0, Confidence: 1.0000, Safety Mode: SAFE_HOLD, Override: Safe hold mode active
2025-05-28 04:01:45,641 - INFO - [AUDIT] - Action: 0, Confidence: 1.0000, Safety Mode: SAFE_HOLD, Override: Safe hold mode active
2025-05-28 04:01:45,641 - INFO - [AUDIT] - Action: 0, Confidence: 1.0000, Safety Mode: SAFE_HOLD, Override: Safe hold mode active
2025-05-28 04:01:45,642 - INFO - [AUDIT] - Action: 0, Confidence: 1.0000, Safety Mode: SAFE_HOLD, Override: Safe hold mode active
2025-05-28 04:01:45,642 - INFO - [AUDIT] - Action: 0, Confidence: 1.0000, Safety Mode: SAFE_HOLD, Override: Safe hold mode active
2025-05-28 04:01:45,642 - INFO - [AUDIT] - Action: 0, Confidence: 1.0000, Safety Mode: SAFE_HOLD, Override: Safe hold mode active
2025-05-28 04:01:45,642 - INFO - [AUDIT] - Action: 0, Confidence: 1.0000, Safety Mode: SAFE_HOLD, Override: Safe hold mode active
2025-05-28 04:01:45,643 - INFO - [AUDIT] - Action: 0, Confidence: 1.0000, Safety Mode: SAFE_HOLD, Override: Safe hold mode active
2025-05-28 04:01:45,643 - INFO - [AUDIT] - Action: 0, Confidence: 1.0000, Safety Mode: SAFE_HOLD, Override: Safe hold mode active
2025-05-28 04:01:45,643 - INFO - [AUDIT] - Action: 0, Confidence: 1.0000, Safety Mode: SAFE_HOLD, Override: Safe hold mode active
2025-05-28 04:01:45,643 - INFO - [AUDIT] - Action: 0, Confidence: 1.0000, Safety Mode: SAFE_HOLD, Override: Safe hold mode active
2025-05-28 04:01:45,643 - INFO - [AUDIT] - Action: 0, Confidence: 1.0000, Safety Mode: SAFE_HOLD, Override: Safe hold mode active
2025-05-28 04:01:45,644 - INFO - [AUDIT] - Action: 0, Confidence: 1.0000, Safety Mode: SAFE_HOLD, Override: Safe hold mode active
2025-05-28 04:01:45,644 - INFO - [AUDIT] - Action: 0, Confidence: 1.0000, Safety Mode: SAFE_HOLD, Override: Safe hold mode active
2025-05-28 04:01:45,644 - INFO - [AUDIT] - Action: 0, Confidence: 1.0000, Safety Mode: SAFE_HOLD, Override: Safe hold mode active
2025-05-28 04:01:45,644 - INFO - [AUDIT] - Action: 0, Confidence: 1.0000, Safety Mode: SAFE_HOLD, Override: Safe hold mode active
2025-05-28 04:01:45,644 - INFO - [AUDIT] - Action: 0, Confidence: 1.0000, Safety Mode: SAFE_HOLD, Override: Safe hold mode active
2025-05-28 04:01:45,644 - INFO - [AUDIT] - Action: 0, Confidence: 1.0000, Safety Mode: SAFE_HOLD, Override: Safe hold mode active
2025-05-28 04:01:45,645 - INFO - [AUDIT] - Action: 0, Confidence: 1.0000, Safety Mode: SAFE_HOLD, Override: Safe hold mode active
2025-05-28 04:01:45,645 - INFO - [AUDIT] - Action: 0, Confidence: 1.0000, Safety Mode: SAFE_HOLD, Override: Safe hold mode active
2025-05-28 04:01:45,645 - INFO - [AUDIT] - Action: 0, Confidence: 1.0000, Safety Mode: SAFE_HOLD, Override: Safe hold mode active
2025-05-28 04:01:45,645 - INFO - [AUDIT] - Action: 0, Confidence: 1.0000, Safety Mode: SAFE_HOLD, Override: Safe hold mode active
2025-05-28 04:01:45,645 - INFO - [AUDIT] - Action: 0, Confidence: 1.0000, Safety Mode: SAFE_HOLD, Override: Safe hold mode active
2025-05-28 04:01:45,646 - INFO - [AUDIT] - Action: 0, Confidence: 1.0000, Safety Mode: SAFE_HOLD, Override: Safe hold mode active
2025-05-28 04:01:45,646 - INFO - [AUDIT] - Action: 0, Confidence: 1.0000, Safety Mode: SAFE_HOLD, Override: Safe hold mode active
2025-05-28 04:01:45,646 - INFO - [AUDIT] - Action: 0, Confidence: 1.0000, Safety Mode: SAFE_HOLD, Override: Safe hold mode active
2025-05-28 04:01:45,646 - INFO - [AUDIT] - Action: 0, Confidence: 1.0000, Safety Mode: SAFE_HOLD, Override: Safe hold mode active
2025-05-28 04:01:45,646 - INFO - [AUDIT] - Action: 0, Confidence: 1.0000, Safety Mode: SAFE_HOLD, Override: Safe hold mode active
2025-05-28 04:01:45,647 - INFO - [AUDIT] - Action: 0, Confidence: 1.0000, Safety Mode: SAFE_HOLD, Override: Safe hold mode active
2025-05-28 04:01:45,647 - INFO - [AUDIT] - Action: 0, Confidence: 1.0000, Safety Mode: SAFE_HOLD, Override: Safe hold mode active
2025-05-28 04:01:45,647 - INFO - [AUDIT] - Action: 0, Confidence: 1.0000, Safety Mode: SAFE_HOLD, Override: Safe hold mode active
2025-05-28 04:01:45,647 - INFO - [AUDIT] - Action: 0, Confidence: 1.0000, Safety Mode: SAFE_HOLD, Override: Safe hold mode active
2025-05-28 04:01:45,647 - INFO - [AUDIT] - Action: 0, Confidence: 1.0000, Safety Mode: SAFE_HOLD, Override: Safe hold mode active
2025-05-28 04:01:45,648 - INFO - [AUDIT] - Action: 0, Confidence: 1.0000, Safety Mode: SAFE_HOLD, Override: Safe hold mode active
2025-05-28 04:01:45,648 - INFO - [AUDIT] - Action: 0, Confidence: 1.0000, Safety Mode: SAFE_HOLD, Override: Safe hold mode active
2025-05-28 04:01:45,648 - INFO - [AUDIT] - Action: 0, Confidence: 1.0000, Safety Mode: SAFE_HOLD, Override: Safe hold mode active
2025-05-28 04:01:45,648 - INFO - [AUDIT] - Action: 0, Confidence: 1.0000, Safety Mode: SAFE_HOLD, Override: Safe hold mode active
2025-05-28 04:01:45,648 - INFO - [AUDIT] - Action: 0, Confidence: 1.0000, Safety Mode: SAFE_HOLD, Override: Safe hold mode active
2025-05-28 04:01:45,649 - INFO - [AUDIT] - Action: 0, Confidence: 1.0000, Safety Mode: SAFE_HOLD, Override: Safe hold mode active
2025-05-28 04:01:45,649 - INFO - [AUDIT] - Action: 0, Confidence: 1.0000, Safety Mode: SAFE_HOLD, Override: Safe hold mode active
2025-05-28 04:01:45,649 - INFO - [AUDIT] - Action: 0, Confidence: 1.0000, Safety Mode: SAFE_HOLD, Override: Safe hold mode active
2025-05-28 04:01:45,649 - INFO - [AUDIT] - Action: 0, Confidence: 1.0000, Safety Mode: SAFE_HOLD, Override: Safe hold mode active
2025-05-28 04:01:45,649 - INFO - [AUDIT] - Action: 0, Confidence: 1.0000, Safety Mode: SAFE_HOLD, Override: Safe hold mode active
2025-05-28 04:01:45,650 - INFO - [AUDIT] - Action: 0, Confidence: 1.0000, Safety Mode: SAFE_HOLD, Override: Safe hold mode active
2025-05-28 04:01:45,650 - INFO - [AUDIT] - Action: 0, Confidence: 1.0000, Safety Mode: SAFE_HOLD, Override: Safe hold mode active
2025-05-28 04:01:45,650 - INFO - [AUDIT] - Action: 0, Confidence: 1.0000, Safety Mode: SAFE_HOLD, Override: Safe hold mode active
2025-05-28 04:01:45,650 - INFO - [AUDIT] - Action: 0, Confidence: 1.0000, Safety Mode: SAFE_HOLD, Override: Safe hold mode active
2025-05-28 04:01:45,650 - INFO - [AUDIT] - Action: 0, Confidence: 1.0000, Safety Mode: SAFE_HOLD, Override: Safe hold mode active
2025-05-28 04:01:45,651 - INFO - [AUDIT] - Action: 0, Confidence: 1.0000, Safety Mode: SAFE_HOLD, Override: Safe hold mode active
2025-05-28 04:01:45,651 - INFO - [AUDIT] - Action: 0, Confidence: 1.0000, Safety Mode: SAFE_HOLD, Override: Safe hold mode active
2025-05-28 04:01:45,651 - INFO - [AUDIT] - Action: 0, Confidence: 1.0000, Safety Mode: SAFE_HOLD, Override: Safe hold mode active
2025-05-28 04:01:45,651 - INFO - [AUDIT] - Action: 0, Confidence: 1.0000, Safety Mode: SAFE_HOLD, Override: Safe hold mode active
2025-05-28 04:01:45,652 - INFO - [AUDIT] - Action: 0, Confidence: 1.0000, Safety Mode: SAFE_HOLD, Override: Safe hold mode active
2025-05-28 04:01:45,652 - INFO - [AUDIT] - Action: 0, Confidence: 1.0000, Safety Mode: SAFE_HOLD, Override: Safe hold mode active
2025-05-28 04:01:45,652 - INFO - [AUDIT] - Action: 0, Confidence: 1.0000, Safety Mode: SAFE_HOLD, Override: Safe hold mode active
2025-05-28 04:01:45,652 - INFO - [AUDIT] - Action: 0, Confidence: 1.0000, Safety Mode: SAFE_HOLD, Override: Safe hold mode active
2025-05-28 04:01:45,652 - INFO - [AUDIT] - Action: 0, Confidence: 1.0000, Safety Mode: SAFE_HOLD, Override: Safe hold mode active
2025-05-28 04:01:45,653 - INFO - [AUDIT] - Action: 0, Confidence: 1.0000, Safety Mode: SAFE_HOLD, Override: Safe hold mode active
2025-05-28 04:01:45,653 - INFO - [AUDIT] - Action: 0, Confidence: 1.0000, Safety Mode: SAFE_HOLD, Override: Safe hold mode active
2025-05-28 04:01:45,653 - INFO - [AUDIT] - Action: 0, Confidence: 1.0000, Safety Mode: SAFE_HOLD, Override: Safe hold mode active
2025-05-28 04:01:45,653 - INFO - [AUDIT] - Action: 0, Confidence: 1.0000, Safety Mode: SAFE_HOLD, Override: Safe hold mode active
2025-05-28 04:01:45,653 - INFO - [AUDIT] - Action: 0, Confidence: 1.0000, Safety Mode: SAFE_HOLD, Override: Safe hold mode active
2025-05-28 04:01:45,654 - INFO - [AUDIT] - Action: 0, Confidence: 1.0000, Safety Mode: SAFE_HOLD, Override: Safe hold mode active
2025-05-28 04:01:45,654 - INFO - [AUDIT] - Action: 0, Confidence: 1.0000, Safety Mode: SAFE_HOLD, Override: Safe hold mode active
2025-05-28 04:01:45,654 - INFO - [AUDIT] - Action: 0, Confidence: 1.0000, Safety Mode: SAFE_HOLD, Override: Safe hold mode active
2025-05-28 04:01:45,654 - INFO - [AUDIT] - Action: 0, Confidence: 1.0000, Safety Mode: SAFE_HOLD, Override: Safe hold mode active
2025-05-28 04:01:45,654 - INFO - [AUDIT] - Action: 0, Confidence: 1.0000, Safety Mode: SAFE_HOLD, Override: Safe hold mode active
2025-05-28 04:01:45,655 - INFO - [AUDIT] - Action: 0, Confidence: 1.0000, Safety Mode: SAFE_HOLD, Override: Safe hold mode active
2025-05-28 04:01:45,655 - INFO - [AUDIT] - Action: 0, Confidence: 1.0000, Safety Mode: SAFE_HOLD, Override: Safe hold mode active
2025-05-28 04:01:45,655 - INFO - [AUDIT] - Action: 0, Confidence: 1.0000, Safety Mode: SAFE_HOLD, Override: Safe hold mode active
2025-05-28 04:01:45,655 - INFO - [AUDIT] - Action: 0, Confidence: 1.0000, Safety Mode: SAFE_HOLD, Override: Safe hold mode active
2025-05-28 04:01:45,655 - INFO - [AUDIT] - Action: 0, Confidence: 1.0000, Safety Mode: SAFE_HOLD, Override: Safe hold mode active
2025-05-28 04:01:45,656 - INFO - [AUDIT] - Action: 0, Confidence: 1.0000, Safety Mode: SAFE_HOLD, Override: Safe hold mode active
2025-05-28 04:01:45,656 - INFO - [AUDIT] - Action: 0, Confidence: 1.0000, Safety Mode: SAFE_HOLD, Override: Safe hold mode active
2025-05-28 04:01:45,656 - INFO - [AUDIT] - Action: 0, Confidence: 1.0000, Safety Mode: SAFE_HOLD, Override: Safe hold mode active
2025-05-28 04:01:45,656 - INFO - [AUDIT] - Action: 0, Confidence: 1.0000, Safety Mode: SAFE_HOLD, Override: Safe hold mode active
2025-05-28 04:01:45,656 - INFO - [AUDIT] - Action: 0, Confidence: 1.0000, Safety Mode: SAFE_HOLD, Override: Safe hold mode active
2025-05-28 04:01:45,657 - INFO - [AUDIT] - Action: 0, Confidence: 1.0000, Safety Mode: SAFE_HOLD, Override: Safe hold mode active
2025-05-28 04:01:45,657 - INFO - [AUDIT] - Action: 0, Confidence: 1.0000, Safety Mode: SAFE_HOLD, Override: Safe hold mode active
2025-05-28 04:01:45,657 - INFO - [AUDIT] - Action: 0, Confidence: 1.0000, Safety Mode: SAFE_HOLD, Override: Safe hold mode active
2025-05-28 04:01:45,657 - INFO - [AUDIT] - Action: 0, Confidence: 1.0000, Safety Mode: SAFE_HOLD, Override: Safe hold mode active
2025-05-28 04:01:45,657 - INFO - [AUDIT] - Action: 0, Confidence: 1.0000, Safety Mode: SAFE_HOLD, Override: Safe hold mode active
2025-05-28 04:01:45,658 - INFO - [AUDIT] - Action: 0, Confidence: 1.0000, Safety Mode: SAFE_HOLD, Override: Safe hold mode active
2025-05-28 04:01:45,658 - INFO - [AUDIT] - Action: 0, Confidence: 1.0000, Safety Mode: SAFE_HOLD, Override: Safe hold mode active
2025-05-28 04:01:45,658 - INFO - [AUDIT] - Action: 0, Confidence: 1.0000, Safety Mode: SAFE_HOLD, Override: Safe hold mode active
2025-05-28 04:01:45,658 - INFO - [AUDIT] - Action: 0, Confidence: 1.0000, Safety Mode: SAFE_HOLD, Override: Safe hold mode active
2025-05-28 04:01:45,658 - INFO - [AUDIT] - Action: 0, Confidence: 1.0000, Safety Mode: SAFE_HOLD, Override: Safe hold mode active
2025-05-28 04:01:45,659 - INFO - [AUDIT] - Action: 0, Confidence: 1.0000, Safety Mode: SAFE_HOLD, Override: Safe hold mode active
2025-05-28 04:01:45,659 - INFO - [AUDIT] - Action: 0, Confidence: 1.0000, Safety Mode: SAFE_HOLD, Override: Safe hold mode active
2025-05-28 04:01:45,659 - INFO - [AUDIT] - Action: 0, Confidence: 1.0000, Safety Mode: SAFE_HOLD, Override: Safe hold mode active
2025-05-28 04:01:45,659 - INFO - [AUDIT] - Action: 0, Confidence: 1.0000, Safety Mode: SAFE_HOLD, Override: Safe hold mode active
2025-05-28 04:01:45,659 - INFO - [AUDIT] - Action: 0, Confidence: 1.0000, Safety Mode: SAFE_HOLD, Override: Safe hold mode active
2025-05-28 04:01:45,660 - INFO - [AUDIT] - Action: 0, Confidence: 1.0000, Safety Mode: SAFE_HOLD, Override: Safe hold mode active
2025-05-28 04:01:45,660 - INFO - [AUDIT] - Action: 0, Confidence: 1.0000, Safety Mode: SAFE_HOLD, Override: Safe hold mode active
2025-05-28 04:01:45,660 - INFO - [AUDIT] - Action: 0, Confidence: 1.0000, Safety Mode: SAFE_HOLD, Override: Safe hold mode active
2025-05-28 04:01:45,660 - INFO - [AUDIT] - Action: 0, Confidence: 1.0000, Safety Mode: SAFE_HOLD, Override: Safe hold mode active
2025-05-28 04:01:45,660 - INFO - [AUDIT] - Action: 0, Confidence: 1.0000, Safety Mode: SAFE_HOLD, Override: Safe hold mode active
2025-05-28 04:01:45,660 - INFO - [AUDIT] - Action: 0, Confidence: 1.0000, Safety Mode: SAFE_HOLD, Override: Safe hold mode active
2025-05-28 04:01:45,661 - INFO - [AUDIT] - Action: 0, Confidence: 1.0000, Safety Mode: SAFE_HOLD, Override: Safe hold mode active
2025-05-28 04:01:45,661 - INFO - [AUDIT] - Action: 0, Confidence: 1.0000, Safety Mode: SAFE_HOLD, Override: Safe hold mode active
2025-05-28 04:01:45,661 - INFO - [AUDIT] - Action: 0, Confidence: 1.0000, Safety Mode: SAFE_HOLD, Override: Safe hold mode active
2025-05-28 04:01:45,661 - INFO - [AUDIT] - Action: 0, Confidence: 1.0000, Safety Mode: SAFE_HOLD, Override: Safe hold mode active
2025-05-28 04:01:45,661 - INFO - [AUDIT] - Action: 0, Confidence: 1.0000, Safety Mode: SAFE_HOLD, Override: Safe hold mode active
2025-05-28 04:01:45,662 - INFO - [AUDIT] - Action: 0, Confidence: 1.0000, Safety Mode: SAFE_HOLD, Override: Safe hold mode active
2025-05-28 04:01:45,662 - INFO - [AUDIT] - Action: 0, Confidence: 1.0000, Safety Mode: SAFE_HOLD, Override: Safe hold mode active
2025-05-28 04:01:45,662 - INFO - [AUDIT] - Action: 0, Confidence: 1.0000, Safety Mode: SAFE_HOLD, Override: Safe hold mode active
2025-05-28 04:01:45,662 - INFO - [AUDIT] - Action: 0, Confidence: 1.0000, Safety Mode: SAFE_HOLD, Override: Safe hold mode active
2025-05-28 04:01:45,662 - INFO - [AUDIT] - Action: 0, Confidence: 1.0000, Safety Mode: SAFE_HOLD, Override: Safe hold mode active
2025-05-28 04:01:45,663 - INFO - [AUDIT] - Action: 0, Confidence: 1.0000, Safety Mode: SAFE_HOLD, Override: Safe hold mode active
2025-05-28 04:01:45,663 - INFO - [AUDIT] - Action: 0, Confidence: 1.0000, Safety Mode: SAFE_HOLD, Override: Safe hold mode active
2025-05-28 04:01:45,663 - INFO - [AUDIT] - Action: 0, Confidence: 1.0000, Safety Mode: SAFE_HOLD, Override: Safe hold mode active
2025-05-28 04:01:45,663 - INFO - [AUDIT] - Action: 0, Confidence: 1.0000, Safety Mode: SAFE_HOLD, Override: Safe hold mode active
2025-05-28 04:01:45,663 - INFO - [AUDIT] - Action: 0, Confidence: 1.0000, Safety Mode: SAFE_HOLD, Override: Safe hold mode active
2025-05-28 04:01:45,664 - INFO - [AUDIT] - Action: 0, Confidence: 1.0000, Safety Mode: SAFE_HOLD, Override: Safe hold mode active
2025-05-28 04:01:45,664 - INFO - [AUDIT] - Action: 0, Confidence: 1.0000, Safety Mode: SAFE_HOLD, Override: Safe hold mode active
2025-05-28 04:01:45,664 - INFO - [AUDIT] - Action: 0, Confidence: 1.0000, Safety Mode: SAFE_HOLD, Override: Safe hold mode active
2025-05-28 04:01:45,664 - INFO - [AUDIT] - Action: 0, Confidence: 1.0000, Safety Mode: SAFE_HOLD, Override: Safe hold mode active
2025-05-28 04:01:45,664 - INFO - [AUDIT] - Action: 0, Confidence: 1.0000, Safety Mode: SAFE_HOLD, Override: Safe hold mode active
2025-05-28 04:01:45,665 - INFO - [AUDIT] - Action: 0, Confidence: 1.0000, Safety Mode: SAFE_HOLD, Override: Safe hold mode active
2025-05-28 04:01:45,665 - INFO - [AUDIT] - Action: 0, Confidence: 1.0000, Safety Mode: SAFE_HOLD, Override: Safe hold mode active
2025-05-28 04:01:45,665 - INFO - [AUDIT] - Action: 0, Confidence: 1.0000, Safety Mode: SAFE_HOLD, Override: Safe hold mode active
2025-05-28 04:01:45,665 - INFO - [AUDIT] - Action: 0, Confidence: 1.0000, Safety Mode: SAFE_HOLD, Override: Safe hold mode active
2025-05-28 04:01:45,665 - INFO - [AUDIT] - Action: 0, Confidence: 1.0000, Safety Mode: SAFE_HOLD, Override: Safe hold mode active
2025-05-28 04:01:45,666 - INFO - [AUDIT] - Action: 0, Confidence: 1.0000, Safety Mode: SAFE_HOLD, Override: Safe hold mode active
2025-05-28 04:01:45,666 - INFO - [AUDIT] - Action: 0, Confidence: 1.0000, Safety Mode: SAFE_HOLD, Override: Safe hold mode active
2025-05-28 04:01:45,666 - INFO - [AUDIT] - Action: 0, Confidence: 1.0000, Safety Mode: SAFE_HOLD, Override: Safe hold mode active
2025-05-28 04:01:45,666 - INFO - [AUDIT] - Action: 0, Confidence: 1.0000, Safety Mode: SAFE_HOLD, Override: Safe hold mode active
2025-05-28 04:01:45,666 - INFO - [AUDIT] - Action: 0, Confidence: 1.0000, Safety Mode: SAFE_HOLD, Override: Safe hold mode active
2025-05-28 04:01:45,666 - INFO - [AUDIT] - Action: 0, Confidence: 1.0000, Safety Mode: SAFE_HOLD, Override: Safe hold mode active
2025-05-28 04:01:45,667 - INFO - [AUDIT] - Action: 0, Confidence: 1.0000, Safety Mode: SAFE_HOLD, Override: Safe hold mode active
2025-05-28 04:01:45,667 - INFO - [AUDIT] - Action: 0, Confidence: 1.0000, Safety Mode: SAFE_HOLD, Override: Safe hold mode active
2025-05-28 04:01:45,667 - INFO - [AUDIT] - Action: 0, Confidence: 1.0000, Safety Mode: SAFE_HOLD, Override: Safe hold mode active
2025-05-28 04:01:45,667 - INFO - [AUDIT] - Action: 0, Confidence: 1.0000, Safety Mode: SAFE_HOLD, Override: Safe hold mode active
2025-05-28 04:01:45,668 - INFO - [AUDIT] - Action: 0, Confidence: 1.0000, Safety Mode: SAFE_HOLD, Override: Safe hold mode active
2025-05-28 04:01:45,668 - INFO - [AUDIT] - Action: 0, Confidence: 1.0000, Safety Mode: SAFE_HOLD, Override: Safe hold mode active
2025-05-28 04:01:45,668 - INFO - [AUDIT] - Action: 0, Confidence: 1.0000, Safety Mode: SAFE_HOLD, Override: Safe hold mode active
2025-05-28 04:01:45,668 - INFO - [AUDIT] - Action: 0, Confidence: 1.0000, Safety Mode: SAFE_HOLD, Override: Safe hold mode active
2025-05-28 04:01:45,669 - INFO - [AUDIT] - Action: 0, Confidence: 1.0000, Safety Mode: SAFE_HOLD, Override: Safe hold mode active
2025-05-28 04:01:45,669 - INFO - [AUDIT] - Action: 0, Confidence: 1.0000, Safety Mode: SAFE_HOLD, Override: Safe hold mode active
2025-05-28 04:01:45,669 - INFO - [AUDIT] - Action: 0, Confidence: 1.0000, Safety Mode: SAFE_HOLD, Override: Safe hold mode active
2025-05-28 04:01:45,669 - INFO - [AUDIT] - Action: 0, Confidence: 1.0000, Safety Mode: SAFE_HOLD, Override: Safe hold mode active
2025-05-28 04:01:45,669 - INFO - [AUDIT] - Action: 0, Confidence: 1.0000, Safety Mode: SAFE_HOLD, Override: Safe hold mode active
2025-05-28 04:01:45,669 - INFO - [AUDIT] - Action: 0, Confidence: 1.0000, Safety Mode: SAFE_HOLD, Override: Safe hold mode active
2025-05-28 04:01:45,670 - INFO - [AUDIT] - Action: 0, Confidence: 1.0000, Safety Mode: SAFE_HOLD, Override: Safe hold mode active
2025-05-28 04:01:45,670 - INFO - [AUDIT] - Action: 0, Confidence: 1.0000, Safety Mode: SAFE_HOLD, Override: Safe hold mode active
2025-05-28 04:01:45,670 - INFO - [AUDIT] - Action: 0, Confidence: 1.0000, Safety Mode: SAFE_HOLD, Override: Safe hold mode active
2025-05-28 04:01:45,670 - INFO - [AUDIT] - Action: 0, Confidence: 1.0000, Safety Mode: SAFE_HOLD, Override: Safe hold mode active
2025-05-28 04:01:45,670 - INFO - [AUDIT] - Action: 0, Confidence: 1.0000, Safety Mode: SAFE_HOLD, Override: Safe hold mode active
2025-05-28 04:01:45,671 - INFO - [AUDIT] - Action: 0, Confidence: 1.0000, Safety Mode: SAFE_HOLD, Override: Safe hold mode active
2025-05-28 04:01:45,671 - INFO - [AUDIT] - Action: 0, Confidence: 1.0000, Safety Mode: SAFE_HOLD, Override: Safe hold mode active
2025-05-28 04:01:45,671 - INFO - [AUDIT] - Action: 0, Confidence: 1.0000, Safety Mode: SAFE_HOLD, Override: Safe hold mode active
2025-05-28 04:01:45,671 - INFO - [AUDIT] - Action: 0, Confidence: 1.0000, Safety Mode: SAFE_HOLD, Override: Safe hold mode active
2025-05-28 04:01:45,671 - INFO - [AUDIT] - Action: 0, Confidence: 1.0000, Safety Mode: SAFE_HOLD, Override: Safe hold mode active
2025-05-28 04:01:45,672 - INFO - [AUDIT] - Action: 0, Confidence: 1.0000, Safety Mode: SAFE_HOLD, Override: Safe hold mode active
2025-05-28 04:01:45,672 - INFO - [AUDIT] - Action: 0, Confidence: 1.0000, Safety Mode: SAFE_HOLD, Override: Safe hold mode active
2025-05-28 04:01:45,672 - INFO - [AUDIT] - Action: 0, Confidence: 1.0000, Safety Mode: SAFE_HOLD, Override: Safe hold mode active
2025-05-28 04:01:45,673 - INFO - [AUDIT] - Action: 0, Confidence: 1.0000, Safety Mode: SAFE_HOLD, Override: Safe hold mode active
2025-05-28 04:01:45,673 - INFO - [AUDIT] - Action: 0, Confidence: 1.0000, Safety Mode: SAFE_HOLD, Override: Safe hold mode active
2025-05-28 04:01:45,673 - INFO - [AUDIT] - Action: 0, Confidence: 1.0000, Safety Mode: SAFE_HOLD, Override: Safe hold mode active
2025-05-28 04:01:45,673 - INFO - [AUDIT] - Action: 0, Confidence: 1.0000, Safety Mode: SAFE_HOLD, Override: Safe hold mode active
2025-05-28 04:01:45,673 - INFO - [AUDIT] - Action: 0, Confidence: 1.0000, Safety Mode: SAFE_HOLD, Override: Safe hold mode active
2025-05-28 04:01:45,674 - INFO - [AUDIT] - Action: 0, Confidence: 1.0000, Safety Mode: SAFE_HOLD, Override: Safe hold mode active
2025-05-28 04:01:45,674 - INFO - [AUDIT] - Action: 0, Confidence: 1.0000, Safety Mode: SAFE_HOLD, Override: Safe hold mode active
2025-05-28 04:01:45,674 - INFO - [AUDIT] - Action: 0, Confidence: 1.0000, Safety Mode: SAFE_HOLD, Override: Safe hold mode active
2025-05-28 04:01:45,674 - INFO - [AUDIT] - Action: 0, Confidence: 1.0000, Safety Mode: SAFE_HOLD, Override: Safe hold mode active
2025-05-28 04:01:45,674 - INFO - [AUDIT] - Action: 0, Confidence: 1.0000, Safety Mode: SAFE_HOLD, Override: Safe hold mode active
2025-05-28 04:01:45,674 - INFO - [AUDIT] - Action: 0, Confidence: 1.0000, Safety Mode: SAFE_HOLD, Override: Safe hold mode active
2025-05-28 04:01:45,675 - INFO - [AUDIT] - Action: 0, Confidence: 1.0000, Safety Mode: SAFE_HOLD, Override: Safe hold mode active
2025-05-28 04:01:45,675 - INFO - [AUDIT] - Action: 0, Confidence: 1.0000, Safety Mode: SAFE_HOLD, Override: Safe hold mode active
2025-05-28 04:01:45,675 - INFO - [AUDIT] - Action: 0, Confidence: 1.0000, Safety Mode: SAFE_HOLD, Override: Safe hold mode active
2025-05-28 04:01:45,675 - INFO - [AUDIT] - Action: 0, Confidence: 1.0000, Safety Mode: SAFE_HOLD, Override: Safe hold mode active
2025-05-28 04:01:45,675 - INFO - [AUDIT] - Action: 0, Confidence: 1.0000, Safety Mode: SAFE_HOLD, Override: Safe hold mode active
2025-05-28 04:01:45,676 - INFO - [AUDIT] - Action: 0, Confidence: 1.0000, Safety Mode: SAFE_HOLD, Override: Safe hold mode active
2025-05-28 04:01:45,676 - INFO - [AUDIT] - Action: 0, Confidence: 1.0000, Safety Mode: SAFE_HOLD, Override: Safe hold mode active
2025-05-28 04:01:45,676 - INFO - [AUDIT] - Action: 0, Confidence: 1.0000, Safety Mode: SAFE_HOLD, Override: Safe hold mode active
2025-05-28 04:01:45,676 - INFO - [AUDIT] - Action: 0, Confidence: 1.0000, Safety Mode: SAFE_HOLD, Override: Safe hold mode active
2025-05-28 04:01:45,676 - INFO - [AUDIT] - Action: 0, Confidence: 1.0000, Safety Mode: SAFE_HOLD, Override: Safe hold mode active
2025-05-28 04:01:45,677 - INFO - [AUDIT] - Action: 0, Confidence: 1.0000, Safety Mode: SAFE_HOLD, Override: Safe hold mode active
2025-05-28 04:01:45,677 - INFO - [AUDIT] - Action: 0, Confidence: 1.0000, Safety Mode: SAFE_HOLD, Override: Safe hold mode active
2025-05-28 04:01:45,677 - INFO - [AUDIT] - Action: 0, Confidence: 1.0000, Safety Mode: SAFE_HOLD, Override: Safe hold mode active
2025-05-28 04:01:45,677 - INFO - [AUDIT] - Action: 0, Confidence: 1.0000, Safety Mode: SAFE_HOLD, Override: Safe hold mode active
2025-05-28 04:01:45,677 - INFO - [AUDIT] - Action: 0, Confidence: 1.0000, Safety Mode: SAFE_HOLD, Override: Safe hold mode active
2025-05-28 04:01:45,678 - INFO - [AUDIT] - Action: 0, Confidence: 1.0000, Safety Mode: SAFE_HOLD, Override: Safe hold mode active
2025-05-28 04:01:45,678 - INFO - [AUDIT] - Action: 0, Confidence: 1.0000, Safety Mode: SAFE_HOLD, Override: Safe hold mode active
2025-05-28 04:01:45,678 - INFO - [AUDIT] - Action: 0, Confidence: 1.0000, Safety Mode: SAFE_HOLD, Override: Safe hold mode active
2025-05-28 04:01:45,678 - INFO - [AUDIT] - Action: 0, Confidence: 1.0000, Safety Mode: SAFE_HOLD, Override: Safe hold mode active
2025-05-28 04:01:45,678 - INFO - [AUDIT] - Action: 0, Confidence: 1.0000, Safety Mode: SAFE_HOLD, Override: Safe hold mode active
2025-05-28 04:01:45,679 - INFO - [AUDIT] - Action: 0, Confidence: 1.0000, Safety Mode: SAFE_HOLD, Override: Safe hold mode active
2025-05-28 04:01:45,679 - INFO - [AUDIT] - Action: 0, Confidence: 1.0000, Safety Mode: SAFE_HOLD, Override: Safe hold mode active
2025-05-28 04:01:45,679 - INFO - [AUDIT] - Action: 0, Confidence: 1.0000, Safety Mode: SAFE_HOLD, Override: Safe hold mode active
2025-05-28 04:01:45,679 - INFO - [AUDIT] - Action: 0, Confidence: 1.0000, Safety Mode: SAFE_HOLD, Override: Safe hold mode active
2025-05-28 04:01:45,679 - INFO - [AUDIT] - Action: 0, Confidence: 1.0000, Safety Mode: SAFE_HOLD, Override: Safe hold mode active
2025-05-28 04:01:45,680 - INFO - [AUDIT] - Action: 0, Confidence: 1.0000, Safety Mode: SAFE_HOLD, Override: Safe hold mode active
2025-05-28 04:01:45,680 - INFO - [AUDIT] - Action: 0, Confidence: 1.0000, Safety Mode: SAFE_HOLD, Override: Safe hold mode active
2025-05-28 04:01:45,680 - INFO - [AUDIT] - Action: 0, Confidence: 1.0000, Safety Mode: SAFE_HOLD, Override: Safe hold mode active
2025-05-28 04:01:45,680 - INFO - [AUDIT] - Action: 0, Confidence: 1.0000, Safety Mode: SAFE_HOLD, Override: Safe hold mode active
2025-05-28 04:01:45,680 - INFO - [AUDIT] - Action: 0, Confidence: 1.0000, Safety Mode: SAFE_HOLD, Override: Safe hold mode active
2025-05-28 04:01:45,681 - INFO - [AUDIT] - Action: 0, Confidence: 1.0000, Safety Mode: SAFE_HOLD, Override: Safe hold mode active
2025-05-28 04:01:45,681 - INFO - [AUDIT] - Action: 0, Confidence: 1.0000, Safety Mode: SAFE_HOLD, Override: Safe hold mode active
2025-05-28 04:01:45,681 - INFO - [AUDIT] - Action: 0, Confidence: 1.0000, Safety Mode: SAFE_HOLD, Override: Safe hold mode active
2025-05-28 04:01:45,681 - INFO - [AUDIT] - Action: 0, Confidence: 1.0000, Safety Mode: SAFE_HOLD, Override: Safe hold mode active
2025-05-28 04:01:45,681 - INFO - [AUDIT] - Action: 0, Confidence: 1.0000, Safety Mode: SAFE_HOLD, Override: Safe hold mode active
2025-05-28 04:01:45,682 - INFO - [AUDIT] - Action: 0, Confidence: 1.0000, Safety Mode: SAFE_HOLD, Override: Safe hold mode active
2025-05-28 04:01:45,682 - INFO - [AUDIT] - Action: 0, Confidence: 1.0000, Safety Mode: SAFE_HOLD, Override: Safe hold mode active
2025-05-28 04:01:45,682 - INFO - [AUDIT] - Action: 0, Confidence: 1.0000, Safety Mode: SAFE_HOLD, Override: Safe hold mode active
2025-05-28 04:01:45,682 - INFO - [AUDIT] - Action: 0, Confidence: 1.0000, Safety Mode: SAFE_HOLD, Override: Safe hold mode active
2025-05-28 04:01:45,682 - INFO - [AUDIT] - Action: 0, Confidence: 1.0000, Safety Mode: SAFE_HOLD, Override: Safe hold mode active
2025-05-28 04:01:45,682 - INFO - [AUDIT] - Action: 0, Confidence: 1.0000, Safety Mode: SAFE_HOLD, Override: Safe hold mode active
2025-05-28 04:01:45,683 - INFO - [AUDIT] - Action: 0, Confidence: 1.0000, Safety Mode: SAFE_HOLD, Override: Safe hold mode active
2025-05-28 04:01:45,683 - INFO - [AUDIT] - Action: 0, Confidence: 1.0000, Safety Mode: SAFE_HOLD, Override: Safe hold mode active
2025-05-28 04:01:45,683 - INFO - [AUDIT] - Action: 0, Confidence: 1.0000, Safety Mode: SAFE_HOLD, Override: Safe hold mode active
2025-05-28 04:01:45,683 - INFO - [AUDIT] - Action: 0, Confidence: 1.0000, Safety Mode: SAFE_HOLD, Override: Safe hold mode active
2025-05-28 04:01:45,684 - INFO - [AUDIT] - Action: 0, Confidence: 1.0000, Safety Mode: SAFE_HOLD, Override: Safe hold mode active
2025-05-28 04:01:45,684 - INFO - [AUDIT] - Action: 0, Confidence: 1.0000, Safety Mode: SAFE_HOLD, Override: Safe hold mode active
2025-05-28 04:01:45,684 - INFO - [AUDIT] - Action: 0, Confidence: 1.0000, Safety Mode: SAFE_HOLD, Override: Safe hold mode active
2025-05-28 04:01:45,684 - INFO - [AUDIT] - Action: 0, Confidence: 1.0000, Safety Mode: SAFE_HOLD, Override: Safe hold mode active
2025-05-28 04:01:45,684 - INFO - [AUDIT] - Action: 0, Confidence: 1.0000, Safety Mode: SAFE_HOLD, Override: Safe hold mode active
2025-05-28 04:01:45,685 - INFO - [AUDIT] - Action: 0, Confidence: 1.0000, Safety Mode: SAFE_HOLD, Override: Safe hold mode active
2025-05-28 04:01:45,685 - INFO - [AUDIT] - Action: 0, Confidence: 1.0000, Safety Mode: SAFE_HOLD, Override: Safe hold mode active
2025-05-28 04:01:45,685 - INFO - [AUDIT] - Action: 0, Confidence: 1.0000, Safety Mode: SAFE_HOLD, Override: Safe hold mode active
2025-05-28 04:01:45,685 - INFO - [AUDIT] - Action: 0, Confidence: 1.0000, Safety Mode: SAFE_HOLD, Override: Safe hold mode active
2025-05-28 04:01:45,685 - INFO - [AUDIT] - Action: 0, Confidence: 1.0000, Safety Mode: SAFE_HOLD, Override: Safe hold mode active
2025-05-28 04:01:45,686 - INFO - [AUDIT] - Action: 0, Confidence: 1.0000, Safety Mode: SAFE_HOLD, Override: Safe hold mode active
2025-05-28 04:01:45,686 - INFO - [AUDIT] - Action: 0, Confidence: 1.0000, Safety Mode: SAFE_HOLD, Override: Safe hold mode active
2025-05-28 04:01:45,686 - INFO - [AUDIT] - Action: 0, Confidence: 1.0000, Safety Mode: SAFE_HOLD, Override: Safe hold mode active
2025-05-28 04:01:45,686 - INFO - [AUDIT] - Action: 0, Confidence: 1.0000, Safety Mode: SAFE_HOLD, Override: Safe hold mode active
2025-05-28 04:01:45,686 - INFO - [AUDIT] - Action: 0, Confidence: 1.0000, Safety Mode: SAFE_HOLD, Override: Safe hold mode active
2025-05-28 04:01:45,686 - INFO - [AUDIT] - Action: 0, Confidence: 1.0000, Safety Mode: SAFE_HOLD, Override: Safe hold mode active
2025-05-28 04:01:45,687 - INFO - [AUDIT] - Action: 0, Confidence: 1.0000, Safety Mode: SAFE_HOLD, Override: Safe hold mode active
2025-05-28 04:01:45,687 - INFO - [AUDIT] - Action: 0, Confidence: 1.0000, Safety Mode: SAFE_HOLD, Override: Safe hold mode active
2025-05-28 04:01:45,687 - INFO - [AUDIT] - Action: 0, Confidence: 1.0000, Safety Mode: SAFE_HOLD, Override: Safe hold mode active
2025-05-28 04:01:45,687 - INFO - [AUDIT] - Action: 0, Confidence: 1.0000, Safety Mode: SAFE_HOLD, Override: Safe hold mode active
2025-05-28 04:01:45,688 - INFO - [AUDIT] - Action: 0, Confidence: 1.0000, Safety Mode: SAFE_HOLD, Override: Safe hold mode active
2025-05-28 04:01:45,688 - INFO - [AUDIT] - Action: 0, Confidence: 1.0000, Safety Mode: SAFE_HOLD, Override: Safe hold mode active
2025-05-28 04:01:45,688 - INFO - [AUDIT] - Action: 0, Confidence: 1.0000, Safety Mode: SAFE_HOLD, Override: Safe hold mode active
2025-05-28 04:01:45,688 - INFO - [AUDIT] - Action: 0, Confidence: 1.0000, Safety Mode: SAFE_HOLD, Override: Safe hold mode active
2025-05-28 04:01:45,688 - INFO - [AUDIT] - Action: 0, Confidence: 1.0000, Safety Mode: SAFE_HOLD, Override: Safe hold mode active
2025-05-28 04:01:45,688 - INFO - [AUDIT] - Action: 0, Confidence: 1.0000, Safety Mode: SAFE_HOLD, Override: Safe hold mode active
2025-05-28 04:01:45,689 - INFO - [AUDIT] - Action: 0, Confidence: 1.0000, Safety Mode: SAFE_HOLD, Override: Safe hold mode active
2025-05-28 04:01:45,689 - INFO - [AUDIT] - Action: 0, Confidence: 1.0000, Safety Mode: SAFE_HOLD, Override: Safe hold mode active
2025-05-28 04:01:45,689 - INFO - [AUDIT] - Action: 0, Confidence: 1.0000, Safety Mode: SAFE_HOLD, Override: Safe hold mode active
2025-05-28 04:01:45,689 - INFO - [AUDIT] - Action: 0, Confidence: 1.0000, Safety Mode: SAFE_HOLD, Override: Safe hold mode active
2025-05-28 04:01:45,689 - INFO - [AUDIT] - Action: 0, Confidence: 1.0000, Safety Mode: SAFE_HOLD, Override: Safe hold mode active
2025-05-28 04:01:45,690 - INFO - [AUDIT] - Action: 0, Confidence: 1.0000, Safety Mode: SAFE_HOLD, Override: Safe hold mode active
2025-05-28 04:01:45,690 - INFO - [AUDIT] - Action: 0, Confidence: 1.0000, Safety Mode: SAFE_HOLD, Override: Safe hold mode active
2025-05-28 04:01:45,690 - INFO - [AUDIT] - Action: 0, Confidence: 1.0000, Safety Mode: SAFE_HOLD, Override: Safe hold mode active
2025-05-28 04:01:45,690 - INFO - [AUDIT] - Action: 0, Confidence: 1.0000, Safety Mode: SAFE_HOLD, Override: Safe hold mode active
2025-05-28 04:01:45,690 - INFO - [AUDIT] - Action: 0, Confidence: 1.0000, Safety Mode: SAFE_HOLD, Override: Safe hold mode active
2025-05-28 04:01:45,691 - INFO - [AUDIT] - Action: 0, Confidence: 1.0000, Safety Mode: SAFE_HOLD, Override: Safe hold mode active
2025-05-28 04:01:45,691 - INFO - [AUDIT] - Action: 0, Confidence: 1.0000, Safety Mode: SAFE_HOLD, Override: Safe hold mode active
2025-05-28 04:01:45,691 - INFO - [AUDIT] - Action: 0, Confidence: 1.0000, Safety Mode: SAFE_HOLD, Override: Safe hold mode active
2025-05-28 04:01:45,691 - INFO - [AUDIT] - Action: 0, Confidence: 1.0000, Safety Mode: SAFE_HOLD, Override: Safe hold mode active
2025-05-28 04:01:45,691 - INFO - [AUDIT] - Action: 0, Confidence: 1.0000, Safety Mode: SAFE_HOLD, Override: Safe hold mode active
2025-05-28 04:01:45,691 - INFO - [AUDIT] - Action: 0, Confidence: 1.0000, Safety Mode: SAFE_HOLD, Override: Safe hold mode active
2025-05-28 04:01:45,692 - INFO - [AUDIT] - Action: 0, Confidence: 1.0000, Safety Mode: SAFE_HOLD, Override: Safe hold mode active
2025-05-28 04:01:45,692 - INFO - [AUDIT] - Action: 0, Confidence: 1.0000, Safety Mode: SAFE_HOLD, Override: Safe hold mode active
2025-05-28 04:01:45,692 - INFO - [AUDIT] - Action: 0, Confidence: 1.0000, Safety Mode: SAFE_HOLD, Override: Safe hold mode active
2025-05-28 04:01:45,692 - INFO - [AUDIT] - Action: 0, Confidence: 1.0000, Safety Mode: SAFE_HOLD, Override: Safe hold mode active
2025-05-28 04:01:45,692 - INFO - [AUDIT] - Action: 0, Confidence: 1.0000, Safety Mode: SAFE_HOLD, Override: Safe hold mode active
2025-05-28 04:01:45,693 - INFO - [AUDIT] - Action: 0, Confidence: 1.0000, Safety Mode: SAFE_HOLD, Override: Safe hold mode active
2025-05-28 04:01:45,693 - INFO - [AUDIT] - Action: 0, Confidence: 1.0000, Safety Mode: SAFE_HOLD, Override: Safe hold mode active
2025-05-28 04:01:45,693 - INFO - [AUDIT] - Action: 0, Confidence: 1.0000, Safety Mode: SAFE_HOLD, Override: Safe hold mode active
2025-05-28 04:01:45,693 - INFO - [AUDIT] - Action: 0, Confidence: 1.0000, Safety Mode: SAFE_HOLD, Override: Safe hold mode active
2025-05-28 04:01:45,693 - INFO - [AUDIT] - Action: 0, Confidence: 1.0000, Safety Mode: SAFE_HOLD, Override: Safe hold mode active
2025-05-28 04:01:45,694 - INFO - [AUDIT] - Action: 0, Confidence: 1.0000, Safety Mode: SAFE_HOLD, Override: Safe hold mode active
2025-05-28 04:01:45,694 - INFO - [AUDIT] - Action: 0, Confidence: 1.0000, Safety Mode: SAFE_HOLD, Override: Safe hold mode active
2025-05-28 04:01:45,694 - INFO - [AUDIT] - Action: 0, Confidence: 1.0000, Safety Mode: SAFE_HOLD, Override: Safe hold mode active
2025-05-28 04:01:45,694 - INFO - [AUDIT] - Action: 0, Confidence: 1.0000, Safety Mode: SAFE_HOLD, Override: Safe hold mode active
2025-05-28 04:01:45,694 - INFO - [AUDIT] - Action: 0, Confidence: 1.0000, Safety Mode: SAFE_HOLD, Override: Safe hold mode active
2025-05-28 04:01:45,695 - INFO - [AUDIT] - Action: 0, Confidence: 1.0000, Safety Mode: SAFE_HOLD, Override: Safe hold mode active
2025-05-28 04:01:45,695 - INFO - [AUDIT] - Action: 0, Confidence: 1.0000, Safety Mode: SAFE_HOLD, Override: Safe hold mode active
2025-05-28 04:01:45,695 - INFO - [AUDIT] - Action: 0, Confidence: 1.0000, Safety Mode: SAFE_HOLD, Override: Safe hold mode active
2025-05-28 04:01:45,695 - INFO - [AUDIT] - Action: 0, Confidence: 1.0000, Safety Mode: SAFE_HOLD, Override: Safe hold mode active
2025-05-28 04:01:45,695 - INFO - [AUDIT] - Action: 0, Confidence: 1.0000, Safety Mode: SAFE_HOLD, Override: Safe hold mode active
2025-05-28 04:01:45,695 - INFO - [AUDIT] - Action: 0, Confidence: 1.0000, Safety Mode: SAFE_HOLD, Override: Safe hold mode active
2025-05-28 04:01:45,696 - INFO - [AUDIT] - Action: 0, Confidence: 1.0000, Safety Mode: SAFE_HOLD, Override: Safe hold mode active
2025-05-28 04:01:45,696 - INFO - [AUDIT] - Action: 0, Confidence: 1.0000, Safety Mode: SAFE_HOLD, Override: Safe hold mode active
2025-05-28 04:01:45,696 - INFO - [AUDIT] - Action: 0, Confidence: 1.0000, Safety Mode: SAFE_HOLD, Override: Safe hold mode active
2025-05-28 04:01:45,696 - INFO - [AUDIT] - Action: 0, Confidence: 1.0000, Safety Mode: SAFE_HOLD, Override: Safe hold mode active
2025-05-28 04:01:45,696 - INFO - [AUDIT] - Action: 0, Confidence: 1.0000, Safety Mode: SAFE_HOLD, Override: Safe hold mode active
2025-05-28 04:01:45,697 - INFO - [AUDIT] - Action: 0, Confidence: 1.0000, Safety Mode: SAFE_HOLD, Override: Safe hold mode active
2025-05-28 04:01:45,697 - INFO - [AUDIT] - Action: 0, Confidence: 1.0000, Safety Mode: SAFE_HOLD, Override: Safe hold mode active
2025-05-28 04:01:45,697 - INFO - [AUDIT] - Action: 0, Confidence: 1.0000, Safety Mode: SAFE_HOLD, Override: Safe hold mode active
2025-05-28 04:01:45,697 - INFO - [AUDIT] - Action: 0, Confidence: 1.0000, Safety Mode: SAFE_HOLD, Override: Safe hold mode active
2025-05-28 04:01:45,697 - INFO - [AUDIT] - Action: 0, Confidence: 1.0000, Safety Mode: SAFE_HOLD, Override: Safe hold mode active
2025-05-28 04:01:45,698 - INFO - [AUDIT] - Action: 0, Confidence: 1.0000, Safety Mode: SAFE_HOLD, Override: Safe hold mode active
2025-05-28 04:01:45,698 - INFO - [AUDIT] - Action: 0, Confidence: 1.0000, Safety Mode: SAFE_HOLD, Override: Safe hold mode active
2025-05-28 04:01:45,698 - INFO - [AUDIT] - Action: 0, Confidence: 1.0000, Safety Mode: SAFE_HOLD, Override: Safe hold mode active
2025-05-28 04:01:45,698 - INFO - [AUDIT] - Action: 0, Confidence: 1.0000, Safety Mode: SAFE_HOLD, Override: Safe hold mode active
2025-05-28 04:01:45,698 - INFO - [AUDIT] - Action: 0, Confidence: 1.0000, Safety Mode: SAFE_HOLD, Override: Safe hold mode active
2025-05-28 04:01:45,699 - INFO - [AUDIT] - Action: 0, Confidence: 1.0000, Safety Mode: SAFE_HOLD, Override: Safe hold mode active
2025-05-28 04:01:45,699 - INFO - [AUDIT] - Action: 0, Confidence: 1.0000, Safety Mode: SAFE_HOLD, Override: Safe hold mode active
2025-05-28 04:01:45,699 - INFO - [AUDIT] - Action: 0, Confidence: 1.0000, Safety Mode: SAFE_HOLD, Override: Safe hold mode active
2025-05-28 04:01:45,699 - INFO - [AUDIT] - Action: 0, Confidence: 1.0000, Safety Mode: SAFE_HOLD, Override: Safe hold mode active
2025-05-28 04:01:45,699 - INFO - [AUDIT] - Action: 0, Confidence: 1.0000, Safety Mode: SAFE_HOLD, Override: Safe hold mode active
2025-05-28 04:01:45,699 - INFO - [AUDIT] - Action: 0, Confidence: 1.0000, Safety Mode: SAFE_HOLD, Override: Safe hold mode active
2025-05-28 04:01:45,700 - INFO - [AUDIT] - Action: 0, Confidence: 1.0000, Safety Mode: SAFE_HOLD, Override: Safe hold mode active
2025-05-28 04:01:45,700 - INFO - [AUDIT] - Action: 0, Confidence: 1.0000, Safety Mode: SAFE_HOLD, Override: Safe hold mode active
2025-05-28 04:01:45,700 - INFO - [AUDIT] - Action: 0, Confidence: 1.0000, Safety Mode: SAFE_HOLD, Override: Safe hold mode active
2025-05-28 04:01:45,700 - INFO - [AUDIT] - Action: 0, Confidence: 1.0000, Safety Mode: SAFE_HOLD, Override: Safe hold mode active
2025-05-28 04:01:45,701 - INFO - [AUDIT] - Action: 0, Confidence: 1.0000, Safety Mode: SAFE_HOLD, Override: Safe hold mode active
2025-05-28 04:01:45,701 - INFO - [AUDIT] - Action: 0, Confidence: 1.0000, Safety Mode: SAFE_HOLD, Override: Safe hold mode active
2025-05-28 04:01:45,701 - INFO - [AUDIT] - Action: 0, Confidence: 1.0000, Safety Mode: SAFE_HOLD, Override: Safe hold mode active
2025-05-28 04:01:45,701 - INFO - [AUDIT] - Action: 0, Confidence: 1.0000, Safety Mode: SAFE_HOLD, Override: Safe hold mode active
2025-05-28 04:01:45,701 - INFO - [AUDIT] - Action: 0, Confidence: 1.0000, Safety Mode: SAFE_HOLD, Override: Safe hold mode active
2025-05-28 04:01:45,701 - INFO - [AUDIT] - Action: 0, Confidence: 1.0000, Safety Mode: SAFE_HOLD, Override: Safe hold mode active
2025-05-28 04:01:45,702 - INFO - [AUDIT] - Action: 0, Confidence: 1.0000, Safety Mode: SAFE_HOLD, Override: Safe hold mode active
2025-05-28 04:01:45,702 - INFO - [AUDIT] - Action: 0, Confidence: 1.0000, Safety Mode: SAFE_HOLD, Override: Safe hold mode active
2025-05-28 04:01:45,702 - INFO - [AUDIT] - Action: 0, Confidence: 1.0000, Safety Mode: SAFE_HOLD, Override: Safe hold mode active
2025-05-28 04:01:45,702 - INFO - [AUDIT] - Action: 0, Confidence: 1.0000, Safety Mode: SAFE_HOLD, Override: Safe hold mode active
2025-05-28 04:01:45,703 - INFO - [AUDIT] - Action: 0, Confidence: 1.0000, Safety Mode: SAFE_HOLD, Override: Safe hold mode active
2025-05-28 04:01:45,703 - INFO - [AUDIT] - Action: 0, Confidence: 1.0000, Safety Mode: SAFE_HOLD, Override: Safe hold mode active
2025-05-28 04:01:45,703 - INFO - [AUDIT] - Action: 0, Confidence: 1.0000, Safety Mode: SAFE_HOLD, Override: Safe hold mode active
2025-05-28 04:01:45,703 - INFO - [AUDIT] - Action: 0, Confidence: 1.0000, Safety Mode: SAFE_HOLD, Override: Safe hold mode active
2025-05-28 04:01:45,703 - INFO - [AUDIT] - Action: 0, Confidence: 1.0000, Safety Mode: SAFE_HOLD, Override: Safe hold mode active
2025-05-28 04:01:45,703 - INFO - [AUDIT] - Action: 0, Confidence: 1.0000, Safety Mode: SAFE_HOLD, Override: Safe hold mode active
2025-05-28 04:01:45,704 - INFO - [AUDIT] - Action: 0, Confidence: 1.0000, Safety Mode: SAFE_HOLD, Override: Safe hold mode active
2025-05-28 04:01:45,704 - INFO - [AUDIT] - Action: 0, Confidence: 1.0000, Safety Mode: SAFE_HOLD, Override: Safe hold mode active
2025-05-28 04:01:45,704 - INFO - [AUDIT] - Action: 0, Confidence: 1.0000, Safety Mode: SAFE_HOLD, Override: Safe hold mode active
2025-05-28 04:01:45,704 - INFO - [AUDIT] - Action: 0, Confidence: 1.0000, Safety Mode: SAFE_HOLD, Override: Safe hold mode active
2025-05-28 04:01:45,704 - INFO - [AUDIT] - Action: 0, Confidence: 1.0000, Safety Mode: SAFE_HOLD, Override: Safe hold mode active
2025-05-28 04:01:45,704 - INFO - [AUDIT] - Action: 0, Confidence: 1.0000, Safety Mode: SAFE_HOLD, Override: Safe hold mode active
2025-05-28 04:01:45,705 - INFO - [AUDIT] - Action: 0, Confidence: 1.0000, Safety Mode: SAFE_HOLD, Override: Safe hold mode active
2025-05-28 04:01:45,705 - INFO - [AUDIT] - Action: 0, Confidence: 1.0000, Safety Mode: SAFE_HOLD, Override: Safe hold mode active
2025-05-28 04:01:45,705 - INFO - [AUDIT] - Action: 0, Confidence: 1.0000, Safety Mode: SAFE_HOLD, Override: Safe hold mode active
2025-05-28 04:01:45,705 - INFO - [AUDIT] - Action: 0, Confidence: 1.0000, Safety Mode: SAFE_HOLD, Override: Safe hold mode active
2025-05-28 04:01:45,706 - INFO - [AUDIT] - Action: 0, Confidence: 1.0000, Safety Mode: SAFE_HOLD, Override: Safe hold mode active
2025-05-28 04:01:45,706 - INFO - [AUDIT] - Action: 0, Confidence: 1.0000, Safety Mode: SAFE_HOLD, Override: Safe hold mode active
2025-05-28 04:01:45,706 - INFO - [AUDIT] - Action: 0, Confidence: 1.0000, Safety Mode: SAFE_HOLD, Override: Safe hold mode active
2025-05-28 04:01:45,706 - INFO - [AUDIT] - Action: 0, Confidence: 1.0000, Safety Mode: SAFE_HOLD, Override: Safe hold mode active
2025-05-28 04:01:45,706 - INFO - [AUDIT] - Action: 0, Confidence: 1.0000, Safety Mode: SAFE_HOLD, Override: Safe hold mode active
2025-05-28 04:01:45,707 - INFO - [AUDIT] - Action: 0, Confidence: 1.0000, Safety Mode: SAFE_HOLD, Override: Safe hold mode active
2025-05-28 04:01:45,707 - INFO - [AUDIT] - Action: 0, Confidence: 1.0000, Safety Mode: SAFE_HOLD, Override: Safe hold mode active
2025-05-28 04:01:45,707 - INFO - [AUDIT] - Action: 0, Confidence: 1.0000, Safety Mode: SAFE_HOLD, Override: Safe hold mode active
2025-05-28 04:01:45,707 - INFO - [AUDIT] - Action: 0, Confidence: 1.0000, Safety Mode: SAFE_HOLD, Override: Safe hold mode active
2025-05-28 04:01:45,708 - INFO - [AUDIT] - Action: 0, Confidence: 1.0000, Safety Mode: SAFE_HOLD, Override: Safe hold mode active
2025-05-28 04:01:45,708 - INFO - [AUDIT] - Action: 0, Confidence: 1.0000, Safety Mode: SAFE_HOLD, Override: Safe hold mode active
2025-05-28 04:01:45,708 - INFO - [AUDIT] - Action: 0, Confidence: 1.0000, Safety Mode: SAFE_HOLD, Override: Safe hold mode active
2025-05-28 04:01:45,708 - INFO - [AUDIT] - Action: 0, Confidence: 1.0000, Safety Mode: SAFE_HOLD, Override: Safe hold mode active
2025-05-28 04:01:45,708 - INFO - [AUDIT] - Action: 0, Confidence: 1.0000, Safety Mode: SAFE_HOLD, Override: Safe hold mode active
2025-05-28 04:01:45,709 - INFO - [AUDIT] - Action: 0, Confidence: 1.0000, Safety Mode: SAFE_HOLD, Override: Safe hold mode active
2025-05-28 04:01:45,709 - INFO - [AUDIT] - Action: 0, Confidence: 1.0000, Safety Mode: SAFE_HOLD, Override: Safe hold mode active
2025-05-28 04:01:45,709 - INFO - [AUDIT] - Action: 0, Confidence: 1.0000, Safety Mode: SAFE_HOLD, Override: Safe hold mode active
2025-05-28 04:01:45,709 - INFO - [AUDIT] - Action: 0, Confidence: 1.0000, Safety Mode: SAFE_HOLD, Override: Safe hold mode active
2025-05-28 04:01:45,709 - INFO - [AUDIT] - Action: 0, Confidence: 1.0000, Safety Mode: SAFE_HOLD, Override: Safe hold mode active
2025-05-28 04:01:45,710 - INFO - [AUDIT] - Action: 0, Confidence: 1.0000, Safety Mode: SAFE_HOLD, Override: Safe hold mode active
2025-05-28 04:01:45,710 - INFO - [AUDIT] - Action: 0, Confidence: 1.0000, Safety Mode: SAFE_HOLD, Override: Safe hold mode active
2025-05-28 04:01:45,710 - INFO - [AUDIT] - Action: 0, Confidence: 1.0000, Safety Mode: SAFE_HOLD, Override: Safe hold mode active
2025-05-28 04:01:45,710 - INFO - [AUDIT] - Action: 0, Confidence: 1.0000, Safety Mode: SAFE_HOLD, Override: Safe hold mode active
2025-05-28 04:01:45,710 - INFO - [AUDIT] - Action: 0, Confidence: 1.0000, Safety Mode: SAFE_HOLD, Override: Safe hold mode active
2025-05-28 04:01:45,710 - INFO - [AUDIT] - Action: 0, Confidence: 1.0000, Safety Mode: SAFE_HOLD, Override: Safe hold mode active
2025-05-28 04:01:45,711 - INFO - [AUDIT] - Action: 0, Confidence: 1.0000, Safety Mode: SAFE_HOLD, Override: Safe hold mode active
2025-05-28 04:01:45,711 - INFO - [AUDIT] - Action: 0, Confidence: 1.0000, Safety Mode: SAFE_HOLD, Override: Safe hold mode active
2025-05-28 04:01:45,711 - INFO - [AUDIT] - Action: 0, Confidence: 1.0000, Safety Mode: SAFE_HOLD, Override: Safe hold mode active
2025-05-28 04:01:45,711 - INFO - [AUDIT] - Action: 0, Confidence: 1.0000, Safety Mode: SAFE_HOLD, Override: Safe hold mode active
2025-05-28 04:01:45,711 - INFO - [AUDIT] - Action: 0, Confidence: 1.0000, Safety Mode: SAFE_HOLD, Override: Safe hold mode active
2025-05-28 04:01:45,712 - INFO - [AUDIT] - Action: 0, Confidence: 1.0000, Safety Mode: SAFE_HOLD, Override: Safe hold mode active
2025-05-28 04:01:45,712 - INFO - [AUDIT] - Action: 0, Confidence: 1.0000, Safety Mode: SAFE_HOLD, Override: Safe hold mode active
2025-05-28 04:01:45,712 - INFO - [AUDIT] - Action: 0, Confidence: 1.0000, Safety Mode: SAFE_HOLD, Override: Safe hold mode active
2025-05-28 04:01:45,712 - INFO - [AUDIT] - Action: 0, Confidence: 1.0000, Safety Mode: SAFE_HOLD, Override: Safe hold mode active
2025-05-28 04:01:45,712 - INFO - [AUDIT] - Action: 0, Confidence: 1.0000, Safety Mode: SAFE_HOLD, Override: Safe hold mode active
2025-05-28 04:01:45,713 - INFO - [AUDIT] - Action: 0, Confidence: 1.0000, Safety Mode: SAFE_HOLD, Override: Safe hold mode active
2025-05-28 04:01:45,713 - INFO - [AUDIT] - Action: 0, Confidence: 1.0000, Safety Mode: SAFE_HOLD, Override: Safe hold mode active
2025-05-28 04:01:45,713 - INFO - [AUDIT] - Action: 0, Confidence: 1.0000, Safety Mode: SAFE_HOLD, Override: Safe hold mode active
2025-05-28 04:01:45,713 - INFO - [AUDIT] - Action: 0, Confidence: 1.0000, Safety Mode: SAFE_HOLD, Override: Safe hold mode active
2025-05-28 04:01:45,713 - INFO - [AUDIT] - Action: 0, Confidence: 1.0000, Safety Mode: SAFE_HOLD, Override: Safe hold mode active
2025-05-28 04:01:45,714 - INFO - [AUDIT] - Action: 0, Confidence: 1.0000, Safety Mode: SAFE_HOLD, Override: Safe hold mode active
2025-05-28 04:01:45,714 - INFO - [AUDIT] - Action: 0, Confidence: 1.0000, Safety Mode: SAFE_HOLD, Override: Safe hold mode active
2025-05-28 04:01:45,714 - INFO - [AUDIT] - Action: 0, Confidence: 1.0000, Safety Mode: SAFE_HOLD, Override: Safe hold mode active
2025-05-28 04:01:45,714 - INFO - [AUDIT] - Action: 0, Confidence: 1.0000, Safety Mode: SAFE_HOLD, Override: Safe hold mode active
2025-05-28 04:01:45,714 - INFO - [AUDIT] - Action: 0, Confidence: 1.0000, Safety Mode: SAFE_HOLD, Override: Safe hold mode active
2025-05-28 04:01:45,715 - INFO - [AUDIT] - Action: 0, Confidence: 1.0000, Safety Mode: SAFE_HOLD, Override: Safe hold mode active
2025-05-28 04:01:45,715 - INFO - [AUDIT] - Action: 0, Confidence: 1.0000, Safety Mode: SAFE_HOLD, Override: Safe hold mode active
2025-05-28 04:01:45,715 - INFO - [AUDIT] - Action: 0, Confidence: 1.0000, Safety Mode: SAFE_HOLD, Override: Safe hold mode active
2025-05-28 04:01:45,715 - INFO - [AUDIT] - Action: 0, Confidence: 1.0000, Safety Mode: SAFE_HOLD, Override: Safe hold mode active
2025-05-28 04:01:45,715 - INFO - [AUDIT] - Action: 0, Confidence: 1.0000, Safety Mode: SAFE_HOLD, Override: Safe hold mode active
2025-05-28 04:01:45,716 - INFO - [AUDIT] - Action: 0, Confidence: 1.0000, Safety Mode: SAFE_HOLD, Override: Safe hold mode active
2025-05-28 04:01:45,716 - INFO - [AUDIT] - Action: 0, Confidence: 1.0000, Safety Mode: SAFE_HOLD, Override: Safe hold mode active
2025-05-28 04:01:45,716 - INFO - [AUDIT] - Action: 0, Confidence: 1.0000, Safety Mode: SAFE_HOLD, Override: Safe hold mode active
2025-05-28 04:01:45,716 - INFO - [AUDIT] - Action: 0, Confidence: 1.0000, Safety Mode: SAFE_HOLD, Override: Safe hold mode active
2025-05-28 04:01:45,716 - INFO - [AUDIT] - Action: 0, Confidence: 1.0000, Safety Mode: SAFE_HOLD, Override: Safe hold mode active
2025-05-28 04:01:45,717 - INFO - [AUDIT] - Action: 0, Confidence: 1.0000, Safety Mode: SAFE_HOLD, Override: Safe hold mode active
2025-05-28 04:01:45,717 - INFO - [AUDIT] - Action: 0, Confidence: 1.0000, Safety Mode: SAFE_HOLD, Override: Safe hold mode active
2025-05-28 04:01:45,717 - INFO - [AUDIT] - Action: 0, Confidence: 1.0000, Safety Mode: SAFE_HOLD, Override: Safe hold mode active
2025-05-28 04:01:45,717 - INFO - [AUDIT] - Action: 0, Confidence: 1.0000, Safety Mode: SAFE_HOLD, Override: Safe hold mode active
2025-05-28 04:01:45,718 - INFO - [AUDIT] - Action: 0, Confidence: 1.0000, Safety Mode: SAFE_HOLD, Override: Safe hold mode active
2025-05-28 04:01:45,718 - INFO - [AUDIT] - Action: 0, Confidence: 1.0000, Safety Mode: SAFE_HOLD, Override: Safe hold mode active
2025-05-28 04:01:45,718 - INFO - [AUDIT] - Action: 0, Confidence: 1.0000, Safety Mode: SAFE_HOLD, Override: Safe hold mode active
2025-05-28 04:01:45,718 - INFO - [AUDIT] - Action: 0, Confidence: 1.0000, Safety Mode: SAFE_HOLD, Override: Safe hold mode active
2025-05-28 04:01:45,719 - INFO - [AUDIT] - Action: 0, Confidence: 1.0000, Safety Mode: SAFE_HOLD, Override: Safe hold mode active
2025-05-28 04:01:45,719 - INFO - [AUDIT] - Action: 0, Confidence: 1.0000, Safety Mode: SAFE_HOLD, Override: Safe hold mode active
2025-05-28 04:01:45,719 - INFO - [AUDIT] - Action: 0, Confidence: 1.0000, Safety Mode: SAFE_HOLD, Override: Safe hold mode active
2025-05-28 04:01:45,719 - INFO - [AUDIT] - Action: 0, Confidence: 1.0000, Safety Mode: SAFE_HOLD, Override: Safe hold mode active
2025-05-28 04:01:45,719 - INFO - [AUDIT] - Action: 0, Confidence: 1.0000, Safety Mode: SAFE_HOLD, Override: Safe hold mode active
2025-05-28 04:01:45,719 - INFO - [AUDIT] - Action: 0, Confidence: 1.0000, Safety Mode: SAFE_HOLD, Override: Safe hold mode active
2025-05-28 04:01:45,720 - INFO - [AUDIT] - Action: 0, Confidence: 1.0000, Safety Mode: SAFE_HOLD, Override: Safe hold mode active
2025-05-28 04:01:45,720 - INFO - [AUDIT] - Action: 0, Confidence: 1.0000, Safety Mode: SAFE_HOLD, Override: Safe hold mode active
2025-05-28 04:01:45,720 - INFO - [AUDIT] - Action: 0, Confidence: 1.0000, Safety Mode: SAFE_HOLD, Override: Safe hold mode active
2025-05-28 04:01:45,720 - INFO - [AUDIT] - Action: 0, Confidence: 1.0000, Safety Mode: SAFE_HOLD, Override: Safe hold mode active
2025-05-28 04:01:45,720 - INFO - [AUDIT] - Action: 0, Confidence: 1.0000, Safety Mode: SAFE_HOLD, Override: Safe hold mode active
2025-05-28 04:01:45,721 - INFO - [AUDIT] - Action: 0, Confidence: 1.0000, Safety Mode: SAFE_HOLD, Override: Safe hold mode active
2025-05-28 04:01:45,721 - INFO - [AUDIT] - Action: 0, Confidence: 1.0000, Safety Mode: SAFE_HOLD, Override: Safe hold mode active
2025-05-28 04:01:45,721 - INFO - [AUDIT] - Action: 0, Confidence: 1.0000, Safety Mode: SAFE_HOLD, Override: Safe hold mode active
2025-05-28 04:01:45,721 - INFO - [AUDIT] - Action: 0, Confidence: 1.0000, Safety Mode: SAFE_HOLD, Override: Safe hold mode active
2025-05-28 04:01:45,721 - INFO - [AUDIT] - Action: 0, Confidence: 1.0000, Safety Mode: SAFE_HOLD, Override: Safe hold mode active
2025-05-28 04:01:45,722 - INFO - [AUDIT] - Action: 0, Confidence: 1.0000, Safety Mode: SAFE_HOLD, Override: Safe hold mode active
2025-05-28 04:01:45,722 - INFO - [AUDIT] - Action: 0, Confidence: 1.0000, Safety Mode: SAFE_HOLD, Override: Safe hold mode active
2025-05-28 04:01:45,722 - INFO - [AUDIT] - Action: 0, Confidence: 1.0000, Safety Mode: SAFE_HOLD, Override: Safe hold mode active
2025-05-28 04:01:45,722 - INFO - [AUDIT] - Action: 0, Confidence: 1.0000, Safety Mode: SAFE_HOLD, Override: Safe hold mode active
2025-05-28 04:01:45,722 - INFO - [AUDIT] - Action: 0, Confidence: 1.0000, Safety Mode: SAFE_HOLD, Override: Safe hold mode active
2025-05-28 04:01:45,723 - INFO - [AUDIT] - Action: 0, Confidence: 1.0000, Safety Mode: SAFE_HOLD, Override: Safe hold mode active
2025-05-28 04:01:45,723 - INFO - [AUDIT] - Action: 0, Confidence: 1.0000, Safety Mode: SAFE_HOLD, Override: Safe hold mode active
2025-05-28 04:01:45,723 - INFO - [AUDIT] - Action: 0, Confidence: 1.0000, Safety Mode: SAFE_HOLD, Override: Safe hold mode active
2025-05-28 04:01:45,723 - INFO - [AUDIT] - Action: 0, Confidence: 1.0000, Safety Mode: SAFE_HOLD, Override: Safe hold mode active
2025-05-28 04:01:45,723 - INFO - [AUDIT] - Action: 0, Confidence: 1.0000, Safety Mode: SAFE_HOLD, Override: Safe hold mode active
2025-05-28 04:01:45,723 - INFO - [AUDIT] - Action: 0, Confidence: 1.0000, Safety Mode: SAFE_HOLD, Override: Safe hold mode active
2025-05-28 04:01:45,724 - INFO - [AUDIT] - Action: 0, Confidence: 1.0000, Safety Mode: SAFE_HOLD, Override: Safe hold mode active
2025-05-28 04:01:45,724 - INFO - [AUDIT] - Action: 0, Confidence: 1.0000, Safety Mode: SAFE_HOLD, Override: Safe hold mode active
2025-05-28 04:01:45,724 - INFO - [AUDIT] - Action: 0, Confidence: 1.0000, Safety Mode: SAFE_HOLD, Override: Safe hold mode active
2025-05-28 04:01:45,724 - INFO - [AUDIT] - Action: 0, Confidence: 1.0000, Safety Mode: SAFE_HOLD, Override: Safe hold mode active
2025-05-28 04:01:45,724 - INFO - [AUDIT] - Action: 0, Confidence: 1.0000, Safety Mode: SAFE_HOLD, Override: Safe hold mode active
2025-05-28 04:01:45,725 - INFO - [AUDIT] - Action: 0, Confidence: 1.0000, Safety Mode: SAFE_HOLD, Override: Safe hold mode active
2025-05-28 04:01:45,725 - INFO - [AUDIT] - Action: 0, Confidence: 1.0000, Safety Mode: SAFE_HOLD, Override: Safe hold mode active
2025-05-28 04:01:45,725 - INFO - [AUDIT] - Action: 0, Confidence: 1.0000, Safety Mode: SAFE_HOLD, Override: Safe hold mode active
2025-05-28 04:01:45,725 - INFO - [AUDIT] - Action: 0, Confidence: 1.0000, Safety Mode: SAFE_HOLD, Override: Safe hold mode active
2025-05-28 04:01:45,725 - INFO - [AUDIT] - Action: 0, Confidence: 1.0000, Safety Mode: SAFE_HOLD, Override: Safe hold mode active
2025-05-28 04:01:45,726 - INFO - [AUDIT] - Action: 0, Confidence: 1.0000, Safety Mode: SAFE_HOLD, Override: Safe hold mode active
2025-05-28 04:01:45,726 - INFO - [AUDIT] - Action: 0, Confidence: 1.0000, Safety Mode: SAFE_HOLD, Override: Safe hold mode active
2025-05-28 04:01:45,726 - INFO - [AUDIT] - Action: 0, Confidence: 1.0000, Safety Mode: SAFE_HOLD, Override: Safe hold mode active
2025-05-28 04:01:45,726 - INFO - [AUDIT] - Action: 0, Confidence: 1.0000, Safety Mode: SAFE_HOLD, Override: Safe hold mode active
2025-05-28 04:01:45,726 - INFO - [AUDIT] - Action: 0, Confidence: 1.0000, Safety Mode: SAFE_HOLD, Override: Safe hold mode active
2025-05-28 04:01:45,726 - INFO - [AUDIT] - Action: 0, Confidence: 1.0000, Safety Mode: SAFE_HOLD, Override: Safe hold mode active
2025-05-28 04:01:45,727 - INFO - [AUDIT] - Action: 0, Confidence: 1.0000, Safety Mode: SAFE_HOLD, Override: Safe hold mode active
2025-05-28 04:01:45,727 - INFO - [AUDIT] - Action: 0, Confidence: 1.0000, Safety Mode: SAFE_HOLD, Override: Safe hold mode active
2025-05-28 04:01:45,727 - INFO - [AUDIT] - Action: 0, Confidence: 1.0000, Safety Mode: SAFE_HOLD, Override: Safe hold mode active
2025-05-28 04:01:45,727 - INFO - [AUDIT] - Action: 0, Confidence: 1.0000, Safety Mode: SAFE_HOLD, Override: Safe hold mode active
2025-05-28 04:01:45,727 - INFO - [AUDIT] - Action: 0, Confidence: 1.0000, Safety Mode: SAFE_HOLD, Override: Safe hold mode active
2025-05-28 04:01:45,728 - INFO - [AUDIT] - Action: 0, Confidence: 1.0000, Safety Mode: SAFE_HOLD, Override: Safe hold mode active
2025-05-28 04:01:45,728 - INFO - [AUDIT] - Action: 0, Confidence: 1.0000, Safety Mode: SAFE_HOLD, Override: Safe hold mode active
2025-05-28 04:01:45,728 - INFO - [AUDIT] - Action: 0, Confidence: 1.0000, Safety Mode: SAFE_HOLD, Override: Safe hold mode active
2025-05-28 04:01:45,728 - INFO - [AUDIT] - Action: 0, Confidence: 1.0000, Safety Mode: SAFE_HOLD, Override: Safe hold mode active
2025-05-28 04:01:45,728 - INFO - [AUDIT] - Action: 0, Confidence: 1.0000, Safety Mode: SAFE_HOLD, Override: Safe hold mode active
2025-05-28 04:01:45,729 - INFO - [AUDIT] - Action: 0, Confidence: 1.0000, Safety Mode: SAFE_HOLD, Override: Safe hold mode active
2025-05-28 04:01:45,729 - INFO - [AUDIT] - Action: 0, Confidence: 1.0000, Safety Mode: SAFE_HOLD, Override: Safe hold mode active
2025-05-28 04:01:45,729 - INFO - [AUDIT] - Action: 0, Confidence: 1.0000, Safety Mode: SAFE_HOLD, Override: Safe hold mode active
2025-05-28 04:01:45,729 - INFO - [AUDIT] - Action: 0, Confidence: 1.0000, Safety Mode: SAFE_HOLD, Override: Safe hold mode active
2025-05-28 04:01:45,729 - INFO - [AUDIT] - Action: 0, Confidence: 1.0000, Safety Mode: SAFE_HOLD, Override: Safe hold mode active
2025-05-28 04:01:45,729 - INFO - [AUDIT] - Action: 0, Confidence: 1.0000, Safety Mode: SAFE_HOLD, Override: Safe hold mode active
2025-05-28 04:01:45,730 - INFO - [AUDIT] - Action: 0, Confidence: 1.0000, Safety Mode: SAFE_HOLD, Override: Safe hold mode active
2025-05-28 04:01:45,730 - INFO - [AUDIT] - Action: 0, Confidence: 1.0000, Safety Mode: SAFE_HOLD, Override: Safe hold mode active
2025-05-28 04:01:45,730 - INFO - [AUDIT] - Action: 0, Confidence: 1.0000, Safety Mode: SAFE_HOLD, Override: Safe hold mode active
2025-05-28 04:01:45,730 - INFO - [AUDIT] - Action: 0, Confidence: 1.0000, Safety Mode: SAFE_HOLD, Override: Safe hold mode active
2025-05-28 04:01:45,730 - INFO - [AUDIT] - Action: 0, Confidence: 1.0000, Safety Mode: SAFE_HOLD, Override: Safe hold mode active
2025-05-28 04:01:45,731 - INFO - [AUDIT] - Action: 0, Confidence: 1.0000, Safety Mode: SAFE_HOLD, Override: Safe hold mode active
2025-05-28 04:01:45,731 - INFO - [AUDIT] - Action: 0, Confidence: 1.0000, Safety Mode: SAFE_HOLD, Override: Safe hold mode active
2025-05-28 04:01:45,731 - INFO - [AUDIT] - Action: 0, Confidence: 1.0000, Safety Mode: SAFE_HOLD, Override: Safe hold mode active
2025-05-28 04:01:45,731 - INFO - [AUDIT] - Action: 0, Confidence: 1.0000, Safety Mode: SAFE_HOLD, Override: Safe hold mode active
2025-05-28 04:01:45,731 - INFO - [AUDIT] - Action: 0, Confidence: 1.0000, Safety Mode: SAFE_HOLD, Override: Safe hold mode active
2025-05-28 04:01:45,732 - INFO - [AUDIT] - Action: 0, Confidence: 1.0000, Safety Mode: SAFE_HOLD, Override: Safe hold mode active
2025-05-28 04:01:45,732 - INFO - [AUDIT] - Action: 0, Confidence: 1.0000, Safety Mode: SAFE_HOLD, Override: Safe hold mode active
2025-05-28 04:01:45,732 - INFO - [AUDIT] - Action: 0, Confidence: 1.0000, Safety Mode: SAFE_HOLD, Override: Safe hold mode active
2025-05-28 04:01:45,732 - INFO - [AUDIT] - Action: 0, Confidence: 1.0000, Safety Mode: SAFE_HOLD, Override: Safe hold mode active
2025-05-28 04:01:45,732 - INFO - [AUDIT] - Action: 0, Confidence: 1.0000, Safety Mode: SAFE_HOLD, Override: Safe hold mode active
2025-05-28 04:01:45,732 - INFO - [AUDIT] - Action: 0, Confidence: 1.0000, Safety Mode: SAFE_HOLD, Override: Safe hold mode active
2025-05-28 04:01:45,733 - INFO - [AUDIT] - Action: 0, Confidence: 1.0000, Safety Mode: SAFE_HOLD, Override: Safe hold mode active
2025-05-28 04:01:45,733 - INFO - [AUDIT] - Action: 0, Confidence: 1.0000, Safety Mode: SAFE_HOLD, Override: Safe hold mode active
2025-05-28 04:01:45,733 - INFO - [AUDIT] - Action: 0, Confidence: 1.0000, Safety Mode: SAFE_HOLD, Override: Safe hold mode active
2025-05-28 04:01:45,733 - INFO - [AUDIT] - Action: 0, Confidence: 1.0000, Safety Mode: SAFE_HOLD, Override: Safe hold mode active
2025-05-28 04:01:45,734 - INFO - [AUDIT] - Action: 0, Confidence: 1.0000, Safety Mode: SAFE_HOLD, Override: Safe hold mode active
2025-05-28 04:01:45,734 - INFO - [AUDIT] - Action: 0, Confidence: 1.0000, Safety Mode: SAFE_HOLD, Override: Safe hold mode active
2025-05-28 04:01:45,734 - INFO - [AUDIT] - Action: 0, Confidence: 1.0000, Safety Mode: SAFE_HOLD, Override: Safe hold mode active
2025-05-28 04:01:45,734 - INFO - [AUDIT] - Action: 0, Confidence: 1.0000, Safety Mode: SAFE_HOLD, Override: Safe hold mode active
2025-05-28 04:01:45,734 - INFO - [AUDIT] - Action: 0, Confidence: 1.0000, Safety Mode: SAFE_HOLD, Override: Safe hold mode active
2025-05-28 04:01:45,735 - INFO - [AUDIT] - Action: 0, Confidence: 1.0000, Safety Mode: SAFE_HOLD, Override: Safe hold mode active
2025-05-28 04:01:45,735 - INFO - [AUDIT] - Action: 0, Confidence: 1.0000, Safety Mode: SAFE_HOLD, Override: Safe hold mode active
2025-05-28 04:01:45,735 - INFO - [AUDIT] - Action: 0, Confidence: 1.0000, Safety Mode: SAFE_HOLD, Override: Safe hold mode active
2025-05-28 04:01:45,735 - INFO - [AUDIT] - Action: 0, Confidence: 1.0000, Safety Mode: SAFE_HOLD, Override: Safe hold mode active
2025-05-28 04:01:45,735 - INFO - [AUDIT] - Action: 0, Confidence: 1.0000, Safety Mode: SAFE_HOLD, Override: Safe hold mode active
2025-05-28 04:01:45,736 - INFO - [AUDIT] - Action: 0, Confidence: 1.0000, Safety Mode: SAFE_HOLD, Override: Safe hold mode active
2025-05-28 04:01:45,736 - INFO - [AUDIT] - Action: 0, Confidence: 1.0000, Safety Mode: SAFE_HOLD, Override: Safe hold mode active
2025-05-28 04:01:45,736 - INFO - [AUDIT] - Action: 0, Confidence: 1.0000, Safety Mode: SAFE_HOLD, Override: Safe hold mode active
2025-05-28 04:01:45,736 - INFO - [AUDIT] - Action: 0, Confidence: 1.0000, Safety Mode: SAFE_HOLD, Override: Safe hold mode active
2025-05-28 04:01:45,736 - INFO - [AUDIT] - Action: 0, Confidence: 1.0000, Safety Mode: SAFE_HOLD, Override: Safe hold mode active
2025-05-28 04:01:45,736 - INFO - [AUDIT] - Action: 0, Confidence: 1.0000, Safety Mode: SAFE_HOLD, Override: Safe hold mode active
2025-05-28 04:01:45,737 - INFO - [AUDIT] - Action: 0, Confidence: 1.0000, Safety Mode: SAFE_HOLD, Override: Safe hold mode active
2025-05-28 04:01:45,737 - INFO - [AUDIT] - Action: 0, Confidence: 1.0000, Safety Mode: SAFE_HOLD, Override: Safe hold mode active
2025-05-28 04:01:45,737 - INFO - [AUDIT] - Action: 0, Confidence: 1.0000, Safety Mode: SAFE_HOLD, Override: Safe hold mode active
2025-05-28 04:01:45,737 - INFO - [AUDIT] - Action: 0, Confidence: 1.0000, Safety Mode: SAFE_HOLD, Override: Safe hold mode active
2025-05-28 04:01:45,737 - INFO - [AUDIT] - Action: 0, Confidence: 1.0000, Safety Mode: SAFE_HOLD, Override: Safe hold mode active
2025-05-28 04:01:45,738 - INFO - [AUDIT] - Action: 0, Confidence: 1.0000, Safety Mode: SAFE_HOLD, Override: Safe hold mode active
2025-05-28 04:01:45,738 - INFO - [AUDIT] - Action: 0, Confidence: 1.0000, Safety Mode: SAFE_HOLD, Override: Safe hold mode active
2025-05-28 04:01:45,738 - INFO - [AUDIT] - Action: 0, Confidence: 1.0000, Safety Mode: SAFE_HOLD, Override: Safe hold mode active
2025-05-28 04:01:45,738 - INFO - [AUDIT] - Action: 0, Confidence: 1.0000, Safety Mode: SAFE_HOLD, Override: Safe hold mode active
2025-05-28 04:01:45,738 - INFO - [AUDIT] - Action: 0, Confidence: 1.0000, Safety Mode: SAFE_HOLD, Override: Safe hold mode active
2025-05-28 04:01:45,739 - INFO - [AUDIT] - Action: 0, Confidence: 1.0000, Safety Mode: SAFE_HOLD, Override: Safe hold mode active
2025-05-28 04:01:45,739 - INFO - [AUDIT] - Action: 0, Confidence: 1.0000, Safety Mode: SAFE_HOLD, Override: Safe hold mode active
2025-05-28 04:01:45,739 - INFO - [AUDIT] - Action: 0, Confidence: 1.0000, Safety Mode: SAFE_HOLD, Override: Safe hold mode active
2025-05-28 04:01:45,739 - INFO - [AUDIT] - Action: 0, Confidence: 1.0000, Safety Mode: SAFE_HOLD, Override: Safe hold mode active
2025-05-28 04:01:45,739 - INFO - [AUDIT] - Action: 0, Confidence: 1.0000, Safety Mode: SAFE_HOLD, Override: Safe hold mode active
2025-05-28 04:01:45,740 - INFO - [AUDIT] - Action: 0, Confidence: 1.0000, Safety Mode: SAFE_HOLD, Override: Safe hold mode active
2025-05-28 04:01:45,740 - INFO - [AUDIT] - Action: 0, Confidence: 1.0000, Safety Mode: SAFE_HOLD, Override: Safe hold mode active
2025-05-28 04:01:45,740 - INFO - [AUDIT] - Action: 0, Confidence: 1.0000, Safety Mode: SAFE_HOLD, Override: Safe hold mode active
2025-05-28 04:01:45,740 - INFO - [AUDIT] - Action: 0, Confidence: 1.0000, Safety Mode: SAFE_HOLD, Override: Safe hold mode active
2025-05-28 04:01:45,740 - INFO - [AUDIT] - Action: 0, Confidence: 1.0000, Safety Mode: SAFE_HOLD, Override: Safe hold mode active
2025-05-28 04:01:45,741 - INFO - [AUDIT] - Action: 0, Confidence: 1.0000, Safety Mode: SAFE_HOLD, Override: Safe hold mode active
2025-05-28 04:01:45,741 - INFO - [AUDIT] - Action: 0, Confidence: 1.0000, Safety Mode: SAFE_HOLD, Override: Safe hold mode active
2025-05-28 04:01:45,741 - INFO - [AUDIT] - Action: 0, Confidence: 1.0000, Safety Mode: SAFE_HOLD, Override: Safe hold mode active
2025-05-28 04:01:45,741 - INFO - [AUDIT] - Action: 0, Confidence: 1.0000, Safety Mode: SAFE_HOLD, Override: Safe hold mode active
2025-05-28 04:01:45,741 - INFO - [AUDIT] - Action: 0, Confidence: 1.0000, Safety Mode: SAFE_HOLD, Override: Safe hold mode active
2025-05-28 04:01:45,741 - INFO - [AUDIT] - Action: 0, Confidence: 1.0000, Safety Mode: SAFE_HOLD, Override: Safe hold mode active
2025-05-28 04:01:45,742 - INFO - [AUDIT] - Action: 0, Confidence: 1.0000, Safety Mode: SAFE_HOLD, Override: Safe hold mode active
2025-05-28 04:01:45,742 - INFO - [AUDIT] - Action: 0, Confidence: 1.0000, Safety Mode: SAFE_HOLD, Override: Safe hold mode active
2025-05-28 04:01:45,742 - INFO - [AUDIT] - Action: 0, Confidence: 1.0000, Safety Mode: SAFE_HOLD, Override: Safe hold mode active
2025-05-28 04:01:45,742 - INFO - [AUDIT] - Action: 0, Confidence: 1.0000, Safety Mode: SAFE_HOLD, Override: Safe hold mode active
2025-05-28 04:01:45,742 - INFO - [AUDIT] - Action: 0, Confidence: 1.0000, Safety Mode: SAFE_HOLD, Override: Safe hold mode active
2025-05-28 04:01:45,743 - INFO - [AUDIT] - Action: 0, Confidence: 1.0000, Safety Mode: SAFE_HOLD, Override: Safe hold mode active
2025-05-28 04:01:45,743 - INFO - [AUDIT] - Action: 0, Confidence: 1.0000, Safety Mode: SAFE_HOLD, Override: Safe hold mode active
2025-05-28 04:01:45,743 - INFO - [AUDIT] - Action: 0, Confidence: 1.0000, Safety Mode: SAFE_HOLD, Override: Safe hold mode active
2025-05-28 04:01:45,743 - INFO - [AUDIT] - Action: 0, Confidence: 1.0000, Safety Mode: SAFE_HOLD, Override: Safe hold mode active
2025-05-28 04:01:45,743 - INFO - [AUDIT] - Action: 0, Confidence: 1.0000, Safety Mode: SAFE_HOLD, Override: Safe hold mode active
2025-05-28 04:01:45,744 - INFO - [AUDIT] - Action: 0, Confidence: 1.0000, Safety Mode: SAFE_HOLD, Override: Safe hold mode active
2025-05-28 04:01:45,744 - INFO - [AUDIT] - Action: 0, Confidence: 1.0000, Safety Mode: SAFE_HOLD, Override: Safe hold mode active
2025-05-28 04:01:45,744 - INFO - [AUDIT] - Action: 0, Confidence: 1.0000, Safety Mode: SAFE_HOLD, Override: Safe hold mode active
2025-05-28 04:01:45,744 - INFO - [AUDIT] - Action: 0, Confidence: 1.0000, Safety Mode: SAFE_HOLD, Override: Safe hold mode active
2025-05-28 04:01:45,744 - INFO - [AUDIT] - Action: 0, Confidence: 1.0000, Safety Mode: SAFE_HOLD, Override: Safe hold mode active
2025-05-28 04:01:45,745 - INFO - [AUDIT] - Action: 0, Confidence: 1.0000, Safety Mode: SAFE_HOLD, Override: Safe hold mode active
2025-05-28 04:01:45,745 - INFO - [AUDIT] - Action: 0, Confidence: 1.0000, Safety Mode: SAFE_HOLD, Override: Safe hold mode active
2025-05-28 04:01:45,745 - INFO - [AUDIT] - Action: 0, Confidence: 1.0000, Safety Mode: SAFE_HOLD, Override: Safe hold mode active
2025-05-28 04:01:45,745 - INFO - [AUDIT] - Action: 0, Confidence: 1.0000, Safety Mode: SAFE_HOLD, Override: Safe hold mode active
2025-05-28 04:01:45,745 - INFO - [AUDIT] - Action: 0, Confidence: 1.0000, Safety Mode: SAFE_HOLD, Override: Safe hold mode active
2025-05-28 04:01:45,745 - INFO - [AUDIT] - Action: 0, Confidence: 1.0000, Safety Mode: SAFE_HOLD, Override: Safe hold mode active
2025-05-28 04:01:45,746 - INFO - [AUDIT] - Action: 0, Confidence: 1.0000, Safety Mode: SAFE_HOLD, Override: Safe hold mode active
2025-05-28 04:01:45,746 - INFO - [AUDIT] - Action: 0, Confidence: 1.0000, Safety Mode: SAFE_HOLD, Override: Safe hold mode active
2025-05-28 04:01:45,746 - INFO - [AUDIT] - Action: 0, Confidence: 1.0000, Safety Mode: SAFE_HOLD, Override: Safe hold mode active
2025-05-28 04:01:45,746 - INFO - [AUDIT] - Action: 0, Confidence: 1.0000, Safety Mode: SAFE_HOLD, Override: Safe hold mode active
2025-05-28 04:01:45,747 - INFO - [AUDIT] - Action: 0, Confidence: 1.0000, Safety Mode: SAFE_HOLD, Override: Safe hold mode active
2025-05-28 04:01:45,747 - INFO - [AUDIT] - Action: 0, Confidence: 1.0000, Safety Mode: SAFE_HOLD, Override: Safe hold mode active
2025-05-28 04:01:45,747 - INFO - [AUDIT] - Action: 0, Confidence: 1.0000, Safety Mode: SAFE_HOLD, Override: Safe hold mode active
2025-05-28 04:01:45,747 - INFO - [AUDIT] - Action: 0, Confidence: 1.0000, Safety Mode: SAFE_HOLD, Override: Safe hold mode active
2025-05-28 04:01:45,747 - INFO - [AUDIT] - Action: 0, Confidence: 1.0000, Safety Mode: SAFE_HOLD, Override: Safe hold mode active
2025-05-28 04:01:45,748 - INFO - [AUDIT] - Action: 0, Confidence: 1.0000, Safety Mode: SAFE_HOLD, Override: Safe hold mode active
2025-05-28 04:01:45,748 - INFO - [AUDIT] - Action: 0, Confidence: 1.0000, Safety Mode: SAFE_HOLD, Override: Safe hold mode active
2025-05-28 04:01:45,748 - INFO - [AUDIT] - Action: 0, Confidence: 1.0000, Safety Mode: SAFE_HOLD, Override: Safe hold mode active
2025-05-28 04:01:45,748 - INFO - [AUDIT] - Action: 0, Confidence: 1.0000, Safety Mode: SAFE_HOLD, Override: Safe hold mode active
2025-05-28 04:01:45,748 - INFO - [AUDIT] - Action: 0, Confidence: 1.0000, Safety Mode: SAFE_HOLD, Override: Safe hold mode active
2025-05-28 04:01:45,749 - INFO - [AUDIT] - Action: 0, Confidence: 1.0000, Safety Mode: SAFE_HOLD, Override: Safe hold mode active
2025-05-28 04:01:45,749 - INFO - [AUDIT] - Action: 0, Confidence: 1.0000, Safety Mode: SAFE_HOLD, Override: Safe hold mode active
2025-05-28 04:01:45,749 - INFO - [AUDIT] - Action: 0, Confidence: 1.0000, Safety Mode: SAFE_HOLD, Override: Safe hold mode active
2025-05-28 04:01:45,749 - INFO - [AUDIT] - Action: 0, Confidence: 1.0000, Safety Mode: SAFE_HOLD, Override: Safe hold mode active
2025-05-28 04:01:45,749 - INFO - [AUDIT] - Action: 0, Confidence: 1.0000, Safety Mode: SAFE_HOLD, Override: Safe hold mode active
2025-05-28 04:01:45,750 - INFO - [AUDIT] - Action: 0, Confidence: 1.0000, Safety Mode: SAFE_HOLD, Override: Safe hold mode active
2025-05-28 04:01:45,750 - INFO - [AUDIT] - Action: 0, Confidence: 1.0000, Safety Mode: SAFE_HOLD, Override: Safe hold mode active
2025-05-28 04:01:45,750 - INFO - [AUDIT] - Action: 0, Confidence: 1.0000, Safety Mode: SAFE_HOLD, Override: Safe hold mode active
2025-05-28 04:01:45,750 - INFO - [AUDIT] - Action: 0, Confidence: 1.0000, Safety Mode: SAFE_HOLD, Override: Safe hold mode active
2025-05-28 04:01:45,750 - INFO - [AUDIT] - Action: 0, Confidence: 1.0000, Safety Mode: SAFE_HOLD, Override: Safe hold mode active
2025-05-28 04:01:45,751 - INFO - [AUDIT] - Action: 0, Confidence: 1.0000, Safety Mode: SAFE_HOLD, Override: Safe hold mode active
2025-05-28 04:01:45,751 - INFO - [AUDIT] - Action: 0, Confidence: 1.0000, Safety Mode: SAFE_HOLD, Override: Safe hold mode active
2025-05-28 04:01:45,751 - INFO - [AUDIT] - Action: 0, Confidence: 1.0000, Safety Mode: SAFE_HOLD, Override: Safe hold mode active
2025-05-28 04:01:45,751 - INFO - [AUDIT] - Action: 0, Confidence: 1.0000, Safety Mode: SAFE_HOLD, Override: Safe hold mode active
2025-05-28 04:01:45,752 - INFO - [AUDIT] - Action: 0, Confidence: 1.0000, Safety Mode: SAFE_HOLD, Override: Safe hold mode active
2025-05-28 04:01:45,752 - INFO - [AUDIT] - Action: 0, Confidence: 1.0000, Safety Mode: SAFE_HOLD, Override: Safe hold mode active
2025-05-28 04:01:45,752 - INFO - [AUDIT] - Action: 0, Confidence: 1.0000, Safety Mode: SAFE_HOLD, Override: Safe hold mode active
2025-05-28 04:01:45,752 - INFO - [AUDIT] - Action: 0, Confidence: 1.0000, Safety Mode: SAFE_HOLD, Override: Safe hold mode active
2025-05-28 04:01:45,752 - INFO - [AUDIT] - Action: 0, Confidence: 1.0000, Safety Mode: SAFE_HOLD, Override: Safe hold mode active
2025-05-28 04:01:45,752 - INFO - [AUDIT] - Action: 0, Confidence: 1.0000, Safety Mode: SAFE_HOLD, Override: Safe hold mode active
2025-05-28 04:01:45,753 - INFO - [AUDIT] - Action: 0, Confidence: 1.0000, Safety Mode: SAFE_HOLD, Override: Safe hold mode active
2025-05-28 04:01:45,753 - INFO - [AUDIT] - Action: 0, Confidence: 1.0000, Safety Mode: SAFE_HOLD, Override: Safe hold mode active
2025-05-28 04:01:45,753 - INFO - [AUDIT] - Action: 0, Confidence: 1.0000, Safety Mode: SAFE_HOLD, Override: Safe hold mode active
2025-05-28 04:01:45,753 - INFO - [AUDIT] - Action: 0, Confidence: 1.0000, Safety Mode: SAFE_HOLD, Override: Safe hold mode active
2025-05-28 04:01:45,753 - INFO - [AUDIT] - Action: 0, Confidence: 1.0000, Safety Mode: SAFE_HOLD, Override: Safe hold mode active
2025-05-28 04:01:45,754 - INFO - [AUDIT] - Action: 0, Confidence: 1.0000, Safety Mode: SAFE_HOLD, Override: Safe hold mode active
2025-05-28 04:01:45,754 - INFO - [AUDIT] - Action: 0, Confidence: 1.0000, Safety Mode: SAFE_HOLD, Override: Safe hold mode active
2025-05-28 04:01:45,754 - INFO - [AUDIT] - Action: 0, Confidence: 1.0000, Safety Mode: SAFE_HOLD, Override: Safe hold mode active
2025-05-28 04:01:45,754 - INFO - [AUDIT] - Action: 0, Confidence: 1.0000, Safety Mode: SAFE_HOLD, Override: Safe hold mode active
2025-05-28 04:01:45,754 - INFO - [AUDIT] - Action: 0, Confidence: 1.0000, Safety Mode: SAFE_HOLD, Override: Safe hold mode active
2025-05-28 04:01:45,755 - INFO - [AUDIT] - Action: 0, Confidence: 1.0000, Safety Mode: SAFE_HOLD, Override: Safe hold mode active
2025-05-28 04:01:45,755 - INFO - [AUDIT] - Action: 0, Confidence: 1.0000, Safety Mode: SAFE_HOLD, Override: Safe hold mode active
2025-05-28 04:01:45,755 - INFO - [AUDIT] - Action: 0, Confidence: 1.0000, Safety Mode: SAFE_HOLD, Override: Safe hold mode active
2025-05-28 04:01:45,755 - INFO - [AUDIT] - Action: 0, Confidence: 1.0000, Safety Mode: SAFE_HOLD, Override: Safe hold mode active
2025-05-28 04:01:45,755 - INFO - [AUDIT] - Action: 0, Confidence: 1.0000, Safety Mode: SAFE_HOLD, Override: Safe hold mode active
2025-05-28 04:01:45,756 - INFO - [AUDIT] - Action: 0, Confidence: 1.0000, Safety Mode: SAFE_HOLD, Override: Safe hold mode active
2025-05-28 04:01:45,756 - INFO - [AUDIT] - Action: 0, Confidence: 1.0000, Safety Mode: SAFE_HOLD, Override: Safe hold mode active
2025-05-28 04:01:45,756 - INFO - [AUDIT] - Action: 0, Confidence: 1.0000, Safety Mode: SAFE_HOLD, Override: Safe hold mode active
2025-05-28 04:01:45,756 - INFO - [AUDIT] - Action: 0, Confidence: 1.0000, Safety Mode: SAFE_HOLD, Override: Safe hold mode active
2025-05-28 04:01:45,756 - INFO - [AUDIT] - Action: 0, Confidence: 1.0000, Safety Mode: SAFE_HOLD, Override: Safe hold mode active
2025-05-28 04:01:45,756 - INFO - [AUDIT] - Action: 0, Confidence: 1.0000, Safety Mode: SAFE_HOLD, Override: Safe hold mode active
2025-05-28 04:01:45,757 - INFO - [AUDIT] - Action: 0, Confidence: 1.0000, Safety Mode: SAFE_HOLD, Override: Safe hold mode active
2025-05-28 04:01:45,757 - INFO - [AUDIT] - Action: 0, Confidence: 1.0000, Safety Mode: SAFE_HOLD, Override: Safe hold mode active
2025-05-28 04:01:45,757 - INFO - [AUDIT] - Action: 0, Confidence: 1.0000, Safety Mode: SAFE_HOLD, Override: Safe hold mode active
2025-05-28 04:01:45,757 - INFO - [AUDIT] - Action: 0, Confidence: 1.0000, Safety Mode: SAFE_HOLD, Override: Safe hold mode active
2025-05-28 04:01:45,757 - INFO - [AUDIT] - Action: 0, Confidence: 1.0000, Safety Mode: SAFE_HOLD, Override: Safe hold mode active
2025-05-28 04:01:45,758 - INFO - [AUDIT] - Action: 0, Confidence: 1.0000, Safety Mode: SAFE_HOLD, Override: Safe hold mode active
2025-05-28 04:01:45,758 - INFO - [AUDIT] - Action: 0, Confidence: 1.0000, Safety Mode: SAFE_HOLD, Override: Safe hold mode active
2025-05-28 04:01:45,758 - INFO - [AUDIT] - Action: 0, Confidence: 1.0000, Safety Mode: SAFE_HOLD, Override: Safe hold mode active
2025-05-28 04:01:45,758 - INFO - [AUDIT] - Action: 0, Confidence: 1.0000, Safety Mode: SAFE_HOLD, Override: Safe hold mode active
2025-05-28 04:01:45,758 - INFO - [AUDIT] - Action: 0, Confidence: 1.0000, Safety Mode: SAFE_HOLD, Override: Safe hold mode active
2025-05-28 04:01:45,759 - INFO - [AUDIT] - Action: 0, Confidence: 1.0000, Safety Mode: SAFE_HOLD, Override: Safe hold mode active
2025-05-28 04:01:45,759 - INFO - [AUDIT] - Action: 0, Confidence: 1.0000, Safety Mode: SAFE_HOLD, Override: Safe hold mode active
2025-05-28 04:01:45,759 - INFO - [AUDIT] - Action: 0, Confidence: 1.0000, Safety Mode: SAFE_HOLD, Override: Safe hold mode active
2025-05-28 04:01:45,759 - INFO - [AUDIT] - Action: 0, Confidence: 1.0000, Safety Mode: SAFE_HOLD, Override: Safe hold mode active
2025-05-28 04:01:45,759 - INFO - [AUDIT] - Action: 0, Confidence: 1.0000, Safety Mode: SAFE_HOLD, Override: Safe hold mode active
2025-05-28 04:01:45,760 - INFO - [AUDIT] - Action: 0, Confidence: 1.0000, Safety Mode: SAFE_HOLD, Override: Safe hold mode active
2025-05-28 04:01:45,760 - INFO - [AUDIT] - Action: 0, Confidence: 1.0000, Safety Mode: SAFE_HOLD, Override: Safe hold mode active
2025-05-28 04:01:45,760 - INFO - [AUDIT] - Action: 0, Confidence: 1.0000, Safety Mode: SAFE_HOLD, Override: Safe hold mode active
2025-05-28 04:01:45,760 - INFO - [AUDIT] - Action: 0, Confidence: 1.0000, Safety Mode: SAFE_HOLD, Override: Safe hold mode active
2025-05-28 04:01:45,760 - INFO - [AUDIT] - Action: 0, Confidence: 1.0000, Safety Mode: SAFE_HOLD, Override: Safe hold mode active
2025-05-28 04:01:45,760 - INFO - [AUDIT] - Action: 0, Confidence: 1.0000, Safety Mode: SAFE_HOLD, Override: Safe hold mode active
2025-05-28 04:01:45,761 - INFO - [AUDIT] - Action: 0, Confidence: 1.0000, Safety Mode: SAFE_HOLD, Override: Safe hold mode active
2025-05-28 04:01:45,761 - INFO - [AUDIT] - Action: 0, Confidence: 1.0000, Safety Mode: SAFE_HOLD, Override: Safe hold mode active
2025-05-28 04:01:45,761 - INFO - [AUDIT] - Action: 0, Confidence: 1.0000, Safety Mode: SAFE_HOLD, Override: Safe hold mode active
2025-05-28 04:01:45,761 - INFO - [AUDIT] - Action: 0, Confidence: 1.0000, Safety Mode: SAFE_HOLD, Override: Safe hold mode active
2025-05-28 04:01:45,761 - INFO - [AUDIT] - Action: 0, Confidence: 1.0000, Safety Mode: SAFE_HOLD, Override: Safe hold mode active
2025-05-28 04:01:45,762 - INFO - [AUDIT] - Action: 0, Confidence: 1.0000, Safety Mode: SAFE_HOLD, Override: Safe hold mode active
2025-05-28 04:01:45,762 - INFO - [AUDIT] - Action: 0, Confidence: 1.0000, Safety Mode: SAFE_HOLD, Override: Safe hold mode active
2025-05-28 04:01:45,762 - INFO - [AUDIT] - Action: 0, Confidence: 1.0000, Safety Mode: SAFE_HOLD, Override: Safe hold mode active
2025-05-28 04:01:45,762 - INFO - [AUDIT] - Action: 0, Confidence: 1.0000, Safety Mode: SAFE_HOLD, Override: Safe hold mode active
2025-05-28 04:01:45,762 - INFO - [AUDIT] - Action: 0, Confidence: 1.0000, Safety Mode: SAFE_HOLD, Override: Safe hold mode active
2025-05-28 04:01:45,763 - INFO - [AUDIT] - Action: 0, Confidence: 1.0000, Safety Mode: SAFE_HOLD, Override: Safe hold mode active
2025-05-28 04:01:45,763 - INFO - [AUDIT] - Action: 0, Confidence: 1.0000, Safety Mode: SAFE_HOLD, Override: Safe hold mode active
2025-05-28 04:01:45,763 - INFO - [AUDIT] - Action: 0, Confidence: 1.0000, Safety Mode: SAFE_HOLD, Override: Safe hold mode active
2025-05-28 04:01:45,763 - INFO - [AUDIT] - Action: 0, Confidence: 1.0000, Safety Mode: SAFE_HOLD, Override: Safe hold mode active
2025-05-28 04:01:45,763 - INFO - [AUDIT] - Action: 0, Confidence: 1.0000, Safety Mode: SAFE_HOLD, Override: Safe hold mode active
2025-05-28 04:01:45,764 - INFO - [AUDIT] - Action: 0, Confidence: 1.0000, Safety Mode: SAFE_HOLD, Override: Safe hold mode active
2025-05-28 04:01:45,764 - INFO - [AUDIT] - Action: 0, Confidence: 1.0000, Safety Mode: SAFE_HOLD, Override: Safe hold mode active
2025-05-28 04:01:45,764 - INFO - [AUDIT] - Action: 0, Confidence: 1.0000, Safety Mode: SAFE_HOLD, Override: Safe hold mode active
2025-05-28 04:01:45,764 - INFO - [AUDIT] - Action: 0, Confidence: 1.0000, Safety Mode: SAFE_HOLD, Override: Safe hold mode active
2025-05-28 04:01:45,764 - INFO - [AUDIT] - Action: 0, Confidence: 1.0000, Safety Mode: SAFE_HOLD, Override: Safe hold mode active
2025-05-28 04:01:45,764 - INFO - [AUDIT] - Action: 0, Confidence: 1.0000, Safety Mode: SAFE_HOLD, Override: Safe hold mode active
2025-05-28 04:01:45,765 - INFO - [AUDIT] - Action: 0, Confidence: 1.0000, Safety Mode: SAFE_HOLD, Override: Safe hold mode active
2025-05-28 04:01:45,765 - INFO - [AUDIT] - Action: 0, Confidence: 1.0000, Safety Mode: SAFE_HOLD, Override: Safe hold mode active
2025-05-28 04:01:45,765 - INFO - [AUDIT] - Action: 0, Confidence: 1.0000, Safety Mode: SAFE_HOLD, Override: Safe hold mode active
2025-05-28 04:01:45,765 - INFO - [AUDIT] - Action: 0, Confidence: 1.0000, Safety Mode: SAFE_HOLD, Override: Safe hold mode active
2025-05-28 04:01:45,765 - INFO - [AUDIT] - Action: 0, Confidence: 1.0000, Safety Mode: SAFE_HOLD, Override: Safe hold mode active
2025-05-28 04:01:45,766 - INFO - [AUDIT] - Action: 0, Confidence: 1.0000, Safety Mode: SAFE_HOLD, Override: Safe hold mode active
2025-05-28 04:01:45,766 - INFO - [AUDIT] - Action: 0, Confidence: 1.0000, Safety Mode: SAFE_HOLD, Override: Safe hold mode active
2025-05-28 04:01:45,766 - INFO - [AUDIT] - Action: 0, Confidence: 1.0000, Safety Mode: SAFE_HOLD, Override: Safe hold mode active
2025-05-28 04:01:45,766 - INFO - [AUDIT] - Action: 0, Confidence: 1.0000, Safety Mode: SAFE_HOLD, Override: Safe hold mode active
2025-05-28 04:01:45,766 - INFO - [AUDIT] - Action: 0, Confidence: 1.0000, Safety Mode: SAFE_HOLD, Override: Safe hold mode active
2025-05-28 04:01:45,767 - INFO - [AUDIT] - Action: 0, Confidence: 1.0000, Safety Mode: SAFE_HOLD, Override: Safe hold mode active
2025-05-28 04:01:45,767 - INFO - [AUDIT] - Action: 0, Confidence: 1.0000, Safety Mode: SAFE_HOLD, Override: Safe hold mode active
2025-05-28 04:01:45,767 - INFO - [AUDIT] - Action: 0, Confidence: 1.0000, Safety Mode: SAFE_HOLD, Override: Safe hold mode active
2025-05-28 04:01:45,767 - INFO - [AUDIT] - Action: 0, Confidence: 1.0000, Safety Mode: SAFE_HOLD, Override: Safe hold mode active
2025-05-28 04:01:45,767 - INFO - [AUDIT] - Action: 0, Confidence: 1.0000, Safety Mode: SAFE_HOLD, Override: Safe hold mode active
2025-05-28 04:01:45,768 - INFO - [AUDIT] - Action: 0, Confidence: 1.0000, Safety Mode: SAFE_HOLD, Override: Safe hold mode active
2025-05-28 04:01:45,768 - INFO - [AUDIT] - Action: 0, Confidence: 1.0000, Safety Mode: SAFE_HOLD, Override: Safe hold mode active
2025-05-28 04:01:45,768 - INFO - [AUDIT] - Action: 0, Confidence: 1.0000, Safety Mode: SAFE_HOLD, Override: Safe hold mode active
2025-05-28 04:01:45,769 - INFO - [AUDIT] - Action: 0, Confidence: 1.0000, Safety Mode: SAFE_HOLD, Override: Safe hold mode active
2025-05-28 04:01:45,769 - INFO - [AUDIT] - Action: 0, Confidence: 1.0000, Safety Mode: SAFE_HOLD, Override: Safe hold mode active
2025-05-28 04:01:45,769 - INFO - [AUDIT] - Action: 0, Confidence: 1.0000, Safety Mode: SAFE_HOLD, Override: Safe hold mode active
2025-05-28 04:01:45,769 - INFO - [AUDIT] - Action: 0, Confidence: 1.0000, Safety Mode: SAFE_HOLD, Override: Safe hold mode active
2025-05-28 04:01:45,769 - INFO - [AUDIT] - Action: 0, Confidence: 1.0000, Safety Mode: SAFE_HOLD, Override: Safe hold mode active
2025-05-28 04:01:45,769 - INFO - [AUDIT] - Action: 0, Confidence: 1.0000, Safety Mode: SAFE_HOLD, Override: Safe hold mode active
2025-05-28 04:01:45,770 - INFO - [AUDIT] - Action: 0, Confidence: 1.0000, Safety Mode: SAFE_HOLD, Override: Safe hold mode active
2025-05-28 04:01:45,770 - INFO - [AUDIT] - Action: 0, Confidence: 1.0000, Safety Mode: SAFE_HOLD, Override: Safe hold mode active
2025-05-28 04:01:45,770 - INFO - [AUDIT] - Action: 0, Confidence: 1.0000, Safety Mode: SAFE_HOLD, Override: Safe hold mode active
2025-05-28 04:01:45,770 - INFO - [AUDIT] - Action: 0, Confidence: 1.0000, Safety Mode: SAFE_HOLD, Override: Safe hold mode active
2025-05-28 04:01:45,770 - INFO - [AUDIT] - Action: 0, Confidence: 1.0000, Safety Mode: SAFE_HOLD, Override: Safe hold mode active
2025-05-28 04:01:45,771 - INFO - [AUDIT] - Action: 0, Confidence: 1.0000, Safety Mode: SAFE_HOLD, Override: Safe hold mode active
2025-05-28 04:01:45,771 - INFO - [AUDIT] - Action: 0, Confidence: 1.0000, Safety Mode: SAFE_HOLD, Override: Safe hold mode active
2025-05-28 04:01:45,771 - INFO - [AUDIT] - Action: 0, Confidence: 1.0000, Safety Mode: SAFE_HOLD, Override: Safe hold mode active
2025-05-28 04:01:45,771 - INFO - [AUDIT] - Action: 0, Confidence: 1.0000, Safety Mode: SAFE_HOLD, Override: Safe hold mode active
2025-05-28 04:01:45,771 - INFO - [AUDIT] - Action: 0, Confidence: 1.0000, Safety Mode: SAFE_HOLD, Override: Safe hold mode active
2025-05-28 04:01:45,772 - INFO - [AUDIT] - Action: 0, Confidence: 1.0000, Safety Mode: SAFE_HOLD, Override: Safe hold mode active
2025-05-28 04:01:45,772 - INFO - [AUDIT] - Action: 0, Confidence: 1.0000, Safety Mode: SAFE_HOLD, Override: Safe hold mode active
2025-05-28 04:01:45,772 - INFO - [AUDIT] - Action: 0, Confidence: 1.0000, Safety Mode: SAFE_HOLD, Override: Safe hold mode active
2025-05-28 04:01:45,772 - INFO - [AUDIT] - Action: 0, Confidence: 1.0000, Safety Mode: SAFE_HOLD, Override: Safe hold mode active
2025-05-28 04:01:45,772 - INFO - [AUDIT] - Action: 0, Confidence: 1.0000, Safety Mode: SAFE_HOLD, Override: Safe hold mode active
2025-05-28 04:01:45,773 - INFO - [AUDIT] - Action: 0, Confidence: 1.0000, Safety Mode: SAFE_HOLD, Override: Safe hold mode active
2025-05-28 04:01:45,773 - INFO - [AUDIT] - Action: 0, Confidence: 1.0000, Safety Mode: SAFE_HOLD, Override: Safe hold mode active
2025-05-28 04:01:45,773 - INFO - [AUDIT] - Action: 0, Confidence: 1.0000, Safety Mode: SAFE_HOLD, Override: Safe hold mode active
2025-05-28 04:01:45,773 - INFO - [AUDIT] - Action: 0, Confidence: 1.0000, Safety Mode: SAFE_HOLD, Override: Safe hold mode active
2025-05-28 04:01:45,773 - INFO - [AUDIT] - Action: 0, Confidence: 1.0000, Safety Mode: SAFE_HOLD, Override: Safe hold mode active
2025-05-28 04:01:45,774 - INFO - [AUDIT] - Action: 0, Confidence: 1.0000, Safety Mode: SAFE_HOLD, Override: Safe hold mode active
2025-05-28 04:01:45,774 - INFO - [AUDIT] - Action: 0, Confidence: 1.0000, Safety Mode: SAFE_HOLD, Override: Safe hold mode active
2025-05-28 04:01:45,774 - INFO - [AUDIT] - Action: 0, Confidence: 1.0000, Safety Mode: SAFE_HOLD, Override: Safe hold mode active
2025-05-28 04:01:45,774 - INFO - [AUDIT] - Action: 0, Confidence: 1.0000, Safety Mode: SAFE_HOLD, Override: Safe hold mode active
2025-05-28 04:01:45,774 - INFO - [AUDIT] - Action: 0, Confidence: 1.0000, Safety Mode: SAFE_HOLD, Override: Safe hold mode active
2025-05-28 04:01:45,775 - INFO - [AUDIT] - Action: 0, Confidence: 1.0000, Safety Mode: SAFE_HOLD, Override: Safe hold mode active
2025-05-28 04:01:45,775 - INFO - [AUDIT] - Action: 0, Confidence: 1.0000, Safety Mode: SAFE_HOLD, Override: Safe hold mode active
2025-05-28 04:01:45,775 - INFO - [AUDIT] - Action: 0, Confidence: 1.0000, Safety Mode: SAFE_HOLD, Override: Safe hold mode active
2025-05-28 04:01:45,775 - INFO - [AUDIT] - Action: 0, Confidence: 1.0000, Safety Mode: SAFE_HOLD, Override: Safe hold mode active
2025-05-28 04:01:45,775 - INFO - [AUDIT] - Action: 0, Confidence: 1.0000, Safety Mode: SAFE_HOLD, Override: Safe hold mode active
2025-05-28 04:01:45,775 - INFO - [AUDIT] - Action: 0, Confidence: 1.0000, Safety Mode: SAFE_HOLD, Override: Safe hold mode active
2025-05-28 04:01:45,776 - INFO - [AUDIT] - Action: 0, Confidence: 1.0000, Safety Mode: SAFE_HOLD, Override: Safe hold mode active
2025-05-28 04:01:45,776 - INFO - [AUDIT] - Action: 0, Confidence: 1.0000, Safety Mode: SAFE_HOLD, Override: Safe hold mode active
2025-05-28 04:01:45,776 - INFO - [AUDIT] - Action: 0, Confidence: 1.0000, Safety Mode: SAFE_HOLD, Override: Safe hold mode active
2025-05-28 04:01:45,776 - INFO - [AUDIT] - Action: 0, Confidence: 1.0000, Safety Mode: SAFE_HOLD, Override: Safe hold mode active
2025-05-28 04:01:45,776 - INFO - [AUDIT] - Action: 0, Confidence: 1.0000, Safety Mode: SAFE_HOLD, Override: Safe hold mode active
2025-05-28 04:01:45,777 - INFO - [AUDIT] - Action: 0, Confidence: 1.0000, Safety Mode: SAFE_HOLD, Override: Safe hold mode active
2025-05-28 04:01:45,777 - INFO - [AUDIT] - Action: 0, Confidence: 1.0000, Safety Mode: SAFE_HOLD, Override: Safe hold mode active
2025-05-28 04:01:45,777 - INFO - [AUDIT] - Action: 0, Confidence: 1.0000, Safety Mode: SAFE_HOLD, Override: Safe hold mode active
2025-05-28 04:01:45,777 - INFO - [AUDIT] - Action: 0, Confidence: 1.0000, Safety Mode: SAFE_HOLD, Override: Safe hold mode active
2025-05-28 04:01:45,778 - INFO - [AUDIT] - Action: 0, Confidence: 1.0000, Safety Mode: SAFE_HOLD, Override: Safe hold mode active
2025-05-28 04:01:45,778 - INFO - [AUDIT] - Action: 0, Confidence: 1.0000, Safety Mode: SAFE_HOLD, Override: Safe hold mode active
2025-05-28 04:01:45,778 - INFO - [AUDIT] - Action: 0, Confidence: 1.0000, Safety Mode: SAFE_HOLD, Override: Safe hold mode active
2025-05-28 04:01:45,778 - INFO - [AUDIT] - Action: 0, Confidence: 1.0000, Safety Mode: SAFE_HOLD, Override: Safe hold mode active
2025-05-28 04:01:45,778 - INFO - [AUDIT] - Action: 0, Confidence: 1.0000, Safety Mode: SAFE_HOLD, Override: Safe hold mode active
2025-05-28 04:01:45,778 - INFO - [AUDIT] - Action: 0, Confidence: 1.0000, Safety Mode: SAFE_HOLD, Override: Safe hold mode active
2025-05-28 04:01:45,779 - INFO - [AUDIT] - Action: 0, Confidence: 1.0000, Safety Mode: SAFE_HOLD, Override: Safe hold mode active
2025-05-28 04:01:45,779 - INFO - [AUDIT] - Action: 0, Confidence: 1.0000, Safety Mode: SAFE_HOLD, Override: Safe hold mode active
2025-05-28 04:01:45,779 - INFO - [AUDIT] - Action: 0, Confidence: 1.0000, Safety Mode: SAFE_HOLD, Override: Safe hold mode active
2025-05-28 04:01:45,779 - INFO - [AUDIT] - Action: 0, Confidence: 1.0000, Safety Mode: SAFE_HOLD, Override: Safe hold mode active
2025-05-28 04:01:45,779 - INFO - [AUDIT] - Action: 0, Confidence: 1.0000, Safety Mode: SAFE_HOLD, Override: Safe hold mode active
2025-05-28 04:01:45,780 - INFO - [AUDIT] - Action: 0, Confidence: 1.0000, Safety Mode: SAFE_HOLD, Override: Safe hold mode active
2025-05-28 04:01:45,780 - INFO - [AUDIT] - Action: 0, Confidence: 1.0000, Safety Mode: SAFE_HOLD, Override: Safe hold mode active
2025-05-28 04:01:45,780 - INFO - [AUDIT] - Action: 0, Confidence: 1.0000, Safety Mode: SAFE_HOLD, Override: Safe hold mode active
2025-05-28 04:01:45,780 - INFO - [AUDIT] - Action: 0, Confidence: 1.0000, Safety Mode: SAFE_HOLD, Override: Safe hold mode active
2025-05-28 04:01:45,780 - INFO - [AUDIT] - Action: 0, Confidence: 1.0000, Safety Mode: SAFE_HOLD, Override: Safe hold mode active
2025-05-28 04:01:45,781 - INFO - [AUDIT] - Action: 0, Confidence: 1.0000, Safety Mode: SAFE_HOLD, Override: Safe hold mode active
2025-05-28 04:01:45,781 - INFO - [AUDIT] - Action: 0, Confidence: 1.0000, Safety Mode: SAFE_HOLD, Override: Safe hold mode active
2025-05-28 04:01:45,781 - INFO - [AUDIT] - Action: 0, Confidence: 1.0000, Safety Mode: SAFE_HOLD, Override: Safe hold mode active
2025-05-28 04:01:45,781 - INFO - [AUDIT] - Action: 0, Confidence: 1.0000, Safety Mode: SAFE_HOLD, Override: Safe hold mode active
2025-05-28 04:01:45,781 - INFO - [AUDIT] - Action: 0, Confidence: 1.0000, Safety Mode: SAFE_HOLD, Override: Safe hold mode active
2025-05-28 04:01:45,781 - INFO - [AUDIT] - Action: 0, Confidence: 1.0000, Safety Mode: SAFE_HOLD, Override: Safe hold mode active
2025-05-28 04:01:45,782 - INFO - [AUDIT] - Action: 0, Confidence: 1.0000, Safety Mode: SAFE_HOLD, Override: Safe hold mode active
2025-05-28 04:01:45,782 - INFO - [AUDIT] - Action: 0, Confidence: 1.0000, Safety Mode: SAFE_HOLD, Override: Safe hold mode active
2025-05-28 04:01:45,782 - INFO - [AUDIT] - Action: 0, Confidence: 1.0000, Safety Mode: SAFE_HOLD, Override: Safe hold mode active
2025-05-28 04:01:45,782 - INFO - [AUDIT] - Action: 0, Confidence: 1.0000, Safety Mode: SAFE_HOLD, Override: Safe hold mode active
2025-05-28 04:01:45,782 - INFO - [AUDIT] - Action: 0, Confidence: 1.0000, Safety Mode: SAFE_HOLD, Override: Safe hold mode active
2025-05-28 04:01:45,783 - INFO - [AUDIT] - Action: 0, Confidence: 1.0000, Safety Mode: SAFE_HOLD, Override: Safe hold mode active
2025-05-28 04:01:45,783 - INFO - [AUDIT] - Action: 0, Confidence: 1.0000, Safety Mode: SAFE_HOLD, Override: Safe hold mode active
2025-05-28 04:01:45,783 - INFO - [AUDIT] - Action: 0, Confidence: 1.0000, Safety Mode: SAFE_HOLD, Override: Safe hold mode active
2025-05-28 04:01:45,783 - INFO - [AUDIT] - Action: 0, Confidence: 1.0000, Safety Mode: SAFE_HOLD, Override: Safe hold mode active
2025-05-28 04:01:45,783 - INFO - [AUDIT] - Action: 0, Confidence: 1.0000, Safety Mode: SAFE_HOLD, Override: Safe hold mode active
2025-05-28 04:01:45,784 - INFO - [AUDIT] - Action: 0, Confidence: 1.0000, Safety Mode: SAFE_HOLD, Override: Safe hold mode active
2025-05-28 04:01:45,784 - INFO - [AUDIT] - Action: 0, Confidence: 1.0000, Safety Mode: SAFE_HOLD, Override: Safe hold mode active
2025-05-28 04:01:45,784 - INFO - [AUDIT] - Action: 0, Confidence: 1.0000, Safety Mode: SAFE_HOLD, Override: Safe hold mode active
2025-05-28 04:01:45,784 - INFO - [AUDIT] - Action: 0, Confidence: 1.0000, Safety Mode: SAFE_HOLD, Override: Safe hold mode active
2025-05-28 04:01:45,785 - INFO - [AUDIT] - Action: 0, Confidence: 1.0000, Safety Mode: SAFE_HOLD, Override: Safe hold mode active
2025-05-28 04:01:45,785 - INFO - [AUDIT] - Action: 0, Confidence: 1.0000, Safety Mode: SAFE_HOLD, Override: Safe hold mode active
2025-05-28 04:01:45,785 - INFO - [AUDIT] - Action: 0, Confidence: 1.0000, Safety Mode: SAFE_HOLD, Override: Safe hold mode active
2025-05-28 04:01:45,785 - INFO - [AUDIT] - Action: 0, Confidence: 1.0000, Safety Mode: SAFE_HOLD, Override: Safe hold mode active
2025-05-28 04:01:45,785 - INFO - [AUDIT] - Action: 0, Confidence: 1.0000, Safety Mode: SAFE_HOLD, Override: Safe hold mode active
2025-05-28 04:01:45,786 - INFO - [AUDIT] - Action: 0, Confidence: 1.0000, Safety Mode: SAFE_HOLD, Override: Safe hold mode active
2025-05-28 04:01:45,786 - INFO - [AUDIT] - Action: 0, Confidence: 1.0000, Safety Mode: SAFE_HOLD, Override: Safe hold mode active
2025-05-28 04:01:45,786 - INFO - [AUDIT] - Action: 0, Confidence: 1.0000, Safety Mode: SAFE_HOLD, Override: Safe hold mode active
2025-05-28 04:01:45,786 - INFO - [AUDIT] - Action: 0, Confidence: 1.0000, Safety Mode: SAFE_HOLD, Override: Safe hold mode active
2025-05-28 04:01:45,786 - INFO - [AUDIT] - Action: 0, Confidence: 1.0000, Safety Mode: SAFE_HOLD, Override: Safe hold mode active
2025-05-28 04:01:45,787 - INFO - [AUDIT] - Action: 0, Confidence: 1.0000, Safety Mode: SAFE_HOLD, Override: Safe hold mode active
2025-05-28 04:01:45,787 - INFO - [AUDIT] - Action: 0, Confidence: 1.0000, Safety Mode: SAFE_HOLD, Override: Safe hold mode active
2025-05-28 04:01:45,787 - INFO - [AUDIT] - Action: 0, Confidence: 1.0000, Safety Mode: SAFE_HOLD, Override: Safe hold mode active
2025-05-28 04:01:45,787 - INFO - [AUDIT] - Action: 0, Confidence: 1.0000, Safety Mode: SAFE_HOLD, Override: Safe hold mode active
2025-05-28 04:01:45,787 - INFO - [AUDIT] - Action: 0, Confidence: 1.0000, Safety Mode: SAFE_HOLD, Override: Safe hold mode active
2025-05-28 04:01:45,788 - INFO - [AUDIT] - Action: 0, Confidence: 1.0000, Safety Mode: SAFE_HOLD, Override: Safe hold mode active
2025-05-28 04:01:45,788 - INFO - [AUDIT] - Action: 0, Confidence: 1.0000, Safety Mode: SAFE_HOLD, Override: Safe hold mode active
2025-05-28 04:01:45,788 - INFO - [AUDIT] - Action: 0, Confidence: 1.0000, Safety Mode: SAFE_HOLD, Override: Safe hold mode active
2025-05-28 04:01:45,788 - INFO - [AUDIT] - Action: 0, Confidence: 1.0000, Safety Mode: SAFE_HOLD, Override: Safe hold mode active
2025-05-28 04:01:45,788 - INFO - [AUDIT] - Action: 0, Confidence: 1.0000, Safety Mode: SAFE_HOLD, Override: Safe hold mode active
2025-05-28 04:01:45,789 - INFO - [AUDIT] - Action: 0, Confidence: 1.0000, Safety Mode: SAFE_HOLD, Override: Safe hold mode active
2025-05-28 04:01:45,789 - INFO - [AUDIT] - Action: 0, Confidence: 1.0000, Safety Mode: SAFE_HOLD, Override: Safe hold mode active
2025-05-28 04:01:45,789 - INFO - [AUDIT] - Action: 0, Confidence: 1.0000, Safety Mode: SAFE_HOLD, Override: Safe hold mode active
2025-05-28 04:01:45,789 - INFO - [AUDIT] - Action: 0, Confidence: 1.0000, Safety Mode: SAFE_HOLD, Override: Safe hold mode active
2025-05-28 04:01:45,789 - INFO - [AUDIT] - Action: 0, Confidence: 1.0000, Safety Mode: SAFE_HOLD, Override: Safe hold mode active
2025-05-28 04:01:45,790 - INFO - [AUDIT] - Action: 0, Confidence: 1.0000, Safety Mode: SAFE_HOLD, Override: Safe hold mode active
2025-05-28 04:01:45,790 - INFO - [AUDIT] - Action: 0, Confidence: 1.0000, Safety Mode: SAFE_HOLD, Override: Safe hold mode active
2025-05-28 04:01:45,790 - INFO - [AUDIT] - Action: 0, Confidence: 1.0000, Safety Mode: SAFE_HOLD, Override: Safe hold mode active
2025-05-28 04:01:45,790 - INFO - [AUDIT] - Action: 0, Confidence: 1.0000, Safety Mode: SAFE_HOLD, Override: Safe hold mode active
2025-05-28 04:01:45,790 - INFO - [AUDIT] - Action: 0, Confidence: 1.0000, Safety Mode: SAFE_HOLD, Override: Safe hold mode active
2025-05-28 04:01:45,791 - INFO - [AUDIT] - Action: 0, Confidence: 1.0000, Safety Mode: SAFE_HOLD, Override: Safe hold mode active
2025-05-28 04:01:45,791 - INFO - [AUDIT] - Action: 0, Confidence: 1.0000, Safety Mode: SAFE_HOLD, Override: Safe hold mode active
2025-05-28 04:01:45,791 - INFO - [AUDIT] - Action: 0, Confidence: 1.0000, Safety Mode: SAFE_HOLD, Override: Safe hold mode active
2025-05-28 04:01:45,791 - INFO - [AUDIT] - Action: 0, Confidence: 1.0000, Safety Mode: SAFE_HOLD, Override: Safe hold mode active
2025-05-28 04:01:45,791 - INFO - [AUDIT] - Action: 0, Confidence: 1.0000, Safety Mode: SAFE_HOLD, Override: Safe hold mode active
2025-05-28 04:01:45,792 - INFO - [AUDIT] - Action: 0, Confidence: 1.0000, Safety Mode: SAFE_HOLD, Override: Safe hold mode active
2025-05-28 04:01:45,792 - INFO - [AUDIT] - Action: 0, Confidence: 1.0000, Safety Mode: SAFE_HOLD, Override: Safe hold mode active
2025-05-28 04:01:45,792 - INFO - [AUDIT] - Action: 0, Confidence: 1.0000, Safety Mode: SAFE_HOLD, Override: Safe hold mode active
2025-05-28 04:01:45,792 - INFO - [AUDIT] - Action: 0, Confidence: 1.0000, Safety Mode: SAFE_HOLD, Override: Safe hold mode active
2025-05-28 04:01:45,792 - INFO - [AUDIT] - Action: 0, Confidence: 1.0000, Safety Mode: SAFE_HOLD, Override: Safe hold mode active
2025-05-28 04:01:45,793 - INFO - [AUDIT] - Action: 0, Confidence: 1.0000, Safety Mode: SAFE_HOLD, Override: Safe hold mode active
2025-05-28 04:01:45,793 - INFO - [AUDIT] - Action: 0, Confidence: 1.0000, Safety Mode: SAFE_HOLD, Override: Safe hold mode active
2025-05-28 04:01:45,793 - INFO - [AUDIT] - Action: 0, Confidence: 1.0000, Safety Mode: SAFE_HOLD, Override: Safe hold mode active
2025-05-28 04:01:45,793 - INFO - [AUDIT] - Action: 0, Confidence: 1.0000, Safety Mode: SAFE_HOLD, Override: Safe hold mode active
2025-05-28 04:01:45,793 - INFO - [AUDIT] - Action: 0, Confidence: 1.0000, Safety Mode: SAFE_HOLD, Override: Safe hold mode active
2025-05-28 04:01:45,793 - INFO - [AUDIT] - Action: 0, Confidence: 1.0000, Safety Mode: SAFE_HOLD, Override: Safe hold mode active
2025-05-28 04:01:45,794 - INFO - [AUDIT] - Action: 0, Confidence: 1.0000, Safety Mode: SAFE_HOLD, Override: Safe hold mode active
2025-05-28 04:01:45,794 - INFO - [AUDIT] - Action: 0, Confidence: 1.0000, Safety Mode: SAFE_HOLD, Override: Safe hold mode active
2025-05-28 04:01:45,794 - INFO - [AUDIT] - Action: 0, Confidence: 1.0000, Safety Mode: SAFE_HOLD, Override: Safe hold mode active
2025-05-28 04:01:45,794 - INFO - [AUDIT] - Action: 0, Confidence: 1.0000, Safety Mode: SAFE_HOLD, Override: Safe hold mode active
2025-05-28 04:01:45,794 - INFO - [AUDIT] - Action: 0, Confidence: 1.0000, Safety Mode: SAFE_HOLD, Override: Safe hold mode active
2025-05-28 04:01:45,795 - INFO - [AUDIT] - Action: 0, Confidence: 1.0000, Safety Mode: SAFE_HOLD, Override: Safe hold mode active
2025-05-28 04:01:45,795 - INFO - [AUDIT] - Action: 0, Confidence: 1.0000, Safety Mode: SAFE_HOLD, Override: Safe hold mode active
2025-05-28 04:01:45,795 - INFO - [AUDIT] - Action: 0, Confidence: 1.0000, Safety Mode: SAFE_HOLD, Override: Safe hold mode active
2025-05-28 04:01:45,795 - INFO - [AUDIT] - Action: 0, Confidence: 1.0000, Safety Mode: SAFE_HOLD, Override: Safe hold mode active
2025-05-28 04:01:45,795 - INFO - [AUDIT] - Action: 0, Confidence: 1.0000, Safety Mode: SAFE_HOLD, Override: Safe hold mode active
2025-05-28 04:01:45,796 - INFO - [AUDIT] - Action: 0, Confidence: 1.0000, Safety Mode: SAFE_HOLD, Override: Safe hold mode active
2025-05-28 04:01:45,796 - INFO - [AUDIT] - Action: 0, Confidence: 1.0000, Safety Mode: SAFE_HOLD, Override: Safe hold mode active
2025-05-28 04:01:45,796 - INFO - [AUDIT] - Action: 0, Confidence: 1.0000, Safety Mode: SAFE_HOLD, Override: Safe hold mode active
2025-05-28 04:01:45,796 - INFO - [AUDIT] - Action: 0, Confidence: 1.0000, Safety Mode: SAFE_HOLD, Override: Safe hold mode active
2025-05-28 04:01:45,796 - INFO - [AUDIT] - Action: 0, Confidence: 1.0000, Safety Mode: SAFE_HOLD, Override: Safe hold mode active
2025-05-28 04:01:45,797 - INFO - [AUDIT] - Action: 0, Confidence: 1.0000, Safety Mode: SAFE_HOLD, Override: Safe hold mode active
2025-05-28 04:01:45,797 - INFO - [AUDIT] - Action: 0, Confidence: 1.0000, Safety Mode: SAFE_HOLD, Override: Safe hold mode active
2025-05-28 04:01:45,797 - INFO - [AUDIT] - Action: 0, Confidence: 1.0000, Safety Mode: SAFE_HOLD, Override: Safe hold mode active
2025-05-28 04:01:45,797 - INFO - [AUDIT] - Action: 0, Confidence: 1.0000, Safety Mode: SAFE_HOLD, Override: Safe hold mode active
2025-05-28 04:01:45,797 - INFO - [AUDIT] - Action: 0, Confidence: 1.0000, Safety Mode: SAFE_HOLD, Override: Safe hold mode active
2025-05-28 04:01:45,798 - INFO - [AUDIT] - Action: 0, Confidence: 1.0000, Safety Mode: SAFE_HOLD, Override: Safe hold mode active
2025-05-28 04:01:45,798 - INFO - [AUDIT] - Action: 0, Confidence: 1.0000, Safety Mode: SAFE_HOLD, Override: Safe hold mode active
2025-05-28 04:01:45,798 - INFO - [AUDIT] - Action: 0, Confidence: 1.0000, Safety Mode: SAFE_HOLD, Override: Safe hold mode active
2025-05-28 04:01:45,798 - INFO - [AUDIT] - Action: 0, Confidence: 1.0000, Safety Mode: SAFE_HOLD, Override: Safe hold mode active
2025-05-28 04:01:45,798 - INFO - [AUDIT] - Action: 0, Confidence: 1.0000, Safety Mode: SAFE_HOLD, Override: Safe hold mode active
2025-05-28 04:01:45,799 - INFO - [AUDIT] - Action: 0, Confidence: 1.0000, Safety Mode: SAFE_HOLD, Override: Safe hold mode active
2025-05-28 04:01:45,799 - INFO - [AUDIT] - Action: 0, Confidence: 1.0000, Safety Mode: SAFE_HOLD, Override: Safe hold mode active
2025-05-28 04:01:45,799 - INFO - [AUDIT] - Action: 0, Confidence: 1.0000, Safety Mode: SAFE_HOLD, Override: Safe hold mode active
2025-05-28 04:01:45,799 - INFO - [AUDIT] - Action: 0, Confidence: 1.0000, Safety Mode: SAFE_HOLD, Override: Safe hold mode active
2025-05-28 04:01:45,799 - INFO - [AUDIT] - Action: 0, Confidence: 1.0000, Safety Mode: SAFE_HOLD, Override: Safe hold mode active
2025-05-28 04:01:45,800 - INFO - [AUDIT] - Action: 0, Confidence: 1.0000, Safety Mode: SAFE_HOLD, Override: Safe hold mode active
2025-05-28 04:01:45,800 - INFO - [AUDIT] - Action: 0, Confidence: 1.0000, Safety Mode: SAFE_HOLD, Override: Safe hold mode active
2025-05-28 04:01:45,800 - INFO - [AUDIT] - Action: 0, Confidence: 1.0000, Safety Mode: SAFE_HOLD, Override: Safe hold mode active
2025-05-28 04:01:45,800 - INFO - [AUDIT] - Action: 0, Confidence: 1.0000, Safety Mode: SAFE_HOLD, Override: Safe hold mode active
2025-05-28 04:01:45,800 - INFO - [AUDIT] - Action: 0, Confidence: 1.0000, Safety Mode: SAFE_HOLD, Override: Safe hold mode active
2025-05-28 04:01:45,801 - INFO - [AUDIT] - Action: 0, Confidence: 1.0000, Safety Mode: SAFE_HOLD, Override: Safe hold mode active
2025-05-28 04:01:45,801 - INFO - [AUDIT] - Action: 0, Confidence: 1.0000, Safety Mode: SAFE_HOLD, Override: Safe hold mode active
2025-05-28 04:01:45,801 - INFO - [AUDIT] - Action: 0, Confidence: 1.0000, Safety Mode: SAFE_HOLD, Override: Safe hold mode active
2025-05-28 04:01:45,801 - INFO - [AUDIT] - Action: 0, Confidence: 1.0000, Safety Mode: SAFE_HOLD, Override: Safe hold mode active
2025-05-28 04:01:45,801 - INFO - [AUDIT] - Action: 0, Confidence: 1.0000, Safety Mode: SAFE_HOLD, Override: Safe hold mode active
2025-05-28 04:01:45,802 - INFO - [AUDIT] - Action: 0, Confidence: 1.0000, Safety Mode: SAFE_HOLD, Override: Safe hold mode active
2025-05-28 04:01:45,802 - INFO - [AUDIT] - Action: 0, Confidence: 1.0000, Safety Mode: SAFE_HOLD, Override: Safe hold mode active
2025-05-28 04:01:45,802 - INFO - [AUDIT] - Action: 0, Confidence: 1.0000, Safety Mode: SAFE_HOLD, Override: Safe hold mode active
2025-05-28 04:01:45,802 - INFO - [AUDIT] - Action: 0, Confidence: 1.0000, Safety Mode: SAFE_HOLD, Override: Safe hold mode active
2025-05-28 04:01:45,802 - INFO - [AUDIT] - Action: 0, Confidence: 1.0000, Safety Mode: SAFE_HOLD, Override: Safe hold mode active
2025-05-28 04:01:45,803 - INFO - [AUDIT] - Action: 0, Confidence: 1.0000, Safety Mode: SAFE_HOLD, Override: Safe hold mode active
2025-05-28 04:01:45,803 - INFO - [AUDIT] - Action: 0, Confidence: 1.0000, Safety Mode: SAFE_HOLD, Override: Safe hold mode active
2025-05-28 04:01:45,803 - INFO - [AUDIT] - Action: 0, Confidence: 1.0000, Safety Mode: SAFE_HOLD, Override: Safe hold mode active
2025-05-28 04:01:45,803 - INFO - [AUDIT] - Action: 0, Confidence: 1.0000, Safety Mode: SAFE_HOLD, Override: Safe hold mode active
2025-05-28 04:01:45,803 - INFO - [AUDIT] - Action: 0, Confidence: 1.0000, Safety Mode: SAFE_HOLD, Override: Safe hold mode active
2025-05-28 04:01:45,804 - INFO - [AUDIT] - Action: 0, Confidence: 1.0000, Safety Mode: SAFE_HOLD, Override: Safe hold mode active
2025-05-28 04:01:45,804 - INFO - [AUDIT] - Action: 0, Confidence: 1.0000, Safety Mode: SAFE_HOLD, Override: Safe hold mode active
2025-05-28 04:01:45,804 - INFO - [AUDIT] - Action: 0, Confidence: 1.0000, Safety Mode: SAFE_HOLD, Override: Safe hold mode active
2025-05-28 04:01:45,804 - INFO - [AUDIT] - Action: 0, Confidence: 1.0000, Safety Mode: SAFE_HOLD, Override: Safe hold mode active
2025-05-28 04:01:45,804 - INFO - [AUDIT] - Action: 0, Confidence: 1.0000, Safety Mode: SAFE_HOLD, Override: Safe hold mode active
2025-05-28 04:01:45,805 - INFO - [AUDIT] - Action: 0, Confidence: 1.0000, Safety Mode: SAFE_HOLD, Override: Safe hold mode active
2025-05-28 04:01:45,805 - INFO - [AUDIT] - Action: 0, Confidence: 1.0000, Safety Mode: SAFE_HOLD, Override: Safe hold mode active
2025-05-28 04:01:45,805 - INFO - [AUDIT] - Action: 0, Confidence: 1.0000, Safety Mode: SAFE_HOLD, Override: Safe hold mode active
2025-05-28 04:01:45,805 - INFO - [AUDIT] - Action: 0, Confidence: 1.0000, Safety Mode: SAFE_HOLD, Override: Safe hold mode active
2025-05-28 04:01:45,805 - INFO - [AUDIT] - Action: 0, Confidence: 1.0000, Safety Mode: SAFE_HOLD, Override: Safe hold mode active
2025-05-28 04:01:45,806 - INFO - [AUDIT] - Action: 0, Confidence: 1.0000, Safety Mode: SAFE_HOLD, Override: Safe hold mode active
2025-05-28 04:01:45,806 - INFO - [AUDIT] - Action: 0, Confidence: 1.0000, Safety Mode: SAFE_HOLD, Override: Safe hold mode active
2025-05-28 04:01:45,806 - INFO - [AUDIT] - Action: 0, Confidence: 1.0000, Safety Mode: SAFE_HOLD, Override: Safe hold mode active
2025-05-28 04:01:45,806 - INFO - [AUDIT] - Action: 0, Confidence: 1.0000, Safety Mode: SAFE_HOLD, Override: Safe hold mode active
2025-05-28 04:01:45,806 - INFO - [AUDIT] - Action: 0, Confidence: 1.0000, Safety Mode: SAFE_HOLD, Override: Safe hold mode active
2025-05-28 04:01:45,806 - INFO - [AUDIT] - Action: 0, Confidence: 1.0000, Safety Mode: SAFE_HOLD, Override: Safe hold mode active
2025-05-28 04:01:45,807 - INFO - [AUDIT] - Action: 0, Confidence: 1.0000, Safety Mode: SAFE_HOLD, Override: Safe hold mode active
2025-05-28 04:01:45,807 - INFO - [AUDIT] - Action: 0, Confidence: 1.0000, Safety Mode: SAFE_HOLD, Override: Safe hold mode active
2025-05-28 04:01:45,807 - INFO - [AUDIT] - Action: 0, Confidence: 1.0000, Safety Mode: SAFE_HOLD, Override: Safe hold mode active
2025-05-28 04:01:45,807 - INFO - [AUDIT] - Action: 0, Confidence: 1.0000, Safety Mode: SAFE_HOLD, Override: Safe hold mode active
2025-05-28 04:01:45,807 - INFO - [AUDIT] - Action: 0, Confidence: 1.0000, Safety Mode: SAFE_HOLD, Override: Safe hold mode active
2025-05-28 04:01:45,808 - INFO - [AUDIT] - Action: 0, Confidence: 1.0000, Safety Mode: SAFE_HOLD, Override: Safe hold mode active
2025-05-28 04:01:45,808 - INFO - [AUDIT] - Action: 0, Confidence: 1.0000, Safety Mode: SAFE_HOLD, Override: Safe hold mode active
2025-05-28 04:01:45,808 - INFO - [AUDIT] - Action: 0, Confidence: 1.0000, Safety Mode: SAFE_HOLD, Override: Safe hold mode active
2025-05-28 04:01:45,808 - INFO - [AUDIT] - Action: 0, Confidence: 1.0000, Safety Mode: SAFE_HOLD, Override: Safe hold mode active
2025-05-28 04:01:45,808 - INFO - [AUDIT] - Action: 0, Confidence: 1.0000, Safety Mode: SAFE_HOLD, Override: Safe hold mode active
2025-05-28 04:01:45,809 - INFO - [AUDIT] - Action: 0, Confidence: 1.0000, Safety Mode: SAFE_HOLD, Override: Safe hold mode active
2025-05-28 04:01:45,809 - INFO - [AUDIT] - Action: 0, Confidence: 1.0000, Safety Mode: SAFE_HOLD, Override: Safe hold mode active
2025-05-28 04:01:45,809 - INFO - [AUDIT] - Action: 0, Confidence: 1.0000, Safety Mode: SAFE_HOLD, Override: Safe hold mode active
2025-05-28 04:01:45,809 - INFO - [AUDIT] - Action: 0, Confidence: 1.0000, Safety Mode: SAFE_HOLD, Override: Safe hold mode active
2025-05-28 04:01:45,809 - INFO - [AUDIT] - Action: 0, Confidence: 1.0000, Safety Mode: SAFE_HOLD, Override: Safe hold mode active
2025-05-28 04:01:45,810 - INFO - [AUDIT] - Action: 0, Confidence: 1.0000, Safety Mode: SAFE_HOLD, Override: Safe hold mode active
2025-05-28 04:01:45,810 - INFO - [AUDIT] - Action: 0, Confidence: 1.0000, Safety Mode: SAFE_HOLD, Override: Safe hold mode active
2025-05-28 04:01:45,810 - INFO - [AUDIT] - Action: 0, Confidence: 1.0000, Safety Mode: SAFE_HOLD, Override: Safe hold mode active
2025-05-28 04:01:45,810 - INFO - [AUDIT] - Action: 0, Confidence: 1.0000, Safety Mode: SAFE_HOLD, Override: Safe hold mode active
2025-05-28 04:01:45,810 - INFO - [AUDIT] - Action: 0, Confidence: 1.0000, Safety Mode: SAFE_HOLD, Override: Safe hold mode active
2025-05-28 04:01:45,811 - INFO - [AUDIT] - Action: 0, Confidence: 1.0000, Safety Mode: SAFE_HOLD, Override: Safe hold mode active
2025-05-28 04:01:45,811 - INFO - [AUDIT] - Action: 0, Confidence: 1.0000, Safety Mode: SAFE_HOLD, Override: Safe hold mode active
2025-05-28 04:01:45,811 - INFO - [AUDIT] - Action: 0, Confidence: 1.0000, Safety Mode: SAFE_HOLD, Override: Safe hold mode active
2025-05-28 04:01:45,811 - INFO - [AUDIT] - Action: 0, Confidence: 1.0000, Safety Mode: SAFE_HOLD, Override: Safe hold mode active
2025-05-28 04:01:45,811 - INFO - [AUDIT] - Action: 0, Confidence: 1.0000, Safety Mode: SAFE_HOLD, Override: Safe hold mode active
2025-05-28 04:01:45,811 - INFO - [AUDIT] - Action: 0, Confidence: 1.0000, Safety Mode: SAFE_HOLD, Override: Safe hold mode active
2025-05-28 04:01:45,812 - INFO - [AUDIT] - Action: 0, Confidence: 1.0000, Safety Mode: SAFE_HOLD, Override: Safe hold mode active
2025-05-28 04:01:45,812 - INFO - [AUDIT] - Action: 0, Confidence: 1.0000, Safety Mode: SAFE_HOLD, Override: Safe hold mode active
2025-05-28 04:01:45,812 - INFO - [AUDIT] - Action: 0, Confidence: 1.0000, Safety Mode: SAFE_HOLD, Override: Safe hold mode active
2025-05-28 04:01:45,812 - INFO - [AUDIT] - Action: 0, Confidence: 1.0000, Safety Mode: SAFE_HOLD, Override: Safe hold mode active
2025-05-28 04:01:45,812 - INFO - [AUDIT] - Action: 0, Confidence: 1.0000, Safety Mode: SAFE_HOLD, Override: Safe hold mode active
2025-05-28 04:01:45,813 - INFO - [AUDIT] - Action: 0, Confidence: 1.0000, Safety Mode: SAFE_HOLD, Override: Safe hold mode active
2025-05-28 04:01:45,813 - INFO - [AUDIT] - Action: 0, Confidence: 1.0000, Safety Mode: SAFE_HOLD, Override: Safe hold mode active
2025-05-28 04:01:45,813 - INFO - [AUDIT] - Action: 0, Confidence: 1.0000, Safety Mode: SAFE_HOLD, Override: Safe hold mode active
2025-05-28 04:01:45,813 - INFO - [AUDIT] - Action: 0, Confidence: 1.0000, Safety Mode: SAFE_HOLD, Override: Safe hold mode active
2025-05-28 04:01:45,813 - INFO - [AUDIT] - Action: 0, Confidence: 1.0000, Safety Mode: SAFE_HOLD, Override: Safe hold mode active
2025-05-28 04:01:45,814 - INFO - [AUDIT] - Action: 0, Confidence: 1.0000, Safety Mode: SAFE_HOLD, Override: Safe hold mode active
2025-05-28 04:01:45,814 - INFO - [AUDIT] - Action: 0, Confidence: 1.0000, Safety Mode: SAFE_HOLD, Override: Safe hold mode active
2025-05-28 04:01:45,814 - INFO - [AUDIT] - Action: 0, Confidence: 1.0000, Safety Mode: SAFE_HOLD, Override: Safe hold mode active
2025-05-28 04:01:45,814 - INFO - [AUDIT] - Action: 0, Confidence: 1.0000, Safety Mode: SAFE_HOLD, Override: Safe hold mode active
2025-05-28 04:01:45,814 - INFO - [AUDIT] - Action: 0, Confidence: 1.0000, Safety Mode: SAFE_HOLD, Override: Safe hold mode active
2025-05-28 04:01:45,814 - INFO - [AUDIT] - Action: 0, Confidence: 1.0000, Safety Mode: SAFE_HOLD, Override: Safe hold mode active
2025-05-28 04:01:45,815 - INFO - [AUDIT] - Action: 0, Confidence: 1.0000, Safety Mode: SAFE_HOLD, Override: Safe hold mode active
2025-05-28 04:01:45,815 - INFO - [AUDIT] - Action: 0, Confidence: 1.0000, Safety Mode: SAFE_HOLD, Override: Safe hold mode active
2025-05-28 04:01:45,815 - INFO - [AUDIT] - Action: 0, Confidence: 1.0000, Safety Mode: SAFE_HOLD, Override: Safe hold mode active
2025-05-28 04:01:45,815 - INFO - [AUDIT] - Action: 0, Confidence: 1.0000, Safety Mode: SAFE_HOLD, Override: Safe hold mode active
2025-05-28 04:01:45,815 - INFO - [AUDIT] - Action: 0, Confidence: 1.0000, Safety Mode: SAFE_HOLD, Override: Safe hold mode active
2025-05-28 04:01:45,816 - INFO - [AUDIT] - Action: 0, Confidence: 1.0000, Safety Mode: SAFE_HOLD, Override: Safe hold mode active
2025-05-28 04:01:45,816 - INFO - [AUDIT] - Action: 0, Confidence: 1.0000, Safety Mode: SAFE_HOLD, Override: Safe hold mode active
2025-05-28 04:01:45,816 - INFO - [AUDIT] - Action: 0, Confidence: 1.0000, Safety Mode: SAFE_HOLD, Override: Safe hold mode active
2025-05-28 04:01:45,816 - INFO - [AUDIT] - Action: 0, Confidence: 1.0000, Safety Mode: SAFE_HOLD, Override: Safe hold mode active
2025-05-28 04:01:45,816 - INFO - [AUDIT] - Action: 0, Confidence: 1.0000, Safety Mode: SAFE_HOLD, Override: Safe hold mode active
2025-05-28 04:01:45,817 - INFO - [AUDIT] - Action: 0, Confidence: 1.0000, Safety Mode: SAFE_HOLD, Override: Safe hold mode active
2025-05-28 04:01:45,817 - INFO - [AUDIT] - Action: 0, Confidence: 1.0000, Safety Mode: SAFE_HOLD, Override: Safe hold mode active
2025-05-28 04:01:45,817 - INFO - [AUDIT] - Action: 0, Confidence: 1.0000, Safety Mode: SAFE_HOLD, Override: Safe hold mode active
2025-05-28 04:01:45,817 - INFO - [AUDIT] - Action: 0, Confidence: 1.0000, Safety Mode: SAFE_HOLD, Override: Safe hold mode active
2025-05-28 04:01:45,818 - INFO - [AUDIT] - Action: 0, Confidence: 1.0000, Safety Mode: SAFE_HOLD, Override: Safe hold mode active
2025-05-28 04:01:45,818 - INFO - [AUDIT] - Action: 0, Confidence: 1.0000, Safety Mode: SAFE_HOLD, Override: Safe hold mode active
2025-05-28 04:01:45,818 - INFO - [AUDIT] - Action: 0, Confidence: 1.0000, Safety Mode: SAFE_HOLD, Override: Safe hold mode active
2025-05-28 04:01:45,818 - INFO - [AUDIT] - Action: 0, Confidence: 1.0000, Safety Mode: SAFE_HOLD, Override: Safe hold mode active
2025-05-28 04:01:45,819 - INFO - [AUDIT] - Action: 0, Confidence: 1.0000, Safety Mode: SAFE_HOLD, Override: Safe hold mode active
2025-05-28 04:01:45,819 - INFO - [AUDIT] - Action: 0, Confidence: 1.0000, Safety Mode: SAFE_HOLD, Override: Safe hold mode active
2025-05-28 04:01:45,819 - INFO - [AUDIT] - Action: 0, Confidence: 1.0000, Safety Mode: SAFE_HOLD, Override: Safe hold mode active
2025-05-28 04:01:45,819 - INFO - [AUDIT] - Action: 0, Confidence: 1.0000, Safety Mode: SAFE_HOLD, Override: Safe hold mode active
2025-05-28 04:01:45,819 - INFO - [AUDIT] - Action: 0, Confidence: 1.0000, Safety Mode: SAFE_HOLD, Override: Safe hold mode active
2025-05-28 04:01:45,819 - INFO - [AUDIT] - Action: 0, Confidence: 1.0000, Safety Mode: SAFE_HOLD, Override: Safe hold mode active
2025-05-28 04:01:45,820 - INFO - [AUDIT] - Action: 0, Confidence: 1.0000, Safety Mode: SAFE_HOLD, Override: Safe hold mode active
2025-05-28 04:01:45,820 - INFO - [AUDIT] - Action: 0, Confidence: 1.0000, Safety Mode: SAFE_HOLD, Override: Safe hold mode active
2025-05-28 04:01:45,820 - INFO - [AUDIT] - Action: 0, Confidence: 1.0000, Safety Mode: SAFE_HOLD, Override: Safe hold mode active
2025-05-28 04:01:45,820 - INFO - [AUDIT] - Action: 0, Confidence: 1.0000, Safety Mode: SAFE_HOLD, Override: Safe hold mode active
2025-05-28 04:01:45,820 - INFO - [AUDIT] - Action: 0, Confidence: 1.0000, Safety Mode: SAFE_HOLD, Override: Safe hold mode active
2025-05-28 04:01:45,821 - INFO - [AUDIT] - Action: 0, Confidence: 1.0000, Safety Mode: SAFE_HOLD, Override: Safe hold mode active
2025-05-28 04:01:45,821 - INFO - [AUDIT] - Action: 0, Confidence: 1.0000, Safety Mode: SAFE_HOLD, Override: Safe hold mode active
2025-05-28 04:01:45,821 - INFO - [AUDIT] - Action: 0, Confidence: 1.0000, Safety Mode: SAFE_HOLD, Override: Safe hold mode active
2025-05-28 04:01:45,821 - INFO - [AUDIT] - Action: 0, Confidence: 1.0000, Safety Mode: SAFE_HOLD, Override: Safe hold mode active
2025-05-28 04:01:45,821 - INFO - [AUDIT] - Action: 0, Confidence: 1.0000, Safety Mode: SAFE_HOLD, Override: Safe hold mode active
2025-05-28 04:01:45,822 - INFO - [AUDIT] - Action: 0, Confidence: 1.0000, Safety Mode: SAFE_HOLD, Override: Safe hold mode active
2025-05-28 04:01:45,822 - INFO - [AUDIT] - Action: 0, Confidence: 1.0000, Safety Mode: SAFE_HOLD, Override: Safe hold mode active
2025-05-28 04:01:45,822 - INFO - [AUDIT] - Action: 0, Confidence: 1.0000, Safety Mode: SAFE_HOLD, Override: Safe hold mode active
2025-05-28 04:01:45,822 - INFO - [AUDIT] - Action: 0, Confidence: 1.0000, Safety Mode: SAFE_HOLD, Override: Safe hold mode active
2025-05-28 04:01:45,822 - INFO - [AUDIT] - Action: 0, Confidence: 1.0000, Safety Mode: SAFE_HOLD, Override: Safe hold mode active
2025-05-28 04:01:45,823 - INFO - [AUDIT] - Action: 0, Confidence: 1.0000, Safety Mode: SAFE_HOLD, Override: Safe hold mode active
2025-05-28 04:01:45,823 - INFO - [AUDIT] - Action: 0, Confidence: 1.0000, Safety Mode: SAFE_HOLD, Override: Safe hold mode active
2025-05-28 04:01:45,823 - INFO - [AUDIT] - Action: 0, Confidence: 1.0000, Safety Mode: SAFE_HOLD, Override: Safe hold mode active
2025-05-28 04:01:45,823 - INFO - [AUDIT] - Action: 0, Confidence: 1.0000, Safety Mode: SAFE_HOLD, Override: Safe hold mode active
2025-05-28 04:01:45,823 - INFO - [AUDIT] - Action: 0, Confidence: 1.0000, Safety Mode: SAFE_HOLD, Override: Safe hold mode active
2025-05-28 04:01:45,823 - INFO - [AUDIT] - Action: 0, Confidence: 1.0000, Safety Mode: SAFE_HOLD, Override: Safe hold mode active
2025-05-28 04:01:45,824 - INFO - [AUDIT] - Action: 0, Confidence: 1.0000, Safety Mode: SAFE_HOLD, Override: Safe hold mode active
2025-05-28 04:01:45,824 - INFO - [AUDIT] - Action: 0, Confidence: 1.0000, Safety Mode: SAFE_HOLD, Override: Safe hold mode active
2025-05-28 04:01:45,824 - INFO - [AUDIT] - Action: 0, Confidence: 1.0000, Safety Mode: SAFE_HOLD, Override: Safe hold mode active
2025-05-28 04:01:45,824 - INFO - [AUDIT] - Action: 0, Confidence: 1.0000, Safety Mode: SAFE_HOLD, Override: Safe hold mode active
2025-05-28 04:01:45,824 - INFO - [AUDIT] - Action: 0, Confidence: 1.0000, Safety Mode: SAFE_HOLD, Override: Safe hold mode active
2025-05-28 04:01:45,825 - INFO - [AUDIT] - Action: 0, Confidence: 1.0000, Safety Mode: SAFE_HOLD, Override: Safe hold mode active
2025-05-28 04:01:45,825 - INFO - [AUDIT] - Action: 0, Confidence: 1.0000, Safety Mode: SAFE_HOLD, Override: Safe hold mode active
2025-05-28 04:01:45,825 - INFO - [AUDIT] - Action: 0, Confidence: 1.0000, Safety Mode: SAFE_HOLD, Override: Safe hold mode active
2025-05-28 04:01:45,825 - INFO - [AUDIT] - Action: 0, Confidence: 1.0000, Safety Mode: SAFE_HOLD, Override: Safe hold mode active
2025-05-28 04:01:45,825 - INFO - [AUDIT] - Action: 0, Confidence: 1.0000, Safety Mode: SAFE_HOLD, Override: Safe hold mode active
2025-05-28 04:01:45,826 - INFO - [AUDIT] - Action: 0, Confidence: 1.0000, Safety Mode: SAFE_HOLD, Override: Safe hold mode active
2025-05-28 04:01:45,826 - INFO - [AUDIT] - Action: 0, Confidence: 1.0000, Safety Mode: SAFE_HOLD, Override: Safe hold mode active
2025-05-28 04:01:45,826 - INFO - [AUDIT] - Action: 0, Confidence: 1.0000, Safety Mode: SAFE_HOLD, Override: Safe hold mode active
2025-05-28 04:01:45,826 - INFO - [AUDIT] - Action: 0, Confidence: 1.0000, Safety Mode: SAFE_HOLD, Override: Safe hold mode active
2025-05-28 04:01:45,826 - INFO - [AUDIT] - Action: 0, Confidence: 1.0000, Safety Mode: SAFE_HOLD, Override: Safe hold mode active
2025-05-28 04:01:45,827 - INFO - [AUDIT] - Action: 0, Confidence: 1.0000, Safety Mode: SAFE_HOLD, Override: Safe hold mode active
2025-05-28 04:01:45,827 - INFO - [AUDIT] - Action: 0, Confidence: 1.0000, Safety Mode: SAFE_HOLD, Override: Safe hold mode active
2025-05-28 04:01:45,827 - INFO - [AUDIT] - Action: 0, Confidence: 1.0000, Safety Mode: SAFE_HOLD, Override: Safe hold mode active
2025-05-28 04:01:45,827 - INFO - [AUDIT] - Action: 0, Confidence: 1.0000, Safety Mode: SAFE_HOLD, Override: Safe hold mode active
2025-05-28 04:01:45,827 - INFO - [AUDIT] - Action: 0, Confidence: 1.0000, Safety Mode: SAFE_HOLD, Override: Safe hold mode active
2025-05-28 04:01:45,828 - INFO - [AUDIT] - Action: 0, Confidence: 1.0000, Safety Mode: SAFE_HOLD, Override: Safe hold mode active
2025-05-28 04:01:45,828 - INFO - [AUDIT] - Action: 0, Confidence: 1.0000, Safety Mode: SAFE_HOLD, Override: Safe hold mode active
2025-05-28 04:01:45,828 - INFO - [AUDIT] - Action: 0, Confidence: 1.0000, Safety Mode: SAFE_HOLD, Override: Safe hold mode active
2025-05-28 04:01:45,828 - INFO - [AUDIT] - Action: 0, Confidence: 1.0000, Safety Mode: SAFE_HOLD, Override: Safe hold mode active
2025-05-28 04:01:45,828 - INFO - [AUDIT] - Action: 0, Confidence: 1.0000, Safety Mode: SAFE_HOLD, Override: Safe hold mode active
2025-05-28 04:01:45,829 - INFO - [AUDIT] - Action: 0, Confidence: 1.0000, Safety Mode: SAFE_HOLD, Override: Safe hold mode active
2025-05-28 04:01:45,829 - INFO - [AUDIT] - Action: 0, Confidence: 1.0000, Safety Mode: SAFE_HOLD, Override: Safe hold mode active
2025-05-28 04:01:45,829 - INFO - [AUDIT] - Action: 0, Confidence: 1.0000, Safety Mode: SAFE_HOLD, Override: Safe hold mode active
2025-05-28 04:01:45,829 - INFO - [AUDIT] - Action: 0, Confidence: 1.0000, Safety Mode: SAFE_HOLD, Override: Safe hold mode active
2025-05-28 04:01:45,829 - INFO - [AUDIT] - Action: 0, Confidence: 1.0000, Safety Mode: SAFE_HOLD, Override: Safe hold mode active
2025-05-28 04:01:45,830 - INFO - [AUDIT] - Action: 0, Confidence: 1.0000, Safety Mode: SAFE_HOLD, Override: Safe hold mode active
2025-05-28 04:01:45,830 - INFO - [AUDIT] - Action: 0, Confidence: 1.0000, Safety Mode: SAFE_HOLD, Override: Safe hold mode active
2025-05-28 04:01:45,830 - INFO - [AUDIT] - Action: 0, Confidence: 1.0000, Safety Mode: SAFE_HOLD, Override: Safe hold mode active
2025-05-28 04:01:45,830 - INFO - [AUDIT] - Action: 0, Confidence: 1.0000, Safety Mode: SAFE_HOLD, Override: Safe hold mode active
2025-05-28 04:01:45,830 - INFO - [AUDIT] - Action: 0, Confidence: 1.0000, Safety Mode: SAFE_HOLD, Override: Safe hold mode active
2025-05-28 04:01:45,830 - INFO - [AUDIT] - Action: 0, Confidence: 1.0000, Safety Mode: SAFE_HOLD, Override: Safe hold mode active
2025-05-28 04:01:45,831 - INFO - [AUDIT] - Action: 0, Confidence: 1.0000, Safety Mode: SAFE_HOLD, Override: Safe hold mode active
2025-05-28 04:01:45,831 - INFO - [AUDIT] - Action: 0, Confidence: 1.0000, Safety Mode: SAFE_HOLD, Override: Safe hold mode active
2025-05-28 04:01:45,831 - INFO - [AUDIT] - Action: 0, Confidence: 1.0000, Safety Mode: SAFE_HOLD, Override: Safe hold mode active
2025-05-28 04:01:45,831 - INFO - [AUDIT] - Action: 0, Confidence: 1.0000, Safety Mode: SAFE_HOLD, Override: Safe hold mode active
2025-05-28 04:01:45,831 - INFO - [AUDIT] - Action: 0, Confidence: 1.0000, Safety Mode: SAFE_HOLD, Override: Safe hold mode active
2025-05-28 04:01:45,832 - INFO - [AUDIT] - Action: 0, Confidence: 1.0000, Safety Mode: SAFE_HOLD, Override: Safe hold mode active
2025-05-28 04:01:45,832 - INFO - [AUDIT] - Action: 0, Confidence: 1.0000, Safety Mode: SAFE_HOLD, Override: Safe hold mode active
2025-05-28 04:01:45,832 - INFO - [AUDIT] - Action: 0, Confidence: 1.0000, Safety Mode: SAFE_HOLD, Override: Safe hold mode active
2025-05-28 04:01:45,832 - INFO - [AUDIT] - Action: 0, Confidence: 1.0000, Safety Mode: SAFE_HOLD, Override: Safe hold mode active
2025-05-28 04:01:45,832 - INFO - [AUDIT] - Action: 0, Confidence: 1.0000, Safety Mode: SAFE_HOLD, Override: Safe hold mode active
2025-05-28 04:01:45,833 - INFO - [AUDIT] - Action: 0, Confidence: 1.0000, Safety Mode: SAFE_HOLD, Override: Safe hold mode active
2025-05-28 04:01:45,833 - INFO - [AUDIT] - Action: 0, Confidence: 1.0000, Safety Mode: SAFE_HOLD, Override: Safe hold mode active
2025-05-28 04:01:45,833 - INFO - [AUDIT] - Action: 0, Confidence: 1.0000, Safety Mode: SAFE_HOLD, Override: Safe hold mode active
2025-05-28 04:01:45,833 - INFO - [AUDIT] - Action: 0, Confidence: 1.0000, Safety Mode: SAFE_HOLD, Override: Safe hold mode active
2025-05-28 04:01:45,833 - INFO - [AUDIT] - Action: 0, Confidence: 1.0000, Safety Mode: SAFE_HOLD, Override: Safe hold mode active
2025-05-28 04:01:45,834 - INFO - [AUDIT] - Action: 0, Confidence: 1.0000, Safety Mode: SAFE_HOLD, Override: Safe hold mode active
2025-05-28 04:01:45,834 - INFO - [AUDIT] - Action: 0, Confidence: 1.0000, Safety Mode: SAFE_HOLD, Override: Safe hold mode active
2025-05-28 04:01:45,834 - INFO - [AUDIT] - Action: 0, Confidence: 1.0000, Safety Mode: SAFE_HOLD, Override: Safe hold mode active
2025-05-28 04:01:45,834 - INFO - [AUDIT] - Action: 0, Confidence: 1.0000, Safety Mode: SAFE_HOLD, Override: Safe hold mode active
2025-05-28 04:01:45,834 - INFO - [AUDIT] - Action: 0, Confidence: 1.0000, Safety Mode: SAFE_HOLD, Override: Safe hold mode active
2025-05-28 04:01:45,835 - INFO - [AUDIT] - Action: 0, Confidence: 1.0000, Safety Mode: SAFE_HOLD, Override: Safe hold mode active
2025-05-28 04:01:45,835 - INFO - [AUDIT] - Action: 0, Confidence: 1.0000, Safety Mode: SAFE_HOLD, Override: Safe hold mode active
2025-05-28 04:01:45,835 - INFO - [AUDIT] - Action: 0, Confidence: 1.0000, Safety Mode: SAFE_HOLD, Override: Safe hold mode active
2025-05-28 04:01:45,835 - INFO - [AUDIT] - Action: 0, Confidence: 1.0000, Safety Mode: SAFE_HOLD, Override: Safe hold mode active
2025-05-28 04:01:45,835 - INFO - [AUDIT] - Action: 0, Confidence: 1.0000, Safety Mode: SAFE_HOLD, Override: Safe hold mode active
2025-05-28 04:01:45,836 - INFO - [AUDIT] - Action: 0, Confidence: 1.0000, Safety Mode: SAFE_HOLD, Override: Safe hold mode active
2025-05-28 04:01:45,836 - INFO - [AUDIT] - Action: 0, Confidence: 1.0000, Safety Mode: SAFE_HOLD, Override: Safe hold mode active
2025-05-28 04:01:45,836 - INFO - [AUDIT] - Action: 0, Confidence: 1.0000, Safety Mode: SAFE_HOLD, Override: Safe hold mode active
2025-05-28 04:01:45,836 - INFO - [AUDIT] - Action: 0, Confidence: 1.0000, Safety Mode: SAFE_HOLD, Override: Safe hold mode active
2025-05-28 04:01:45,836 - INFO - [AUDIT] - Action: 0, Confidence: 1.0000, Safety Mode: SAFE_HOLD, Override: Safe hold mode active
2025-05-28 04:01:45,837 - INFO - [AUDIT] - Action: 0, Confidence: 1.0000, Safety Mode: SAFE_HOLD, Override: Safe hold mode active
2025-05-28 04:01:45,837 - INFO - [AUDIT] - Action: 0, Confidence: 1.0000, Safety Mode: SAFE_HOLD, Override: Safe hold mode active
2025-05-28 04:01:45,837 - INFO - [AUDIT] - Action: 0, Confidence: 1.0000, Safety Mode: SAFE_HOLD, Override: Safe hold mode active
2025-05-28 04:01:45,837 - INFO - [AUDIT] - Action: 0, Confidence: 1.0000, Safety Mode: SAFE_HOLD, Override: Safe hold mode active
2025-05-28 04:01:45,837 - INFO - [AUDIT] - Action: 0, Confidence: 1.0000, Safety Mode: SAFE_HOLD, Override: Safe hold mode active
2025-05-28 04:01:45,838 - INFO - [AUDIT] - Action: 0, Confidence: 1.0000, Safety Mode: SAFE_HOLD, Override: Safe hold mode active
2025-05-28 04:01:45,838 - INFO - [AUDIT] - Action: 0, Confidence: 1.0000, Safety Mode: SAFE_HOLD, Override: Safe hold mode active
2025-05-28 04:01:45,838 - INFO - [AUDIT] - Action: 0, Confidence: 1.0000, Safety Mode: SAFE_HOLD, Override: Safe hold mode active
2025-05-28 04:01:45,838 - INFO - [AUDIT] - Action: 0, Confidence: 1.0000, Safety Mode: SAFE_HOLD, Override: Safe hold mode active
2025-05-28 04:01:45,838 - INFO - [AUDIT] - Action: 0, Confidence: 1.0000, Safety Mode: SAFE_HOLD, Override: Safe hold mode active
2025-05-28 04:01:45,839 - INFO - [AUDIT] - Action: 0, Confidence: 1.0000, Safety Mode: SAFE_HOLD, Override: Safe hold mode active
2025-05-28 04:01:45,839 - INFO - [AUDIT] - Action: 0, Confidence: 1.0000, Safety Mode: SAFE_HOLD, Override: Safe hold mode active
2025-05-28 04:01:45,839 - INFO - [AUDIT] - Action: 0, Confidence: 1.0000, Safety Mode: SAFE_HOLD, Override: Safe hold mode active
2025-05-28 04:01:45,839 - INFO - [AUDIT] - Action: 0, Confidence: 1.0000, Safety Mode: SAFE_HOLD, Override: Safe hold mode active
2025-05-28 04:01:45,839 - INFO - [AUDIT] - Action: 0, Confidence: 1.0000, Safety Mode: SAFE_HOLD, Override: Safe hold mode active
2025-05-28 04:01:45,840 - INFO - [AUDIT] - Action: 0, Confidence: 1.0000, Safety Mode: SAFE_HOLD, Override: Safe hold mode active
2025-05-28 04:01:45,840 - INFO - [AUDIT] - Action: 0, Confidence: 1.0000, Safety Mode: SAFE_HOLD, Override: Safe hold mode active
2025-05-28 04:01:45,840 - INFO - [AUDIT] - Action: 0, Confidence: 1.0000, Safety Mode: SAFE_HOLD, Override: Safe hold mode active
2025-05-28 04:01:45,840 - INFO - [AUDIT] - Action: 0, Confidence: 1.0000, Safety Mode: SAFE_HOLD, Override: Safe hold mode active
2025-05-28 04:01:45,840 - INFO - [AUDIT] - Action: 0, Confidence: 1.0000, Safety Mode: SAFE_HOLD, Override: Safe hold mode active
2025-05-28 04:01:45,841 - INFO - [AUDIT] - Action: 0, Confidence: 1.0000, Safety Mode: SAFE_HOLD, Override: Safe hold mode active
2025-05-28 04:01:45,841 - INFO - [AUDIT] - Action: 0, Confidence: 1.0000, Safety Mode: SAFE_HOLD, Override: Safe hold mode active
2025-05-28 04:01:45,841 - INFO - [AUDIT] - Action: 0, Confidence: 1.0000, Safety Mode: SAFE_HOLD, Override: Safe hold mode active
2025-05-28 04:01:45,841 - INFO - [AUDIT] - Action: 0, Confidence: 1.0000, Safety Mode: SAFE_HOLD, Override: Safe hold mode active
2025-05-28 04:01:45,841 - INFO - [AUDIT] - Action: 0, Confidence: 1.0000, Safety Mode: SAFE_HOLD, Override: Safe hold mode active
2025-05-28 04:01:45,841 - INFO - [AUDIT] - Action: 0, Confidence: 1.0000, Safety Mode: SAFE_HOLD, Override: Safe hold mode active
2025-05-28 04:01:45,842 - INFO - [AUDIT] - Action: 0, Confidence: 1.0000, Safety Mode: SAFE_HOLD, Override: Safe hold mode active
2025-05-28 04:01:45,842 - INFO - [AUDIT] - Action: 0, Confidence: 1.0000, Safety Mode: SAFE_HOLD, Override: Safe hold mode active
2025-05-28 04:01:45,842 - INFO - [AUDIT] - Action: 0, Confidence: 1.0000, Safety Mode: SAFE_HOLD, Override: Safe hold mode active
2025-05-28 04:01:45,842 - INFO - [AUDIT] - Action: 0, Confidence: 1.0000, Safety Mode: SAFE_HOLD, Override: Safe hold mode active
2025-05-28 04:01:45,842 - INFO - [AUDIT] - Action: 0, Confidence: 1.0000, Safety Mode: SAFE_HOLD, Override: Safe hold mode active
2025-05-28 04:01:45,843 - INFO - [AUDIT] - Action: 0, Confidence: 1.0000, Safety Mode: SAFE_HOLD, Override: Safe hold mode active
2025-05-28 04:01:45,843 - INFO - [AUDIT] - Action: 0, Confidence: 1.0000, Safety Mode: SAFE_HOLD, Override: Safe hold mode active
2025-05-28 04:01:45,843 - INFO - [AUDIT] - Action: 0, Confidence: 1.0000, Safety Mode: SAFE_HOLD, Override: Safe hold mode active
2025-05-28 04:01:45,843 - INFO - [AUDIT] - Action: 0, Confidence: 1.0000, Safety Mode: SAFE_HOLD, Override: Safe hold mode active
2025-05-28 04:01:45,843 - INFO - [AUDIT] - Action: 0, Confidence: 1.0000, Safety Mode: SAFE_HOLD, Override: Safe hold mode active
2025-05-28 04:01:45,844 - INFO - [AUDIT] - Action: 0, Confidence: 1.0000, Safety Mode: SAFE_HOLD, Override: Safe hold mode active
2025-05-28 04:01:45,844 - INFO - [AUDIT] - Action: 0, Confidence: 1.0000, Safety Mode: SAFE_HOLD, Override: Safe hold mode active
2025-05-28 04:01:45,844 - INFO - [AUDIT] - Action: 0, Confidence: 1.0000, Safety Mode: SAFE_HOLD, Override: Safe hold mode active
2025-05-28 04:01:45,844 - INFO - [AUDIT] - Action: 0, Confidence: 1.0000, Safety Mode: SAFE_HOLD, Override: Safe hold mode active
2025-05-28 04:01:45,844 - INFO - [AUDIT] - Action: 0, Confidence: 1.0000, Safety Mode: SAFE_HOLD, Override: Safe hold mode active
2025-05-28 04:01:45,845 - INFO - [AUDIT] - Action: 0, Confidence: 1.0000, Safety Mode: SAFE_HOLD, Override: Safe hold mode active
2025-05-28 04:01:45,845 - INFO - [AUDIT] - Action: 0, Confidence: 1.0000, Safety Mode: SAFE_HOLD, Override: Safe hold mode active
2025-05-28 04:01:45,845 - INFO - [AUDIT] - Action: 0, Confidence: 1.0000, Safety Mode: SAFE_HOLD, Override: Safe hold mode active
2025-05-28 04:01:45,845 - INFO - [AUDIT] - Action: 0, Confidence: 1.0000, Safety Mode: SAFE_HOLD, Override: Safe hold mode active
2025-05-28 04:01:45,845 - INFO - [AUDIT] - Action: 0, Confidence: 1.0000, Safety Mode: SAFE_HOLD, Override: Safe hold mode active
2025-05-28 04:01:45,846 - INFO - [AUDIT] - Action: 0, Confidence: 1.0000, Safety Mode: SAFE_HOLD, Override: Safe hold mode active
2025-05-28 04:01:45,846 - INFO - [AUDIT] - Action: 0, Confidence: 1.0000, Safety Mode: SAFE_HOLD, Override: Safe hold mode active
2025-05-28 04:01:45,846 - INFO - [AUDIT] - Action: 0, Confidence: 1.0000, Safety Mode: SAFE_HOLD, Override: Safe hold mode active
2025-05-28 04:01:45,846 - INFO - [AUDIT] - Action: 0, Confidence: 1.0000, Safety Mode: SAFE_HOLD, Override: Safe hold mode active
2025-05-28 04:01:45,846 - INFO - [AUDIT] - Action: 0, Confidence: 1.0000, Safety Mode: SAFE_HOLD, Override: Safe hold mode active
2025-05-28 04:01:45,847 - INFO - [AUDIT] - Action: 0, Confidence: 1.0000, Safety Mode: SAFE_HOLD, Override: Safe hold mode active
2025-05-28 04:01:45,847 - INFO - [AUDIT] - Action: 0, Confidence: 1.0000, Safety Mode: SAFE_HOLD, Override: Safe hold mode active
2025-05-28 04:01:45,847 - INFO - [AUDIT] - Action: 0, Confidence: 1.0000, Safety Mode: SAFE_HOLD, Override: Safe hold mode active
2025-05-28 04:01:45,847 - INFO - [AUDIT] - Action: 0, Confidence: 1.0000, Safety Mode: SAFE_HOLD, Override: Safe hold mode active
2025-05-28 04:01:45,847 - INFO - [AUDIT] - Action: 0, Confidence: 1.0000, Safety Mode: SAFE_HOLD, Override: Safe hold mode active
2025-05-28 04:01:45,848 - INFO - [AUDIT] - Action: 0, Confidence: 1.0000, Safety Mode: SAFE_HOLD, Override: Safe hold mode active
2025-05-28 04:01:45,848 - INFO - [AUDIT] - Action: 0, Confidence: 1.0000, Safety Mode: SAFE_HOLD, Override: Safe hold mode active
2025-05-28 04:01:45,848 - INFO - [AUDIT] - Action: 0, Confidence: 1.0000, Safety Mode: SAFE_HOLD, Override: Safe hold mode active
2025-05-28 04:01:45,848 - INFO - [AUDIT] - Action: 0, Confidence: 1.0000, Safety Mode: SAFE_HOLD, Override: Safe hold mode active
2025-05-28 04:01:45,848 - INFO - [AUDIT] - Action: 0, Confidence: 1.0000, Safety Mode: SAFE_HOLD, Override: Safe hold mode active
2025-05-28 04:01:45,848 - INFO - [AUDIT] - Action: 0, Confidence: 1.0000, Safety Mode: SAFE_HOLD, Override: Safe hold mode active
2025-05-28 04:01:45,849 - INFO - [AUDIT] - Action: 0, Confidence: 1.0000, Safety Mode: SAFE_HOLD, Override: Safe hold mode active
2025-05-28 04:01:45,849 - INFO - [AUDIT] - Action: 0, Confidence: 1.0000, Safety Mode: SAFE_HOLD, Override: Safe hold mode active
2025-05-28 04:01:45,849 - INFO - [AUDIT] - Action: 0, Confidence: 1.0000, Safety Mode: SAFE_HOLD, Override: Safe hold mode active
2025-05-28 04:01:45,849 - INFO - [AUDIT] - Action: 0, Confidence: 1.0000, Safety Mode: SAFE_HOLD, Override: Safe hold mode active
2025-05-28 04:01:45,849 - INFO - [AUDIT] - Action: 0, Confidence: 1.0000, Safety Mode: SAFE_HOLD, Override: Safe hold mode active
2025-05-28 04:01:45,850 - INFO - [AUDIT] - Action: 0, Confidence: 1.0000, Safety Mode: SAFE_HOLD, Override: Safe hold mode active
2025-05-28 04:01:45,850 - INFO - [AUDIT] - Action: 0, Confidence: 1.0000, Safety Mode: SAFE_HOLD, Override: Safe hold mode active
2025-05-28 04:01:45,850 - INFO - [AUDIT] - Action: 0, Confidence: 1.0000, Safety Mode: SAFE_HOLD, Override: Safe hold mode active
2025-05-28 04:01:45,850 - INFO - [AUDIT] - Action: 0, Confidence: 1.0000, Safety Mode: SAFE_HOLD, Override: Safe hold mode active
2025-05-28 04:01:45,850 - INFO - [AUDIT] - Action: 0, Confidence: 1.0000, Safety Mode: SAFE_HOLD, Override: Safe hold mode active
2025-05-28 04:01:45,851 - INFO - [AUDIT] - Action: 0, Confidence: 1.0000, Safety Mode: SAFE_HOLD, Override: Safe hold mode active
2025-05-28 04:01:45,851 - INFO - [AUDIT] - Action: 0, Confidence: 1.0000, Safety Mode: SAFE_HOLD, Override: Safe hold mode active
2025-05-28 04:01:45,851 - INFO - [AUDIT] - Action: 0, Confidence: 1.0000, Safety Mode: SAFE_HOLD, Override: Safe hold mode active
2025-05-28 04:01:45,851 - INFO - [AUDIT] - Action: 0, Confidence: 1.0000, Safety Mode: SAFE_HOLD, Override: Safe hold mode active
2025-05-28 04:01:45,851 - INFO - [AUDIT] - Action: 0, Confidence: 1.0000, Safety Mode: SAFE_HOLD, Override: Safe hold mode active
2025-05-28 04:01:45,852 - INFO - [AUDIT] - Action: 0, Confidence: 1.0000, Safety Mode: SAFE_HOLD, Override: Safe hold mode active
2025-05-28 04:01:45,852 - INFO - [AUDIT] - Action: 0, Confidence: 1.0000, Safety Mode: SAFE_HOLD, Override: Safe hold mode active
2025-05-28 04:01:45,852 - INFO - [AUDIT] - Action: 0, Confidence: 1.0000, Safety Mode: SAFE_HOLD, Override: Safe hold mode active
2025-05-28 04:01:45,852 - INFO - [AUDIT] - Action: 0, Confidence: 1.0000, Safety Mode: SAFE_HOLD, Override: Safe hold mode active
2025-05-28 04:01:45,852 - INFO - [AUDIT] - Action: 0, Confidence: 1.0000, Safety Mode: SAFE_HOLD, Override: Safe hold mode active
2025-05-28 04:01:45,853 - INFO - [AUDIT] - Action: 0, Confidence: 1.0000, Safety Mode: SAFE_HOLD, Override: Safe hold mode active
2025-05-28 04:01:45,853 - INFO - [AUDIT] - Action: 0, Confidence: 1.0000, Safety Mode: SAFE_HOLD, Override: Safe hold mode active
2025-05-28 04:01:45,853 - INFO - [AUDIT] - Action: 0, Confidence: 1.0000, Safety Mode: SAFE_HOLD, Override: Safe hold mode active
2025-05-28 04:01:45,853 - INFO - [AUDIT] - Action: 0, Confidence: 1.0000, Safety Mode: SAFE_HOLD, Override: Safe hold mode active
2025-05-28 04:01:45,853 - INFO - [AUDIT] - Action: 0, Confidence: 1.0000, Safety Mode: SAFE_HOLD, Override: Safe hold mode active
2025-05-28 04:01:45,854 - INFO - [AUDIT] - Action: 0, Confidence: 1.0000, Safety Mode: SAFE_HOLD, Override: Safe hold mode active
2025-05-28 04:01:45,854 - INFO - [AUDIT] - Action: 0, Confidence: 1.0000, Safety Mode: SAFE_HOLD, Override: Safe hold mode active
2025-05-28 04:01:45,854 - INFO - [AUDIT] - Action: 0, Confidence: 1.0000, Safety Mode: SAFE_HOLD, Override: Safe hold mode active
2025-05-28 04:01:45,854 - INFO - [AUDIT] - Action: 0, Confidence: 1.0000, Safety Mode: SAFE_HOLD, Override: Safe hold mode active
2025-05-28 04:01:45,854 - INFO - [AUDIT] - Action: 0, Confidence: 1.0000, Safety Mode: SAFE_HOLD, Override: Safe hold mode active
2025-05-28 04:01:45,855 - INFO - [AUDIT] - Action: 0, Confidence: 1.0000, Safety Mode: SAFE_HOLD, Override: Safe hold mode active
2025-05-28 04:01:45,855 - INFO - [AUDIT] - Action: 0, Confidence: 1.0000, Safety Mode: SAFE_HOLD, Override: Safe hold mode active
2025-05-28 04:01:45,855 - INFO - [AUDIT] - Action: 0, Confidence: 1.0000, Safety Mode: SAFE_HOLD, Override: Safe hold mode active
2025-05-28 04:01:45,855 - INFO - [AUDIT] - Action: 0, Confidence: 1.0000, Safety Mode: SAFE_HOLD, Override: Safe hold mode active
2025-05-28 04:01:45,856 - INFO - [AUDIT] - Action: 0, Confidence: 1.0000, Safety Mode: SAFE_HOLD, Override: Safe hold mode active
2025-05-28 04:01:45,856 - INFO - [AUDIT] - Action: 0, Confidence: 1.0000, Safety Mode: SAFE_HOLD, Override: Safe hold mode active
2025-05-28 04:01:45,856 - INFO - [AUDIT] - Action: 0, Confidence: 1.0000, Safety Mode: SAFE_HOLD, Override: Safe hold mode active
2025-05-28 04:01:45,856 - INFO - [AUDIT] - Action: 0, Confidence: 1.0000, Safety Mode: SAFE_HOLD, Override: Safe hold mode active
2025-05-28 04:01:45,856 - INFO - [AUDIT] - Action: 0, Confidence: 1.0000, Safety Mode: SAFE_HOLD, Override: Safe hold mode active
2025-05-28 04:01:45,857 - INFO - [AUDIT] - Action: 0, Confidence: 1.0000, Safety Mode: SAFE_HOLD, Override: Safe hold mode active
2025-05-28 04:01:45,857 - INFO - [AUDIT] - Action: 0, Confidence: 1.0000, Safety Mode: SAFE_HOLD, Override: Safe hold mode active
2025-05-28 04:01:45,857 - INFO - [AUDIT] - Action: 0, Confidence: 1.0000, Safety Mode: SAFE_HOLD, Override: Safe hold mode active
2025-05-28 04:01:45,857 - INFO - [AUDIT] - Action: 0, Confidence: 1.0000, Safety Mode: SAFE_HOLD, Override: Safe hold mode active
2025-05-28 04:01:45,858 - INFO - [AUDIT] - Action: 0, Confidence: 1.0000, Safety Mode: SAFE_HOLD, Override: Safe hold mode active
2025-05-28 04:01:45,858 - INFO - [AUDIT] - Action: 0, Confidence: 1.0000, Safety Mode: SAFE_HOLD, Override: Safe hold mode active
2025-05-28 04:01:45,858 - INFO - [AUDIT] - Action: 0, Confidence: 1.0000, Safety Mode: SAFE_HOLD, Override: Safe hold mode active
2025-05-28 04:01:45,858 - INFO - [AUDIT] - Action: 0, Confidence: 1.0000, Safety Mode: SAFE_HOLD, Override: Safe hold mode active
2025-05-28 04:01:45,858 - INFO - [AUDIT] - Action: 0, Confidence: 1.0000, Safety Mode: SAFE_HOLD, Override: Safe hold mode active
2025-05-28 04:01:45,859 - INFO - [AUDIT] - Action: 0, Confidence: 1.0000, Safety Mode: SAFE_HOLD, Override: Safe hold mode active
2025-05-28 04:01:45,859 - INFO - [AUDIT] - Action: 0, Confidence: 1.0000, Safety Mode: SAFE_HOLD, Override: Safe hold mode active
2025-05-28 04:01:45,859 - INFO - [AUDIT] - Action: 0, Confidence: 1.0000, Safety Mode: SAFE_HOLD, Override: Safe hold mode active
2025-05-28 04:01:45,859 - INFO - [AUDIT] - Action: 0, Confidence: 1.0000, Safety Mode: SAFE_HOLD, Override: Safe hold mode active
2025-05-28 04:01:45,859 - INFO - [AUDIT] - Action: 0, Confidence: 1.0000, Safety Mode: SAFE_HOLD, Override: Safe hold mode active
2025-05-28 04:01:45,859 - INFO - [AUDIT] - Action: 0, Confidence: 1.0000, Safety Mode: SAFE_HOLD, Override: Safe hold mode active
2025-05-28 04:01:45,860 - INFO - [AUDIT] - Action: 0, Confidence: 1.0000, Safety Mode: SAFE_HOLD, Override: Safe hold mode active
2025-05-28 04:01:45,860 - INFO - [AUDIT] - Action: 0, Confidence: 1.0000, Safety Mode: SAFE_HOLD, Override: Safe hold mode active
2025-05-28 04:01:45,860 - INFO - [AUDIT] - Action: 0, Confidence: 1.0000, Safety Mode: SAFE_HOLD, Override: Safe hold mode active
2025-05-28 04:01:45,860 - INFO - [AUDIT] - Action: 0, Confidence: 1.0000, Safety Mode: SAFE_HOLD, Override: Safe hold mode active
2025-05-28 04:01:45,860 - INFO - [AUDIT] - Action: 0, Confidence: 1.0000, Safety Mode: SAFE_HOLD, Override: Safe hold mode active
2025-05-28 04:01:45,861 - INFO - [AUDIT] - Action: 0, Confidence: 1.0000, Safety Mode: SAFE_HOLD, Override: Safe hold mode active
2025-05-28 04:01:45,861 - INFO - [AUDIT] - Action: 0, Confidence: 1.0000, Safety Mode: SAFE_HOLD, Override: Safe hold mode active
2025-05-28 04:01:45,861 - INFO - [AUDIT] - Action: 0, Confidence: 1.0000, Safety Mode: SAFE_HOLD, Override: Safe hold mode active
2025-05-28 04:01:45,861 - INFO - [AUDIT] - Action: 0, Confidence: 1.0000, Safety Mode: SAFE_HOLD, Override: Safe hold mode active
2025-05-28 04:01:45,861 - INFO - [AUDIT] - Action: 0, Confidence: 1.0000, Safety Mode: SAFE_HOLD, Override: Safe hold mode active
2025-05-28 04:01:45,862 - INFO - [AUDIT] - Action: 0, Confidence: 1.0000, Safety Mode: SAFE_HOLD, Override: Safe hold mode active
2025-05-28 04:01:45,862 - INFO - [AUDIT] - Action: 0, Confidence: 1.0000, Safety Mode: SAFE_HOLD, Override: Safe hold mode active
2025-05-28 04:01:45,862 - INFO - [AUDIT] - Action: 0, Confidence: 1.0000, Safety Mode: SAFE_HOLD, Override: Safe hold mode active
2025-05-28 04:01:45,862 - INFO - [AUDIT] - Action: 0, Confidence: 1.0000, Safety Mode: SAFE_HOLD, Override: Safe hold mode active
2025-05-28 04:01:45,862 - INFO - [AUDIT] - Action: 0, Confidence: 1.0000, Safety Mode: SAFE_HOLD, Override: Safe hold mode active
2025-05-28 04:01:45,863 - INFO - [AUDIT] - Action: 0, Confidence: 1.0000, Safety Mode: SAFE_HOLD, Override: Safe hold mode active
2025-05-28 04:01:45,863 - INFO - [AUDIT] - Action: 0, Confidence: 1.0000, Safety Mode: SAFE_HOLD, Override: Safe hold mode active
2025-05-28 04:01:45,863 - INFO - [AUDIT] - Action: 0, Confidence: 1.0000, Safety Mode: SAFE_HOLD, Override: Safe hold mode active
2025-05-28 04:01:45,863 - INFO - [AUDIT] - Action: 0, Confidence: 1.0000, Safety Mode: SAFE_HOLD, Override: Safe hold mode active
2025-05-28 04:01:45,863 - INFO - [AUDIT] - Action: 0, Confidence: 1.0000, Safety Mode: SAFE_HOLD, Override: Safe hold mode active
2025-05-28 04:01:45,864 - INFO - [AUDIT] - Action: 0, Confidence: 1.0000, Safety Mode: SAFE_HOLD, Override: Safe hold mode active
2025-05-28 04:01:45,864 - INFO - [AUDIT] - Action: 0, Confidence: 1.0000, Safety Mode: SAFE_HOLD, Override: Safe hold mode active
2025-05-28 04:01:45,864 - INFO - [AUDIT] - Action: 0, Confidence: 1.0000, Safety Mode: SAFE_HOLD, Override: Safe hold mode active
2025-05-28 04:01:45,864 - INFO - [AUDIT] - Action: 0, Confidence: 1.0000, Safety Mode: SAFE_HOLD, Override: Safe hold mode active
2025-05-28 04:01:45,865 - INFO - [AUDIT] - Action: 0, Confidence: 1.0000, Safety Mode: SAFE_HOLD, Override: Safe hold mode active
2025-05-28 04:01:45,865 - INFO - [AUDIT] - Action: 0, Confidence: 1.0000, Safety Mode: SAFE_HOLD, Override: Safe hold mode active
2025-05-28 04:01:45,865 - INFO - [AUDIT] - Action: 0, Confidence: 1.0000, Safety Mode: SAFE_HOLD, Override: Safe hold mode active
2025-05-28 04:01:45,865 - INFO - [AUDIT] - Action: 0, Confidence: 1.0000, Safety Mode: SAFE_HOLD, Override: Safe hold mode active
2025-05-28 04:01:45,865 - INFO - [AUDIT] - Action: 0, Confidence: 1.0000, Safety Mode: SAFE_HOLD, Override: Safe hold mode active
2025-05-28 04:01:45,866 - INFO - [AUDIT] - Action: 0, Confidence: 1.0000, Safety Mode: SAFE_HOLD, Override: Safe hold mode active
2025-05-28 04:01:45,866 - INFO - [AUDIT] - Action: 0, Confidence: 1.0000, Safety Mode: SAFE_HOLD, Override: Safe hold mode active
2025-05-28 04:01:45,866 - INFO - [AUDIT] - Action: 0, Confidence: 1.0000, Safety Mode: SAFE_HOLD, Override: Safe hold mode active
2025-05-28 04:01:45,866 - INFO - [AUDIT] - Action: 0, Confidence: 1.0000, Safety Mode: SAFE_HOLD, Override: Safe hold mode active
2025-05-28 04:01:45,866 - INFO - [AUDIT] - Action: 0, Confidence: 1.0000, Safety Mode: SAFE_HOLD, Override: Safe hold mode active
2025-05-28 04:01:45,867 - INFO - [AUDIT] - Action: 0, Confidence: 1.0000, Safety Mode: SAFE_HOLD, Override: Safe hold mode active
2025-05-28 04:01:45,867 - INFO - [AUDIT] - Action: 0, Confidence: 1.0000, Safety Mode: SAFE_HOLD, Override: Safe hold mode active
2025-05-28 04:01:45,867 - INFO - [AUDIT] - Action: 0, Confidence: 1.0000, Safety Mode: SAFE_HOLD, Override: Safe hold mode active
2025-05-28 04:01:45,867 - INFO - [AUDIT] - Action: 0, Confidence: 1.0000, Safety Mode: SAFE_HOLD, Override: Safe hold mode active
2025-05-28 04:01:45,867 - INFO - [AUDIT] - Action: 0, Confidence: 1.0000, Safety Mode: SAFE_HOLD, Override: Safe hold mode active
2025-05-28 04:01:45,868 - INFO - [AUDIT] - Action: 0, Confidence: 1.0000, Safety Mode: SAFE_HOLD, Override: Safe hold mode active
2025-05-28 04:01:45,868 - INFO - [AUDIT] - Action: 0, Confidence: 1.0000, Safety Mode: SAFE_HOLD, Override: Safe hold mode active
2025-05-28 04:01:45,868 - INFO - [AUDIT] - Action: 0, Confidence: 1.0000, Safety Mode: SAFE_HOLD, Override: Safe hold mode active
2025-05-28 04:01:45,868 - INFO - [AUDIT] - Action: 0, Confidence: 1.0000, Safety Mode: SAFE_HOLD, Override: Safe hold mode active
2025-05-28 04:01:45,869 - INFO - [AUDIT] - Action: 0, Confidence: 1.0000, Safety Mode: SAFE_HOLD, Override: Safe hold mode active
2025-05-28 04:01:45,869 - INFO - [AUDIT] - Action: 0, Confidence: 1.0000, Safety Mode: SAFE_HOLD, Override: Safe hold mode active
2025-05-28 04:01:45,869 - INFO - [AUDIT] - Action: 0, Confidence: 1.0000, Safety Mode: SAFE_HOLD, Override: Safe hold mode active
2025-05-28 04:01:45,869 - INFO - [AUDIT] - Action: 0, Confidence: 1.0000, Safety Mode: SAFE_HOLD, Override: Safe hold mode active
2025-05-28 04:01:45,869 - INFO - [AUDIT] - Action: 0, Confidence: 1.0000, Safety Mode: SAFE_HOLD, Override: Safe hold mode active
2025-05-28 04:01:45,870 - INFO - [AUDIT] - Action: 0, Confidence: 1.0000, Safety Mode: SAFE_HOLD, Override: Safe hold mode active
2025-05-28 04:01:45,870 - INFO - [AUDIT] - Action: 0, Confidence: 1.0000, Safety Mode: SAFE_HOLD, Override: Safe hold mode active
2025-05-28 04:01:45,870 - INFO - [AUDIT] - Action: 0, Confidence: 1.0000, Safety Mode: SAFE_HOLD, Override: Safe hold mode active
2025-05-28 04:01:45,870 - INFO - [AUDIT] - Action: 0, Confidence: 1.0000, Safety Mode: SAFE_HOLD, Override: Safe hold mode active
2025-05-28 04:01:45,870 - INFO - [AUDIT] - Action: 0, Confidence: 1.0000, Safety Mode: SAFE_HOLD, Override: Safe hold mode active
2025-05-28 04:01:45,871 - INFO - [AUDIT] - Action: 0, Confidence: 1.0000, Safety Mode: SAFE_HOLD, Override: Safe hold mode active
2025-05-28 04:01:45,871 - INFO - [AUDIT] - Action: 0, Confidence: 1.0000, Safety Mode: SAFE_HOLD, Override: Safe hold mode active
2025-05-28 04:01:45,871 - INFO - [AUDIT] - Action: 0, Confidence: 1.0000, Safety Mode: SAFE_HOLD, Override: Safe hold mode active
2025-05-28 04:01:45,871 - INFO - [AUDIT] - Action: 0, Confidence: 1.0000, Safety Mode: SAFE_HOLD, Override: Safe hold mode active
2025-05-28 04:01:45,871 - INFO - [AUDIT] - Action: 0, Confidence: 1.0000, Safety Mode: SAFE_HOLD, Override: Safe hold mode active
2025-05-28 04:01:45,872 - INFO - [AUDIT] - Action: 0, Confidence: 1.0000, Safety Mode: SAFE_HOLD, Override: Safe hold mode active
2025-05-28 04:01:45,872 - INFO - [AUDIT] - Action: 0, Confidence: 1.0000, Safety Mode: SAFE_HOLD, Override: Safe hold mode active
2025-05-28 04:01:45,872 - INFO - [AUDIT] - Action: 0, Confidence: 1.0000, Safety Mode: SAFE_HOLD, Override: Safe hold mode active
2025-05-28 04:01:45,872 - INFO - [AUDIT] - Action: 0, Confidence: 1.0000, Safety Mode: SAFE_HOLD, Override: Safe hold mode active
2025-05-28 04:01:45,872 - INFO - [AUDIT] - Action: 0, Confidence: 1.0000, Safety Mode: SAFE_HOLD, Override: Safe hold mode active
2025-05-28 04:01:45,872 - INFO - [AUDIT] - Action: 0, Confidence: 1.0000, Safety Mode: SAFE_HOLD, Override: Safe hold mode active
2025-05-28 04:01:45,873 - INFO - [AUDIT] - Action: 0, Confidence: 1.0000, Safety Mode: SAFE_HOLD, Override: Safe hold mode active
2025-05-28 04:01:45,873 - INFO - [AUDIT] - Action: 0, Confidence: 1.0000, Safety Mode: SAFE_HOLD, Override: Safe hold mode active
2025-05-28 04:01:45,873 - INFO - [AUDIT] - Action: 0, Confidence: 1.0000, Safety Mode: SAFE_HOLD, Override: Safe hold mode active
2025-05-28 04:01:45,873 - INFO - [AUDIT] - Action: 0, Confidence: 1.0000, Safety Mode: SAFE_HOLD, Override: Safe hold mode active
2025-05-28 04:01:45,873 - INFO - [AUDIT] - Action: 0, Confidence: 1.0000, Safety Mode: SAFE_HOLD, Override: Safe hold mode active
2025-05-28 04:01:45,874 - INFO - [AUDIT] - Action: 0, Confidence: 1.0000, Safety Mode: SAFE_HOLD, Override: Safe hold mode active
2025-05-28 04:01:45,874 - INFO - [AUDIT] - Action: 0, Confidence: 1.0000, Safety Mode: SAFE_HOLD, Override: Safe hold mode active
2025-05-28 04:01:45,874 - INFO - [AUDIT] - Action: 0, Confidence: 1.0000, Safety Mode: SAFE_HOLD, Override: Safe hold mode active
2025-05-28 04:01:45,874 - INFO - [AUDIT] - Action: 0, Confidence: 1.0000, Safety Mode: SAFE_HOLD, Override: Safe hold mode active
2025-05-28 04:01:45,874 - INFO - [AUDIT] - Action: 0, Confidence: 1.0000, Safety Mode: SAFE_HOLD, Override: Safe hold mode active
2025-05-28 04:01:45,875 - INFO - [AUDIT] - Action: 0, Confidence: 1.0000, Safety Mode: SAFE_HOLD, Override: Safe hold mode active
2025-05-28 04:01:45,875 - INFO - [AUDIT] - Action: 0, Confidence: 1.0000, Safety Mode: SAFE_HOLD, Override: Safe hold mode active
2025-05-28 04:01:45,875 - INFO - [AUDIT] - Action: 0, Confidence: 1.0000, Safety Mode: SAFE_HOLD, Override: Safe hold mode active
2025-05-28 04:01:45,875 - INFO - [AUDIT] - Action: 0, Confidence: 1.0000, Safety Mode: SAFE_HOLD, Override: Safe hold mode active
2025-05-28 04:01:45,875 - INFO - [AUDIT] - Action: 0, Confidence: 1.0000, Safety Mode: SAFE_HOLD, Override: Safe hold mode active
2025-05-28 04:01:45,876 - INFO - [AUDIT] - Action: 0, Confidence: 1.0000, Safety Mode: SAFE_HOLD, Override: Safe hold mode active
2025-05-28 04:01:45,876 - INFO - [AUDIT] - Action: 0, Confidence: 1.0000, Safety Mode: SAFE_HOLD, Override: Safe hold mode active
2025-05-28 04:01:45,876 - INFO - [AUDIT] - Action: 0, Confidence: 1.0000, Safety Mode: SAFE_HOLD, Override: Safe hold mode active
2025-05-28 04:01:45,876 - INFO - [AUDIT] - Action: 0, Confidence: 1.0000, Safety Mode: SAFE_HOLD, Override: Safe hold mode active
2025-05-28 04:01:45,876 - INFO - [AUDIT] - Action: 0, Confidence: 1.0000, Safety Mode: SAFE_HOLD, Override: Safe hold mode active
2025-05-28 04:01:45,877 - INFO - [AUDIT] - Action: 0, Confidence: 1.0000, Safety Mode: SAFE_HOLD, Override: Safe hold mode active
2025-05-28 04:01:45,877 - INFO - [AUDIT] - Action: 0, Confidence: 1.0000, Safety Mode: SAFE_HOLD, Override: Safe hold mode active
2025-05-28 04:01:45,877 - INFO - [AUDIT] - Action: 0, Confidence: 1.0000, Safety Mode: SAFE_HOLD, Override: Safe hold mode active
2025-05-28 04:01:45,877 - INFO - [AUDIT] - Action: 0, Confidence: 1.0000, Safety Mode: SAFE_HOLD, Override: Safe hold mode active
2025-05-28 04:01:45,877 - INFO - [AUDIT] - Action: 0, Confidence: 1.0000, Safety Mode: SAFE_HOLD, Override: Safe hold mode active
2025-05-28 04:01:45,878 - INFO - [AUDIT] - Action: 0, Confidence: 1.0000, Safety Mode: SAFE_HOLD, Override: Safe hold mode active
2025-05-28 04:01:45,878 - INFO - [AUDIT] - Action: 0, Confidence: 1.0000, Safety Mode: SAFE_HOLD, Override: Safe hold mode active
2025-05-28 04:01:45,878 - INFO - [AUDIT] - Action: 0, Confidence: 1.0000, Safety Mode: SAFE_HOLD, Override: Safe hold mode active
2025-05-28 04:01:45,878 - INFO - [AUDIT] - Action: 0, Confidence: 1.0000, Safety Mode: SAFE_HOLD, Override: Safe hold mode active
2025-05-28 04:01:45,878 - INFO - [AUDIT] - Action: 0, Confidence: 1.0000, Safety Mode: SAFE_HOLD, Override: Safe hold mode active
2025-05-28 04:01:45,879 - INFO - [AUDIT] - Action: 0, Confidence: 1.0000, Safety Mode: SAFE_HOLD, Override: Safe hold mode active
2025-05-28 04:01:45,879 - INFO - [AUDIT] - Action: 0, Confidence: 1.0000, Safety Mode: SAFE_HOLD, Override: Safe hold mode active
2025-05-28 04:01:45,879 - INFO - [AUDIT] - Action: 0, Confidence: 1.0000, Safety Mode: SAFE_HOLD, Override: Safe hold mode active
2025-05-28 04:01:45,879 - INFO - [AUDIT] - Action: 0, Confidence: 1.0000, Safety Mode: SAFE_HOLD, Override: Safe hold mode active
2025-05-28 04:01:45,879 - INFO - [AUDIT] - Action: 0, Confidence: 1.0000, Safety Mode: SAFE_HOLD, Override: Safe hold mode active
2025-05-28 04:01:45,880 - INFO - [AUDIT] - Action: 0, Confidence: 1.0000, Safety Mode: SAFE_HOLD, Override: Safe hold mode active
2025-05-28 04:01:45,880 - INFO - [AUDIT] - Action: 0, Confidence: 1.0000, Safety Mode: SAFE_HOLD, Override: Safe hold mode active
2025-05-28 04:01:45,880 - INFO - [AUDIT] - Action: 0, Confidence: 1.0000, Safety Mode: SAFE_HOLD, Override: Safe hold mode active
2025-05-28 04:01:45,880 - INFO - [AUDIT] - Action: 0, Confidence: 1.0000, Safety Mode: SAFE_HOLD, Override: Safe hold mode active
2025-05-28 04:01:45,880 - INFO - [AUDIT] - Action: 0, Confidence: 1.0000, Safety Mode: SAFE_HOLD, Override: Safe hold mode active
2025-05-28 04:01:45,880 - INFO - [AUDIT] - Action: 0, Confidence: 1.0000, Safety Mode: SAFE_HOLD, Override: Safe hold mode active
2025-05-28 04:01:45,881 - INFO - [AUDIT] - Action: 0, Confidence: 1.0000, Safety Mode: SAFE_HOLD, Override: Safe hold mode active
2025-05-28 04:01:45,881 - INFO - [AUDIT] - Action: 0, Confidence: 1.0000, Safety Mode: SAFE_HOLD, Override: Safe hold mode active
2025-05-28 04:01:45,881 - INFO - [AUDIT] - Action: 0, Confidence: 1.0000, Safety Mode: SAFE_HOLD, Override: Safe hold mode active
2025-05-28 04:01:45,881 - INFO - [AUDIT] - Action: 0, Confidence: 1.0000, Safety Mode: SAFE_HOLD, Override: Safe hold mode active
2025-05-28 04:01:45,881 - INFO - [AUDIT] - Action: 0, Confidence: 1.0000, Safety Mode: SAFE_HOLD, Override: Safe hold mode active
2025-05-28 04:01:45,882 - INFO - [AUDIT] - Action: 0, Confidence: 1.0000, Safety Mode: SAFE_HOLD, Override: Safe hold mode active
2025-05-28 04:01:45,882 - INFO - [AUDIT] - Action: 0, Confidence: 1.0000, Safety Mode: SAFE_HOLD, Override: Safe hold mode active
2025-05-28 04:01:45,882 - INFO - [AUDIT] - Action: 0, Confidence: 1.0000, Safety Mode: SAFE_HOLD, Override: Safe hold mode active
2025-05-28 04:01:45,882 - INFO - [AUDIT] - Action: 0, Confidence: 1.0000, Safety Mode: SAFE_HOLD, Override: Safe hold mode active
2025-05-28 04:01:45,883 - INFO - [AUDIT] - Action: 0, Confidence: 1.0000, Safety Mode: SAFE_HOLD, Override: Safe hold mode active
2025-05-28 04:01:45,883 - INFO - [AUDIT] - Action: 0, Confidence: 1.0000, Safety Mode: SAFE_HOLD, Override: Safe hold mode active
2025-05-28 04:01:45,883 - INFO - [AUDIT] - Action: 0, Confidence: 1.0000, Safety Mode: SAFE_HOLD, Override: Safe hold mode active
2025-05-28 04:01:45,883 - INFO - [AUDIT] - Action: 0, Confidence: 1.0000, Safety Mode: SAFE_HOLD, Override: Safe hold mode active
2025-05-28 04:01:45,883 - INFO - [AUDIT] - Action: 0, Confidence: 1.0000, Safety Mode: SAFE_HOLD, Override: Safe hold mode active
2025-05-28 04:01:45,883 - INFO - [AUDIT] - Action: 0, Confidence: 1.0000, Safety Mode: SAFE_HOLD, Override: Safe hold mode active
2025-05-28 04:01:45,884 - INFO - [AUDIT] - Action: 0, Confidence: 1.0000, Safety Mode: SAFE_HOLD, Override: Safe hold mode active
2025-05-28 04:01:45,884 - INFO - [AUDIT] - Action: 0, Confidence: 1.0000, Safety Mode: SAFE_HOLD, Override: Safe hold mode active
2025-05-28 04:01:45,884 - INFO - [AUDIT] - Action: 0, Confidence: 1.0000, Safety Mode: SAFE_HOLD, Override: Safe hold mode active
2025-05-28 04:01:45,884 - INFO - [AUDIT] - Action: 0, Confidence: 1.0000, Safety Mode: SAFE_HOLD, Override: Safe hold mode active
2025-05-28 04:01:45,884 - INFO - [AUDIT] - Action: 0, Confidence: 1.0000, Safety Mode: SAFE_HOLD, Override: Safe hold mode active
2025-05-28 04:01:45,885 - INFO - [AUDIT] - Action: 0, Confidence: 1.0000, Safety Mode: SAFE_HOLD, Override: Safe hold mode active
2025-05-28 04:01:45,885 - INFO - [AUDIT] - Action: 0, Confidence: 1.0000, Safety Mode: SAFE_HOLD, Override: Safe hold mode active
2025-05-28 04:01:45,885 - INFO - [AUDIT] - Action: 0, Confidence: 1.0000, Safety Mode: SAFE_HOLD, Override: Safe hold mode active
2025-05-28 04:01:45,885 - INFO - [AUDIT] - Action: 0, Confidence: 1.0000, Safety Mode: SAFE_HOLD, Override: Safe hold mode active
2025-05-28 04:01:45,885 - INFO - [AUDIT] - Action: 0, Confidence: 1.0000, Safety Mode: SAFE_HOLD, Override: Safe hold mode active
2025-05-28 04:01:45,886 - INFO - [AUDIT] - Action: 0, Confidence: 1.0000, Safety Mode: SAFE_HOLD, Override: Safe hold mode active
2025-05-28 04:01:45,886 - INFO - [AUDIT] - Action: 0, Confidence: 1.0000, Safety Mode: SAFE_HOLD, Override: Safe hold mode active
2025-05-28 04:01:45,886 - INFO - [AUDIT] - Action: 0, Confidence: 1.0000, Safety Mode: SAFE_HOLD, Override: Safe hold mode active
2025-05-28 04:01:45,886 - INFO - [AUDIT] - Action: 0, Confidence: 1.0000, Safety Mode: SAFE_HOLD, Override: Safe hold mode active
2025-05-28 04:01:45,886 - INFO - [AUDIT] - Action: 0, Confidence: 1.0000, Safety Mode: SAFE_HOLD, Override: Safe hold mode active
2025-05-28 04:01:45,887 - INFO - [AUDIT] - Action: 0, Confidence: 1.0000, Safety Mode: SAFE_HOLD, Override: Safe hold mode active
2025-05-28 04:01:45,887 - INFO - [AUDIT] - Action: 0, Confidence: 1.0000, Safety Mode: SAFE_HOLD, Override: Safe hold mode active
2025-05-28 04:01:45,887 - INFO - [AUDIT] - Action: 0, Confidence: 1.0000, Safety Mode: SAFE_HOLD, Override: Safe hold mode active
2025-05-28 04:01:45,887 - INFO - [AUDIT] - Action: 0, Confidence: 1.0000, Safety Mode: SAFE_HOLD, Override: Safe hold mode active
2025-05-28 04:01:45,887 - INFO - [AUDIT] - Action: 0, Confidence: 1.0000, Safety Mode: SAFE_HOLD, Override: Safe hold mode active
2025-05-28 04:01:45,887 - INFO - [AUDIT] - Action: 0, Confidence: 1.0000, Safety Mode: SAFE_HOLD, Override: Safe hold mode active
2025-05-28 04:01:45,888 - INFO - [AUDIT] - Action: 0, Confidence: 1.0000, Safety Mode: SAFE_HOLD, Override: Safe hold mode active
2025-05-28 04:01:45,888 - INFO - [AUDIT] - Action: 0, Confidence: 1.0000, Safety Mode: SAFE_HOLD, Override: Safe hold mode active
2025-05-28 04:01:45,888 - INFO - [AUDIT] - Action: 0, Confidence: 1.0000, Safety Mode: SAFE_HOLD, Override: Safe hold mode active
2025-05-28 04:01:45,888 - INFO - [AUDIT] - Action: 0, Confidence: 1.0000, Safety Mode: SAFE_HOLD, Override: Safe hold mode active
2025-05-28 04:01:45,889 - INFO - [AUDIT] - Action: 0, Confidence: 1.0000, Safety Mode: SAFE_HOLD, Override: Safe hold mode active
2025-05-28 04:01:45,889 - INFO - [AUDIT] - Action: 0, Confidence: 1.0000, Safety Mode: SAFE_HOLD, Override: Safe hold mode active
2025-05-28 04:01:45,889 - INFO - [AUDIT] - Action: 0, Confidence: 1.0000, Safety Mode: SAFE_HOLD, Override: Safe hold mode active
2025-05-28 04:01:45,889 - INFO - [AUDIT] - Action: 0, Confidence: 1.0000, Safety Mode: SAFE_HOLD, Override: Safe hold mode active
2025-05-28 04:01:45,889 - INFO - [AUDIT] - Action: 0, Confidence: 1.0000, Safety Mode: SAFE_HOLD, Override: Safe hold mode active
2025-05-28 04:01:45,889 - INFO - [AUDIT] - Action: 0, Confidence: 1.0000, Safety Mode: SAFE_HOLD, Override: Safe hold mode active
2025-05-28 04:01:45,890 - INFO - [AUDIT] - Action: 0, Confidence: 1.0000, Safety Mode: SAFE_HOLD, Override: Safe hold mode active
2025-05-28 04:01:45,890 - INFO - [AUDIT] - Action: 0, Confidence: 1.0000, Safety Mode: SAFE_HOLD, Override: Safe hold mode active
2025-05-28 04:01:45,890 - INFO - [AUDIT] - Action: 0, Confidence: 1.0000, Safety Mode: SAFE_HOLD, Override: Safe hold mode active
2025-05-28 04:01:45,890 - INFO - [AUDIT] - Action: 0, Confidence: 1.0000, Safety Mode: SAFE_HOLD, Override: Safe hold mode active
2025-05-28 04:01:45,890 - INFO - [AUDIT] - Action: 0, Confidence: 1.0000, Safety Mode: SAFE_HOLD, Override: Safe hold mode active
2025-05-28 04:01:45,891 - INFO - [AUDIT] - Action: 0, Confidence: 1.0000, Safety Mode: SAFE_HOLD, Override: Safe hold mode active
2025-05-28 04:01:45,891 - INFO - [AUDIT] - Action: 0, Confidence: 1.0000, Safety Mode: SAFE_HOLD, Override: Safe hold mode active
2025-05-28 04:01:45,891 - INFO - [AUDIT] - Action: 0, Confidence: 1.0000, Safety Mode: SAFE_HOLD, Override: Safe hold mode active
2025-05-28 04:01:45,891 - INFO - [AUDIT] - Action: 0, Confidence: 1.0000, Safety Mode: SAFE_HOLD, Override: Safe hold mode active
2025-05-28 04:01:45,891 - INFO - [AUDIT] - Action: 0, Confidence: 1.0000, Safety Mode: SAFE_HOLD, Override: Safe hold mode active
2025-05-28 04:01:45,892 - INFO - [AUDIT] - Action: 0, Confidence: 1.0000, Safety Mode: SAFE_HOLD, Override: Safe hold mode active
2025-05-28 04:01:45,892 - INFO - [AUDIT] - Action: 0, Confidence: 1.0000, Safety Mode: SAFE_HOLD, Override: Safe hold mode active
2025-05-28 04:01:45,892 - INFO - [AUDIT] - Action: 0, Confidence: 1.0000, Safety Mode: SAFE_HOLD, Override: Safe hold mode active
2025-05-28 04:01:45,892 - INFO - [AUDIT] - Action: 0, Confidence: 1.0000, Safety Mode: SAFE_HOLD, Override: Safe hold mode active
2025-05-28 04:01:45,892 - INFO - [AUDIT] - Action: 0, Confidence: 1.0000, Safety Mode: SAFE_HOLD, Override: Safe hold mode active
2025-05-28 04:01:45,893 - INFO - [AUDIT] - Action: 0, Confidence: 1.0000, Safety Mode: SAFE_HOLD, Override: Safe hold mode active
2025-05-28 04:01:45,893 - INFO - [AUDIT] - Action: 0, Confidence: 1.0000, Safety Mode: SAFE_HOLD, Override: Safe hold mode active
2025-05-28 04:01:45,893 - INFO - [AUDIT] - Action: 0, Confidence: 1.0000, Safety Mode: SAFE_HOLD, Override: Safe hold mode active
2025-05-28 04:01:45,893 - INFO - [AUDIT] - Action: 0, Confidence: 1.0000, Safety Mode: SAFE_HOLD, Override: Safe hold mode active
2025-05-28 04:01:45,893 - INFO - [AUDIT] - Action: 0, Confidence: 1.0000, Safety Mode: SAFE_HOLD, Override: Safe hold mode active
2025-05-28 04:01:45,893 - INFO - [AUDIT] - Action: 0, Confidence: 1.0000, Safety Mode: SAFE_HOLD, Override: Safe hold mode active
2025-05-28 04:01:45,894 - INFO - [AUDIT] - Action: 0, Confidence: 1.0000, Safety Mode: SAFE_HOLD, Override: Safe hold mode active
2025-05-28 04:01:45,894 - INFO - [AUDIT] - Action: 0, Confidence: 1.0000, Safety Mode: SAFE_HOLD, Override: Safe hold mode active
2025-05-28 04:01:45,894 - INFO - [AUDIT] - Action: 0, Confidence: 1.0000, Safety Mode: SAFE_HOLD, Override: Safe hold mode active
2025-05-28 04:01:45,894 - INFO - [AUDIT] - Action: 0, Confidence: 1.0000, Safety Mode: SAFE_HOLD, Override: Safe hold mode active
2025-05-28 04:01:45,894 - INFO - [AUDIT] - Action: 0, Confidence: 1.0000, Safety Mode: SAFE_HOLD, Override: Safe hold mode active
2025-05-28 04:01:45,895 - INFO - [AUDIT] - Action: 0, Confidence: 1.0000, Safety Mode: SAFE_HOLD, Override: Safe hold mode active
2025-05-28 04:01:45,895 - INFO - [AUDIT] - Action: 0, Confidence: 1.0000, Safety Mode: SAFE_HOLD, Override: Safe hold mode active
2025-05-28 04:01:45,895 - INFO - [AUDIT] - Action: 0, Confidence: 1.0000, Safety Mode: SAFE_HOLD, Override: Safe hold mode active
2025-05-28 04:01:45,895 - INFO - [AUDIT] - Action: 0, Confidence: 1.0000, Safety Mode: SAFE_HOLD, Override: Safe hold mode active
2025-05-28 04:01:45,895 - INFO - [AUDIT] - Action: 0, Confidence: 1.0000, Safety Mode: SAFE_HOLD, Override: Safe hold mode active
2025-05-28 04:01:45,896 - INFO - [AUDIT] - Action: 0, Confidence: 1.0000, Safety Mode: SAFE_HOLD, Override: Safe hold mode active
2025-05-28 04:01:45,896 - INFO - [AUDIT] - Action: 0, Confidence: 1.0000, Safety Mode: SAFE_HOLD, Override: Safe hold mode active
2025-05-28 04:01:45,896 - INFO - [AUDIT] - Action: 0, Confidence: 1.0000, Safety Mode: SAFE_HOLD, Override: Safe hold mode active
2025-05-28 04:01:45,896 - INFO - [AUDIT] - Action: 0, Confidence: 1.0000, Safety Mode: SAFE_HOLD, Override: Safe hold mode active
2025-05-28 04:01:45,896 - INFO - [AUDIT] - Action: 0, Confidence: 1.0000, Safety Mode: SAFE_HOLD, Override: Safe hold mode active
2025-05-28 04:01:45,897 - INFO - [AUDIT] - Action: 0, Confidence: 1.0000, Safety Mode: SAFE_HOLD, Override: Safe hold mode active
2025-05-28 04:01:45,897 - INFO - [AUDIT] - Action: 0, Confidence: 1.0000, Safety Mode: SAFE_HOLD, Override: Safe hold mode active
2025-05-28 04:01:45,897 - INFO - [AUDIT] - Action: 0, Confidence: 1.0000, Safety Mode: SAFE_HOLD, Override: Safe hold mode active
2025-05-28 04:01:45,897 - INFO - [AUDIT] - Action: 0, Confidence: 1.0000, Safety Mode: SAFE_HOLD, Override: Safe hold mode active
2025-05-28 04:01:45,897 - INFO - [AUDIT] - Action: 0, Confidence: 1.0000, Safety Mode: SAFE_HOLD, Override: Safe hold mode active
2025-05-28 04:01:45,897 - INFO - [AUDIT] - Action: 0, Confidence: 1.0000, Safety Mode: SAFE_HOLD, Override: Safe hold mode active
2025-05-28 04:01:45,898 - INFO - [AUDIT] - Action: 0, Confidence: 1.0000, Safety Mode: SAFE_HOLD, Override: Safe hold mode active
2025-05-28 04:01:45,898 - INFO - [AUDIT] - Action: 0, Confidence: 1.0000, Safety Mode: SAFE_HOLD, Override: Safe hold mode active
2025-05-28 04:01:45,898 - INFO - [AUDIT] - Action: 0, Confidence: 1.0000, Safety Mode: SAFE_HOLD, Override: Safe hold mode active
2025-05-28 04:01:45,898 - INFO - [AUDIT] - Action: 0, Confidence: 1.0000, Safety Mode: SAFE_HOLD, Override: Safe hold mode active
2025-05-28 04:01:45,898 - INFO - [AUDIT] - Action: 0, Confidence: 1.0000, Safety Mode: SAFE_HOLD, Override: Safe hold mode active
2025-05-28 04:01:45,899 - INFO - [AUDIT] - Action: 0, Confidence: 1.0000, Safety Mode: SAFE_HOLD, Override: Safe hold mode active
2025-05-28 04:01:45,899 - INFO - [AUDIT] - Action: 0, Confidence: 1.0000, Safety Mode: SAFE_HOLD, Override: Safe hold mode active
2025-05-28 04:01:45,899 - INFO - [AUDIT] - Action: 0, Confidence: 1.0000, Safety Mode: SAFE_HOLD, Override: Safe hold mode active
2025-05-28 04:01:45,899 - INFO - [AUDIT] - Action: 0, Confidence: 1.0000, Safety Mode: SAFE_HOLD, Override: Safe hold mode active
2025-05-28 04:01:45,899 - INFO - [AUDIT] - Action: 0, Confidence: 1.0000, Safety Mode: SAFE_HOLD, Override: Safe hold mode active
2025-05-28 04:01:45,900 - INFO - [AUDIT] - Action: 0, Confidence: 1.0000, Safety Mode: SAFE_HOLD, Override: Safe hold mode active
2025-05-28 04:01:45,900 - INFO - [AUDIT] - Action: 0, Confidence: 1.0000, Safety Mode: SAFE_HOLD, Override: Safe hold mode active
2025-05-28 04:01:45,900 - INFO - [AUDIT] - Action: 0, Confidence: 1.0000, Safety Mode: SAFE_HOLD, Override: Safe hold mode active
2025-05-28 04:01:45,900 - INFO - [AUDIT] - Action: 0, Confidence: 1.0000, Safety Mode: SAFE_HOLD, Override: Safe hold mode active
2025-05-28 04:01:45,900 - INFO - [AUDIT] - Action: 0, Confidence: 1.0000, Safety Mode: SAFE_HOLD, Override: Safe hold mode active
2025-05-28 04:01:45,901 - INFO - [AUDIT] - Action: 0, Confidence: 1.0000, Safety Mode: SAFE_HOLD, Override: Safe hold mode active
2025-05-28 04:01:45,901 - INFO - [AUDIT] - Action: 0, Confidence: 1.0000, Safety Mode: SAFE_HOLD, Override: Safe hold mode active
2025-05-28 04:01:45,901 - INFO - [AUDIT] - Action: 0, Confidence: 1.0000, Safety Mode: SAFE_HOLD, Override: Safe hold mode active
2025-05-28 04:01:45,901 - INFO - [AUDIT] - Action: 0, Confidence: 1.0000, Safety Mode: SAFE_HOLD, Override: Safe hold mode active
2025-05-28 04:01:45,902 - INFO - [AUDIT] - Action: 0, Confidence: 1.0000, Safety Mode: SAFE_HOLD, Override: Safe hold mode active
2025-05-28 04:01:45,902 - INFO - [AUDIT] - Action: 0, Confidence: 1.0000, Safety Mode: SAFE_HOLD, Override: Safe hold mode active
2025-05-28 04:01:45,902 - INFO - [AUDIT] - Action: 0, Confidence: 1.0000, Safety Mode: SAFE_HOLD, Override: Safe hold mode active
2025-05-28 04:01:45,902 - INFO - [AUDIT] - Action: 0, Confidence: 1.0000, Safety Mode: SAFE_HOLD, Override: Safe hold mode active
2025-05-28 04:01:45,902 - INFO - [AUDIT] - Action: 0, Confidence: 1.0000, Safety Mode: SAFE_HOLD, Override: Safe hold mode active
2025-05-28 04:01:45,903 - INFO - [AUDIT] - Action: 0, Confidence: 1.0000, Safety Mode: SAFE_HOLD, Override: Safe hold mode active
2025-05-28 04:01:45,903 - INFO - [AUDIT] - Action: 0, Confidence: 1.0000, Safety Mode: SAFE_HOLD, Override: Safe hold mode active
2025-05-28 04:01:45,903 - INFO - [AUDIT] - Action: 0, Confidence: 1.0000, Safety Mode: SAFE_HOLD, Override: Safe hold mode active
2025-05-28 04:01:45,903 - INFO - [AUDIT] - Action: 0, Confidence: 1.0000, Safety Mode: SAFE_HOLD, Override: Safe hold mode active
2025-05-28 04:01:45,903 - INFO - [AUDIT] - Action: 0, Confidence: 1.0000, Safety Mode: SAFE_HOLD, Override: Safe hold mode active
2025-05-28 04:01:45,904 - INFO - [AUDIT] - Action: 0, Confidence: 1.0000, Safety Mode: SAFE_HOLD, Override: Safe hold mode active
2025-05-28 04:01:45,904 - INFO - [AUDIT] - Action: 0, Confidence: 1.0000, Safety Mode: SAFE_HOLD, Override: Safe hold mode active
2025-05-28 04:01:45,904 - INFO - [AUDIT] - Action: 0, Confidence: 1.0000, Safety Mode: SAFE_HOLD, Override: Safe hold mode active
2025-05-28 04:01:45,904 - INFO - [AUDIT] - Action: 0, Confidence: 1.0000, Safety Mode: SAFE_HOLD, Override: Safe hold mode active
2025-05-28 04:01:45,904 - INFO - [AUDIT] - Action: 0, Confidence: 1.0000, Safety Mode: SAFE_HOLD, Override: Safe hold mode active
2025-05-28 04:01:45,905 - INFO - [AUDIT] - Action: 0, Confidence: 1.0000, Safety Mode: SAFE_HOLD, Override: Safe hold mode active
2025-05-28 04:01:45,905 - INFO - [AUDIT] - Action: 0, Confidence: 1.0000, Safety Mode: SAFE_HOLD, Override: Safe hold mode active
2025-05-28 04:01:45,905 - INFO - [AUDIT] - Action: 0, Confidence: 1.0000, Safety Mode: SAFE_HOLD, Override: Safe hold mode active
2025-05-28 04:01:45,905 - INFO - [AUDIT] - Action: 0, Confidence: 1.0000, Safety Mode: SAFE_HOLD, Override: Safe hold mode active
2025-05-28 04:01:45,905 - INFO - [AUDIT] - Action: 0, Confidence: 1.0000, Safety Mode: SAFE_HOLD, Override: Safe hold mode active
2025-05-28 04:01:45,906 - INFO - [AUDIT] - Action: 0, Confidence: 1.0000, Safety Mode: SAFE_HOLD, Override: Safe hold mode active
2025-05-28 04:01:45,906 - INFO - [AUDIT] - Action: 0, Confidence: 1.0000, Safety Mode: SAFE_HOLD, Override: Safe hold mode active
2025-05-28 04:01:45,906 - INFO - [AUDIT] - Action: 0, Confidence: 1.0000, Safety Mode: SAFE_HOLD, Override: Safe hold mode active
2025-05-28 04:01:45,906 - INFO - [AUDIT] - Action: 0, Confidence: 1.0000, Safety Mode: SAFE_HOLD, Override: Safe hold mode active
2025-05-28 04:01:45,906 - INFO - [AUDIT] - Action: 0, Confidence: 1.0000, Safety Mode: SAFE_HOLD, Override: Safe hold mode active
2025-05-28 04:01:45,907 - INFO - [AUDIT] - Action: 0, Confidence: 1.0000, Safety Mode: SAFE_HOLD, Override: Safe hold mode active
2025-05-28 04:01:45,907 - INFO - [AUDIT] - Action: 0, Confidence: 1.0000, Safety Mode: SAFE_HOLD, Override: Safe hold mode active
2025-05-28 04:01:45,907 - INFO - [AUDIT] - Action: 0, Confidence: 1.0000, Safety Mode: SAFE_HOLD, Override: Safe hold mode active
2025-05-28 04:01:45,907 - INFO - [AUDIT] - Action: 0, Confidence: 1.0000, Safety Mode: SAFE_HOLD, Override: Safe hold mode active
2025-05-28 04:01:45,907 - INFO - [AUDIT] - Action: 0, Confidence: 1.0000, Safety Mode: SAFE_HOLD, Override: Safe hold mode active
2025-05-28 04:01:45,908 - INFO - [AUDIT] - Action: 0, Confidence: 1.0000, Safety Mode: SAFE_HOLD, Override: Safe hold mode active
2025-05-28 04:01:45,908 - INFO - [AUDIT] - Action: 0, Confidence: 1.0000, Safety Mode: SAFE_HOLD, Override: Safe hold mode active
2025-05-28 04:01:45,908 - INFO - [AUDIT] - Action: 0, Confidence: 1.0000, Safety Mode: SAFE_HOLD, Override: Safe hold mode active
2025-05-28 04:01:45,908 - INFO - [AUDIT] - Action: 0, Confidence: 1.0000, Safety Mode: SAFE_HOLD, Override: Safe hold mode active
2025-05-28 04:01:45,908 - INFO - [AUDIT] - Action: 0, Confidence: 1.0000, Safety Mode: SAFE_HOLD, Override: Safe hold mode active
2025-05-28 04:01:45,909 - INFO - [AUDIT] - Action: 0, Confidence: 1.0000, Safety Mode: SAFE_HOLD, Override: Safe hold mode active
2025-05-28 04:01:45,909 - INFO - [AUDIT] - Action: 0, Confidence: 1.0000, Safety Mode: SAFE_HOLD, Override: Safe hold mode active
2025-05-28 04:01:45,909 - INFO - [AUDIT] - Action: 0, Confidence: 1.0000, Safety Mode: SAFE_HOLD, Override: Safe hold mode active
2025-05-28 04:01:45,909 - INFO - [AUDIT] - Action: 0, Confidence: 1.0000, Safety Mode: SAFE_HOLD, Override: Safe hold mode active
2025-05-28 04:01:45,909 - INFO - [AUDIT] - Action: 0, Confidence: 1.0000, Safety Mode: SAFE_HOLD, Override: Safe hold mode active
2025-05-28 04:01:45,909 - INFO - [AUDIT] - Action: 0, Confidence: 1.0000, Safety Mode: SAFE_HOLD, Override: Safe hold mode active
2025-05-28 04:01:45,910 - INFO - [AUDIT] - Action: 0, Confidence: 1.0000, Safety Mode: SAFE_HOLD, Override: Safe hold mode active
2025-05-28 04:01:45,910 - INFO - [AUDIT] - Action: 0, Confidence: 1.0000, Safety Mode: SAFE_HOLD, Override: Safe hold mode active
2025-05-28 04:01:45,910 - INFO - [AUDIT] - Action: 0, Confidence: 1.0000, Safety Mode: SAFE_HOLD, Override: Safe hold mode active
2025-05-28 04:01:45,910 - INFO - [AUDIT] - Action: 0, Confidence: 1.0000, Safety Mode: SAFE_HOLD, Override: Safe hold mode active
2025-05-28 04:01:45,910 - INFO - [AUDIT] - Action: 0, Confidence: 1.0000, Safety Mode: SAFE_HOLD, Override: Safe hold mode active
2025-05-28 04:01:45,911 - INFO - [AUDIT] - Action: 0, Confidence: 1.0000, Safety Mode: SAFE_HOLD, Override: Safe hold mode active
2025-05-28 04:01:45,911 - INFO - [AUDIT] - Action: 0, Confidence: 1.0000, Safety Mode: SAFE_HOLD, Override: Safe hold mode active
2025-05-28 04:01:45,911 - INFO - [AUDIT] - Action: 0, Confidence: 1.0000, Safety Mode: SAFE_HOLD, Override: Safe hold mode active
2025-05-28 04:01:45,911 - INFO - [AUDIT] - Action: 0, Confidence: 1.0000, Safety Mode: SAFE_HOLD, Override: Safe hold mode active
2025-05-28 04:01:45,911 - INFO - [AUDIT] - Action: 0, Confidence: 1.0000, Safety Mode: SAFE_HOLD, Override: Safe hold mode active
2025-05-28 04:01:45,912 - INFO - [AUDIT] - Action: 0, Confidence: 1.0000, Safety Mode: SAFE_HOLD, Override: Safe hold mode active
2025-05-28 04:01:45,912 - INFO - [AUDIT] - Action: 0, Confidence: 1.0000, Safety Mode: SAFE_HOLD, Override: Safe hold mode active
2025-05-28 04:01:45,912 - INFO - [AUDIT] - Action: 0, Confidence: 1.0000, Safety Mode: SAFE_HOLD, Override: Safe hold mode active
2025-05-28 04:01:45,912 - INFO - [AUDIT] - Action: 0, Confidence: 1.0000, Safety Mode: SAFE_HOLD, Override: Safe hold mode active
2025-05-28 04:01:45,912 - INFO - [AUDIT] - Action: 0, Confidence: 1.0000, Safety Mode: SAFE_HOLD, Override: Safe hold mode active
2025-05-28 04:01:45,913 - INFO - [AUDIT] - Action: 0, Confidence: 1.0000, Safety Mode: SAFE_HOLD, Override: Safe hold mode active
2025-05-28 04:01:45,913 - INFO - [AUDIT] - Action: 0, Confidence: 1.0000, Safety Mode: SAFE_HOLD, Override: Safe hold mode active
2025-05-28 04:01:45,913 - INFO - [AUDIT] - Action: 0, Confidence: 1.0000, Safety Mode: SAFE_HOLD, Override: Safe hold mode active
2025-05-28 04:01:45,913 - INFO - [AUDIT] - Action: 0, Confidence: 1.0000, Safety Mode: SAFE_HOLD, Override: Safe hold mode active
2025-05-28 04:01:45,913 - INFO - [AUDIT] - Action: 0, Confidence: 1.0000, Safety Mode: SAFE_HOLD, Override: Safe hold mode active
2025-05-28 04:01:45,913 - INFO - [AUDIT] - Action: 0, Confidence: 1.0000, Safety Mode: SAFE_HOLD, Override: Safe hold mode active
2025-05-28 04:01:45,914 - INFO - [AUDIT] - Action: 0, Confidence: 1.0000, Safety Mode: SAFE_HOLD, Override: Safe hold mode active
2025-05-28 04:01:45,914 - INFO - [AUDIT] - Action: 0, Confidence: 1.0000, Safety Mode: SAFE_HOLD, Override: Safe hold mode active
2025-05-28 04:01:45,914 - INFO - [AUDIT] - Action: 0, Confidence: 1.0000, Safety Mode: SAFE_HOLD, Override: Safe hold mode active
2025-05-28 04:01:45,914 - INFO - [AUDIT] - Action: 0, Confidence: 1.0000, Safety Mode: SAFE_HOLD, Override: Safe hold mode active
2025-05-28 04:01:45,914 - INFO - [AUDIT] - Action: 0, Confidence: 1.0000, Safety Mode: SAFE_HOLD, Override: Safe hold mode active
2025-05-28 04:01:45,915 - INFO - [AUDIT] - Action: 0, Confidence: 1.0000, Safety Mode: SAFE_HOLD, Override: Safe hold mode active
2025-05-28 04:01:45,915 - INFO - [AUDIT] - Action: 0, Confidence: 1.0000, Safety Mode: SAFE_HOLD, Override: Safe hold mode active
2025-05-28 04:01:45,915 - INFO - [AUDIT] - Action: 0, Confidence: 1.0000, Safety Mode: SAFE_HOLD, Override: Safe hold mode active
2025-05-28 04:01:45,915 - INFO - [AUDIT] - Action: 0, Confidence: 1.0000, Safety Mode: SAFE_HOLD, Override: Safe hold mode active
2025-05-28 04:01:45,915 - INFO - [AUDIT] - Action: 0, Confidence: 1.0000, Safety Mode: SAFE_HOLD, Override: Safe hold mode active
2025-05-28 04:01:45,916 - INFO - [AUDIT] - Action: 0, Confidence: 1.0000, Safety Mode: SAFE_HOLD, Override: Safe hold mode active
2025-05-28 04:01:45,916 - INFO - [AUDIT] - Action: 0, Confidence: 1.0000, Safety Mode: SAFE_HOLD, Override: Safe hold mode active
2025-05-28 04:01:45,916 - INFO - [AUDIT] - Action: 0, Confidence: 1.0000, Safety Mode: SAFE_HOLD, Override: Safe hold mode active
2025-05-28 04:01:45,916 - INFO - [AUDIT] - Action: 0, Confidence: 1.0000, Safety Mode: SAFE_HOLD, Override: Safe hold mode active
2025-05-28 04:01:45,916 - INFO - [AUDIT] - Action: 0, Confidence: 1.0000, Safety Mode: SAFE_HOLD, Override: Safe hold mode active
2025-05-28 04:01:45,916 - INFO - [AUDIT] - Action: 0, Confidence: 1.0000, Safety Mode: SAFE_HOLD, Override: Safe hold mode active
2025-05-28 04:01:45,917 - INFO - [AUDIT] - Action: 0, Confidence: 1.0000, Safety Mode: SAFE_HOLD, Override: Safe hold mode active
2025-05-28 04:01:45,917 - INFO - [AUDIT] - Action: 0, Confidence: 1.0000, Safety Mode: SAFE_HOLD, Override: Safe hold mode active
2025-05-28 04:01:45,917 - INFO - [AUDIT] - Action: 0, Confidence: 1.0000, Safety Mode: SAFE_HOLD, Override: Safe hold mode active
2025-05-28 04:01:45,917 - INFO - [AUDIT] - Action: 0, Confidence: 1.0000, Safety Mode: SAFE_HOLD, Override: Safe hold mode active
2025-05-28 04:01:45,918 - INFO - [AUDIT] - Action: 0, Confidence: 1.0000, Safety Mode: SAFE_HOLD, Override: Safe hold mode active
2025-05-28 04:01:45,918 - INFO - [AUDIT] - Action: 0, Confidence: 1.0000, Safety Mode: SAFE_HOLD, Override: Safe hold mode active
2025-05-28 04:01:45,918 - INFO - [AUDIT] - Action: 0, Confidence: 1.0000, Safety Mode: SAFE_HOLD, Override: Safe hold mode active
2025-05-28 04:01:45,918 - INFO - [AUDIT] - Action: 0, Confidence: 1.0000, Safety Mode: SAFE_HOLD, Override: Safe hold mode active
2025-05-28 04:01:45,918 - INFO - [AUDIT] - Action: 0, Confidence: 1.0000, Safety Mode: SAFE_HOLD, Override: Safe hold mode active
2025-05-28 04:01:45,919 - INFO - [AUDIT] - Action: 0, Confidence: 1.0000, Safety Mode: SAFE_HOLD, Override: Safe hold mode active
2025-05-28 04:01:45,919 - INFO - [AUDIT] - Action: 0, Confidence: 1.0000, Safety Mode: SAFE_HOLD, Override: Safe hold mode active
2025-05-28 04:01:45,919 - INFO - [AUDIT] - Action: 0, Confidence: 1.0000, Safety Mode: SAFE_HOLD, Override: Safe hold mode active
2025-05-28 04:01:45,919 - INFO - [AUDIT] - Action: 0, Confidence: 1.0000, Safety Mode: SAFE_HOLD, Override: Safe hold mode active
2025-05-28 04:01:45,919 - INFO - [AUDIT] - Action: 0, Confidence: 1.0000, Safety Mode: SAFE_HOLD, Override: Safe hold mode active
2025-05-28 04:01:45,920 - INFO - [AUDIT] - Action: 0, Confidence: 1.0000, Safety Mode: SAFE_HOLD, Override: Safe hold mode active
2025-05-28 04:01:45,920 - INFO - [AUDIT] - Action: 0, Confidence: 1.0000, Safety Mode: SAFE_HOLD, Override: Safe hold mode active
2025-05-28 04:01:45,920 - INFO - [AUDIT] - Action: 0, Confidence: 1.0000, Safety Mode: SAFE_HOLD, Override: Safe hold mode active
2025-05-28 04:01:45,920 - INFO - [AUDIT] - Action: 0, Confidence: 1.0000, Safety Mode: SAFE_HOLD, Override: Safe hold mode active
2025-05-28 04:01:45,920 - INFO - [AUDIT] - Action: 0, Confidence: 1.0000, Safety Mode: SAFE_HOLD, Override: Safe hold mode active
2025-05-28 04:01:45,920 - INFO - [AUDIT] - Action: 0, Confidence: 1.0000, Safety Mode: SAFE_HOLD, Override: Safe hold mode active
2025-05-28 04:01:45,921 - INFO - [AUDIT] - Action: 0, Confidence: 1.0000, Safety Mode: SAFE_HOLD, Override: Safe hold mode active
2025-05-28 04:01:45,921 - INFO - [AUDIT] - Action: 0, Confidence: 1.0000, Safety Mode: SAFE_HOLD, Override: Safe hold mode active
2025-05-28 04:01:45,921 - INFO - [AUDIT] - Action: 0, Confidence: 1.0000, Safety Mode: SAFE_HOLD, Override: Safe hold mode active
2025-05-28 04:01:45,921 - INFO - [AUDIT] - Action: 0, Confidence: 1.0000, Safety Mode: SAFE_HOLD, Override: Safe hold mode active
2025-05-28 04:01:45,921 - INFO - [AUDIT] - Action: 0, Confidence: 1.0000, Safety Mode: SAFE_HOLD, Override: Safe hold mode active
2025-05-28 04:01:45,922 - INFO - [AUDIT] - Action: 0, Confidence: 1.0000, Safety Mode: SAFE_HOLD, Override: Safe hold mode active
2025-05-28 04:01:45,922 - INFO - [AUDIT] - Action: 0, Confidence: 1.0000, Safety Mode: SAFE_HOLD, Override: Safe hold mode active
2025-05-28 04:01:45,922 - INFO - [AUDIT] - Action: 0, Confidence: 1.0000, Safety Mode: SAFE_HOLD, Override: Safe hold mode active
2025-05-28 04:01:45,922 - INFO - [AUDIT] - Action: 0, Confidence: 1.0000, Safety Mode: SAFE_HOLD, Override: Safe hold mode active
2025-05-28 04:01:45,922 - INFO - [AUDIT] - Action: 0, Confidence: 1.0000, Safety Mode: SAFE_HOLD, Override: Safe hold mode active
2025-05-28 04:01:45,923 - INFO - [AUDIT] - Action: 0, Confidence: 1.0000, Safety Mode: SAFE_HOLD, Override: Safe hold mode active
2025-05-28 04:01:45,923 - INFO - [AUDIT] - Action: 0, Confidence: 1.0000, Safety Mode: SAFE_HOLD, Override: Safe hold mode active
2025-05-28 04:01:45,923 - INFO - [AUDIT] - Action: 0, Confidence: 1.0000, Safety Mode: SAFE_HOLD, Override: Safe hold mode active
2025-05-28 04:01:45,923 - INFO - [AUDIT] - Action: 0, Confidence: 1.0000, Safety Mode: SAFE_HOLD, Override: Safe hold mode active
2025-05-28 04:01:45,923 - INFO - [AUDIT] - Action: 0, Confidence: 1.0000, Safety Mode: SAFE_HOLD, Override: Safe hold mode active
2025-05-28 04:01:45,924 - INFO - [AUDIT] - Action: 0, Confidence: 1.0000, Safety Mode: SAFE_HOLD, Override: Safe hold mode active
2025-05-28 04:01:45,924 - INFO - [AUDIT] - Action: 0, Confidence: 1.0000, Safety Mode: SAFE_HOLD, Override: Safe hold mode active
2025-05-28 04:01:45,924 - INFO - [AUDIT] - Action: 0, Confidence: 1.0000, Safety Mode: SAFE_HOLD, Override: Safe hold mode active
2025-05-28 04:01:45,924 - INFO - [AUDIT] - Action: 0, Confidence: 1.0000, Safety Mode: SAFE_HOLD, Override: Safe hold mode active
2025-05-28 04:01:45,924 - INFO - [AUDIT] - Action: 0, Confidence: 1.0000, Safety Mode: SAFE_HOLD, Override: Safe hold mode active
2025-05-28 04:01:45,924 - INFO - [AUDIT] - Action: 0, Confidence: 1.0000, Safety Mode: SAFE_HOLD, Override: Safe hold mode active
2025-05-28 04:01:45,925 - INFO - [AUDIT] - Action: 0, Confidence: 1.0000, Safety Mode: SAFE_HOLD, Override: Safe hold mode active
2025-05-28 04:01:45,925 - INFO - [AUDIT] - Action: 0, Confidence: 1.0000, Safety Mode: SAFE_HOLD, Override: Safe hold mode active
2025-05-28 04:01:45,925 - INFO - [AUDIT] - Action: 0, Confidence: 1.0000, Safety Mode: SAFE_HOLD, Override: Safe hold mode active
2025-05-28 04:01:45,925 - INFO - [AUDIT] - Action: 0, Confidence: 1.0000, Safety Mode: SAFE_HOLD, Override: Safe hold mode active
2025-05-28 04:01:45,925 - INFO - [AUDIT] - Action: 0, Confidence: 1.0000, Safety Mode: SAFE_HOLD, Override: Safe hold mode active
2025-05-28 04:01:45,926 - INFO - [AUDIT] - Action: 0, Confidence: 1.0000, Safety Mode: SAFE_HOLD, Override: Safe hold mode active
2025-05-28 04:01:45,926 - INFO - [AUDIT] - Action: 0, Confidence: 1.0000, Safety Mode: SAFE_HOLD, Override: Safe hold mode active
2025-05-28 04:01:45,926 - INFO - [AUDIT] - Action: 0, Confidence: 1.0000, Safety Mode: SAFE_HOLD, Override: Safe hold mode active
2025-05-28 04:01:45,926 - INFO - [AUDIT] - Action: 0, Confidence: 1.0000, Safety Mode: SAFE_HOLD, Override: Safe hold mode active
2025-05-28 04:01:45,926 - INFO - [AUDIT] - Action: 0, Confidence: 1.0000, Safety Mode: SAFE_HOLD, Override: Safe hold mode active
2025-05-28 04:01:45,927 - INFO - [AUDIT] - Action: 0, Confidence: 1.0000, Safety Mode: SAFE_HOLD, Override: Safe hold mode active
2025-05-28 04:01:45,927 - INFO - [AUDIT] - Action: 0, Confidence: 1.0000, Safety Mode: SAFE_HOLD, Override: Safe hold mode active
2025-05-28 04:01:45,927 - INFO - [AUDIT] - Action: 0, Confidence: 1.0000, Safety Mode: SAFE_HOLD, Override: Safe hold mode active
2025-05-28 04:01:45,927 - INFO - [AUDIT] - Action: 0, Confidence: 1.0000, Safety Mode: SAFE_HOLD, Override: Safe hold mode active
2025-05-28 04:01:45,927 - INFO - [AUDIT] - Action: 0, Confidence: 1.0000, Safety Mode: SAFE_HOLD, Override: Safe hold mode active
2025-05-28 04:01:45,928 - INFO - [AUDIT] - Action: 0, Confidence: 1.0000, Safety Mode: SAFE_HOLD, Override: Safe hold mode active
2025-05-28 04:01:45,928 - INFO - [AUDIT] - Action: 0, Confidence: 1.0000, Safety Mode: SAFE_HOLD, Override: Safe hold mode active
2025-05-28 04:01:45,928 - INFO - [AUDIT] - Action: 0, Confidence: 1.0000, Safety Mode: SAFE_HOLD, Override: Safe hold mode active
2025-05-28 04:01:45,928 - INFO - [AUDIT] - Action: 0, Confidence: 1.0000, Safety Mode: SAFE_HOLD, Override: Safe hold mode active
2025-05-28 04:01:45,928 - INFO - [AUDIT] - Action: 0, Confidence: 1.0000, Safety Mode: SAFE_HOLD, Override: Safe hold mode active
2025-05-28 04:01:45,929 - INFO - [AUDIT] - Action: 0, Confidence: 1.0000, Safety Mode: SAFE_HOLD, Override: Safe hold mode active
2025-05-28 04:01:45,929 - INFO - [AUDIT] - Action: 0, Confidence: 1.0000, Safety Mode: SAFE_HOLD, Override: Safe hold mode active
2025-05-28 04:01:45,929 - INFO - [AUDIT] - Action: 0, Confidence: 1.0000, Safety Mode: SAFE_HOLD, Override: Safe hold mode active
2025-05-28 04:01:45,929 - INFO - [AUDIT] - Action: 0, Confidence: 1.0000, Safety Mode: SAFE_HOLD, Override: Safe hold mode active
2025-05-28 04:01:45,929 - INFO - [AUDIT] - Action: 0, Confidence: 1.0000, Safety Mode: SAFE_HOLD, Override: Safe hold mode active
2025-05-28 04:01:45,929 - INFO - [AUDIT] - Action: 0, Confidence: 1.0000, Safety Mode: SAFE_HOLD, Override: Safe hold mode active
2025-05-28 04:01:45,930 - INFO - [AUDIT] - Action: 0, Confidence: 1.0000, Safety Mode: SAFE_HOLD, Override: Safe hold mode active
2025-05-28 04:01:45,930 - INFO - [AUDIT] - Action: 0, Confidence: 1.0000, Safety Mode: SAFE_HOLD, Override: Safe hold mode active
2025-05-28 04:01:45,930 - INFO - [AUDIT] - Action: 0, Confidence: 1.0000, Safety Mode: SAFE_HOLD, Override: Safe hold mode active
2025-05-28 04:01:45,930 - INFO - [AUDIT] - Action: 0, Confidence: 1.0000, Safety Mode: SAFE_HOLD, Override: Safe hold mode active
2025-05-28 04:01:45,930 - INFO - [AUDIT] - Action: 0, Confidence: 1.0000, Safety Mode: SAFE_HOLD, Override: Safe hold mode active
2025-05-28 04:01:45,931 - INFO - [AUDIT] - Action: 0, Confidence: 1.0000, Safety Mode: SAFE_HOLD, Override: Safe hold mode active
2025-05-28 04:01:45,931 - INFO - [AUDIT] - Action: 0, Confidence: 1.0000, Safety Mode: SAFE_HOLD, Override: Safe hold mode active
2025-05-28 04:01:45,931 - INFO - [AUDIT] - Action: 0, Confidence: 1.0000, Safety Mode: SAFE_HOLD, Override: Safe hold mode active
2025-05-28 04:01:45,931 - INFO - [AUDIT] - Action: 0, Confidence: 1.0000, Safety Mode: SAFE_HOLD, Override: Safe hold mode active
2025-05-28 04:01:45,931 - INFO - [AUDIT] - Action: 0, Confidence: 1.0000, Safety Mode: SAFE_HOLD, Override: Safe hold mode active
2025-05-28 04:01:45,932 - INFO - [AUDIT] - Action: 0, Confidence: 1.0000, Safety Mode: SAFE_HOLD, Override: Safe hold mode active
2025-05-28 04:01:45,932 - INFO - [AUDIT] - Action: 0, Confidence: 1.0000, Safety Mode: SAFE_HOLD, Override: Safe hold mode active
2025-05-28 04:01:45,932 - INFO - [AUDIT] - Action: 0, Confidence: 1.0000, Safety Mode: SAFE_HOLD, Override: Safe hold mode active
2025-05-28 04:01:45,932 - INFO - [AUDIT] - Action: 0, Confidence: 1.0000, Safety Mode: SAFE_HOLD, Override: Safe hold mode active
2025-05-28 04:01:45,932 - INFO - [AUDIT] - Action: 0, Confidence: 1.0000, Safety Mode: SAFE_HOLD, Override: Safe hold mode active
2025-05-28 04:01:45,932 - INFO - [AUDIT] - Action: 0, Confidence: 1.0000, Safety Mode: SAFE_HOLD, Override: Safe hold mode active
2025-05-28 04:01:45,933 - INFO - [AUDIT] - Action: 0, Confidence: 1.0000, Safety Mode: SAFE_HOLD, Override: Safe hold mode active
2025-05-28 04:01:45,933 - INFO - [AUDIT] - Action: 0, Confidence: 1.0000, Safety Mode: SAFE_HOLD, Override: Safe hold mode active
2025-05-28 04:01:45,933 - INFO - [AUDIT] - Action: 0, Confidence: 1.0000, Safety Mode: SAFE_HOLD, Override: Safe hold mode active
2025-05-28 04:01:45,933 - INFO - [AUDIT] - Action: 0, Confidence: 1.0000, Safety Mode: SAFE_HOLD, Override: Safe hold mode active
2025-05-28 04:01:45,934 - INFO - [AUDIT] - Action: 0, Confidence: 1.0000, Safety Mode: SAFE_HOLD, Override: Safe hold mode active
2025-05-28 04:01:45,934 - INFO - [AUDIT] - Action: 0, Confidence: 1.0000, Safety Mode: SAFE_HOLD, Override: Safe hold mode active
2025-05-28 04:01:45,934 - INFO - [AUDIT] - Action: 0, Confidence: 1.0000, Safety Mode: SAFE_HOLD, Override: Safe hold mode active
2025-05-28 04:01:45,934 - INFO - [AUDIT] - Action: 0, Confidence: 1.0000, Safety Mode: SAFE_HOLD, Override: Safe hold mode active
2025-05-28 04:01:45,934 - INFO - [AUDIT] - Action: 0, Confidence: 1.0000, Safety Mode: SAFE_HOLD, Override: Safe hold mode active
2025-05-28 04:01:45,935 - INFO - [AUDIT] - Action: 0, Confidence: 1.0000, Safety Mode: SAFE_HOLD, Override: Safe hold mode active
2025-05-28 04:01:45,935 - INFO - [AUDIT] - Action: 0, Confidence: 1.0000, Safety Mode: SAFE_HOLD, Override: Safe hold mode active
2025-05-28 04:01:45,935 - INFO - [AUDIT] - Action: 0, Confidence: 1.0000, Safety Mode: SAFE_HOLD, Override: Safe hold mode active
2025-05-28 04:01:45,935 - INFO - [AUDIT] - Action: 0, Confidence: 1.0000, Safety Mode: SAFE_HOLD, Override: Safe hold mode active
2025-05-28 04:01:45,935 - INFO - [AUDIT] - Action: 0, Confidence: 1.0000, Safety Mode: SAFE_HOLD, Override: Safe hold mode active
2025-05-28 04:01:45,935 - INFO - [AUDIT] - Action: 0, Confidence: 1.0000, Safety Mode: SAFE_HOLD, Override: Safe hold mode active
2025-05-28 04:01:45,936 - INFO - [AUDIT] - Action: 0, Confidence: 1.0000, Safety Mode: SAFE_HOLD, Override: Safe hold mode active
2025-05-28 04:01:45,936 - INFO - [AUDIT] - Action: 0, Confidence: 1.0000, Safety Mode: SAFE_HOLD, Override: Safe hold mode active
2025-05-28 04:01:45,936 - INFO - [AUDIT] - Action: 0, Confidence: 1.0000, Safety Mode: SAFE_HOLD, Override: Safe hold mode active
2025-05-28 04:01:45,936 - INFO - [AUDIT] - Action: 0, Confidence: 1.0000, Safety Mode: SAFE_HOLD, Override: Safe hold mode active
2025-05-28 04:01:45,936 - INFO - [AUDIT] - Action: 0, Confidence: 1.0000, Safety Mode: SAFE_HOLD, Override: Safe hold mode active
2025-05-28 04:01:45,937 - INFO - [AUDIT] - Action: 0, Confidence: 1.0000, Safety Mode: SAFE_HOLD, Override: Safe hold mode active
2025-05-28 04:01:45,937 - INFO - [AUDIT] - Action: 0, Confidence: 1.0000, Safety Mode: SAFE_HOLD, Override: Safe hold mode active
2025-05-28 04:01:45,937 - INFO - [AUDIT] - Action: 0, Confidence: 1.0000, Safety Mode: SAFE_HOLD, Override: Safe hold mode active
2025-05-28 04:01:45,937 - INFO - [AUDIT] - Action: 0, Confidence: 1.0000, Safety Mode: SAFE_HOLD, Override: Safe hold mode active
2025-05-28 04:01:45,937 - INFO - [AUDIT] - Action: 0, Confidence: 1.0000, Safety Mode: SAFE_HOLD, Override: Safe hold mode active
2025-05-28 04:01:45,938 - INFO - [AUDIT] - Action: 0, Confidence: 1.0000, Safety Mode: SAFE_HOLD, Override: Safe hold mode active
2025-05-28 04:01:45,938 - INFO - [AUDIT] - Action: 0, Confidence: 1.0000, Safety Mode: SAFE_HOLD, Override: Safe hold mode active
2025-05-28 04:01:45,938 - INFO - [AUDIT] - Action: 0, Confidence: 1.0000, Safety Mode: SAFE_HOLD, Override: Safe hold mode active
2025-05-28 04:01:45,938 - INFO - [AUDIT] - Action: 0, Confidence: 1.0000, Safety Mode: SAFE_HOLD, Override: Safe hold mode active
2025-05-28 04:01:45,938 - INFO - [AUDIT] - Action: 0, Confidence: 1.0000, Safety Mode: SAFE_HOLD, Override: Safe hold mode active
2025-05-28 04:01:45,939 - INFO - [AUDIT] - Action: 0, Confidence: 1.0000, Safety Mode: SAFE_HOLD, Override: Safe hold mode active
2025-05-28 04:01:45,939 - INFO - [AUDIT] - Action: 0, Confidence: 1.0000, Safety Mode: SAFE_HOLD, Override: Safe hold mode active
2025-05-28 04:01:45,939 - INFO - [AUDIT] - Action: 0, Confidence: 1.0000, Safety Mode: SAFE_HOLD, Override: Safe hold mode active
2025-05-28 04:01:45,939 - INFO - [AUDIT] - Action: 0, Confidence: 1.0000, Safety Mode: SAFE_HOLD, Override: Safe hold mode active
2025-05-28 04:01:45,939 - INFO - [AUDIT] - Action: 0, Confidence: 1.0000, Safety Mode: SAFE_HOLD, Override: Safe hold mode active
2025-05-28 04:01:45,939 - INFO - [AUDIT] - Action: 0, Confidence: 1.0000, Safety Mode: SAFE_HOLD, Override: Safe hold mode active
2025-05-28 04:01:45,940 - INFO - [AUDIT] - Action: 0, Confidence: 1.0000, Safety Mode: SAFE_HOLD, Override: Safe hold mode active
2025-05-28 04:01:45,940 - INFO - [AUDIT] - Action: 0, Confidence: 1.0000, Safety Mode: SAFE_HOLD, Override: Safe hold mode active
2025-05-28 04:01:45,940 - INFO - [AUDIT] - Action: 0, Confidence: 1.0000, Safety Mode: SAFE_HOLD, Override: Safe hold mode active
2025-05-28 04:01:45,940 - INFO - [AUDIT] - Action: 0, Confidence: 1.0000, Safety Mode: SAFE_HOLD, Override: Safe hold mode active
2025-05-28 04:01:45,940 - INFO - [AUDIT] - Action: 0, Confidence: 1.0000, Safety Mode: SAFE_HOLD, Override: Safe hold mode active
2025-05-28 04:01:45,941 - INFO - [AUDIT] - Action: 0, Confidence: 1.0000, Safety Mode: SAFE_HOLD, Override: Safe hold mode active
2025-05-28 04:01:45,941 - INFO - [AUDIT] - Action: 0, Confidence: 1.0000, Safety Mode: SAFE_HOLD, Override: Safe hold mode active
2025-05-28 04:01:45,941 - INFO - [AUDIT] - Action: 0, Confidence: 1.0000, Safety Mode: SAFE_HOLD, Override: Safe hold mode active
2025-05-28 04:01:45,941 - INFO - [AUDIT] - Action: 0, Confidence: 1.0000, Safety Mode: SAFE_HOLD, Override: Safe hold mode active
2025-05-28 04:01:45,941 - INFO - [AUDIT] - Action: 0, Confidence: 1.0000, Safety Mode: SAFE_HOLD, Override: Safe hold mode active
2025-05-28 04:01:45,941 - INFO - [AUDIT] - Action: 0, Confidence: 1.0000, Safety Mode: SAFE_HOLD, Override: Safe hold mode active
2025-05-28 04:01:45,942 - INFO - [AUDIT] - Action: 0, Confidence: 1.0000, Safety Mode: SAFE_HOLD, Override: Safe hold mode active
2025-05-28 04:01:45,942 - INFO - [AUDIT] - Action: 0, Confidence: 1.0000, Safety Mode: SAFE_HOLD, Override: Safe hold mode active
2025-05-28 04:01:45,942 - INFO - [AUDIT] - Action: 0, Confidence: 1.0000, Safety Mode: SAFE_HOLD, Override: Safe hold mode active
2025-05-28 04:01:45,942 - INFO - [AUDIT] - Action: 0, Confidence: 1.0000, Safety Mode: SAFE_HOLD, Override: Safe hold mode active
2025-05-28 04:01:45,943 - INFO - [AUDIT] - Action: 0, Confidence: 1.0000, Safety Mode: SAFE_HOLD, Override: Safe hold mode active
2025-05-28 04:01:45,943 - INFO - [AUDIT] - Action: 0, Confidence: 1.0000, Safety Mode: SAFE_HOLD, Override: Safe hold mode active
2025-05-28 04:01:45,943 - INFO - [AUDIT] - Action: 0, Confidence: 1.0000, Safety Mode: SAFE_HOLD, Override: Safe hold mode active
2025-05-28 04:01:45,943 - INFO - [AUDIT] - Action: 0, Confidence: 1.0000, Safety Mode: SAFE_HOLD, Override: Safe hold mode active
2025-05-28 04:01:45,943 - INFO - [AUDIT] - Action: 0, Confidence: 1.0000, Safety Mode: SAFE_HOLD, Override: Safe hold mode active
2025-05-28 04:01:45,944 - INFO - [AUDIT] - Action: 0, Confidence: 1.0000, Safety Mode: SAFE_HOLD, Override: Safe hold mode active
2025-05-28 04:01:45,944 - INFO - [AUDIT] - Action: 0, Confidence: 1.0000, Safety Mode: SAFE_HOLD, Override: Safe hold mode active
2025-05-28 04:01:45,944 - INFO - [AUDIT] - Action: 0, Confidence: 1.0000, Safety Mode: SAFE_HOLD, Override: Safe hold mode active
2025-05-28 04:01:45,944 - INFO - [AUDIT] - Action: 0, Confidence: 1.0000, Safety Mode: SAFE_HOLD, Override: Safe hold mode active
2025-05-28 04:01:45,944 - INFO - [AUDIT] - Action: 0, Confidence: 1.0000, Safety Mode: SAFE_HOLD, Override: Safe hold mode active
2025-05-28 04:01:45,945 - INFO - [AUDIT] - Action: 0, Confidence: 1.0000, Safety Mode: SAFE_HOLD, Override: Safe hold mode active
2025-05-28 04:01:45,945 - INFO - [AUDIT] - Action: 0, Confidence: 1.0000, Safety Mode: SAFE_HOLD, Override: Safe hold mode active
2025-05-28 04:01:45,945 - INFO - [AUDIT] - Action: 0, Confidence: 1.0000, Safety Mode: SAFE_HOLD, Override: Safe hold mode active
2025-05-28 04:01:45,945 - INFO - [AUDIT] - Action: 0, Confidence: 1.0000, Safety Mode: SAFE_HOLD, Override: Safe hold mode active
2025-05-28 04:01:45,945 - INFO - [AUDIT] - Action: 0, Confidence: 1.0000, Safety Mode: SAFE_HOLD, Override: Safe hold mode active
2025-05-28 04:01:45,946 - INFO - [AUDIT] - Action: 0, Confidence: 1.0000, Safety Mode: SAFE_HOLD, Override: Safe hold mode active
2025-05-28 04:01:45,946 - INFO - [AUDIT] - Action: 0, Confidence: 1.0000, Safety Mode: SAFE_HOLD, Override: Safe hold mode active
2025-05-28 04:01:45,946 - INFO - [AUDIT] - Action: 0, Confidence: 1.0000, Safety Mode: SAFE_HOLD, Override: Safe hold mode active
2025-05-28 04:01:45,946 - INFO - [AUDIT] - Action: 0, Confidence: 1.0000, Safety Mode: SAFE_HOLD, Override: Safe hold mode active
2025-05-28 04:01:45,946 - INFO - [AUDIT] - Action: 0, Confidence: 1.0000, Safety Mode: SAFE_HOLD, Override: Safe hold mode active
2025-05-28 04:01:45,947 - INFO - [AUDIT] - Action: 0, Confidence: 1.0000, Safety Mode: SAFE_HOLD, Override: Safe hold mode active
2025-05-28 04:01:45,947 - INFO - [AUDIT] - Action: 0, Confidence: 1.0000, Safety Mode: SAFE_HOLD, Override: Safe hold mode active
2025-05-28 04:01:45,947 - INFO - [AUDIT] - Action: 0, Confidence: 1.0000, Safety Mode: SAFE_HOLD, Override: Safe hold mode active
2025-05-28 04:01:45,947 - INFO - [AUDIT] - Action: 0, Confidence: 1.0000, Safety Mode: SAFE_HOLD, Override: Safe hold mode active
2025-05-28 04:01:45,947 - INFO - [AUDIT] - Action: 0, Confidence: 1.0000, Safety Mode: SAFE_HOLD, Override: Safe hold mode active
2025-05-28 04:01:45,947 - INFO - [AUDIT] - Action: 0, Confidence: 1.0000, Safety Mode: SAFE_HOLD, Override: Safe hold mode active
2025-05-28 04:01:45,948 - INFO - [AUDIT] - Action: 0, Confidence: 1.0000, Safety Mode: SAFE_HOLD, Override: Safe hold mode active
2025-05-28 04:01:45,948 - INFO - [AUDIT] - Action: 0, Confidence: 1.0000, Safety Mode: SAFE_HOLD, Override: Safe hold mode active
2025-05-28 04:01:45,948 - INFO - [AUDIT] - Action: 0, Confidence: 1.0000, Safety Mode: SAFE_HOLD, Override: Safe hold mode active
2025-05-28 04:01:45,948 - INFO - [AUDIT] - Action: 0, Confidence: 1.0000, Safety Mode: SAFE_HOLD, Override: Safe hold mode active
2025-05-28 04:01:45,948 - INFO - [AUDIT] - Action: 0, Confidence: 1.0000, Safety Mode: SAFE_HOLD, Override: Safe hold mode active
2025-05-28 04:01:45,949 - INFO - [AUDIT] - Action: 0, Confidence: 1.0000, Safety Mode: SAFE_HOLD, Override: Safe hold mode active
2025-05-28 04:01:45,949 - INFO - [AUDIT] - Action: 0, Confidence: 1.0000, Safety Mode: SAFE_HOLD, Override: Safe hold mode active
2025-05-28 04:01:45,949 - INFO - [AUDIT] - Action: 0, Confidence: 1.0000, Safety Mode: SAFE_HOLD, Override: Safe hold mode active
2025-05-28 04:01:45,949 - INFO - [AUDIT] - Action: 0, Confidence: 1.0000, Safety Mode: SAFE_HOLD, Override: Safe hold mode active
2025-05-28 04:01:45,949 - INFO - [AUDIT] - Action: 0, Confidence: 1.0000, Safety Mode: SAFE_HOLD, Override: Safe hold mode active
2025-05-28 04:01:45,950 - INFO - [AUDIT] - Action: 0, Confidence: 1.0000, Safety Mode: SAFE_HOLD, Override: Safe hold mode active
2025-05-28 04:01:45,950 - INFO - [AUDIT] - Action: 0, Confidence: 1.0000, Safety Mode: SAFE_HOLD, Override: Safe hold mode active
2025-05-28 04:01:45,950 - INFO - [AUDIT] - Action: 0, Confidence: 1.0000, Safety Mode: SAFE_HOLD, Override: Safe hold mode active
2025-05-28 04:01:45,950 - INFO - [AUDIT] - Action: 0, Confidence: 1.0000, Safety Mode: SAFE_HOLD, Override: Safe hold mode active
2025-05-28 04:01:45,950 - INFO - [AUDIT] - Action: 0, Confidence: 1.0000, Safety Mode: SAFE_HOLD, Override: Safe hold mode active
2025-05-28 04:01:45,951 - INFO - [AUDIT] - Action: 0, Confidence: 1.0000, Safety Mode: SAFE_HOLD, Override: Safe hold mode active
2025-05-28 04:01:45,951 - INFO - [AUDIT] - Action: 0, Confidence: 1.0000, Safety Mode: SAFE_HOLD, Override: Safe hold mode active
2025-05-28 04:01:45,951 - INFO - [AUDIT] - Action: 0, Confidence: 1.0000, Safety Mode: SAFE_HOLD, Override: Safe hold mode active
2025-05-28 04:01:45,951 - INFO - [AUDIT] - Action: 0, Confidence: 1.0000, Safety Mode: SAFE_HOLD, Override: Safe hold mode active
2025-05-28 04:01:45,952 - INFO - [AUDIT] - Action: 0, Confidence: 1.0000, Safety Mode: SAFE_HOLD, Override: Safe hold mode active
2025-05-28 04:01:45,952 - INFO - [AUDIT] - Action: 0, Confidence: 1.0000, Safety Mode: SAFE_HOLD, Override: Safe hold mode active
2025-05-28 04:01:45,952 - INFO - [AUDIT] - Action: 0, Confidence: 1.0000, Safety Mode: SAFE_HOLD, Override: Safe hold mode active
2025-05-28 04:01:45,952 - INFO - [AUDIT] - Action: 0, Confidence: 1.0000, Safety Mode: SAFE_HOLD, Override: Safe hold mode active
2025-05-28 04:01:45,952 - INFO - [AUDIT] - Action: 0, Confidence: 1.0000, Safety Mode: SAFE_HOLD, Override: Safe hold mode active
2025-05-28 04:01:45,953 - INFO - [AUDIT] - Action: 0, Confidence: 1.0000, Safety Mode: SAFE_HOLD, Override: Safe hold mode active
2025-05-28 04:01:45,953 - INFO - [AUDIT] - Action: 0, Confidence: 1.0000, Safety Mode: SAFE_HOLD, Override: Safe hold mode active
2025-05-28 04:01:45,953 - INFO - [AUDIT] - Action: 0, Confidence: 1.0000, Safety Mode: SAFE_HOLD, Override: Safe hold mode active
2025-05-28 04:01:45,953 - INFO - [AUDIT] - Action: 0, Confidence: 1.0000, Safety Mode: SAFE_HOLD, Override: Safe hold mode active
2025-05-28 04:01:45,953 - INFO - [AUDIT] - Action: 0, Confidence: 1.0000, Safety Mode: SAFE_HOLD, Override: Safe hold mode active
2025-05-28 04:01:45,954 - INFO - [AUDIT] - Action: 0, Confidence: 1.0000, Safety Mode: SAFE_HOLD, Override: Safe hold mode active
2025-05-28 04:01:45,954 - INFO - [AUDIT] - Action: 0, Confidence: 1.0000, Safety Mode: SAFE_HOLD, Override: Safe hold mode active
2025-05-28 04:01:45,954 - INFO - [AUDIT] - Action: 0, Confidence: 1.0000, Safety Mode: SAFE_HOLD, Override: Safe hold mode active
2025-05-28 04:01:45,954 - INFO - [AUDIT] - Action: 0, Confidence: 1.0000, Safety Mode: SAFE_HOLD, Override: Safe hold mode active
2025-05-28 04:01:45,954 - INFO - [AUDIT] - Action: 0, Confidence: 1.0000, Safety Mode: SAFE_HOLD, Override: Safe hold mode active
2025-05-28 04:01:45,955 - INFO - [AUDIT] - Action: 0, Confidence: 1.0000, Safety Mode: SAFE_HOLD, Override: Safe hold mode active
2025-05-28 04:01:45,955 - INFO - [AUDIT] - Action: 0, Confidence: 1.0000, Safety Mode: SAFE_HOLD, Override: Safe hold mode active
2025-05-28 04:01:45,955 - INFO - [AUDIT] - Action: 0, Confidence: 1.0000, Safety Mode: SAFE_HOLD, Override: Safe hold mode active
2025-05-28 04:01:45,955 - INFO - [AUDIT] - Action: 0, Confidence: 1.0000, Safety Mode: SAFE_HOLD, Override: Safe hold mode active
2025-05-28 04:01:45,955 - INFO - [AUDIT] - Action: 0, Confidence: 1.0000, Safety Mode: SAFE_HOLD, Override: Safe hold mode active
2025-05-28 04:01:45,955 - INFO - [AUDIT] - Action: 0, Confidence: 1.0000, Safety Mode: SAFE_HOLD, Override: Safe hold mode active
2025-05-28 04:01:45,956 - INFO - [AUDIT] - Action: 0, Confidence: 1.0000, Safety Mode: SAFE_HOLD, Override: Safe hold mode active
2025-05-28 04:01:45,956 - INFO - [AUDIT] - Action: 0, Confidence: 1.0000, Safety Mode: SAFE_HOLD, Override: Safe hold mode active
2025-05-28 04:01:45,956 - INFO - [AUDIT] - Action: 0, Confidence: 1.0000, Safety Mode: SAFE_HOLD, Override: Safe hold mode active
2025-05-28 04:01:45,956 - INFO - [AUDIT] - Action: 0, Confidence: 1.0000, Safety Mode: SAFE_HOLD, Override: Safe hold mode active
2025-05-28 04:01:45,956 - INFO - [AUDIT] - Action: 0, Confidence: 1.0000, Safety Mode: SAFE_HOLD, Override: Safe hold mode active
2025-05-28 04:01:45,957 - INFO - [AUDIT] - Action: 0, Confidence: 1.0000, Safety Mode: SAFE_HOLD, Override: Safe hold mode active
2025-05-28 04:01:45,957 - INFO - [AUDIT] - Action: 0, Confidence: 1.0000, Safety Mode: SAFE_HOLD, Override: Safe hold mode active
2025-05-28 04:01:45,957 - INFO - [AUDIT] - Action: 0, Confidence: 1.0000, Safety Mode: SAFE_HOLD, Override: Safe hold mode active
2025-05-28 04:01:45,957 - INFO - [AUDIT] - Action: 0, Confidence: 1.0000, Safety Mode: SAFE_HOLD, Override: Safe hold mode active
2025-05-28 04:01:45,957 - INFO - [AUDIT] - Action: 0, Confidence: 1.0000, Safety Mode: SAFE_HOLD, Override: Safe hold mode active
2025-05-28 04:01:45,958 - INFO - [AUDIT] - Action: 0, Confidence: 1.0000, Safety Mode: SAFE_HOLD, Override: Safe hold mode active
2025-05-28 04:01:45,958 - INFO - [AUDIT] - Action: 0, Confidence: 1.0000, Safety Mode: SAFE_HOLD, Override: Safe hold mode active
2025-05-28 04:01:45,958 - INFO - [AUDIT] - Action: 0, Confidence: 1.0000, Safety Mode: SAFE_HOLD, Override: Safe hold mode active
2025-05-28 04:01:45,958 - INFO - [AUDIT] - Action: 0, Confidence: 1.0000, Safety Mode: SAFE_HOLD, Override: Safe hold mode active
2025-05-28 04:01:45,958 - INFO - [AUDIT] - Action: 0, Confidence: 1.0000, Safety Mode: SAFE_HOLD, Override: Safe hold mode active
2025-05-28 04:01:45,959 - INFO - [AUDIT] - Action: 0, Confidence: 1.0000, Safety Mode: SAFE_HOLD, Override: Safe hold mode active
2025-05-28 04:01:45,959 - INFO - [AUDIT] - Action: 0, Confidence: 1.0000, Safety Mode: SAFE_HOLD, Override: Safe hold mode active
2025-05-28 04:01:45,959 - INFO - [AUDIT] - Action: 0, Confidence: 1.0000, Safety Mode: SAFE_HOLD, Override: Safe hold mode active
2025-05-28 04:01:45,959 - INFO - [AUDIT] - Action: 0, Confidence: 1.0000, Safety Mode: SAFE_HOLD, Override: Safe hold mode active
2025-05-28 04:01:45,959 - INFO - [AUDIT] - Action: 0, Confidence: 1.0000, Safety Mode: SAFE_HOLD, Override: Safe hold mode active
2025-05-28 04:01:45,959 - INFO - [AUDIT] - Action: 0, Confidence: 1.0000, Safety Mode: SAFE_HOLD, Override: Safe hold mode active
2025-05-28 04:01:45,960 - INFO - [AUDIT] - Action: 0, Confidence: 1.0000, Safety Mode: SAFE_HOLD, Override: Safe hold mode active
2025-05-28 04:01:45,960 - INFO - [AUDIT] - Action: 0, Confidence: 1.0000, Safety Mode: SAFE_HOLD, Override: Safe hold mode active
2025-05-28 04:01:45,960 - INFO - [AUDIT] - Action: 0, Confidence: 1.0000, Safety Mode: SAFE_HOLD, Override: Safe hold mode active
2025-05-28 04:01:45,960 - INFO - [AUDIT] - Action: 0, Confidence: 1.0000, Safety Mode: SAFE_HOLD, Override: Safe hold mode active
2025-05-28 04:01:45,960 - INFO - [AUDIT] - Action: 0, Confidence: 1.0000, Safety Mode: SAFE_HOLD, Override: Safe hold mode active
2025-05-28 04:01:45,961 - INFO - [AUDIT] - Action: 0, Confidence: 1.0000, Safety Mode: SAFE_HOLD, Override: Safe hold mode active
2025-05-28 04:01:45,961 - INFO - [AUDIT] - Action: 0, Confidence: 1.0000, Safety Mode: SAFE_HOLD, Override: Safe hold mode active
2025-05-28 04:01:45,961 - INFO - [AUDIT] - Action: 0, Confidence: 1.0000, Safety Mode: SAFE_HOLD, Override: Safe hold mode active
2025-05-28 04:01:45,961 - INFO - [AUDIT] - Action: 0, Confidence: 1.0000, Safety Mode: SAFE_HOLD, Override: Safe hold mode active
2025-05-28 04:01:45,961 - INFO - [AUDIT] - Action: 0, Confidence: 1.0000, Safety Mode: SAFE_HOLD, Override: Safe hold mode active
2025-05-28 04:01:45,962 - INFO - [AUDIT] - Action: 0, Confidence: 1.0000, Safety Mode: SAFE_HOLD, Override: Safe hold mode active
2025-05-28 04:01:45,962 - INFO - [AUDIT] - Action: 0, Confidence: 1.0000, Safety Mode: SAFE_HOLD, Override: Safe hold mode active
2025-05-28 04:01:45,962 - INFO - [AUDIT] - Action: 0, Confidence: 1.0000, Safety Mode: SAFE_HOLD, Override: Safe hold mode active
2025-05-28 04:01:45,962 - INFO - [AUDIT] - Action: 0, Confidence: 1.0000, Safety Mode: SAFE_HOLD, Override: Safe hold mode active
2025-05-28 04:01:45,962 - INFO - [AUDIT] - Action: 0, Confidence: 1.0000, Safety Mode: SAFE_HOLD, Override: Safe hold mode active
2025-05-28 04:01:45,963 - INFO - [AUDIT] - Action: 0, Confidence: 1.0000, Safety Mode: SAFE_HOLD, Override: Safe hold mode active
2025-05-28 04:01:45,963 - INFO - [AUDIT] - Action: 0, Confidence: 1.0000, Safety Mode: SAFE_HOLD, Override: Safe hold mode active
2025-05-28 04:01:45,963 - INFO - [AUDIT] - Action: 0, Confidence: 1.0000, Safety Mode: SAFE_HOLD, Override: Safe hold mode active
2025-05-28 04:01:45,963 - INFO - [AUDIT] - Action: 0, Confidence: 1.0000, Safety Mode: SAFE_HOLD, Override: Safe hold mode active
2025-05-28 04:01:45,963 - INFO - [AUDIT] - Action: 0, Confidence: 1.0000, Safety Mode: SAFE_HOLD, Override: Safe hold mode active
2025-05-28 04:01:45,964 - INFO - [AUDIT] - Action: 0, Confidence: 1.0000, Safety Mode: SAFE_HOLD, Override: Safe hold mode active
2025-05-28 04:01:45,964 - INFO - [AUDIT] - Action: 0, Confidence: 1.0000, Safety Mode: SAFE_HOLD, Override: Safe hold mode active
2025-05-28 04:01:45,964 - INFO - [AUDIT] - Action: 0, Confidence: 1.0000, Safety Mode: SAFE_HOLD, Override: Safe hold mode active
2025-05-28 04:01:45,964 - INFO - [AUDIT] - Action: 0, Confidence: 1.0000, Safety Mode: SAFE_HOLD, Override: Safe hold mode active
2025-05-28 04:01:45,964 - INFO - [AUDIT] - Action: 0, Confidence: 1.0000, Safety Mode: SAFE_HOLD, Override: Safe hold mode active
2025-05-28 04:01:45,964 - INFO - [AUDIT] - Action: 0, Confidence: 1.0000, Safety Mode: SAFE_HOLD, Override: Safe hold mode active
2025-05-28 04:01:45,965 - INFO - [AUDIT] - Action: 0, Confidence: 1.0000, Safety Mode: SAFE_HOLD, Override: Safe hold mode active
2025-05-28 04:01:45,965 - INFO - [AUDIT] - Action: 0, Confidence: 1.0000, Safety Mode: SAFE_HOLD, Override: Safe hold mode active
2025-05-28 04:01:45,965 - INFO - [AUDIT] - Action: 0, Confidence: 1.0000, Safety Mode: SAFE_HOLD, Override: Safe hold mode active
2025-05-28 04:01:45,965 - INFO - [AUDIT] - Action: 0, Confidence: 1.0000, Safety Mode: SAFE_HOLD, Override: Safe hold mode active
2025-05-28 04:01:45,965 - INFO - [AUDIT] - Action: 0, Confidence: 1.0000, Safety Mode: SAFE_HOLD, Override: Safe hold mode active
2025-05-28 04:01:45,966 - INFO - [AUDIT] - Action: 0, Confidence: 1.0000, Safety Mode: SAFE_HOLD, Override: Safe hold mode active
2025-05-28 04:01:45,966 - INFO - [AUDIT] - Action: 0, Confidence: 1.0000, Safety Mode: SAFE_HOLD, Override: Safe hold mode active
2025-05-28 04:01:45,966 - INFO - [AUDIT] - Action: 0, Confidence: 1.0000, Safety Mode: SAFE_HOLD, Override: Safe hold mode active
2025-05-28 04:01:45,966 - INFO - [AUDIT] - Action: 0, Confidence: 1.0000, Safety Mode: SAFE_HOLD, Override: Safe hold mode active
2025-05-28 04:01:45,966 - INFO - [AUDIT] - Action: 0, Confidence: 1.0000, Safety Mode: SAFE_HOLD, Override: Safe hold mode active
2025-05-28 04:01:45,966 - INFO - [AUDIT] - Action: 0, Confidence: 1.0000, Safety Mode: SAFE_HOLD, Override: Safe hold mode active
2025-05-28 04:01:45,967 - INFO - [AUDIT] - Action: 0, Confidence: 1.0000, Safety Mode: SAFE_HOLD, Override: Safe hold mode active
2025-05-28 04:01:45,967 - INFO - [AUDIT] - Action: 0, Confidence: 1.0000, Safety Mode: SAFE_HOLD, Override: Safe hold mode active
2025-05-28 04:01:45,967 - INFO - [AUDIT] - Action: 0, Confidence: 1.0000, Safety Mode: SAFE_HOLD, Override: Safe hold mode active
2025-05-28 04:01:45,967 - INFO - [AUDIT] - Action: 0, Confidence: 1.0000, Safety Mode: SAFE_HOLD, Override: Safe hold mode active
2025-05-28 04:01:45,968 - INFO - [AUDIT] - Action: 0, Confidence: 1.0000, Safety Mode: SAFE_HOLD, Override: Safe hold mode active
2025-05-28 04:01:45,968 - INFO - [AUDIT] - Action: 0, Confidence: 1.0000, Safety Mode: SAFE_HOLD, Override: Safe hold mode active
2025-05-28 04:01:45,968 - INFO - [AUDIT] - Action: 0, Confidence: 1.0000, Safety Mode: SAFE_HOLD, Override: Safe hold mode active
2025-05-28 04:01:45,968 - INFO - [AUDIT] - Action: 0, Confidence: 1.0000, Safety Mode: SAFE_HOLD, Override: Safe hold mode active
2025-05-28 04:01:45,968 - INFO - [AUDIT] - Action: 0, Confidence: 1.0000, Safety Mode: SAFE_HOLD, Override: Safe hold mode active
2025-05-28 04:01:45,969 - INFO - [AUDIT] - Action: 0, Confidence: 1.0000, Safety Mode: SAFE_HOLD, Override: Safe hold mode active
2025-05-28 04:01:45,969 - INFO - [AUDIT] - Action: 0, Confidence: 1.0000, Safety Mode: SAFE_HOLD, Override: Safe hold mode active
2025-05-28 04:01:45,969 - INFO - [AUDIT] - Action: 0, Confidence: 1.0000, Safety Mode: SAFE_HOLD, Override: Safe hold mode active
2025-05-28 04:01:45,969 - INFO - [AUDIT] - Action: 0, Confidence: 1.0000, Safety Mode: SAFE_HOLD, Override: Safe hold mode active
2025-05-28 04:01:45,969 - INFO - [AUDIT] - Action: 0, Confidence: 1.0000, Safety Mode: SAFE_HOLD, Override: Safe hold mode active
2025-05-28 04:01:45,970 - INFO - [AUDIT] - Action: 0, Confidence: 1.0000, Safety Mode: SAFE_HOLD, Override: Safe hold mode active
2025-05-28 04:01:45,970 - INFO - [AUDIT] - Action: 0, Confidence: 1.0000, Safety Mode: SAFE_HOLD, Override: Safe hold mode active
2025-05-28 04:01:45,970 - INFO - [AUDIT] - Action: 0, Confidence: 1.0000, Safety Mode: SAFE_HOLD, Override: Safe hold mode active
2025-05-28 04:01:45,970 - INFO - [AUDIT] - Action: 0, Confidence: 1.0000, Safety Mode: SAFE_HOLD, Override: Safe hold mode active
2025-05-28 04:01:45,970 - INFO - [AUDIT] - Action: 0, Confidence: 1.0000, Safety Mode: SAFE_HOLD, Override: Safe hold mode active
2025-05-28 04:01:45,970 - INFO - [AUDIT] - Action: 0, Confidence: 1.0000, Safety Mode: SAFE_HOLD, Override: Safe hold mode active
2025-05-28 04:01:45,971 - INFO - [AUDIT] - Action: 0, Confidence: 1.0000, Safety Mode: SAFE_HOLD, Override: Safe hold mode active
2025-05-28 04:01:45,971 - INFO - [AUDIT] - Action: 0, Confidence: 1.0000, Safety Mode: SAFE_HOLD, Override: Safe hold mode active
2025-05-28 04:01:45,971 - INFO - [AUDIT] - Action: 0, Confidence: 1.0000, Safety Mode: SAFE_HOLD, Override: Safe hold mode active
2025-05-28 04:01:45,971 - INFO - [AUDIT] - Action: 0, Confidence: 1.0000, Safety Mode: SAFE_HOLD, Override: Safe hold mode active
2025-05-28 04:01:45,971 - INFO - [AUDIT] - Action: 0, Confidence: 1.0000, Safety Mode: SAFE_HOLD, Override: Safe hold mode active
2025-05-28 04:01:45,972 - INFO - [AUDIT] - Action: 0, Confidence: 1.0000, Safety Mode: SAFE_HOLD, Override: Safe hold mode active
2025-05-28 04:01:45,972 - INFO - [AUDIT] - Action: 0, Confidence: 1.0000, Safety Mode: SAFE_HOLD, Override: Safe hold mode active
2025-05-28 04:01:45,972 - INFO - [AUDIT] - Action: 0, Confidence: 1.0000, Safety Mode: SAFE_HOLD, Override: Safe hold mode active
2025-05-28 04:01:45,972 - INFO - [AUDIT] - Action: 0, Confidence: 1.0000, Safety Mode: SAFE_HOLD, Override: Safe hold mode active
2025-05-28 04:01:45,972 - INFO - [AUDIT] - Action: 0, Confidence: 1.0000, Safety Mode: SAFE_HOLD, Override: Safe hold mode active
2025-05-28 04:01:45,973 - INFO - [AUDIT] - Action: 0, Confidence: 1.0000, Safety Mode: SAFE_HOLD, Override: Safe hold mode active
2025-05-28 04:01:45,973 - INFO - [AUDIT] - Action: 0, Confidence: 1.0000, Safety Mode: SAFE_HOLD, Override: Safe hold mode active
2025-05-28 04:01:45,973 - INFO - [AUDIT] - Action: 0, Confidence: 1.0000, Safety Mode: SAFE_HOLD, Override: Safe hold mode active
2025-05-28 04:01:45,973 - INFO - [AUDIT] - Action: 0, Confidence: 1.0000, Safety Mode: SAFE_HOLD, Override: Safe hold mode active
2025-05-28 04:01:45,973 - INFO - [AUDIT] - Action: 0, Confidence: 1.0000, Safety Mode: SAFE_HOLD, Override: Safe hold mode active
2025-05-28 04:01:45,973 - INFO - [AUDIT] - Action: 0, Confidence: 1.0000, Safety Mode: SAFE_HOLD, Override: Safe hold mode active
2025-05-28 04:01:45,974 - INFO - [AUDIT] - Action: 0, Confidence: 1.0000, Safety Mode: SAFE_HOLD, Override: Safe hold mode active
2025-05-28 04:01:45,974 - INFO - [AUDIT] - Action: 0, Confidence: 1.0000, Safety Mode: SAFE_HOLD, Override: Safe hold mode active
2025-05-28 04:01:45,974 - INFO - [AUDIT] - Action: 0, Confidence: 1.0000, Safety Mode: SAFE_HOLD, Override: Safe hold mode active
2025-05-28 04:01:45,974 - INFO - [AUDIT] - Action: 0, Confidence: 1.0000, Safety Mode: SAFE_HOLD, Override: Safe hold mode active
2025-05-28 04:01:45,974 - INFO - [AUDIT] - Action: 0, Confidence: 1.0000, Safety Mode: SAFE_HOLD, Override: Safe hold mode active
2025-05-28 04:01:45,975 - INFO - [AUDIT] - Action: 0, Confidence: 1.0000, Safety Mode: SAFE_HOLD, Override: Safe hold mode active
2025-05-28 04:01:45,975 - INFO - [AUDIT] - Action: 0, Confidence: 1.0000, Safety Mode: SAFE_HOLD, Override: Safe hold mode active
2025-05-28 04:01:45,975 - INFO - [AUDIT] - Action: 0, Confidence: 1.0000, Safety Mode: SAFE_HOLD, Override: Safe hold mode active
2025-05-28 04:01:45,975 - INFO - [AUDIT] - Action: 0, Confidence: 1.0000, Safety Mode: SAFE_HOLD, Override: Safe hold mode active
2025-05-28 04:01:45,975 - INFO - [AUDIT] - Action: 0, Confidence: 1.0000, Safety Mode: SAFE_HOLD, Override: Safe hold mode active
2025-05-28 04:01:45,975 - INFO - [AUDIT] - Action: 0, Confidence: 1.0000, Safety Mode: SAFE_HOLD, Override: Safe hold mode active
2025-05-28 04:01:45,976 - INFO - [AUDIT] - Action: 0, Confidence: 1.0000, Safety Mode: SAFE_HOLD, Override: Safe hold mode active
2025-05-28 04:01:45,976 - INFO - [AUDIT] - Action: 0, Confidence: 1.0000, Safety Mode: SAFE_HOLD, Override: Safe hold mode active
2025-05-28 04:01:45,976 - INFO - [AUDIT] - Action: 0, Confidence: 1.0000, Safety Mode: SAFE_HOLD, Override: Safe hold mode active
2025-05-28 04:01:45,976 - INFO - [AUDIT] - Action: 0, Confidence: 1.0000, Safety Mode: SAFE_HOLD, Override: Safe hold mode active
2025-05-28 04:01:45,976 - INFO - [AUDIT] - Action: 0, Confidence: 1.0000, Safety Mode: SAFE_HOLD, Override: Safe hold mode active
2025-05-28 04:01:45,977 - INFO - [AUDIT] - Action: 0, Confidence: 1.0000, Safety Mode: SAFE_HOLD, Override: Safe hold mode active
2025-05-28 04:01:45,977 - INFO - [AUDIT] - Action: 0, Confidence: 1.0000, Safety Mode: SAFE_HOLD, Override: Safe hold mode active
2025-05-28 04:01:45,977 - INFO - [AUDIT] - Action: 0, Confidence: 1.0000, Safety Mode: SAFE_HOLD, Override: Safe hold mode active
2025-05-28 04:01:45,977 - INFO - [AUDIT] - Action: 0, Confidence: 1.0000, Safety Mode: SAFE_HOLD, Override: Safe hold mode active
2025-05-28 04:01:45,977 - INFO - [AUDIT] - Action: 0, Confidence: 1.0000, Safety Mode: SAFE_HOLD, Override: Safe hold mode active
2025-05-28 04:01:45,978 - INFO - [AUDIT] - Action: 0, Confidence: 1.0000, Safety Mode: SAFE_HOLD, Override: Safe hold mode active
2025-05-28 04:01:45,978 - INFO - [AUDIT] - Action: 0, Confidence: 1.0000, Safety Mode: SAFE_HOLD, Override: Safe hold mode active
2025-05-28 04:01:45,978 - INFO - [AUDIT] - Action: 0, Confidence: 1.0000, Safety Mode: SAFE_HOLD, Override: Safe hold mode active
2025-05-28 04:01:45,978 - INFO - [AUDIT] - Action: 0, Confidence: 1.0000, Safety Mode: SAFE_HOLD, Override: Safe hold mode active
2025-05-28 04:01:45,978 - INFO - [AUDIT] - Action: 0, Confidence: 1.0000, Safety Mode: SAFE_HOLD, Override: Safe hold mode active
2025-05-28 04:01:45,979 - INFO - [AUDIT] - Action: 0, Confidence: 1.0000, Safety Mode: SAFE_HOLD, Override: Safe hold mode active
2025-05-28 04:01:45,979 - INFO - [AUDIT] - Action: 0, Confidence: 1.0000, Safety Mode: SAFE_HOLD, Override: Safe hold mode active
2025-05-28 04:01:45,979 - INFO - [AUDIT] - Action: 0, Confidence: 1.0000, Safety Mode: SAFE_HOLD, Override: Safe hold mode active
2025-05-28 04:01:45,979 - INFO - [AUDIT] - Action: 0, Confidence: 1.0000, Safety Mode: SAFE_HOLD, Override: Safe hold mode active
2025-05-28 04:01:45,979 - INFO - [AUDIT] - Action: 0, Confidence: 1.0000, Safety Mode: SAFE_HOLD, Override: Safe hold mode active
2025-05-28 04:01:45,979 - INFO - [AUDIT] - Action: 0, Confidence: 1.0000, Safety Mode: SAFE_HOLD, Override: Safe hold mode active
2025-05-28 04:01:45,980 - INFO - [AUDIT] - Action: 0, Confidence: 1.0000, Safety Mode: SAFE_HOLD, Override: Safe hold mode active
2025-05-28 04:01:45,980 - INFO - [AUDIT] - Action: 0, Confidence: 1.0000, Safety Mode: SAFE_HOLD, Override: Safe hold mode active
2025-05-28 04:01:45,980 - INFO - [AUDIT] - Action: 0, Confidence: 1.0000, Safety Mode: SAFE_HOLD, Override: Safe hold mode active
2025-05-28 04:01:45,980 - INFO - [AUDIT] - Action: 0, Confidence: 1.0000, Safety Mode: SAFE_HOLD, Override: Safe hold mode active
2025-05-28 04:01:45,980 - INFO - [AUDIT] - Action: 0, Confidence: 1.0000, Safety Mode: SAFE_HOLD, Override: Safe hold mode active
2025-05-28 04:01:45,981 - INFO - [AUDIT] - Action: 0, Confidence: 1.0000, Safety Mode: SAFE_HOLD, Override: Safe hold mode active
2025-05-28 04:01:45,981 - INFO - [AUDIT] - Action: 0, Confidence: 1.0000, Safety Mode: SAFE_HOLD, Override: Safe hold mode active
2025-05-28 04:01:45,981 - INFO - [AUDIT] - Action: 0, Confidence: 1.0000, Safety Mode: SAFE_HOLD, Override: Safe hold mode active
2025-05-28 04:01:45,981 - INFO - [AUDIT] - Action: 0, Confidence: 1.0000, Safety Mode: SAFE_HOLD, Override: Safe hold mode active
2025-05-28 04:01:45,982 - INFO - [AUDIT] - Action: 0, Confidence: 1.0000, Safety Mode: SAFE_HOLD, Override: Safe hold mode active
2025-05-28 04:01:45,982 - INFO - [AUDIT] - Action: 0, Confidence: 1.0000, Safety Mode: SAFE_HOLD, Override: Safe hold mode active
2025-05-28 04:01:45,982 - INFO - [AUDIT] - Action: 0, Confidence: 1.0000, Safety Mode: SAFE_HOLD, Override: Safe hold mode active
2025-05-28 04:01:45,982 - INFO - [AUDIT] - Action: 0, Confidence: 1.0000, Safety Mode: SAFE_HOLD, Override: Safe hold mode active
2025-05-28 04:01:45,982 - INFO - [AUDIT] - Action: 0, Confidence: 1.0000, Safety Mode: SAFE_HOLD, Override: Safe hold mode active
2025-05-28 04:01:45,983 - INFO - [AUDIT] - Action: 0, Confidence: 1.0000, Safety Mode: SAFE_HOLD, Override: Safe hold mode active
2025-05-28 04:01:45,983 - INFO - [AUDIT] - Action: 0, Confidence: 1.0000, Safety Mode: SAFE_HOLD, Override: Safe hold mode active
2025-05-28 04:01:45,983 - INFO - [AUDIT] - Action: 0, Confidence: 1.0000, Safety Mode: SAFE_HOLD, Override: Safe hold mode active
2025-05-28 04:01:45,983 - INFO - [AUDIT] - Action: 0, Confidence: 1.0000, Safety Mode: SAFE_HOLD, Override: Safe hold mode active
2025-05-28 04:01:45,983 - INFO - [AUDIT] - Action: 0, Confidence: 1.0000, Safety Mode: SAFE_HOLD, Override: Safe hold mode active
2025-05-28 04:01:45,984 - INFO - [AUDIT] - Action: 0, Confidence: 1.0000, Safety Mode: SAFE_HOLD, Override: Safe hold mode active
2025-05-28 04:01:45,984 - INFO - [AUDIT] - Action: 0, Confidence: 1.0000, Safety Mode: SAFE_HOLD, Override: Safe hold mode active
2025-05-28 04:01:45,984 - INFO - [AUDIT] - Action: 0, Confidence: 1.0000, Safety Mode: SAFE_HOLD, Override: Safe hold mode active
2025-05-28 04:01:45,984 - INFO - [AUDIT] - Action: 0, Confidence: 1.0000, Safety Mode: SAFE_HOLD, Override: Safe hold mode active
2025-05-28 04:01:45,984 - INFO - [AUDIT] - Action: 0, Confidence: 1.0000, Safety Mode: SAFE_HOLD, Override: Safe hold mode active
2025-05-28 04:01:45,985 - INFO - [AUDIT] - Action: 0, Confidence: 1.0000, Safety Mode: SAFE_HOLD, Override: Safe hold mode active
2025-05-28 04:01:45,985 - INFO - [AUDIT] - Action: 0, Confidence: 1.0000, Safety Mode: SAFE_HOLD, Override: Safe hold mode active
2025-05-28 04:01:45,985 - INFO - [AUDIT] - Action: 0, Confidence: 1.0000, Safety Mode: SAFE_HOLD, Override: Safe hold mode active
2025-05-28 04:01:45,985 - INFO - [AUDIT] - Action: 0, Confidence: 1.0000, Safety Mode: SAFE_HOLD, Override: Safe hold mode active
2025-05-28 04:01:45,985 - INFO - [AUDIT] - Action: 0, Confidence: 1.0000, Safety Mode: SAFE_HOLD, Override: Safe hold mode active
2025-05-28 04:01:45,986 - INFO - [AUDIT] - Action: 0, Confidence: 1.0000, Safety Mode: SAFE_HOLD, Override: Safe hold mode active
2025-05-28 04:01:45,986 - INFO - [AUDIT] - Action: 0, Confidence: 1.0000, Safety Mode: SAFE_HOLD, Override: Safe hold mode active
2025-05-28 04:01:45,986 - INFO - [AUDIT] - Action: 0, Confidence: 1.0000, Safety Mode: SAFE_HOLD, Override: Safe hold mode active
2025-05-28 04:01:45,986 - INFO - [AUDIT] - Action: 0, Confidence: 1.0000, Safety Mode: SAFE_HOLD, Override: Safe hold mode active
2025-05-28 04:01:45,986 - INFO - [AUDIT] - Action: 0, Confidence: 1.0000, Safety Mode: SAFE_HOLD, Override: Safe hold mode active
2025-05-28 04:01:45,987 - INFO - [AUDIT] - Action: 0, Confidence: 1.0000, Safety Mode: SAFE_HOLD, Override: Safe hold mode active
2025-05-28 04:01:45,987 - INFO - [AUDIT] - Action: 0, Confidence: 1.0000, Safety Mode: SAFE_HOLD, Override: Safe hold mode active
2025-05-28 04:01:45,987 - INFO - [AUDIT] - Action: 0, Confidence: 1.0000, Safety Mode: SAFE_HOLD, Override: Safe hold mode active
2025-05-28 04:01:45,987 - INFO - [AUDIT] - Action: 0, Confidence: 1.0000, Safety Mode: SAFE_HOLD, Override: Safe hold mode active
2025-05-28 04:01:45,987 - INFO - [AUDIT] - Action: 0, Confidence: 1.0000, Safety Mode: SAFE_HOLD, Override: Safe hold mode active
2025-05-28 04:01:45,988 - INFO - [AUDIT] - Action: 0, Confidence: 1.0000, Safety Mode: SAFE_HOLD, Override: Safe hold mode active
2025-05-28 04:01:45,988 - INFO - [AUDIT] - Action: 0, Confidence: 1.0000, Safety Mode: SAFE_HOLD, Override: Safe hold mode active
2025-05-28 04:01:45,988 - INFO - [AUDIT] - Action: 0, Confidence: 1.0000, Safety Mode: SAFE_HOLD, Override: Safe hold mode active
2025-05-28 04:01:45,988 - INFO - [AUDIT] - Action: 0, Confidence: 1.0000, Safety Mode: SAFE_HOLD, Override: Safe hold mode active
2025-05-28 04:01:45,988 - INFO - [AUDIT] - Action: 0, Confidence: 1.0000, Safety Mode: SAFE_HOLD, Override: Safe hold mode active
2025-05-28 04:01:45,989 - INFO - [AUDIT] - Action: 0, Confidence: 1.0000, Safety Mode: SAFE_HOLD, Override: Safe hold mode active
2025-05-28 04:01:45,989 - INFO - [AUDIT] - Action: 0, Confidence: 1.0000, Safety Mode: SAFE_HOLD, Override: Safe hold mode active
2025-05-28 04:01:45,989 - INFO - [AUDIT] - Action: 0, Confidence: 1.0000, Safety Mode: SAFE_HOLD, Override: Safe hold mode active
2025-05-28 04:01:45,989 - INFO - [AUDIT] - Action: 0, Confidence: 1.0000, Safety Mode: SAFE_HOLD, Override: Safe hold mode active
2025-05-28 04:01:45,989 - INFO - [AUDIT] - Action: 0, Confidence: 1.0000, Safety Mode: SAFE_HOLD, Override: Safe hold mode active
2025-05-28 04:01:45,990 - INFO - [AUDIT] - Action: 0, Confidence: 1.0000, Safety Mode: SAFE_HOLD, Override: Safe hold mode active
2025-05-28 04:01:45,990 - INFO - [AUDIT] - Action: 0, Confidence: 1.0000, Safety Mode: SAFE_HOLD, Override: Safe hold mode active
2025-05-28 04:01:45,990 - INFO - [AUDIT] - Action: 0, Confidence: 1.0000, Safety Mode: SAFE_HOLD, Override: Safe hold mode active
2025-05-28 04:01:45,990 - INFO - [AUDIT] - Action: 0, Confidence: 1.0000, Safety Mode: SAFE_HOLD, Override: Safe hold mode active
2025-05-28 04:01:45,990 - INFO - [AUDIT] - Action: 0, Confidence: 1.0000, Safety Mode: SAFE_HOLD, Override: Safe hold mode active
2025-05-28 04:01:45,991 - INFO - [AUDIT] - Action: 0, Confidence: 1.0000, Safety Mode: SAFE_HOLD, Override: Safe hold mode active
2025-05-28 04:01:45,991 - INFO - [AUDIT] - Action: 0, Confidence: 1.0000, Safety Mode: SAFE_HOLD, Override: Safe hold mode active
2025-05-28 04:01:45,991 - INFO - [AUDIT] - Action: 0, Confidence: 1.0000, Safety Mode: SAFE_HOLD, Override: Safe hold mode active
2025-05-28 04:01:45,991 - INFO - [AUDIT] - Action: 0, Confidence: 1.0000, Safety Mode: SAFE_HOLD, Override: Safe hold mode active
2025-05-28 04:01:45,991 - INFO - [AUDIT] - Action: 0, Confidence: 1.0000, Safety Mode: SAFE_HOLD, Override: Safe hold mode active
2025-05-28 04:01:45,991 - INFO - [AUDIT] - Action: 0, Confidence: 1.0000, Safety Mode: SAFE_HOLD, Override: Safe hold mode active
2025-05-28 04:01:45,992 - INFO - [AUDIT] - Action: 0, Confidence: 1.0000, Safety Mode: SAFE_HOLD, Override: Safe hold mode active
2025-05-28 04:01:45,992 - INFO - [AUDIT] - Action: 0, Confidence: 1.0000, Safety Mode: SAFE_HOLD, Override: Safe hold mode active
2025-05-28 04:01:45,992 - INFO - [AUDIT] - Action: 0, Confidence: 1.0000, Safety Mode: SAFE_HOLD, Override: Safe hold mode active
2025-05-28 04:01:45,992 - INFO - [AUDIT] - Action: 0, Confidence: 1.0000, Safety Mode: SAFE_HOLD, Override: Safe hold mode active
2025-05-28 04:01:45,992 - INFO - [AUDIT] - Action: 0, Confidence: 1.0000, Safety Mode: SAFE_HOLD, Override: Safe hold mode active
2025-05-28 04:01:45,993 - INFO - [AUDIT] - Action: 0, Confidence: 1.0000, Safety Mode: SAFE_HOLD, Override: Safe hold mode active
2025-05-28 04:01:45,993 - INFO - [AUDIT] - Action: 0, Confidence: 1.0000, Safety Mode: SAFE_HOLD, Override: Safe hold mode active
2025-05-28 04:01:45,993 - INFO - [AUDIT] - Action: 0, Confidence: 1.0000, Safety Mode: SAFE_HOLD, Override: Safe hold mode active
2025-05-28 04:01:45,993 - INFO - [AUDIT] - Action: 0, Confidence: 1.0000, Safety Mode: SAFE_HOLD, Override: Safe hold mode active
2025-05-28 04:01:45,993 - INFO - [AUDIT] - Action: 0, Confidence: 1.0000, Safety Mode: SAFE_HOLD, Override: Safe hold mode active
2025-05-28 04:01:45,994 - INFO - [AUDIT] - Action: 0, Confidence: 1.0000, Safety Mode: SAFE_HOLD, Override: Safe hold mode active
2025-05-28 04:01:45,994 - INFO - [AUDIT] - Action: 0, Confidence: 1.0000, Safety Mode: SAFE_HOLD, Override: Safe hold mode active
2025-05-28 04:01:45,994 - INFO - [AUDIT] - Action: 0, Confidence: 1.0000, Safety Mode: SAFE_HOLD, Override: Safe hold mode active
2025-05-28 04:01:45,994 - INFO - [AUDIT] - Action: 0, Confidence: 1.0000, Safety Mode: SAFE_HOLD, Override: Safe hold mode active
2025-05-28 04:01:45,994 - INFO - [AUDIT] - Action: 0, Confidence: 1.0000, Safety Mode: SAFE_HOLD, Override: Safe hold mode active
2025-05-28 04:01:45,995 - INFO - [AUDIT] - Action: 0, Confidence: 1.0000, Safety Mode: SAFE_HOLD, Override: Safe hold mode active
2025-05-28 04:01:45,995 - INFO - [AUDIT] - Action: 0, Confidence: 1.0000, Safety Mode: SAFE_HOLD, Override: Safe hold mode active
2025-05-28 04:01:45,995 - INFO - [AUDIT] - Action: 0, Confidence: 1.0000, Safety Mode: SAFE_HOLD, Override: Safe hold mode active
2025-05-28 04:01:45,995 - INFO - [AUDIT] - Action: 0, Confidence: 1.0000, Safety Mode: SAFE_HOLD, Override: Safe hold mode active
2025-05-28 04:01:45,995 - INFO - [AUDIT] - Action: 0, Confidence: 1.0000, Safety Mode: SAFE_HOLD, Override: Safe hold mode active
2025-05-28 04:01:45,996 - INFO - [AUDIT] - Action: 0, Confidence: 1.0000, Safety Mode: SAFE_HOLD, Override: Safe hold mode active
2025-05-28 04:01:45,996 - INFO - [AUDIT] - Action: 0, Confidence: 1.0000, Safety Mode: SAFE_HOLD, Override: Safe hold mode active
2025-05-28 04:01:45,996 - INFO - [AUDIT] - Action: 0, Confidence: 1.0000, Safety Mode: SAFE_HOLD, Override: Safe hold mode active
2025-05-28 04:01:45,996 - INFO - [AUDIT] - Action: 0, Confidence: 1.0000, Safety Mode: SAFE_HOLD, Override: Safe hold mode active
2025-05-28 04:01:45,996 - INFO - [AUDIT] - Action: 0, Confidence: 1.0000, Safety Mode: SAFE_HOLD, Override: Safe hold mode active
2025-05-28 04:01:45,997 - INFO - [AUDIT] - Action: 0, Confidence: 1.0000, Safety Mode: SAFE_HOLD, Override: Safe hold mode active
2025-05-28 04:01:45,997 - INFO - [AUDIT] - Action: 0, Confidence: 1.0000, Safety Mode: SAFE_HOLD, Override: Safe hold mode active
2025-05-28 04:01:45,997 - INFO - [AUDIT] - Action: 0, Confidence: 1.0000, Safety Mode: SAFE_HOLD, Override: Safe hold mode active
2025-05-28 04:01:45,997 - INFO - [AUDIT] - Action: 0, Confidence: 1.0000, Safety Mode: SAFE_HOLD, Override: Safe hold mode active
2025-05-28 04:01:45,997 - INFO - [AUDIT] - Action: 0, Confidence: 1.0000, Safety Mode: SAFE_HOLD, Override: Safe hold mode active
2025-05-28 04:01:45,998 - INFO - [AUDIT] - Action: 0, Confidence: 1.0000, Safety Mode: SAFE_HOLD, Override: Safe hold mode active
2025-05-28 04:01:45,998 - INFO - [AUDIT] - Action: 0, Confidence: 1.0000, Safety Mode: SAFE_HOLD, Override: Safe hold mode active
2025-05-28 04:01:45,998 - INFO - [AUDIT] - Action: 0, Confidence: 1.0000, Safety Mode: SAFE_HOLD, Override: Safe hold mode active
2025-05-28 04:01:45,998 - INFO - [AUDIT] - Action: 0, Confidence: 1.0000, Safety Mode: SAFE_HOLD, Override: Safe hold mode active
2025-05-28 04:01:45,998 - INFO - [AUDIT] - Action: 0, Confidence: 1.0000, Safety Mode: SAFE_HOLD, Override: Safe hold mode active
2025-05-28 04:01:45,999 - INFO - [AUDIT] - Action: 0, Confidence: 1.0000, Safety Mode: SAFE_HOLD, Override: Safe hold mode active
2025-05-28 04:01:45,999 - INFO - [AUDIT] - Action: 0, Confidence: 1.0000, Safety Mode: SAFE_HOLD, Override: Safe hold mode active
2025-05-28 04:01:45,999 - INFO - [AUDIT] - Action: 0, Confidence: 1.0000, Safety Mode: SAFE_HOLD, Override: Safe hold mode active
2025-05-28 04:01:45,999 - INFO - [AUDIT] - Action: 0, Confidence: 1.0000, Safety Mode: SAFE_HOLD, Override: Safe hold mode active
2025-05-28 04:01:45,999 - INFO - [AUDIT] - Action: 0, Confidence: 1.0000, Safety Mode: SAFE_HOLD, Override: Safe hold mode active
2025-05-28 04:01:45,999 - INFO - [AUDIT] - Action: 0, Confidence: 1.0000, Safety Mode: SAFE_HOLD, Override: Safe hold mode active
2025-05-28 04:01:46,000 - INFO - [AUDIT] - Action: 0, Confidence: 1.0000, Safety Mode: SAFE_HOLD, Override: Safe hold mode active
2025-05-28 04:01:46,000 - INFO - [AUDIT] - Action: 0, Confidence: 1.0000, Safety Mode: SAFE_HOLD, Override: Safe hold mode active
2025-05-28 04:01:46,000 - INFO - [AUDIT] - Action: 0, Confidence: 1.0000, Safety Mode: SAFE_HOLD, Override: Safe hold mode active
2025-05-28 04:01:46,000 - INFO - [AUDIT] - Action: 0, Confidence: 1.0000, Safety Mode: SAFE_HOLD, Override: Safe hold mode active
2025-05-28 04:01:46,001 - INFO - [AUDIT] - Action: 0, Confidence: 1.0000, Safety Mode: SAFE_HOLD, Override: Safe hold mode active
2025-05-28 04:01:46,001 - INFO - [AUDIT] - Action: 0, Confidence: 1.0000, Safety Mode: SAFE_HOLD, Override: Safe hold mode active
2025-05-28 04:01:46,001 - INFO - [AUDIT] - Action: 0, Confidence: 1.0000, Safety Mode: SAFE_HOLD, Override: Safe hold mode active
2025-05-28 04:01:46,001 - INFO - [AUDIT] - Action: 0, Confidence: 1.0000, Safety Mode: SAFE_HOLD, Override: Safe hold mode active
2025-05-28 04:01:46,002 - INFO - [AUDIT] - Action: 0, Confidence: 1.0000, Safety Mode: SAFE_HOLD, Override: Safe hold mode active
2025-05-28 04:01:46,002 - INFO - [AUDIT] - Action: 0, Confidence: 1.0000, Safety Mode: SAFE_HOLD, Override: Safe hold mode active
2025-05-28 04:01:46,002 - INFO - [AUDIT] - Action: 0, Confidence: 1.0000, Safety Mode: SAFE_HOLD, Override: Safe hold mode active
2025-05-28 04:01:46,002 - INFO - [AUDIT] - Action: 0, Confidence: 1.0000, Safety Mode: SAFE_HOLD, Override: Safe hold mode active
2025-05-28 04:01:46,002 - INFO - [AUDIT] - Action: 0, Confidence: 1.0000, Safety Mode: SAFE_HOLD, Override: Safe hold mode active
2025-05-28 04:01:46,003 - INFO - [AUDIT] - Action: 0, Confidence: 1.0000, Safety Mode: SAFE_HOLD, Override: Safe hold mode active
2025-05-28 04:01:46,003 - INFO - [AUDIT] - Action: 0, Confidence: 1.0000, Safety Mode: SAFE_HOLD, Override: Safe hold mode active
2025-05-28 04:01:46,003 - INFO - [AUDIT] - Action: 0, Confidence: 1.0000, Safety Mode: SAFE_HOLD, Override: Safe hold mode active
2025-05-28 04:01:46,003 - INFO - [AUDIT] - Action: 0, Confidence: 1.0000, Safety Mode: SAFE_HOLD, Override: Safe hold mode active
2025-05-28 04:01:46,003 - INFO - [AUDIT] - Action: 0, Confidence: 1.0000, Safety Mode: SAFE_HOLD, Override: Safe hold mode active
2025-05-28 04:01:46,004 - INFO - [AUDIT] - Action: 0, Confidence: 1.0000, Safety Mode: SAFE_HOLD, Override: Safe hold mode active
2025-05-28 04:01:46,004 - INFO - [AUDIT] - Action: 0, Confidence: 1.0000, Safety Mode: SAFE_HOLD, Override: Safe hold mode active
2025-05-28 04:01:46,004 - INFO - [AUDIT] - Action: 0, Confidence: 1.0000, Safety Mode: SAFE_HOLD, Override: Safe hold mode active
2025-05-28 04:01:46,004 - INFO - [AUDIT] - Action: 0, Confidence: 1.0000, Safety Mode: SAFE_HOLD, Override: Safe hold mode active
2025-05-28 04:01:46,004 - INFO - [AUDIT] - Action: 0, Confidence: 1.0000, Safety Mode: SAFE_HOLD, Override: Safe hold mode active
2025-05-28 04:01:46,005 - INFO - [AUDIT] - Action: 0, Confidence: 1.0000, Safety Mode: SAFE_HOLD, Override: Safe hold mode active
2025-05-28 04:01:46,005 - INFO - [AUDIT] - Action: 0, Confidence: 1.0000, Safety Mode: SAFE_HOLD, Override: Safe hold mode active
2025-05-28 04:01:46,005 - INFO - [AUDIT] - Action: 0, Confidence: 1.0000, Safety Mode: SAFE_HOLD, Override: Safe hold mode active
2025-05-28 04:01:46,005 - INFO - [AUDIT] - Action: 0, Confidence: 1.0000, Safety Mode: SAFE_HOLD, Override: Safe hold mode active
2025-05-28 04:01:46,005 - INFO - [AUDIT] - Action: 0, Confidence: 1.0000, Safety Mode: SAFE_HOLD, Override: Safe hold mode active
2025-05-28 04:01:46,005 - INFO - [AUDIT] - Action: 0, Confidence: 1.0000, Safety Mode: SAFE_HOLD, Override: Safe hold mode active
2025-05-28 04:01:46,006 - INFO - [AUDIT] - Action: 0, Confidence: 1.0000, Safety Mode: SAFE_HOLD, Override: Safe hold mode active
2025-05-28 04:01:46,006 - INFO - [AUDIT] - Action: 0, Confidence: 1.0000, Safety Mode: SAFE_HOLD, Override: Safe hold mode active
2025-05-28 04:01:46,006 - INFO - [AUDIT] - Action: 0, Confidence: 1.0000, Safety Mode: SAFE_HOLD, Override: Safe hold mode active
2025-05-28 04:01:46,006 - INFO - [AUDIT] - Action: 0, Confidence: 1.0000, Safety Mode: SAFE_HOLD, Override: Safe hold mode active
2025-05-28 04:01:46,006 - INFO - [AUDIT] - Action: 0, Confidence: 1.0000, Safety Mode: SAFE_HOLD, Override: Safe hold mode active
2025-05-28 04:01:46,007 - INFO - [AUDIT] - Action: 0, Confidence: 1.0000, Safety Mode: SAFE_HOLD, Override: Safe hold mode active
2025-05-28 04:01:46,007 - INFO - [AUDIT] - Action: 0, Confidence: 1.0000, Safety Mode: SAFE_HOLD, Override: Safe hold mode active
2025-05-28 04:01:46,007 - INFO - [AUDIT] - Action: 0, Confidence: 1.0000, Safety Mode: SAFE_HOLD, Override: Safe hold mode active
2025-05-28 04:01:46,007 - INFO - [AUDIT] - Action: 0, Confidence: 1.0000, Safety Mode: SAFE_HOLD, Override: Safe hold mode active
2025-05-28 04:01:46,007 - INFO - [AUDIT] - Action: 0, Confidence: 1.0000, Safety Mode: SAFE_HOLD, Override: Safe hold mode active
2025-05-28 04:01:46,008 - INFO - [AUDIT] - Action: 0, Confidence: 1.0000, Safety Mode: SAFE_HOLD, Override: Safe hold mode active
2025-05-28 04:01:46,008 - INFO - [AUDIT] - Action: 0, Confidence: 1.0000, Safety Mode: SAFE_HOLD, Override: Safe hold mode active
2025-05-28 04:01:46,008 - INFO - [AUDIT] - Action: 0, Confidence: 1.0000, Safety Mode: SAFE_HOLD, Override: Safe hold mode active
2025-05-28 04:01:46,008 - INFO - [AUDIT] - Action: 0, Confidence: 1.0000, Safety Mode: SAFE_HOLD, Override: Safe hold mode active
2025-05-28 04:01:46,008 - INFO - [AUDIT] - Action: 0, Confidence: 1.0000, Safety Mode: SAFE_HOLD, Override: Safe hold mode active
2025-05-28 04:01:46,008 - INFO - [AUDIT] - Action: 0, Confidence: 1.0000, Safety Mode: SAFE_HOLD, Override: Safe hold mode active
2025-05-28 04:01:46,009 - INFO - [AUDIT] - Action: 0, Confidence: 1.0000, Safety Mode: SAFE_HOLD, Override: Safe hold mode active
2025-05-28 04:01:46,009 - INFO - [AUDIT] - Action: 0, Confidence: 1.0000, Safety Mode: SAFE_HOLD, Override: Safe hold mode active
2025-05-28 04:01:46,009 - INFO - [AUDIT] - Action: 0, Confidence: 1.0000, Safety Mode: SAFE_HOLD, Override: Safe hold mode active
2025-05-28 04:01:46,009 - INFO - [AUDIT] - Action: 0, Confidence: 1.0000, Safety Mode: SAFE_HOLD, Override: Safe hold mode active
2025-05-28 04:01:46,012 - INFO - [AUDIT] - Action: 0, Confidence: 1.0000, Safety Mode: SAFE_HOLD, Override: Safe hold mode active
2025-05-28 04:01:46,012 - INFO - [AUDIT] - Action: 0, Confidence: 1.0000, Safety Mode: SAFE_HOLD, Override: Safe hold mode active
2025-05-28 04:01:46,012 - INFO - [AUDIT] - Action: 0, Confidence: 1.0000, Safety Mode: SAFE_HOLD, Override: Safe hold mode active
2025-05-28 04:01:46,012 - INFO - [AUDIT] - Action: 0, Confidence: 1.0000, Safety Mode: SAFE_HOLD, Override: Safe hold mode active
2025-05-28 04:01:46,012 - INFO - [AUDIT] - Action: 0, Confidence: 1.0000, Safety Mode: SAFE_HOLD, Override: Safe hold mode active
2025-05-28 04:01:46,013 - INFO - [AUDIT] - Action: 0, Confidence: 1.0000, Safety Mode: SAFE_HOLD, Override: Safe hold mode active
2025-05-28 04:01:46,013 - INFO - [AUDIT] - Action: 0, Confidence: 1.0000, Safety Mode: SAFE_HOLD, Override: Safe hold mode active
2025-05-28 04:01:46,013 - INFO - [AUDIT] - Action: 0, Confidence: 1.0000, Safety Mode: SAFE_HOLD, Override: Safe hold mode active
2025-05-28 04:01:46,013 - INFO - [AUDIT] - Action: 0, Confidence: 1.0000, Safety Mode: SAFE_HOLD, Override: Safe hold mode active
2025-05-28 04:01:46,013 - INFO - [AUDIT] - Action: 0, Confidence: 1.0000, Safety Mode: SAFE_HOLD, Override: Safe hold mode active
2025-05-28 04:01:46,014 - INFO - [AUDIT] - Action: 0, Confidence: 1.0000, Safety Mode: SAFE_HOLD, Override: Safe hold mode active
2025-05-28 04:01:46,014 - INFO - [AUDIT] - Action: 0, Confidence: 1.0000, Safety Mode: SAFE_HOLD, Override: Safe hold mode active
2025-05-28 04:01:46,014 - INFO - [AUDIT] - Action: 0, Confidence: 1.0000, Safety Mode: SAFE_HOLD, Override: Safe hold mode active
2025-05-28 04:01:46,014 - INFO - [AUDIT] - Action: 0, Confidence: 1.0000, Safety Mode: SAFE_HOLD, Override: Safe hold mode active
2025-05-28 04:01:46,014 - INFO - [AUDIT] - Action: 0, Confidence: 1.0000, Safety Mode: SAFE_HOLD, Override: Safe hold mode active
2025-05-28 04:01:46,015 - INFO - [AUDIT] - Action: 0, Confidence: 1.0000, Safety Mode: SAFE_HOLD, Override: Safe hold mode active
2025-05-28 04:01:46,015 - INFO - [AUDIT] - Action: 0, Confidence: 1.0000, Safety Mode: SAFE_HOLD, Override: Safe hold mode active
2025-05-28 04:01:46,015 - INFO - [AUDIT] - Action: 0, Confidence: 1.0000, Safety Mode: SAFE_HOLD, Override: Safe hold mode active
2025-05-28 04:01:46,015 - INFO - [AUDIT] - Action: 0, Confidence: 1.0000, Safety Mode: SAFE_HOLD, Override: Safe hold mode active
2025-05-28 04:01:46,015 - INFO - [AUDIT] - Action: 0, Confidence: 1.0000, Safety Mode: SAFE_HOLD, Override: Safe hold mode active
2025-05-28 04:01:46,016 - INFO - [AUDIT] - Action: 0, Confidence: 1.0000, Safety Mode: SAFE_HOLD, Override: Safe hold mode active
2025-05-28 04:01:46,016 - INFO - [AUDIT] - Action: 0, Confidence: 1.0000, Safety Mode: SAFE_HOLD, Override: Safe hold mode active
2025-05-28 04:01:46,016 - INFO - [AUDIT] - Action: 0, Confidence: 1.0000, Safety Mode: SAFE_HOLD, Override: Safe hold mode active
2025-05-28 04:01:46,019 - INFO - [AUDIT] - Action: 0, Confidence: 1.0000, Safety Mode: SAFE_HOLD, Override: Safe hold mode active
2025-05-28 04:01:46,019 - INFO - [AUDIT] - Action: 0, Confidence: 1.0000, Safety Mode: SAFE_HOLD, Override: Safe hold mode active
2025-05-28 04:01:46,019 - INFO - [AUDIT] - Action: 0, Confidence: 1.0000, Safety Mode: SAFE_HOLD, Override: Safe hold mode active
2025-05-28 04:01:46,019 - INFO - [AUDIT] - Action: 0, Confidence: 1.0000, Safety Mode: SAFE_HOLD, Override: Safe hold mode active
2025-05-28 04:01:46,019 - INFO - [AUDIT] - Action: 0, Confidence: 1.0000, Safety Mode: SAFE_HOLD, Override: Safe hold mode active
2025-05-28 04:01:46,020 - INFO - [AUDIT] - Action: 0, Confidence: 1.0000, Safety Mode: SAFE_HOLD, Override: Safe hold mode active
2025-05-28 04:01:46,020 - INFO - [AUDIT] - Action: 0, Confidence: 1.0000, Safety Mode: SAFE_HOLD, Override: Safe hold mode active
2025-05-28 04:01:46,020 - INFO - [AUDIT] - Action: 0, Confidence: 1.0000, Safety Mode: SAFE_HOLD, Override: Safe hold mode active
2025-05-28 04:01:46,020 - INFO - [AUDIT] - Action: 0, Confidence: 1.0000, Safety Mode: SAFE_HOLD, Override: Safe hold mode active
2025-05-28 04:01:46,020 - INFO - [AUDIT] - Action: 0, Confidence: 1.0000, Safety Mode: SAFE_HOLD, Override: Safe hold mode active
2025-05-28 04:01:46,020 - INFO - [AUDIT] - Action: 0, Confidence: 1.0000, Safety Mode: SAFE_HOLD, Override: Safe hold mode active
2025-05-28 04:01:46,021 - INFO - [AUDIT] - Action: 0, Confidence: 1.0000, Safety Mode: SAFE_HOLD, Override: Safe hold mode active
2025-05-28 04:01:46,021 - INFO - [AUDIT] - Action: 0, Confidence: 1.0000, Safety Mode: SAFE_HOLD, Override: Safe hold mode active
2025-05-28 04:01:46,021 - INFO - [AUDIT] - Action: 0, Confidence: 1.0000, Safety Mode: SAFE_HOLD, Override: Safe hold mode active
2025-05-28 04:01:46,021 - INFO - [AUDIT] - Action: 0, Confidence: 1.0000, Safety Mode: SAFE_HOLD, Override: Safe hold mode active
2025-05-28 04:01:46,021 - INFO - [AUDIT] - Action: 0, Confidence: 1.0000, Safety Mode: SAFE_HOLD, Override: Safe hold mode active
2025-05-28 04:01:46,022 - INFO - [AUDIT] - Action: 0, Confidence: 1.0000, Safety Mode: SAFE_HOLD, Override: Safe hold mode active
2025-05-28 04:01:46,022 - INFO - [AUDIT] - Action: 0, Confidence: 1.0000, Safety Mode: SAFE_HOLD, Override: Safe hold mode active
2025-05-28 04:01:46,022 - INFO - [AUDIT] - Action: 0, Confidence: 1.0000, Safety Mode: SAFE_HOLD, Override: Safe hold mode active
2025-05-28 04:01:46,022 - INFO - [AUDIT] - Action: 0, Confidence: 1.0000, Safety Mode: SAFE_HOLD, Override: Safe hold mode active
2025-05-28 04:01:46,022 - INFO - [AUDIT] - Action: 0, Confidence: 1.0000, Safety Mode: SAFE_HOLD, Override: Safe hold mode active
2025-05-28 04:01:46,023 - INFO - [AUDIT] - Action: 0, Confidence: 1.0000, Safety Mode: SAFE_HOLD, Override: Safe hold mode active
2025-05-28 04:01:46,023 - INFO - [AUDIT] - Action: 0, Confidence: 1.0000, Safety Mode: SAFE_HOLD, Override: Safe hold mode active
2025-05-28 04:01:46,023 - INFO - [AUDIT] - Action: 0, Confidence: 1.0000, Safety Mode: SAFE_HOLD, Override: Safe hold mode active
2025-05-28 04:01:46,023 - INFO - [AUDIT] - Action: 0, Confidence: 1.0000, Safety Mode: SAFE_HOLD, Override: Safe hold mode active
2025-05-28 04:01:46,024 - INFO - [AUDIT] - Action: 0, Confidence: 1.0000, Safety Mode: SAFE_HOLD, Override: Safe hold mode active
2025-05-28 04:01:46,024 - INFO - [AUDIT] - Action: 0, Confidence: 1.0000, Safety Mode: SAFE_HOLD, Override: Safe hold mode active
2025-05-28 04:01:46,024 - INFO - [AUDIT] - Action: 0, Confidence: 1.0000, Safety Mode: SAFE_HOLD, Override: Safe hold mode active
2025-05-28 04:01:46,024 - INFO - [AUDIT] - Action: 0, Confidence: 1.0000, Safety Mode: SAFE_HOLD, Override: Safe hold mode active
2025-05-28 04:01:46,024 - INFO - [AUDIT] - Action: 0, Confidence: 1.0000, Safety Mode: SAFE_HOLD, Override: Safe hold mode active
2025-05-28 04:01:46,024 - INFO - [AUDIT] - Action: 0, Confidence: 1.0000, Safety Mode: SAFE_HOLD, Override: Safe hold mode active
2025-05-28 04:01:46,025 - INFO - [AUDIT] - Action: 0, Confidence: 1.0000, Safety Mode: SAFE_HOLD, Override: Safe hold mode active
2025-05-28 04:01:46,025 - INFO - [AUDIT] - Action: 0, Confidence: 1.0000, Safety Mode: SAFE_HOLD, Override: Safe hold mode active
2025-05-28 04:01:46,025 - INFO - [AUDIT] - Action: 0, Confidence: 1.0000, Safety Mode: SAFE_HOLD, Override: Safe hold mode active
2025-05-28 04:01:46,025 - INFO - [AUDIT] - Action: 0, Confidence: 1.0000, Safety Mode: SAFE_HOLD, Override: Safe hold mode active
2025-05-28 04:01:46,567 - INFO - [AUDIT] - Action: 0, Confidence: 1.0000, Safety Mode: SAFE_HOLD, Override: Safe hold mode active
2025-05-28 04:01:46,568 - INFO - [AUDIT] - Action: 0, Confidence: 1.0000, Safety Mode: SAFE_HOLD, Override: Safe hold mode active
2025-05-28 04:01:46,568 - INFO - [AUDIT] - Action: 0, Confidence: 1.0000, Safety Mode: SAFE_HOLD, Override: Safe hold mode active
2025-05-28 04:01:46,568 - INFO - [AUDIT] - Action: 0, Confidence: 1.0000, Safety Mode: SAFE_HOLD, Override: Safe hold mode active
2025-05-28 04:01:46,569 - INFO - [AUDIT] - Action: 0, Confidence: 1.0000, Safety Mode: SAFE_HOLD, Override: Safe hold mode active
2025-05-28 04:01:46,569 - INFO - [AUDIT] - Action: 0, Confidence: 1.0000, Safety Mode: SAFE_HOLD, Override: Safe hold mode active
2025-05-28 04:01:46,569 - INFO - [AUDIT] - Action: 0, Confidence: 1.0000, Safety Mode: SAFE_HOLD, Override: Safe hold mode active
2025-05-28 04:01:46,569 - INFO - [AUDIT] - Action: 0, Confidence: 1.0000, Safety Mode: SAFE_HOLD, Override: Safe hold mode active
2025-05-28 04:01:46,570 - INFO - [AUDIT] - Action: 0, Confidence: 1.0000, Safety Mode: SAFE_HOLD, Override: Safe hold mode active
2025-05-28 04:01:46,570 - INFO - [AUDIT] - Action: 0, Confidence: 1.0000, Safety Mode: SAFE_HOLD, Override: Safe hold mode active
2025-05-28 04:01:46,570 - INFO - [AUDIT] - Action: 0, Confidence: 1.0000, Safety Mode: SAFE_HOLD, Override: Safe hold mode active
2025-05-28 04:01:46,570 - INFO - [AUDIT] - Action: 0, Confidence: 1.0000, Safety Mode: SAFE_HOLD, Override: Safe hold mode active
2025-05-28 04:01:46,570 - INFO - [AUDIT] - Action: 0, Confidence: 1.0000, Safety Mode: SAFE_HOLD, Override: Safe hold mode active
2025-05-28 04:01:46,571 - INFO - [AUDIT] - Action: 0, Confidence: 1.0000, Safety Mode: SAFE_HOLD, Override: Safe hold mode active
2025-05-28 04:01:46,571 - INFO - [AUDIT] - Action: 0, Confidence: 1.0000, Safety Mode: SAFE_HOLD, Override: Safe hold mode active
2025-05-28 04:01:46,571 - INFO - [AUDIT] - Action: 0, Confidence: 1.0000, Safety Mode: SAFE_HOLD, Override: Safe hold mode active
2025-05-28 04:01:46,571 - INFO - [AUDIT] - Action: 0, Confidence: 1.0000, Safety Mode: SAFE_HOLD, Override: Safe hold mode active
2025-05-28 04:01:46,572 - INFO - [AUDIT] - Action: 0, Confidence: 1.0000, Safety Mode: SAFE_HOLD, Override: Safe hold mode active
2025-05-28 04:01:46,572 - INFO - [AUDIT] - Action: 0, Confidence: 1.0000, Safety Mode: SAFE_HOLD, Override: Safe hold mode active
2025-05-28 04:01:46,572 - INFO - [AUDIT] - Action: 0, Confidence: 1.0000, Safety Mode: SAFE_HOLD, Override: Safe hold mode active
2025-05-28 04:01:46,572 - INFO - [AUDIT] - Action: 0, Confidence: 1.0000, Safety Mode: SAFE_HOLD, Override: Safe hold mode active
2025-05-28 04:01:46,572 - INFO - [AUDIT] - Action: 0, Confidence: 1.0000, Safety Mode: SAFE_HOLD, Override: Safe hold mode active
2025-05-28 04:01:46,572 - INFO - [AUDIT] - Action: 0, Confidence: 1.0000, Safety Mode: SAFE_HOLD, Override: Safe hold mode active
2025-05-28 04:01:46,573 - INFO - [AUDIT] - Action: 0, Confidence: 1.0000, Safety Mode: SAFE_HOLD, Override: Safe hold mode active
2025-05-28 04:01:46,573 - INFO - [AUDIT] - Action: 0, Confidence: 1.0000, Safety Mode: SAFE_HOLD, Override: Safe hold mode active
2025-05-28 04:01:46,573 - INFO - [AUDIT] - Action: 0, Confidence: 1.0000, Safety Mode: SAFE_HOLD, Override: Safe hold mode active
2025-05-28 04:01:46,573 - INFO - [AUDIT] - Action: 0, Confidence: 1.0000, Safety Mode: SAFE_HOLD, Override: Safe hold mode active
2025-05-28 04:01:46,573 - INFO - [AUDIT] - Action: 0, Confidence: 1.0000, Safety Mode: SAFE_HOLD, Override: Safe hold mode active
2025-05-28 04:01:46,574 - INFO - [AUDIT] - Action: 0, Confidence: 1.0000, Safety Mode: SAFE_HOLD, Override: Safe hold mode active
2025-05-28 04:01:46,574 - INFO - [AUDIT] - Action: 0, Confidence: 1.0000, Safety Mode: SAFE_HOLD, Override: Safe hold mode active
2025-05-28 04:01:46,574 - INFO - [AUDIT] - Action: 0, Confidence: 1.0000, Safety Mode: SAFE_HOLD, Override: Safe hold mode active
2025-05-28 04:01:46,574 - INFO - [AUDIT] - Action: 0, Confidence: 1.0000, Safety Mode: SAFE_HOLD, Override: Safe hold mode active
2025-05-28 04:01:46,574 - INFO - [AUDIT] - Action: 0, Confidence: 1.0000, Safety Mode: SAFE_HOLD, Override: Safe hold mode active
2025-05-28 04:01:46,575 - INFO - [AUDIT] - Action: 0, Confidence: 1.0000, Safety Mode: SAFE_HOLD, Override: Safe hold mode active
2025-05-28 04:01:46,575 - INFO - [AUDIT] - Action: 0, Confidence: 1.0000, Safety Mode: SAFE_HOLD, Override: Safe hold mode active
2025-05-28 04:01:46,575 - INFO - [AUDIT] - Action: 0, Confidence: 1.0000, Safety Mode: SAFE_HOLD, Override: Safe hold mode active
2025-05-28 04:01:46,575 - INFO - [AUDIT] - Action: 0, Confidence: 1.0000, Safety Mode: SAFE_HOLD, Override: Safe hold mode active
2025-05-28 04:01:46,575 - INFO - [AUDIT] - Action: 0, Confidence: 1.0000, Safety Mode: SAFE_HOLD, Override: Safe hold mode active
2025-05-28 04:01:46,575 - INFO - [AUDIT] - Action: 0, Confidence: 1.0000, Safety Mode: SAFE_HOLD, Override: Safe hold mode active
2025-05-28 04:01:46,576 - INFO - [AUDIT] - Action: 0, Confidence: 1.0000, Safety Mode: SAFE_HOLD, Override: Safe hold mode active
2025-05-28 04:01:46,576 - INFO - [AUDIT] - Action: 0, Confidence: 1.0000, Safety Mode: SAFE_HOLD, Override: Safe hold mode active
2025-05-28 04:01:46,576 - INFO - [AUDIT] - Action: 0, Confidence: 1.0000, Safety Mode: SAFE_HOLD, Override: Safe hold mode active
2025-05-28 04:01:46,576 - INFO - [AUDIT] - Action: 0, Confidence: 1.0000, Safety Mode: SAFE_HOLD, Override: Safe hold mode active
2025-05-28 04:01:46,576 - INFO - [AUDIT] - Action: 0, Confidence: 1.0000, Safety Mode: SAFE_HOLD, Override: Safe hold mode active
2025-05-28 04:01:46,577 - INFO - [AUDIT] - Action: 0, Confidence: 1.0000, Safety Mode: SAFE_HOLD, Override: Safe hold mode active
2025-05-28 04:01:46,577 - INFO - [AUDIT] - Action: 0, Confidence: 1.0000, Safety Mode: SAFE_HOLD, Override: Safe hold mode active
2025-05-28 04:01:46,577 - INFO - [AUDIT] - Action: 0, Confidence: 1.0000, Safety Mode: SAFE_HOLD, Override: Safe hold mode active
2025-05-28 04:01:46,577 - INFO - [AUDIT] - Action: 0, Confidence: 1.0000, Safety Mode: SAFE_HOLD, Override: Safe hold mode active
2025-05-28 04:01:46,577 - INFO - [AUDIT] - Action: 0, Confidence: 1.0000, Safety Mode: SAFE_HOLD, Override: Safe hold mode active
2025-05-28 04:01:46,578 - INFO - [AUDIT] - Action: 0, Confidence: 1.0000, Safety Mode: SAFE_HOLD, Override: Safe hold mode active
2025-05-28 04:01:46,578 - INFO - [AUDIT] - Action: 0, Confidence: 1.0000, Safety Mode: SAFE_HOLD, Override: Safe hold mode active
2025-05-28 04:01:46,578 - INFO - [AUDIT] - Action: 0, Confidence: 1.0000, Safety Mode: SAFE_HOLD, Override: Safe hold mode active
2025-05-28 04:01:46,578 - INFO - [AUDIT] - Action: 0, Confidence: 1.0000, Safety Mode: SAFE_HOLD, Override: Safe hold mode active
2025-05-28 04:01:46,578 - INFO - [AUDIT] - Action: 0, Confidence: 1.0000, Safety Mode: SAFE_HOLD, Override: Safe hold mode active
2025-05-28 04:01:46,578 - INFO - [AUDIT] - Action: 0, Confidence: 1.0000, Safety Mode: SAFE_HOLD, Override: Safe hold mode active
2025-05-28 04:01:46,579 - INFO - [AUDIT] - Action: 0, Confidence: 1.0000, Safety Mode: SAFE_HOLD, Override: Safe hold mode active
2025-05-28 04:01:46,579 - INFO - [AUDIT] - Action: 0, Confidence: 1.0000, Safety Mode: SAFE_HOLD, Override: Safe hold mode active
2025-05-28 04:01:46,579 - INFO - [AUDIT] - Action: 0, Confidence: 1.0000, Safety Mode: SAFE_HOLD, Override: Safe hold mode active
2025-05-28 04:01:46,579 - INFO - [AUDIT] - Action: 0, Confidence: 1.0000, Safety Mode: SAFE_HOLD, Override: Safe hold mode active
2025-05-28 04:01:46,579 - INFO - [AUDIT] - Action: 0, Confidence: 1.0000, Safety Mode: SAFE_HOLD, Override: Safe hold mode active
2025-05-28 04:01:46,580 - INFO - [AUDIT] - Action: 0, Confidence: 1.0000, Safety Mode: SAFE_HOLD, Override: Safe hold mode active
2025-05-28 04:01:46,580 - INFO - [AUDIT] - Action: 0, Confidence: 1.0000, Safety Mode: SAFE_HOLD, Override: Safe hold mode active
2025-05-28 04:01:46,580 - INFO - [AUDIT] - Action: 0, Confidence: 1.0000, Safety Mode: SAFE_HOLD, Override: Safe hold mode active
2025-05-28 04:01:46,580 - INFO - [AUDIT] - Action: 0, Confidence: 1.0000, Safety Mode: SAFE_HOLD, Override: Safe hold mode active
2025-05-28 04:01:46,580 - INFO - [AUDIT] - Action: 0, Confidence: 1.0000, Safety Mode: SAFE_HOLD, Override: Safe hold mode active
2025-05-28 04:01:46,581 - INFO - [AUDIT] - Action: 0, Confidence: 1.0000, Safety Mode: SAFE_HOLD, Override: Safe hold mode active
2025-05-28 04:01:46,581 - INFO - [AUDIT] - Action: 0, Confidence: 1.0000, Safety Mode: SAFE_HOLD, Override: Safe hold mode active
2025-05-28 04:01:46,581 - INFO - [AUDIT] - Action: 0, Confidence: 1.0000, Safety Mode: SAFE_HOLD, Override: Safe hold mode active
2025-05-28 04:01:46,581 - INFO - [AUDIT] - Action: 0, Confidence: 1.0000, Safety Mode: SAFE_HOLD, Override: Safe hold mode active
2025-05-28 04:01:46,581 - INFO - [AUDIT] - Action: 0, Confidence: 1.0000, Safety Mode: SAFE_HOLD, Override: Safe hold mode active
2025-05-28 04:01:46,582 - INFO - [AUDIT] - Action: 0, Confidence: 1.0000, Safety Mode: SAFE_HOLD, Override: Safe hold mode active
2025-05-28 04:01:46,582 - INFO - [AUDIT] - Action: 0, Confidence: 1.0000, Safety Mode: SAFE_HOLD, Override: Safe hold mode active
2025-05-28 04:01:46,582 - INFO - [AUDIT] - Action: 0, Confidence: 1.0000, Safety Mode: SAFE_HOLD, Override: Safe hold mode active
2025-05-28 04:01:46,582 - INFO - [AUDIT] - Action: 0, Confidence: 1.0000, Safety Mode: SAFE_HOLD, Override: Safe hold mode active
2025-05-28 04:01:46,582 - INFO - [AUDIT] - Action: 0, Confidence: 1.0000, Safety Mode: SAFE_HOLD, Override: Safe hold mode active
2025-05-28 04:01:46,582 - INFO - [AUDIT] - Action: 0, Confidence: 1.0000, Safety Mode: SAFE_HOLD, Override: Safe hold mode active
2025-05-28 04:01:46,583 - INFO - [AUDIT] - Action: 0, Confidence: 1.0000, Safety Mode: SAFE_HOLD, Override: Safe hold mode active
2025-05-28 04:01:46,583 - INFO - [AUDIT] - Action: 0, Confidence: 1.0000, Safety Mode: SAFE_HOLD, Override: Safe hold mode active
2025-05-28 04:01:46,583 - INFO - [AUDIT] - Action: 0, Confidence: 1.0000, Safety Mode: SAFE_HOLD, Override: Safe hold mode active
2025-05-28 04:01:46,583 - INFO - [AUDIT] - Action: 0, Confidence: 1.0000, Safety Mode: SAFE_HOLD, Override: Safe hold mode active
2025-05-28 04:01:46,583 - INFO - [AUDIT] - Action: 0, Confidence: 1.0000, Safety Mode: SAFE_HOLD, Override: Safe hold mode active
2025-05-28 04:01:46,584 - INFO - [AUDIT] - Action: 0, Confidence: 1.0000, Safety Mode: SAFE_HOLD, Override: Safe hold mode active
2025-05-28 04:01:46,584 - INFO - [AUDIT] - Action: 0, Confidence: 1.0000, Safety Mode: SAFE_HOLD, Override: Safe hold mode active
2025-05-28 04:01:46,584 - INFO - [AUDIT] - Action: 0, Confidence: 1.0000, Safety Mode: SAFE_HOLD, Override: Safe hold mode active
2025-05-28 04:01:46,584 - INFO - [AUDIT] - Action: 0, Confidence: 1.0000, Safety Mode: SAFE_HOLD, Override: Safe hold mode active
2025-05-28 04:01:46,585 - INFO - [AUDIT] - Action: 0, Confidence: 1.0000, Safety Mode: SAFE_HOLD, Override: Safe hold mode active
2025-05-28 04:01:46,585 - INFO - [AUDIT] - Action: 0, Confidence: 1.0000, Safety Mode: SAFE_HOLD, Override: Safe hold mode active
2025-05-28 04:01:46,585 - INFO - [AUDIT] - Action: 0, Confidence: 1.0000, Safety Mode: SAFE_HOLD, Override: Safe hold mode active
2025-05-28 04:01:46,585 - INFO - [AUDIT] - Action: 0, Confidence: 1.0000, Safety Mode: SAFE_HOLD, Override: Safe hold mode active
2025-05-28 04:01:46,586 - INFO - [AUDIT] - Action: 0, Confidence: 1.0000, Safety Mode: SAFE_HOLD, Override: Safe hold mode active
2025-05-28 04:01:46,586 - INFO - [AUDIT] - Action: 0, Confidence: 1.0000, Safety Mode: SAFE_HOLD, Override: Safe hold mode active
2025-05-28 04:01:46,586 - INFO - [AUDIT] - Action: 0, Confidence: 1.0000, Safety Mode: SAFE_HOLD, Override: Safe hold mode active
2025-05-28 04:01:46,586 - INFO - [AUDIT] - Action: 0, Confidence: 1.0000, Safety Mode: SAFE_HOLD, Override: Safe hold mode active
2025-05-28 04:01:46,586 - INFO - [AUDIT] - Action: 0, Confidence: 1.0000, Safety Mode: SAFE_HOLD, Override: Safe hold mode active
2025-05-28 04:01:46,587 - INFO - [AUDIT] - Action: 0, Confidence: 1.0000, Safety Mode: SAFE_HOLD, Override: Safe hold mode active
2025-05-28 04:01:46,587 - INFO - [AUDIT] - Action: 0, Confidence: 1.0000, Safety Mode: SAFE_HOLD, Override: Safe hold mode active
2025-05-28 04:01:46,587 - INFO - [AUDIT] - Action: 0, Confidence: 1.0000, Safety Mode: SAFE_HOLD, Override: Safe hold mode active
2025-05-28 04:01:46,587 - INFO - [AUDIT] - Action: 0, Confidence: 1.0000, Safety Mode: SAFE_HOLD, Override: Safe hold mode active
2025-05-28 04:01:46,587 - INFO - [AUDIT] - Action: 0, Confidence: 1.0000, Safety Mode: SAFE_HOLD, Override: Safe hold mode active
2025-05-28 04:01:46,587 - INFO - [AUDIT] - Action: 0, Confidence: 1.0000, Safety Mode: SAFE_HOLD, Override: Safe hold mode active
2025-05-28 04:01:46,588 - INFO - [AUDIT] - Action: 0, Confidence: 1.0000, Safety Mode: SAFE_HOLD, Override: Safe hold mode active
2025-05-28 04:01:46,588 - INFO - [AUDIT] - Action: 0, Confidence: 1.0000, Safety Mode: SAFE_HOLD, Override: Safe hold mode active
2025-05-28 04:01:46,588 - INFO - [AUDIT] - Action: 0, Confidence: 1.0000, Safety Mode: SAFE_HOLD, Override: Safe hold mode active
2025-05-28 04:01:46,588 - INFO - [AUDIT] - Action: 0, Confidence: 1.0000, Safety Mode: SAFE_HOLD, Override: Safe hold mode active
2025-05-28 04:01:46,588 - INFO - [AUDIT] - Action: 0, Confidence: 1.0000, Safety Mode: SAFE_HOLD, Override: Safe hold mode active
2025-05-28 04:01:46,589 - INFO - [AUDIT] - Action: 0, Confidence: 1.0000, Safety Mode: SAFE_HOLD, Override: Safe hold mode active
2025-05-28 04:01:46,589 - INFO - [AUDIT] - Action: 0, Confidence: 1.0000, Safety Mode: SAFE_HOLD, Override: Safe hold mode active
2025-05-28 04:01:46,589 - INFO - [AUDIT] - Action: 0, Confidence: 1.0000, Safety Mode: SAFE_HOLD, Override: Safe hold mode active
2025-05-28 04:01:46,589 - INFO - [AUDIT] - Action: 0, Confidence: 1.0000, Safety Mode: SAFE_HOLD, Override: Safe hold mode active
2025-05-28 04:01:46,590 - INFO - [AUDIT] - Action: 0, Confidence: 1.0000, Safety Mode: SAFE_HOLD, Override: Safe hold mode active
2025-05-28 04:01:46,590 - INFO - [AUDIT] - Action: 0, Confidence: 1.0000, Safety Mode: SAFE_HOLD, Override: Safe hold mode active
2025-05-28 04:01:46,590 - INFO - [AUDIT] - Action: 0, Confidence: 1.0000, Safety Mode: SAFE_HOLD, Override: Safe hold mode active
2025-05-28 04:01:46,590 - INFO - [AUDIT] - Action: 0, Confidence: 1.0000, Safety Mode: SAFE_HOLD, Override: Safe hold mode active
2025-05-28 04:01:46,591 - INFO - [AUDIT] - Action: 0, Confidence: 1.0000, Safety Mode: SAFE_HOLD, Override: Safe hold mode active
2025-05-28 04:01:46,591 - INFO - [AUDIT] - Action: 0, Confidence: 1.0000, Safety Mode: SAFE_HOLD, Override: Safe hold mode active
2025-05-28 04:01:46,591 - INFO - [AUDIT] - Action: 0, Confidence: 1.0000, Safety Mode: SAFE_HOLD, Override: Safe hold mode active
2025-05-28 04:01:46,591 - INFO - [AUDIT] - Action: 0, Confidence: 1.0000, Safety Mode: SAFE_HOLD, Override: Safe hold mode active
2025-05-28 04:01:46,591 - INFO - [AUDIT] - Action: 0, Confidence: 1.0000, Safety Mode: SAFE_HOLD, Override: Safe hold mode active
2025-05-28 04:01:46,591 - INFO - [AUDIT] - Action: 0, Confidence: 1.0000, Safety Mode: SAFE_HOLD, Override: Safe hold mode active
2025-05-28 04:01:46,592 - INFO - [AUDIT] - Action: 0, Confidence: 1.0000, Safety Mode: SAFE_HOLD, Override: Safe hold mode active
2025-05-28 04:01:46,592 - INFO - [AUDIT] - Action: 0, Confidence: 1.0000, Safety Mode: SAFE_HOLD, Override: Safe hold mode active
2025-05-28 04:01:46,592 - INFO - [AUDIT] - Action: 0, Confidence: 1.0000, Safety Mode: SAFE_HOLD, Override: Safe hold mode active
2025-05-28 04:01:46,592 - INFO - [AUDIT] - Action: 0, Confidence: 1.0000, Safety Mode: SAFE_HOLD, Override: Safe hold mode active
2025-05-28 04:01:46,592 - INFO - [AUDIT] - Action: 0, Confidence: 1.0000, Safety Mode: SAFE_HOLD, Override: Safe hold mode active
2025-05-28 04:01:46,592 - INFO - [AUDIT] - Action: 0, Confidence: 1.0000, Safety Mode: SAFE_HOLD, Override: Safe hold mode active
2025-05-28 04:01:46,593 - INFO - [AUDIT] - Action: 0, Confidence: 1.0000, Safety Mode: SAFE_HOLD, Override: Safe hold mode active
2025-05-28 04:01:46,593 - INFO - [AUDIT] - Action: 0, Confidence: 1.0000, Safety Mode: SAFE_HOLD, Override: Safe hold mode active
2025-05-28 04:01:46,593 - INFO - [AUDIT] - Action: 0, Confidence: 1.0000, Safety Mode: SAFE_HOLD, Override: Safe hold mode active
2025-05-28 04:01:46,593 - INFO - [AUDIT] - Action: 0, Confidence: 1.0000, Safety Mode: SAFE_HOLD, Override: Safe hold mode active
2025-05-28 04:01:46,593 - INFO - [AUDIT] - Action: 0, Confidence: 1.0000, Safety Mode: SAFE_HOLD, Override: Safe hold mode active
2025-05-28 04:01:46,594 - INFO - [AUDIT] - Action: 0, Confidence: 1.0000, Safety Mode: SAFE_HOLD, Override: Safe hold mode active
2025-05-28 04:01:46,594 - INFO - [AUDIT] - Action: 0, Confidence: 1.0000, Safety Mode: SAFE_HOLD, Override: Safe hold mode active
2025-05-28 04:01:46,594 - INFO - [AUDIT] - Action: 0, Confidence: 1.0000, Safety Mode: SAFE_HOLD, Override: Safe hold mode active
2025-05-28 04:01:46,594 - INFO - [AUDIT] - Action: 0, Confidence: 1.0000, Safety Mode: SAFE_HOLD, Override: Safe hold mode active
2025-05-28 04:01:46,594 - INFO - [AUDIT] - Action: 0, Confidence: 1.0000, Safety Mode: SAFE_HOLD, Override: Safe hold mode active
2025-05-28 04:01:46,595 - INFO - [AUDIT] - Action: 0, Confidence: 1.0000, Safety Mode: SAFE_HOLD, Override: Safe hold mode active
2025-05-28 04:01:46,595 - INFO - [AUDIT] - Action: 0, Confidence: 1.0000, Safety Mode: SAFE_HOLD, Override: Safe hold mode active
2025-05-28 04:01:46,595 - INFO - [AUDIT] - Action: 0, Confidence: 1.0000, Safety Mode: SAFE_HOLD, Override: Safe hold mode active
2025-05-28 04:01:46,595 - INFO - [AUDIT] - Action: 0, Confidence: 1.0000, Safety Mode: SAFE_HOLD, Override: Safe hold mode active
2025-05-28 04:01:46,595 - INFO - [AUDIT] - Action: 0, Confidence: 1.0000, Safety Mode: SAFE_HOLD, Override: Safe hold mode active
2025-05-28 04:01:46,596 - INFO - [AUDIT] - Action: 0, Confidence: 1.0000, Safety Mode: SAFE_HOLD, Override: Safe hold mode active
2025-05-28 04:01:46,596 - INFO - [AUDIT] - Action: 0, Confidence: 1.0000, Safety Mode: SAFE_HOLD, Override: Safe hold mode active
2025-05-28 04:01:46,596 - INFO - [AUDIT] - Action: 0, Confidence: 1.0000, Safety Mode: SAFE_HOLD, Override: Safe hold mode active
2025-05-28 04:01:46,596 - INFO - [AUDIT] - Action: 0, Confidence: 1.0000, Safety Mode: SAFE_HOLD, Override: Safe hold mode active
2025-05-28 04:01:46,596 - INFO - [AUDIT] - Action: 0, Confidence: 1.0000, Safety Mode: SAFE_HOLD, Override: Safe hold mode active
2025-05-28 04:01:46,597 - INFO - [AUDIT] - Action: 0, Confidence: 1.0000, Safety Mode: SAFE_HOLD, Override: Safe hold mode active
2025-05-28 04:01:46,597 - INFO - [AUDIT] - Action: 0, Confidence: 1.0000, Safety Mode: SAFE_HOLD, Override: Safe hold mode active
2025-05-28 04:01:46,597 - INFO - [AUDIT] - Action: 0, Confidence: 1.0000, Safety Mode: SAFE_HOLD, Override: Safe hold mode active
2025-05-28 04:01:46,597 - INFO - [AUDIT] - Action: 0, Confidence: 1.0000, Safety Mode: SAFE_HOLD, Override: Safe hold mode active
2025-05-28 04:01:46,597 - INFO - [AUDIT] - Action: 0, Confidence: 1.0000, Safety Mode: SAFE_HOLD, Override: Safe hold mode active
2025-05-28 04:01:46,598 - INFO - [AUDIT] - Action: 0, Confidence: 1.0000, Safety Mode: SAFE_HOLD, Override: Safe hold mode active
2025-05-28 04:01:46,598 - INFO - [AUDIT] - Action: 0, Confidence: 1.0000, Safety Mode: SAFE_HOLD, Override: Safe hold mode active
2025-05-28 04:01:46,598 - INFO - [AUDIT] - Action: 0, Confidence: 1.0000, Safety Mode: SAFE_HOLD, Override: Safe hold mode active
2025-05-28 04:01:46,598 - INFO - [AUDIT] - Action: 0, Confidence: 1.0000, Safety Mode: SAFE_HOLD, Override: Safe hold mode active
2025-05-28 04:01:46,598 - INFO - [AUDIT] - Action: 0, Confidence: 1.0000, Safety Mode: SAFE_HOLD, Override: Safe hold mode active
2025-05-28 04:01:46,599 - INFO - [AUDIT] - Action: 0, Confidence: 1.0000, Safety Mode: SAFE_HOLD, Override: Safe hold mode active
2025-05-28 04:01:46,599 - INFO - [AUDIT] - Action: 0, Confidence: 1.0000, Safety Mode: SAFE_HOLD, Override: Safe hold mode active
2025-05-28 04:01:46,599 - INFO - [AUDIT] - Action: 0, Confidence: 1.0000, Safety Mode: SAFE_HOLD, Override: Safe hold mode active
2025-05-28 04:01:46,600 - INFO - [AUDIT] - Action: 0, Confidence: 1.0000, Safety Mode: SAFE_HOLD, Override: Safe hold mode active
2025-05-28 04:01:46,600 - INFO - [AUDIT] - Action: 0, Confidence: 1.0000, Safety Mode: SAFE_HOLD, Override: Safe hold mode active
2025-05-28 04:01:46,601 - INFO - [AUDIT] - Action: 0, Confidence: 1.0000, Safety Mode: SAFE_HOLD, Override: Safe hold mode active
2025-05-28 04:01:46,601 - INFO - [AUDIT] - Action: 0, Confidence: 1.0000, Safety Mode: SAFE_HOLD, Override: Safe hold mode active
2025-05-28 04:01:46,602 - INFO - [AUDIT] - Action: 0, Confidence: 1.0000, Safety Mode: SAFE_HOLD, Override: Safe hold mode active
2025-05-28 04:01:46,602 - INFO - [AUDIT] - Action: 0, Confidence: 1.0000, Safety Mode: SAFE_HOLD, Override: Safe hold mode active
2025-05-28 04:01:46,603 - INFO - [AUDIT] - Action: 0, Confidence: 1.0000, Safety Mode: SAFE_HOLD, Override: Safe hold mode active
2025-05-28 04:01:46,603 - INFO - [AUDIT] - Action: 0, Confidence: 1.0000, Safety Mode: SAFE_HOLD, Override: Safe hold mode active
2025-05-28 04:01:46,604 - INFO - [AUDIT] - Action: 0, Confidence: 1.0000, Safety Mode: SAFE_HOLD, Override: Safe hold mode active
2025-05-28 04:01:46,604 - INFO - [AUDIT] - Action: 0, Confidence: 1.0000, Safety Mode: SAFE_HOLD, Override: Safe hold mode active
2025-05-28 04:01:46,604 - INFO - [AUDIT] - Action: 0, Confidence: 1.0000, Safety Mode: SAFE_HOLD, Override: Safe hold mode active
2025-05-28 04:01:46,605 - INFO - [AUDIT] - Action: 0, Confidence: 1.0000, Safety Mode: SAFE_HOLD, Override: Safe hold mode active
2025-05-28 04:01:46,605 - INFO - [AUDIT] - Action: 0, Confidence: 1.0000, Safety Mode: SAFE_HOLD, Override: Safe hold mode active
2025-05-28 04:01:46,605 - INFO - [AUDIT] - Action: 0, Confidence: 1.0000, Safety Mode: SAFE_HOLD, Override: Safe hold mode active
2025-05-28 04:01:46,606 - INFO - [AUDIT] - Action: 0, Confidence: 1.0000, Safety Mode: SAFE_HOLD, Override: Safe hold mode active
2025-05-28 04:01:46,606 - INFO - [AUDIT] - Action: 0, Confidence: 1.0000, Safety Mode: SAFE_HOLD, Override: Safe hold mode active
2025-05-28 04:01:46,606 - INFO - [AUDIT] - Action: 0, Confidence: 1.0000, Safety Mode: SAFE_HOLD, Override: Safe hold mode active
2025-05-28 04:01:46,606 - INFO - [AUDIT] - Action: 0, Confidence: 1.0000, Safety Mode: SAFE_HOLD, Override: Safe hold mode active
2025-05-28 04:01:46,607 - INFO - [AUDIT] - Action: 0, Confidence: 1.0000, Safety Mode: SAFE_HOLD, Override: Safe hold mode active
2025-05-28 04:01:46,608 - INFO - [AUDIT] - Action: 0, Confidence: 1.0000, Safety Mode: SAFE_HOLD, Override: Safe hold mode active
2025-05-28 04:01:46,608 - INFO - [AUDIT] - Action: 0, Confidence: 1.0000, Safety Mode: SAFE_HOLD, Override: Safe hold mode active
2025-05-28 04:01:46,608 - INFO - [AUDIT] - Action: 0, Confidence: 1.0000, Safety Mode: SAFE_HOLD, Override: Safe hold mode active
2025-05-28 04:01:46,608 - INFO - [AUDIT] - Action: 0, Confidence: 1.0000, Safety Mode: SAFE_HOLD, Override: Safe hold mode active
2025-05-28 04:01:46,609 - INFO - [AUDIT] - Action: 0, Confidence: 1.0000, Safety Mode: SAFE_HOLD, Override: Safe hold mode active
2025-05-28 04:01:46,609 - INFO - [AUDIT] - Action: 0, Confidence: 1.0000, Safety Mode: SAFE_HOLD, Override: Safe hold mode active
2025-05-28 04:01:46,609 - INFO - [AUDIT] - Action: 0, Confidence: 1.0000, Safety Mode: SAFE_HOLD, Override: Safe hold mode active
2025-05-28 04:01:46,609 - INFO - [AUDIT] - Action: 0, Confidence: 1.0000, Safety Mode: SAFE_HOLD, Override: Safe hold mode active
2025-05-28 04:01:46,610 - INFO - [AUDIT] - Action: 0, Confidence: 1.0000, Safety Mode: SAFE_HOLD, Override: Safe hold mode active
2025-05-28 04:01:46,610 - INFO - [AUDIT] - Action: 0, Confidence: 1.0000, Safety Mode: SAFE_HOLD, Override: Safe hold mode active
2025-05-28 04:01:46,610 - INFO - [AUDIT] - Action: 0, Confidence: 1.0000, Safety Mode: SAFE_HOLD, Override: Safe hold mode active
2025-05-28 04:01:46,611 - INFO - [AUDIT] - Action: 0, Confidence: 1.0000, Safety Mode: SAFE_HOLD, Override: Safe hold mode active
2025-05-28 04:01:46,611 - INFO - [AUDIT] - Action: 0, Confidence: 1.0000, Safety Mode: SAFE_HOLD, Override: Safe hold mode active
2025-05-28 04:01:46,612 - INFO - [AUDIT] - Action: 0, Confidence: 1.0000, Safety Mode: SAFE_HOLD, Override: Safe hold mode active
2025-05-28 04:01:46,612 - INFO - [AUDIT] - Action: 0, Confidence: 1.0000, Safety Mode: SAFE_HOLD, Override: Safe hold mode active
2025-05-28 04:01:46,612 - INFO - [AUDIT] - Action: 0, Confidence: 1.0000, Safety Mode: SAFE_HOLD, Override: Safe hold mode active
2025-05-28 04:01:46,613 - INFO - [AUDIT] - Action: 0, Confidence: 1.0000, Safety Mode: SAFE_HOLD, Override: Safe hold mode active
2025-05-28 04:01:46,613 - INFO - [AUDIT] - Action: 0, Confidence: 1.0000, Safety Mode: SAFE_HOLD, Override: Safe hold mode active
2025-05-28 04:01:46,613 - INFO - [AUDIT] - Action: 0, Confidence: 1.0000, Safety Mode: SAFE_HOLD, Override: Safe hold mode active
2025-05-28 04:01:46,614 - INFO - [AUDIT] - Action: 0, Confidence: 1.0000, Safety Mode: SAFE_HOLD, Override: Safe hold mode active
2025-05-28 04:01:46,614 - INFO - [AUDIT] - Action: 0, Confidence: 1.0000, Safety Mode: SAFE_HOLD, Override: Safe hold mode active
2025-05-28 04:01:46,614 - INFO - [AUDIT] - Action: 0, Confidence: 1.0000, Safety Mode: SAFE_HOLD, Override: Safe hold mode active
2025-05-28 04:01:46,615 - INFO - [AUDIT] - Action: 0, Confidence: 1.0000, Safety Mode: SAFE_HOLD, Override: Safe hold mode active
2025-05-28 04:01:46,615 - INFO - [AUDIT] - Action: 0, Confidence: 1.0000, Safety Mode: SAFE_HOLD, Override: Safe hold mode active
2025-05-28 04:01:46,616 - INFO - [AUDIT] - Action: 0, Confidence: 1.0000, Safety Mode: SAFE_HOLD, Override: Safe hold mode active
2025-05-28 04:01:46,616 - INFO - [AUDIT] - Action: 0, Confidence: 1.0000, Safety Mode: SAFE_HOLD, Override: Safe hold mode active
2025-05-28 04:01:46,616 - INFO - [AUDIT] - Action: 0, Confidence: 1.0000, Safety Mode: SAFE_HOLD, Override: Safe hold mode active
2025-05-28 04:01:46,617 - INFO - [AUDIT] - Action: 0, Confidence: 1.0000, Safety Mode: SAFE_HOLD, Override: Safe hold mode active
2025-05-28 04:01:46,617 - INFO - [AUDIT] - Action: 0, Confidence: 1.0000, Safety Mode: SAFE_HOLD, Override: Safe hold mode active
2025-05-28 04:01:46,617 - INFO - [AUDIT] - Action: 0, Confidence: 1.0000, Safety Mode: SAFE_HOLD, Override: Safe hold mode active
2025-05-28 04:01:46,618 - INFO - [AUDIT] - Action: 0, Confidence: 1.0000, Safety Mode: SAFE_HOLD, Override: Safe hold mode active
2025-05-28 04:01:46,619 - INFO - [AUDIT] - Action: 0, Confidence: 1.0000, Safety Mode: SAFE_HOLD, Override: Safe hold mode active
2025-05-28 04:01:46,619 - INFO - [AUDIT] - Action: 0, Confidence: 1.0000, Safety Mode: SAFE_HOLD, Override: Safe hold mode active
2025-05-28 04:01:46,620 - INFO - [AUDIT] - Action: 0, Confidence: 1.0000, Safety Mode: SAFE_HOLD, Override: Safe hold mode active
2025-05-28 04:01:46,621 - INFO - [AUDIT] - Action: 0, Confidence: 1.0000, Safety Mode: SAFE_HOLD, Override: Safe hold mode active
2025-05-28 04:01:46,621 - INFO - [AUDIT] - Action: 0, Confidence: 1.0000, Safety Mode: SAFE_HOLD, Override: Safe hold mode active
2025-05-28 04:01:46,621 - INFO - [AUDIT] - Action: 0, Confidence: 1.0000, Safety Mode: SAFE_HOLD, Override: Safe hold mode active
2025-05-28 04:01:46,621 - INFO - [AUDIT] - Action: 0, Confidence: 1.0000, Safety Mode: SAFE_HOLD, Override: Safe hold mode active
2025-05-28 04:01:46,622 - INFO - [AUDIT] - Action: 0, Confidence: 1.0000, Safety Mode: SAFE_HOLD, Override: Safe hold mode active
2025-05-28 04:01:46,622 - INFO - [AUDIT] - Action: 0, Confidence: 1.0000, Safety Mode: SAFE_HOLD, Override: Safe hold mode active
2025-05-28 04:01:46,622 - INFO - [AUDIT] - Action: 0, Confidence: 1.0000, Safety Mode: SAFE_HOLD, Override: Safe hold mode active
2025-05-28 04:01:46,623 - INFO - [AUDIT] - Action: 0, Confidence: 1.0000, Safety Mode: SAFE_HOLD, Override: Safe hold mode active
2025-05-28 04:01:46,623 - INFO - [AUDIT] - Action: 0, Confidence: 1.0000, Safety Mode: SAFE_HOLD, Override: Safe hold mode active
2025-05-28 04:01:46,623 - INFO - [AUDIT] - Action: 0, Confidence: 1.0000, Safety Mode: SAFE_HOLD, Override: Safe hold mode active
2025-05-28 04:01:46,623 - INFO - [AUDIT] - Action: 0, Confidence: 1.0000, Safety Mode: SAFE_HOLD, Override: Safe hold mode active
2025-05-28 04:01:46,624 - INFO - [AUDIT] - Action: 0, Confidence: 1.0000, Safety Mode: SAFE_HOLD, Override: Safe hold mode active
2025-05-28 04:01:46,624 - INFO - [AUDIT] - Action: 0, Confidence: 1.0000, Safety Mode: SAFE_HOLD, Override: Safe hold mode active
2025-05-28 04:01:46,624 - INFO - [AUDIT] - Action: 0, Confidence: 1.0000, Safety Mode: SAFE_HOLD, Override: Safe hold mode active
2025-05-28 04:01:46,625 - INFO - [AUDIT] - Action: 0, Confidence: 1.0000, Safety Mode: SAFE_HOLD, Override: Safe hold mode active
2025-05-28 04:01:46,625 - INFO - [AUDIT] - Action: 0, Confidence: 1.0000, Safety Mode: SAFE_HOLD, Override: Safe hold mode active
2025-05-28 04:01:46,625 - INFO - [AUDIT] - Action: 0, Confidence: 1.0000, Safety Mode: SAFE_HOLD, Override: Safe hold mode active
2025-05-28 04:01:46,626 - INFO - [AUDIT] - Action: 0, Confidence: 1.0000, Safety Mode: SAFE_HOLD, Override: Safe hold mode active
2025-05-28 04:01:46,626 - INFO - [AUDIT] - Action: 0, Confidence: 1.0000, Safety Mode: SAFE_HOLD, Override: Safe hold mode active
2025-05-28 04:01:46,626 - INFO - [AUDIT] - Action: 0, Confidence: 1.0000, Safety Mode: SAFE_HOLD, Override: Safe hold mode active
2025-05-28 04:01:46,627 - INFO - [AUDIT] - Action: 0, Confidence: 1.0000, Safety Mode: SAFE_HOLD, Override: Safe hold mode active
2025-05-28 04:01:46,627 - INFO - [AUDIT] - Action: 0, Confidence: 1.0000, Safety Mode: SAFE_HOLD, Override: Safe hold mode active
2025-05-28 04:01:46,627 - INFO - [AUDIT] - Action: 0, Confidence: 1.0000, Safety Mode: SAFE_HOLD, Override: Safe hold mode active
2025-05-28 04:01:46,627 - INFO - [AUDIT] - Action: 0, Confidence: 1.0000, Safety Mode: SAFE_HOLD, Override: Safe hold mode active
2025-05-28 04:01:46,628 - INFO - [AUDIT] - Action: 0, Confidence: 1.0000, Safety Mode: SAFE_HOLD, Override: Safe hold mode active
2025-05-28 04:01:46,628 - INFO - [AUDIT] - Action: 0, Confidence: 1.0000, Safety Mode: SAFE_HOLD, Override: Safe hold mode active
2025-05-28 04:01:46,628 - INFO - [AUDIT] - Action: 0, Confidence: 1.0000, Safety Mode: SAFE_HOLD, Override: Safe hold mode active
2025-05-28 04:01:46,628 - INFO - [AUDIT] - Action: 0, Confidence: 1.0000, Safety Mode: SAFE_HOLD, Override: Safe hold mode active
2025-05-28 04:01:46,629 - INFO - [AUDIT] - Action: 0, Confidence: 1.0000, Safety Mode: SAFE_HOLD, Override: Safe hold mode active
2025-05-28 04:01:46,629 - INFO - [AUDIT] - Action: 0, Confidence: 1.0000, Safety Mode: SAFE_HOLD, Override: Safe hold mode active
2025-05-28 04:01:46,630 - INFO - [AUDIT] - Action: 0, Confidence: 1.0000, Safety Mode: SAFE_HOLD, Override: Safe hold mode active
2025-05-28 04:01:46,630 - INFO - [AUDIT] - Action: 0, Confidence: 1.0000, Safety Mode: SAFE_HOLD, Override: Safe hold mode active
2025-05-28 04:01:46,630 - INFO - [AUDIT] - Action: 0, Confidence: 1.0000, Safety Mode: SAFE_HOLD, Override: Safe hold mode active
2025-05-28 04:01:46,630 - INFO - [AUDIT] - Action: 0, Confidence: 1.0000, Safety Mode: SAFE_HOLD, Override: Safe hold mode active
2025-05-28 04:01:46,631 - INFO - [AUDIT] - Action: 0, Confidence: 1.0000, Safety Mode: SAFE_HOLD, Override: Safe hold mode active
2025-05-28 04:01:46,631 - INFO - [AUDIT] - Action: 0, Confidence: 1.0000, Safety Mode: SAFE_HOLD, Override: Safe hold mode active
2025-05-28 04:01:46,631 - INFO - [AUDIT] - Action: 0, Confidence: 1.0000, Safety Mode: SAFE_HOLD, Override: Safe hold mode active
2025-05-28 04:01:46,632 - INFO - [AUDIT] - Action: 0, Confidence: 1.0000, Safety Mode: SAFE_HOLD, Override: Safe hold mode active
2025-05-28 04:01:46,632 - INFO - [AUDIT] - Action: 0, Confidence: 1.0000, Safety Mode: SAFE_HOLD, Override: Safe hold mode active
2025-05-28 04:01:46,632 - INFO - [AUDIT] - Action: 0, Confidence: 1.0000, Safety Mode: SAFE_HOLD, Override: Safe hold mode active
2025-05-28 04:01:46,632 - INFO - [AUDIT] - Action: 0, Confidence: 1.0000, Safety Mode: SAFE_HOLD, Override: Safe hold mode active
2025-05-28 04:01:46,632 - INFO - [AUDIT] - Action: 0, Confidence: 1.0000, Safety Mode: SAFE_HOLD, Override: Safe hold mode active
2025-05-28 04:01:46,633 - INFO - [AUDIT] - Action: 0, Confidence: 1.0000, Safety Mode: SAFE_HOLD, Override: Safe hold mode active
2025-05-28 04:01:46,633 - INFO - [AUDIT] - Action: 0, Confidence: 1.0000, Safety Mode: SAFE_HOLD, Override: Safe hold mode active
2025-05-28 04:01:46,633 - INFO - [AUDIT] - Action: 0, Confidence: 1.0000, Safety Mode: SAFE_HOLD, Override: Safe hold mode active
2025-05-28 04:01:46,633 - INFO - [AUDIT] - Action: 0, Confidence: 1.0000, Safety Mode: SAFE_HOLD, Override: Safe hold mode active
2025-05-28 04:01:46,634 - INFO - [AUDIT] - Action: 0, Confidence: 1.0000, Safety Mode: SAFE_HOLD, Override: Safe hold mode active
2025-05-28 04:01:46,634 - INFO - [AUDIT] - Action: 0, Confidence: 1.0000, Safety Mode: SAFE_HOLD, Override: Safe hold mode active
2025-05-28 04:01:46,634 - INFO - [AUDIT] - Action: 0, Confidence: 1.0000, Safety Mode: SAFE_HOLD, Override: Safe hold mode active
2025-05-28 04:01:46,635 - INFO - [AUDIT] - Action: 0, Confidence: 1.0000, Safety Mode: SAFE_HOLD, Override: Safe hold mode active
2025-05-28 04:01:46,636 - INFO - [AUDIT] - Action: 0, Confidence: 1.0000, Safety Mode: SAFE_HOLD, Override: Safe hold mode active
2025-05-28 04:01:46,636 - INFO - [AUDIT] - Action: 0, Confidence: 1.0000, Safety Mode: SAFE_HOLD, Override: Safe hold mode active
2025-05-28 04:01:46,637 - INFO - [AUDIT] - Action: 0, Confidence: 1.0000, Safety Mode: SAFE_HOLD, Override: Safe hold mode active
2025-05-28 04:01:46,637 - INFO - [AUDIT] - Action: 0, Confidence: 1.0000, Safety Mode: SAFE_HOLD, Override: Safe hold mode active
2025-05-28 04:01:46,638 - INFO - [AUDIT] - Action: 0, Confidence: 1.0000, Safety Mode: SAFE_HOLD, Override: Safe hold mode active
2025-05-28 04:01:46,638 - INFO - [AUDIT] - Action: 0, Confidence: 1.0000, Safety Mode: SAFE_HOLD, Override: Safe hold mode active
2025-05-28 04:01:46,639 - INFO - [AUDIT] - Action: 0, Confidence: 1.0000, Safety Mode: SAFE_HOLD, Override: Safe hold mode active
2025-05-28 04:01:46,639 - INFO - [AUDIT] - Action: 0, Confidence: 1.0000, Safety Mode: SAFE_HOLD, Override: Safe hold mode active
2025-05-28 04:01:46,640 - INFO - [AUDIT] - Action: 0, Confidence: 1.0000, Safety Mode: SAFE_HOLD, Override: Safe hold mode active
2025-05-28 04:01:46,640 - INFO - [AUDIT] - Action: 0, Confidence: 1.0000, Safety Mode: SAFE_HOLD, Override: Safe hold mode active
2025-05-28 04:01:46,640 - INFO - [AUDIT] - Action: 0, Confidence: 1.0000, Safety Mode: SAFE_HOLD, Override: Safe hold mode active
2025-05-28 04:01:46,640 - INFO - [AUDIT] - Action: 0, Confidence: 1.0000, Safety Mode: SAFE_HOLD, Override: Safe hold mode active
2025-05-28 04:01:46,640 - INFO - [AUDIT] - Action: 0, Confidence: 1.0000, Safety Mode: SAFE_HOLD, Override: Safe hold mode active
2025-05-28 04:01:46,641 - INFO - [AUDIT] - Action: 0, Confidence: 1.0000, Safety Mode: SAFE_HOLD, Override: Safe hold mode active
2025-05-28 04:01:46,641 - INFO - [AUDIT] - Action: 0, Confidence: 1.0000, Safety Mode: SAFE_HOLD, Override: Safe hold mode active
2025-05-28 04:01:46,641 - INFO - [AUDIT] - Action: 0, Confidence: 1.0000, Safety Mode: SAFE_HOLD, Override: Safe hold mode active
2025-05-28 04:01:46,642 - INFO - [AUDIT] - Action: 0, Confidence: 1.0000, Safety Mode: SAFE_HOLD, Override: Safe hold mode active
2025-05-28 04:01:46,642 - INFO - [AUDIT] - Action: 0, Confidence: 1.0000, Safety Mode: SAFE_HOLD, Override: Safe hold mode active
2025-05-28 04:01:46,642 - INFO - [AUDIT] - Action: 0, Confidence: 1.0000, Safety Mode: SAFE_HOLD, Override: Safe hold mode active
2025-05-28 04:01:46,643 - INFO - [AUDIT] - Action: 0, Confidence: 1.0000, Safety Mode: SAFE_HOLD, Override: Safe hold mode active
2025-05-28 04:01:46,643 - INFO - [AUDIT] - Action: 0, Confidence: 1.0000, Safety Mode: SAFE_HOLD, Override: Safe hold mode active
2025-05-28 04:01:46,643 - INFO - [AUDIT] - Action: 0, Confidence: 1.0000, Safety Mode: SAFE_HOLD, Override: Safe hold mode active
2025-05-28 04:01:46,644 - INFO - [AUDIT] - Action: 0, Confidence: 1.0000, Safety Mode: SAFE_HOLD, Override: Safe hold mode active
2025-05-28 04:01:46,644 - INFO - [AUDIT] - Action: 0, Confidence: 1.0000, Safety Mode: SAFE_HOLD, Override: Safe hold mode active
2025-05-28 04:01:46,644 - INFO - [AUDIT] - Action: 0, Confidence: 1.0000, Safety Mode: SAFE_HOLD, Override: Safe hold mode active
2025-05-28 04:01:46,645 - INFO - [AUDIT] - Action: 0, Confidence: 1.0000, Safety Mode: SAFE_HOLD, Override: Safe hold mode active
2025-05-28 04:01:46,645 - INFO - [AUDIT] - Action: 0, Confidence: 1.0000, Safety Mode: SAFE_HOLD, Override: Safe hold mode active
2025-05-28 04:01:46,645 - INFO - [AUDIT] - Action: 0, Confidence: 1.0000, Safety Mode: SAFE_HOLD, Override: Safe hold mode active
2025-05-28 04:01:46,645 - INFO - [AUDIT] - Action: 0, Confidence: 1.0000, Safety Mode: SAFE_HOLD, Override: Safe hold mode active
2025-05-28 04:01:46,645 - INFO - [AUDIT] - Action: 0, Confidence: 1.0000, Safety Mode: SAFE_HOLD, Override: Safe hold mode active
2025-05-28 04:01:46,645 - INFO - [AUDIT] - Action: 0, Confidence: 1.0000, Safety Mode: SAFE_HOLD, Override: Safe hold mode active
2025-05-28 04:01:46,646 - INFO - [AUDIT] - Action: 0, Confidence: 1.0000, Safety Mode: SAFE_HOLD, Override: Safe hold mode active
2025-05-28 04:01:46,646 - INFO - [AUDIT] - Action: 0, Confidence: 1.0000, Safety Mode: SAFE_HOLD, Override: Safe hold mode active
2025-05-28 04:01:46,646 - INFO - [AUDIT] - Action: 0, Confidence: 1.0000, Safety Mode: SAFE_HOLD, Override: Safe hold mode active
2025-05-28 04:01:46,646 - INFO - [AUDIT] - Action: 0, Confidence: 1.0000, Safety Mode: SAFE_HOLD, Override: Safe hold mode active
2025-05-28 04:01:46,647 - INFO - [AUDIT] - Action: 0, Confidence: 1.0000, Safety Mode: SAFE_HOLD, Override: Safe hold mode active
2025-05-28 04:01:46,647 - INFO - [AUDIT] - Action: 0, Confidence: 1.0000, Safety Mode: SAFE_HOLD, Override: Safe hold mode active
2025-05-28 04:01:46,647 - INFO - [AUDIT] - Action: 0, Confidence: 1.0000, Safety Mode: SAFE_HOLD, Override: Safe hold mode active
2025-05-28 04:01:46,647 - INFO - [AUDIT] - Action: 0, Confidence: 1.0000, Safety Mode: SAFE_HOLD, Override: Safe hold mode active
2025-05-28 04:01:46,647 - INFO - [AUDIT] - Action: 0, Confidence: 1.0000, Safety Mode: SAFE_HOLD, Override: Safe hold mode active
2025-05-28 04:01:46,648 - INFO - [AUDIT] - Action: 0, Confidence: 1.0000, Safety Mode: SAFE_HOLD, Override: Safe hold mode active
2025-05-28 04:01:46,648 - INFO - [AUDIT] - Action: 0, Confidence: 1.0000, Safety Mode: SAFE_HOLD, Override: Safe hold mode active
2025-05-28 04:01:46,648 - INFO - [AUDIT] - Action: 0, Confidence: 1.0000, Safety Mode: SAFE_HOLD, Override: Safe hold mode active
2025-05-28 04:01:46,648 - INFO - [AUDIT] - Action: 0, Confidence: 1.0000, Safety Mode: SAFE_HOLD, Override: Safe hold mode active
2025-05-28 04:01:46,648 - INFO - [AUDIT] - Action: 0, Confidence: 1.0000, Safety Mode: SAFE_HOLD, Override: Safe hold mode active
2025-05-28 04:01:46,649 - INFO - [AUDIT] - Action: 0, Confidence: 1.0000, Safety Mode: SAFE_HOLD, Override: Safe hold mode active
2025-05-28 04:01:46,649 - INFO - [AUDIT] - Action: 0, Confidence: 1.0000, Safety Mode: SAFE_HOLD, Override: Safe hold mode active
2025-05-28 04:01:46,649 - INFO - [AUDIT] - Action: 0, Confidence: 1.0000, Safety Mode: SAFE_HOLD, Override: Safe hold mode active
2025-05-28 04:01:46,649 - INFO - [AUDIT] - Action: 0, Confidence: 1.0000, Safety Mode: SAFE_HOLD, Override: Safe hold mode active
2025-05-28 04:01:46,649 - INFO - [AUDIT] - Action: 0, Confidence: 1.0000, Safety Mode: SAFE_HOLD, Override: Safe hold mode active
2025-05-28 04:01:46,650 - INFO - [AUDIT] - Action: 0, Confidence: 1.0000, Safety Mode: SAFE_HOLD, Override: Safe hold mode active
2025-05-28 04:01:46,650 - INFO - [AUDIT] - Action: 0, Confidence: 1.0000, Safety Mode: SAFE_HOLD, Override: Safe hold mode active
2025-05-28 04:01:46,650 - INFO - [AUDIT] - Action: 0, Confidence: 1.0000, Safety Mode: SAFE_HOLD, Override: Safe hold mode active
2025-05-28 04:01:46,650 - INFO - [AUDIT] - Action: 0, Confidence: 1.0000, Safety Mode: SAFE_HOLD, Override: Safe hold mode active
2025-05-28 04:01:46,650 - INFO - [AUDIT] - Action: 0, Confidence: 1.0000, Safety Mode: SAFE_HOLD, Override: Safe hold mode active
2025-05-28 04:01:46,651 - INFO - [AUDIT] - Action: 0, Confidence: 1.0000, Safety Mode: SAFE_HOLD, Override: Safe hold mode active
2025-05-28 04:01:46,651 - INFO - [AUDIT] - Action: 0, Confidence: 1.0000, Safety Mode: SAFE_HOLD, Override: Safe hold mode active
2025-05-28 04:01:46,651 - INFO - [AUDIT] - Action: 0, Confidence: 1.0000, Safety Mode: SAFE_HOLD, Override: Safe hold mode active
2025-05-28 04:01:46,652 - INFO - [AUDIT] - Action: 0, Confidence: 1.0000, Safety Mode: SAFE_HOLD, Override: Safe hold mode active
2025-05-28 04:01:46,652 - INFO - [AUDIT] - Action: 0, Confidence: 1.0000, Safety Mode: SAFE_HOLD, Override: Safe hold mode active
2025-05-28 04:01:46,652 - INFO - [AUDIT] - Action: 0, Confidence: 1.0000, Safety Mode: SAFE_HOLD, Override: Safe hold mode active
2025-05-28 04:01:46,652 - INFO - [AUDIT] - Action: 0, Confidence: 1.0000, Safety Mode: SAFE_HOLD, Override: Safe hold mode active
2025-05-28 04:01:46,652 - INFO - [AUDIT] - Action: 0, Confidence: 1.0000, Safety Mode: SAFE_HOLD, Override: Safe hold mode active
2025-05-28 04:01:46,653 - INFO - [AUDIT] - Action: 0, Confidence: 1.0000, Safety Mode: SAFE_HOLD, Override: Safe hold mode active
2025-05-28 04:01:46,653 - INFO - [AUDIT] - Action: 0, Confidence: 1.0000, Safety Mode: SAFE_HOLD, Override: Safe hold mode active
2025-05-28 04:01:46,653 - INFO - [AUDIT] - Action: 0, Confidence: 1.0000, Safety Mode: SAFE_HOLD, Override: Safe hold mode active
2025-05-28 04:01:46,653 - INFO - [AUDIT] - Action: 0, Confidence: 1.0000, Safety Mode: SAFE_HOLD, Override: Safe hold mode active
2025-05-28 04:01:46,653 - INFO - [AUDIT] - Action: 0, Confidence: 1.0000, Safety Mode: SAFE_HOLD, Override: Safe hold mode active
2025-05-28 04:01:46,654 - INFO - [AUDIT] - Action: 0, Confidence: 1.0000, Safety Mode: SAFE_HOLD, Override: Safe hold mode active
2025-05-28 04:01:46,654 - INFO - [AUDIT] - Action: 0, Confidence: 1.0000, Safety Mode: SAFE_HOLD, Override: Safe hold mode active
2025-05-28 04:01:46,654 - INFO - [AUDIT] - Action: 0, Confidence: 1.0000, Safety Mode: SAFE_HOLD, Override: Safe hold mode active
2025-05-28 04:01:46,654 - INFO - [AUDIT] - Action: 0, Confidence: 1.0000, Safety Mode: SAFE_HOLD, Override: Safe hold mode active
2025-05-28 04:01:46,654 - INFO - [AUDIT] - Action: 0, Confidence: 1.0000, Safety Mode: SAFE_HOLD, Override: Safe hold mode active
2025-05-28 04:01:46,655 - INFO - [AUDIT] - Action: 0, Confidence: 1.0000, Safety Mode: SAFE_HOLD, Override: Safe hold mode active
2025-05-28 04:01:46,655 - INFO - [AUDIT] - Action: 0, Confidence: 1.0000, Safety Mode: SAFE_HOLD, Override: Safe hold mode active
2025-05-28 04:01:46,655 - INFO - [AUDIT] - Action: 0, Confidence: 1.0000, Safety Mode: SAFE_HOLD, Override: Safe hold mode active
2025-05-28 04:01:46,655 - INFO - [AUDIT] - Action: 0, Confidence: 1.0000, Safety Mode: SAFE_HOLD, Override: Safe hold mode active
2025-05-28 04:01:46,655 - INFO - [AUDIT] - Action: 0, Confidence: 1.0000, Safety Mode: SAFE_HOLD, Override: Safe hold mode active
2025-05-28 04:01:46,656 - INFO - [AUDIT] - Action: 0, Confidence: 1.0000, Safety Mode: SAFE_HOLD, Override: Safe hold mode active
2025-05-28 04:01:46,656 - INFO - [AUDIT] - Action: 0, Confidence: 1.0000, Safety Mode: SAFE_HOLD, Override: Safe hold mode active
2025-05-28 04:01:46,656 - INFO - [AUDIT] - Action: 0, Confidence: 1.0000, Safety Mode: SAFE_HOLD, Override: Safe hold mode active
2025-05-28 04:01:46,656 - INFO - [AUDIT] - Action: 0, Confidence: 1.0000, Safety Mode: SAFE_HOLD, Override: Safe hold mode active
2025-05-28 04:01:46,656 - INFO - [AUDIT] - Action: 0, Confidence: 1.0000, Safety Mode: SAFE_HOLD, Override: Safe hold mode active
2025-05-28 04:01:46,657 - INFO - [AUDIT] - Action: 0, Confidence: 1.0000, Safety Mode: SAFE_HOLD, Override: Safe hold mode active
2025-05-28 04:01:46,657 - INFO - [AUDIT] - Action: 0, Confidence: 1.0000, Safety Mode: SAFE_HOLD, Override: Safe hold mode active
2025-05-28 04:01:46,657 - INFO - [AUDIT] - Action: 0, Confidence: 1.0000, Safety Mode: SAFE_HOLD, Override: Safe hold mode active
2025-05-28 04:01:46,657 - INFO - [AUDIT] - Action: 0, Confidence: 1.0000, Safety Mode: SAFE_HOLD, Override: Safe hold mode active
2025-05-28 04:01:46,657 - INFO - [AUDIT] - Action: 0, Confidence: 1.0000, Safety Mode: SAFE_HOLD, Override: Safe hold mode active
2025-05-28 04:01:46,658 - INFO - [AUDIT] - Action: 0, Confidence: 1.0000, Safety Mode: SAFE_HOLD, Override: Safe hold mode active
2025-05-28 04:01:46,658 - INFO - [AUDIT] - Action: 0, Confidence: 1.0000, Safety Mode: SAFE_HOLD, Override: Safe hold mode active
2025-05-28 04:01:46,658 - INFO - [AUDIT] - Action: 0, Confidence: 1.0000, Safety Mode: SAFE_HOLD, Override: Safe hold mode active
2025-05-28 04:01:46,658 - INFO - [AUDIT] - Action: 0, Confidence: 1.0000, Safety Mode: SAFE_HOLD, Override: Safe hold mode active
2025-05-28 04:01:46,658 - INFO - [AUDIT] - Action: 0, Confidence: 1.0000, Safety Mode: SAFE_HOLD, Override: Safe hold mode active
2025-05-28 04:01:46,659 - INFO - [AUDIT] - Action: 0, Confidence: 1.0000, Safety Mode: SAFE_HOLD, Override: Safe hold mode active
2025-05-28 04:01:46,659 - INFO - [AUDIT] - Action: 0, Confidence: 1.0000, Safety Mode: SAFE_HOLD, Override: Safe hold mode active
2025-05-28 04:01:46,659 - INFO - [AUDIT] - Action: 0, Confidence: 1.0000, Safety Mode: SAFE_HOLD, Override: Safe hold mode active
2025-05-28 04:01:46,659 - INFO - [AUDIT] - Action: 0, Confidence: 1.0000, Safety Mode: SAFE_HOLD, Override: Safe hold mode active
2025-05-28 04:01:46,659 - INFO - [AUDIT] - Action: 0, Confidence: 1.0000, Safety Mode: SAFE_HOLD, Override: Safe hold mode active
2025-05-28 04:01:46,659 - INFO - [AUDIT] - Action: 0, Confidence: 1.0000, Safety Mode: SAFE_HOLD, Override: Safe hold mode active
2025-05-28 04:01:46,660 - INFO - [AUDIT] - Action: 0, Confidence: 1.0000, Safety Mode: SAFE_HOLD, Override: Safe hold mode active
2025-05-28 04:01:46,660 - INFO - [AUDIT] - Action: 0, Confidence: 1.0000, Safety Mode: SAFE_HOLD, Override: Safe hold mode active
2025-05-28 04:01:46,660 - INFO - [AUDIT] - Action: 0, Confidence: 1.0000, Safety Mode: SAFE_HOLD, Override: Safe hold mode active
2025-05-28 04:01:46,660 - INFO - [AUDIT] - Action: 0, Confidence: 1.0000, Safety Mode: SAFE_HOLD, Override: Safe hold mode active
2025-05-28 04:01:46,660 - INFO - [AUDIT] - Action: 0, Confidence: 1.0000, Safety Mode: SAFE_HOLD, Override: Safe hold mode active
2025-05-28 04:01:46,661 - INFO - [AUDIT] - Action: 0, Confidence: 1.0000, Safety Mode: SAFE_HOLD, Override: Safe hold mode active
2025-05-28 04:01:46,661 - INFO - [AUDIT] - Action: 0, Confidence: 1.0000, Safety Mode: SAFE_HOLD, Override: Safe hold mode active
2025-05-28 04:01:46,661 - INFO - [AUDIT] - Action: 0, Confidence: 1.0000, Safety Mode: SAFE_HOLD, Override: Safe hold mode active
2025-05-28 04:01:46,661 - INFO - [AUDIT] - Action: 0, Confidence: 1.0000, Safety Mode: SAFE_HOLD, Override: Safe hold mode active
2025-05-28 04:01:46,661 - INFO - [AUDIT] - Action: 0, Confidence: 1.0000, Safety Mode: SAFE_HOLD, Override: Safe hold mode active
2025-05-28 04:01:46,661 - INFO - [AUDIT] - Action: 0, Confidence: 1.0000, Safety Mode: SAFE_HOLD, Override: Safe hold mode active
2025-05-28 04:01:46,662 - INFO - [AUDIT] - Action: 0, Confidence: 1.0000, Safety Mode: SAFE_HOLD, Override: Safe hold mode active
2025-05-28 04:01:46,662 - INFO - [AUDIT] - Action: 0, Confidence: 1.0000, Safety Mode: SAFE_HOLD, Override: Safe hold mode active
2025-05-28 04:01:46,662 - INFO - [AUDIT] - Action: 0, Confidence: 1.0000, Safety Mode: SAFE_HOLD, Override: Safe hold mode active
2025-05-28 04:01:46,662 - INFO - [AUDIT] - Action: 0, Confidence: 1.0000, Safety Mode: SAFE_HOLD, Override: Safe hold mode active
2025-05-28 04:01:46,662 - INFO - [AUDIT] - Action: 0, Confidence: 1.0000, Safety Mode: SAFE_HOLD, Override: Safe hold mode active
2025-05-28 04:01:46,663 - INFO - [AUDIT] - Action: 0, Confidence: 1.0000, Safety Mode: SAFE_HOLD, Override: Safe hold mode active
2025-05-28 04:01:46,663 - INFO - [AUDIT] - Action: 0, Confidence: 1.0000, Safety Mode: SAFE_HOLD, Override: Safe hold mode active
2025-05-28 04:01:46,663 - INFO - [AUDIT] - Action: 0, Confidence: 1.0000, Safety Mode: SAFE_HOLD, Override: Safe hold mode active
2025-05-28 04:01:46,663 - INFO - [AUDIT] - Action: 0, Confidence: 1.0000, Safety Mode: SAFE_HOLD, Override: Safe hold mode active
2025-05-28 04:01:46,663 - INFO - [AUDIT] - Action: 0, Confidence: 1.0000, Safety Mode: SAFE_HOLD, Override: Safe hold mode active
2025-05-28 04:01:46,663 - INFO - [AUDIT] - Action: 0, Confidence: 1.0000, Safety Mode: SAFE_HOLD, Override: Safe hold mode active
2025-05-28 04:01:46,664 - INFO - [AUDIT] - Action: 0, Confidence: 1.0000, Safety Mode: SAFE_HOLD, Override: Safe hold mode active
2025-05-28 04:01:46,664 - INFO - [AUDIT] - Action: 0, Confidence: 1.0000, Safety Mode: SAFE_HOLD, Override: Safe hold mode active
2025-05-28 04:01:46,664 - INFO - [AUDIT] - Action: 0, Confidence: 1.0000, Safety Mode: SAFE_HOLD, Override: Safe hold mode active
2025-05-28 04:01:46,664 - INFO - [AUDIT] - Action: 0, Confidence: 1.0000, Safety Mode: SAFE_HOLD, Override: Safe hold mode active
2025-05-28 04:01:46,664 - INFO - [AUDIT] - Action: 0, Confidence: 1.0000, Safety Mode: SAFE_HOLD, Override: Safe hold mode active
2025-05-28 04:01:46,665 - INFO - [AUDIT] - Action: 0, Confidence: 1.0000, Safety Mode: SAFE_HOLD, Override: Safe hold mode active
2025-05-28 04:01:46,665 - INFO - [AUDIT] - Action: 0, Confidence: 1.0000, Safety Mode: SAFE_HOLD, Override: Safe hold mode active
2025-05-28 04:01:46,665 - INFO - [AUDIT] - Action: 0, Confidence: 1.0000, Safety Mode: SAFE_HOLD, Override: Safe hold mode active
2025-05-28 04:01:46,665 - INFO - [AUDIT] - Action: 0, Confidence: 1.0000, Safety Mode: SAFE_HOLD, Override: Safe hold mode active
2025-05-28 04:01:46,665 - INFO - [AUDIT] - Action: 0, Confidence: 1.0000, Safety Mode: SAFE_HOLD, Override: Safe hold mode active
2025-05-28 04:01:46,666 - INFO - [AUDIT] - Action: 0, Confidence: 1.0000, Safety Mode: SAFE_HOLD, Override: Safe hold mode active
2025-05-28 04:01:46,666 - INFO - [AUDIT] - Action: 0, Confidence: 1.0000, Safety Mode: SAFE_HOLD, Override: Safe hold mode active
2025-05-28 04:01:46,666 - INFO - [AUDIT] - Action: 0, Confidence: 1.0000, Safety Mode: SAFE_HOLD, Override: Safe hold mode active
2025-05-28 04:01:46,666 - INFO - [AUDIT] - Action: 0, Confidence: 1.0000, Safety Mode: SAFE_HOLD, Override: Safe hold mode active
2025-05-28 04:01:46,667 - INFO - [AUDIT] - Action: 0, Confidence: 1.0000, Safety Mode: SAFE_HOLD, Override: Safe hold mode active
2025-05-28 04:01:46,667 - INFO - [AUDIT] - Action: 0, Confidence: 1.0000, Safety Mode: SAFE_HOLD, Override: Safe hold mode active
2025-05-28 04:01:46,667 - INFO - [AUDIT] - Action: 0, Confidence: 1.0000, Safety Mode: SAFE_HOLD, Override: Safe hold mode active
2025-05-28 04:01:46,667 - INFO - [AUDIT] - Action: 0, Confidence: 1.0000, Safety Mode: SAFE_HOLD, Override: Safe hold mode active
2025-05-28 04:01:46,668 - INFO - [AUDIT] - Action: 0, Confidence: 1.0000, Safety Mode: SAFE_HOLD, Override: Safe hold mode active
2025-05-28 04:01:46,668 - INFO - [AUDIT] - Action: 0, Confidence: 1.0000, Safety Mode: SAFE_HOLD, Override: Safe hold mode active
2025-05-28 04:01:46,668 - INFO - [AUDIT] - Action: 0, Confidence: 1.0000, Safety Mode: SAFE_HOLD, Override: Safe hold mode active
2025-05-28 04:01:46,669 - INFO - [AUDIT] - Action: 0, Confidence: 1.0000, Safety Mode: SAFE_HOLD, Override: Safe hold mode active
2025-05-28 04:01:46,669 - INFO - [AUDIT] - Action: 0, Confidence: 1.0000, Safety Mode: SAFE_HOLD, Override: Safe hold mode active
2025-05-28 04:01:46,669 - INFO - [AUDIT] - Action: 0, Confidence: 1.0000, Safety Mode: SAFE_HOLD, Override: Safe hold mode active
2025-05-28 04:01:46,669 - INFO - [AUDIT] - Action: 0, Confidence: 1.0000, Safety Mode: SAFE_HOLD, Override: Safe hold mode active
2025-05-28 04:01:46,669 - INFO - [AUDIT] - Action: 0, Confidence: 1.0000, Safety Mode: SAFE_HOLD, Override: Safe hold mode active
2025-05-28 04:01:46,670 - INFO - [AUDIT] - Action: 0, Confidence: 1.0000, Safety Mode: SAFE_HOLD, Override: Safe hold mode active
2025-05-28 04:01:46,670 - INFO - [AUDIT] - Action: 0, Confidence: 1.0000, Safety Mode: SAFE_HOLD, Override: Safe hold mode active
2025-05-28 04:01:46,670 - INFO - [AUDIT] - Action: 0, Confidence: 1.0000, Safety Mode: SAFE_HOLD, Override: Safe hold mode active
2025-05-28 04:01:46,670 - INFO - [AUDIT] - Action: 0, Confidence: 1.0000, Safety Mode: SAFE_HOLD, Override: Safe hold mode active
2025-05-28 04:01:46,670 - INFO - [AUDIT] - Action: 0, Confidence: 1.0000, Safety Mode: SAFE_HOLD, Override: Safe hold mode active
2025-05-28 04:01:46,670 - INFO - [AUDIT] - Action: 0, Confidence: 1.0000, Safety Mode: SAFE_HOLD, Override: Safe hold mode active
2025-05-28 04:01:46,671 - INFO - [AUDIT] - Action: 0, Confidence: 1.0000, Safety Mode: SAFE_HOLD, Override: Safe hold mode active
2025-05-28 04:01:46,671 - INFO - [AUDIT] - Action: 0, Confidence: 1.0000, Safety Mode: SAFE_HOLD, Override: Safe hold mode active
2025-05-28 04:01:46,671 - INFO - [AUDIT] - Action: 0, Confidence: 1.0000, Safety Mode: SAFE_HOLD, Override: Safe hold mode active
2025-05-28 04:01:46,671 - INFO - [AUDIT] - Action: 0, Confidence: 1.0000, Safety Mode: SAFE_HOLD, Override: Safe hold mode active
2025-05-28 04:01:46,671 - INFO - [AUDIT] - Action: 0, Confidence: 1.0000, Safety Mode: SAFE_HOLD, Override: Safe hold mode active
2025-05-28 04:01:46,672 - INFO - [AUDIT] - Action: 0, Confidence: 1.0000, Safety Mode: SAFE_HOLD, Override: Safe hold mode active
2025-05-28 04:01:46,672 - INFO - [AUDIT] - Action: 0, Confidence: 1.0000, Safety Mode: SAFE_HOLD, Override: Safe hold mode active
2025-05-28 04:01:46,672 - INFO - [AUDIT] - Action: 0, Confidence: 1.0000, Safety Mode: SAFE_HOLD, Override: Safe hold mode active
2025-05-28 04:01:46,672 - INFO - [AUDIT] - Action: 0, Confidence: 1.0000, Safety Mode: SAFE_HOLD, Override: Safe hold mode active
2025-05-28 04:01:46,672 - INFO - [AUDIT] - Action: 0, Confidence: 1.0000, Safety Mode: SAFE_HOLD, Override: Safe hold mode active
2025-05-28 04:01:46,673 - INFO - [AUDIT] - Action: 0, Confidence: 1.0000, Safety Mode: SAFE_HOLD, Override: Safe hold mode active
2025-05-28 04:01:46,673 - INFO - [AUDIT] - Action: 0, Confidence: 1.0000, Safety Mode: SAFE_HOLD, Override: Safe hold mode active
2025-05-28 04:01:46,673 - INFO - [AUDIT] - Action: 0, Confidence: 1.0000, Safety Mode: SAFE_HOLD, Override: Safe hold mode active
2025-05-28 04:01:46,673 - INFO - [AUDIT] - Action: 0, Confidence: 1.0000, Safety Mode: SAFE_HOLD, Override: Safe hold mode active
2025-05-28 04:01:46,674 - INFO - [AUDIT] - Action: 0, Confidence: 1.0000, Safety Mode: SAFE_HOLD, Override: Safe hold mode active
2025-05-28 04:01:46,674 - INFO - [AUDIT] - Action: 0, Confidence: 1.0000, Safety Mode: SAFE_HOLD, Override: Safe hold mode active
2025-05-28 04:01:46,674 - INFO - [AUDIT] - Action: 0, Confidence: 1.0000, Safety Mode: SAFE_HOLD, Override: Safe hold mode active
2025-05-28 04:01:46,674 - INFO - [AUDIT] - Action: 0, Confidence: 1.0000, Safety Mode: SAFE_HOLD, Override: Safe hold mode active
2025-05-28 04:01:46,674 - INFO - [AUDIT] - Action: 0, Confidence: 1.0000, Safety Mode: SAFE_HOLD, Override: Safe hold mode active
2025-05-28 04:01:46,675 - INFO - [AUDIT] - Action: 0, Confidence: 1.0000, Safety Mode: SAFE_HOLD, Override: Safe hold mode active
2025-05-28 04:01:46,675 - INFO - [AUDIT] - Action: 0, Confidence: 1.0000, Safety Mode: SAFE_HOLD, Override: Safe hold mode active
2025-05-28 04:01:46,675 - INFO - [AUDIT] - Action: 0, Confidence: 1.0000, Safety Mode: SAFE_HOLD, Override: Safe hold mode active
2025-05-28 04:01:46,675 - INFO - [AUDIT] - Action: 0, Confidence: 1.0000, Safety Mode: SAFE_HOLD, Override: Safe hold mode active
2025-05-28 04:01:46,675 - INFO - [AUDIT] - Action: 0, Confidence: 1.0000, Safety Mode: SAFE_HOLD, Override: Safe hold mode active
2025-05-28 04:01:46,676 - INFO - [AUDIT] - Action: 0, Confidence: 1.0000, Safety Mode: SAFE_HOLD, Override: Safe hold mode active
2025-05-28 04:01:46,676 - INFO - [AUDIT] - Action: 0, Confidence: 1.0000, Safety Mode: SAFE_HOLD, Override: Safe hold mode active
2025-05-28 04:01:46,676 - INFO - [AUDIT] - Action: 0, Confidence: 1.0000, Safety Mode: SAFE_HOLD, Override: Safe hold mode active
2025-05-28 04:01:46,676 - INFO - [AUDIT] - Action: 0, Confidence: 1.0000, Safety Mode: SAFE_HOLD, Override: Safe hold mode active
2025-05-28 04:01:46,677 - INFO - [AUDIT] - Action: 0, Confidence: 1.0000, Safety Mode: SAFE_HOLD, Override: Safe hold mode active
2025-05-28 04:01:46,677 - INFO - [AUDIT] - Action: 0, Confidence: 1.0000, Safety Mode: SAFE_HOLD, Override: Safe hold mode active
2025-05-28 04:01:46,677 - INFO - [AUDIT] - Action: 0, Confidence: 1.0000, Safety Mode: SAFE_HOLD, Override: Safe hold mode active
2025-05-28 04:01:46,677 - INFO - [AUDIT] - Action: 0, Confidence: 1.0000, Safety Mode: SAFE_HOLD, Override: Safe hold mode active
2025-05-28 04:01:46,677 - INFO - [AUDIT] - Action: 0, Confidence: 1.0000, Safety Mode: SAFE_HOLD, Override: Safe hold mode active
2025-05-28 04:01:46,677 - INFO - [AUDIT] - Action: 0, Confidence: 1.0000, Safety Mode: SAFE_HOLD, Override: Safe hold mode active
2025-05-28 04:01:46,678 - INFO - [AUDIT] - Action: 0, Confidence: 1.0000, Safety Mode: SAFE_HOLD, Override: Safe hold mode active
2025-05-28 04:01:46,678 - INFO - [AUDIT] - Action: 0, Confidence: 1.0000, Safety Mode: SAFE_HOLD, Override: Safe hold mode active
2025-05-28 04:01:46,678 - INFO - [AUDIT] - Action: 0, Confidence: 1.0000, Safety Mode: SAFE_HOLD, Override: Safe hold mode active
2025-05-28 04:01:46,678 - INFO - [AUDIT] - Action: 0, Confidence: 1.0000, Safety Mode: SAFE_HOLD, Override: Safe hold mode active
2025-05-28 04:01:46,678 - INFO - [AUDIT] - Action: 0, Confidence: 1.0000, Safety Mode: SAFE_HOLD, Override: Safe hold mode active
2025-05-28 04:01:46,679 - INFO - [AUDIT] - Action: 0, Confidence: 1.0000, Safety Mode: SAFE_HOLD, Override: Safe hold mode active
2025-05-28 04:01:46,679 - INFO - [AUDIT] - Action: 0, Confidence: 1.0000, Safety Mode: SAFE_HOLD, Override: Safe hold mode active
2025-05-28 04:01:46,679 - INFO - [AUDIT] - Action: 0, Confidence: 1.0000, Safety Mode: SAFE_HOLD, Override: Safe hold mode active
2025-05-28 04:01:46,679 - INFO - [AUDIT] - Action: 0, Confidence: 1.0000, Safety Mode: SAFE_HOLD, Override: Safe hold mode active
2025-05-28 04:01:46,679 - INFO - [AUDIT] - Action: 0, Confidence: 1.0000, Safety Mode: SAFE_HOLD, Override: Safe hold mode active
2025-05-28 04:01:46,680 - INFO - [AUDIT] - Action: 0, Confidence: 1.0000, Safety Mode: SAFE_HOLD, Override: Safe hold mode active
2025-05-28 04:01:46,680 - INFO - [AUDIT] - Action: 0, Confidence: 1.0000, Safety Mode: SAFE_HOLD, Override: Safe hold mode active
2025-05-28 04:01:46,680 - INFO - [AUDIT] - Action: 0, Confidence: 1.0000, Safety Mode: SAFE_HOLD, Override: Safe hold mode active
2025-05-28 04:01:46,680 - INFO - [AUDIT] - Action: 0, Confidence: 1.0000, Safety Mode: SAFE_HOLD, Override: Safe hold mode active
2025-05-28 04:01:46,681 - INFO - [AUDIT] - Action: 0, Confidence: 1.0000, Safety Mode: SAFE_HOLD, Override: Safe hold mode active
2025-05-28 04:01:46,681 - INFO - [AUDIT] - Action: 0, Confidence: 1.0000, Safety Mode: SAFE_HOLD, Override: Safe hold mode active
2025-05-28 04:01:46,681 - INFO - [AUDIT] - Action: 0, Confidence: 1.0000, Safety Mode: SAFE_HOLD, Override: Safe hold mode active
2025-05-28 04:01:46,681 - INFO - [AUDIT] - Action: 0, Confidence: 1.0000, Safety Mode: SAFE_HOLD, Override: Safe hold mode active
2025-05-28 04:01:46,682 - INFO - [AUDIT] - Action: 0, Confidence: 1.0000, Safety Mode: SAFE_HOLD, Override: Safe hold mode active
2025-05-28 04:01:46,682 - INFO - [AUDIT] - Action: 0, Confidence: 1.0000, Safety Mode: SAFE_HOLD, Override: Safe hold mode active
2025-05-28 04:01:46,682 - INFO - [AUDIT] - Action: 0, Confidence: 1.0000, Safety Mode: SAFE_HOLD, Override: Safe hold mode active
2025-05-28 04:01:46,682 - INFO - [AUDIT] - Action: 0, Confidence: 1.0000, Safety Mode: SAFE_HOLD, Override: Safe hold mode active
2025-05-28 04:01:46,682 - INFO - [AUDIT] - Action: 0, Confidence: 1.0000, Safety Mode: SAFE_HOLD, Override: Safe hold mode active
2025-05-28 04:01:46,683 - INFO - [AUDIT] - Action: 0, Confidence: 1.0000, Safety Mode: SAFE_HOLD, Override: Safe hold mode active
2025-05-28 04:01:46,683 - INFO - [AUDIT] - Action: 0, Confidence: 1.0000, Safety Mode: SAFE_HOLD, Override: Safe hold mode active
2025-05-28 04:01:46,683 - INFO - [AUDIT] - Action: 0, Confidence: 1.0000, Safety Mode: SAFE_HOLD, Override: Safe hold mode active
2025-05-28 04:01:46,683 - INFO - [AUDIT] - Action: 0, Confidence: 1.0000, Safety Mode: SAFE_HOLD, Override: Safe hold mode active
2025-05-28 04:01:46,683 - INFO - [AUDIT] - Action: 0, Confidence: 1.0000, Safety Mode: SAFE_HOLD, Override: Safe hold mode active
2025-05-28 04:01:46,684 - INFO - [AUDIT] - Action: 0, Confidence: 1.0000, Safety Mode: SAFE_HOLD, Override: Safe hold mode active
2025-05-28 04:01:46,684 - INFO - [AUDIT] - Action: 0, Confidence: 1.0000, Safety Mode: SAFE_HOLD, Override: Safe hold mode active
2025-05-28 04:01:46,684 - INFO - [AUDIT] - Action: 0, Confidence: 1.0000, Safety Mode: SAFE_HOLD, Override: Safe hold mode active
2025-05-28 04:01:46,685 - INFO - [AUDIT] - Action: 0, Confidence: 1.0000, Safety Mode: SAFE_HOLD, Override: Safe hold mode active
2025-05-28 04:01:46,685 - INFO - [AUDIT] - Action: 0, Confidence: 1.0000, Safety Mode: SAFE_HOLD, Override: Safe hold mode active
2025-05-28 04:01:46,685 - INFO - [AUDIT] - Action: 0, Confidence: 1.0000, Safety Mode: SAFE_HOLD, Override: Safe hold mode active
2025-05-28 04:01:46,685 - INFO - [AUDIT] - Action: 0, Confidence: 1.0000, Safety Mode: SAFE_HOLD, Override: Safe hold mode active
2025-05-28 04:01:46,685 - INFO - [AUDIT] - Action: 0, Confidence: 1.0000, Safety Mode: SAFE_HOLD, Override: Safe hold mode active
2025-05-28 04:01:46,685 - INFO - [AUDIT] - Action: 0, Confidence: 1.0000, Safety Mode: SAFE_HOLD, Override: Safe hold mode active
2025-05-28 04:01:46,686 - INFO - [AUDIT] - Action: 0, Confidence: 1.0000, Safety Mode: SAFE_HOLD, Override: Safe hold mode active
2025-05-28 04:01:46,686 - INFO - [AUDIT] - Action: 0, Confidence: 1.0000, Safety Mode: SAFE_HOLD, Override: Safe hold mode active
2025-05-28 04:01:46,686 - INFO - [AUDIT] - Action: 0, Confidence: 1.0000, Safety Mode: SAFE_HOLD, Override: Safe hold mode active
2025-05-28 04:01:46,686 - INFO - [AUDIT] - Action: 0, Confidence: 1.0000, Safety Mode: SAFE_HOLD, Override: Safe hold mode active
2025-05-28 04:01:46,687 - INFO - [AUDIT] - Action: 0, Confidence: 1.0000, Safety Mode: SAFE_HOLD, Override: Safe hold mode active
2025-05-28 04:01:46,687 - INFO - [AUDIT] - Action: 0, Confidence: 1.0000, Safety Mode: SAFE_HOLD, Override: Safe hold mode active
2025-05-28 04:01:46,687 - INFO - [AUDIT] - Action: 0, Confidence: 1.0000, Safety Mode: SAFE_HOLD, Override: Safe hold mode active
2025-05-28 04:01:46,687 - INFO - [AUDIT] - Action: 0, Confidence: 1.0000, Safety Mode: SAFE_HOLD, Override: Safe hold mode active
2025-05-28 04:01:46,687 - INFO - [AUDIT] - Action: 0, Confidence: 1.0000, Safety Mode: SAFE_HOLD, Override: Safe hold mode active
2025-05-28 04:01:46,687 - INFO - [AUDIT] - Action: 0, Confidence: 1.0000, Safety Mode: SAFE_HOLD, Override: Safe hold mode active
2025-05-28 04:01:46,688 - INFO - [AUDIT] - Action: 0, Confidence: 1.0000, Safety Mode: SAFE_HOLD, Override: Safe hold mode active
2025-05-28 04:01:46,688 - INFO - [AUDIT] - Action: 0, Confidence: 1.0000, Safety Mode: SAFE_HOLD, Override: Safe hold mode active
2025-05-28 04:01:46,688 - INFO - [AUDIT] - Action: 0, Confidence: 1.0000, Safety Mode: SAFE_HOLD, Override: Safe hold mode active
2025-05-28 04:01:46,688 - INFO - [AUDIT] - Action: 0, Confidence: 1.0000, Safety Mode: SAFE_HOLD, Override: Safe hold mode active
2025-05-28 04:01:46,688 - INFO - [AUDIT] - Action: 0, Confidence: 1.0000, Safety Mode: SAFE_HOLD, Override: Safe hold mode active
2025-05-28 04:01:46,689 - INFO - [AUDIT] - Action: 0, Confidence: 1.0000, Safety Mode: SAFE_HOLD, Override: Safe hold mode active
2025-05-28 04:01:46,689 - INFO - [AUDIT] - Action: 0, Confidence: 1.0000, Safety Mode: SAFE_HOLD, Override: Safe hold mode active
2025-05-28 04:01:46,689 - INFO - [AUDIT] - Action: 0, Confidence: 1.0000, Safety Mode: SAFE_HOLD, Override: Safe hold mode active
2025-05-28 04:01:46,689 - INFO - [AUDIT] - Action: 0, Confidence: 1.0000, Safety Mode: SAFE_HOLD, Override: Safe hold mode active
2025-05-28 04:01:46,689 - INFO - [AUDIT] - Action: 0, Confidence: 1.0000, Safety Mode: SAFE_HOLD, Override: Safe hold mode active
2025-05-28 04:01:46,689 - INFO - [AUDIT] - Action: 0, Confidence: 1.0000, Safety Mode: SAFE_HOLD, Override: Safe hold mode active
2025-05-28 04:01:46,690 - INFO - [AUDIT] - Action: 0, Confidence: 1.0000, Safety Mode: SAFE_HOLD, Override: Safe hold mode active
2025-05-28 04:01:46,690 - INFO - [AUDIT] - Action: 0, Confidence: 1.0000, Safety Mode: SAFE_HOLD, Override: Safe hold mode active
2025-05-28 04:01:46,690 - INFO - [AUDIT] - Action: 0, Confidence: 1.0000, Safety Mode: SAFE_HOLD, Override: Safe hold mode active
2025-05-28 04:01:46,690 - INFO - [AUDIT] - Action: 0, Confidence: 1.0000, Safety Mode: SAFE_HOLD, Override: Safe hold mode active
2025-05-28 04:01:46,690 - INFO - [AUDIT] - Action: 0, Confidence: 1.0000, Safety Mode: SAFE_HOLD, Override: Safe hold mode active
2025-05-28 04:01:46,691 - INFO - [AUDIT] - Action: 0, Confidence: 1.0000, Safety Mode: SAFE_HOLD, Override: Safe hold mode active
2025-05-28 04:01:46,691 - INFO - [AUDIT] - Action: 0, Confidence: 1.0000, Safety Mode: SAFE_HOLD, Override: Safe hold mode active
2025-05-28 04:01:46,691 - INFO - [AUDIT] - Action: 0, Confidence: 1.0000, Safety Mode: SAFE_HOLD, Override: Safe hold mode active
2025-05-28 04:01:46,691 - INFO - [AUDIT] - Action: 0, Confidence: 1.0000, Safety Mode: SAFE_HOLD, Override: Safe hold mode active
2025-05-28 04:01:46,691 - INFO - [AUDIT] - Action: 0, Confidence: 1.0000, Safety Mode: SAFE_HOLD, Override: Safe hold mode active
2025-05-28 04:01:46,692 - INFO - [AUDIT] - Action: 0, Confidence: 1.0000, Safety Mode: SAFE_HOLD, Override: Safe hold mode active
2025-05-28 04:01:46,692 - INFO - [AUDIT] - Action: 0, Confidence: 1.0000, Safety Mode: SAFE_HOLD, Override: Safe hold mode active
2025-05-28 04:01:46,692 - INFO - [AUDIT] - Action: 0, Confidence: 1.0000, Safety Mode: SAFE_HOLD, Override: Safe hold mode active
2025-05-28 04:01:46,692 - INFO - [AUDIT] - Action: 0, Confidence: 1.0000, Safety Mode: SAFE_HOLD, Override: Safe hold mode active
2025-05-28 04:01:46,692 - INFO - [AUDIT] - Action: 0, Confidence: 1.0000, Safety Mode: SAFE_HOLD, Override: Safe hold mode active
2025-05-28 04:01:46,693 - INFO - [AUDIT] - Action: 0, Confidence: 1.0000, Safety Mode: SAFE_HOLD, Override: Safe hold mode active
2025-05-28 04:01:46,693 - INFO - [AUDIT] - Action: 0, Confidence: 1.0000, Safety Mode: SAFE_HOLD, Override: Safe hold mode active
2025-05-28 04:01:46,693 - INFO - [AUDIT] - Action: 0, Confidence: 1.0000, Safety Mode: SAFE_HOLD, Override: Safe hold mode active
2025-05-28 04:01:46,693 - INFO - [AUDIT] - Action: 0, Confidence: 1.0000, Safety Mode: SAFE_HOLD, Override: Safe hold mode active
2025-05-28 04:01:46,693 - INFO - [AUDIT] - Action: 0, Confidence: 1.0000, Safety Mode: SAFE_HOLD, Override: Safe hold mode active
2025-05-28 04:01:46,694 - INFO - [AUDIT] - Action: 0, Confidence: 1.0000, Safety Mode: SAFE_HOLD, Override: Safe hold mode active
2025-05-28 04:01:46,694 - INFO - [AUDIT] - Action: 0, Confidence: 1.0000, Safety Mode: SAFE_HOLD, Override: Safe hold mode active
2025-05-28 04:01:46,694 - INFO - [AUDIT] - Action: 0, Confidence: 1.0000, Safety Mode: SAFE_HOLD, Override: Safe hold mode active
2025-05-28 04:01:46,694 - INFO - [AUDIT] - Action: 0, Confidence: 1.0000, Safety Mode: SAFE_HOLD, Override: Safe hold mode active
2025-05-28 04:01:46,694 - INFO - [AUDIT] - Action: 0, Confidence: 1.0000, Safety Mode: SAFE_HOLD, Override: Safe hold mode active
2025-05-28 04:01:46,694 - INFO - [AUDIT] - Action: 0, Confidence: 1.0000, Safety Mode: SAFE_HOLD, Override: Safe hold mode active
2025-05-28 04:01:46,695 - INFO - [AUDIT] - Action: 0, Confidence: 1.0000, Safety Mode: SAFE_HOLD, Override: Safe hold mode active
2025-05-28 04:01:46,695 - INFO - [AUDIT] - Action: 0, Confidence: 1.0000, Safety Mode: SAFE_HOLD, Override: Safe hold mode active
2025-05-28 04:01:46,695 - INFO - [AUDIT] - Action: 0, Confidence: 1.0000, Safety Mode: SAFE_HOLD, Override: Safe hold mode active
2025-05-28 04:01:46,695 - INFO - [AUDIT] - Action: 0, Confidence: 1.0000, Safety Mode: SAFE_HOLD, Override: Safe hold mode active
2025-05-28 04:01:46,695 - INFO - [AUDIT] - Action: 0, Confidence: 1.0000, Safety Mode: SAFE_HOLD, Override: Safe hold mode active
2025-05-28 04:01:46,696 - INFO - [AUDIT] - Action: 0, Confidence: 1.0000, Safety Mode: SAFE_HOLD, Override: Safe hold mode active
2025-05-28 04:01:46,696 - INFO - [AUDIT] - Action: 0, Confidence: 1.0000, Safety Mode: SAFE_HOLD, Override: Safe hold mode active
2025-05-28 04:01:46,696 - INFO - [AUDIT] - Action: 0, Confidence: 1.0000, Safety Mode: SAFE_HOLD, Override: Safe hold mode active
2025-05-28 04:01:46,696 - INFO - [AUDIT] - Action: 0, Confidence: 1.0000, Safety Mode: SAFE_HOLD, Override: Safe hold mode active
2025-05-28 04:01:46,696 - INFO - [AUDIT] - Action: 0, Confidence: 1.0000, Safety Mode: SAFE_HOLD, Override: Safe hold mode active
2025-05-28 04:01:46,697 - INFO - [AUDIT] - Action: 0, Confidence: 1.0000, Safety Mode: SAFE_HOLD, Override: Safe hold mode active
2025-05-28 04:01:46,697 - INFO - [AUDIT] - Action: 0, Confidence: 1.0000, Safety Mode: SAFE_HOLD, Override: Safe hold mode active
2025-05-28 04:01:46,697 - INFO - [AUDIT] - Action: 0, Confidence: 1.0000, Safety Mode: SAFE_HOLD, Override: Safe hold mode active
2025-05-28 04:01:46,697 - INFO - [AUDIT] - Action: 0, Confidence: 1.0000, Safety Mode: SAFE_HOLD, Override: Safe hold mode active
2025-05-28 04:01:46,697 - INFO - [AUDIT] - Action: 0, Confidence: 1.0000, Safety Mode: SAFE_HOLD, Override: Safe hold mode active
2025-05-28 04:01:46,698 - INFO - [AUDIT] - Action: 0, Confidence: 1.0000, Safety Mode: SAFE_HOLD, Override: Safe hold mode active
2025-05-28 04:01:46,698 - INFO - [AUDIT] - Action: 0, Confidence: 1.0000, Safety Mode: SAFE_HOLD, Override: Safe hold mode active
2025-05-28 04:01:46,698 - INFO - [AUDIT] - Action: 0, Confidence: 1.0000, Safety Mode: SAFE_HOLD, Override: Safe hold mode active
2025-05-28 04:01:46,698 - INFO - [AUDIT] - Action: 0, Confidence: 1.0000, Safety Mode: SAFE_HOLD, Override: Safe hold mode active
2025-05-28 04:01:46,698 - INFO - [AUDIT] - Action: 0, Confidence: 1.0000, Safety Mode: SAFE_HOLD, Override: Safe hold mode active
2025-05-28 04:01:46,699 - INFO - [AUDIT] - Action: 0, Confidence: 1.0000, Safety Mode: SAFE_HOLD, Override: Safe hold mode active
2025-05-28 04:01:46,699 - INFO - [AUDIT] - Action: 0, Confidence: 1.0000, Safety Mode: SAFE_HOLD, Override: Safe hold mode active
2025-05-28 04:01:46,699 - INFO - [AUDIT] - Action: 0, Confidence: 1.0000, Safety Mode: SAFE_HOLD, Override: Safe hold mode active
2025-05-28 04:01:46,699 - INFO - [AUDIT] - Action: 0, Confidence: 1.0000, Safety Mode: SAFE_HOLD, Override: Safe hold mode active
2025-05-28 04:01:46,699 - INFO - [AUDIT] - Action: 0, Confidence: 1.0000, Safety Mode: SAFE_HOLD, Override: Safe hold mode active
2025-05-28 04:01:46,700 - INFO - [AUDIT] - Action: 0, Confidence: 1.0000, Safety Mode: SAFE_HOLD, Override: Safe hold mode active
2025-05-28 04:01:46,700 - INFO - [AUDIT] - Action: 0, Confidence: 1.0000, Safety Mode: SAFE_HOLD, Override: Safe hold mode active
2025-05-28 04:01:46,700 - INFO - [AUDIT] - Action: 0, Confidence: 1.0000, Safety Mode: SAFE_HOLD, Override: Safe hold mode active
2025-05-28 04:01:46,700 - INFO - [AUDIT] - Action: 0, Confidence: 1.0000, Safety Mode: SAFE_HOLD, Override: Safe hold mode active
2025-05-28 04:01:46,701 - INFO - [AUDIT] - Action: 0, Confidence: 1.0000, Safety Mode: SAFE_HOLD, Override: Safe hold mode active
2025-05-28 04:01:46,701 - INFO - [AUDIT] - Action: 0, Confidence: 1.0000, Safety Mode: SAFE_HOLD, Override: Safe hold mode active
2025-05-28 04:01:46,701 - INFO - [AUDIT] - Action: 0, Confidence: 1.0000, Safety Mode: SAFE_HOLD, Override: Safe hold mode active
2025-05-28 04:01:46,701 - INFO - [AUDIT] - Action: 0, Confidence: 1.0000, Safety Mode: SAFE_HOLD, Override: Safe hold mode active
2025-05-28 04:01:46,701 - INFO - [AUDIT] - Action: 0, Confidence: 1.0000, Safety Mode: SAFE_HOLD, Override: Safe hold mode active
2025-05-28 04:01:46,702 - INFO - [AUDIT] - Action: 0, Confidence: 1.0000, Safety Mode: SAFE_HOLD, Override: Safe hold mode active
2025-05-28 04:01:46,702 - INFO - [AUDIT] - Action: 0, Confidence: 1.0000, Safety Mode: SAFE_HOLD, Override: Safe hold mode active
2025-05-28 04:01:46,702 - INFO - [AUDIT] - Action: 0, Confidence: 1.0000, Safety Mode: SAFE_HOLD, Override: Safe hold mode active
2025-05-28 04:01:46,702 - INFO - [AUDIT] - Action: 0, Confidence: 1.0000, Safety Mode: SAFE_HOLD, Override: Safe hold mode active
2025-05-28 04:01:46,702 - INFO - [AUDIT] - Action: 0, Confidence: 1.0000, Safety Mode: SAFE_HOLD, Override: Safe hold mode active
2025-05-28 04:01:46,703 - INFO - [AUDIT] - Action: 0, Confidence: 1.0000, Safety Mode: SAFE_HOLD, Override: Safe hold mode active
2025-05-28 04:01:46,703 - INFO - [AUDIT] - Action: 0, Confidence: 1.0000, Safety Mode: SAFE_HOLD, Override: Safe hold mode active
2025-05-28 04:01:46,703 - INFO - [AUDIT] - Action: 0, Confidence: 1.0000, Safety Mode: SAFE_HOLD, Override: Safe hold mode active
2025-05-28 04:01:46,703 - INFO - [AUDIT] - Action: 0, Confidence: 1.0000, Safety Mode: SAFE_HOLD, Override: Safe hold mode active
2025-05-28 04:01:46,703 - INFO - [AUDIT] - Action: 0, Confidence: 1.0000, Safety Mode: SAFE_HOLD, Override: Safe hold mode active
2025-05-28 04:01:46,703 - INFO - [AUDIT] - Action: 0, Confidence: 1.0000, Safety Mode: SAFE_HOLD, Override: Safe hold mode active
2025-05-28 04:01:46,704 - INFO - [AUDIT] - Action: 0, Confidence: 1.0000, Safety Mode: SAFE_HOLD, Override: Safe hold mode active
2025-05-28 04:01:46,704 - INFO - [AUDIT] - Action: 0, Confidence: 1.0000, Safety Mode: SAFE_HOLD, Override: Safe hold mode active
2025-05-28 04:01:46,704 - INFO - [AUDIT] - Action: 0, Confidence: 1.0000, Safety Mode: SAFE_HOLD, Override: Safe hold mode active
2025-05-28 04:01:46,704 - INFO - [AUDIT] - Action: 0, Confidence: 1.0000, Safety Mode: SAFE_HOLD, Override: Safe hold mode active
2025-05-28 04:01:46,704 - INFO - [AUDIT] - Action: 0, Confidence: 1.0000, Safety Mode: SAFE_HOLD, Override: Safe hold mode active
2025-05-28 04:01:46,705 - INFO - [AUDIT] - Action: 0, Confidence: 1.0000, Safety Mode: SAFE_HOLD, Override: Safe hold mode active
2025-05-28 04:01:46,705 - INFO - [AUDIT] - Action: 0, Confidence: 1.0000, Safety Mode: SAFE_HOLD, Override: Safe hold mode active
2025-05-28 04:01:46,705 - INFO - [AUDIT] - Action: 0, Confidence: 1.0000, Safety Mode: SAFE_HOLD, Override: Safe hold mode active
2025-05-28 04:01:46,705 - INFO - [AUDIT] - Action: 0, Confidence: 1.0000, Safety Mode: SAFE_HOLD, Override: Safe hold mode active
2025-05-28 04:01:46,705 - INFO - [AUDIT] - Action: 0, Confidence: 1.0000, Safety Mode: SAFE_HOLD, Override: Safe hold mode active
2025-05-28 04:01:46,706 - INFO - [AUDIT] - Action: 0, Confidence: 1.0000, Safety Mode: SAFE_HOLD, Override: Safe hold mode active
2025-05-28 04:01:46,706 - INFO - [AUDIT] - Action: 0, Confidence: 1.0000, Safety Mode: SAFE_HOLD, Override: Safe hold mode active
2025-05-28 04:01:46,706 - INFO - [AUDIT] - Action: 0, Confidence: 1.0000, Safety Mode: SAFE_HOLD, Override: Safe hold mode active
2025-05-28 04:01:46,706 - INFO - [AUDIT] - Action: 0, Confidence: 1.0000, Safety Mode: SAFE_HOLD, Override: Safe hold mode active
2025-05-28 04:01:46,706 - INFO - [AUDIT] - Action: 0, Confidence: 1.0000, Safety Mode: SAFE_HOLD, Override: Safe hold mode active
2025-05-28 04:01:46,707 - INFO - [AUDIT] - Action: 0, Confidence: 1.0000, Safety Mode: SAFE_HOLD, Override: Safe hold mode active
2025-05-28 04:01:46,707 - INFO - [AUDIT] - Action: 0, Confidence: 1.0000, Safety Mode: SAFE_HOLD, Override: Safe hold mode active
2025-05-28 04:01:46,707 - INFO - [AUDIT] - Action: 0, Confidence: 1.0000, Safety Mode: SAFE_HOLD, Override: Safe hold mode active
2025-05-28 04:01:46,707 - INFO - [AUDIT] - Action: 0, Confidence: 1.0000, Safety Mode: SAFE_HOLD, Override: Safe hold mode active
2025-05-28 04:01:46,707 - INFO - [AUDIT] - Action: 0, Confidence: 1.0000, Safety Mode: SAFE_HOLD, Override: Safe hold mode active
2025-05-28 04:01:46,708 - INFO - [AUDIT] - Action: 0, Confidence: 1.0000, Safety Mode: SAFE_HOLD, Override: Safe hold mode active
2025-05-28 04:01:46,708 - INFO - [AUDIT] - Action: 0, Confidence: 1.0000, Safety Mode: SAFE_HOLD, Override: Safe hold mode active
2025-05-28 04:01:46,708 - INFO - [AUDIT] - Action: 0, Confidence: 1.0000, Safety Mode: SAFE_HOLD, Override: Safe hold mode active
2025-05-28 04:01:46,708 - INFO - [AUDIT] - Action: 0, Confidence: 1.0000, Safety Mode: SAFE_HOLD, Override: Safe hold mode active
2025-05-28 04:01:46,708 - INFO - [AUDIT] - Action: 0, Confidence: 1.0000, Safety Mode: SAFE_HOLD, Override: Safe hold mode active
2025-05-28 04:01:46,709 - INFO - [AUDIT] - Action: 0, Confidence: 1.0000, Safety Mode: SAFE_HOLD, Override: Safe hold mode active
2025-05-28 04:01:46,709 - INFO - [AUDIT] - Action: 0, Confidence: 1.0000, Safety Mode: SAFE_HOLD, Override: Safe hold mode active
2025-05-28 04:01:46,709 - INFO - [AUDIT] - Action: 0, Confidence: 1.0000, Safety Mode: SAFE_HOLD, Override: Safe hold mode active
2025-05-28 04:01:46,709 - INFO - [AUDIT] - Action: 0, Confidence: 1.0000, Safety Mode: SAFE_HOLD, Override: Safe hold mode active
2025-05-28 04:01:46,709 - INFO - [AUDIT] - Action: 0, Confidence: 1.0000, Safety Mode: SAFE_HOLD, Override: Safe hold mode active
2025-05-28 04:01:46,710 - INFO - [AUDIT] - Action: 0, Confidence: 1.0000, Safety Mode: SAFE_HOLD, Override: Safe hold mode active
2025-05-28 04:01:46,710 - INFO - [AUDIT] - Action: 0, Confidence: 1.0000, Safety Mode: SAFE_HOLD, Override: Safe hold mode active
2025-05-28 04:01:46,710 - INFO - [AUDIT] - Action: 0, Confidence: 1.0000, Safety Mode: SAFE_HOLD, Override: Safe hold mode active
2025-05-28 04:01:46,710 - INFO - [AUDIT] - Action: 0, Confidence: 1.0000, Safety Mode: SAFE_HOLD, Override: Safe hold mode active
2025-05-28 04:01:46,710 - INFO - [AUDIT] - Action: 0, Confidence: 1.0000, Safety Mode: SAFE_HOLD, Override: Safe hold mode active
2025-05-28 04:01:46,711 - INFO - [AUDIT] - Action: 0, Confidence: 1.0000, Safety Mode: SAFE_HOLD, Override: Safe hold mode active
2025-05-28 04:01:46,711 - INFO - [AUDIT] - Action: 0, Confidence: 1.0000, Safety Mode: SAFE_HOLD, Override: Safe hold mode active
2025-05-28 04:01:46,711 - INFO - [AUDIT] - Action: 0, Confidence: 1.0000, Safety Mode: SAFE_HOLD, Override: Safe hold mode active
2025-05-28 04:01:46,711 - INFO - [AUDIT] - Action: 0, Confidence: 1.0000, Safety Mode: SAFE_HOLD, Override: Safe hold mode active
2025-05-28 04:01:46,711 - INFO - [AUDIT] - Action: 0, Confidence: 1.0000, Safety Mode: SAFE_HOLD, Override: Safe hold mode active
2025-05-28 04:01:46,712 - INFO - [AUDIT] - Action: 0, Confidence: 1.0000, Safety Mode: SAFE_HOLD, Override: Safe hold mode active
2025-05-28 04:01:46,712 - INFO - [AUDIT] - Action: 0, Confidence: 1.0000, Safety Mode: SAFE_HOLD, Override: Safe hold mode active
2025-05-28 04:01:46,712 - INFO - [AUDIT] - Action: 0, Confidence: 1.0000, Safety Mode: SAFE_HOLD, Override: Safe hold mode active
2025-05-28 04:01:46,712 - INFO - [AUDIT] - Action: 0, Confidence: 1.0000, Safety Mode: SAFE_HOLD, Override: Safe hold mode active
2025-05-28 04:01:46,712 - INFO - [AUDIT] - Action: 0, Confidence: 1.0000, Safety Mode: SAFE_HOLD, Override: Safe hold mode active
2025-05-28 04:01:46,713 - INFO - [AUDIT] - Action: 0, Confidence: 1.0000, Safety Mode: SAFE_HOLD, Override: Safe hold mode active
2025-05-28 04:01:46,713 - INFO - [AUDIT] - Action: 0, Confidence: 1.0000, Safety Mode: SAFE_HOLD, Override: Safe hold mode active
2025-05-28 04:01:46,713 - INFO - [AUDIT] - Action: 0, Confidence: 1.0000, Safety Mode: SAFE_HOLD, Override: Safe hold mode active
2025-05-28 04:01:46,713 - INFO - [AUDIT] - Action: 0, Confidence: 1.0000, Safety Mode: SAFE_HOLD, Override: Safe hold mode active
2025-05-28 04:01:46,713 - INFO - [AUDIT] - Action: 0, Confidence: 1.0000, Safety Mode: SAFE_HOLD, Override: Safe hold mode active
2025-05-28 04:01:46,713 - INFO - [AUDIT] - Action: 0, Confidence: 1.0000, Safety Mode: SAFE_HOLD, Override: Safe hold mode active
2025-05-28 04:01:46,714 - INFO - [AUDIT] - Action: 0, Confidence: 1.0000, Safety Mode: SAFE_HOLD, Override: Safe hold mode active
2025-05-28 04:01:46,714 - INFO - [AUDIT] - Action: 0, Confidence: 1.0000, Safety Mode: SAFE_HOLD, Override: Safe hold mode active
2025-05-28 04:01:46,714 - INFO - [AUDIT] - Action: 0, Confidence: 1.0000, Safety Mode: SAFE_HOLD, Override: Safe hold mode active
2025-05-28 04:01:46,714 - INFO - [AUDIT] - Action: 0, Confidence: 1.0000, Safety Mode: SAFE_HOLD, Override: Safe hold mode active
2025-05-28 04:01:46,714 - INFO - [AUDIT] - Action: 0, Confidence: 1.0000, Safety Mode: SAFE_HOLD, Override: Safe hold mode active
2025-05-28 04:01:46,715 - INFO - [AUDIT] - Action: 0, Confidence: 1.0000, Safety Mode: SAFE_HOLD, Override: Safe hold mode active
2025-05-28 04:01:46,715 - INFO - [AUDIT] - Action: 0, Confidence: 1.0000, Safety Mode: SAFE_HOLD, Override: Safe hold mode active
2025-05-28 04:01:46,715 - INFO - [AUDIT] - Action: 0, Confidence: 1.0000, Safety Mode: SAFE_HOLD, Override: Safe hold mode active
2025-05-28 04:01:46,715 - INFO - [AUDIT] - Action: 0, Confidence: 1.0000, Safety Mode: SAFE_HOLD, Override: Safe hold mode active
2025-05-28 04:01:46,715 - INFO - [AUDIT] - Action: 0, Confidence: 1.0000, Safety Mode: SAFE_HOLD, Override: Safe hold mode active
2025-05-28 04:01:46,715 - INFO - [AUDIT] - Action: 0, Confidence: 1.0000, Safety Mode: SAFE_HOLD, Override: Safe hold mode active
2025-05-28 04:01:46,716 - INFO - [AUDIT] - Action: 0, Confidence: 1.0000, Safety Mode: SAFE_HOLD, Override: Safe hold mode active
2025-05-28 04:01:46,716 - INFO - [AUDIT] - Action: 0, Confidence: 1.0000, Safety Mode: SAFE_HOLD, Override: Safe hold mode active
2025-05-28 04:01:46,716 - INFO - [AUDIT] - Action: 0, Confidence: 1.0000, Safety Mode: SAFE_HOLD, Override: Safe hold mode active
2025-05-28 04:01:46,716 - INFO - [AUDIT] - Action: 0, Confidence: 1.0000, Safety Mode: SAFE_HOLD, Override: Safe hold mode active
2025-05-28 04:01:46,716 - INFO - [AUDIT] - Action: 0, Confidence: 1.0000, Safety Mode: SAFE_HOLD, Override: Safe hold mode active
2025-05-28 04:01:46,717 - INFO - [AUDIT] - Action: 0, Confidence: 1.0000, Safety Mode: SAFE_HOLD, Override: Safe hold mode active
2025-05-28 04:01:46,717 - INFO - [AUDIT] - Action: 0, Confidence: 1.0000, Safety Mode: SAFE_HOLD, Override: Safe hold mode active
2025-05-28 04:01:46,717 - INFO - [AUDIT] - Action: 0, Confidence: 1.0000, Safety Mode: SAFE_HOLD, Override: Safe hold mode active
2025-05-28 04:01:46,718 - INFO - [AUDIT] - Action: 0, Confidence: 1.0000, Safety Mode: SAFE_HOLD, Override: Safe hold mode active
2025-05-28 04:01:46,718 - INFO - [AUDIT] - Action: 0, Confidence: 1.0000, Safety Mode: SAFE_HOLD, Override: Safe hold mode active
2025-05-28 04:01:46,718 - INFO - [AUDIT] - Action: 0, Confidence: 1.0000, Safety Mode: SAFE_HOLD, Override: Safe hold mode active
2025-05-28 04:01:46,718 - INFO - [AUDIT] - Action: 0, Confidence: 1.0000, Safety Mode: SAFE_HOLD, Override: Safe hold mode active
2025-05-28 04:01:46,719 - INFO - [AUDIT] - Action: 0, Confidence: 1.0000, Safety Mode: SAFE_HOLD, Override: Safe hold mode active
2025-05-28 04:01:46,719 - INFO - [AUDIT] - Action: 0, Confidence: 1.0000, Safety Mode: SAFE_HOLD, Override: Safe hold mode active
2025-05-28 04:01:46,719 - INFO - [AUDIT] - Action: 0, Confidence: 1.0000, Safety Mode: SAFE_HOLD, Override: Safe hold mode active
2025-05-28 04:01:46,719 - INFO - [AUDIT] - Action: 0, Confidence: 1.0000, Safety Mode: SAFE_HOLD, Override: Safe hold mode active
2025-05-28 04:01:46,719 - INFO - [AUDIT] - Action: 0, Confidence: 1.0000, Safety Mode: SAFE_HOLD, Override: Safe hold mode active
2025-05-28 04:01:46,720 - INFO - [AUDIT] - Action: 0, Confidence: 1.0000, Safety Mode: SAFE_HOLD, Override: Safe hold mode active
2025-05-28 04:01:46,720 - INFO - [AUDIT] - Action: 0, Confidence: 1.0000, Safety Mode: SAFE_HOLD, Override: Safe hold mode active
2025-05-28 04:01:46,720 - INFO - [AUDIT] - Action: 0, Confidence: 1.0000, Safety Mode: SAFE_HOLD, Override: Safe hold mode active
2025-05-28 04:01:46,720 - INFO - [AUDIT] - Action: 0, Confidence: 1.0000, Safety Mode: SAFE_HOLD, Override: Safe hold mode active
2025-05-28 04:01:46,720 - INFO - [AUDIT] - Action: 0, Confidence: 1.0000, Safety Mode: SAFE_HOLD, Override: Safe hold mode active
2025-05-28 04:01:46,721 - INFO - [AUDIT] - Action: 0, Confidence: 1.0000, Safety Mode: SAFE_HOLD, Override: Safe hold mode active
2025-05-28 04:01:46,721 - INFO - [AUDIT] - Action: 0, Confidence: 1.0000, Safety Mode: SAFE_HOLD, Override: Safe hold mode active
2025-05-28 04:01:46,721 - INFO - [AUDIT] - Action: 0, Confidence: 1.0000, Safety Mode: SAFE_HOLD, Override: Safe hold mode active
2025-05-28 04:01:46,721 - INFO - [AUDIT] - Action: 0, Confidence: 1.0000, Safety Mode: SAFE_HOLD, Override: Safe hold mode active
2025-05-28 04:01:46,721 - INFO - [AUDIT] - Action: 0, Confidence: 1.0000, Safety Mode: SAFE_HOLD, Override: Safe hold mode active
2025-05-28 04:01:46,722 - INFO - [AUDIT] - Action: 0, Confidence: 1.0000, Safety Mode: SAFE_HOLD, Override: Safe hold mode active
2025-05-28 04:01:46,722 - INFO - [AUDIT] - Action: 0, Confidence: 1.0000, Safety Mode: SAFE_HOLD, Override: Safe hold mode active
2025-05-28 04:01:46,722 - INFO - [AUDIT] - Action: 0, Confidence: 1.0000, Safety Mode: SAFE_HOLD, Override: Safe hold mode active
2025-05-28 04:01:46,722 - INFO - [AUDIT] - Action: 0, Confidence: 1.0000, Safety Mode: SAFE_HOLD, Override: Safe hold mode active
2025-05-28 04:01:46,722 - INFO - [AUDIT] - Action: 0, Confidence: 1.0000, Safety Mode: SAFE_HOLD, Override: Safe hold mode active
2025-05-28 04:01:46,723 - INFO - [AUDIT] - Action: 0, Confidence: 1.0000, Safety Mode: SAFE_HOLD, Override: Safe hold mode active
2025-05-28 04:01:46,723 - INFO - [AUDIT] - Action: 0, Confidence: 1.0000, Safety Mode: SAFE_HOLD, Override: Safe hold mode active
2025-05-28 04:01:46,723 - INFO - [AUDIT] - Action: 0, Confidence: 1.0000, Safety Mode: SAFE_HOLD, Override: Safe hold mode active
2025-05-28 04:01:46,723 - INFO - [AUDIT] - Action: 0, Confidence: 1.0000, Safety Mode: SAFE_HOLD, Override: Safe hold mode active
2025-05-28 04:01:46,723 - INFO - [AUDIT] - Action: 0, Confidence: 1.0000, Safety Mode: SAFE_HOLD, Override: Safe hold mode active
2025-05-28 04:01:46,723 - INFO - [AUDIT] - Action: 0, Confidence: 1.0000, Safety Mode: SAFE_HOLD, Override: Safe hold mode active
2025-05-28 04:01:46,724 - INFO - [AUDIT] - Action: 0, Confidence: 1.0000, Safety Mode: SAFE_HOLD, Override: Safe hold mode active
2025-05-28 04:01:46,724 - INFO - [AUDIT] - Action: 0, Confidence: 1.0000, Safety Mode: SAFE_HOLD, Override: Safe hold mode active
2025-05-28 04:01:46,724 - INFO - [AUDIT] - Action: 0, Confidence: 1.0000, Safety Mode: SAFE_HOLD, Override: Safe hold mode active
2025-05-28 04:01:46,724 - INFO - [AUDIT] - Action: 0, Confidence: 1.0000, Safety Mode: SAFE_HOLD, Override: Safe hold mode active
2025-05-28 04:01:46,724 - INFO - [AUDIT] - Action: 0, Confidence: 1.0000, Safety Mode: SAFE_HOLD, Override: Safe hold mode active
2025-05-28 04:01:46,725 - INFO - [AUDIT] - Action: 0, Confidence: 1.0000, Safety Mode: SAFE_HOLD, Override: Safe hold mode active
2025-05-28 04:01:46,725 - INFO - [AUDIT] - Action: 0, Confidence: 1.0000, Safety Mode: SAFE_HOLD, Override: Safe hold mode active
2025-05-28 04:01:46,725 - INFO - [AUDIT] - Action: 0, Confidence: 1.0000, Safety Mode: SAFE_HOLD, Override: Safe hold mode active
2025-05-28 04:01:46,725 - INFO - [AUDIT] - Action: 0, Confidence: 1.0000, Safety Mode: SAFE_HOLD, Override: Safe hold mode active
2025-05-28 04:01:46,725 - INFO - [AUDIT] - Action: 0, Confidence: 1.0000, Safety Mode: SAFE_HOLD, Override: Safe hold mode active
2025-05-28 04:01:46,725 - INFO - [AUDIT] - Action: 0, Confidence: 1.0000, Safety Mode: SAFE_HOLD, Override: Safe hold mode active
2025-05-28 04:01:46,726 - INFO - [AUDIT] - Action: 0, Confidence: 1.0000, Safety Mode: SAFE_HOLD, Override: Safe hold mode active
2025-05-28 04:01:46,726 - INFO - [AUDIT] - Action: 0, Confidence: 1.0000, Safety Mode: SAFE_HOLD, Override: Safe hold mode active
2025-05-28 04:01:46,726 - INFO - [AUDIT] - Action: 0, Confidence: 1.0000, Safety Mode: SAFE_HOLD, Override: Safe hold mode active
2025-05-28 04:01:46,726 - INFO - [AUDIT] - Action: 0, Confidence: 1.0000, Safety Mode: SAFE_HOLD, Override: Safe hold mode active
2025-05-28 04:01:46,726 - INFO - [AUDIT] - Action: 0, Confidence: 1.0000, Safety Mode: SAFE_HOLD, Override: Safe hold mode active
2025-05-28 04:01:46,727 - INFO - [AUDIT] - Action: 0, Confidence: 1.0000, Safety Mode: SAFE_HOLD, Override: Safe hold mode active
2025-05-28 04:01:46,727 - INFO - [AUDIT] - Action: 0, Confidence: 1.0000, Safety Mode: SAFE_HOLD, Override: Safe hold mode active
2025-05-28 04:01:46,727 - INFO - [AUDIT] - Action: 0, Confidence: 1.0000, Safety Mode: SAFE_HOLD, Override: Safe hold mode active
2025-05-28 04:01:46,727 - INFO - [AUDIT] - Action: 0, Confidence: 1.0000, Safety Mode: SAFE_HOLD, Override: Safe hold mode active
2025-05-28 04:01:46,727 - INFO - [AUDIT] - Action: 0, Confidence: 1.0000, Safety Mode: SAFE_HOLD, Override: Safe hold mode active
2025-05-28 04:01:46,728 - INFO - [AUDIT] - Action: 0, Confidence: 1.0000, Safety Mode: SAFE_HOLD, Override: Safe hold mode active
2025-05-28 04:01:46,728 - INFO - [AUDIT] - Action: 0, Confidence: 1.0000, Safety Mode: SAFE_HOLD, Override: Safe hold mode active
2025-05-28 04:01:46,728 - INFO - [AUDIT] - Action: 0, Confidence: 1.0000, Safety Mode: SAFE_HOLD, Override: Safe hold mode active
2025-05-28 04:01:46,728 - INFO - [AUDIT] - Action: 0, Confidence: 1.0000, Safety Mode: SAFE_HOLD, Override: Safe hold mode active
2025-05-28 04:01:46,728 - INFO - [AUDIT] - Action: 0, Confidence: 1.0000, Safety Mode: SAFE_HOLD, Override: Safe hold mode active
2025-05-28 04:01:46,728 - INFO - [AUDIT] - Action: 0, Confidence: 1.0000, Safety Mode: SAFE_HOLD, Override: Safe hold mode active
2025-05-28 04:01:46,729 - INFO - [AUDIT] - Action: 0, Confidence: 1.0000, Safety Mode: SAFE_HOLD, Override: Safe hold mode active
2025-05-28 04:01:46,729 - INFO - [AUDIT] - Action: 0, Confidence: 1.0000, Safety Mode: SAFE_HOLD, Override: Safe hold mode active
2025-05-28 04:01:46,729 - INFO - [AUDIT] - Action: 0, Confidence: 1.0000, Safety Mode: SAFE_HOLD, Override: Safe hold mode active
2025-05-28 04:01:46,729 - INFO - [AUDIT] - Action: 0, Confidence: 1.0000, Safety Mode: SAFE_HOLD, Override: Safe hold mode active
2025-05-28 04:01:46,729 - INFO - [AUDIT] - Action: 0, Confidence: 1.0000, Safety Mode: SAFE_HOLD, Override: Safe hold mode active
2025-05-28 04:01:46,730 - INFO - [AUDIT] - Action: 0, Confidence: 1.0000, Safety Mode: SAFE_HOLD, Override: Safe hold mode active
2025-05-28 04:01:46,730 - INFO - [AUDIT] - Action: 0, Confidence: 1.0000, Safety Mode: SAFE_HOLD, Override: Safe hold mode active
2025-05-28 04:01:46,730 - INFO - [AUDIT] - Action: 0, Confidence: 1.0000, Safety Mode: SAFE_HOLD, Override: Safe hold mode active
2025-05-28 04:01:46,730 - INFO - [AUDIT] - Action: 0, Confidence: 1.0000, Safety Mode: SAFE_HOLD, Override: Safe hold mode active
2025-05-28 04:01:46,730 - INFO - [AUDIT] - Action: 0, Confidence: 1.0000, Safety Mode: SAFE_HOLD, Override: Safe hold mode active
2025-05-28 04:01:46,730 - INFO - [AUDIT] - Action: 0, Confidence: 1.0000, Safety Mode: SAFE_HOLD, Override: Safe hold mode active
2025-05-28 04:01:46,731 - INFO - [AUDIT] - Action: 0, Confidence: 1.0000, Safety Mode: SAFE_HOLD, Override: Safe hold mode active
2025-05-28 04:01:46,731 - INFO - [AUDIT] - Action: 0, Confidence: 1.0000, Safety Mode: SAFE_HOLD, Override: Safe hold mode active
2025-05-28 04:01:46,731 - INFO - [AUDIT] - Action: 0, Confidence: 1.0000, Safety Mode: SAFE_HOLD, Override: Safe hold mode active
2025-05-28 04:01:46,731 - INFO - [AUDIT] - Action: 0, Confidence: 1.0000, Safety Mode: SAFE_HOLD, Override: Safe hold mode active
2025-05-28 04:01:46,732 - INFO - [AUDIT] - Action: 0, Confidence: 1.0000, Safety Mode: SAFE_HOLD, Override: Safe hold mode active
2025-05-28 04:01:46,732 - INFO - [AUDIT] - Action: 0, Confidence: 1.0000, Safety Mode: SAFE_HOLD, Override: Safe hold mode active
2025-05-28 04:01:46,732 - INFO - [AUDIT] - Action: 0, Confidence: 1.0000, Safety Mode: SAFE_HOLD, Override: Safe hold mode active
2025-05-28 04:01:46,732 - INFO - [AUDIT] - Action: 0, Confidence: 1.0000, Safety Mode: SAFE_HOLD, Override: Safe hold mode active
2025-05-28 04:01:46,732 - INFO - [AUDIT] - Action: 0, Confidence: 1.0000, Safety Mode: SAFE_HOLD, Override: Safe hold mode active
2025-05-28 04:01:46,732 - INFO - [AUDIT] - Action: 0, Confidence: 1.0000, Safety Mode: SAFE_HOLD, Override: Safe hold mode active
2025-05-28 04:01:46,733 - INFO - [AUDIT] - Action: 0, Confidence: 1.0000, Safety Mode: SAFE_HOLD, Override: Safe hold mode active
2025-05-28 04:01:46,733 - INFO - [AUDIT] - Action: 0, Confidence: 1.0000, Safety Mode: SAFE_HOLD, Override: Safe hold mode active
2025-05-28 04:01:46,733 - INFO - [AUDIT] - Action: 0, Confidence: 1.0000, Safety Mode: SAFE_HOLD, Override: Safe hold mode active
2025-05-28 04:01:46,733 - INFO - [AUDIT] - Action: 0, Confidence: 1.0000, Safety Mode: SAFE_HOLD, Override: Safe hold mode active
2025-05-28 04:01:46,734 - INFO - [AUDIT] - Action: 0, Confidence: 1.0000, Safety Mode: SAFE_HOLD, Override: Safe hold mode active
2025-05-28 04:01:46,734 - INFO - [AUDIT] - Action: 0, Confidence: 1.0000, Safety Mode: SAFE_HOLD, Override: Safe hold mode active
2025-05-28 04:01:46,734 - INFO - [AUDIT] - Action: 0, Confidence: 1.0000, Safety Mode: SAFE_HOLD, Override: Safe hold mode active
2025-05-28 04:01:46,734 - INFO - [AUDIT] - Action: 0, Confidence: 1.0000, Safety Mode: SAFE_HOLD, Override: Safe hold mode active
2025-05-28 04:01:46,734 - INFO - [AUDIT] - Action: 0, Confidence: 1.0000, Safety Mode: SAFE_HOLD, Override: Safe hold mode active
2025-05-28 04:01:46,735 - INFO - [AUDIT] - Action: 0, Confidence: 1.0000, Safety Mode: SAFE_HOLD, Override: Safe hold mode active
2025-05-28 04:01:46,735 - INFO - [AUDIT] - Action: 0, Confidence: 1.0000, Safety Mode: SAFE_HOLD, Override: Safe hold mode active
2025-05-28 04:01:46,735 - INFO - [AUDIT] - Action: 0, Confidence: 1.0000, Safety Mode: SAFE_HOLD, Override: Safe hold mode active
2025-05-28 04:01:46,735 - INFO - [AUDIT] - Action: 0, Confidence: 1.0000, Safety Mode: SAFE_HOLD, Override: Safe hold mode active
2025-05-28 04:01:46,735 - INFO - [AUDIT] - Action: 0, Confidence: 1.0000, Safety Mode: SAFE_HOLD, Override: Safe hold mode active
2025-05-28 04:01:46,736 - INFO - [AUDIT] - Action: 0, Confidence: 1.0000, Safety Mode: SAFE_HOLD, Override: Safe hold mode active
2025-05-28 04:01:46,736 - INFO - [AUDIT] - Action: 0, Confidence: 1.0000, Safety Mode: SAFE_HOLD, Override: Safe hold mode active
2025-05-28 04:01:46,736 - INFO - [AUDIT] - Action: 0, Confidence: 1.0000, Safety Mode: SAFE_HOLD, Override: Safe hold mode active
2025-05-28 04:01:46,736 - INFO - [AUDIT] - Action: 0, Confidence: 1.0000, Safety Mode: SAFE_HOLD, Override: Safe hold mode active
2025-05-28 04:01:46,736 - INFO - [AUDIT] - Action: 0, Confidence: 1.0000, Safety Mode: SAFE_HOLD, Override: Safe hold mode active
2025-05-28 04:01:46,737 - INFO - [AUDIT] - Action: 0, Confidence: 1.0000, Safety Mode: SAFE_HOLD, Override: Safe hold mode active
2025-05-28 04:01:46,737 - INFO - [AUDIT] - Action: 0, Confidence: 1.0000, Safety Mode: SAFE_HOLD, Override: Safe hold mode active
2025-05-28 04:01:46,737 - INFO - [AUDIT] - Action: 0, Confidence: 1.0000, Safety Mode: SAFE_HOLD, Override: Safe hold mode active
2025-05-28 04:01:46,737 - INFO - [AUDIT] - Action: 0, Confidence: 1.0000, Safety Mode: SAFE_HOLD, Override: Safe hold mode active
2025-05-28 04:01:46,737 - INFO - [AUDIT] - Action: 0, Confidence: 1.0000, Safety Mode: SAFE_HOLD, Override: Safe hold mode active
2025-05-28 04:01:46,738 - INFO - [AUDIT] - Action: 0, Confidence: 1.0000, Safety Mode: SAFE_HOLD, Override: Safe hold mode active
2025-05-28 04:01:46,738 - INFO - [AUDIT] - Action: 0, Confidence: 1.0000, Safety Mode: SAFE_HOLD, Override: Safe hold mode active
2025-05-28 04:01:46,738 - INFO - [AUDIT] - Action: 0, Confidence: 1.0000, Safety Mode: SAFE_HOLD, Override: Safe hold mode active
2025-05-28 04:01:46,738 - INFO - [AUDIT] - Action: 0, Confidence: 1.0000, Safety Mode: SAFE_HOLD, Override: Safe hold mode active
2025-05-28 04:01:46,738 - INFO - [AUDIT] - Action: 0, Confidence: 1.0000, Safety Mode: SAFE_HOLD, Override: Safe hold mode active
2025-05-28 04:01:46,738 - INFO - [AUDIT] - Action: 0, Confidence: 1.0000, Safety Mode: SAFE_HOLD, Override: Safe hold mode active
2025-05-28 04:01:46,739 - INFO - [AUDIT] - Action: 0, Confidence: 1.0000, Safety Mode: SAFE_HOLD, Override: Safe hold mode active
2025-05-28 04:01:46,739 - INFO - [AUDIT] - Action: 0, Confidence: 1.0000, Safety Mode: SAFE_HOLD, Override: Safe hold mode active
2025-05-28 04:01:46,739 - INFO - [AUDIT] - Action: 0, Confidence: 1.0000, Safety Mode: SAFE_HOLD, Override: Safe hold mode active
2025-05-28 04:01:46,739 - INFO - [AUDIT] - Action: 0, Confidence: 1.0000, Safety Mode: SAFE_HOLD, Override: Safe hold mode active
2025-05-28 04:01:46,739 - INFO - [AUDIT] - Action: 0, Confidence: 1.0000, Safety Mode: SAFE_HOLD, Override: Safe hold mode active
2025-05-28 04:01:46,739 - INFO - [AUDIT] - Action: 0, Confidence: 1.0000, Safety Mode: SAFE_HOLD, Override: Safe hold mode active
2025-05-28 04:01:46,740 - INFO - [AUDIT] - Action: 0, Confidence: 1.0000, Safety Mode: SAFE_HOLD, Override: Safe hold mode active
2025-05-28 04:01:46,740 - INFO - [AUDIT] - Action: 0, Confidence: 1.0000, Safety Mode: SAFE_HOLD, Override: Safe hold mode active
2025-05-28 04:01:46,740 - INFO - [AUDIT] - Action: 0, Confidence: 1.0000, Safety Mode: SAFE_HOLD, Override: Safe hold mode active
2025-05-28 04:01:46,740 - INFO - [AUDIT] - Action: 0, Confidence: 1.0000, Safety Mode: SAFE_HOLD, Override: Safe hold mode active
2025-05-28 04:01:46,740 - INFO - [AUDIT] - Action: 0, Confidence: 1.0000, Safety Mode: SAFE_HOLD, Override: Safe hold mode active
2025-05-28 04:01:46,741 - INFO - [AUDIT] - Action: 0, Confidence: 1.0000, Safety Mode: SAFE_HOLD, Override: Safe hold mode active
2025-05-28 04:01:46,741 - INFO - [AUDIT] - Action: 0, Confidence: 1.0000, Safety Mode: SAFE_HOLD, Override: Safe hold mode active
2025-05-28 04:01:46,741 - INFO - [AUDIT] - Action: 0, Confidence: 1.0000, Safety Mode: SAFE_HOLD, Override: Safe hold mode active
2025-05-28 04:01:46,741 - INFO - [AUDIT] - Action: 0, Confidence: 1.0000, Safety Mode: SAFE_HOLD, Override: Safe hold mode active
2025-05-28 04:01:46,741 - INFO - [AUDIT] - Action: 0, Confidence: 1.0000, Safety Mode: SAFE_HOLD, Override: Safe hold mode active
2025-05-28 04:01:46,742 - INFO - [AUDIT] - Action: 0, Confidence: 1.0000, Safety Mode: SAFE_HOLD, Override: Safe hold mode active
2025-05-28 04:01:46,742 - INFO - [AUDIT] - Action: 0, Confidence: 1.0000, Safety Mode: SAFE_HOLD, Override: Safe hold mode active
2025-05-28 04:01:46,742 - INFO - [AUDIT] - Action: 0, Confidence: 1.0000, Safety Mode: SAFE_HOLD, Override: Safe hold mode active
2025-05-28 04:01:46,742 - INFO - [AUDIT] - Action: 0, Confidence: 1.0000, Safety Mode: SAFE_HOLD, Override: Safe hold mode active
2025-05-28 04:01:46,742 - INFO - [AUDIT] - Action: 0, Confidence: 1.0000, Safety Mode: SAFE_HOLD, Override: Safe hold mode active
2025-05-28 04:01:46,743 - INFO - [AUDIT] - Action: 0, Confidence: 1.0000, Safety Mode: SAFE_HOLD, Override: Safe hold mode active
2025-05-28 04:01:46,743 - INFO - [AUDIT] - Action: 0, Confidence: 1.0000, Safety Mode: SAFE_HOLD, Override: Safe hold mode active
2025-05-28 04:01:46,743 - INFO - [AUDIT] - Action: 0, Confidence: 1.0000, Safety Mode: SAFE_HOLD, Override: Safe hold mode active
2025-05-28 04:01:46,743 - INFO - [AUDIT] - Action: 0, Confidence: 1.0000, Safety Mode: SAFE_HOLD, Override: Safe hold mode active
2025-05-28 04:01:46,743 - INFO - [AUDIT] - Action: 0, Confidence: 1.0000, Safety Mode: SAFE_HOLD, Override: Safe hold mode active
2025-05-28 04:01:46,743 - INFO - [AUDIT] - Action: 0, Confidence: 1.0000, Safety Mode: SAFE_HOLD, Override: Safe hold mode active
2025-05-28 04:01:46,744 - INFO - [AUDIT] - Action: 0, Confidence: 1.0000, Safety Mode: SAFE_HOLD, Override: Safe hold mode active
2025-05-28 04:01:46,744 - INFO - [AUDIT] - Action: 0, Confidence: 1.0000, Safety Mode: SAFE_HOLD, Override: Safe hold mode active
2025-05-28 04:01:46,744 - INFO - [AUDIT] - Action: 0, Confidence: 1.0000, Safety Mode: SAFE_HOLD, Override: Safe hold mode active
2025-05-28 04:01:46,744 - INFO - [AUDIT] - Action: 0, Confidence: 1.0000, Safety Mode: SAFE_HOLD, Override: Safe hold mode active
2025-05-28 04:01:46,744 - INFO - [AUDIT] - Action: 0, Confidence: 1.0000, Safety Mode: SAFE_HOLD, Override: Safe hold mode active
2025-05-28 04:01:46,744 - INFO - [AUDIT] - Action: 0, Confidence: 1.0000, Safety Mode: SAFE_HOLD, Override: Safe hold mode active
2025-05-28 04:01:46,745 - INFO - [AUDIT] - Action: 0, Confidence: 1.0000, Safety Mode: SAFE_HOLD, Override: Safe hold mode active
2025-05-28 04:01:46,745 - INFO - [AUDIT] - Action: 0, Confidence: 1.0000, Safety Mode: SAFE_HOLD, Override: Safe hold mode active
2025-05-28 04:01:46,745 - INFO - [AUDIT] - Action: 0, Confidence: 1.0000, Safety Mode: SAFE_HOLD, Override: Safe hold mode active
2025-05-28 04:01:46,745 - INFO - [AUDIT] - Action: 0, Confidence: 1.0000, Safety Mode: SAFE_HOLD, Override: Safe hold mode active
2025-05-28 04:01:46,745 - INFO - [AUDIT] - Action: 0, Confidence: 1.0000, Safety Mode: SAFE_HOLD, Override: Safe hold mode active
2025-05-28 04:01:46,746 - INFO - [AUDIT] - Action: 0, Confidence: 1.0000, Safety Mode: SAFE_HOLD, Override: Safe hold mode active
2025-05-28 04:01:46,746 - INFO - [AUDIT] - Action: 0, Confidence: 1.0000, Safety Mode: SAFE_HOLD, Override: Safe hold mode active
2025-05-28 04:01:46,746 - INFO - [AUDIT] - Action: 0, Confidence: 1.0000, Safety Mode: SAFE_HOLD, Override: Safe hold mode active
2025-05-28 04:01:46,746 - INFO - [AUDIT] - Action: 0, Confidence: 1.0000, Safety Mode: SAFE_HOLD, Override: Safe hold mode active
2025-05-28 04:01:46,746 - INFO - [AUDIT] - Action: 0, Confidence: 1.0000, Safety Mode: SAFE_HOLD, Override: Safe hold mode active
2025-05-28 04:01:46,746 - INFO - [AUDIT] - Action: 0, Confidence: 1.0000, Safety Mode: SAFE_HOLD, Override: Safe hold mode active
2025-05-28 04:01:46,747 - INFO - [AUDIT] - Action: 0, Confidence: 1.0000, Safety Mode: SAFE_HOLD, Override: Safe hold mode active
2025-05-28 04:01:46,747 - INFO - [AUDIT] - Action: 0, Confidence: 1.0000, Safety Mode: SAFE_HOLD, Override: Safe hold mode active
2025-05-28 04:01:46,747 - INFO - [AUDIT] - Action: 0, Confidence: 1.0000, Safety Mode: SAFE_HOLD, Override: Safe hold mode active
2025-05-28 04:01:46,747 - INFO - [AUDIT] - Action: 0, Confidence: 1.0000, Safety Mode: SAFE_HOLD, Override: Safe hold mode active
2025-05-28 04:01:46,748 - INFO - [AUDIT] - Action: 0, Confidence: 1.0000, Safety Mode: SAFE_HOLD, Override: Safe hold mode active
2025-05-28 04:01:46,748 - INFO - [AUDIT] - Action: 0, Confidence: 1.0000, Safety Mode: SAFE_HOLD, Override: Safe hold mode active
2025-05-28 04:01:46,748 - INFO - [AUDIT] - Action: 0, Confidence: 1.0000, Safety Mode: SAFE_HOLD, Override: Safe hold mode active
2025-05-28 04:01:46,748 - INFO - [AUDIT] - Action: 0, Confidence: 1.0000, Safety Mode: SAFE_HOLD, Override: Safe hold mode active
2025-05-28 04:01:46,748 - INFO - [AUDIT] - Action: 0, Confidence: 1.0000, Safety Mode: SAFE_HOLD, Override: Safe hold mode active
2025-05-28 04:01:46,748 - INFO - [AUDIT] - Action: 0, Confidence: 1.0000, Safety Mode: SAFE_HOLD, Override: Safe hold mode active
2025-05-28 04:01:46,749 - INFO - [AUDIT] - Action: 0, Confidence: 1.0000, Safety Mode: SAFE_HOLD, Override: Safe hold mode active
2025-05-28 04:01:46,749 - INFO - [AUDIT] - Action: 0, Confidence: 1.0000, Safety Mode: SAFE_HOLD, Override: Safe hold mode active
2025-05-28 04:01:46,749 - INFO - [AUDIT] - Action: 0, Confidence: 1.0000, Safety Mode: SAFE_HOLD, Override: Safe hold mode active
2025-05-28 04:01:46,749 - INFO - [AUDIT] - Action: 0, Confidence: 1.0000, Safety Mode: SAFE_HOLD, Override: Safe hold mode active
2025-05-28 04:01:46,749 - INFO - [AUDIT] - Action: 0, Confidence: 1.0000, Safety Mode: SAFE_HOLD, Override: Safe hold mode active
2025-05-28 04:01:46,750 - INFO - [AUDIT] - Action: 0, Confidence: 1.0000, Safety Mode: SAFE_HOLD, Override: Safe hold mode active
2025-05-28 04:01:46,750 - INFO - [AUDIT] - Action: 0, Confidence: 1.0000, Safety Mode: SAFE_HOLD, Override: Safe hold mode active
2025-05-28 04:01:46,750 - INFO - [AUDIT] - Action: 0, Confidence: 1.0000, Safety Mode: SAFE_HOLD, Override: Safe hold mode active
2025-05-28 04:01:46,750 - INFO - [AUDIT] - Action: 0, Confidence: 1.0000, Safety Mode: SAFE_HOLD, Override: Safe hold mode active
2025-05-28 04:01:46,750 - INFO - [AUDIT] - Action: 0, Confidence: 1.0000, Safety Mode: SAFE_HOLD, Override: Safe hold mode active
2025-05-28 04:01:46,751 - INFO - [AUDIT] - Action: 0, Confidence: 1.0000, Safety Mode: SAFE_HOLD, Override: Safe hold mode active
2025-05-28 04:01:46,751 - INFO - [AUDIT] - Action: 0, Confidence: 1.0000, Safety Mode: SAFE_HOLD, Override: Safe hold mode active
2025-05-28 04:01:46,751 - INFO - [AUDIT] - Action: 0, Confidence: 1.0000, Safety Mode: SAFE_HOLD, Override: Safe hold mode active
2025-05-28 04:01:46,751 - INFO - [AUDIT] - Action: 0, Confidence: 1.0000, Safety Mode: SAFE_HOLD, Override: Safe hold mode active
2025-05-28 04:01:46,752 - INFO - [AUDIT] - Action: 0, Confidence: 1.0000, Safety Mode: SAFE_HOLD, Override: Safe hold mode active
2025-05-28 04:01:46,752 - INFO - [AUDIT] - Action: 0, Confidence: 1.0000, Safety Mode: SAFE_HOLD, Override: Safe hold mode active
2025-05-28 04:01:46,752 - INFO - [AUDIT] - Action: 0, Confidence: 1.0000, Safety Mode: SAFE_HOLD, Override: Safe hold mode active
2025-05-28 04:01:46,752 - INFO - [AUDIT] - Action: 0, Confidence: 1.0000, Safety Mode: SAFE_HOLD, Override: Safe hold mode active
2025-05-28 04:01:46,752 - INFO - [AUDIT] - Action: 0, Confidence: 1.0000, Safety Mode: SAFE_HOLD, Override: Safe hold mode active
2025-05-28 04:01:46,753 - INFO - [AUDIT] - Action: 0, Confidence: 1.0000, Safety Mode: SAFE_HOLD, Override: Safe hold mode active
2025-05-28 04:01:46,753 - INFO - [AUDIT] - Action: 0, Confidence: 1.0000, Safety Mode: SAFE_HOLD, Override: Safe hold mode active
2025-05-28 04:01:46,753 - INFO - [AUDIT] - Action: 0, Confidence: 1.0000, Safety Mode: SAFE_HOLD, Override: Safe hold mode active
2025-05-28 04:01:46,753 - INFO - [AUDIT] - Action: 0, Confidence: 1.0000, Safety Mode: SAFE_HOLD, Override: Safe hold mode active
2025-05-28 04:01:46,753 - INFO - [AUDIT] - Action: 0, Confidence: 1.0000, Safety Mode: SAFE_HOLD, Override: Safe hold mode active
2025-05-28 04:01:46,754 - INFO - [AUDIT] - Action: 0, Confidence: 1.0000, Safety Mode: SAFE_HOLD, Override: Safe hold mode active
2025-05-28 04:01:46,754 - INFO - [AUDIT] - Action: 0, Confidence: 1.0000, Safety Mode: SAFE_HOLD, Override: Safe hold mode active
2025-05-28 04:01:46,754 - INFO - [AUDIT] - Action: 0, Confidence: 1.0000, Safety Mode: SAFE_HOLD, Override: Safe hold mode active
2025-05-28 04:01:46,754 - INFO - [AUDIT] - Action: 0, Confidence: 1.0000, Safety Mode: SAFE_HOLD, Override: Safe hold mode active
2025-05-28 04:01:46,754 - INFO - [AUDIT] - Action: 0, Confidence: 1.0000, Safety Mode: SAFE_HOLD, Override: Safe hold mode active
2025-05-28 04:01:46,755 - INFO - [AUDIT] - Action: 0, Confidence: 1.0000, Safety Mode: SAFE_HOLD, Override: Safe hold mode active
2025-05-28 04:01:46,755 - INFO - [AUDIT] - Action: 0, Confidence: 1.0000, Safety Mode: SAFE_HOLD, Override: Safe hold mode active
2025-05-28 04:01:46,755 - INFO - [AUDIT] - Action: 0, Confidence: 1.0000, Safety Mode: SAFE_HOLD, Override: Safe hold mode active
2025-05-28 04:01:46,755 - INFO - [AUDIT] - Action: 0, Confidence: 1.0000, Safety Mode: SAFE_HOLD, Override: Safe hold mode active
2025-05-28 04:01:46,755 - INFO - [AUDIT] - Action: 0, Confidence: 1.0000, Safety Mode: SAFE_HOLD, Override: Safe hold mode active
2025-05-28 04:01:46,756 - INFO - [AUDIT] - Action: 0, Confidence: 1.0000, Safety Mode: SAFE_HOLD, Override: Safe hold mode active
2025-05-28 04:01:46,756 - INFO - [AUDIT] - Action: 0, Confidence: 1.0000, Safety Mode: SAFE_HOLD, Override: Safe hold mode active
2025-05-28 04:01:46,756 - INFO - [AUDIT] - Action: 0, Confidence: 1.0000, Safety Mode: SAFE_HOLD, Override: Safe hold mode active
2025-05-28 04:01:46,756 - INFO - [AUDIT] - Action: 0, Confidence: 1.0000, Safety Mode: SAFE_HOLD, Override: Safe hold mode active
2025-05-28 04:01:46,756 - INFO - [AUDIT] - Action: 0, Confidence: 1.0000, Safety Mode: SAFE_HOLD, Override: Safe hold mode active
2025-05-28 04:01:46,757 - INFO - [AUDIT] - Action: 0, Confidence: 1.0000, Safety Mode: SAFE_HOLD, Override: Safe hold mode active
2025-05-28 04:01:46,757 - INFO - [AUDIT] - Action: 0, Confidence: 1.0000, Safety Mode: SAFE_HOLD, Override: Safe hold mode active
2025-05-28 04:01:46,757 - INFO - [AUDIT] - Action: 0, Confidence: 1.0000, Safety Mode: SAFE_HOLD, Override: Safe hold mode active
2025-05-28 04:01:46,757 - INFO - [AUDIT] - Action: 0, Confidence: 1.0000, Safety Mode: SAFE_HOLD, Override: Safe hold mode active
2025-05-28 04:01:46,757 - INFO - [AUDIT] - Action: 0, Confidence: 1.0000, Safety Mode: SAFE_HOLD, Override: Safe hold mode active
2025-05-28 04:01:46,758 - INFO - [AUDIT] - Action: 0, Confidence: 1.0000, Safety Mode: SAFE_HOLD, Override: Safe hold mode active
2025-05-28 04:01:46,758 - INFO - [AUDIT] - Action: 0, Confidence: 1.0000, Safety Mode: SAFE_HOLD, Override: Safe hold mode active
2025-05-28 04:01:46,758 - INFO - [AUDIT] - Action: 0, Confidence: 1.0000, Safety Mode: SAFE_HOLD, Override: Safe hold mode active
2025-05-28 04:01:46,758 - INFO - [AUDIT] - Action: 0, Confidence: 1.0000, Safety Mode: SAFE_HOLD, Override: Safe hold mode active
2025-05-28 04:01:46,758 - INFO - [AUDIT] - Action: 0, Confidence: 1.0000, Safety Mode: SAFE_HOLD, Override: Safe hold mode active
2025-05-28 04:01:46,758 - INFO - [AUDIT] - Action: 0, Confidence: 1.0000, Safety Mode: SAFE_HOLD, Override: Safe hold mode active
2025-05-28 04:01:46,759 - INFO - [AUDIT] - Action: 0, Confidence: 1.0000, Safety Mode: SAFE_HOLD, Override: Safe hold mode active
2025-05-28 04:01:46,759 - INFO - [AUDIT] - Action: 0, Confidence: 1.0000, Safety Mode: SAFE_HOLD, Override: Safe hold mode active
2025-05-28 04:01:46,759 - INFO - [AUDIT] - Action: 0, Confidence: 1.0000, Safety Mode: SAFE_HOLD, Override: Safe hold mode active
2025-05-28 04:01:46,759 - INFO - [AUDIT] - Action: 0, Confidence: 1.0000, Safety Mode: SAFE_HOLD, Override: Safe hold mode active
2025-05-28 04:01:46,759 - INFO - [AUDIT] - Action: 0, Confidence: 1.0000, Safety Mode: SAFE_HOLD, Override: Safe hold mode active
2025-05-28 04:01:46,760 - INFO - [AUDIT] - Action: 0, Confidence: 1.0000, Safety Mode: SAFE_HOLD, Override: Safe hold mode active
2025-05-28 04:01:46,760 - INFO - [AUDIT] - Action: 0, Confidence: 1.0000, Safety Mode: SAFE_HOLD, Override: Safe hold mode active
2025-05-28 04:01:46,760 - INFO - [AUDIT] - Action: 0, Confidence: 1.0000, Safety Mode: SAFE_HOLD, Override: Safe hold mode active
2025-05-28 04:01:46,760 - INFO - [AUDIT] - Action: 0, Confidence: 1.0000, Safety Mode: SAFE_HOLD, Override: Safe hold mode active
2025-05-28 04:01:46,760 - INFO - [AUDIT] - Action: 0, Confidence: 1.0000, Safety Mode: SAFE_HOLD, Override: Safe hold mode active
2025-05-28 04:01:46,761 - INFO - [AUDIT] - Action: 0, Confidence: 1.0000, Safety Mode: SAFE_HOLD, Override: Safe hold mode active
2025-05-28 04:01:46,761 - INFO - [AUDIT] - Action: 0, Confidence: 1.0000, Safety Mode: SAFE_HOLD, Override: Safe hold mode active
2025-05-28 04:01:46,761 - INFO - [AUDIT] - Action: 0, Confidence: 1.0000, Safety Mode: SAFE_HOLD, Override: Safe hold mode active
2025-05-28 04:01:46,761 - INFO - [AUDIT] - Action: 0, Confidence: 1.0000, Safety Mode: SAFE_HOLD, Override: Safe hold mode active
2025-05-28 04:01:46,762 - INFO - [AUDIT] - Action: 0, Confidence: 1.0000, Safety Mode: SAFE_HOLD, Override: Safe hold mode active
2025-05-28 04:01:46,762 - INFO - [AUDIT] - Action: 0, Confidence: 1.0000, Safety Mode: SAFE_HOLD, Override: Safe hold mode active
2025-05-28 04:01:46,762 - INFO - [AUDIT] - Action: 0, Confidence: 1.0000, Safety Mode: SAFE_HOLD, Override: Safe hold mode active
2025-05-28 04:01:46,762 - INFO - [AUDIT] - Action: 0, Confidence: 1.0000, Safety Mode: SAFE_HOLD, Override: Safe hold mode active
2025-05-28 04:01:46,762 - INFO - [AUDIT] - Action: 0, Confidence: 1.0000, Safety Mode: SAFE_HOLD, Override: Safe hold mode active
2025-05-28 04:01:46,763 - INFO - [AUDIT] - Action: 0, Confidence: 1.0000, Safety Mode: SAFE_HOLD, Override: Safe hold mode active
2025-05-28 04:01:46,763 - INFO - [AUDIT] - Action: 0, Confidence: 1.0000, Safety Mode: SAFE_HOLD, Override: Safe hold mode active
2025-05-28 04:01:46,763 - INFO - [AUDIT] - Action: 0, Confidence: 1.0000, Safety Mode: SAFE_HOLD, Override: Safe hold mode active
2025-05-28 04:01:46,763 - INFO - [AUDIT] - Action: 0, Confidence: 1.0000, Safety Mode: SAFE_HOLD, Override: Safe hold mode active
2025-05-28 04:01:46,763 - INFO - [AUDIT] - Action: 0, Confidence: 1.0000, Safety Mode: SAFE_HOLD, Override: Safe hold mode active
2025-05-28 04:01:46,764 - INFO - [AUDIT] - Action: 0, Confidence: 1.0000, Safety Mode: SAFE_HOLD, Override: Safe hold mode active
2025-05-28 04:01:46,764 - INFO - [AUDIT] - Action: 0, Confidence: 1.0000, Safety Mode: SAFE_HOLD, Override: Safe hold mode active
2025-05-28 04:01:46,764 - INFO - [AUDIT] - Action: 0, Confidence: 1.0000, Safety Mode: SAFE_HOLD, Override: Safe hold mode active
2025-05-28 04:01:46,764 - INFO - [AUDIT] - Action: 0, Confidence: 1.0000, Safety Mode: SAFE_HOLD, Override: Safe hold mode active
2025-05-28 04:01:46,764 - INFO - [AUDIT] - Action: 0, Confidence: 1.0000, Safety Mode: SAFE_HOLD, Override: Safe hold mode active
2025-05-28 04:01:46,765 - INFO - [AUDIT] - Action: 0, Confidence: 1.0000, Safety Mode: SAFE_HOLD, Override: Safe hold mode active
2025-05-28 04:01:46,765 - INFO - [AUDIT] - Action: 0, Confidence: 1.0000, Safety Mode: SAFE_HOLD, Override: Safe hold mode active
2025-05-28 04:01:46,765 - INFO - [AUDIT] - Action: 0, Confidence: 1.0000, Safety Mode: SAFE_HOLD, Override: Safe hold mode active
2025-05-28 04:01:46,765 - INFO - [AUDIT] - Action: 0, Confidence: 1.0000, Safety Mode: SAFE_HOLD, Override: Safe hold mode active
2025-05-28 04:01:46,765 - INFO - [AUDIT] - Action: 0, Confidence: 1.0000, Safety Mode: SAFE_HOLD, Override: Safe hold mode active
2025-05-28 04:01:46,766 - INFO - [AUDIT] - Action: 0, Confidence: 1.0000, Safety Mode: SAFE_HOLD, Override: Safe hold mode active
2025-05-28 04:01:46,766 - INFO - [AUDIT] - Action: 0, Confidence: 1.0000, Safety Mode: SAFE_HOLD, Override: Safe hold mode active
2025-05-28 04:01:46,766 - INFO - [AUDIT] - Action: 0, Confidence: 1.0000, Safety Mode: SAFE_HOLD, Override: Safe hold mode active
2025-05-28 04:01:46,766 - INFO - [AUDIT] - Action: 0, Confidence: 1.0000, Safety Mode: SAFE_HOLD, Override: Safe hold mode active
2025-05-28 04:01:46,766 - INFO - [AUDIT] - Action: 0, Confidence: 1.0000, Safety Mode: SAFE_HOLD, Override: Safe hold mode active
2025-05-28 04:01:46,767 - INFO - [AUDIT] - Action: 0, Confidence: 1.0000, Safety Mode: SAFE_HOLD, Override: Safe hold mode active
2025-05-28 04:01:46,767 - INFO - [AUDIT] - Action: 0, Confidence: 1.0000, Safety Mode: SAFE_HOLD, Override: Safe hold mode active
2025-05-28 04:01:46,767 - INFO - [AUDIT] - Action: 0, Confidence: 1.0000, Safety Mode: SAFE_HOLD, Override: Safe hold mode active
2025-05-28 04:01:46,767 - INFO - [AUDIT] - Action: 0, Confidence: 1.0000, Safety Mode: SAFE_HOLD, Override: Safe hold mode active
2025-05-28 04:01:46,767 - INFO - [AUDIT] - Action: 0, Confidence: 1.0000, Safety Mode: SAFE_HOLD, Override: Safe hold mode active
2025-05-28 04:01:46,768 - INFO - [AUDIT] - Action: 0, Confidence: 1.0000, Safety Mode: SAFE_HOLD, Override: Safe hold mode active
2025-05-28 04:01:46,768 - INFO - [AUDIT] - Action: 0, Confidence: 1.0000, Safety Mode: SAFE_HOLD, Override: Safe hold mode active
2025-05-28 04:01:46,768 - INFO - [AUDIT] - Action: 0, Confidence: 1.0000, Safety Mode: SAFE_HOLD, Override: Safe hold mode active
2025-05-28 04:01:46,768 - INFO - [AUDIT] - Action: 0, Confidence: 1.0000, Safety Mode: SAFE_HOLD, Override: Safe hold mode active
2025-05-28 04:01:46,769 - INFO - [AUDIT] - Action: 0, Confidence: 1.0000, Safety Mode: SAFE_HOLD, Override: Safe hold mode active
2025-05-28 04:01:46,769 - INFO - [AUDIT] - Action: 0, Confidence: 1.0000, Safety Mode: SAFE_HOLD, Override: Safe hold mode active
2025-05-28 04:01:46,769 - INFO - [AUDIT] - Action: 0, Confidence: 1.0000, Safety Mode: SAFE_HOLD, Override: Safe hold mode active
2025-05-28 04:01:46,769 - INFO - [AUDIT] - Action: 0, Confidence: 1.0000, Safety Mode: SAFE_HOLD, Override: Safe hold mode active
2025-05-28 04:01:46,770 - INFO - [AUDIT] - Action: 0, Confidence: 1.0000, Safety Mode: SAFE_HOLD, Override: Safe hold mode active
2025-05-28 04:01:46,770 - INFO - [AUDIT] - Action: 0, Confidence: 1.0000, Safety Mode: SAFE_HOLD, Override: Safe hold mode active
2025-05-28 04:01:46,770 - INFO - [AUDIT] - Action: 0, Confidence: 1.0000, Safety Mode: SAFE_HOLD, Override: Safe hold mode active
2025-05-28 04:01:46,770 - INFO - [AUDIT] - Action: 0, Confidence: 1.0000, Safety Mode: SAFE_HOLD, Override: Safe hold mode active
2025-05-28 04:01:46,770 - INFO - [AUDIT] - Action: 0, Confidence: 1.0000, Safety Mode: SAFE_HOLD, Override: Safe hold mode active
2025-05-28 04:01:46,771 - INFO - [AUDIT] - Action: 0, Confidence: 1.0000, Safety Mode: SAFE_HOLD, Override: Safe hold mode active
2025-05-28 04:01:46,771 - INFO - [AUDIT] - Action: 0, Confidence: 1.0000, Safety Mode: SAFE_HOLD, Override: Safe hold mode active
2025-05-28 04:01:46,771 - INFO - [AUDIT] - Action: 0, Confidence: 1.0000, Safety Mode: SAFE_HOLD, Override: Safe hold mode active
2025-05-28 04:01:46,771 - INFO - [AUDIT] - Action: 0, Confidence: 1.0000, Safety Mode: SAFE_HOLD, Override: Safe hold mode active
2025-05-28 04:01:46,772 - INFO - [AUDIT] - Action: 0, Confidence: 1.0000, Safety Mode: SAFE_HOLD, Override: Safe hold mode active
2025-05-28 04:01:46,772 - INFO - [AUDIT] - Action: 0, Confidence: 1.0000, Safety Mode: SAFE_HOLD, Override: Safe hold mode active
2025-05-28 04:01:46,772 - INFO - [AUDIT] - Action: 0, Confidence: 1.0000, Safety Mode: SAFE_HOLD, Override: Safe hold mode active
2025-05-28 04:01:46,772 - INFO - [AUDIT] - Action: 0, Confidence: 1.0000, Safety Mode: SAFE_HOLD, Override: Safe hold mode active
2025-05-28 04:01:46,772 - INFO - [AUDIT] - Action: 0, Confidence: 1.0000, Safety Mode: SAFE_HOLD, Override: Safe hold mode active
2025-05-28 04:01:46,772 - INFO - [AUDIT] - Action: 0, Confidence: 1.0000, Safety Mode: SAFE_HOLD, Override: Safe hold mode active
2025-05-28 04:01:46,773 - INFO - [AUDIT] - Action: 0, Confidence: 1.0000, Safety Mode: SAFE_HOLD, Override: Safe hold mode active
2025-05-28 04:01:46,773 - INFO - [AUDIT] - Action: 0, Confidence: 1.0000, Safety Mode: SAFE_HOLD, Override: Safe hold mode active
2025-05-28 04:01:46,773 - INFO - [AUDIT] - Action: 0, Confidence: 1.0000, Safety Mode: SAFE_HOLD, Override: Safe hold mode active
2025-05-28 04:01:46,773 - INFO - [AUDIT] - Action: 0, Confidence: 1.0000, Safety Mode: SAFE_HOLD, Override: Safe hold mode active
2025-05-28 04:01:46,773 - INFO - [AUDIT] - Action: 0, Confidence: 1.0000, Safety Mode: SAFE_HOLD, Override: Safe hold mode active
2025-05-28 04:01:46,774 - INFO - [AUDIT] - Action: 0, Confidence: 1.0000, Safety Mode: SAFE_HOLD, Override: Safe hold mode active
2025-05-28 04:01:46,774 - INFO - [AUDIT] - Action: 0, Confidence: 1.0000, Safety Mode: SAFE_HOLD, Override: Safe hold mode active
2025-05-28 04:01:46,774 - INFO - [AUDIT] - Action: 0, Confidence: 1.0000, Safety Mode: SAFE_HOLD, Override: Safe hold mode active
2025-05-28 04:01:46,774 - INFO - [AUDIT] - Action: 0, Confidence: 1.0000, Safety Mode: SAFE_HOLD, Override: Safe hold mode active
2025-05-28 04:01:46,774 - INFO - [AUDIT] - Action: 0, Confidence: 1.0000, Safety Mode: SAFE_HOLD, Override: Safe hold mode active
2025-05-28 04:01:46,775 - INFO - [AUDIT] - Action: 0, Confidence: 1.0000, Safety Mode: SAFE_HOLD, Override: Safe hold mode active
2025-05-28 04:01:46,775 - INFO - [AUDIT] - Action: 0, Confidence: 1.0000, Safety Mode: SAFE_HOLD, Override: Safe hold mode active
2025-05-28 04:01:46,775 - INFO - [AUDIT] - Action: 0, Confidence: 1.0000, Safety Mode: SAFE_HOLD, Override: Safe hold mode active
2025-05-28 04:01:46,775 - INFO - [AUDIT] - Action: 0, Confidence: 1.0000, Safety Mode: SAFE_HOLD, Override: Safe hold mode active
2025-05-28 04:01:46,775 - INFO - [AUDIT] - Action: 0, Confidence: 1.0000, Safety Mode: SAFE_HOLD, Override: Safe hold mode active
2025-05-28 04:01:46,775 - INFO - [AUDIT] - Action: 0, Confidence: 1.0000, Safety Mode: SAFE_HOLD, Override: Safe hold mode active
2025-05-28 04:01:46,776 - INFO - [AUDIT] - Action: 0, Confidence: 1.0000, Safety Mode: SAFE_HOLD, Override: Safe hold mode active
2025-05-28 04:01:46,776 - INFO - [AUDIT] - Action: 0, Confidence: 1.0000, Safety Mode: SAFE_HOLD, Override: Safe hold mode active
2025-05-28 04:01:46,776 - INFO - [AUDIT] - Action: 0, Confidence: 1.0000, Safety Mode: SAFE_HOLD, Override: Safe hold mode active
2025-05-28 04:01:46,776 - INFO - [AUDIT] - Action: 0, Confidence: 1.0000, Safety Mode: SAFE_HOLD, Override: Safe hold mode active
2025-05-28 04:01:46,777 - INFO - [AUDIT] - Action: 0, Confidence: 1.0000, Safety Mode: SAFE_HOLD, Override: Safe hold mode active
2025-05-28 04:01:46,777 - INFO - [AUDIT] - Action: 0, Confidence: 1.0000, Safety Mode: SAFE_HOLD, Override: Safe hold mode active
2025-05-28 04:01:46,777 - INFO - [AUDIT] - Action: 0, Confidence: 1.0000, Safety Mode: SAFE_HOLD, Override: Safe hold mode active
2025-05-28 04:01:46,777 - INFO - [AUDIT] - Action: 0, Confidence: 1.0000, Safety Mode: SAFE_HOLD, Override: Safe hold mode active
2025-05-28 04:01:46,777 - INFO - [AUDIT] - Action: 0, Confidence: 1.0000, Safety Mode: SAFE_HOLD, Override: Safe hold mode active
2025-05-28 04:01:46,778 - INFO - [AUDIT] - Action: 0, Confidence: 1.0000, Safety Mode: SAFE_HOLD, Override: Safe hold mode active
2025-05-28 04:01:46,778 - INFO - [AUDIT] - Action: 0, Confidence: 1.0000, Safety Mode: SAFE_HOLD, Override: Safe hold mode active
2025-05-28 04:01:46,778 - INFO - [AUDIT] - Action: 0, Confidence: 1.0000, Safety Mode: SAFE_HOLD, Override: Safe hold mode active
2025-05-28 04:01:46,778 - INFO - [AUDIT] - Action: 0, Confidence: 1.0000, Safety Mode: SAFE_HOLD, Override: Safe hold mode active
2025-05-28 04:01:46,778 - INFO - [AUDIT] - Action: 0, Confidence: 1.0000, Safety Mode: SAFE_HOLD, Override: Safe hold mode active
2025-05-28 04:01:46,779 - INFO - [AUDIT] - Action: 0, Confidence: 1.0000, Safety Mode: SAFE_HOLD, Override: Safe hold mode active
2025-05-28 04:01:46,779 - INFO - [AUDIT] - Action: 0, Confidence: 1.0000, Safety Mode: SAFE_HOLD, Override: Safe hold mode active
2025-05-28 04:01:46,779 - INFO - [AUDIT] - Action: 0, Confidence: 1.0000, Safety Mode: SAFE_HOLD, Override: Safe hold mode active
2025-05-28 04:01:46,779 - INFO - [AUDIT] - Action: 0, Confidence: 1.0000, Safety Mode: SAFE_HOLD, Override: Safe hold mode active
2025-05-28 04:01:46,779 - INFO - [AUDIT] - Action: 0, Confidence: 1.0000, Safety Mode: SAFE_HOLD, Override: Safe hold mode active
2025-05-28 04:01:46,779 - INFO - [AUDIT] - Action: 0, Confidence: 1.0000, Safety Mode: SAFE_HOLD, Override: Safe hold mode active
2025-05-28 04:01:46,780 - INFO - [AUDIT] - Action: 0, Confidence: 1.0000, Safety Mode: SAFE_HOLD, Override: Safe hold mode active
2025-05-28 04:01:46,780 - INFO - [AUDIT] - Action: 0, Confidence: 1.0000, Safety Mode: SAFE_HOLD, Override: Safe hold mode active
2025-05-28 04:01:46,780 - INFO - [AUDIT] - Action: 0, Confidence: 1.0000, Safety Mode: SAFE_HOLD, Override: Safe hold mode active
2025-05-28 04:01:46,780 - INFO - [AUDIT] - Action: 0, Confidence: 1.0000, Safety Mode: SAFE_HOLD, Override: Safe hold mode active
2025-05-28 04:01:46,780 - INFO - [AUDIT] - Action: 0, Confidence: 1.0000, Safety Mode: SAFE_HOLD, Override: Safe hold mode active
2025-05-28 04:01:46,781 - INFO - [AUDIT] - Action: 0, Confidence: 1.0000, Safety Mode: SAFE_HOLD, Override: Safe hold mode active
2025-05-28 04:01:46,781 - INFO - [AUDIT] - Action: 0, Confidence: 1.0000, Safety Mode: SAFE_HOLD, Override: Safe hold mode active
2025-05-28 04:01:46,781 - INFO - [AUDIT] - Action: 0, Confidence: 1.0000, Safety Mode: SAFE_HOLD, Override: Safe hold mode active
2025-05-28 04:01:46,781 - INFO - [AUDIT] - Action: 0, Confidence: 1.0000, Safety Mode: SAFE_HOLD, Override: Safe hold mode active
2025-05-28 04:01:46,781 - INFO - [AUDIT] - Action: 0, Confidence: 1.0000, Safety Mode: SAFE_HOLD, Override: Safe hold mode active
2025-05-28 04:01:46,782 - INFO - [AUDIT] - Action: 0, Confidence: 1.0000, Safety Mode: SAFE_HOLD, Override: Safe hold mode active
2025-05-28 04:01:46,782 - INFO - [AUDIT] - Action: 0, Confidence: 1.0000, Safety Mode: SAFE_HOLD, Override: Safe hold mode active
2025-05-28 04:01:46,782 - INFO - [AUDIT] - Action: 0, Confidence: 1.0000, Safety Mode: SAFE_HOLD, Override: Safe hold mode active
2025-05-28 04:01:46,782 - INFO - [AUDIT] - Action: 0, Confidence: 1.0000, Safety Mode: SAFE_HOLD, Override: Safe hold mode active
2025-05-28 04:01:46,782 - INFO - [AUDIT] - Action: 0, Confidence: 1.0000, Safety Mode: SAFE_HOLD, Override: Safe hold mode active
2025-05-28 04:01:46,783 - INFO - [AUDIT] - Action: 0, Confidence: 1.0000, Safety Mode: SAFE_HOLD, Override: Safe hold mode active
2025-05-28 04:01:46,783 - INFO - [AUDIT] - Action: 0, Confidence: 1.0000, Safety Mode: SAFE_HOLD, Override: Safe hold mode active
2025-05-28 04:01:46,783 - INFO - [AUDIT] - Action: 0, Confidence: 1.0000, Safety Mode: SAFE_HOLD, Override: Safe hold mode active
2025-05-28 04:01:46,783 - INFO - [AUDIT] - Action: 0, Confidence: 1.0000, Safety Mode: SAFE_HOLD, Override: Safe hold mode active
2025-05-28 04:01:46,784 - INFO - [AUDIT] - Action: 0, Confidence: 1.0000, Safety Mode: SAFE_HOLD, Override: Safe hold mode active
2025-05-28 04:01:46,784 - INFO - [AUDIT] - Action: 0, Confidence: 1.0000, Safety Mode: SAFE_HOLD, Override: Safe hold mode active
2025-05-28 04:01:46,784 - INFO - [AUDIT] - Action: 0, Confidence: 1.0000, Safety Mode: SAFE_HOLD, Override: Safe hold mode active
2025-05-28 04:01:46,784 - INFO - [AUDIT] - Action: 0, Confidence: 1.0000, Safety Mode: SAFE_HOLD, Override: Safe hold mode active
2025-05-28 04:01:46,785 - INFO - [AUDIT] - Action: 0, Confidence: 1.0000, Safety Mode: SAFE_HOLD, Override: Safe hold mode active
2025-05-28 04:01:46,785 - INFO - [AUDIT] - Action: 0, Confidence: 1.0000, Safety Mode: SAFE_HOLD, Override: Safe hold mode active
2025-05-28 04:01:46,785 - INFO - [AUDIT] - Action: 0, Confidence: 1.0000, Safety Mode: SAFE_HOLD, Override: Safe hold mode active
2025-05-28 04:01:46,785 - INFO - [AUDIT] - Action: 0, Confidence: 1.0000, Safety Mode: SAFE_HOLD, Override: Safe hold mode active
2025-05-28 04:01:46,785 - INFO - [AUDIT] - Action: 0, Confidence: 1.0000, Safety Mode: SAFE_HOLD, Override: Safe hold mode active
2025-05-28 04:01:46,785 - INFO - [AUDIT] - Action: 0, Confidence: 1.0000, Safety Mode: SAFE_HOLD, Override: Safe hold mode active
2025-05-28 04:01:46,786 - INFO - [AUDIT] - Action: 0, Confidence: 1.0000, Safety Mode: SAFE_HOLD, Override: Safe hold mode active
2025-05-28 04:01:46,786 - INFO - [AUDIT] - Action: 0, Confidence: 1.0000, Safety Mode: SAFE_HOLD, Override: Safe hold mode active
2025-05-28 04:01:46,786 - INFO - [AUDIT] - Action: 0, Confidence: 1.0000, Safety Mode: SAFE_HOLD, Override: Safe hold mode active
2025-05-28 04:01:46,786 - INFO - [AUDIT] - Action: 0, Confidence: 1.0000, Safety Mode: SAFE_HOLD, Override: Safe hold mode active
2025-05-28 04:01:46,786 - INFO - [AUDIT] - Action: 0, Confidence: 1.0000, Safety Mode: SAFE_HOLD, Override: Safe hold mode active
2025-05-28 04:01:46,787 - INFO - [AUDIT] - Action: 0, Confidence: 1.0000, Safety Mode: SAFE_HOLD, Override: Safe hold mode active
2025-05-28 04:01:46,787 - INFO - [AUDIT] - Action: 0, Confidence: 1.0000, Safety Mode: SAFE_HOLD, Override: Safe hold mode active
2025-05-28 04:01:46,787 - INFO - [AUDIT] - Action: 0, Confidence: 1.0000, Safety Mode: SAFE_HOLD, Override: Safe hold mode active
2025-05-28 04:01:46,787 - INFO - [AUDIT] - Action: 0, Confidence: 1.0000, Safety Mode: SAFE_HOLD, Override: Safe hold mode active
2025-05-28 04:01:47,116 - INFO - [AUDIT] - Action: 0, Confidence: 1.0000, Safety Mode: SAFE_HOLD, Override: Safe hold mode active
2025-05-28 04:01:47,117 - INFO - [AUDIT] - Action: 0, Confidence: 1.0000, Safety Mode: SAFE_HOLD, Override: Safe hold mode active
2025-05-28 04:01:47,117 - INFO - [AUDIT] - Action: 0, Confidence: 1.0000, Safety Mode: SAFE_HOLD, Override: Safe hold mode active
2025-05-28 04:01:47,118 - INFO - [AUDIT] - Action: 0, Confidence: 1.0000, Safety Mode: SAFE_HOLD, Override: Safe hold mode active
2025-05-28 04:01:47,119 - INFO - [AUDIT] - Action: 0, Confidence: 1.0000, Safety Mode: SAFE_HOLD, Override: Safe hold mode active
2025-05-28 04:01:47,119 - INFO - [AUDIT] - Action: 0, Confidence: 1.0000, Safety Mode: SAFE_HOLD, Override: Safe hold mode active
2025-05-28 04:01:47,120 - INFO - [AUDIT] - Action: 0, Confidence: 1.0000, Safety Mode: SAFE_HOLD, Override: Safe hold mode active
2025-05-28 04:01:47,120 - INFO - [AUDIT] - Action: 0, Confidence: 1.0000, Safety Mode: SAFE_HOLD, Override: Safe hold mode active
2025-05-28 04:01:47,120 - INFO - [AUDIT] - Action: 0, Confidence: 1.0000, Safety Mode: SAFE_HOLD, Override: Safe hold mode active
2025-05-28 04:01:47,120 - INFO - [AUDIT] - Action: 0, Confidence: 1.0000, Safety Mode: SAFE_HOLD, Override: Safe hold mode active
2025-05-28 04:01:47,121 - INFO - [AUDIT] - Action: 0, Confidence: 1.0000, Safety Mode: SAFE_HOLD, Override: Safe hold mode active
2025-05-28 04:01:47,121 - INFO - [AUDIT] - Action: 0, Confidence: 1.0000, Safety Mode: SAFE_HOLD, Override: Safe hold mode active
2025-05-28 04:01:47,121 - INFO - [AUDIT] - Action: 0, Confidence: 1.0000, Safety Mode: SAFE_HOLD, Override: Safe hold mode active
2025-05-28 04:01:47,122 - INFO - [AUDIT] - Action: 0, Confidence: 1.0000, Safety Mode: SAFE_HOLD, Override: Safe hold mode active
2025-05-28 04:01:47,122 - INFO - [AUDIT] - Action: 0, Confidence: 1.0000, Safety Mode: SAFE_HOLD, Override: Safe hold mode active
2025-05-28 04:01:47,122 - INFO - [AUDIT] - Action: 0, Confidence: 1.0000, Safety Mode: SAFE_HOLD, Override: Safe hold mode active
2025-05-28 04:01:47,123 - INFO - [AUDIT] - Action: 0, Confidence: 1.0000, Safety Mode: SAFE_HOLD, Override: Safe hold mode active
2025-05-28 04:01:47,123 - INFO - [AUDIT] - Action: 0, Confidence: 1.0000, Safety Mode: SAFE_HOLD, Override: Safe hold mode active
2025-05-28 04:01:47,123 - INFO - [AUDIT] - Action: 0, Confidence: 1.0000, Safety Mode: SAFE_HOLD, Override: Safe hold mode active
2025-05-28 04:01:47,124 - INFO - [AUDIT] - Action: 0, Confidence: 1.0000, Safety Mode: SAFE_HOLD, Override: Safe hold mode active
2025-05-28 04:01:47,124 - INFO - [AUDIT] - Action: 0, Confidence: 1.0000, Safety Mode: SAFE_HOLD, Override: Safe hold mode active
2025-05-28 04:01:47,124 - INFO - [AUDIT] - Action: 0, Confidence: 1.0000, Safety Mode: SAFE_HOLD, Override: Safe hold mode active
2025-05-28 04:01:47,125 - INFO - [AUDIT] - Action: 0, Confidence: 1.0000, Safety Mode: SAFE_HOLD, Override: Safe hold mode active
2025-05-28 04:01:47,125 - INFO - [AUDIT] - Action: 0, Confidence: 1.0000, Safety Mode: SAFE_HOLD, Override: Safe hold mode active
2025-05-28 04:01:47,125 - INFO - [AUDIT] - Action: 0, Confidence: 1.0000, Safety Mode: SAFE_HOLD, Override: Safe hold mode active
2025-05-28 04:01:47,125 - INFO - [AUDIT] - Action: 0, Confidence: 1.0000, Safety Mode: SAFE_HOLD, Override: Safe hold mode active
2025-05-28 04:01:47,126 - INFO - [AUDIT] - Action: 0, Confidence: 1.0000, Safety Mode: SAFE_HOLD, Override: Safe hold mode active
2025-05-28 04:01:47,126 - INFO - [AUDIT] - Action: 0, Confidence: 1.0000, Safety Mode: SAFE_HOLD, Override: Safe hold mode active
2025-05-28 04:01:47,126 - INFO - [AUDIT] - Action: 0, Confidence: 1.0000, Safety Mode: SAFE_HOLD, Override: Safe hold mode active
2025-05-28 04:01:47,126 - INFO - [AUDIT] - Action: 0, Confidence: 1.0000, Safety Mode: SAFE_HOLD, Override: Safe hold mode active
2025-05-28 04:01:47,127 - INFO - [AUDIT] - Action: 0, Confidence: 1.0000, Safety Mode: SAFE_HOLD, Override: Safe hold mode active
2025-05-28 04:01:47,128 - INFO - [AUDIT] - Action: 0, Confidence: 1.0000, Safety Mode: SAFE_HOLD, Override: Safe hold mode active
2025-05-28 04:01:47,128 - INFO - [AUDIT] - Action: 0, Confidence: 1.0000, Safety Mode: SAFE_HOLD, Override: Safe hold mode active
2025-05-28 04:01:47,128 - INFO - [AUDIT] - Action: 0, Confidence: 1.0000, Safety Mode: SAFE_HOLD, Override: Safe hold mode active
2025-05-28 04:01:47,129 - INFO - [AUDIT] - Action: 0, Confidence: 1.0000, Safety Mode: SAFE_HOLD, Override: Safe hold mode active
2025-05-28 04:01:47,129 - INFO - [AUDIT] - Action: 0, Confidence: 1.0000, Safety Mode: SAFE_HOLD, Override: Safe hold mode active
2025-05-28 04:01:47,129 - INFO - [AUDIT] - Action: 0, Confidence: 1.0000, Safety Mode: SAFE_HOLD, Override: Safe hold mode active
2025-05-28 04:01:47,129 - INFO - [AUDIT] - Action: 0, Confidence: 1.0000, Safety Mode: SAFE_HOLD, Override: Safe hold mode active
2025-05-28 04:01:47,130 - INFO - [AUDIT] - Action: 0, Confidence: 1.0000, Safety Mode: SAFE_HOLD, Override: Safe hold mode active
2025-05-28 04:01:47,130 - INFO - [AUDIT] - Action: 0, Confidence: 1.0000, Safety Mode: SAFE_HOLD, Override: Safe hold mode active
2025-05-28 04:01:47,130 - INFO - [AUDIT] - Action: 0, Confidence: 1.0000, Safety Mode: SAFE_HOLD, Override: Safe hold mode active
2025-05-28 04:01:47,131 - INFO - [AUDIT] - Action: 0, Confidence: 1.0000, Safety Mode: SAFE_HOLD, Override: Safe hold mode active
2025-05-28 04:01:47,131 - INFO - [AUDIT] - Action: 0, Confidence: 1.0000, Safety Mode: SAFE_HOLD, Override: Safe hold mode active
2025-05-28 04:01:47,131 - INFO - [AUDIT] - Action: 0, Confidence: 1.0000, Safety Mode: SAFE_HOLD, Override: Safe hold mode active
2025-05-28 04:01:47,132 - INFO - [AUDIT] - Action: 0, Confidence: 1.0000, Safety Mode: SAFE_HOLD, Override: Safe hold mode active
2025-05-28 04:01:47,132 - INFO - [AUDIT] - Action: 0, Confidence: 1.0000, Safety Mode: SAFE_HOLD, Override: Safe hold mode active
2025-05-28 04:01:47,132 - INFO - [AUDIT] - Action: 0, Confidence: 1.0000, Safety Mode: SAFE_HOLD, Override: Safe hold mode active
2025-05-28 04:01:47,132 - INFO - [AUDIT] - Action: 0, Confidence: 1.0000, Safety Mode: SAFE_HOLD, Override: Safe hold mode active
2025-05-28 04:01:47,133 - INFO - [AUDIT] - Action: 0, Confidence: 1.0000, Safety Mode: SAFE_HOLD, Override: Safe hold mode active
2025-05-28 04:01:47,133 - INFO - [AUDIT] - Action: 0, Confidence: 1.0000, Safety Mode: SAFE_HOLD, Override: Safe hold mode active
2025-05-28 04:01:47,133 - INFO - [AUDIT] - Action: 0, Confidence: 1.0000, Safety Mode: SAFE_HOLD, Override: Safe hold mode active
2025-05-28 04:01:47,133 - INFO - [AUDIT] - Action: 0, Confidence: 1.0000, Safety Mode: SAFE_HOLD, Override: Safe hold mode active
2025-05-28 04:01:47,133 - INFO - [AUDIT] - Action: 0, Confidence: 1.0000, Safety Mode: SAFE_HOLD, Override: Safe hold mode active
2025-05-28 04:01:47,134 - INFO - [AUDIT] - Action: 0, Confidence: 1.0000, Safety Mode: SAFE_HOLD, Override: Safe hold mode active
2025-05-28 04:01:47,134 - INFO - [AUDIT] - Action: 0, Confidence: 1.0000, Safety Mode: SAFE_HOLD, Override: Safe hold mode active
2025-05-28 04:01:47,135 - INFO - [AUDIT] - Action: 0, Confidence: 1.0000, Safety Mode: SAFE_HOLD, Override: Safe hold mode active
2025-05-28 04:01:47,135 - INFO - [AUDIT] - Action: 0, Confidence: 1.0000, Safety Mode: SAFE_HOLD, Override: Safe hold mode active
2025-05-28 04:01:47,136 - INFO - [AUDIT] - Action: 0, Confidence: 1.0000, Safety Mode: SAFE_HOLD, Override: Safe hold mode active
2025-05-28 04:01:47,136 - INFO - [AUDIT] - Action: 0, Confidence: 1.0000, Safety Mode: SAFE_HOLD, Override: Safe hold mode active
2025-05-28 04:01:47,137 - INFO - [AUDIT] - Action: 0, Confidence: 1.0000, Safety Mode: SAFE_HOLD, Override: Safe hold mode active
2025-05-28 04:01:47,137 - INFO - [AUDIT] - Action: 0, Confidence: 1.0000, Safety Mode: SAFE_HOLD, Override: Safe hold mode active
2025-05-28 04:01:47,138 - INFO - [AUDIT] - Action: 0, Confidence: 1.0000, Safety Mode: SAFE_HOLD, Override: Safe hold mode active
2025-05-28 04:01:47,138 - INFO - [AUDIT] - Action: 0, Confidence: 1.0000, Safety Mode: SAFE_HOLD, Override: Safe hold mode active
2025-05-28 04:01:47,138 - INFO - [AUDIT] - Action: 0, Confidence: 1.0000, Safety Mode: SAFE_HOLD, Override: Safe hold mode active
2025-05-28 04:01:47,138 - INFO - [AUDIT] - Action: 0, Confidence: 1.0000, Safety Mode: SAFE_HOLD, Override: Safe hold mode active
2025-05-28 04:01:47,139 - INFO - [AUDIT] - Action: 0, Confidence: 1.0000, Safety Mode: SAFE_HOLD, Override: Safe hold mode active
2025-05-28 04:01:47,139 - INFO - [AUDIT] - Action: 0, Confidence: 1.0000, Safety Mode: SAFE_HOLD, Override: Safe hold mode active
2025-05-28 04:01:47,139 - INFO - [AUDIT] - Action: 0, Confidence: 1.0000, Safety Mode: SAFE_HOLD, Override: Safe hold mode active
2025-05-28 04:01:47,139 - INFO - [AUDIT] - Action: 0, Confidence: 1.0000, Safety Mode: SAFE_HOLD, Override: Safe hold mode active
2025-05-28 04:01:47,139 - INFO - [AUDIT] - Action: 0, Confidence: 1.0000, Safety Mode: SAFE_HOLD, Override: Safe hold mode active
2025-05-28 04:01:47,140 - INFO - [AUDIT] - Action: 0, Confidence: 1.0000, Safety Mode: SAFE_HOLD, Override: Safe hold mode active
2025-05-28 04:01:47,140 - INFO - [AUDIT] - Action: 0, Confidence: 1.0000, Safety Mode: SAFE_HOLD, Override: Safe hold mode active
2025-05-28 04:01:47,140 - INFO - [AUDIT] - Action: 0, Confidence: 1.0000, Safety Mode: SAFE_HOLD, Override: Safe hold mode active
2025-05-28 04:01:47,140 - INFO - [AUDIT] - Action: 0, Confidence: 1.0000, Safety Mode: SAFE_HOLD, Override: Safe hold mode active
2025-05-28 04:01:47,140 - INFO - [AUDIT] - Action: 0, Confidence: 1.0000, Safety Mode: SAFE_HOLD, Override: Safe hold mode active
2025-05-28 04:01:47,141 - INFO - [AUDIT] - Action: 0, Confidence: 1.0000, Safety Mode: SAFE_HOLD, Override: Safe hold mode active
2025-05-28 04:01:47,141 - INFO - [AUDIT] - Action: 0, Confidence: 1.0000, Safety Mode: SAFE_HOLD, Override: Safe hold mode active
2025-05-28 04:01:47,141 - INFO - [AUDIT] - Action: 0, Confidence: 1.0000, Safety Mode: SAFE_HOLD, Override: Safe hold mode active
2025-05-28 04:01:47,141 - INFO - [AUDIT] - Action: 0, Confidence: 1.0000, Safety Mode: SAFE_HOLD, Override: Safe hold mode active
2025-05-28 04:01:47,141 - INFO - [AUDIT] - Action: 0, Confidence: 1.0000, Safety Mode: SAFE_HOLD, Override: Safe hold mode active
2025-05-28 04:01:47,142 - INFO - [AUDIT] - Action: 0, Confidence: 1.0000, Safety Mode: SAFE_HOLD, Override: Safe hold mode active
2025-05-28 04:01:47,142 - INFO - [AUDIT] - Action: 0, Confidence: 1.0000, Safety Mode: SAFE_HOLD, Override: Safe hold mode active
2025-05-28 04:01:47,142 - INFO - [AUDIT] - Action: 0, Confidence: 1.0000, Safety Mode: SAFE_HOLD, Override: Safe hold mode active
2025-05-28 04:01:47,142 - INFO - [AUDIT] - Action: 0, Confidence: 1.0000, Safety Mode: SAFE_HOLD, Override: Safe hold mode active
2025-05-28 04:01:47,142 - INFO - [AUDIT] - Action: 0, Confidence: 1.0000, Safety Mode: SAFE_HOLD, Override: Safe hold mode active
2025-05-28 04:01:47,143 - INFO - [AUDIT] - Action: 0, Confidence: 1.0000, Safety Mode: SAFE_HOLD, Override: Safe hold mode active
2025-05-28 04:01:47,143 - INFO - [AUDIT] - Action: 0, Confidence: 1.0000, Safety Mode: SAFE_HOLD, Override: Safe hold mode active
2025-05-28 04:01:47,143 - INFO - [AUDIT] - Action: 0, Confidence: 1.0000, Safety Mode: SAFE_HOLD, Override: Safe hold mode active
2025-05-28 04:01:47,143 - INFO - [AUDIT] - Action: 0, Confidence: 1.0000, Safety Mode: SAFE_HOLD, Override: Safe hold mode active
2025-05-28 04:01:47,143 - INFO - [AUDIT] - Action: 0, Confidence: 1.0000, Safety Mode: SAFE_HOLD, Override: Safe hold mode active
2025-05-28 04:01:47,144 - INFO - [AUDIT] - Action: 0, Confidence: 1.0000, Safety Mode: SAFE_HOLD, Override: Safe hold mode active
2025-05-28 04:01:47,144 - INFO - [AUDIT] - Action: 0, Confidence: 1.0000, Safety Mode: SAFE_HOLD, Override: Safe hold mode active
2025-05-28 04:01:47,144 - INFO - [AUDIT] - Action: 0, Confidence: 1.0000, Safety Mode: SAFE_HOLD, Override: Safe hold mode active
2025-05-28 04:01:47,144 - INFO - [AUDIT] - Action: 0, Confidence: 1.0000, Safety Mode: SAFE_HOLD, Override: Safe hold mode active
2025-05-28 04:01:47,144 - INFO - [AUDIT] - Action: 0, Confidence: 1.0000, Safety Mode: SAFE_HOLD, Override: Safe hold mode active
2025-05-28 04:01:47,145 - INFO - [AUDIT] - Action: 0, Confidence: 1.0000, Safety Mode: SAFE_HOLD, Override: Safe hold mode active
2025-05-28 04:01:47,145 - INFO - [AUDIT] - Action: 0, Confidence: 1.0000, Safety Mode: SAFE_HOLD, Override: Safe hold mode active
2025-05-28 04:01:47,145 - INFO - [AUDIT] - Action: 0, Confidence: 1.0000, Safety Mode: SAFE_HOLD, Override: Safe hold mode active
2025-05-28 04:01:47,145 - INFO - [AUDIT] - Action: 0, Confidence: 1.0000, Safety Mode: SAFE_HOLD, Override: Safe hold mode active
2025-05-28 04:01:47,145 - INFO - [AUDIT] - Action: 0, Confidence: 1.0000, Safety Mode: SAFE_HOLD, Override: Safe hold mode active
2025-05-28 04:01:47,146 - INFO - [AUDIT] - Action: 0, Confidence: 1.0000, Safety Mode: SAFE_HOLD, Override: Safe hold mode active
2025-05-28 04:01:47,146 - INFO - [AUDIT] - Action: 0, Confidence: 1.0000, Safety Mode: SAFE_HOLD, Override: Safe hold mode active
2025-05-28 04:01:47,146 - INFO - [AUDIT] - Action: 0, Confidence: 1.0000, Safety Mode: SAFE_HOLD, Override: Safe hold mode active
2025-05-28 04:01:47,146 - INFO - [AUDIT] - Action: 0, Confidence: 1.0000, Safety Mode: SAFE_HOLD, Override: Safe hold mode active
2025-05-28 04:01:47,146 - INFO - [AUDIT] - Action: 0, Confidence: 1.0000, Safety Mode: SAFE_HOLD, Override: Safe hold mode active
2025-05-28 04:01:47,147 - INFO - [AUDIT] - Action: 0, Confidence: 1.0000, Safety Mode: SAFE_HOLD, Override: Safe hold mode active
2025-05-28 04:01:47,147 - INFO - [AUDIT] - Action: 0, Confidence: 1.0000, Safety Mode: SAFE_HOLD, Override: Safe hold mode active
2025-05-28 04:01:47,147 - INFO - [AUDIT] - Action: 0, Confidence: 1.0000, Safety Mode: SAFE_HOLD, Override: Safe hold mode active
2025-05-28 04:01:47,147 - INFO - [AUDIT] - Action: 0, Confidence: 1.0000, Safety Mode: SAFE_HOLD, Override: Safe hold mode active
2025-05-28 04:01:47,147 - INFO - [AUDIT] - Action: 0, Confidence: 1.0000, Safety Mode: SAFE_HOLD, Override: Safe hold mode active
2025-05-28 04:01:47,148 - INFO - [AUDIT] - Action: 0, Confidence: 1.0000, Safety Mode: SAFE_HOLD, Override: Safe hold mode active
2025-05-28 04:01:47,148 - INFO - [AUDIT] - Action: 0, Confidence: 1.0000, Safety Mode: SAFE_HOLD, Override: Safe hold mode active
2025-05-28 04:01:47,148 - INFO - [AUDIT] - Action: 0, Confidence: 1.0000, Safety Mode: SAFE_HOLD, Override: Safe hold mode active
2025-05-28 04:01:47,148 - INFO - [AUDIT] - Action: 0, Confidence: 1.0000, Safety Mode: SAFE_HOLD, Override: Safe hold mode active
2025-05-28 04:01:47,148 - INFO - [AUDIT] - Action: 0, Confidence: 1.0000, Safety Mode: SAFE_HOLD, Override: Safe hold mode active
2025-05-28 04:01:47,149 - INFO - [AUDIT] - Action: 0, Confidence: 1.0000, Safety Mode: SAFE_HOLD, Override: Safe hold mode active
2025-05-28 04:01:47,149 - INFO - [AUDIT] - Action: 0, Confidence: 1.0000, Safety Mode: SAFE_HOLD, Override: Safe hold mode active
2025-05-28 04:01:47,149 - INFO - [AUDIT] - Action: 0, Confidence: 1.0000, Safety Mode: SAFE_HOLD, Override: Safe hold mode active
2025-05-28 04:01:47,149 - INFO - [AUDIT] - Action: 0, Confidence: 1.0000, Safety Mode: SAFE_HOLD, Override: Safe hold mode active
2025-05-28 04:01:47,149 - INFO - [AUDIT] - Action: 0, Confidence: 1.0000, Safety Mode: SAFE_HOLD, Override: Safe hold mode active
2025-05-28 04:01:47,150 - INFO - [AUDIT] - Action: 0, Confidence: 1.0000, Safety Mode: SAFE_HOLD, Override: Safe hold mode active
2025-05-28 04:01:47,150 - INFO - [AUDIT] - Action: 0, Confidence: 1.0000, Safety Mode: SAFE_HOLD, Override: Safe hold mode active
2025-05-28 04:01:47,150 - INFO - [AUDIT] - Action: 0, Confidence: 1.0000, Safety Mode: SAFE_HOLD, Override: Safe hold mode active
2025-05-28 04:01:47,150 - INFO - [AUDIT] - Action: 0, Confidence: 1.0000, Safety Mode: SAFE_HOLD, Override: Safe hold mode active
2025-05-28 04:01:47,151 - INFO - [AUDIT] - Action: 0, Confidence: 1.0000, Safety Mode: SAFE_HOLD, Override: Safe hold mode active
2025-05-28 04:01:47,151 - INFO - [AUDIT] - Action: 0, Confidence: 1.0000, Safety Mode: SAFE_HOLD, Override: Safe hold mode active
2025-05-28 04:01:47,151 - INFO - [AUDIT] - Action: 0, Confidence: 1.0000, Safety Mode: SAFE_HOLD, Override: Safe hold mode active
2025-05-28 04:01:47,151 - INFO - [AUDIT] - Action: 0, Confidence: 1.0000, Safety Mode: SAFE_HOLD, Override: Safe hold mode active
2025-05-28 04:01:47,151 - INFO - [AUDIT] - Action: 0, Confidence: 1.0000, Safety Mode: SAFE_HOLD, Override: Safe hold mode active
2025-05-28 04:01:47,152 - INFO - [AUDIT] - Action: 0, Confidence: 1.0000, Safety Mode: SAFE_HOLD, Override: Safe hold mode active
2025-05-28 04:01:47,152 - INFO - [AUDIT] - Action: 0, Confidence: 1.0000, Safety Mode: SAFE_HOLD, Override: Safe hold mode active
2025-05-28 04:01:47,152 - INFO - [AUDIT] - Action: 0, Confidence: 1.0000, Safety Mode: SAFE_HOLD, Override: Safe hold mode active
2025-05-28 04:01:47,152 - INFO - [AUDIT] - Action: 0, Confidence: 1.0000, Safety Mode: SAFE_HOLD, Override: Safe hold mode active
2025-05-28 04:01:47,153 - INFO - [AUDIT] - Action: 0, Confidence: 1.0000, Safety Mode: SAFE_HOLD, Override: Safe hold mode active
2025-05-28 04:01:47,153 - INFO - [AUDIT] - Action: 0, Confidence: 1.0000, Safety Mode: SAFE_HOLD, Override: Safe hold mode active
2025-05-28 04:01:47,153 - INFO - [AUDIT] - Action: 0, Confidence: 1.0000, Safety Mode: SAFE_HOLD, Override: Safe hold mode active
2025-05-28 04:01:47,153 - INFO - [AUDIT] - Action: 0, Confidence: 1.0000, Safety Mode: SAFE_HOLD, Override: Safe hold mode active
2025-05-28 04:01:47,153 - INFO - [AUDIT] - Action: 0, Confidence: 1.0000, Safety Mode: SAFE_HOLD, Override: Safe hold mode active
2025-05-28 04:01:47,154 - INFO - [AUDIT] - Action: 0, Confidence: 1.0000, Safety Mode: SAFE_HOLD, Override: Safe hold mode active
2025-05-28 04:01:47,154 - INFO - [AUDIT] - Action: 0, Confidence: 1.0000, Safety Mode: SAFE_HOLD, Override: Safe hold mode active
2025-05-28 04:01:47,154 - INFO - [AUDIT] - Action: 0, Confidence: 1.0000, Safety Mode: SAFE_HOLD, Override: Safe hold mode active
2025-05-28 04:01:47,154 - INFO - [AUDIT] - Action: 0, Confidence: 1.0000, Safety Mode: SAFE_HOLD, Override: Safe hold mode active
2025-05-28 04:01:47,154 - INFO - [AUDIT] - Action: 0, Confidence: 1.0000, Safety Mode: SAFE_HOLD, Override: Safe hold mode active
2025-05-28 04:01:47,155 - INFO - [AUDIT] - Action: 0, Confidence: 1.0000, Safety Mode: SAFE_HOLD, Override: Safe hold mode active
2025-05-28 04:01:47,155 - INFO - [AUDIT] - Action: 0, Confidence: 1.0000, Safety Mode: SAFE_HOLD, Override: Safe hold mode active
2025-05-28 04:01:47,155 - INFO - [AUDIT] - Action: 0, Confidence: 1.0000, Safety Mode: SAFE_HOLD, Override: Safe hold mode active
2025-05-28 04:01:47,155 - INFO - [AUDIT] - Action: 0, Confidence: 1.0000, Safety Mode: SAFE_HOLD, Override: Safe hold mode active
2025-05-28 04:01:47,155 - INFO - [AUDIT] - Action: 0, Confidence: 1.0000, Safety Mode: SAFE_HOLD, Override: Safe hold mode active
2025-05-28 04:01:47,156 - INFO - [AUDIT] - Action: 0, Confidence: 1.0000, Safety Mode: SAFE_HOLD, Override: Safe hold mode active
2025-05-28 04:01:47,156 - INFO - [AUDIT] - Action: 0, Confidence: 1.0000, Safety Mode: SAFE_HOLD, Override: Safe hold mode active
2025-05-28 04:01:47,156 - INFO - [AUDIT] - Action: 0, Confidence: 1.0000, Safety Mode: SAFE_HOLD, Override: Safe hold mode active
2025-05-28 04:01:47,156 - INFO - [AUDIT] - Action: 0, Confidence: 1.0000, Safety Mode: SAFE_HOLD, Override: Safe hold mode active
2025-05-28 04:01:47,156 - INFO - [AUDIT] - Action: 0, Confidence: 1.0000, Safety Mode: SAFE_HOLD, Override: Safe hold mode active
2025-05-28 04:01:47,156 - INFO - [AUDIT] - Action: 0, Confidence: 1.0000, Safety Mode: SAFE_HOLD, Override: Safe hold mode active
2025-05-28 04:01:47,157 - INFO - [AUDIT] - Action: 0, Confidence: 1.0000, Safety Mode: SAFE_HOLD, Override: Safe hold mode active
2025-05-28 04:01:47,157 - INFO - [AUDIT] - Action: 0, Confidence: 1.0000, Safety Mode: SAFE_HOLD, Override: Safe hold mode active
2025-05-28 04:01:47,157 - INFO - [AUDIT] - Action: 0, Confidence: 1.0000, Safety Mode: SAFE_HOLD, Override: Safe hold mode active
2025-05-28 04:01:47,157 - INFO - [AUDIT] - Action: 0, Confidence: 1.0000, Safety Mode: SAFE_HOLD, Override: Safe hold mode active
2025-05-28 04:01:47,158 - INFO - [AUDIT] - Action: 0, Confidence: 1.0000, Safety Mode: SAFE_HOLD, Override: Safe hold mode active
2025-05-28 04:01:47,158 - INFO - [AUDIT] - Action: 0, Confidence: 1.0000, Safety Mode: SAFE_HOLD, Override: Safe hold mode active
2025-05-28 04:01:47,158 - INFO - [AUDIT] - Action: 0, Confidence: 1.0000, Safety Mode: SAFE_HOLD, Override: Safe hold mode active
2025-05-28 04:01:47,158 - INFO - [AUDIT] - Action: 0, Confidence: 1.0000, Safety Mode: SAFE_HOLD, Override: Safe hold mode active
2025-05-28 04:01:47,158 - INFO - [AUDIT] - Action: 0, Confidence: 1.0000, Safety Mode: SAFE_HOLD, Override: Safe hold mode active
2025-05-28 04:01:47,159 - INFO - [AUDIT] - Action: 0, Confidence: 1.0000, Safety Mode: SAFE_HOLD, Override: Safe hold mode active
2025-05-28 04:01:47,159 - INFO - [AUDIT] - Action: 0, Confidence: 1.0000, Safety Mode: SAFE_HOLD, Override: Safe hold mode active
2025-05-28 04:01:47,159 - INFO - [AUDIT] - Action: 0, Confidence: 1.0000, Safety Mode: SAFE_HOLD, Override: Safe hold mode active
2025-05-28 04:01:47,159 - INFO - [AUDIT] - Action: 0, Confidence: 1.0000, Safety Mode: SAFE_HOLD, Override: Safe hold mode active
2025-05-28 04:01:47,159 - INFO - [AUDIT] - Action: 0, Confidence: 1.0000, Safety Mode: SAFE_HOLD, Override: Safe hold mode active
2025-05-28 04:01:47,160 - INFO - [AUDIT] - Action: 0, Confidence: 1.0000, Safety Mode: SAFE_HOLD, Override: Safe hold mode active
2025-05-28 04:01:47,160 - INFO - [AUDIT] - Action: 0, Confidence: 1.0000, Safety Mode: SAFE_HOLD, Override: Safe hold mode active
2025-05-28 04:01:47,160 - INFO - [AUDIT] - Action: 0, Confidence: 1.0000, Safety Mode: SAFE_HOLD, Override: Safe hold mode active
2025-05-28 04:01:47,160 - INFO - [AUDIT] - Action: 0, Confidence: 1.0000, Safety Mode: SAFE_HOLD, Override: Safe hold mode active
2025-05-28 04:01:47,160 - INFO - [AUDIT] - Action: 0, Confidence: 1.0000, Safety Mode: SAFE_HOLD, Override: Safe hold mode active
2025-05-28 04:01:47,161 - INFO - [AUDIT] - Action: 0, Confidence: 1.0000, Safety Mode: SAFE_HOLD, Override: Safe hold mode active
2025-05-28 04:01:47,161 - INFO - [AUDIT] - Action: 0, Confidence: 1.0000, Safety Mode: SAFE_HOLD, Override: Safe hold mode active
2025-05-28 04:01:47,161 - INFO - [AUDIT] - Action: 0, Confidence: 1.0000, Safety Mode: SAFE_HOLD, Override: Safe hold mode active
2025-05-28 04:01:47,161 - INFO - [AUDIT] - Action: 0, Confidence: 1.0000, Safety Mode: SAFE_HOLD, Override: Safe hold mode active
2025-05-28 04:01:47,161 - INFO - [AUDIT] - Action: 0, Confidence: 1.0000, Safety Mode: SAFE_HOLD, Override: Safe hold mode active
2025-05-28 04:01:47,162 - INFO - [AUDIT] - Action: 0, Confidence: 1.0000, Safety Mode: SAFE_HOLD, Override: Safe hold mode active
2025-05-28 04:01:47,162 - INFO - [AUDIT] - Action: 0, Confidence: 1.0000, Safety Mode: SAFE_HOLD, Override: Safe hold mode active
2025-05-28 04:01:47,162 - INFO - [AUDIT] - Action: 0, Confidence: 1.0000, Safety Mode: SAFE_HOLD, Override: Safe hold mode active
2025-05-28 04:01:47,162 - INFO - [AUDIT] - Action: 0, Confidence: 1.0000, Safety Mode: SAFE_HOLD, Override: Safe hold mode active
2025-05-28 04:01:47,162 - INFO - [AUDIT] - Action: 0, Confidence: 1.0000, Safety Mode: SAFE_HOLD, Override: Safe hold mode active
2025-05-28 04:01:47,163 - INFO - [AUDIT] - Action: 0, Confidence: 1.0000, Safety Mode: SAFE_HOLD, Override: Safe hold mode active
2025-05-28 04:01:47,163 - INFO - [AUDIT] - Action: 0, Confidence: 1.0000, Safety Mode: SAFE_HOLD, Override: Safe hold mode active
2025-05-28 04:01:47,163 - INFO - [AUDIT] - Action: 0, Confidence: 1.0000, Safety Mode: SAFE_HOLD, Override: Safe hold mode active
2025-05-28 04:01:47,163 - INFO - [AUDIT] - Action: 0, Confidence: 1.0000, Safety Mode: SAFE_HOLD, Override: Safe hold mode active
2025-05-28 04:01:47,163 - INFO - [AUDIT] - Action: 0, Confidence: 1.0000, Safety Mode: SAFE_HOLD, Override: Safe hold mode active
2025-05-28 04:01:47,164 - INFO - [AUDIT] - Action: 0, Confidence: 1.0000, Safety Mode: SAFE_HOLD, Override: Safe hold mode active
2025-05-28 04:01:47,164 - INFO - [AUDIT] - Action: 0, Confidence: 1.0000, Safety Mode: SAFE_HOLD, Override: Safe hold mode active
2025-05-28 04:01:47,164 - INFO - [AUDIT] - Action: 0, Confidence: 1.0000, Safety Mode: SAFE_HOLD, Override: Safe hold mode active
2025-05-28 04:01:47,164 - INFO - [AUDIT] - Action: 0, Confidence: 1.0000, Safety Mode: SAFE_HOLD, Override: Safe hold mode active
2025-05-28 04:01:47,164 - INFO - [AUDIT] - Action: 0, Confidence: 1.0000, Safety Mode: SAFE_HOLD, Override: Safe hold mode active
2025-05-28 04:01:47,165 - INFO - [AUDIT] - Action: 0, Confidence: 1.0000, Safety Mode: SAFE_HOLD, Override: Safe hold mode active
2025-05-28 04:01:47,165 - INFO - [AUDIT] - Action: 0, Confidence: 1.0000, Safety Mode: SAFE_HOLD, Override: Safe hold mode active
2025-05-28 04:01:47,165 - INFO - [AUDIT] - Action: 0, Confidence: 1.0000, Safety Mode: SAFE_HOLD, Override: Safe hold mode active
2025-05-28 04:01:47,165 - INFO - [AUDIT] - Action: 0, Confidence: 1.0000, Safety Mode: SAFE_HOLD, Override: Safe hold mode active
2025-05-28 04:01:47,165 - INFO - [AUDIT] - Action: 0, Confidence: 1.0000, Safety Mode: SAFE_HOLD, Override: Safe hold mode active
2025-05-28 04:01:47,166 - INFO - [AUDIT] - Action: 0, Confidence: 1.0000, Safety Mode: SAFE_HOLD, Override: Safe hold mode active
2025-05-28 04:01:47,166 - INFO - [AUDIT] - Action: 0, Confidence: 1.0000, Safety Mode: SAFE_HOLD, Override: Safe hold mode active
2025-05-28 04:01:47,166 - INFO - [AUDIT] - Action: 0, Confidence: 1.0000, Safety Mode: SAFE_HOLD, Override: Safe hold mode active
2025-05-28 04:01:47,166 - INFO - [AUDIT] - Action: 0, Confidence: 1.0000, Safety Mode: SAFE_HOLD, Override: Safe hold mode active
2025-05-28 04:01:47,166 - INFO - [AUDIT] - Action: 0, Confidence: 1.0000, Safety Mode: SAFE_HOLD, Override: Safe hold mode active
2025-05-28 04:01:47,167 - INFO - [AUDIT] - Action: 0, Confidence: 1.0000, Safety Mode: SAFE_HOLD, Override: Safe hold mode active
2025-05-28 04:01:47,167 - INFO - [AUDIT] - Action: 0, Confidence: 1.0000, Safety Mode: SAFE_HOLD, Override: Safe hold mode active
2025-05-28 04:01:47,167 - INFO - [AUDIT] - Action: 0, Confidence: 1.0000, Safety Mode: SAFE_HOLD, Override: Safe hold mode active
2025-05-28 04:01:47,167 - INFO - [AUDIT] - Action: 0, Confidence: 1.0000, Safety Mode: SAFE_HOLD, Override: Safe hold mode active
2025-05-28 04:01:47,168 - INFO - [AUDIT] - Action: 0, Confidence: 1.0000, Safety Mode: SAFE_HOLD, Override: Safe hold mode active
2025-05-28 04:01:47,168 - INFO - [AUDIT] - Action: 0, Confidence: 1.0000, Safety Mode: SAFE_HOLD, Override: Safe hold mode active
2025-05-28 04:01:47,168 - INFO - [AUDIT] - Action: 0, Confidence: 1.0000, Safety Mode: SAFE_HOLD, Override: Safe hold mode active
2025-05-28 04:01:47,168 - INFO - [AUDIT] - Action: 0, Confidence: 1.0000, Safety Mode: SAFE_HOLD, Override: Safe hold mode active
2025-05-28 04:01:47,169 - INFO - [AUDIT] - Action: 0, Confidence: 1.0000, Safety Mode: SAFE_HOLD, Override: Safe hold mode active
2025-05-28 04:01:47,169 - INFO - [AUDIT] - Action: 0, Confidence: 1.0000, Safety Mode: SAFE_HOLD, Override: Safe hold mode active
2025-05-28 04:01:47,169 - INFO - [AUDIT] - Action: 0, Confidence: 1.0000, Safety Mode: SAFE_HOLD, Override: Safe hold mode active
2025-05-28 04:01:47,169 - INFO - [AUDIT] - Action: 0, Confidence: 1.0000, Safety Mode: SAFE_HOLD, Override: Safe hold mode active
2025-05-28 04:01:47,169 - INFO - [AUDIT] - Action: 0, Confidence: 1.0000, Safety Mode: SAFE_HOLD, Override: Safe hold mode active
2025-05-28 04:01:47,170 - INFO - [AUDIT] - Action: 0, Confidence: 1.0000, Safety Mode: SAFE_HOLD, Override: Safe hold mode active
2025-05-28 04:01:47,170 - INFO - [AUDIT] - Action: 0, Confidence: 1.0000, Safety Mode: SAFE_HOLD, Override: Safe hold mode active
2025-05-28 04:01:47,170 - INFO - [AUDIT] - Action: 0, Confidence: 1.0000, Safety Mode: SAFE_HOLD, Override: Safe hold mode active
2025-05-28 04:01:47,170 - INFO - [AUDIT] - Action: 0, Confidence: 1.0000, Safety Mode: SAFE_HOLD, Override: Safe hold mode active
2025-05-28 04:01:47,170 - INFO - [AUDIT] - Action: 0, Confidence: 1.0000, Safety Mode: SAFE_HOLD, Override: Safe hold mode active
2025-05-28 04:01:47,170 - INFO - [AUDIT] - Action: 0, Confidence: 1.0000, Safety Mode: SAFE_HOLD, Override: Safe hold mode active
2025-05-28 04:01:47,171 - INFO - [AUDIT] - Action: 0, Confidence: 1.0000, Safety Mode: SAFE_HOLD, Override: Safe hold mode active
2025-05-28 04:01:47,171 - INFO - [AUDIT] - Action: 0, Confidence: 1.0000, Safety Mode: SAFE_HOLD, Override: Safe hold mode active
2025-05-28 04:01:47,171 - INFO - [AUDIT] - Action: 0, Confidence: 1.0000, Safety Mode: SAFE_HOLD, Override: Safe hold mode active
2025-05-28 04:01:47,171 - INFO - [AUDIT] - Action: 0, Confidence: 1.0000, Safety Mode: SAFE_HOLD, Override: Safe hold mode active
2025-05-28 04:01:47,171 - INFO - [AUDIT] - Action: 0, Confidence: 1.0000, Safety Mode: SAFE_HOLD, Override: Safe hold mode active
2025-05-28 04:01:47,172 - INFO - [AUDIT] - Action: 0, Confidence: 1.0000, Safety Mode: SAFE_HOLD, Override: Safe hold mode active
2025-05-28 04:01:47,172 - INFO - [AUDIT] - Action: 0, Confidence: 1.0000, Safety Mode: SAFE_HOLD, Override: Safe hold mode active
2025-05-28 04:01:47,172 - INFO - [AUDIT] - Action: 0, Confidence: 1.0000, Safety Mode: SAFE_HOLD, Override: Safe hold mode active
2025-05-28 04:01:47,172 - INFO - [AUDIT] - Action: 0, Confidence: 1.0000, Safety Mode: SAFE_HOLD, Override: Safe hold mode active
2025-05-28 04:01:47,172 - INFO - [AUDIT] - Action: 0, Confidence: 1.0000, Safety Mode: SAFE_HOLD, Override: Safe hold mode active
2025-05-28 04:01:47,173 - INFO - [AUDIT] - Action: 0, Confidence: 1.0000, Safety Mode: SAFE_HOLD, Override: Safe hold mode active
2025-05-28 04:01:47,173 - INFO - [AUDIT] - Action: 0, Confidence: 1.0000, Safety Mode: SAFE_HOLD, Override: Safe hold mode active
2025-05-28 04:01:47,173 - INFO - [AUDIT] - Action: 0, Confidence: 1.0000, Safety Mode: SAFE_HOLD, Override: Safe hold mode active
2025-05-28 04:01:47,173 - INFO - [AUDIT] - Action: 0, Confidence: 1.0000, Safety Mode: SAFE_HOLD, Override: Safe hold mode active
2025-05-28 04:01:47,173 - INFO - [AUDIT] - Action: 0, Confidence: 1.0000, Safety Mode: SAFE_HOLD, Override: Safe hold mode active
2025-05-28 04:01:47,174 - INFO - [AUDIT] - Action: 0, Confidence: 1.0000, Safety Mode: SAFE_HOLD, Override: Safe hold mode active
2025-05-28 04:01:47,174 - INFO - [AUDIT] - Action: 0, Confidence: 1.0000, Safety Mode: SAFE_HOLD, Override: Safe hold mode active
2025-05-28 04:01:47,174 - INFO - [AUDIT] - Action: 0, Confidence: 1.0000, Safety Mode: SAFE_HOLD, Override: Safe hold mode active
2025-05-28 04:01:47,174 - INFO - [AUDIT] - Action: 0, Confidence: 1.0000, Safety Mode: SAFE_HOLD, Override: Safe hold mode active
2025-05-28 04:01:47,174 - INFO - [AUDIT] - Action: 0, Confidence: 1.0000, Safety Mode: SAFE_HOLD, Override: Safe hold mode active
2025-05-28 04:01:47,175 - INFO - [AUDIT] - Action: 0, Confidence: 1.0000, Safety Mode: SAFE_HOLD, Override: Safe hold mode active
2025-05-28 04:01:47,175 - INFO - [AUDIT] - Action: 0, Confidence: 1.0000, Safety Mode: SAFE_HOLD, Override: Safe hold mode active
2025-05-28 04:01:47,175 - INFO - [AUDIT] - Action: 0, Confidence: 1.0000, Safety Mode: SAFE_HOLD, Override: Safe hold mode active
2025-05-28 04:01:47,175 - INFO - [AUDIT] - Action: 0, Confidence: 1.0000, Safety Mode: SAFE_HOLD, Override: Safe hold mode active
2025-05-28 04:01:47,175 - INFO - [AUDIT] - Action: 0, Confidence: 1.0000, Safety Mode: SAFE_HOLD, Override: Safe hold mode active
2025-05-28 04:01:47,176 - INFO - [AUDIT] - Action: 0, Confidence: 1.0000, Safety Mode: SAFE_HOLD, Override: Safe hold mode active
2025-05-28 04:01:47,176 - INFO - [AUDIT] - Action: 0, Confidence: 1.0000, Safety Mode: SAFE_HOLD, Override: Safe hold mode active
2025-05-28 04:01:47,176 - INFO - [AUDIT] - Action: 0, Confidence: 1.0000, Safety Mode: SAFE_HOLD, Override: Safe hold mode active
2025-05-28 04:01:47,176 - INFO - [AUDIT] - Action: 0, Confidence: 1.0000, Safety Mode: SAFE_HOLD, Override: Safe hold mode active
2025-05-28 04:01:47,176 - INFO - [AUDIT] - Action: 0, Confidence: 1.0000, Safety Mode: SAFE_HOLD, Override: Safe hold mode active
2025-05-28 04:01:47,177 - INFO - [AUDIT] - Action: 0, Confidence: 1.0000, Safety Mode: SAFE_HOLD, Override: Safe hold mode active
2025-05-28 04:01:47,177 - INFO - [AUDIT] - Action: 0, Confidence: 1.0000, Safety Mode: SAFE_HOLD, Override: Safe hold mode active
2025-05-28 04:01:47,177 - INFO - [AUDIT] - Action: 0, Confidence: 1.0000, Safety Mode: SAFE_HOLD, Override: Safe hold mode active
2025-05-28 04:01:47,177 - INFO - [AUDIT] - Action: 0, Confidence: 1.0000, Safety Mode: SAFE_HOLD, Override: Safe hold mode active
2025-05-28 04:01:47,177 - INFO - [AUDIT] - Action: 0, Confidence: 1.0000, Safety Mode: SAFE_HOLD, Override: Safe hold mode active
2025-05-28 04:01:47,178 - INFO - [AUDIT] - Action: 0, Confidence: 1.0000, Safety Mode: SAFE_HOLD, Override: Safe hold mode active
2025-05-28 04:01:47,178 - INFO - [AUDIT] - Action: 0, Confidence: 1.0000, Safety Mode: SAFE_HOLD, Override: Safe hold mode active
2025-05-28 04:01:47,178 - INFO - [AUDIT] - Action: 0, Confidence: 1.0000, Safety Mode: SAFE_HOLD, Override: Safe hold mode active
2025-05-28 04:01:47,178 - INFO - [AUDIT] - Action: 0, Confidence: 1.0000, Safety Mode: SAFE_HOLD, Override: Safe hold mode active
2025-05-28 04:01:47,178 - INFO - [AUDIT] - Action: 0, Confidence: 1.0000, Safety Mode: SAFE_HOLD, Override: Safe hold mode active
2025-05-28 04:01:47,179 - INFO - [AUDIT] - Action: 0, Confidence: 1.0000, Safety Mode: SAFE_HOLD, Override: Safe hold mode active
2025-05-28 04:01:47,179 - INFO - [AUDIT] - Action: 0, Confidence: 1.0000, Safety Mode: SAFE_HOLD, Override: Safe hold mode active
2025-05-28 04:01:47,179 - INFO - [AUDIT] - Action: 0, Confidence: 1.0000, Safety Mode: SAFE_HOLD, Override: Safe hold mode active
2025-05-28 04:01:47,179 - INFO - [AUDIT] - Action: 0, Confidence: 1.0000, Safety Mode: SAFE_HOLD, Override: Safe hold mode active
2025-05-28 04:01:47,179 - INFO - [AUDIT] - Action: 0, Confidence: 1.0000, Safety Mode: SAFE_HOLD, Override: Safe hold mode active
2025-05-28 04:01:47,180 - INFO - [AUDIT] - Action: 0, Confidence: 1.0000, Safety Mode: SAFE_HOLD, Override: Safe hold mode active
2025-05-28 04:01:47,180 - INFO - [AUDIT] - Action: 0, Confidence: 1.0000, Safety Mode: SAFE_HOLD, Override: Safe hold mode active
2025-05-28 04:01:47,180 - INFO - [AUDIT] - Action: 0, Confidence: 1.0000, Safety Mode: SAFE_HOLD, Override: Safe hold mode active
2025-05-28 04:01:47,180 - INFO - [AUDIT] - Action: 0, Confidence: 1.0000, Safety Mode: SAFE_HOLD, Override: Safe hold mode active
2025-05-28 04:01:47,180 - INFO - [AUDIT] - Action: 0, Confidence: 1.0000, Safety Mode: SAFE_HOLD, Override: Safe hold mode active
2025-05-28 04:01:47,181 - INFO - [AUDIT] - Action: 0, Confidence: 1.0000, Safety Mode: SAFE_HOLD, Override: Safe hold mode active
2025-05-28 04:01:47,181 - INFO - [AUDIT] - Action: 0, Confidence: 1.0000, Safety Mode: SAFE_HOLD, Override: Safe hold mode active
2025-05-28 04:01:47,181 - INFO - [AUDIT] - Action: 0, Confidence: 1.0000, Safety Mode: SAFE_HOLD, Override: Safe hold mode active
2025-05-28 04:01:47,181 - INFO - [AUDIT] - Action: 0, Confidence: 1.0000, Safety Mode: SAFE_HOLD, Override: Safe hold mode active
2025-05-28 04:01:47,181 - INFO - [AUDIT] - Action: 0, Confidence: 1.0000, Safety Mode: SAFE_HOLD, Override: Safe hold mode active
2025-05-28 04:01:47,181 - INFO - [AUDIT] - Action: 0, Confidence: 1.0000, Safety Mode: SAFE_HOLD, Override: Safe hold mode active
2025-05-28 04:01:47,182 - INFO - [AUDIT] - Action: 0, Confidence: 1.0000, Safety Mode: SAFE_HOLD, Override: Safe hold mode active
2025-05-28 04:01:47,182 - INFO - [AUDIT] - Action: 0, Confidence: 1.0000, Safety Mode: SAFE_HOLD, Override: Safe hold mode active
2025-05-28 04:01:47,182 - INFO - [AUDIT] - Action: 0, Confidence: 1.0000, Safety Mode: SAFE_HOLD, Override: Safe hold mode active
2025-05-28 04:01:47,182 - INFO - [AUDIT] - Action: 0, Confidence: 1.0000, Safety Mode: SAFE_HOLD, Override: Safe hold mode active
2025-05-28 04:01:47,182 - INFO - [AUDIT] - Action: 0, Confidence: 1.0000, Safety Mode: SAFE_HOLD, Override: Safe hold mode active
2025-05-28 04:01:47,183 - INFO - [AUDIT] - Action: 0, Confidence: 1.0000, Safety Mode: SAFE_HOLD, Override: Safe hold mode active
2025-05-28 04:01:47,183 - INFO - [AUDIT] - Action: 0, Confidence: 1.0000, Safety Mode: SAFE_HOLD, Override: Safe hold mode active
2025-05-28 04:01:47,183 - INFO - [AUDIT] - Action: 0, Confidence: 1.0000, Safety Mode: SAFE_HOLD, Override: Safe hold mode active
2025-05-28 04:01:47,183 - INFO - [AUDIT] - Action: 0, Confidence: 1.0000, Safety Mode: SAFE_HOLD, Override: Safe hold mode active
2025-05-28 04:01:47,183 - INFO - [AUDIT] - Action: 0, Confidence: 1.0000, Safety Mode: SAFE_HOLD, Override: Safe hold mode active
2025-05-28 04:01:47,184 - INFO - [AUDIT] - Action: 0, Confidence: 1.0000, Safety Mode: SAFE_HOLD, Override: Safe hold mode active
2025-05-28 04:01:47,184 - INFO - [AUDIT] - Action: 0, Confidence: 1.0000, Safety Mode: SAFE_HOLD, Override: Safe hold mode active
2025-05-28 04:01:47,184 - INFO - [AUDIT] - Action: 0, Confidence: 1.0000, Safety Mode: SAFE_HOLD, Override: Safe hold mode active
2025-05-28 04:01:47,185 - INFO - [AUDIT] - Action: 0, Confidence: 1.0000, Safety Mode: SAFE_HOLD, Override: Safe hold mode active
2025-05-28 04:01:47,185 - INFO - [AUDIT] - Action: 0, Confidence: 1.0000, Safety Mode: SAFE_HOLD, Override: Safe hold mode active
2025-05-28 04:01:47,185 - INFO - [AUDIT] - Action: 0, Confidence: 1.0000, Safety Mode: SAFE_HOLD, Override: Safe hold mode active
2025-05-28 04:01:47,185 - INFO - [AUDIT] - Action: 0, Confidence: 1.0000, Safety Mode: SAFE_HOLD, Override: Safe hold mode active
2025-05-28 04:01:47,185 - INFO - [AUDIT] - Action: 0, Confidence: 1.0000, Safety Mode: SAFE_HOLD, Override: Safe hold mode active
2025-05-28 04:01:47,186 - INFO - [AUDIT] - Action: 0, Confidence: 1.0000, Safety Mode: SAFE_HOLD, Override: Safe hold mode active
2025-05-28 04:01:47,186 - INFO - [AUDIT] - Action: 0, Confidence: 1.0000, Safety Mode: SAFE_HOLD, Override: Safe hold mode active
2025-05-28 04:01:47,186 - INFO - [AUDIT] - Action: 0, Confidence: 1.0000, Safety Mode: SAFE_HOLD, Override: Safe hold mode active
2025-05-28 04:01:47,186 - INFO - [AUDIT] - Action: 0, Confidence: 1.0000, Safety Mode: SAFE_HOLD, Override: Safe hold mode active
2025-05-28 04:01:47,186 - INFO - [AUDIT] - Action: 0, Confidence: 1.0000, Safety Mode: SAFE_HOLD, Override: Safe hold mode active
2025-05-28 04:01:47,186 - INFO - [AUDIT] - Action: 0, Confidence: 1.0000, Safety Mode: SAFE_HOLD, Override: Safe hold mode active
2025-05-28 04:01:47,187 - INFO - [AUDIT] - Action: 0, Confidence: 1.0000, Safety Mode: SAFE_HOLD, Override: Safe hold mode active
2025-05-28 04:01:47,187 - INFO - [AUDIT] - Action: 0, Confidence: 1.0000, Safety Mode: SAFE_HOLD, Override: Safe hold mode active
2025-05-28 04:01:47,187 - INFO - [AUDIT] - Action: 0, Confidence: 1.0000, Safety Mode: SAFE_HOLD, Override: Safe hold mode active
2025-05-28 04:01:47,187 - INFO - [AUDIT] - Action: 0, Confidence: 1.0000, Safety Mode: SAFE_HOLD, Override: Safe hold mode active
2025-05-28 04:01:47,187 - INFO - [AUDIT] - Action: 0, Confidence: 1.0000, Safety Mode: SAFE_HOLD, Override: Safe hold mode active
2025-05-28 04:01:47,188 - INFO - [AUDIT] - Action: 0, Confidence: 1.0000, Safety Mode: SAFE_HOLD, Override: Safe hold mode active
2025-05-28 04:01:47,188 - INFO - [AUDIT] - Action: 0, Confidence: 1.0000, Safety Mode: SAFE_HOLD, Override: Safe hold mode active
2025-05-28 04:01:47,188 - INFO - [AUDIT] - Action: 0, Confidence: 1.0000, Safety Mode: SAFE_HOLD, Override: Safe hold mode active
2025-05-28 04:01:47,188 - INFO - [AUDIT] - Action: 0, Confidence: 1.0000, Safety Mode: SAFE_HOLD, Override: Safe hold mode active
2025-05-28 04:01:47,188 - INFO - [AUDIT] - Action: 0, Confidence: 1.0000, Safety Mode: SAFE_HOLD, Override: Safe hold mode active
2025-05-28 04:01:47,189 - INFO - [AUDIT] - Action: 0, Confidence: 1.0000, Safety Mode: SAFE_HOLD, Override: Safe hold mode active
2025-05-28 04:01:47,189 - INFO - [AUDIT] - Action: 0, Confidence: 1.0000, Safety Mode: SAFE_HOLD, Override: Safe hold mode active
2025-05-28 04:01:47,189 - INFO - [AUDIT] - Action: 0, Confidence: 1.0000, Safety Mode: SAFE_HOLD, Override: Safe hold mode active
2025-05-28 04:01:47,189 - INFO - [AUDIT] - Action: 0, Confidence: 1.0000, Safety Mode: SAFE_HOLD, Override: Safe hold mode active
2025-05-28 04:01:47,189 - INFO - [AUDIT] - Action: 0, Confidence: 1.0000, Safety Mode: SAFE_HOLD, Override: Safe hold mode active
2025-05-28 04:01:47,190 - INFO - [AUDIT] - Action: 0, Confidence: 1.0000, Safety Mode: SAFE_HOLD, Override: Safe hold mode active
2025-05-28 04:01:47,190 - INFO - [AUDIT] - Action: 0, Confidence: 1.0000, Safety Mode: SAFE_HOLD, Override: Safe hold mode active
2025-05-28 04:01:47,190 - INFO - [AUDIT] - Action: 0, Confidence: 1.0000, Safety Mode: SAFE_HOLD, Override: Safe hold mode active
2025-05-28 04:01:47,190 - INFO - [AUDIT] - Action: 0, Confidence: 1.0000, Safety Mode: SAFE_HOLD, Override: Safe hold mode active
2025-05-28 04:01:47,190 - INFO - [AUDIT] - Action: 0, Confidence: 1.0000, Safety Mode: SAFE_HOLD, Override: Safe hold mode active
2025-05-28 04:01:47,190 - INFO - [AUDIT] - Action: 0, Confidence: 1.0000, Safety Mode: SAFE_HOLD, Override: Safe hold mode active
2025-05-28 04:01:47,191 - INFO - [AUDIT] - Action: 0, Confidence: 1.0000, Safety Mode: SAFE_HOLD, Override: Safe hold mode active
2025-05-28 04:01:47,191 - INFO - [AUDIT] - Action: 0, Confidence: 1.0000, Safety Mode: SAFE_HOLD, Override: Safe hold mode active
2025-05-28 04:01:47,191 - INFO - [AUDIT] - Action: 0, Confidence: 1.0000, Safety Mode: SAFE_HOLD, Override: Safe hold mode active
2025-05-28 04:01:47,191 - INFO - [AUDIT] - Action: 0, Confidence: 1.0000, Safety Mode: SAFE_HOLD, Override: Safe hold mode active
2025-05-28 04:01:47,191 - INFO - [AUDIT] - Action: 0, Confidence: 1.0000, Safety Mode: SAFE_HOLD, Override: Safe hold mode active
2025-05-28 04:01:47,192 - INFO - [AUDIT] - Action: 0, Confidence: 1.0000, Safety Mode: SAFE_HOLD, Override: Safe hold mode active
2025-05-28 04:01:47,192 - INFO - [AUDIT] - Action: 0, Confidence: 1.0000, Safety Mode: SAFE_HOLD, Override: Safe hold mode active
2025-05-28 04:01:47,192 - INFO - [AUDIT] - Action: 0, Confidence: 1.0000, Safety Mode: SAFE_HOLD, Override: Safe hold mode active
2025-05-28 04:01:47,192 - INFO - [AUDIT] - Action: 0, Confidence: 1.0000, Safety Mode: SAFE_HOLD, Override: Safe hold mode active
2025-05-28 04:01:47,192 - INFO - [AUDIT] - Action: 0, Confidence: 1.0000, Safety Mode: SAFE_HOLD, Override: Safe hold mode active
2025-05-28 04:01:47,193 - INFO - [AUDIT] - Action: 0, Confidence: 1.0000, Safety Mode: SAFE_HOLD, Override: Safe hold mode active
2025-05-28 04:01:47,193 - INFO - [AUDIT] - Action: 0, Confidence: 1.0000, Safety Mode: SAFE_HOLD, Override: Safe hold mode active
2025-05-28 04:01:47,193 - INFO - [AUDIT] - Action: 0, Confidence: 1.0000, Safety Mode: SAFE_HOLD, Override: Safe hold mode active
2025-05-28 04:01:47,193 - INFO - [AUDIT] - Action: 0, Confidence: 1.0000, Safety Mode: SAFE_HOLD, Override: Safe hold mode active
2025-05-28 04:01:47,193 - INFO - [AUDIT] - Action: 0, Confidence: 1.0000, Safety Mode: SAFE_HOLD, Override: Safe hold mode active
2025-05-28 04:01:47,194 - INFO - [AUDIT] - Action: 0, Confidence: 1.0000, Safety Mode: SAFE_HOLD, Override: Safe hold mode active
2025-05-28 04:01:47,194 - INFO - [AUDIT] - Action: 0, Confidence: 1.0000, Safety Mode: SAFE_HOLD, Override: Safe hold mode active
2025-05-28 04:01:47,194 - INFO - [AUDIT] - Action: 0, Confidence: 1.0000, Safety Mode: SAFE_HOLD, Override: Safe hold mode active
2025-05-28 04:01:47,194 - INFO - [AUDIT] - Action: 0, Confidence: 1.0000, Safety Mode: SAFE_HOLD, Override: Safe hold mode active
2025-05-28 04:01:47,194 - INFO - [AUDIT] - Action: 0, Confidence: 1.0000, Safety Mode: SAFE_HOLD, Override: Safe hold mode active
2025-05-28 04:01:47,195 - INFO - [AUDIT] - Action: 0, Confidence: 1.0000, Safety Mode: SAFE_HOLD, Override: Safe hold mode active
2025-05-28 04:01:47,195 - INFO - [AUDIT] - Action: 0, Confidence: 1.0000, Safety Mode: SAFE_HOLD, Override: Safe hold mode active
2025-05-28 04:01:47,195 - INFO - [AUDIT] - Action: 0, Confidence: 1.0000, Safety Mode: SAFE_HOLD, Override: Safe hold mode active
2025-05-28 04:01:47,195 - INFO - [AUDIT] - Action: 0, Confidence: 1.0000, Safety Mode: SAFE_HOLD, Override: Safe hold mode active
2025-05-28 04:01:47,195 - INFO - [AUDIT] - Action: 0, Confidence: 1.0000, Safety Mode: SAFE_HOLD, Override: Safe hold mode active
2025-05-28 04:01:47,196 - INFO - [AUDIT] - Action: 0, Confidence: 1.0000, Safety Mode: SAFE_HOLD, Override: Safe hold mode active
2025-05-28 04:01:47,196 - INFO - [AUDIT] - Action: 0, Confidence: 1.0000, Safety Mode: SAFE_HOLD, Override: Safe hold mode active
2025-05-28 04:01:47,196 - INFO - [AUDIT] - Action: 0, Confidence: 1.0000, Safety Mode: SAFE_HOLD, Override: Safe hold mode active
2025-05-28 04:01:47,196 - INFO - [AUDIT] - Action: 0, Confidence: 1.0000, Safety Mode: SAFE_HOLD, Override: Safe hold mode active
2025-05-28 04:01:47,196 - INFO - [AUDIT] - Action: 0, Confidence: 1.0000, Safety Mode: SAFE_HOLD, Override: Safe hold mode active
2025-05-28 04:01:47,196 - INFO - [AUDIT] - Action: 0, Confidence: 1.0000, Safety Mode: SAFE_HOLD, Override: Safe hold mode active
2025-05-28 04:01:47,197 - INFO - [AUDIT] - Action: 0, Confidence: 1.0000, Safety Mode: SAFE_HOLD, Override: Safe hold mode active
2025-05-28 04:01:47,197 - INFO - [AUDIT] - Action: 0, Confidence: 1.0000, Safety Mode: SAFE_HOLD, Override: Safe hold mode active
2025-05-28 04:01:47,197 - INFO - [AUDIT] - Action: 0, Confidence: 1.0000, Safety Mode: SAFE_HOLD, Override: Safe hold mode active
2025-05-28 04:01:47,197 - INFO - [AUDIT] - Action: 0, Confidence: 1.0000, Safety Mode: SAFE_HOLD, Override: Safe hold mode active
2025-05-28 04:01:47,197 - INFO - [AUDIT] - Action: 0, Confidence: 1.0000, Safety Mode: SAFE_HOLD, Override: Safe hold mode active
2025-05-28 04:01:47,198 - INFO - [AUDIT] - Action: 0, Confidence: 1.0000, Safety Mode: SAFE_HOLD, Override: Safe hold mode active
2025-05-28 04:01:47,198 - INFO - [AUDIT] - Action: 0, Confidence: 1.0000, Safety Mode: SAFE_HOLD, Override: Safe hold mode active
2025-05-28 04:01:47,198 - INFO - [AUDIT] - Action: 0, Confidence: 1.0000, Safety Mode: SAFE_HOLD, Override: Safe hold mode active
2025-05-28 04:01:47,198 - INFO - [AUDIT] - Action: 0, Confidence: 1.0000, Safety Mode: SAFE_HOLD, Override: Safe hold mode active
2025-05-28 04:01:47,198 - INFO - [AUDIT] - Action: 0, Confidence: 1.0000, Safety Mode: SAFE_HOLD, Override: Safe hold mode active
2025-05-28 04:01:47,199 - INFO - [AUDIT] - Action: 0, Confidence: 1.0000, Safety Mode: SAFE_HOLD, Override: Safe hold mode active
2025-05-28 04:01:47,199 - INFO - [AUDIT] - Action: 0, Confidence: 1.0000, Safety Mode: SAFE_HOLD, Override: Safe hold mode active
2025-05-28 04:01:47,199 - INFO - [AUDIT] - Action: 0, Confidence: 1.0000, Safety Mode: SAFE_HOLD, Override: Safe hold mode active
2025-05-28 04:01:47,199 - INFO - [AUDIT] - Action: 0, Confidence: 1.0000, Safety Mode: SAFE_HOLD, Override: Safe hold mode active
2025-05-28 04:01:47,199 - INFO - [AUDIT] - Action: 0, Confidence: 1.0000, Safety Mode: SAFE_HOLD, Override: Safe hold mode active
2025-05-28 04:01:47,200 - INFO - [AUDIT] - Action: 0, Confidence: 1.0000, Safety Mode: SAFE_HOLD, Override: Safe hold mode active
2025-05-28 04:01:47,200 - INFO - [AUDIT] - Action: 0, Confidence: 1.0000, Safety Mode: SAFE_HOLD, Override: Safe hold mode active
2025-05-28 04:01:47,200 - INFO - [AUDIT] - Action: 0, Confidence: 1.0000, Safety Mode: SAFE_HOLD, Override: Safe hold mode active
2025-05-28 04:01:47,200 - INFO - [AUDIT] - Action: 0, Confidence: 1.0000, Safety Mode: SAFE_HOLD, Override: Safe hold mode active
2025-05-28 04:01:47,200 - INFO - [AUDIT] - Action: 0, Confidence: 1.0000, Safety Mode: SAFE_HOLD, Override: Safe hold mode active
2025-05-28 04:01:47,201 - INFO - [AUDIT] - Action: 0, Confidence: 1.0000, Safety Mode: SAFE_HOLD, Override: Safe hold mode active
2025-05-28 04:01:47,201 - INFO - [AUDIT] - Action: 0, Confidence: 1.0000, Safety Mode: SAFE_HOLD, Override: Safe hold mode active
2025-05-28 04:01:47,201 - INFO - [AUDIT] - Action: 0, Confidence: 1.0000, Safety Mode: SAFE_HOLD, Override: Safe hold mode active
2025-05-28 04:01:47,201 - INFO - [AUDIT] - Action: 0, Confidence: 1.0000, Safety Mode: SAFE_HOLD, Override: Safe hold mode active
2025-05-28 04:01:47,202 - INFO - [AUDIT] - Action: 0, Confidence: 1.0000, Safety Mode: SAFE_HOLD, Override: Safe hold mode active
2025-05-28 04:01:47,202 - INFO - [AUDIT] - Action: 0, Confidence: 1.0000, Safety Mode: SAFE_HOLD, Override: Safe hold mode active
2025-05-28 04:01:47,202 - INFO - [AUDIT] - Action: 0, Confidence: 1.0000, Safety Mode: SAFE_HOLD, Override: Safe hold mode active
2025-05-28 04:01:47,202 - INFO - [AUDIT] - Action: 0, Confidence: 1.0000, Safety Mode: SAFE_HOLD, Override: Safe hold mode active
2025-05-28 04:01:47,202 - INFO - [AUDIT] - Action: 0, Confidence: 1.0000, Safety Mode: SAFE_HOLD, Override: Safe hold mode active
2025-05-28 04:01:47,202 - INFO - [AUDIT] - Action: 0, Confidence: 1.0000, Safety Mode: SAFE_HOLD, Override: Safe hold mode active
2025-05-28 04:01:47,203 - INFO - [AUDIT] - Action: 0, Confidence: 1.0000, Safety Mode: SAFE_HOLD, Override: Safe hold mode active
2025-05-28 04:01:47,203 - INFO - [AUDIT] - Action: 0, Confidence: 1.0000, Safety Mode: SAFE_HOLD, Override: Safe hold mode active
2025-05-28 04:01:47,203 - INFO - [AUDIT] - Action: 0, Confidence: 1.0000, Safety Mode: SAFE_HOLD, Override: Safe hold mode active
2025-05-28 04:01:47,203 - INFO - [AUDIT] - Action: 0, Confidence: 1.0000, Safety Mode: SAFE_HOLD, Override: Safe hold mode active
2025-05-28 04:01:47,203 - INFO - [AUDIT] - Action: 0, Confidence: 1.0000, Safety Mode: SAFE_HOLD, Override: Safe hold mode active
2025-05-28 04:01:47,204 - INFO - [AUDIT] - Action: 0, Confidence: 1.0000, Safety Mode: SAFE_HOLD, Override: Safe hold mode active
2025-05-28 04:01:47,204 - INFO - [AUDIT] - Action: 0, Confidence: 1.0000, Safety Mode: SAFE_HOLD, Override: Safe hold mode active
2025-05-28 04:01:47,204 - INFO - [AUDIT] - Action: 0, Confidence: 1.0000, Safety Mode: SAFE_HOLD, Override: Safe hold mode active
2025-05-28 04:01:47,204 - INFO - [AUDIT] - Action: 0, Confidence: 1.0000, Safety Mode: SAFE_HOLD, Override: Safe hold mode active
2025-05-28 04:01:47,204 - INFO - [AUDIT] - Action: 0, Confidence: 1.0000, Safety Mode: SAFE_HOLD, Override: Safe hold mode active
2025-05-28 04:01:47,205 - INFO - [AUDIT] - Action: 0, Confidence: 1.0000, Safety Mode: SAFE_HOLD, Override: Safe hold mode active
2025-05-28 04:01:47,205 - INFO - [AUDIT] - Action: 0, Confidence: 1.0000, Safety Mode: SAFE_HOLD, Override: Safe hold mode active
2025-05-28 04:01:47,205 - INFO - [AUDIT] - Action: 0, Confidence: 1.0000, Safety Mode: SAFE_HOLD, Override: Safe hold mode active
2025-05-28 04:01:47,205 - INFO - [AUDIT] - Action: 0, Confidence: 1.0000, Safety Mode: SAFE_HOLD, Override: Safe hold mode active
2025-05-28 04:01:47,205 - INFO - [AUDIT] - Action: 0, Confidence: 1.0000, Safety Mode: SAFE_HOLD, Override: Safe hold mode active
2025-05-28 04:01:47,205 - INFO - [AUDIT] - Action: 0, Confidence: 1.0000, Safety Mode: SAFE_HOLD, Override: Safe hold mode active
2025-05-28 04:01:47,206 - INFO - [AUDIT] - Action: 0, Confidence: 1.0000, Safety Mode: SAFE_HOLD, Override: Safe hold mode active
2025-05-28 04:01:47,206 - INFO - [AUDIT] - Action: 0, Confidence: 1.0000, Safety Mode: SAFE_HOLD, Override: Safe hold mode active
2025-05-28 04:01:47,206 - INFO - [AUDIT] - Action: 0, Confidence: 1.0000, Safety Mode: SAFE_HOLD, Override: Safe hold mode active
2025-05-28 04:01:47,206 - INFO - [AUDIT] - Action: 0, Confidence: 1.0000, Safety Mode: SAFE_HOLD, Override: Safe hold mode active
2025-05-28 04:01:47,207 - INFO - [AUDIT] - Action: 0, Confidence: 1.0000, Safety Mode: SAFE_HOLD, Override: Safe hold mode active
2025-05-28 04:01:47,207 - INFO - [AUDIT] - Action: 0, Confidence: 1.0000, Safety Mode: SAFE_HOLD, Override: Safe hold mode active
2025-05-28 04:01:47,207 - INFO - [AUDIT] - Action: 0, Confidence: 1.0000, Safety Mode: SAFE_HOLD, Override: Safe hold mode active
2025-05-28 04:01:47,207 - INFO - [AUDIT] - Action: 0, Confidence: 1.0000, Safety Mode: SAFE_HOLD, Override: Safe hold mode active
2025-05-28 04:01:47,207 - INFO - [AUDIT] - Action: 0, Confidence: 1.0000, Safety Mode: SAFE_HOLD, Override: Safe hold mode active
2025-05-28 04:01:47,208 - INFO - [AUDIT] - Action: 0, Confidence: 1.0000, Safety Mode: SAFE_HOLD, Override: Safe hold mode active
2025-05-28 04:01:47,208 - INFO - [AUDIT] - Action: 0, Confidence: 1.0000, Safety Mode: SAFE_HOLD, Override: Safe hold mode active
2025-05-28 04:01:47,208 - INFO - [AUDIT] - Action: 0, Confidence: 1.0000, Safety Mode: SAFE_HOLD, Override: Safe hold mode active
2025-05-28 04:01:47,208 - INFO - [AUDIT] - Action: 0, Confidence: 1.0000, Safety Mode: SAFE_HOLD, Override: Safe hold mode active
2025-05-28 04:01:47,208 - INFO - [AUDIT] - Action: 0, Confidence: 1.0000, Safety Mode: SAFE_HOLD, Override: Safe hold mode active
2025-05-28 04:01:47,209 - INFO - [AUDIT] - Action: 0, Confidence: 1.0000, Safety Mode: SAFE_HOLD, Override: Safe hold mode active
2025-05-28 04:01:47,209 - INFO - [AUDIT] - Action: 0, Confidence: 1.0000, Safety Mode: SAFE_HOLD, Override: Safe hold mode active
2025-05-28 04:01:47,209 - INFO - [AUDIT] - Action: 0, Confidence: 1.0000, Safety Mode: SAFE_HOLD, Override: Safe hold mode active
2025-05-28 04:01:47,209 - INFO - [AUDIT] - Action: 0, Confidence: 1.0000, Safety Mode: SAFE_HOLD, Override: Safe hold mode active
2025-05-28 04:01:47,209 - INFO - [AUDIT] - Action: 0, Confidence: 1.0000, Safety Mode: SAFE_HOLD, Override: Safe hold mode active
2025-05-28 04:01:47,209 - INFO - [AUDIT] - Action: 0, Confidence: 1.0000, Safety Mode: SAFE_HOLD, Override: Safe hold mode active
2025-05-28 04:01:47,210 - INFO - [AUDIT] - Action: 0, Confidence: 1.0000, Safety Mode: SAFE_HOLD, Override: Safe hold mode active
2025-05-28 04:01:47,210 - INFO - [AUDIT] - Action: 0, Confidence: 1.0000, Safety Mode: SAFE_HOLD, Override: Safe hold mode active
2025-05-28 04:01:47,210 - INFO - [AUDIT] - Action: 0, Confidence: 1.0000, Safety Mode: SAFE_HOLD, Override: Safe hold mode active
2025-05-28 04:01:47,210 - INFO - [AUDIT] - Action: 0, Confidence: 1.0000, Safety Mode: SAFE_HOLD, Override: Safe hold mode active
2025-05-28 04:01:47,210 - INFO - [AUDIT] - Action: 0, Confidence: 1.0000, Safety Mode: SAFE_HOLD, Override: Safe hold mode active
2025-05-28 04:01:47,211 - INFO - [AUDIT] - Action: 0, Confidence: 1.0000, Safety Mode: SAFE_HOLD, Override: Safe hold mode active
2025-05-28 04:01:47,211 - INFO - [AUDIT] - Action: 0, Confidence: 1.0000, Safety Mode: SAFE_HOLD, Override: Safe hold mode active
2025-05-28 04:01:47,211 - INFO - [AUDIT] - Action: 0, Confidence: 1.0000, Safety Mode: SAFE_HOLD, Override: Safe hold mode active
2025-05-28 04:01:47,211 - INFO - [AUDIT] - Action: 0, Confidence: 1.0000, Safety Mode: SAFE_HOLD, Override: Safe hold mode active
2025-05-28 04:01:47,211 - INFO - [AUDIT] - Action: 0, Confidence: 1.0000, Safety Mode: SAFE_HOLD, Override: Safe hold mode active
2025-05-28 04:01:47,212 - INFO - [AUDIT] - Action: 0, Confidence: 1.0000, Safety Mode: SAFE_HOLD, Override: Safe hold mode active
2025-05-28 04:01:47,212 - INFO - [AUDIT] - Action: 0, Confidence: 1.0000, Safety Mode: SAFE_HOLD, Override: Safe hold mode active
2025-05-28 04:01:47,212 - INFO - [AUDIT] - Action: 0, Confidence: 1.0000, Safety Mode: SAFE_HOLD, Override: Safe hold mode active
2025-05-28 04:01:47,212 - INFO - [AUDIT] - Action: 0, Confidence: 1.0000, Safety Mode: SAFE_HOLD, Override: Safe hold mode active
2025-05-28 04:01:47,212 - INFO - [AUDIT] - Action: 0, Confidence: 1.0000, Safety Mode: SAFE_HOLD, Override: Safe hold mode active
2025-05-28 04:01:47,213 - INFO - [AUDIT] - Action: 0, Confidence: 1.0000, Safety Mode: SAFE_HOLD, Override: Safe hold mode active
2025-05-28 04:01:47,213 - INFO - [AUDIT] - Action: 0, Confidence: 1.0000, Safety Mode: SAFE_HOLD, Override: Safe hold mode active
2025-05-28 04:01:47,213 - INFO - [AUDIT] - Action: 0, Confidence: 1.0000, Safety Mode: SAFE_HOLD, Override: Safe hold mode active
2025-05-28 04:01:47,213 - INFO - [AUDIT] - Action: 0, Confidence: 1.0000, Safety Mode: SAFE_HOLD, Override: Safe hold mode active
2025-05-28 04:01:47,213 - INFO - [AUDIT] - Action: 0, Confidence: 1.0000, Safety Mode: SAFE_HOLD, Override: Safe hold mode active
2025-05-28 04:01:47,214 - INFO - [AUDIT] - Action: 0, Confidence: 1.0000, Safety Mode: SAFE_HOLD, Override: Safe hold mode active
2025-05-28 04:01:47,214 - INFO - [AUDIT] - Action: 0, Confidence: 1.0000, Safety Mode: SAFE_HOLD, Override: Safe hold mode active
2025-05-28 04:01:47,214 - INFO - [AUDIT] - Action: 0, Confidence: 1.0000, Safety Mode: SAFE_HOLD, Override: Safe hold mode active
2025-05-28 04:01:47,214 - INFO - [AUDIT] - Action: 0, Confidence: 1.0000, Safety Mode: SAFE_HOLD, Override: Safe hold mode active
2025-05-28 04:01:47,214 - INFO - [AUDIT] - Action: 0, Confidence: 1.0000, Safety Mode: SAFE_HOLD, Override: Safe hold mode active
2025-05-28 04:01:47,215 - INFO - [AUDIT] - Action: 0, Confidence: 1.0000, Safety Mode: SAFE_HOLD, Override: Safe hold mode active
2025-05-28 04:01:47,215 - INFO - [AUDIT] - Action: 0, Confidence: 1.0000, Safety Mode: SAFE_HOLD, Override: Safe hold mode active
2025-05-28 04:01:47,215 - INFO - [AUDIT] - Action: 0, Confidence: 1.0000, Safety Mode: SAFE_HOLD, Override: Safe hold mode active
2025-05-28 04:01:47,215 - INFO - [AUDIT] - Action: 0, Confidence: 1.0000, Safety Mode: SAFE_HOLD, Override: Safe hold mode active
2025-05-28 04:01:47,215 - INFO - [AUDIT] - Action: 0, Confidence: 1.0000, Safety Mode: SAFE_HOLD, Override: Safe hold mode active
2025-05-28 04:01:47,216 - INFO - [AUDIT] - Action: 0, Confidence: 1.0000, Safety Mode: SAFE_HOLD, Override: Safe hold mode active
2025-05-28 04:01:47,216 - INFO - [AUDIT] - Action: 0, Confidence: 1.0000, Safety Mode: SAFE_HOLD, Override: Safe hold mode active
2025-05-28 04:01:47,216 - INFO - [AUDIT] - Action: 0, Confidence: 1.0000, Safety Mode: SAFE_HOLD, Override: Safe hold mode active
2025-05-28 04:01:47,216 - INFO - [AUDIT] - Action: 0, Confidence: 1.0000, Safety Mode: SAFE_HOLD, Override: Safe hold mode active
2025-05-28 04:01:47,216 - INFO - [AUDIT] - Action: 0, Confidence: 1.0000, Safety Mode: SAFE_HOLD, Override: Safe hold mode active
2025-05-28 04:01:47,217 - INFO - [AUDIT] - Action: 0, Confidence: 1.0000, Safety Mode: SAFE_HOLD, Override: Safe hold mode active
2025-05-28 04:01:47,217 - INFO - [AUDIT] - Action: 0, Confidence: 1.0000, Safety Mode: SAFE_HOLD, Override: Safe hold mode active
2025-05-28 04:01:47,217 - INFO - [AUDIT] - Action: 0, Confidence: 1.0000, Safety Mode: SAFE_HOLD, Override: Safe hold mode active
2025-05-28 04:01:47,217 - INFO - [AUDIT] - Action: 0, Confidence: 1.0000, Safety Mode: SAFE_HOLD, Override: Safe hold mode active
2025-05-28 04:01:47,217 - INFO - [AUDIT] - Action: 0, Confidence: 1.0000, Safety Mode: SAFE_HOLD, Override: Safe hold mode active
2025-05-28 04:01:47,218 - INFO - [AUDIT] - Action: 0, Confidence: 1.0000, Safety Mode: SAFE_HOLD, Override: Safe hold mode active
2025-05-28 04:01:47,218 - INFO - [AUDIT] - Action: 0, Confidence: 1.0000, Safety Mode: SAFE_HOLD, Override: Safe hold mode active
2025-05-28 04:01:47,218 - INFO - [AUDIT] - Action: 0, Confidence: 1.0000, Safety Mode: SAFE_HOLD, Override: Safe hold mode active
2025-05-28 04:01:47,218 - INFO - [AUDIT] - Action: 0, Confidence: 1.0000, Safety Mode: SAFE_HOLD, Override: Safe hold mode active
2025-05-28 04:01:47,219 - INFO - [AUDIT] - Action: 0, Confidence: 1.0000, Safety Mode: SAFE_HOLD, Override: Safe hold mode active
2025-05-28 04:01:47,219 - INFO - [AUDIT] - Action: 0, Confidence: 1.0000, Safety Mode: SAFE_HOLD, Override: Safe hold mode active
2025-05-28 04:01:47,219 - INFO - [AUDIT] - Action: 0, Confidence: 1.0000, Safety Mode: SAFE_HOLD, Override: Safe hold mode active
2025-05-28 04:01:47,219 - INFO - [AUDIT] - Action: 0, Confidence: 1.0000, Safety Mode: SAFE_HOLD, Override: Safe hold mode active
2025-05-28 04:01:47,219 - INFO - [AUDIT] - Action: 0, Confidence: 1.0000, Safety Mode: SAFE_HOLD, Override: Safe hold mode active
2025-05-28 04:01:47,219 - INFO - [AUDIT] - Action: 0, Confidence: 1.0000, Safety Mode: SAFE_HOLD, Override: Safe hold mode active
2025-05-28 04:01:47,220 - INFO - [AUDIT] - Action: 0, Confidence: 1.0000, Safety Mode: SAFE_HOLD, Override: Safe hold mode active
2025-05-28 04:01:47,220 - INFO - [AUDIT] - Action: 0, Confidence: 1.0000, Safety Mode: SAFE_HOLD, Override: Safe hold mode active
2025-05-28 04:01:47,220 - INFO - [AUDIT] - Action: 0, Confidence: 1.0000, Safety Mode: SAFE_HOLD, Override: Safe hold mode active
2025-05-28 04:01:47,220 - INFO - [AUDIT] - Action: 0, Confidence: 1.0000, Safety Mode: SAFE_HOLD, Override: Safe hold mode active
2025-05-28 04:01:47,220 - INFO - [AUDIT] - Action: 0, Confidence: 1.0000, Safety Mode: SAFE_HOLD, Override: Safe hold mode active
2025-05-28 04:01:47,221 - INFO - [AUDIT] - Action: 0, Confidence: 1.0000, Safety Mode: SAFE_HOLD, Override: Safe hold mode active
2025-05-28 04:01:47,221 - INFO - [AUDIT] - Action: 0, Confidence: 1.0000, Safety Mode: SAFE_HOLD, Override: Safe hold mode active
2025-05-28 04:01:47,221 - INFO - [AUDIT] - Action: 0, Confidence: 1.0000, Safety Mode: SAFE_HOLD, Override: Safe hold mode active
2025-05-28 04:01:47,221 - INFO - [AUDIT] - Action: 0, Confidence: 1.0000, Safety Mode: SAFE_HOLD, Override: Safe hold mode active
2025-05-28 04:01:47,221 - INFO - [AUDIT] - Action: 0, Confidence: 1.0000, Safety Mode: SAFE_HOLD, Override: Safe hold mode active
2025-05-28 04:01:47,222 - INFO - [AUDIT] - Action: 0, Confidence: 1.0000, Safety Mode: SAFE_HOLD, Override: Safe hold mode active
2025-05-28 04:01:47,222 - INFO - [AUDIT] - Action: 0, Confidence: 1.0000, Safety Mode: SAFE_HOLD, Override: Safe hold mode active
2025-05-28 04:01:47,222 - INFO - [AUDIT] - Action: 0, Confidence: 1.0000, Safety Mode: SAFE_HOLD, Override: Safe hold mode active
2025-05-28 04:01:47,222 - INFO - [AUDIT] - Action: 0, Confidence: 1.0000, Safety Mode: SAFE_HOLD, Override: Safe hold mode active
2025-05-28 04:01:47,222 - INFO - [AUDIT] - Action: 0, Confidence: 1.0000, Safety Mode: SAFE_HOLD, Override: Safe hold mode active
2025-05-28 04:01:47,223 - INFO - [AUDIT] - Action: 0, Confidence: 1.0000, Safety Mode: SAFE_HOLD, Override: Safe hold mode active
2025-05-28 04:01:47,223 - INFO - [AUDIT] - Action: 0, Confidence: 1.0000, Safety Mode: SAFE_HOLD, Override: Safe hold mode active
2025-05-28 04:01:47,223 - INFO - [AUDIT] - Action: 0, Confidence: 1.0000, Safety Mode: SAFE_HOLD, Override: Safe hold mode active
2025-05-28 04:01:47,223 - INFO - [AUDIT] - Action: 0, Confidence: 1.0000, Safety Mode: SAFE_HOLD, Override: Safe hold mode active
2025-05-28 04:01:47,223 - INFO - [AUDIT] - Action: 0, Confidence: 1.0000, Safety Mode: SAFE_HOLD, Override: Safe hold mode active
2025-05-28 04:01:47,224 - INFO - [AUDIT] - Action: 0, Confidence: 1.0000, Safety Mode: SAFE_HOLD, Override: Safe hold mode active
2025-05-28 04:01:47,224 - INFO - [AUDIT] - Action: 0, Confidence: 1.0000, Safety Mode: SAFE_HOLD, Override: Safe hold mode active
2025-05-28 04:01:47,224 - INFO - [AUDIT] - Action: 0, Confidence: 1.0000, Safety Mode: SAFE_HOLD, Override: Safe hold mode active
2025-05-28 04:01:47,224 - INFO - [AUDIT] - Action: 0, Confidence: 1.0000, Safety Mode: SAFE_HOLD, Override: Safe hold mode active
2025-05-28 04:01:47,224 - INFO - [AUDIT] - Action: 0, Confidence: 1.0000, Safety Mode: SAFE_HOLD, Override: Safe hold mode active
2025-05-28 04:01:47,225 - INFO - [AUDIT] - Action: 0, Confidence: 1.0000, Safety Mode: SAFE_HOLD, Override: Safe hold mode active
2025-05-28 04:01:47,225 - INFO - [AUDIT] - Action: 0, Confidence: 1.0000, Safety Mode: SAFE_HOLD, Override: Safe hold mode active
2025-05-28 04:01:47,225 - INFO - [AUDIT] - Action: 0, Confidence: 1.0000, Safety Mode: SAFE_HOLD, Override: Safe hold mode active
2025-05-28 04:01:47,225 - INFO - [AUDIT] - Action: 0, Confidence: 1.0000, Safety Mode: SAFE_HOLD, Override: Safe hold mode active
2025-05-28 04:01:47,225 - INFO - [AUDIT] - Action: 0, Confidence: 1.0000, Safety Mode: SAFE_HOLD, Override: Safe hold mode active
2025-05-28 04:01:47,226 - INFO - [AUDIT] - Action: 0, Confidence: 1.0000, Safety Mode: SAFE_HOLD, Override: Safe hold mode active
2025-05-28 04:01:47,226 - INFO - [AUDIT] - Action: 0, Confidence: 1.0000, Safety Mode: SAFE_HOLD, Override: Safe hold mode active
2025-05-28 04:01:47,226 - INFO - [AUDIT] - Action: 0, Confidence: 1.0000, Safety Mode: SAFE_HOLD, Override: Safe hold mode active
2025-05-28 04:01:47,226 - INFO - [AUDIT] - Action: 0, Confidence: 1.0000, Safety Mode: SAFE_HOLD, Override: Safe hold mode active
2025-05-28 04:01:47,226 - INFO - [AUDIT] - Action: 0, Confidence: 1.0000, Safety Mode: SAFE_HOLD, Override: Safe hold mode active
2025-05-28 04:01:47,227 - INFO - [AUDIT] - Action: 0, Confidence: 1.0000, Safety Mode: SAFE_HOLD, Override: Safe hold mode active
2025-05-28 04:01:47,227 - INFO - [AUDIT] - Action: 0, Confidence: 1.0000, Safety Mode: SAFE_HOLD, Override: Safe hold mode active
2025-05-28 04:01:47,227 - INFO - [AUDIT] - Action: 0, Confidence: 1.0000, Safety Mode: SAFE_HOLD, Override: Safe hold mode active
2025-05-28 04:01:47,227 - INFO - [AUDIT] - Action: 0, Confidence: 1.0000, Safety Mode: SAFE_HOLD, Override: Safe hold mode active
2025-05-28 04:01:47,227 - INFO - [AUDIT] - Action: 0, Confidence: 1.0000, Safety Mode: SAFE_HOLD, Override: Safe hold mode active
2025-05-28 04:01:47,228 - INFO - [AUDIT] - Action: 0, Confidence: 1.0000, Safety Mode: SAFE_HOLD, Override: Safe hold mode active
2025-05-28 04:01:47,228 - INFO - [AUDIT] - Action: 0, Confidence: 1.0000, Safety Mode: SAFE_HOLD, Override: Safe hold mode active
2025-05-28 04:01:47,228 - INFO - [AUDIT] - Action: 0, Confidence: 1.0000, Safety Mode: SAFE_HOLD, Override: Safe hold mode active
2025-05-28 04:01:47,228 - INFO - [AUDIT] - Action: 0, Confidence: 1.0000, Safety Mode: SAFE_HOLD, Override: Safe hold mode active
2025-05-28 04:01:47,228 - INFO - [AUDIT] - Action: 0, Confidence: 1.0000, Safety Mode: SAFE_HOLD, Override: Safe hold mode active
2025-05-28 04:01:47,229 - INFO - [AUDIT] - Action: 0, Confidence: 1.0000, Safety Mode: SAFE_HOLD, Override: Safe hold mode active
2025-05-28 04:01:47,229 - INFO - [AUDIT] - Action: 0, Confidence: 1.0000, Safety Mode: SAFE_HOLD, Override: Safe hold mode active
2025-05-28 04:01:47,229 - INFO - [AUDIT] - Action: 0, Confidence: 1.0000, Safety Mode: SAFE_HOLD, Override: Safe hold mode active
2025-05-28 04:01:47,229 - INFO - [AUDIT] - Action: 0, Confidence: 1.0000, Safety Mode: SAFE_HOLD, Override: Safe hold mode active
2025-05-28 04:01:47,229 - INFO - [AUDIT] - Action: 0, Confidence: 1.0000, Safety Mode: SAFE_HOLD, Override: Safe hold mode active
2025-05-28 04:01:47,230 - INFO - [AUDIT] - Action: 0, Confidence: 1.0000, Safety Mode: SAFE_HOLD, Override: Safe hold mode active
2025-05-28 04:01:47,230 - INFO - [AUDIT] - Action: 0, Confidence: 1.0000, Safety Mode: SAFE_HOLD, Override: Safe hold mode active
2025-05-28 04:01:47,230 - INFO - [AUDIT] - Action: 0, Confidence: 1.0000, Safety Mode: SAFE_HOLD, Override: Safe hold mode active
2025-05-28 04:01:47,230 - INFO - [AUDIT] - Action: 0, Confidence: 1.0000, Safety Mode: SAFE_HOLD, Override: Safe hold mode active
2025-05-28 04:01:47,230 - INFO - [AUDIT] - Action: 0, Confidence: 1.0000, Safety Mode: SAFE_HOLD, Override: Safe hold mode active
2025-05-28 04:01:47,230 - INFO - [AUDIT] - Action: 0, Confidence: 1.0000, Safety Mode: SAFE_HOLD, Override: Safe hold mode active
2025-05-28 04:01:47,231 - INFO - [AUDIT] - Action: 0, Confidence: 1.0000, Safety Mode: SAFE_HOLD, Override: Safe hold mode active
2025-05-28 04:01:47,231 - INFO - [AUDIT] - Action: 0, Confidence: 1.0000, Safety Mode: SAFE_HOLD, Override: Safe hold mode active
2025-05-28 04:01:47,231 - INFO - [AUDIT] - Action: 0, Confidence: 1.0000, Safety Mode: SAFE_HOLD, Override: Safe hold mode active
2025-05-28 04:01:47,231 - INFO - [AUDIT] - Action: 0, Confidence: 1.0000, Safety Mode: SAFE_HOLD, Override: Safe hold mode active
2025-05-28 04:01:47,231 - INFO - [AUDIT] - Action: 0, Confidence: 1.0000, Safety Mode: SAFE_HOLD, Override: Safe hold mode active
2025-05-28 04:01:47,232 - INFO - [AUDIT] - Action: 0, Confidence: 1.0000, Safety Mode: SAFE_HOLD, Override: Safe hold mode active
2025-05-28 04:01:47,232 - INFO - [AUDIT] - Action: 0, Confidence: 1.0000, Safety Mode: SAFE_HOLD, Override: Safe hold mode active
2025-05-28 04:01:47,232 - INFO - [AUDIT] - Action: 0, Confidence: 1.0000, Safety Mode: SAFE_HOLD, Override: Safe hold mode active
2025-05-28 04:01:47,232 - INFO - [AUDIT] - Action: 0, Confidence: 1.0000, Safety Mode: SAFE_HOLD, Override: Safe hold mode active
2025-05-28 04:01:47,233 - INFO - [AUDIT] - Action: 0, Confidence: 1.0000, Safety Mode: SAFE_HOLD, Override: Safe hold mode active
2025-05-28 04:01:47,233 - INFO - [AUDIT] - Action: 0, Confidence: 1.0000, Safety Mode: SAFE_HOLD, Override: Safe hold mode active
2025-05-28 04:01:47,233 - INFO - [AUDIT] - Action: 0, Confidence: 1.0000, Safety Mode: SAFE_HOLD, Override: Safe hold mode active
2025-05-28 04:01:47,233 - INFO - [AUDIT] - Action: 0, Confidence: 1.0000, Safety Mode: SAFE_HOLD, Override: Safe hold mode active
2025-05-28 04:01:47,234 - INFO - [AUDIT] - Action: 0, Confidence: 1.0000, Safety Mode: SAFE_HOLD, Override: Safe hold mode active
2025-05-28 04:01:47,234 - INFO - [AUDIT] - Action: 0, Confidence: 1.0000, Safety Mode: SAFE_HOLD, Override: Safe hold mode active
2025-05-28 04:01:47,234 - INFO - [AUDIT] - Action: 0, Confidence: 1.0000, Safety Mode: SAFE_HOLD, Override: Safe hold mode active
2025-05-28 04:01:47,235 - INFO - [AUDIT] - Action: 0, Confidence: 1.0000, Safety Mode: SAFE_HOLD, Override: Safe hold mode active
2025-05-28 04:01:47,235 - INFO - [AUDIT] - Action: 0, Confidence: 1.0000, Safety Mode: SAFE_HOLD, Override: Safe hold mode active
2025-05-28 04:01:47,235 - INFO - [AUDIT] - Action: 0, Confidence: 1.0000, Safety Mode: SAFE_HOLD, Override: Safe hold mode active
2025-05-28 04:01:47,235 - INFO - [AUDIT] - Action: 0, Confidence: 1.0000, Safety Mode: SAFE_HOLD, Override: Safe hold mode active
2025-05-28 04:01:47,235 - INFO - [AUDIT] - Action: 0, Confidence: 1.0000, Safety Mode: SAFE_HOLD, Override: Safe hold mode active
2025-05-28 04:01:47,236 - INFO - [AUDIT] - Action: 0, Confidence: 1.0000, Safety Mode: SAFE_HOLD, Override: Safe hold mode active
2025-05-28 04:01:47,236 - INFO - [AUDIT] - Action: 0, Confidence: 1.0000, Safety Mode: SAFE_HOLD, Override: Safe hold mode active
2025-05-28 04:01:47,236 - INFO - [AUDIT] - Action: 0, Confidence: 1.0000, Safety Mode: SAFE_HOLD, Override: Safe hold mode active
2025-05-28 04:01:47,236 - INFO - [AUDIT] - Action: 0, Confidence: 1.0000, Safety Mode: SAFE_HOLD, Override: Safe hold mode active
2025-05-28 04:01:47,236 - INFO - [AUDIT] - Action: 0, Confidence: 1.0000, Safety Mode: SAFE_HOLD, Override: Safe hold mode active
2025-05-28 04:01:47,237 - INFO - [AUDIT] - Action: 0, Confidence: 1.0000, Safety Mode: SAFE_HOLD, Override: Safe hold mode active
2025-05-28 04:01:47,237 - INFO - [AUDIT] - Action: 0, Confidence: 1.0000, Safety Mode: SAFE_HOLD, Override: Safe hold mode active
2025-05-28 04:01:47,237 - INFO - [AUDIT] - Action: 0, Confidence: 1.0000, Safety Mode: SAFE_HOLD, Override: Safe hold mode active
2025-05-28 04:01:47,237 - INFO - [AUDIT] - Action: 0, Confidence: 1.0000, Safety Mode: SAFE_HOLD, Override: Safe hold mode active
2025-05-28 04:01:47,237 - INFO - [AUDIT] - Action: 0, Confidence: 1.0000, Safety Mode: SAFE_HOLD, Override: Safe hold mode active
2025-05-28 04:01:47,238 - INFO - [AUDIT] - Action: 0, Confidence: 1.0000, Safety Mode: SAFE_HOLD, Override: Safe hold mode active
2025-05-28 04:01:47,238 - INFO - [AUDIT] - Action: 0, Confidence: 1.0000, Safety Mode: SAFE_HOLD, Override: Safe hold mode active
2025-05-28 04:01:47,238 - INFO - [AUDIT] - Action: 0, Confidence: 1.0000, Safety Mode: SAFE_HOLD, Override: Safe hold mode active
2025-05-28 04:01:47,238 - INFO - [AUDIT] - Action: 0, Confidence: 1.0000, Safety Mode: SAFE_HOLD, Override: Safe hold mode active
2025-05-28 04:01:47,238 - INFO - [AUDIT] - Action: 0, Confidence: 1.0000, Safety Mode: SAFE_HOLD, Override: Safe hold mode active
2025-05-28 04:01:47,239 - INFO - [AUDIT] - Action: 0, Confidence: 1.0000, Safety Mode: SAFE_HOLD, Override: Safe hold mode active
2025-05-28 04:01:47,239 - INFO - [AUDIT] - Action: 0, Confidence: 1.0000, Safety Mode: SAFE_HOLD, Override: Safe hold mode active
2025-05-28 04:01:47,239 - INFO - [AUDIT] - Action: 0, Confidence: 1.0000, Safety Mode: SAFE_HOLD, Override: Safe hold mode active
2025-05-28 04:01:47,239 - INFO - [AUDIT] - Action: 0, Confidence: 1.0000, Safety Mode: SAFE_HOLD, Override: Safe hold mode active
2025-05-28 04:01:47,239 - INFO - [AUDIT] - Action: 0, Confidence: 1.0000, Safety Mode: SAFE_HOLD, Override: Safe hold mode active
2025-05-28 04:01:47,240 - INFO - [AUDIT] - Action: 0, Confidence: 1.0000, Safety Mode: SAFE_HOLD, Override: Safe hold mode active
2025-05-28 04:01:47,240 - INFO - [AUDIT] - Action: 0, Confidence: 1.0000, Safety Mode: SAFE_HOLD, Override: Safe hold mode active
2025-05-28 04:01:47,240 - INFO - [AUDIT] - Action: 0, Confidence: 1.0000, Safety Mode: SAFE_HOLD, Override: Safe hold mode active
2025-05-28 04:01:47,240 - INFO - [AUDIT] - Action: 0, Confidence: 1.0000, Safety Mode: SAFE_HOLD, Override: Safe hold mode active
2025-05-28 04:01:47,240 - INFO - [AUDIT] - Action: 0, Confidence: 1.0000, Safety Mode: SAFE_HOLD, Override: Safe hold mode active
2025-05-28 04:01:47,240 - INFO - [AUDIT] - Action: 0, Confidence: 1.0000, Safety Mode: SAFE_HOLD, Override: Safe hold mode active
2025-05-28 04:01:47,241 - INFO - [AUDIT] - Action: 0, Confidence: 1.0000, Safety Mode: SAFE_HOLD, Override: Safe hold mode active
2025-05-28 04:01:47,241 - INFO - [AUDIT] - Action: 0, Confidence: 1.0000, Safety Mode: SAFE_HOLD, Override: Safe hold mode active
2025-05-28 04:01:47,241 - INFO - [AUDIT] - Action: 0, Confidence: 1.0000, Safety Mode: SAFE_HOLD, Override: Safe hold mode active
2025-05-28 04:01:47,241 - INFO - [AUDIT] - Action: 0, Confidence: 1.0000, Safety Mode: SAFE_HOLD, Override: Safe hold mode active
2025-05-28 04:01:47,241 - INFO - [AUDIT] - Action: 0, Confidence: 1.0000, Safety Mode: SAFE_HOLD, Override: Safe hold mode active
2025-05-28 04:01:47,242 - INFO - [AUDIT] - Action: 0, Confidence: 1.0000, Safety Mode: SAFE_HOLD, Override: Safe hold mode active
2025-05-28 04:01:47,242 - INFO - [AUDIT] - Action: 0, Confidence: 1.0000, Safety Mode: SAFE_HOLD, Override: Safe hold mode active
2025-05-28 04:01:47,242 - INFO - [AUDIT] - Action: 0, Confidence: 1.0000, Safety Mode: SAFE_HOLD, Override: Safe hold mode active
2025-05-28 04:01:47,242 - INFO - [AUDIT] - Action: 0, Confidence: 1.0000, Safety Mode: SAFE_HOLD, Override: Safe hold mode active
2025-05-28 04:01:47,242 - INFO - [AUDIT] - Action: 0, Confidence: 1.0000, Safety Mode: SAFE_HOLD, Override: Safe hold mode active
2025-05-28 04:01:47,243 - INFO - [AUDIT] - Action: 0, Confidence: 1.0000, Safety Mode: SAFE_HOLD, Override: Safe hold mode active
2025-05-28 04:01:47,243 - INFO - [AUDIT] - Action: 0, Confidence: 1.0000, Safety Mode: SAFE_HOLD, Override: Safe hold mode active
2025-05-28 04:01:47,243 - INFO - [AUDIT] - Action: 0, Confidence: 1.0000, Safety Mode: SAFE_HOLD, Override: Safe hold mode active
2025-05-28 04:01:47,243 - INFO - [AUDIT] - Action: 0, Confidence: 1.0000, Safety Mode: SAFE_HOLD, Override: Safe hold mode active
2025-05-28 04:01:47,243 - INFO - [AUDIT] - Action: 0, Confidence: 1.0000, Safety Mode: SAFE_HOLD, Override: Safe hold mode active
2025-05-28 04:01:47,244 - INFO - [AUDIT] - Action: 0, Confidence: 1.0000, Safety Mode: SAFE_HOLD, Override: Safe hold mode active
2025-05-28 04:01:47,244 - INFO - [AUDIT] - Action: 0, Confidence: 1.0000, Safety Mode: SAFE_HOLD, Override: Safe hold mode active
2025-05-28 04:01:47,244 - INFO - [AUDIT] - Action: 0, Confidence: 1.0000, Safety Mode: SAFE_HOLD, Override: Safe hold mode active
2025-05-28 04:01:47,244 - INFO - [AUDIT] - Action: 0, Confidence: 1.0000, Safety Mode: SAFE_HOLD, Override: Safe hold mode active
2025-05-28 04:01:47,244 - INFO - [AUDIT] - Action: 0, Confidence: 1.0000, Safety Mode: SAFE_HOLD, Override: Safe hold mode active
2025-05-28 04:01:47,245 - INFO - [AUDIT] - Action: 0, Confidence: 1.0000, Safety Mode: SAFE_HOLD, Override: Safe hold mode active
2025-05-28 04:01:47,245 - INFO - [AUDIT] - Action: 0, Confidence: 1.0000, Safety Mode: SAFE_HOLD, Override: Safe hold mode active
2025-05-28 04:01:47,245 - INFO - [AUDIT] - Action: 0, Confidence: 1.0000, Safety Mode: SAFE_HOLD, Override: Safe hold mode active
2025-05-28 04:01:47,245 - INFO - [AUDIT] - Action: 0, Confidence: 1.0000, Safety Mode: SAFE_HOLD, Override: Safe hold mode active
2025-05-28 04:01:47,245 - INFO - [AUDIT] - Action: 0, Confidence: 1.0000, Safety Mode: SAFE_HOLD, Override: Safe hold mode active
2025-05-28 04:01:47,245 - INFO - [AUDIT] - Action: 0, Confidence: 1.0000, Safety Mode: SAFE_HOLD, Override: Safe hold mode active
2025-05-28 04:01:47,246 - INFO - [AUDIT] - Action: 0, Confidence: 1.0000, Safety Mode: SAFE_HOLD, Override: Safe hold mode active
2025-05-28 04:01:47,246 - INFO - [AUDIT] - Action: 0, Confidence: 1.0000, Safety Mode: SAFE_HOLD, Override: Safe hold mode active
2025-05-28 04:01:47,246 - INFO - [AUDIT] - Action: 0, Confidence: 1.0000, Safety Mode: SAFE_HOLD, Override: Safe hold mode active
2025-05-28 04:01:47,246 - INFO - [AUDIT] - Action: 0, Confidence: 1.0000, Safety Mode: SAFE_HOLD, Override: Safe hold mode active
2025-05-28 04:01:47,247 - INFO - [AUDIT] - Action: 0, Confidence: 1.0000, Safety Mode: SAFE_HOLD, Override: Safe hold mode active
2025-05-28 04:01:47,247 - INFO - [AUDIT] - Action: 0, Confidence: 1.0000, Safety Mode: SAFE_HOLD, Override: Safe hold mode active
2025-05-28 04:01:47,247 - INFO - [AUDIT] - Action: 0, Confidence: 1.0000, Safety Mode: SAFE_HOLD, Override: Safe hold mode active
2025-05-28 04:01:47,247 - INFO - [AUDIT] - Action: 0, Confidence: 1.0000, Safety Mode: SAFE_HOLD, Override: Safe hold mode active
2025-05-28 04:01:47,247 - INFO - [AUDIT] - Action: 0, Confidence: 1.0000, Safety Mode: SAFE_HOLD, Override: Safe hold mode active
2025-05-28 04:01:47,248 - INFO - [AUDIT] - Action: 0, Confidence: 1.0000, Safety Mode: SAFE_HOLD, Override: Safe hold mode active
2025-05-28 04:01:47,248 - INFO - [AUDIT] - Action: 0, Confidence: 1.0000, Safety Mode: SAFE_HOLD, Override: Safe hold mode active
2025-05-28 04:01:47,248 - INFO - [AUDIT] - Action: 0, Confidence: 1.0000, Safety Mode: SAFE_HOLD, Override: Safe hold mode active
2025-05-28 04:01:47,248 - INFO - [AUDIT] - Action: 0, Confidence: 1.0000, Safety Mode: SAFE_HOLD, Override: Safe hold mode active
2025-05-28 04:01:47,248 - INFO - [AUDIT] - Action: 0, Confidence: 1.0000, Safety Mode: SAFE_HOLD, Override: Safe hold mode active
2025-05-28 04:01:47,249 - INFO - [AUDIT] - Action: 0, Confidence: 1.0000, Safety Mode: SAFE_HOLD, Override: Safe hold mode active
2025-05-28 04:01:47,249 - INFO - [AUDIT] - Action: 0, Confidence: 1.0000, Safety Mode: SAFE_HOLD, Override: Safe hold mode active
2025-05-28 04:01:47,249 - INFO - [AUDIT] - Action: 0, Confidence: 1.0000, Safety Mode: SAFE_HOLD, Override: Safe hold mode active
2025-05-28 04:01:47,249 - INFO - [AUDIT] - Action: 0, Confidence: 1.0000, Safety Mode: SAFE_HOLD, Override: Safe hold mode active
2025-05-28 04:01:47,249 - INFO - [AUDIT] - Action: 0, Confidence: 1.0000, Safety Mode: SAFE_HOLD, Override: Safe hold mode active
2025-05-28 04:01:47,250 - INFO - [AUDIT] - Action: 0, Confidence: 1.0000, Safety Mode: SAFE_HOLD, Override: Safe hold mode active
2025-05-28 04:01:47,250 - INFO - [AUDIT] - Action: 0, Confidence: 1.0000, Safety Mode: SAFE_HOLD, Override: Safe hold mode active
2025-05-28 04:01:47,250 - INFO - [AUDIT] - Action: 0, Confidence: 1.0000, Safety Mode: SAFE_HOLD, Override: Safe hold mode active
2025-05-28 04:01:47,250 - INFO - [AUDIT] - Action: 0, Confidence: 1.0000, Safety Mode: SAFE_HOLD, Override: Safe hold mode active
2025-05-28 04:01:47,250 - INFO - [AUDIT] - Action: 0, Confidence: 1.0000, Safety Mode: SAFE_HOLD, Override: Safe hold mode active
2025-05-28 04:01:47,251 - INFO - [AUDIT] - Action: 0, Confidence: 1.0000, Safety Mode: SAFE_HOLD, Override: Safe hold mode active
2025-05-28 04:01:47,251 - INFO - [AUDIT] - Action: 0, Confidence: 1.0000, Safety Mode: SAFE_HOLD, Override: Safe hold mode active
2025-05-28 04:01:47,251 - INFO - [AUDIT] - Action: 0, Confidence: 1.0000, Safety Mode: SAFE_HOLD, Override: Safe hold mode active
2025-05-28 04:01:47,251 - INFO - [AUDIT] - Action: 0, Confidence: 1.0000, Safety Mode: SAFE_HOLD, Override: Safe hold mode active
2025-05-28 04:01:47,251 - INFO - [AUDIT] - Action: 0, Confidence: 1.0000, Safety Mode: SAFE_HOLD, Override: Safe hold mode active
2025-05-28 04:01:47,252 - INFO - [AUDIT] - Action: 0, Confidence: 1.0000, Safety Mode: SAFE_HOLD, Override: Safe hold mode active
2025-05-28 04:01:47,252 - INFO - [AUDIT] - Action: 0, Confidence: 1.0000, Safety Mode: SAFE_HOLD, Override: Safe hold mode active
2025-05-28 04:01:47,252 - INFO - [AUDIT] - Action: 0, Confidence: 1.0000, Safety Mode: SAFE_HOLD, Override: Safe hold mode active
2025-05-28 04:01:47,252 - INFO - [AUDIT] - Action: 0, Confidence: 1.0000, Safety Mode: SAFE_HOLD, Override: Safe hold mode active
2025-05-28 04:01:47,252 - INFO - [AUDIT] - Action: 0, Confidence: 1.0000, Safety Mode: SAFE_HOLD, Override: Safe hold mode active
2025-05-28 04:01:47,253 - INFO - [AUDIT] - Action: 0, Confidence: 1.0000, Safety Mode: SAFE_HOLD, Override: Safe hold mode active
2025-05-28 04:01:47,253 - INFO - [AUDIT] - Action: 0, Confidence: 1.0000, Safety Mode: SAFE_HOLD, Override: Safe hold mode active
2025-05-28 04:01:47,253 - INFO - [AUDIT] - Action: 0, Confidence: 1.0000, Safety Mode: SAFE_HOLD, Override: Safe hold mode active
2025-05-28 04:01:47,253 - INFO - [AUDIT] - Action: 0, Confidence: 1.0000, Safety Mode: SAFE_HOLD, Override: Safe hold mode active
2025-05-28 04:01:47,253 - INFO - [AUDIT] - Action: 0, Confidence: 1.0000, Safety Mode: SAFE_HOLD, Override: Safe hold mode active
2025-05-28 04:01:47,253 - INFO - [AUDIT] - Action: 0, Confidence: 1.0000, Safety Mode: SAFE_HOLD, Override: Safe hold mode active
2025-05-28 04:01:47,254 - INFO - [AUDIT] - Action: 0, Confidence: 1.0000, Safety Mode: SAFE_HOLD, Override: Safe hold mode active
2025-05-28 04:01:47,254 - INFO - [AUDIT] - Action: 0, Confidence: 1.0000, Safety Mode: SAFE_HOLD, Override: Safe hold mode active
2025-05-28 04:01:47,254 - INFO - [AUDIT] - Action: 0, Confidence: 1.0000, Safety Mode: SAFE_HOLD, Override: Safe hold mode active
2025-05-28 04:01:47,254 - INFO - [AUDIT] - Action: 0, Confidence: 1.0000, Safety Mode: SAFE_HOLD, Override: Safe hold mode active
2025-05-28 04:01:47,255 - INFO - [AUDIT] - Action: 0, Confidence: 1.0000, Safety Mode: SAFE_HOLD, Override: Safe hold mode active
2025-05-28 04:01:47,255 - INFO - [AUDIT] - Action: 0, Confidence: 1.0000, Safety Mode: SAFE_HOLD, Override: Safe hold mode active
2025-05-28 04:01:47,255 - INFO - [AUDIT] - Action: 0, Confidence: 1.0000, Safety Mode: SAFE_HOLD, Override: Safe hold mode active
2025-05-28 04:01:47,255 - INFO - [AUDIT] - Action: 0, Confidence: 1.0000, Safety Mode: SAFE_HOLD, Override: Safe hold mode active
2025-05-28 04:01:47,255 - INFO - [AUDIT] - Action: 0, Confidence: 1.0000, Safety Mode: SAFE_HOLD, Override: Safe hold mode active
2025-05-28 04:01:47,255 - INFO - [AUDIT] - Action: 0, Confidence: 1.0000, Safety Mode: SAFE_HOLD, Override: Safe hold mode active
2025-05-28 04:01:47,256 - INFO - [AUDIT] - Action: 0, Confidence: 1.0000, Safety Mode: SAFE_HOLD, Override: Safe hold mode active
2025-05-28 04:01:47,256 - INFO - [AUDIT] - Action: 0, Confidence: 1.0000, Safety Mode: SAFE_HOLD, Override: Safe hold mode active
2025-05-28 04:01:47,256 - INFO - [AUDIT] - Action: 0, Confidence: 1.0000, Safety Mode: SAFE_HOLD, Override: Safe hold mode active
2025-05-28 04:01:47,256 - INFO - [AUDIT] - Action: 0, Confidence: 1.0000, Safety Mode: SAFE_HOLD, Override: Safe hold mode active
2025-05-28 04:01:47,256 - INFO - [AUDIT] - Action: 0, Confidence: 1.0000, Safety Mode: SAFE_HOLD, Override: Safe hold mode active
2025-05-28 04:01:47,257 - INFO - [AUDIT] - Action: 0, Confidence: 1.0000, Safety Mode: SAFE_HOLD, Override: Safe hold mode active
2025-05-28 04:01:47,257 - INFO - [AUDIT] - Action: 0, Confidence: 1.0000, Safety Mode: SAFE_HOLD, Override: Safe hold mode active
2025-05-28 04:01:47,257 - INFO - [AUDIT] - Action: 0, Confidence: 1.0000, Safety Mode: SAFE_HOLD, Override: Safe hold mode active
2025-05-28 04:01:47,257 - INFO - [AUDIT] - Action: 0, Confidence: 1.0000, Safety Mode: SAFE_HOLD, Override: Safe hold mode active
2025-05-28 04:01:47,257 - INFO - [AUDIT] - Action: 0, Confidence: 1.0000, Safety Mode: SAFE_HOLD, Override: Safe hold mode active
2025-05-28 04:01:47,258 - INFO - [AUDIT] - Action: 0, Confidence: 1.0000, Safety Mode: SAFE_HOLD, Override: Safe hold mode active
2025-05-28 04:01:47,258 - INFO - [AUDIT] - Action: 0, Confidence: 1.0000, Safety Mode: SAFE_HOLD, Override: Safe hold mode active
2025-05-28 04:01:47,258 - INFO - [AUDIT] - Action: 0, Confidence: 1.0000, Safety Mode: SAFE_HOLD, Override: Safe hold mode active
2025-05-28 04:01:47,258 - INFO - [AUDIT] - Action: 0, Confidence: 1.0000, Safety Mode: SAFE_HOLD, Override: Safe hold mode active
2025-05-28 04:01:47,258 - INFO - [AUDIT] - Action: 0, Confidence: 1.0000, Safety Mode: SAFE_HOLD, Override: Safe hold mode active
2025-05-28 04:01:47,259 - INFO - [AUDIT] - Action: 0, Confidence: 1.0000, Safety Mode: SAFE_HOLD, Override: Safe hold mode active
2025-05-28 04:01:47,259 - INFO - [AUDIT] - Action: 0, Confidence: 1.0000, Safety Mode: SAFE_HOLD, Override: Safe hold mode active
2025-05-28 04:01:47,259 - INFO - [AUDIT] - Action: 0, Confidence: 1.0000, Safety Mode: SAFE_HOLD, Override: Safe hold mode active
2025-05-28 04:01:47,259 - INFO - [AUDIT] - Action: 0, Confidence: 1.0000, Safety Mode: SAFE_HOLD, Override: Safe hold mode active
2025-05-28 04:01:47,259 - INFO - [AUDIT] - Action: 0, Confidence: 1.0000, Safety Mode: SAFE_HOLD, Override: Safe hold mode active
2025-05-28 04:01:47,260 - INFO - [AUDIT] - Action: 0, Confidence: 1.0000, Safety Mode: SAFE_HOLD, Override: Safe hold mode active
2025-05-28 04:01:47,260 - INFO - [AUDIT] - Action: 0, Confidence: 1.0000, Safety Mode: SAFE_HOLD, Override: Safe hold mode active
2025-05-28 04:01:47,260 - INFO - [AUDIT] - Action: 0, Confidence: 1.0000, Safety Mode: SAFE_HOLD, Override: Safe hold mode active
2025-05-28 04:01:47,260 - INFO - [AUDIT] - Action: 0, Confidence: 1.0000, Safety Mode: SAFE_HOLD, Override: Safe hold mode active
2025-05-28 04:01:47,260 - INFO - [AUDIT] - Action: 0, Confidence: 1.0000, Safety Mode: SAFE_HOLD, Override: Safe hold mode active
2025-05-28 04:01:47,261 - INFO - [AUDIT] - Action: 0, Confidence: 1.0000, Safety Mode: SAFE_HOLD, Override: Safe hold mode active
2025-05-28 04:01:47,261 - INFO - [AUDIT] - Action: 0, Confidence: 1.0000, Safety Mode: SAFE_HOLD, Override: Safe hold mode active
2025-05-28 04:01:47,261 - INFO - [AUDIT] - Action: 0, Confidence: 1.0000, Safety Mode: SAFE_HOLD, Override: Safe hold mode active
2025-05-28 04:01:47,261 - INFO - [AUDIT] - Action: 0, Confidence: 1.0000, Safety Mode: SAFE_HOLD, Override: Safe hold mode active
2025-05-28 04:01:47,261 - INFO - [AUDIT] - Action: 0, Confidence: 1.0000, Safety Mode: SAFE_HOLD, Override: Safe hold mode active
2025-05-28 04:01:47,262 - INFO - [AUDIT] - Action: 0, Confidence: 1.0000, Safety Mode: SAFE_HOLD, Override: Safe hold mode active
2025-05-28 04:01:47,262 - INFO - [AUDIT] - Action: 0, Confidence: 1.0000, Safety Mode: SAFE_HOLD, Override: Safe hold mode active
2025-05-28 04:01:47,262 - INFO - [AUDIT] - Action: 0, Confidence: 1.0000, Safety Mode: SAFE_HOLD, Override: Safe hold mode active
2025-05-28 04:01:47,262 - INFO - [AUDIT] - Action: 0, Confidence: 1.0000, Safety Mode: SAFE_HOLD, Override: Safe hold mode active
2025-05-28 04:01:47,262 - INFO - [AUDIT] - Action: 0, Confidence: 1.0000, Safety Mode: SAFE_HOLD, Override: Safe hold mode active
2025-05-28 04:01:47,263 - INFO - [AUDIT] - Action: 0, Confidence: 1.0000, Safety Mode: SAFE_HOLD, Override: Safe hold mode active
2025-05-28 04:01:47,263 - INFO - [AUDIT] - Action: 0, Confidence: 1.0000, Safety Mode: SAFE_HOLD, Override: Safe hold mode active
2025-05-28 04:01:47,263 - INFO - [AUDIT] - Action: 0, Confidence: 1.0000, Safety Mode: SAFE_HOLD, Override: Safe hold mode active
2025-05-28 04:01:47,263 - INFO - [AUDIT] - Action: 0, Confidence: 1.0000, Safety Mode: SAFE_HOLD, Override: Safe hold mode active
2025-05-28 04:01:47,263 - INFO - [AUDIT] - Action: 0, Confidence: 1.0000, Safety Mode: SAFE_HOLD, Override: Safe hold mode active
2025-05-28 04:01:47,264 - INFO - [AUDIT] - Action: 0, Confidence: 1.0000, Safety Mode: SAFE_HOLD, Override: Safe hold mode active
2025-05-28 04:01:47,264 - INFO - [AUDIT] - Action: 0, Confidence: 1.0000, Safety Mode: SAFE_HOLD, Override: Safe hold mode active
2025-05-28 04:01:47,264 - INFO - [AUDIT] - Action: 0, Confidence: 1.0000, Safety Mode: SAFE_HOLD, Override: Safe hold mode active
2025-05-28 04:01:47,264 - INFO - [AUDIT] - Action: 0, Confidence: 1.0000, Safety Mode: SAFE_HOLD, Override: Safe hold mode active
2025-05-28 04:01:47,264 - INFO - [AUDIT] - Action: 0, Confidence: 1.0000, Safety Mode: SAFE_HOLD, Override: Safe hold mode active
2025-05-28 04:01:47,265 - INFO - [AUDIT] - Action: 0, Confidence: 1.0000, Safety Mode: SAFE_HOLD, Override: Safe hold mode active
2025-05-28 04:01:47,265 - INFO - [AUDIT] - Action: 0, Confidence: 1.0000, Safety Mode: SAFE_HOLD, Override: Safe hold mode active
2025-05-28 04:01:47,265 - INFO - [AUDIT] - Action: 0, Confidence: 1.0000, Safety Mode: SAFE_HOLD, Override: Safe hold mode active
2025-05-28 04:01:47,265 - INFO - [AUDIT] - Action: 0, Confidence: 1.0000, Safety Mode: SAFE_HOLD, Override: Safe hold mode active
2025-05-28 04:01:47,265 - INFO - [AUDIT] - Action: 0, Confidence: 1.0000, Safety Mode: SAFE_HOLD, Override: Safe hold mode active
2025-05-28 04:01:47,265 - INFO - [AUDIT] - Action: 0, Confidence: 1.0000, Safety Mode: SAFE_HOLD, Override: Safe hold mode active
2025-05-28 04:01:47,266 - INFO - [AUDIT] - Action: 0, Confidence: 1.0000, Safety Mode: SAFE_HOLD, Override: Safe hold mode active
2025-05-28 04:01:47,266 - INFO - [AUDIT] - Action: 0, Confidence: 1.0000, Safety Mode: SAFE_HOLD, Override: Safe hold mode active
2025-05-28 04:01:47,266 - INFO - [AUDIT] - Action: 0, Confidence: 1.0000, Safety Mode: SAFE_HOLD, Override: Safe hold mode active
2025-05-28 04:01:47,266 - INFO - [AUDIT] - Action: 0, Confidence: 1.0000, Safety Mode: SAFE_HOLD, Override: Safe hold mode active
2025-05-28 04:01:47,266 - INFO - [AUDIT] - Action: 0, Confidence: 1.0000, Safety Mode: SAFE_HOLD, Override: Safe hold mode active
2025-05-28 04:01:47,267 - INFO - [AUDIT] - Action: 0, Confidence: 1.0000, Safety Mode: SAFE_HOLD, Override: Safe hold mode active
2025-05-28 04:01:47,267 - INFO - [AUDIT] - Action: 0, Confidence: 1.0000, Safety Mode: SAFE_HOLD, Override: Safe hold mode active
2025-05-28 04:01:47,267 - INFO - [AUDIT] - Action: 0, Confidence: 1.0000, Safety Mode: SAFE_HOLD, Override: Safe hold mode active
2025-05-28 04:01:47,268 - INFO - [AUDIT] - Action: 0, Confidence: 1.0000, Safety Mode: SAFE_HOLD, Override: Safe hold mode active
2025-05-28 04:01:47,268 - INFO - [AUDIT] - Action: 0, Confidence: 1.0000, Safety Mode: SAFE_HOLD, Override: Safe hold mode active
2025-05-28 04:01:47,268 - INFO - [AUDIT] - Action: 0, Confidence: 1.0000, Safety Mode: SAFE_HOLD, Override: Safe hold mode active
2025-05-28 04:01:47,268 - INFO - [AUDIT] - Action: 0, Confidence: 1.0000, Safety Mode: SAFE_HOLD, Override: Safe hold mode active
2025-05-28 04:01:47,269 - INFO - [AUDIT] - Action: 0, Confidence: 1.0000, Safety Mode: SAFE_HOLD, Override: Safe hold mode active
2025-05-28 04:01:47,269 - INFO - [AUDIT] - Action: 0, Confidence: 1.0000, Safety Mode: SAFE_HOLD, Override: Safe hold mode active
2025-05-28 04:01:47,269 - INFO - [AUDIT] - Action: 0, Confidence: 1.0000, Safety Mode: SAFE_HOLD, Override: Safe hold mode active
2025-05-28 04:01:47,269 - INFO - [AUDIT] - Action: 0, Confidence: 1.0000, Safety Mode: SAFE_HOLD, Override: Safe hold mode active
2025-05-28 04:01:47,269 - INFO - [AUDIT] - Action: 0, Confidence: 1.0000, Safety Mode: SAFE_HOLD, Override: Safe hold mode active
2025-05-28 04:01:47,269 - INFO - [AUDIT] - Action: 0, Confidence: 1.0000, Safety Mode: SAFE_HOLD, Override: Safe hold mode active
2025-05-28 04:01:47,270 - INFO - [AUDIT] - Action: 0, Confidence: 1.0000, Safety Mode: SAFE_HOLD, Override: Safe hold mode active
2025-05-28 04:01:47,270 - INFO - [AUDIT] - Action: 0, Confidence: 1.0000, Safety Mode: SAFE_HOLD, Override: Safe hold mode active
2025-05-28 04:01:47,270 - INFO - [AUDIT] - Action: 0, Confidence: 1.0000, Safety Mode: SAFE_HOLD, Override: Safe hold mode active
2025-05-28 04:01:47,270 - INFO - [AUDIT] - Action: 0, Confidence: 1.0000, Safety Mode: SAFE_HOLD, Override: Safe hold mode active
2025-05-28 04:01:47,270 - INFO - [AUDIT] - Action: 0, Confidence: 1.0000, Safety Mode: SAFE_HOLD, Override: Safe hold mode active
2025-05-28 04:01:47,271 - INFO - [AUDIT] - Action: 0, Confidence: 1.0000, Safety Mode: SAFE_HOLD, Override: Safe hold mode active
2025-05-28 04:01:47,271 - INFO - [AUDIT] - Action: 0, Confidence: 1.0000, Safety Mode: SAFE_HOLD, Override: Safe hold mode active
2025-05-28 04:01:47,271 - INFO - [AUDIT] - Action: 0, Confidence: 1.0000, Safety Mode: SAFE_HOLD, Override: Safe hold mode active
2025-05-28 04:01:47,271 - INFO - [AUDIT] - Action: 0, Confidence: 1.0000, Safety Mode: SAFE_HOLD, Override: Safe hold mode active
2025-05-28 04:01:47,271 - INFO - [AUDIT] - Action: 0, Confidence: 1.0000, Safety Mode: SAFE_HOLD, Override: Safe hold mode active
2025-05-28 04:01:47,272 - INFO - [AUDIT] - Action: 0, Confidence: 1.0000, Safety Mode: SAFE_HOLD, Override: Safe hold mode active
2025-05-28 04:01:47,272 - INFO - [AUDIT] - Action: 0, Confidence: 1.0000, Safety Mode: SAFE_HOLD, Override: Safe hold mode active
2025-05-28 04:01:47,272 - INFO - [AUDIT] - Action: 0, Confidence: 1.0000, Safety Mode: SAFE_HOLD, Override: Safe hold mode active
2025-05-28 04:01:47,272 - INFO - [AUDIT] - Action: 0, Confidence: 1.0000, Safety Mode: SAFE_HOLD, Override: Safe hold mode active
2025-05-28 04:01:47,272 - INFO - [AUDIT] - Action: 0, Confidence: 1.0000, Safety Mode: SAFE_HOLD, Override: Safe hold mode active
2025-05-28 04:01:47,272 - INFO - [AUDIT] - Action: 0, Confidence: 1.0000, Safety Mode: SAFE_HOLD, Override: Safe hold mode active
2025-05-28 04:01:47,273 - INFO - [AUDIT] - Action: 0, Confidence: 1.0000, Safety Mode: SAFE_HOLD, Override: Safe hold mode active
2025-05-28 04:01:47,273 - INFO - [AUDIT] - Action: 0, Confidence: 1.0000, Safety Mode: SAFE_HOLD, Override: Safe hold mode active
2025-05-28 04:01:47,273 - INFO - [AUDIT] - Action: 0, Confidence: 1.0000, Safety Mode: SAFE_HOLD, Override: Safe hold mode active
2025-05-28 04:01:47,273 - INFO - [AUDIT] - Action: 0, Confidence: 1.0000, Safety Mode: SAFE_HOLD, Override: Safe hold mode active
2025-05-28 04:01:47,273 - INFO - [AUDIT] - Action: 0, Confidence: 1.0000, Safety Mode: SAFE_HOLD, Override: Safe hold mode active
2025-05-28 04:01:47,274 - INFO - [AUDIT] - Action: 0, Confidence: 1.0000, Safety Mode: SAFE_HOLD, Override: Safe hold mode active
2025-05-28 04:01:47,274 - INFO - [AUDIT] - Action: 0, Confidence: 1.0000, Safety Mode: SAFE_HOLD, Override: Safe hold mode active
2025-05-28 04:01:47,274 - INFO - [AUDIT] - Action: 0, Confidence: 1.0000, Safety Mode: SAFE_HOLD, Override: Safe hold mode active
2025-05-28 04:01:47,274 - INFO - [AUDIT] - Action: 0, Confidence: 1.0000, Safety Mode: SAFE_HOLD, Override: Safe hold mode active
2025-05-28 04:01:47,274 - INFO - [AUDIT] - Action: 0, Confidence: 1.0000, Safety Mode: SAFE_HOLD, Override: Safe hold mode active
2025-05-28 04:01:47,275 - INFO - [AUDIT] - Action: 0, Confidence: 1.0000, Safety Mode: SAFE_HOLD, Override: Safe hold mode active
2025-05-28 04:01:47,275 - INFO - [AUDIT] - Action: 0, Confidence: 1.0000, Safety Mode: SAFE_HOLD, Override: Safe hold mode active
2025-05-28 04:01:47,275 - INFO - [AUDIT] - Action: 0, Confidence: 1.0000, Safety Mode: SAFE_HOLD, Override: Safe hold mode active
2025-05-28 04:01:47,275 - INFO - [AUDIT] - Action: 0, Confidence: 1.0000, Safety Mode: SAFE_HOLD, Override: Safe hold mode active
2025-05-28 04:01:47,275 - INFO - [AUDIT] - Action: 0, Confidence: 1.0000, Safety Mode: SAFE_HOLD, Override: Safe hold mode active
2025-05-28 04:01:47,276 - INFO - [AUDIT] - Action: 0, Confidence: 1.0000, Safety Mode: SAFE_HOLD, Override: Safe hold mode active
2025-05-28 04:01:47,276 - INFO - [AUDIT] - Action: 0, Confidence: 1.0000, Safety Mode: SAFE_HOLD, Override: Safe hold mode active
2025-05-28 04:01:47,276 - INFO - [AUDIT] - Action: 0, Confidence: 1.0000, Safety Mode: SAFE_HOLD, Override: Safe hold mode active
2025-05-28 04:01:47,276 - INFO - [AUDIT] - Action: 0, Confidence: 1.0000, Safety Mode: SAFE_HOLD, Override: Safe hold mode active
2025-05-28 04:01:47,276 - INFO - [AUDIT] - Action: 0, Confidence: 1.0000, Safety Mode: SAFE_HOLD, Override: Safe hold mode active
2025-05-28 04:01:47,276 - INFO - [AUDIT] - Action: 0, Confidence: 1.0000, Safety Mode: SAFE_HOLD, Override: Safe hold mode active
2025-05-28 04:01:47,277 - INFO - [AUDIT] - Action: 0, Confidence: 1.0000, Safety Mode: SAFE_HOLD, Override: Safe hold mode active
2025-05-28 04:01:47,277 - INFO - [AUDIT] - Action: 0, Confidence: 1.0000, Safety Mode: SAFE_HOLD, Override: Safe hold mode active
2025-05-28 04:01:47,277 - INFO - [AUDIT] - Action: 0, Confidence: 1.0000, Safety Mode: SAFE_HOLD, Override: Safe hold mode active
2025-05-28 04:01:47,277 - INFO - [AUDIT] - Action: 0, Confidence: 1.0000, Safety Mode: SAFE_HOLD, Override: Safe hold mode active
2025-05-28 04:01:47,277 - INFO - [AUDIT] - Action: 0, Confidence: 1.0000, Safety Mode: SAFE_HOLD, Override: Safe hold mode active
2025-05-28 04:01:47,278 - INFO - [AUDIT] - Action: 0, Confidence: 1.0000, Safety Mode: SAFE_HOLD, Override: Safe hold mode active
2025-05-28 04:01:47,278 - INFO - [AUDIT] - Action: 0, Confidence: 1.0000, Safety Mode: SAFE_HOLD, Override: Safe hold mode active
2025-05-28 04:01:47,278 - INFO - [AUDIT] - Action: 0, Confidence: 1.0000, Safety Mode: SAFE_HOLD, Override: Safe hold mode active
2025-05-28 04:01:47,278 - INFO - [AUDIT] - Action: 0, Confidence: 1.0000, Safety Mode: SAFE_HOLD, Override: Safe hold mode active
2025-05-28 04:01:47,278 - INFO - [AUDIT] - Action: 0, Confidence: 1.0000, Safety Mode: SAFE_HOLD, Override: Safe hold mode active
2025-05-28 04:01:47,279 - INFO - [AUDIT] - Action: 0, Confidence: 1.0000, Safety Mode: SAFE_HOLD, Override: Safe hold mode active
2025-05-28 04:01:47,279 - INFO - [AUDIT] - Action: 0, Confidence: 1.0000, Safety Mode: SAFE_HOLD, Override: Safe hold mode active
2025-05-28 04:01:47,279 - INFO - [AUDIT] - Action: 0, Confidence: 1.0000, Safety Mode: SAFE_HOLD, Override: Safe hold mode active
2025-05-28 04:01:47,279 - INFO - [AUDIT] - Action: 0, Confidence: 1.0000, Safety Mode: SAFE_HOLD, Override: Safe hold mode active
2025-05-28 04:01:47,279 - INFO - [AUDIT] - Action: 0, Confidence: 1.0000, Safety Mode: SAFE_HOLD, Override: Safe hold mode active
2025-05-28 04:01:47,279 - INFO - [AUDIT] - Action: 0, Confidence: 1.0000, Safety Mode: SAFE_HOLD, Override: Safe hold mode active
2025-05-28 04:01:47,280 - INFO - [AUDIT] - Action: 0, Confidence: 1.0000, Safety Mode: SAFE_HOLD, Override: Safe hold mode active
2025-05-28 04:01:47,280 - INFO - [AUDIT] - Action: 0, Confidence: 1.0000, Safety Mode: SAFE_HOLD, Override: Safe hold mode active
2025-05-28 04:01:47,280 - INFO - [AUDIT] - Action: 0, Confidence: 1.0000, Safety Mode: SAFE_HOLD, Override: Safe hold mode active
2025-05-28 04:01:47,280 - INFO - [AUDIT] - Action: 0, Confidence: 1.0000, Safety Mode: SAFE_HOLD, Override: Safe hold mode active
2025-05-28 04:01:47,280 - INFO - [AUDIT] - Action: 0, Confidence: 1.0000, Safety Mode: SAFE_HOLD, Override: Safe hold mode active
2025-05-28 04:01:47,281 - INFO - [AUDIT] - Action: 0, Confidence: 1.0000, Safety Mode: SAFE_HOLD, Override: Safe hold mode active
2025-05-28 04:01:47,281 - INFO - [AUDIT] - Action: 0, Confidence: 1.0000, Safety Mode: SAFE_HOLD, Override: Safe hold mode active
2025-05-28 04:01:47,281 - INFO - [AUDIT] - Action: 0, Confidence: 1.0000, Safety Mode: SAFE_HOLD, Override: Safe hold mode active
2025-05-28 04:01:47,281 - INFO - [AUDIT] - Action: 0, Confidence: 1.0000, Safety Mode: SAFE_HOLD, Override: Safe hold mode active
2025-05-28 04:01:47,281 - INFO - [AUDIT] - Action: 0, Confidence: 1.0000, Safety Mode: SAFE_HOLD, Override: Safe hold mode active
2025-05-28 04:01:47,282 - INFO - [AUDIT] - Action: 0, Confidence: 1.0000, Safety Mode: SAFE_HOLD, Override: Safe hold mode active
2025-05-28 04:01:47,282 - INFO - [AUDIT] - Action: 0, Confidence: 1.0000, Safety Mode: SAFE_HOLD, Override: Safe hold mode active
2025-05-28 04:01:47,282 - INFO - [AUDIT] - Action: 0, Confidence: 1.0000, Safety Mode: SAFE_HOLD, Override: Safe hold mode active
2025-05-28 04:01:47,282 - INFO - [AUDIT] - Action: 0, Confidence: 1.0000, Safety Mode: SAFE_HOLD, Override: Safe hold mode active
2025-05-28 04:01:47,282 - INFO - [AUDIT] - Action: 0, Confidence: 1.0000, Safety Mode: SAFE_HOLD, Override: Safe hold mode active
2025-05-28 04:01:47,283 - INFO - [AUDIT] - Action: 0, Confidence: 1.0000, Safety Mode: SAFE_HOLD, Override: Safe hold mode active
2025-05-28 04:01:47,283 - INFO - [AUDIT] - Action: 0, Confidence: 1.0000, Safety Mode: SAFE_HOLD, Override: Safe hold mode active
2025-05-28 04:01:47,283 - INFO - [AUDIT] - Action: 0, Confidence: 1.0000, Safety Mode: SAFE_HOLD, Override: Safe hold mode active
2025-05-28 04:01:47,283 - INFO - [AUDIT] - Action: 0, Confidence: 1.0000, Safety Mode: SAFE_HOLD, Override: Safe hold mode active
2025-05-28 04:01:47,283 - INFO - [AUDIT] - Action: 0, Confidence: 1.0000, Safety Mode: SAFE_HOLD, Override: Safe hold mode active
2025-05-28 04:01:47,284 - INFO - [AUDIT] - Action: 0, Confidence: 1.0000, Safety Mode: SAFE_HOLD, Override: Safe hold mode active
2025-05-28 04:01:47,284 - INFO - [AUDIT] - Action: 0, Confidence: 1.0000, Safety Mode: SAFE_HOLD, Override: Safe hold mode active
2025-05-28 04:01:47,284 - INFO - [AUDIT] - Action: 0, Confidence: 1.0000, Safety Mode: SAFE_HOLD, Override: Safe hold mode active
2025-05-28 04:01:47,284 - INFO - [AUDIT] - Action: 0, Confidence: 1.0000, Safety Mode: SAFE_HOLD, Override: Safe hold mode active
2025-05-28 04:01:47,284 - INFO - [AUDIT] - Action: 0, Confidence: 1.0000, Safety Mode: SAFE_HOLD, Override: Safe hold mode active
2025-05-28 04:01:47,285 - INFO - [AUDIT] - Action: 0, Confidence: 1.0000, Safety Mode: SAFE_HOLD, Override: Safe hold mode active
2025-05-28 04:01:47,285 - INFO - [AUDIT] - Action: 0, Confidence: 1.0000, Safety Mode: SAFE_HOLD, Override: Safe hold mode active
2025-05-28 04:01:47,285 - INFO - [AUDIT] - Action: 0, Confidence: 1.0000, Safety Mode: SAFE_HOLD, Override: Safe hold mode active
2025-05-28 04:01:47,285 - INFO - [AUDIT] - Action: 0, Confidence: 1.0000, Safety Mode: SAFE_HOLD, Override: Safe hold mode active
2025-05-28 04:01:47,285 - INFO - [AUDIT] - Action: 0, Confidence: 1.0000, Safety Mode: SAFE_HOLD, Override: Safe hold mode active
2025-05-28 04:01:47,286 - INFO - [AUDIT] - Action: 0, Confidence: 1.0000, Safety Mode: SAFE_HOLD, Override: Safe hold mode active
2025-05-28 04:01:47,286 - INFO - [AUDIT] - Action: 0, Confidence: 1.0000, Safety Mode: SAFE_HOLD, Override: Safe hold mode active
2025-05-28 04:01:47,286 - INFO - [AUDIT] - Action: 0, Confidence: 1.0000, Safety Mode: SAFE_HOLD, Override: Safe hold mode active
2025-05-28 04:01:47,286 - INFO - [AUDIT] - Action: 0, Confidence: 1.0000, Safety Mode: SAFE_HOLD, Override: Safe hold mode active
2025-05-28 04:01:47,286 - INFO - [AUDIT] - Action: 0, Confidence: 1.0000, Safety Mode: SAFE_HOLD, Override: Safe hold mode active
2025-05-28 04:01:47,287 - INFO - [AUDIT] - Action: 0, Confidence: 1.0000, Safety Mode: SAFE_HOLD, Override: Safe hold mode active
2025-05-28 04:01:47,287 - INFO - [AUDIT] - Action: 0, Confidence: 1.0000, Safety Mode: SAFE_HOLD, Override: Safe hold mode active
2025-05-28 04:01:47,287 - INFO - [AUDIT] - Action: 0, Confidence: 1.0000, Safety Mode: SAFE_HOLD, Override: Safe hold mode active
2025-05-28 04:01:47,287 - INFO - [AUDIT] - Action: 0, Confidence: 1.0000, Safety Mode: SAFE_HOLD, Override: Safe hold mode active
2025-05-28 04:01:47,287 - INFO - [AUDIT] - Action: 0, Confidence: 1.0000, Safety Mode: SAFE_HOLD, Override: Safe hold mode active
2025-05-28 04:01:47,288 - INFO - [AUDIT] - Action: 0, Confidence: 1.0000, Safety Mode: SAFE_HOLD, Override: Safe hold mode active
2025-05-28 04:01:47,288 - INFO - [AUDIT] - Action: 0, Confidence: 1.0000, Safety Mode: SAFE_HOLD, Override: Safe hold mode active
2025-05-28 04:01:47,288 - INFO - [AUDIT] - Action: 0, Confidence: 1.0000, Safety Mode: SAFE_HOLD, Override: Safe hold mode active
2025-05-28 04:01:47,288 - INFO - [AUDIT] - Action: 0, Confidence: 1.0000, Safety Mode: SAFE_HOLD, Override: Safe hold mode active
2025-05-28 04:01:47,288 - INFO - [AUDIT] - Action: 0, Confidence: 1.0000, Safety Mode: SAFE_HOLD, Override: Safe hold mode active
2025-05-28 04:01:47,289 - INFO - [AUDIT] - Action: 0, Confidence: 1.0000, Safety Mode: SAFE_HOLD, Override: Safe hold mode active
2025-05-28 04:01:47,289 - INFO - [AUDIT] - Action: 0, Confidence: 1.0000, Safety Mode: SAFE_HOLD, Override: Safe hold mode active
2025-05-28 04:01:47,289 - INFO - [AUDIT] - Action: 0, Confidence: 1.0000, Safety Mode: SAFE_HOLD, Override: Safe hold mode active
2025-05-28 04:01:47,289 - INFO - [AUDIT] - Action: 0, Confidence: 1.0000, Safety Mode: SAFE_HOLD, Override: Safe hold mode active
2025-05-28 04:01:47,289 - INFO - [AUDIT] - Action: 0, Confidence: 1.0000, Safety Mode: SAFE_HOLD, Override: Safe hold mode active
2025-05-28 04:01:47,290 - INFO - [AUDIT] - Action: 0, Confidence: 1.0000, Safety Mode: SAFE_HOLD, Override: Safe hold mode active
2025-05-28 04:01:47,290 - INFO - [AUDIT] - Action: 0, Confidence: 1.0000, Safety Mode: SAFE_HOLD, Override: Safe hold mode active
2025-05-28 04:01:47,290 - INFO - [AUDIT] - Action: 0, Confidence: 1.0000, Safety Mode: SAFE_HOLD, Override: Safe hold mode active
2025-05-28 04:01:47,290 - INFO - [AUDIT] - Action: 0, Confidence: 1.0000, Safety Mode: SAFE_HOLD, Override: Safe hold mode active
2025-05-28 04:01:47,290 - INFO - [AUDIT] - Action: 0, Confidence: 1.0000, Safety Mode: SAFE_HOLD, Override: Safe hold mode active
2025-05-28 04:01:47,291 - INFO - [AUDIT] - Action: 0, Confidence: 1.0000, Safety Mode: SAFE_HOLD, Override: Safe hold mode active
2025-05-28 04:01:47,291 - INFO - [AUDIT] - Action: 0, Confidence: 1.0000, Safety Mode: SAFE_HOLD, Override: Safe hold mode active
2025-05-28 04:01:47,291 - INFO - [AUDIT] - Action: 0, Confidence: 1.0000, Safety Mode: SAFE_HOLD, Override: Safe hold mode active
2025-05-28 04:01:47,291 - INFO - [AUDIT] - Action: 0, Confidence: 1.0000, Safety Mode: SAFE_HOLD, Override: Safe hold mode active
2025-05-28 04:01:47,291 - INFO - [AUDIT] - Action: 0, Confidence: 1.0000, Safety Mode: SAFE_HOLD, Override: Safe hold mode active
2025-05-28 04:01:47,292 - INFO - [AUDIT] - Action: 0, Confidence: 1.0000, Safety Mode: SAFE_HOLD, Override: Safe hold mode active
2025-05-28 04:01:47,292 - INFO - [AUDIT] - Action: 0, Confidence: 1.0000, Safety Mode: SAFE_HOLD, Override: Safe hold mode active
2025-05-28 04:01:47,292 - INFO - [AUDIT] - Action: 0, Confidence: 1.0000, Safety Mode: SAFE_HOLD, Override: Safe hold mode active
2025-05-28 04:01:47,292 - INFO - [AUDIT] - Action: 0, Confidence: 1.0000, Safety Mode: SAFE_HOLD, Override: Safe hold mode active
2025-05-28 04:01:47,292 - INFO - [AUDIT] - Action: 0, Confidence: 1.0000, Safety Mode: SAFE_HOLD, Override: Safe hold mode active
2025-05-28 04:01:47,293 - INFO - [AUDIT] - Action: 0, Confidence: 1.0000, Safety Mode: SAFE_HOLD, Override: Safe hold mode active
2025-05-28 04:01:47,293 - INFO - [AUDIT] - Action: 0, Confidence: 1.0000, Safety Mode: SAFE_HOLD, Override: Safe hold mode active
2025-05-28 04:01:47,293 - INFO - [AUDIT] - Action: 0, Confidence: 1.0000, Safety Mode: SAFE_HOLD, Override: Safe hold mode active
2025-05-28 04:01:47,293 - INFO - [AUDIT] - Action: 0, Confidence: 1.0000, Safety Mode: SAFE_HOLD, Override: Safe hold mode active
2025-05-28 04:01:47,293 - INFO - [AUDIT] - Action: 0, Confidence: 1.0000, Safety Mode: SAFE_HOLD, Override: Safe hold mode active
2025-05-28 04:01:47,294 - INFO - [AUDIT] - Action: 0, Confidence: 1.0000, Safety Mode: SAFE_HOLD, Override: Safe hold mode active
2025-05-28 04:01:47,294 - INFO - [AUDIT] - Action: 0, Confidence: 1.0000, Safety Mode: SAFE_HOLD, Override: Safe hold mode active
2025-05-28 04:01:47,294 - INFO - [AUDIT] - Action: 0, Confidence: 1.0000, Safety Mode: SAFE_HOLD, Override: Safe hold mode active
2025-05-28 04:01:47,294 - INFO - [AUDIT] - Action: 0, Confidence: 1.0000, Safety Mode: SAFE_HOLD, Override: Safe hold mode active
2025-05-28 04:01:47,294 - INFO - [AUDIT] - Action: 0, Confidence: 1.0000, Safety Mode: SAFE_HOLD, Override: Safe hold mode active
2025-05-28 04:01:47,295 - INFO - [AUDIT] - Action: 0, Confidence: 1.0000, Safety Mode: SAFE_HOLD, Override: Safe hold mode active
2025-05-28 04:01:47,295 - INFO - [AUDIT] - Action: 0, Confidence: 1.0000, Safety Mode: SAFE_HOLD, Override: Safe hold mode active
2025-05-28 04:01:47,295 - INFO - [AUDIT] - Action: 0, Confidence: 1.0000, Safety Mode: SAFE_HOLD, Override: Safe hold mode active
2025-05-28 04:01:47,295 - INFO - [AUDIT] - Action: 0, Confidence: 1.0000, Safety Mode: SAFE_HOLD, Override: Safe hold mode active
2025-05-28 04:01:47,295 - INFO - [AUDIT] - Action: 0, Confidence: 1.0000, Safety Mode: SAFE_HOLD, Override: Safe hold mode active
2025-05-28 04:01:47,296 - INFO - [AUDIT] - Action: 0, Confidence: 1.0000, Safety Mode: SAFE_HOLD, Override: Safe hold mode active
2025-05-28 04:01:47,296 - INFO - [AUDIT] - Action: 0, Confidence: 1.0000, Safety Mode: SAFE_HOLD, Override: Safe hold mode active
2025-05-28 04:01:47,296 - INFO - [AUDIT] - Action: 0, Confidence: 1.0000, Safety Mode: SAFE_HOLD, Override: Safe hold mode active
2025-05-28 04:01:47,296 - INFO - [AUDIT] - Action: 0, Confidence: 1.0000, Safety Mode: SAFE_HOLD, Override: Safe hold mode active
2025-05-28 04:01:47,296 - INFO - [AUDIT] - Action: 0, Confidence: 1.0000, Safety Mode: SAFE_HOLD, Override: Safe hold mode active
2025-05-28 04:01:47,297 - INFO - [AUDIT] - Action: 0, Confidence: 1.0000, Safety Mode: SAFE_HOLD, Override: Safe hold mode active
2025-05-28 04:01:47,297 - INFO - [AUDIT] - Action: 0, Confidence: 1.0000, Safety Mode: SAFE_HOLD, Override: Safe hold mode active
2025-05-28 04:01:47,297 - INFO - [AUDIT] - Action: 0, Confidence: 1.0000, Safety Mode: SAFE_HOLD, Override: Safe hold mode active
2025-05-28 04:01:47,297 - INFO - [AUDIT] - Action: 0, Confidence: 1.0000, Safety Mode: SAFE_HOLD, Override: Safe hold mode active
2025-05-28 04:01:47,297 - INFO - [AUDIT] - Action: 0, Confidence: 1.0000, Safety Mode: SAFE_HOLD, Override: Safe hold mode active
2025-05-28 04:01:47,298 - INFO - [AUDIT] - Action: 0, Confidence: 1.0000, Safety Mode: SAFE_HOLD, Override: Safe hold mode active
2025-05-28 04:01:47,298 - INFO - [AUDIT] - Action: 0, Confidence: 1.0000, Safety Mode: SAFE_HOLD, Override: Safe hold mode active
2025-05-28 04:01:47,298 - INFO - [AUDIT] - Action: 0, Confidence: 1.0000, Safety Mode: SAFE_HOLD, Override: Safe hold mode active
2025-05-28 04:01:47,298 - INFO - [AUDIT] - Action: 0, Confidence: 1.0000, Safety Mode: SAFE_HOLD, Override: Safe hold mode active
2025-05-28 04:01:47,298 - INFO - [AUDIT] - Action: 0, Confidence: 1.0000, Safety Mode: SAFE_HOLD, Override: Safe hold mode active
2025-05-28 04:01:47,299 - INFO - [AUDIT] - Action: 0, Confidence: 1.0000, Safety Mode: SAFE_HOLD, Override: Safe hold mode active
2025-05-28 04:01:47,299 - INFO - [AUDIT] - Action: 0, Confidence: 1.0000, Safety Mode: SAFE_HOLD, Override: Safe hold mode active
2025-05-28 04:01:47,299 - INFO - [AUDIT] - Action: 0, Confidence: 1.0000, Safety Mode: SAFE_HOLD, Override: Safe hold mode active
2025-05-28 04:01:47,299 - INFO - [AUDIT] - Action: 0, Confidence: 1.0000, Safety Mode: SAFE_HOLD, Override: Safe hold mode active
2025-05-28 04:01:47,299 - INFO - [AUDIT] - Action: 0, Confidence: 1.0000, Safety Mode: SAFE_HOLD, Override: Safe hold mode active
2025-05-28 04:01:47,299 - INFO - [AUDIT] - Action: 0, Confidence: 1.0000, Safety Mode: SAFE_HOLD, Override: Safe hold mode active
2025-05-28 04:01:47,300 - INFO - [AUDIT] - Action: 0, Confidence: 1.0000, Safety Mode: SAFE_HOLD, Override: Safe hold mode active
2025-05-28 04:01:47,300 - INFO - [AUDIT] - Action: 0, Confidence: 1.0000, Safety Mode: SAFE_HOLD, Override: Safe hold mode active
2025-05-28 04:01:47,300 - INFO - [AUDIT] - Action: 0, Confidence: 1.0000, Safety Mode: SAFE_HOLD, Override: Safe hold mode active
2025-05-28 04:01:47,300 - INFO - [AUDIT] - Action: 0, Confidence: 1.0000, Safety Mode: SAFE_HOLD, Override: Safe hold mode active
2025-05-28 04:01:47,300 - INFO - [AUDIT] - Action: 0, Confidence: 1.0000, Safety Mode: SAFE_HOLD, Override: Safe hold mode active
2025-05-28 04:01:47,301 - INFO - [AUDIT] - Action: 0, Confidence: 1.0000, Safety Mode: SAFE_HOLD, Override: Safe hold mode active
2025-05-28 04:01:47,301 - INFO - [AUDIT] - Action: 0, Confidence: 1.0000, Safety Mode: SAFE_HOLD, Override: Safe hold mode active
2025-05-28 04:01:47,301 - INFO - [AUDIT] - Action: 0, Confidence: 1.0000, Safety Mode: SAFE_HOLD, Override: Safe hold mode active
2025-05-28 04:01:47,301 - INFO - [AUDIT] - Action: 0, Confidence: 1.0000, Safety Mode: SAFE_HOLD, Override: Safe hold mode active
2025-05-28 04:01:47,302 - INFO - [AUDIT] - Action: 0, Confidence: 1.0000, Safety Mode: SAFE_HOLD, Override: Safe hold mode active
2025-05-28 04:01:47,302 - INFO - [AUDIT] - Action: 0, Confidence: 1.0000, Safety Mode: SAFE_HOLD, Override: Safe hold mode active
2025-05-28 04:01:47,302 - INFO - [AUDIT] - Action: 0, Confidence: 1.0000, Safety Mode: SAFE_HOLD, Override: Safe hold mode active
2025-05-28 04:01:47,302 - INFO - [AUDIT] - Action: 0, Confidence: 1.0000, Safety Mode: SAFE_HOLD, Override: Safe hold mode active
2025-05-28 04:01:47,302 - INFO - [AUDIT] - Action: 0, Confidence: 1.0000, Safety Mode: SAFE_HOLD, Override: Safe hold mode active
2025-05-28 04:01:47,303 - INFO - [AUDIT] - Action: 0, Confidence: 1.0000, Safety Mode: SAFE_HOLD, Override: Safe hold mode active
2025-05-28 04:01:47,303 - INFO - [AUDIT] - Action: 0, Confidence: 1.0000, Safety Mode: SAFE_HOLD, Override: Safe hold mode active
2025-05-28 04:01:47,303 - INFO - [AUDIT] - Action: 0, Confidence: 1.0000, Safety Mode: SAFE_HOLD, Override: Safe hold mode active
2025-05-28 04:01:47,303 - INFO - [AUDIT] - Action: 0, Confidence: 1.0000, Safety Mode: SAFE_HOLD, Override: Safe hold mode active
2025-05-28 04:01:47,303 - INFO - [AUDIT] - Action: 0, Confidence: 1.0000, Safety Mode: SAFE_HOLD, Override: Safe hold mode active
2025-05-28 04:01:47,304 - INFO - [AUDIT] - Action: 0, Confidence: 1.0000, Safety Mode: SAFE_HOLD, Override: Safe hold mode active
2025-05-28 04:01:47,304 - INFO - [AUDIT] - Action: 0, Confidence: 1.0000, Safety Mode: SAFE_HOLD, Override: Safe hold mode active
2025-05-28 04:01:47,304 - INFO - [AUDIT] - Action: 0, Confidence: 1.0000, Safety Mode: SAFE_HOLD, Override: Safe hold mode active
2025-05-28 04:01:47,304 - INFO - [AUDIT] - Action: 0, Confidence: 1.0000, Safety Mode: SAFE_HOLD, Override: Safe hold mode active
2025-05-28 04:01:47,304 - INFO - [AUDIT] - Action: 0, Confidence: 1.0000, Safety Mode: SAFE_HOLD, Override: Safe hold mode active
2025-05-28 04:01:47,305 - INFO - [AUDIT] - Action: 0, Confidence: 1.0000, Safety Mode: SAFE_HOLD, Override: Safe hold mode active
2025-05-28 04:01:47,305 - INFO - [AUDIT] - Action: 0, Confidence: 1.0000, Safety Mode: SAFE_HOLD, Override: Safe hold mode active
2025-05-28 04:01:47,305 - INFO - [AUDIT] - Action: 0, Confidence: 1.0000, Safety Mode: SAFE_HOLD, Override: Safe hold mode active
2025-05-28 04:01:47,305 - INFO - [AUDIT] - Action: 0, Confidence: 1.0000, Safety Mode: SAFE_HOLD, Override: Safe hold mode active
2025-05-28 04:01:47,305 - INFO - [AUDIT] - Action: 0, Confidence: 1.0000, Safety Mode: SAFE_HOLD, Override: Safe hold mode active
2025-05-28 04:01:47,305 - INFO - [AUDIT] - Action: 0, Confidence: 1.0000, Safety Mode: SAFE_HOLD, Override: Safe hold mode active
2025-05-28 04:01:47,306 - INFO - [AUDIT] - Action: 0, Confidence: 1.0000, Safety Mode: SAFE_HOLD, Override: Safe hold mode active
2025-05-28 04:01:47,306 - INFO - [AUDIT] - Action: 0, Confidence: 1.0000, Safety Mode: SAFE_HOLD, Override: Safe hold mode active
2025-05-28 04:01:47,306 - INFO - [AUDIT] - Action: 0, Confidence: 1.0000, Safety Mode: SAFE_HOLD, Override: Safe hold mode active
2025-05-28 04:01:47,306 - INFO - [AUDIT] - Action: 0, Confidence: 1.0000, Safety Mode: SAFE_HOLD, Override: Safe hold mode active
2025-05-28 04:01:47,306 - INFO - [AUDIT] - Action: 0, Confidence: 1.0000, Safety Mode: SAFE_HOLD, Override: Safe hold mode active
2025-05-28 04:01:47,307 - INFO - [AUDIT] - Action: 0, Confidence: 1.0000, Safety Mode: SAFE_HOLD, Override: Safe hold mode active
2025-05-28 04:01:47,307 - INFO - [AUDIT] - Action: 0, Confidence: 1.0000, Safety Mode: SAFE_HOLD, Override: Safe hold mode active
2025-05-28 04:01:47,307 - INFO - [AUDIT] - Action: 0, Confidence: 1.0000, Safety Mode: SAFE_HOLD, Override: Safe hold mode active
2025-05-28 04:01:47,307 - INFO - [AUDIT] - Action: 0, Confidence: 1.0000, Safety Mode: SAFE_HOLD, Override: Safe hold mode active
2025-05-28 04:01:47,307 - INFO - [AUDIT] - Action: 0, Confidence: 1.0000, Safety Mode: SAFE_HOLD, Override: Safe hold mode active
2025-05-28 04:01:47,308 - INFO - [AUDIT] - Action: 0, Confidence: 1.0000, Safety Mode: SAFE_HOLD, Override: Safe hold mode active
2025-05-28 04:01:47,308 - INFO - [AUDIT] - Action: 0, Confidence: 1.0000, Safety Mode: SAFE_HOLD, Override: Safe hold mode active
2025-05-28 04:01:47,308 - INFO - [AUDIT] - Action: 0, Confidence: 1.0000, Safety Mode: SAFE_HOLD, Override: Safe hold mode active
2025-05-28 04:01:47,308 - INFO - [AUDIT] - Action: 0, Confidence: 1.0000, Safety Mode: SAFE_HOLD, Override: Safe hold mode active
2025-05-28 04:01:47,308 - INFO - [AUDIT] - Action: 0, Confidence: 1.0000, Safety Mode: SAFE_HOLD, Override: Safe hold mode active
2025-05-28 04:01:47,309 - INFO - [AUDIT] - Action: 0, Confidence: 1.0000, Safety Mode: SAFE_HOLD, Override: Safe hold mode active
2025-05-28 04:01:47,309 - INFO - [AUDIT] - Action: 0, Confidence: 1.0000, Safety Mode: SAFE_HOLD, Override: Safe hold mode active
2025-05-28 04:01:47,309 - INFO - [AUDIT] - Action: 0, Confidence: 1.0000, Safety Mode: SAFE_HOLD, Override: Safe hold mode active
2025-05-28 04:01:47,309 - INFO - [AUDIT] - Action: 0, Confidence: 1.0000, Safety Mode: SAFE_HOLD, Override: Safe hold mode active
2025-05-28 04:01:47,309 - INFO - [AUDIT] - Action: 0, Confidence: 1.0000, Safety Mode: SAFE_HOLD, Override: Safe hold mode active
2025-05-28 04:01:47,310 - INFO - [AUDIT] - Action: 0, Confidence: 1.0000, Safety Mode: SAFE_HOLD, Override: Safe hold mode active
2025-05-28 04:01:47,310 - INFO - [AUDIT] - Action: 0, Confidence: 1.0000, Safety Mode: SAFE_HOLD, Override: Safe hold mode active
2025-05-28 04:01:47,310 - INFO - [AUDIT] - Action: 0, Confidence: 1.0000, Safety Mode: SAFE_HOLD, Override: Safe hold mode active
2025-05-28 04:01:47,310 - INFO - [AUDIT] - Action: 0, Confidence: 1.0000, Safety Mode: SAFE_HOLD, Override: Safe hold mode active
2025-05-28 04:01:47,310 - INFO - [AUDIT] - Action: 0, Confidence: 1.0000, Safety Mode: SAFE_HOLD, Override: Safe hold mode active
2025-05-28 04:01:47,311 - INFO - [AUDIT] - Action: 0, Confidence: 1.0000, Safety Mode: SAFE_HOLD, Override: Safe hold mode active
2025-05-28 04:01:47,311 - INFO - [AUDIT] - Action: 0, Confidence: 1.0000, Safety Mode: SAFE_HOLD, Override: Safe hold mode active
2025-05-28 04:01:47,311 - INFO - [AUDIT] - Action: 0, Confidence: 1.0000, Safety Mode: SAFE_HOLD, Override: Safe hold mode active
2025-05-28 04:01:47,311 - INFO - [AUDIT] - Action: 0, Confidence: 1.0000, Safety Mode: SAFE_HOLD, Override: Safe hold mode active
2025-05-28 04:01:47,311 - INFO - [AUDIT] - Action: 0, Confidence: 1.0000, Safety Mode: SAFE_HOLD, Override: Safe hold mode active
2025-05-28 04:01:47,311 - INFO - [AUDIT] - Action: 0, Confidence: 1.0000, Safety Mode: SAFE_HOLD, Override: Safe hold mode active
2025-05-28 04:01:47,312 - INFO - [AUDIT] - Action: 0, Confidence: 1.0000, Safety Mode: SAFE_HOLD, Override: Safe hold mode active
2025-05-28 04:01:47,312 - INFO - [AUDIT] - Action: 0, Confidence: 1.0000, Safety Mode: SAFE_HOLD, Override: Safe hold mode active
2025-05-28 04:01:47,312 - INFO - [AUDIT] - Action: 0, Confidence: 1.0000, Safety Mode: SAFE_HOLD, Override: Safe hold mode active
2025-05-28 04:01:47,312 - INFO - [AUDIT] - Action: 0, Confidence: 1.0000, Safety Mode: SAFE_HOLD, Override: Safe hold mode active
2025-05-28 04:01:47,313 - INFO - [AUDIT] - Action: 0, Confidence: 1.0000, Safety Mode: SAFE_HOLD, Override: Safe hold mode active
2025-05-28 04:01:47,313 - INFO - [AUDIT] - Action: 0, Confidence: 1.0000, Safety Mode: SAFE_HOLD, Override: Safe hold mode active
2025-05-28 04:01:47,313 - INFO - [AUDIT] - Action: 0, Confidence: 1.0000, Safety Mode: SAFE_HOLD, Override: Safe hold mode active
2025-05-28 04:01:47,313 - INFO - [AUDIT] - Action: 0, Confidence: 1.0000, Safety Mode: SAFE_HOLD, Override: Safe hold mode active
2025-05-28 04:01:47,313 - INFO - [AUDIT] - Action: 0, Confidence: 1.0000, Safety Mode: SAFE_HOLD, Override: Safe hold mode active
2025-05-28 04:01:47,314 - INFO - [AUDIT] - Action: 0, Confidence: 1.0000, Safety Mode: SAFE_HOLD, Override: Safe hold mode active
2025-05-28 04:01:47,314 - INFO - [AUDIT] - Action: 0, Confidence: 1.0000, Safety Mode: SAFE_HOLD, Override: Safe hold mode active
2025-05-28 04:01:47,314 - INFO - [AUDIT] - Action: 0, Confidence: 1.0000, Safety Mode: SAFE_HOLD, Override: Safe hold mode active
2025-05-28 04:01:47,314 - INFO - [AUDIT] - Action: 0, Confidence: 1.0000, Safety Mode: SAFE_HOLD, Override: Safe hold mode active
2025-05-28 04:01:47,314 - INFO - [AUDIT] - Action: 0, Confidence: 1.0000, Safety Mode: SAFE_HOLD, Override: Safe hold mode active
2025-05-28 04:01:47,315 - INFO - [AUDIT] - Action: 0, Confidence: 1.0000, Safety Mode: SAFE_HOLD, Override: Safe hold mode active
2025-05-28 04:01:47,315 - INFO - [AUDIT] - Action: 0, Confidence: 1.0000, Safety Mode: SAFE_HOLD, Override: Safe hold mode active
2025-05-28 04:01:47,315 - INFO - [AUDIT] - Action: 0, Confidence: 1.0000, Safety Mode: SAFE_HOLD, Override: Safe hold mode active
2025-05-28 04:01:47,315 - INFO - [AUDIT] - Action: 0, Confidence: 1.0000, Safety Mode: SAFE_HOLD, Override: Safe hold mode active
2025-05-28 04:01:47,315 - INFO - [AUDIT] - Action: 0, Confidence: 1.0000, Safety Mode: SAFE_HOLD, Override: Safe hold mode active
2025-05-28 04:01:47,315 - INFO - [AUDIT] - Action: 0, Confidence: 1.0000, Safety Mode: SAFE_HOLD, Override: Safe hold mode active
2025-05-28 04:01:47,316 - INFO - [AUDIT] - Action: 0, Confidence: 1.0000, Safety Mode: SAFE_HOLD, Override: Safe hold mode active
2025-05-28 04:01:47,316 - INFO - [AUDIT] - Action: 0, Confidence: 1.0000, Safety Mode: SAFE_HOLD, Override: Safe hold mode active
2025-05-28 04:01:47,316 - INFO - [AUDIT] - Action: 0, Confidence: 1.0000, Safety Mode: SAFE_HOLD, Override: Safe hold mode active
2025-05-28 04:01:47,316 - INFO - [AUDIT] - Action: 0, Confidence: 1.0000, Safety Mode: SAFE_HOLD, Override: Safe hold mode active
2025-05-28 04:01:47,316 - INFO - [AUDIT] - Action: 0, Confidence: 1.0000, Safety Mode: SAFE_HOLD, Override: Safe hold mode active
2025-05-28 04:01:47,317 - INFO - [AUDIT] - Action: 0, Confidence: 1.0000, Safety Mode: SAFE_HOLD, Override: Safe hold mode active
2025-05-28 04:01:47,317 - INFO - [AUDIT] - Action: 0, Confidence: 1.0000, Safety Mode: SAFE_HOLD, Override: Safe hold mode active
2025-05-28 04:01:47,317 - INFO - [AUDIT] - Action: 0, Confidence: 1.0000, Safety Mode: SAFE_HOLD, Override: Safe hold mode active
2025-05-28 04:01:47,317 - INFO - [AUDIT] - Action: 0, Confidence: 1.0000, Safety Mode: SAFE_HOLD, Override: Safe hold mode active
2025-05-28 04:01:47,318 - INFO - [AUDIT] - Action: 0, Confidence: 1.0000, Safety Mode: SAFE_HOLD, Override: Safe hold mode active
2025-05-28 04:01:47,318 - INFO - [AUDIT] - Action: 0, Confidence: 1.0000, Safety Mode: SAFE_HOLD, Override: Safe hold mode active
2025-05-28 04:01:47,318 - INFO - [AUDIT] - Action: 0, Confidence: 1.0000, Safety Mode: SAFE_HOLD, Override: Safe hold mode active
2025-05-28 04:01:47,318 - INFO - [AUDIT] - Action: 0, Confidence: 1.0000, Safety Mode: SAFE_HOLD, Override: Safe hold mode active
2025-05-28 04:01:47,318 - INFO - [AUDIT] - Action: 0, Confidence: 1.0000, Safety Mode: SAFE_HOLD, Override: Safe hold mode active
2025-05-28 04:01:47,319 - INFO - [AUDIT] - Action: 0, Confidence: 1.0000, Safety Mode: SAFE_HOLD, Override: Safe hold mode active
2025-05-28 04:01:47,319 - INFO - [AUDIT] - Action: 0, Confidence: 1.0000, Safety Mode: SAFE_HOLD, Override: Safe hold mode active
2025-05-28 04:01:47,319 - INFO - [AUDIT] - Action: 0, Confidence: 1.0000, Safety Mode: SAFE_HOLD, Override: Safe hold mode active
2025-05-28 04:01:47,319 - INFO - [AUDIT] - Action: 0, Confidence: 1.0000, Safety Mode: SAFE_HOLD, Override: Safe hold mode active
2025-05-28 04:01:47,319 - INFO - [AUDIT] - Action: 0, Confidence: 1.0000, Safety Mode: SAFE_HOLD, Override: Safe hold mode active
2025-05-28 04:01:47,320 - INFO - [AUDIT] - Action: 0, Confidence: 1.0000, Safety Mode: SAFE_HOLD, Override: Safe hold mode active
2025-05-28 04:01:47,320 - INFO - [AUDIT] - Action: 0, Confidence: 1.0000, Safety Mode: SAFE_HOLD, Override: Safe hold mode active
2025-05-28 04:01:47,320 - INFO - [AUDIT] - Action: 0, Confidence: 1.0000, Safety Mode: SAFE_HOLD, Override: Safe hold mode active
2025-05-28 04:01:47,320 - INFO - [AUDIT] - Action: 0, Confidence: 1.0000, Safety Mode: SAFE_HOLD, Override: Safe hold mode active
2025-05-28 04:01:47,320 - INFO - [AUDIT] - Action: 0, Confidence: 1.0000, Safety Mode: SAFE_HOLD, Override: Safe hold mode active
2025-05-28 04:01:47,321 - INFO - [AUDIT] - Action: 0, Confidence: 1.0000, Safety Mode: SAFE_HOLD, Override: Safe hold mode active
2025-05-28 04:01:47,321 - INFO - [AUDIT] - Action: 0, Confidence: 1.0000, Safety Mode: SAFE_HOLD, Override: Safe hold mode active
2025-05-28 04:01:47,321 - INFO - [AUDIT] - Action: 0, Confidence: 1.0000, Safety Mode: SAFE_HOLD, Override: Safe hold mode active
2025-05-28 04:01:47,321 - INFO - [AUDIT] - Action: 0, Confidence: 1.0000, Safety Mode: SAFE_HOLD, Override: Safe hold mode active
2025-05-28 04:01:47,321 - INFO - [AUDIT] - Action: 0, Confidence: 1.0000, Safety Mode: SAFE_HOLD, Override: Safe hold mode active
2025-05-28 04:01:47,321 - INFO - [AUDIT] - Action: 0, Confidence: 1.0000, Safety Mode: SAFE_HOLD, Override: Safe hold mode active
2025-05-28 04:01:47,322 - INFO - [AUDIT] - Action: 0, Confidence: 1.0000, Safety Mode: SAFE_HOLD, Override: Safe hold mode active
2025-05-28 04:01:47,322 - INFO - [AUDIT] - Action: 0, Confidence: 1.0000, Safety Mode: SAFE_HOLD, Override: Safe hold mode active
2025-05-28 04:01:47,322 - INFO - [AUDIT] - Action: 0, Confidence: 1.0000, Safety Mode: SAFE_HOLD, Override: Safe hold mode active
2025-05-28 04:01:47,322 - INFO - [AUDIT] - Action: 0, Confidence: 1.0000, Safety Mode: SAFE_HOLD, Override: Safe hold mode active
2025-05-28 04:01:47,323 - INFO - [AUDIT] - Action: 0, Confidence: 1.0000, Safety Mode: SAFE_HOLD, Override: Safe hold mode active
2025-05-28 04:01:47,323 - INFO - [AUDIT] - Action: 0, Confidence: 1.0000, Safety Mode: SAFE_HOLD, Override: Safe hold mode active
2025-05-28 04:01:47,323 - INFO - [AUDIT] - Action: 0, Confidence: 1.0000, Safety Mode: SAFE_HOLD, Override: Safe hold mode active
2025-05-28 04:01:47,323 - INFO - [AUDIT] - Action: 0, Confidence: 1.0000, Safety Mode: SAFE_HOLD, Override: Safe hold mode active
2025-05-28 04:01:47,323 - INFO - [AUDIT] - Action: 0, Confidence: 1.0000, Safety Mode: SAFE_HOLD, Override: Safe hold mode active
2025-05-28 04:01:47,323 - INFO - [AUDIT] - Action: 0, Confidence: 1.0000, Safety Mode: SAFE_HOLD, Override: Safe hold mode active
2025-05-28 04:01:47,324 - INFO - [AUDIT] - Action: 0, Confidence: 1.0000, Safety Mode: SAFE_HOLD, Override: Safe hold mode active
2025-05-28 04:01:47,324 - INFO - [AUDIT] - Action: 0, Confidence: 1.0000, Safety Mode: SAFE_HOLD, Override: Safe hold mode active
2025-05-28 04:01:47,324 - INFO - [AUDIT] - Action: 0, Confidence: 1.0000, Safety Mode: SAFE_HOLD, Override: Safe hold mode active
2025-05-28 04:01:47,324 - INFO - [AUDIT] - Action: 0, Confidence: 1.0000, Safety Mode: SAFE_HOLD, Override: Safe hold mode active
2025-05-28 04:01:47,324 - INFO - [AUDIT] - Action: 0, Confidence: 1.0000, Safety Mode: SAFE_HOLD, Override: Safe hold mode active
2025-05-28 04:01:47,325 - INFO - [AUDIT] - Action: 0, Confidence: 1.0000, Safety Mode: SAFE_HOLD, Override: Safe hold mode active
2025-05-28 04:01:47,325 - INFO - [AUDIT] - Action: 0, Confidence: 1.0000, Safety Mode: SAFE_HOLD, Override: Safe hold mode active
2025-05-28 04:01:47,719 - INFO - [AUDIT] - Action: 0, Confidence: 1.0000, Safety Mode: SAFE_HOLD, Override: Safe hold mode active
2025-05-28 04:01:47,719 - INFO - [AUDIT] - Action: 0, Confidence: 1.0000, Safety Mode: SAFE_HOLD, Override: Safe hold mode active
2025-05-28 04:01:47,719 - INFO - [AUDIT] - Action: 0, Confidence: 1.0000, Safety Mode: SAFE_HOLD, Override: Safe hold mode active
2025-05-28 04:01:47,720 - INFO - [AUDIT] - Action: 0, Confidence: 1.0000, Safety Mode: SAFE_HOLD, Override: Safe hold mode active
2025-05-28 04:01:47,720 - INFO - [AUDIT] - Action: 0, Confidence: 1.0000, Safety Mode: SAFE_HOLD, Override: Safe hold mode active
2025-05-28 04:01:47,720 - INFO - [AUDIT] - Action: 0, Confidence: 1.0000, Safety Mode: SAFE_HOLD, Override: Safe hold mode active
2025-05-28 04:01:47,720 - INFO - [AUDIT] - Action: 0, Confidence: 1.0000, Safety Mode: SAFE_HOLD, Override: Safe hold mode active
2025-05-28 04:01:47,720 - INFO - [AUDIT] - Action: 0, Confidence: 1.0000, Safety Mode: SAFE_HOLD, Override: Safe hold mode active
2025-05-28 04:01:47,721 - INFO - [AUDIT] - Action: 0, Confidence: 1.0000, Safety Mode: SAFE_HOLD, Override: Safe hold mode active
2025-05-28 04:01:47,721 - INFO - [AUDIT] - Action: 0, Confidence: 1.0000, Safety Mode: SAFE_HOLD, Override: Safe hold mode active
2025-05-28 04:01:47,721 - INFO - [AUDIT] - Action: 0, Confidence: 1.0000, Safety Mode: SAFE_HOLD, Override: Safe hold mode active
2025-05-28 04:01:47,721 - INFO - [AUDIT] - Action: 0, Confidence: 1.0000, Safety Mode: SAFE_HOLD, Override: Safe hold mode active
2025-05-28 04:01:47,721 - INFO - [AUDIT] - Action: 0, Confidence: 1.0000, Safety Mode: SAFE_HOLD, Override: Safe hold mode active
2025-05-28 04:01:47,722 - INFO - [AUDIT] - Action: 0, Confidence: 1.0000, Safety Mode: SAFE_HOLD, Override: Safe hold mode active
2025-05-28 04:01:47,722 - INFO - [AUDIT] - Action: 0, Confidence: 1.0000, Safety Mode: SAFE_HOLD, Override: Safe hold mode active
2025-05-28 04:01:47,722 - INFO - [AUDIT] - Action: 0, Confidence: 1.0000, Safety Mode: SAFE_HOLD, Override: Safe hold mode active
2025-05-28 04:01:47,722 - INFO - [AUDIT] - Action: 0, Confidence: 1.0000, Safety Mode: SAFE_HOLD, Override: Safe hold mode active
2025-05-28 04:01:47,723 - INFO - [AUDIT] - Action: 0, Confidence: 1.0000, Safety Mode: SAFE_HOLD, Override: Safe hold mode active
2025-05-28 04:01:47,723 - INFO - [AUDIT] - Action: 0, Confidence: 1.0000, Safety Mode: SAFE_HOLD, Override: Safe hold mode active
2025-05-28 04:01:47,723 - INFO - [AUDIT] - Action: 0, Confidence: 1.0000, Safety Mode: SAFE_HOLD, Override: Safe hold mode active
2025-05-28 04:01:47,723 - INFO - [AUDIT] - Action: 0, Confidence: 1.0000, Safety Mode: SAFE_HOLD, Override: Safe hold mode active
2025-05-28 04:01:47,723 - INFO - [AUDIT] - Action: 0, Confidence: 1.0000, Safety Mode: SAFE_HOLD, Override: Safe hold mode active
2025-05-28 04:01:47,724 - INFO - [AUDIT] - Action: 0, Confidence: 1.0000, Safety Mode: SAFE_HOLD, Override: Safe hold mode active
2025-05-28 04:01:47,724 - INFO - [AUDIT] - Action: 0, Confidence: 1.0000, Safety Mode: SAFE_HOLD, Override: Safe hold mode active
2025-05-28 04:01:47,724 - INFO - [AUDIT] - Action: 0, Confidence: 1.0000, Safety Mode: SAFE_HOLD, Override: Safe hold mode active
2025-05-28 04:01:47,724 - INFO - [AUDIT] - Action: 0, Confidence: 1.0000, Safety Mode: SAFE_HOLD, Override: Safe hold mode active
2025-05-28 04:01:47,724 - INFO - [AUDIT] - Action: 0, Confidence: 1.0000, Safety Mode: SAFE_HOLD, Override: Safe hold mode active
2025-05-28 04:01:47,725 - INFO - [AUDIT] - Action: 0, Confidence: 1.0000, Safety Mode: SAFE_HOLD, Override: Safe hold mode active
2025-05-28 04:01:47,725 - INFO - [AUDIT] - Action: 0, Confidence: 1.0000, Safety Mode: SAFE_HOLD, Override: Safe hold mode active
2025-05-28 04:01:47,725 - INFO - [AUDIT] - Action: 0, Confidence: 1.0000, Safety Mode: SAFE_HOLD, Override: Safe hold mode active
2025-05-28 04:01:47,725 - INFO - [AUDIT] - Action: 0, Confidence: 1.0000, Safety Mode: SAFE_HOLD, Override: Safe hold mode active
2025-05-28 04:01:47,725 - INFO - [AUDIT] - Action: 0, Confidence: 1.0000, Safety Mode: SAFE_HOLD, Override: Safe hold mode active
2025-05-28 04:01:47,726 - INFO - [AUDIT] - Action: 0, Confidence: 1.0000, Safety Mode: SAFE_HOLD, Override: Safe hold mode active
2025-05-28 04:01:47,726 - INFO - [AUDIT] - Action: 0, Confidence: 1.0000, Safety Mode: SAFE_HOLD, Override: Safe hold mode active
2025-05-28 04:01:47,726 - INFO - [AUDIT] - Action: 0, Confidence: 1.0000, Safety Mode: SAFE_HOLD, Override: Safe hold mode active
2025-05-28 04:01:47,726 - INFO - [AUDIT] - Action: 0, Confidence: 1.0000, Safety Mode: SAFE_HOLD, Override: Safe hold mode active
2025-05-28 04:01:47,726 - INFO - [AUDIT] - Action: 0, Confidence: 1.0000, Safety Mode: SAFE_HOLD, Override: Safe hold mode active
2025-05-28 04:01:47,727 - INFO - [AUDIT] - Action: 0, Confidence: 1.0000, Safety Mode: SAFE_HOLD, Override: Safe hold mode active
2025-05-28 04:01:47,727 - INFO - [AUDIT] - Action: 0, Confidence: 1.0000, Safety Mode: SAFE_HOLD, Override: Safe hold mode active
2025-05-28 04:01:47,727 - INFO - [AUDIT] - Action: 0, Confidence: 1.0000, Safety Mode: SAFE_HOLD, Override: Safe hold mode active
2025-05-28 04:01:47,727 - INFO - [AUDIT] - Action: 0, Confidence: 1.0000, Safety Mode: SAFE_HOLD, Override: Safe hold mode active
2025-05-28 04:01:47,727 - INFO - [AUDIT] - Action: 0, Confidence: 1.0000, Safety Mode: SAFE_HOLD, Override: Safe hold mode active
2025-05-28 04:01:47,728 - INFO - [AUDIT] - Action: 0, Confidence: 1.0000, Safety Mode: SAFE_HOLD, Override: Safe hold mode active
2025-05-28 04:01:47,728 - INFO - [AUDIT] - Action: 0, Confidence: 1.0000, Safety Mode: SAFE_HOLD, Override: Safe hold mode active
2025-05-28 04:01:47,728 - INFO - [AUDIT] - Action: 0, Confidence: 1.0000, Safety Mode: SAFE_HOLD, Override: Safe hold mode active
2025-05-28 04:01:47,728 - INFO - [AUDIT] - Action: 0, Confidence: 1.0000, Safety Mode: SAFE_HOLD, Override: Safe hold mode active
2025-05-28 04:01:47,728 - INFO - [AUDIT] - Action: 0, Confidence: 1.0000, Safety Mode: SAFE_HOLD, Override: Safe hold mode active
2025-05-28 04:01:47,729 - INFO - [AUDIT] - Action: 0, Confidence: 1.0000, Safety Mode: SAFE_HOLD, Override: Safe hold mode active
2025-05-28 04:01:47,729 - INFO - [AUDIT] - Action: 0, Confidence: 1.0000, Safety Mode: SAFE_HOLD, Override: Safe hold mode active
2025-05-28 04:01:47,729 - INFO - [AUDIT] - Action: 0, Confidence: 1.0000, Safety Mode: SAFE_HOLD, Override: Safe hold mode active
2025-05-28 04:01:47,729 - INFO - [AUDIT] - Action: 0, Confidence: 1.0000, Safety Mode: SAFE_HOLD, Override: Safe hold mode active
2025-05-28 04:01:47,729 - INFO - [AUDIT] - Action: 0, Confidence: 1.0000, Safety Mode: SAFE_HOLD, Override: Safe hold mode active
2025-05-28 04:01:47,730 - INFO - [AUDIT] - Action: 0, Confidence: 1.0000, Safety Mode: SAFE_HOLD, Override: Safe hold mode active
2025-05-28 04:01:47,730 - INFO - [AUDIT] - Action: 0, Confidence: 1.0000, Safety Mode: SAFE_HOLD, Override: Safe hold mode active
2025-05-28 04:01:47,730 - INFO - [AUDIT] - Action: 0, Confidence: 1.0000, Safety Mode: SAFE_HOLD, Override: Safe hold mode active
2025-05-28 04:01:47,730 - INFO - [AUDIT] - Action: 0, Confidence: 1.0000, Safety Mode: SAFE_HOLD, Override: Safe hold mode active
2025-05-28 04:01:47,730 - INFO - [AUDIT] - Action: 0, Confidence: 1.0000, Safety Mode: SAFE_HOLD, Override: Safe hold mode active
2025-05-28 04:01:47,731 - INFO - [AUDIT] - Action: 0, Confidence: 1.0000, Safety Mode: SAFE_HOLD, Override: Safe hold mode active
2025-05-28 04:01:47,731 - INFO - [AUDIT] - Action: 0, Confidence: 1.0000, Safety Mode: SAFE_HOLD, Override: Safe hold mode active
2025-05-28 04:01:47,731 - INFO - [AUDIT] - Action: 0, Confidence: 1.0000, Safety Mode: SAFE_HOLD, Override: Safe hold mode active
2025-05-28 04:01:47,731 - INFO - [AUDIT] - Action: 0, Confidence: 1.0000, Safety Mode: SAFE_HOLD, Override: Safe hold mode active
2025-05-28 04:01:47,731 - INFO - [AUDIT] - Action: 0, Confidence: 1.0000, Safety Mode: SAFE_HOLD, Override: Safe hold mode active
2025-05-28 04:01:47,732 - INFO - [AUDIT] - Action: 0, Confidence: 1.0000, Safety Mode: SAFE_HOLD, Override: Safe hold mode active
2025-05-28 04:01:47,732 - INFO - [AUDIT] - Action: 0, Confidence: 1.0000, Safety Mode: SAFE_HOLD, Override: Safe hold mode active
2025-05-28 04:01:47,732 - INFO - [AUDIT] - Action: 0, Confidence: 1.0000, Safety Mode: SAFE_HOLD, Override: Safe hold mode active
2025-05-28 04:01:47,732 - INFO - [AUDIT] - Action: 0, Confidence: 1.0000, Safety Mode: SAFE_HOLD, Override: Safe hold mode active
2025-05-28 04:01:47,733 - INFO - [AUDIT] - Action: 0, Confidence: 1.0000, Safety Mode: SAFE_HOLD, Override: Safe hold mode active
2025-05-28 04:01:47,733 - INFO - [AUDIT] - Action: 0, Confidence: 1.0000, Safety Mode: SAFE_HOLD, Override: Safe hold mode active
2025-05-28 04:01:47,733 - INFO - [AUDIT] - Action: 0, Confidence: 1.0000, Safety Mode: SAFE_HOLD, Override: Safe hold mode active
2025-05-28 04:01:47,733 - INFO - [AUDIT] - Action: 0, Confidence: 1.0000, Safety Mode: SAFE_HOLD, Override: Safe hold mode active
2025-05-28 04:01:47,733 - INFO - [AUDIT] - Action: 0, Confidence: 1.0000, Safety Mode: SAFE_HOLD, Override: Safe hold mode active
2025-05-28 04:01:47,734 - INFO - [AUDIT] - Action: 0, Confidence: 1.0000, Safety Mode: SAFE_HOLD, Override: Safe hold mode active
2025-05-28 04:01:47,734 - INFO - [AUDIT] - Action: 0, Confidence: 1.0000, Safety Mode: SAFE_HOLD, Override: Safe hold mode active
2025-05-28 04:01:47,734 - INFO - [AUDIT] - Action: 0, Confidence: 1.0000, Safety Mode: SAFE_HOLD, Override: Safe hold mode active
2025-05-28 04:01:47,734 - INFO - [AUDIT] - Action: 0, Confidence: 1.0000, Safety Mode: SAFE_HOLD, Override: Safe hold mode active
2025-05-28 04:01:47,734 - INFO - [AUDIT] - Action: 0, Confidence: 1.0000, Safety Mode: SAFE_HOLD, Override: Safe hold mode active
2025-05-28 04:01:47,735 - INFO - [AUDIT] - Action: 0, Confidence: 1.0000, Safety Mode: SAFE_HOLD, Override: Safe hold mode active
2025-05-28 04:01:47,735 - INFO - [AUDIT] - Action: 0, Confidence: 1.0000, Safety Mode: SAFE_HOLD, Override: Safe hold mode active
2025-05-28 04:01:47,735 - INFO - [AUDIT] - Action: 0, Confidence: 1.0000, Safety Mode: SAFE_HOLD, Override: Safe hold mode active
2025-05-28 04:01:47,735 - INFO - [AUDIT] - Action: 0, Confidence: 1.0000, Safety Mode: SAFE_HOLD, Override: Safe hold mode active
2025-05-28 04:01:47,736 - INFO - [AUDIT] - Action: 0, Confidence: 1.0000, Safety Mode: SAFE_HOLD, Override: Safe hold mode active
2025-05-28 04:01:47,736 - INFO - [AUDIT] - Action: 0, Confidence: 1.0000, Safety Mode: SAFE_HOLD, Override: Safe hold mode active
2025-05-28 04:01:47,736 - INFO - [AUDIT] - Action: 0, Confidence: 1.0000, Safety Mode: SAFE_HOLD, Override: Safe hold mode active
2025-05-28 04:01:47,736 - INFO - [AUDIT] - Action: 0, Confidence: 1.0000, Safety Mode: SAFE_HOLD, Override: Safe hold mode active
2025-05-28 04:01:47,736 - INFO - [AUDIT] - Action: 0, Confidence: 1.0000, Safety Mode: SAFE_HOLD, Override: Safe hold mode active
2025-05-28 04:01:47,737 - INFO - [AUDIT] - Action: 0, Confidence: 1.0000, Safety Mode: SAFE_HOLD, Override: Safe hold mode active
2025-05-28 04:01:47,737 - INFO - [AUDIT] - Action: 0, Confidence: 1.0000, Safety Mode: SAFE_HOLD, Override: Safe hold mode active
2025-05-28 04:01:47,737 - INFO - [AUDIT] - Action: 0, Confidence: 1.0000, Safety Mode: SAFE_HOLD, Override: Safe hold mode active
2025-05-28 04:01:47,737 - INFO - [AUDIT] - Action: 0, Confidence: 1.0000, Safety Mode: SAFE_HOLD, Override: Safe hold mode active
2025-05-28 04:01:47,738 - INFO - [AUDIT] - Action: 0, Confidence: 1.0000, Safety Mode: SAFE_HOLD, Override: Safe hold mode active
2025-05-28 04:01:47,738 - INFO - [AUDIT] - Action: 0, Confidence: 1.0000, Safety Mode: SAFE_HOLD, Override: Safe hold mode active
2025-05-28 04:01:47,738 - INFO - [AUDIT] - Action: 0, Confidence: 1.0000, Safety Mode: SAFE_HOLD, Override: Safe hold mode active
2025-05-28 04:01:47,738 - INFO - [AUDIT] - Action: 0, Confidence: 1.0000, Safety Mode: SAFE_HOLD, Override: Safe hold mode active
2025-05-28 04:01:47,738 - INFO - [AUDIT] - Action: 0, Confidence: 1.0000, Safety Mode: SAFE_HOLD, Override: Safe hold mode active
2025-05-28 04:01:47,738 - INFO - [AUDIT] - Action: 0, Confidence: 1.0000, Safety Mode: SAFE_HOLD, Override: Safe hold mode active
2025-05-28 04:01:47,739 - INFO - [AUDIT] - Action: 0, Confidence: 1.0000, Safety Mode: SAFE_HOLD, Override: Safe hold mode active
2025-05-28 04:01:47,739 - INFO - [AUDIT] - Action: 0, Confidence: 1.0000, Safety Mode: SAFE_HOLD, Override: Safe hold mode active
2025-05-28 04:01:47,739 - INFO - [AUDIT] - Action: 0, Confidence: 1.0000, Safety Mode: SAFE_HOLD, Override: Safe hold mode active
2025-05-28 04:01:47,739 - INFO - [AUDIT] - Action: 0, Confidence: 1.0000, Safety Mode: SAFE_HOLD, Override: Safe hold mode active
2025-05-28 04:01:47,739 - INFO - [AUDIT] - Action: 0, Confidence: 1.0000, Safety Mode: SAFE_HOLD, Override: Safe hold mode active
2025-05-28 04:01:47,740 - INFO - [AUDIT] - Action: 0, Confidence: 1.0000, Safety Mode: SAFE_HOLD, Override: Safe hold mode active
2025-05-28 04:01:47,740 - INFO - [AUDIT] - Action: 0, Confidence: 1.0000, Safety Mode: SAFE_HOLD, Override: Safe hold mode active
2025-05-28 04:01:47,740 - INFO - [AUDIT] - Action: 0, Confidence: 1.0000, Safety Mode: SAFE_HOLD, Override: Safe hold mode active
2025-05-28 04:01:47,740 - INFO - [AUDIT] - Action: 0, Confidence: 1.0000, Safety Mode: SAFE_HOLD, Override: Safe hold mode active
2025-05-28 04:01:47,740 - INFO - [AUDIT] - Action: 0, Confidence: 1.0000, Safety Mode: SAFE_HOLD, Override: Safe hold mode active
2025-05-28 04:01:47,741 - INFO - [AUDIT] - Action: 0, Confidence: 1.0000, Safety Mode: SAFE_HOLD, Override: Safe hold mode active
2025-05-28 04:01:47,741 - INFO - [AUDIT] - Action: 0, Confidence: 1.0000, Safety Mode: SAFE_HOLD, Override: Safe hold mode active
2025-05-28 04:01:47,741 - INFO - [AUDIT] - Action: 0, Confidence: 1.0000, Safety Mode: SAFE_HOLD, Override: Safe hold mode active
2025-05-28 04:01:47,741 - INFO - [AUDIT] - Action: 0, Confidence: 1.0000, Safety Mode: SAFE_HOLD, Override: Safe hold mode active
2025-05-28 04:01:47,741 - INFO - [AUDIT] - Action: 0, Confidence: 1.0000, Safety Mode: SAFE_HOLD, Override: Safe hold mode active
2025-05-28 04:01:47,742 - INFO - [AUDIT] - Action: 0, Confidence: 1.0000, Safety Mode: SAFE_HOLD, Override: Safe hold mode active
2025-05-28 04:01:47,742 - INFO - [AUDIT] - Action: 0, Confidence: 1.0000, Safety Mode: SAFE_HOLD, Override: Safe hold mode active
2025-05-28 04:01:47,742 - INFO - [AUDIT] - Action: 0, Confidence: 1.0000, Safety Mode: SAFE_HOLD, Override: Safe hold mode active
2025-05-28 04:01:47,742 - INFO - [AUDIT] - Action: 0, Confidence: 1.0000, Safety Mode: SAFE_HOLD, Override: Safe hold mode active
2025-05-28 04:01:47,742 - INFO - [AUDIT] - Action: 0, Confidence: 1.0000, Safety Mode: SAFE_HOLD, Override: Safe hold mode active
2025-05-28 04:01:47,743 - INFO - [AUDIT] - Action: 0, Confidence: 1.0000, Safety Mode: SAFE_HOLD, Override: Safe hold mode active
2025-05-28 04:01:47,743 - INFO - [AUDIT] - Action: 0, Confidence: 1.0000, Safety Mode: SAFE_HOLD, Override: Safe hold mode active
2025-05-28 04:01:47,743 - INFO - [AUDIT] - Action: 0, Confidence: 1.0000, Safety Mode: SAFE_HOLD, Override: Safe hold mode active
2025-05-28 04:01:47,743 - INFO - [AUDIT] - Action: 0, Confidence: 1.0000, Safety Mode: SAFE_HOLD, Override: Safe hold mode active
2025-05-28 04:01:47,743 - INFO - [AUDIT] - Action: 0, Confidence: 1.0000, Safety Mode: SAFE_HOLD, Override: Safe hold mode active
2025-05-28 04:01:47,744 - INFO - [AUDIT] - Action: 0, Confidence: 1.0000, Safety Mode: SAFE_HOLD, Override: Safe hold mode active
2025-05-28 04:01:47,744 - INFO - [AUDIT] - Action: 0, Confidence: 1.0000, Safety Mode: SAFE_HOLD, Override: Safe hold mode active
2025-05-28 04:01:47,744 - INFO - [AUDIT] - Action: 0, Confidence: 1.0000, Safety Mode: SAFE_HOLD, Override: Safe hold mode active
2025-05-28 04:01:47,744 - INFO - [AUDIT] - Action: 0, Confidence: 1.0000, Safety Mode: SAFE_HOLD, Override: Safe hold mode active
2025-05-28 04:01:47,744 - INFO - [AUDIT] - Action: 0, Confidence: 1.0000, Safety Mode: SAFE_HOLD, Override: Safe hold mode active
2025-05-28 04:01:47,745 - INFO - [AUDIT] - Action: 0, Confidence: 1.0000, Safety Mode: SAFE_HOLD, Override: Safe hold mode active
2025-05-28 04:01:47,745 - INFO - [AUDIT] - Action: 0, Confidence: 1.0000, Safety Mode: SAFE_HOLD, Override: Safe hold mode active
2025-05-28 04:01:47,745 - INFO - [AUDIT] - Action: 0, Confidence: 1.0000, Safety Mode: SAFE_HOLD, Override: Safe hold mode active
2025-05-28 04:01:47,745 - INFO - [AUDIT] - Action: 0, Confidence: 1.0000, Safety Mode: SAFE_HOLD, Override: Safe hold mode active
2025-05-28 04:01:47,745 - INFO - [AUDIT] - Action: 0, Confidence: 1.0000, Safety Mode: SAFE_HOLD, Override: Safe hold mode active
2025-05-28 04:01:47,745 - INFO - [AUDIT] - Action: 0, Confidence: 1.0000, Safety Mode: SAFE_HOLD, Override: Safe hold mode active
2025-05-28 04:01:47,746 - INFO - [AUDIT] - Action: 0, Confidence: 1.0000, Safety Mode: SAFE_HOLD, Override: Safe hold mode active
2025-05-28 04:01:47,746 - INFO - [AUDIT] - Action: 0, Confidence: 1.0000, Safety Mode: SAFE_HOLD, Override: Safe hold mode active
2025-05-28 04:01:47,746 - INFO - [AUDIT] - Action: 0, Confidence: 1.0000, Safety Mode: SAFE_HOLD, Override: Safe hold mode active
2025-05-28 04:01:47,746 - INFO - [AUDIT] - Action: 0, Confidence: 1.0000, Safety Mode: SAFE_HOLD, Override: Safe hold mode active
2025-05-28 04:01:47,746 - INFO - [AUDIT] - Action: 0, Confidence: 1.0000, Safety Mode: SAFE_HOLD, Override: Safe hold mode active
2025-05-28 04:01:47,747 - INFO - [AUDIT] - Action: 0, Confidence: 1.0000, Safety Mode: SAFE_HOLD, Override: Safe hold mode active
2025-05-28 04:01:47,747 - INFO - [AUDIT] - Action: 0, Confidence: 1.0000, Safety Mode: SAFE_HOLD, Override: Safe hold mode active
2025-05-28 04:01:47,747 - INFO - [AUDIT] - Action: 0, Confidence: 1.0000, Safety Mode: SAFE_HOLD, Override: Safe hold mode active
2025-05-28 04:01:47,747 - INFO - [AUDIT] - Action: 0, Confidence: 1.0000, Safety Mode: SAFE_HOLD, Override: Safe hold mode active
2025-05-28 04:01:47,747 - INFO - [AUDIT] - Action: 0, Confidence: 1.0000, Safety Mode: SAFE_HOLD, Override: Safe hold mode active
2025-05-28 04:01:47,748 - INFO - [AUDIT] - Action: 0, Confidence: 1.0000, Safety Mode: SAFE_HOLD, Override: Safe hold mode active
2025-05-28 04:01:47,748 - INFO - [AUDIT] - Action: 0, Confidence: 1.0000, Safety Mode: SAFE_HOLD, Override: Safe hold mode active
2025-05-28 04:01:47,748 - INFO - [AUDIT] - Action: 0, Confidence: 1.0000, Safety Mode: SAFE_HOLD, Override: Safe hold mode active
2025-05-28 04:01:47,748 - INFO - [AUDIT] - Action: 0, Confidence: 1.0000, Safety Mode: SAFE_HOLD, Override: Safe hold mode active
2025-05-28 04:01:47,748 - INFO - [AUDIT] - Action: 0, Confidence: 1.0000, Safety Mode: SAFE_HOLD, Override: Safe hold mode active
2025-05-28 04:01:47,748 - INFO - [AUDIT] - Action: 0, Confidence: 1.0000, Safety Mode: SAFE_HOLD, Override: Safe hold mode active
2025-05-28 04:01:47,749 - INFO - [AUDIT] - Action: 0, Confidence: 1.0000, Safety Mode: SAFE_HOLD, Override: Safe hold mode active
2025-05-28 04:01:47,749 - INFO - [AUDIT] - Action: 0, Confidence: 1.0000, Safety Mode: SAFE_HOLD, Override: Safe hold mode active
2025-05-28 04:01:47,749 - INFO - [AUDIT] - Action: 0, Confidence: 1.0000, Safety Mode: SAFE_HOLD, Override: Safe hold mode active
2025-05-28 04:01:47,749 - INFO - [AUDIT] - Action: 0, Confidence: 1.0000, Safety Mode: SAFE_HOLD, Override: Safe hold mode active
2025-05-28 04:01:47,749 - INFO - [AUDIT] - Action: 0, Confidence: 1.0000, Safety Mode: SAFE_HOLD, Override: Safe hold mode active
2025-05-28 04:01:47,750 - INFO - [AUDIT] - Action: 0, Confidence: 1.0000, Safety Mode: SAFE_HOLD, Override: Safe hold mode active
2025-05-28 04:01:47,750 - INFO - [AUDIT] - Action: 0, Confidence: 1.0000, Safety Mode: SAFE_HOLD, Override: Safe hold mode active
2025-05-28 04:01:47,750 - INFO - [AUDIT] - Action: 0, Confidence: 1.0000, Safety Mode: SAFE_HOLD, Override: Safe hold mode active
2025-05-28 04:01:47,750 - INFO - [AUDIT] - Action: 0, Confidence: 1.0000, Safety Mode: SAFE_HOLD, Override: Safe hold mode active
2025-05-28 04:01:47,750 - INFO - [AUDIT] - Action: 0, Confidence: 1.0000, Safety Mode: SAFE_HOLD, Override: Safe hold mode active
2025-05-28 04:01:47,751 - INFO - [AUDIT] - Action: 0, Confidence: 1.0000, Safety Mode: SAFE_HOLD, Override: Safe hold mode active
2025-05-28 04:01:47,751 - INFO - [AUDIT] - Action: 0, Confidence: 1.0000, Safety Mode: SAFE_HOLD, Override: Safe hold mode active
2025-05-28 04:01:47,751 - INFO - [AUDIT] - Action: 0, Confidence: 1.0000, Safety Mode: SAFE_HOLD, Override: Safe hold mode active
2025-05-28 04:01:47,751 - INFO - [AUDIT] - Action: 0, Confidence: 1.0000, Safety Mode: SAFE_HOLD, Override: Safe hold mode active
2025-05-28 04:01:47,752 - INFO - [AUDIT] - Action: 0, Confidence: 1.0000, Safety Mode: SAFE_HOLD, Override: Safe hold mode active
2025-05-28 04:01:47,752 - INFO - [AUDIT] - Action: 0, Confidence: 1.0000, Safety Mode: SAFE_HOLD, Override: Safe hold mode active
2025-05-28 04:01:47,752 - INFO - [AUDIT] - Action: 0, Confidence: 1.0000, Safety Mode: SAFE_HOLD, Override: Safe hold mode active
2025-05-28 04:01:47,752 - INFO - [AUDIT] - Action: 0, Confidence: 1.0000, Safety Mode: SAFE_HOLD, Override: Safe hold mode active
2025-05-28 04:01:47,752 - INFO - [AUDIT] - Action: 0, Confidence: 1.0000, Safety Mode: SAFE_HOLD, Override: Safe hold mode active
2025-05-28 04:01:47,753 - INFO - [AUDIT] - Action: 0, Confidence: 1.0000, Safety Mode: SAFE_HOLD, Override: Safe hold mode active
2025-05-28 04:01:47,753 - INFO - [AUDIT] - Action: 0, Confidence: 1.0000, Safety Mode: SAFE_HOLD, Override: Safe hold mode active
2025-05-28 04:01:47,753 - INFO - [AUDIT] - Action: 0, Confidence: 1.0000, Safety Mode: SAFE_HOLD, Override: Safe hold mode active
2025-05-28 04:01:47,753 - INFO - [AUDIT] - Action: 0, Confidence: 1.0000, Safety Mode: SAFE_HOLD, Override: Safe hold mode active
2025-05-28 04:01:47,753 - INFO - [AUDIT] - Action: 0, Confidence: 1.0000, Safety Mode: SAFE_HOLD, Override: Safe hold mode active
2025-05-28 04:01:47,754 - INFO - [AUDIT] - Action: 0, Confidence: 1.0000, Safety Mode: SAFE_HOLD, Override: Safe hold mode active
2025-05-28 04:01:47,754 - INFO - [AUDIT] - Action: 0, Confidence: 1.0000, Safety Mode: SAFE_HOLD, Override: Safe hold mode active
2025-05-28 04:01:47,754 - INFO - [AUDIT] - Action: 0, Confidence: 1.0000, Safety Mode: SAFE_HOLD, Override: Safe hold mode active
2025-05-28 04:01:47,754 - INFO - [AUDIT] - Action: 0, Confidence: 1.0000, Safety Mode: SAFE_HOLD, Override: Safe hold mode active
2025-05-28 04:01:47,754 - INFO - [AUDIT] - Action: 0, Confidence: 1.0000, Safety Mode: SAFE_HOLD, Override: Safe hold mode active
2025-05-28 04:01:47,755 - INFO - [AUDIT] - Action: 0, Confidence: 1.0000, Safety Mode: SAFE_HOLD, Override: Safe hold mode active
2025-05-28 04:01:47,755 - INFO - [AUDIT] - Action: 0, Confidence: 1.0000, Safety Mode: SAFE_HOLD, Override: Safe hold mode active
2025-05-28 04:01:47,755 - INFO - [AUDIT] - Action: 0, Confidence: 1.0000, Safety Mode: SAFE_HOLD, Override: Safe hold mode active
2025-05-28 04:01:47,755 - INFO - [AUDIT] - Action: 0, Confidence: 1.0000, Safety Mode: SAFE_HOLD, Override: Safe hold mode active
2025-05-28 04:01:47,755 - INFO - [AUDIT] - Action: 0, Confidence: 1.0000, Safety Mode: SAFE_HOLD, Override: Safe hold mode active
2025-05-28 04:01:47,755 - INFO - [AUDIT] - Action: 0, Confidence: 1.0000, Safety Mode: SAFE_HOLD, Override: Safe hold mode active
2025-05-28 04:01:47,756 - INFO - [AUDIT] - Action: 0, Confidence: 1.0000, Safety Mode: SAFE_HOLD, Override: Safe hold mode active
2025-05-28 04:01:47,756 - INFO - [AUDIT] - Action: 0, Confidence: 1.0000, Safety Mode: SAFE_HOLD, Override: Safe hold mode active
2025-05-28 04:01:47,756 - INFO - [AUDIT] - Action: 0, Confidence: 1.0000, Safety Mode: SAFE_HOLD, Override: Safe hold mode active
2025-05-28 04:01:47,756 - INFO - [AUDIT] - Action: 0, Confidence: 1.0000, Safety Mode: SAFE_HOLD, Override: Safe hold mode active
2025-05-28 04:01:47,756 - INFO - [AUDIT] - Action: 0, Confidence: 1.0000, Safety Mode: SAFE_HOLD, Override: Safe hold mode active
2025-05-28 04:01:47,757 - INFO - [AUDIT] - Action: 0, Confidence: 1.0000, Safety Mode: SAFE_HOLD, Override: Safe hold mode active
2025-05-28 04:01:47,757 - INFO - [AUDIT] - Action: 0, Confidence: 1.0000, Safety Mode: SAFE_HOLD, Override: Safe hold mode active
2025-05-28 04:01:47,757 - INFO - [AUDIT] - Action: 0, Confidence: 1.0000, Safety Mode: SAFE_HOLD, Override: Safe hold mode active
2025-05-28 04:01:47,757 - INFO - [AUDIT] - Action: 0, Confidence: 1.0000, Safety Mode: SAFE_HOLD, Override: Safe hold mode active
2025-05-28 04:01:47,757 - INFO - [AUDIT] - Action: 0, Confidence: 1.0000, Safety Mode: SAFE_HOLD, Override: Safe hold mode active
2025-05-28 04:01:47,758 - INFO - [AUDIT] - Action: 0, Confidence: 1.0000, Safety Mode: SAFE_HOLD, Override: Safe hold mode active
2025-05-28 04:01:47,758 - INFO - [AUDIT] - Action: 0, Confidence: 1.0000, Safety Mode: SAFE_HOLD, Override: Safe hold mode active
2025-05-28 04:01:47,758 - INFO - [AUDIT] - Action: 0, Confidence: 1.0000, Safety Mode: SAFE_HOLD, Override: Safe hold mode active
2025-05-28 04:01:47,758 - INFO - [AUDIT] - Action: 0, Confidence: 1.0000, Safety Mode: SAFE_HOLD, Override: Safe hold mode active
2025-05-28 04:01:47,758 - INFO - [AUDIT] - Action: 0, Confidence: 1.0000, Safety Mode: SAFE_HOLD, Override: Safe hold mode active
2025-05-28 04:01:47,759 - INFO - [AUDIT] - Action: 0, Confidence: 1.0000, Safety Mode: SAFE_HOLD, Override: Safe hold mode active
2025-05-28 04:01:47,759 - INFO - [AUDIT] - Action: 0, Confidence: 1.0000, Safety Mode: SAFE_HOLD, Override: Safe hold mode active
2025-05-28 04:01:47,759 - INFO - [AUDIT] - Action: 0, Confidence: 1.0000, Safety Mode: SAFE_HOLD, Override: Safe hold mode active
2025-05-28 04:01:47,759 - INFO - [AUDIT] - Action: 0, Confidence: 1.0000, Safety Mode: SAFE_HOLD, Override: Safe hold mode active
2025-05-28 04:01:47,759 - INFO - [AUDIT] - Action: 0, Confidence: 1.0000, Safety Mode: SAFE_HOLD, Override: Safe hold mode active
2025-05-28 04:01:47,760 - INFO - [AUDIT] - Action: 0, Confidence: 1.0000, Safety Mode: SAFE_HOLD, Override: Safe hold mode active
2025-05-28 04:01:47,760 - INFO - [AUDIT] - Action: 0, Confidence: 1.0000, Safety Mode: SAFE_HOLD, Override: Safe hold mode active
2025-05-28 04:01:47,760 - INFO - [AUDIT] - Action: 0, Confidence: 1.0000, Safety Mode: SAFE_HOLD, Override: Safe hold mode active
2025-05-28 04:01:47,760 - INFO - [AUDIT] - Action: 0, Confidence: 1.0000, Safety Mode: SAFE_HOLD, Override: Safe hold mode active
2025-05-28 04:01:47,760 - INFO - [AUDIT] - Action: 0, Confidence: 1.0000, Safety Mode: SAFE_HOLD, Override: Safe hold mode active
2025-05-28 04:01:47,761 - INFO - [AUDIT] - Action: 0, Confidence: 1.0000, Safety Mode: SAFE_HOLD, Override: Safe hold mode active
2025-05-28 04:01:47,761 - INFO - [AUDIT] - Action: 0, Confidence: 1.0000, Safety Mode: SAFE_HOLD, Override: Safe hold mode active
2025-05-28 04:01:47,761 - INFO - [AUDIT] - Action: 0, Confidence: 1.0000, Safety Mode: SAFE_HOLD, Override: Safe hold mode active
2025-05-28 04:01:47,761 - INFO - [AUDIT] - Action: 0, Confidence: 1.0000, Safety Mode: SAFE_HOLD, Override: Safe hold mode active
2025-05-28 04:01:47,761 - INFO - [AUDIT] - Action: 0, Confidence: 1.0000, Safety Mode: SAFE_HOLD, Override: Safe hold mode active
2025-05-28 04:01:47,762 - INFO - [AUDIT] - Action: 0, Confidence: 1.0000, Safety Mode: SAFE_HOLD, Override: Safe hold mode active
2025-05-28 04:01:47,762 - INFO - [AUDIT] - Action: 0, Confidence: 1.0000, Safety Mode: SAFE_HOLD, Override: Safe hold mode active
2025-05-28 04:01:47,762 - INFO - [AUDIT] - Action: 0, Confidence: 1.0000, Safety Mode: SAFE_HOLD, Override: Safe hold mode active
2025-05-28 04:01:47,762 - INFO - [AUDIT] - Action: 0, Confidence: 1.0000, Safety Mode: SAFE_HOLD, Override: Safe hold mode active
2025-05-28 04:01:47,762 - INFO - [AUDIT] - Action: 0, Confidence: 1.0000, Safety Mode: SAFE_HOLD, Override: Safe hold mode active
2025-05-28 04:01:47,763 - INFO - [AUDIT] - Action: 0, Confidence: 1.0000, Safety Mode: SAFE_HOLD, Override: Safe hold mode active
2025-05-28 04:01:47,763 - INFO - [AUDIT] - Action: 0, Confidence: 1.0000, Safety Mode: SAFE_HOLD, Override: Safe hold mode active
2025-05-28 04:01:47,763 - INFO - [AUDIT] - Action: 0, Confidence: 1.0000, Safety Mode: SAFE_HOLD, Override: Safe hold mode active
2025-05-28 04:01:47,763 - INFO - [AUDIT] - Action: 0, Confidence: 1.0000, Safety Mode: SAFE_HOLD, Override: Safe hold mode active
2025-05-28 04:01:47,763 - INFO - [AUDIT] - Action: 0, Confidence: 1.0000, Safety Mode: SAFE_HOLD, Override: Safe hold mode active
2025-05-28 04:01:47,764 - INFO - [AUDIT] - Action: 0, Confidence: 1.0000, Safety Mode: SAFE_HOLD, Override: Safe hold mode active
2025-05-28 04:01:47,764 - INFO - [AUDIT] - Action: 0, Confidence: 1.0000, Safety Mode: SAFE_HOLD, Override: Safe hold mode active
2025-05-28 04:01:47,764 - INFO - [AUDIT] - Action: 0, Confidence: 1.0000, Safety Mode: SAFE_HOLD, Override: Safe hold mode active
2025-05-28 04:01:47,764 - INFO - [AUDIT] - Action: 0, Confidence: 1.0000, Safety Mode: SAFE_HOLD, Override: Safe hold mode active
2025-05-28 04:01:47,764 - INFO - [AUDIT] - Action: 0, Confidence: 1.0000, Safety Mode: SAFE_HOLD, Override: Safe hold mode active
2025-05-28 04:01:47,765 - INFO - [AUDIT] - Action: 0, Confidence: 1.0000, Safety Mode: SAFE_HOLD, Override: Safe hold mode active
2025-05-28 04:01:47,765 - INFO - [AUDIT] - Action: 0, Confidence: 1.0000, Safety Mode: SAFE_HOLD, Override: Safe hold mode active
2025-05-28 04:01:47,765 - INFO - [AUDIT] - Action: 0, Confidence: 1.0000, Safety Mode: SAFE_HOLD, Override: Safe hold mode active
2025-05-28 04:01:47,765 - INFO - [AUDIT] - Action: 0, Confidence: 1.0000, Safety Mode: SAFE_HOLD, Override: Safe hold mode active
2025-05-28 04:01:47,765 - INFO - [AUDIT] - Action: 0, Confidence: 1.0000, Safety Mode: SAFE_HOLD, Override: Safe hold mode active
2025-05-28 04:01:47,766 - INFO - [AUDIT] - Action: 0, Confidence: 1.0000, Safety Mode: SAFE_HOLD, Override: Safe hold mode active
2025-05-28 04:01:47,766 - INFO - [AUDIT] - Action: 0, Confidence: 1.0000, Safety Mode: SAFE_HOLD, Override: Safe hold mode active
2025-05-28 04:01:47,766 - INFO - [AUDIT] - Action: 0, Confidence: 1.0000, Safety Mode: SAFE_HOLD, Override: Safe hold mode active
2025-05-28 04:01:47,766 - INFO - [AUDIT] - Action: 0, Confidence: 1.0000, Safety Mode: SAFE_HOLD, Override: Safe hold mode active
2025-05-28 04:01:47,766 - INFO - [AUDIT] - Action: 0, Confidence: 1.0000, Safety Mode: SAFE_HOLD, Override: Safe hold mode active
2025-05-28 04:01:47,767 - INFO - [AUDIT] - Action: 0, Confidence: 1.0000, Safety Mode: SAFE_HOLD, Override: Safe hold mode active
2025-05-28 04:01:47,767 - INFO - [AUDIT] - Action: 0, Confidence: 1.0000, Safety Mode: SAFE_HOLD, Override: Safe hold mode active
2025-05-28 04:01:47,767 - INFO - [AUDIT] - Action: 0, Confidence: 1.0000, Safety Mode: SAFE_HOLD, Override: Safe hold mode active
2025-05-28 04:01:47,767 - INFO - [AUDIT] - Action: 0, Confidence: 1.0000, Safety Mode: SAFE_HOLD, Override: Safe hold mode active
2025-05-28 04:01:47,767 - INFO - [AUDIT] - Action: 0, Confidence: 1.0000, Safety Mode: SAFE_HOLD, Override: Safe hold mode active
2025-05-28 04:01:47,768 - INFO - [AUDIT] - Action: 0, Confidence: 1.0000, Safety Mode: SAFE_HOLD, Override: Safe hold mode active
2025-05-28 04:01:47,768 - INFO - [AUDIT] - Action: 0, Confidence: 1.0000, Safety Mode: SAFE_HOLD, Override: Safe hold mode active
2025-05-28 04:01:47,768 - INFO - [AUDIT] - Action: 0, Confidence: 1.0000, Safety Mode: SAFE_HOLD, Override: Safe hold mode active
2025-05-28 04:01:47,768 - INFO - [AUDIT] - Action: 0, Confidence: 1.0000, Safety Mode: SAFE_HOLD, Override: Safe hold mode active
2025-05-28 04:01:47,768 - INFO - [AUDIT] - Action: 0, Confidence: 1.0000, Safety Mode: SAFE_HOLD, Override: Safe hold mode active
2025-05-28 04:01:47,769 - INFO - [AUDIT] - Action: 0, Confidence: 1.0000, Safety Mode: SAFE_HOLD, Override: Safe hold mode active
2025-05-28 04:01:47,769 - INFO - [AUDIT] - Action: 0, Confidence: 1.0000, Safety Mode: SAFE_HOLD, Override: Safe hold mode active
2025-05-28 04:01:47,769 - INFO - [AUDIT] - Action: 0, Confidence: 1.0000, Safety Mode: SAFE_HOLD, Override: Safe hold mode active
2025-05-28 04:01:47,769 - INFO - [AUDIT] - Action: 0, Confidence: 1.0000, Safety Mode: SAFE_HOLD, Override: Safe hold mode active
2025-05-28 04:01:47,769 - INFO - [AUDIT] - Action: 0, Confidence: 1.0000, Safety Mode: SAFE_HOLD, Override: Safe hold mode active
2025-05-28 04:01:47,770 - INFO - [AUDIT] - Action: 0, Confidence: 1.0000, Safety Mode: SAFE_HOLD, Override: Safe hold mode active
2025-05-28 04:01:47,770 - INFO - [AUDIT] - Action: 0, Confidence: 1.0000, Safety Mode: SAFE_HOLD, Override: Safe hold mode active
2025-05-28 04:01:47,770 - INFO - [AUDIT] - Action: 0, Confidence: 1.0000, Safety Mode: SAFE_HOLD, Override: Safe hold mode active
2025-05-28 04:01:47,770 - INFO - [AUDIT] - Action: 0, Confidence: 1.0000, Safety Mode: SAFE_HOLD, Override: Safe hold mode active
2025-05-28 04:01:47,770 - INFO - [AUDIT] - Action: 0, Confidence: 1.0000, Safety Mode: SAFE_HOLD, Override: Safe hold mode active
2025-05-28 04:01:47,771 - INFO - [AUDIT] - Action: 0, Confidence: 1.0000, Safety Mode: SAFE_HOLD, Override: Safe hold mode active
2025-05-28 04:01:47,771 - INFO - [AUDIT] - Action: 0, Confidence: 1.0000, Safety Mode: SAFE_HOLD, Override: Safe hold mode active
2025-05-28 04:01:47,771 - INFO - [AUDIT] - Action: 0, Confidence: 1.0000, Safety Mode: SAFE_HOLD, Override: Safe hold mode active
2025-05-28 04:01:47,771 - INFO - [AUDIT] - Action: 0, Confidence: 1.0000, Safety Mode: SAFE_HOLD, Override: Safe hold mode active
2025-05-28 04:01:47,771 - INFO - [AUDIT] - Action: 0, Confidence: 1.0000, Safety Mode: SAFE_HOLD, Override: Safe hold mode active
2025-05-28 04:01:47,772 - INFO - [AUDIT] - Action: 0, Confidence: 1.0000, Safety Mode: SAFE_HOLD, Override: Safe hold mode active
2025-05-28 04:01:47,772 - INFO - [AUDIT] - Action: 0, Confidence: 1.0000, Safety Mode: SAFE_HOLD, Override: Safe hold mode active
2025-05-28 04:01:47,772 - INFO - [AUDIT] - Action: 0, Confidence: 1.0000, Safety Mode: SAFE_HOLD, Override: Safe hold mode active
2025-05-28 04:01:47,772 - INFO - [AUDIT] - Action: 0, Confidence: 1.0000, Safety Mode: SAFE_HOLD, Override: Safe hold mode active
2025-05-28 04:01:47,772 - INFO - [AUDIT] - Action: 0, Confidence: 1.0000, Safety Mode: SAFE_HOLD, Override: Safe hold mode active
2025-05-28 04:01:47,773 - INFO - [AUDIT] - Action: 0, Confidence: 1.0000, Safety Mode: SAFE_HOLD, Override: Safe hold mode active
2025-05-28 04:01:47,773 - INFO - [AUDIT] - Action: 0, Confidence: 1.0000, Safety Mode: SAFE_HOLD, Override: Safe hold mode active
2025-05-28 04:01:47,773 - INFO - [AUDIT] - Action: 0, Confidence: 1.0000, Safety Mode: SAFE_HOLD, Override: Safe hold mode active
2025-05-28 04:01:47,773 - INFO - [AUDIT] - Action: 0, Confidence: 1.0000, Safety Mode: SAFE_HOLD, Override: Safe hold mode active
2025-05-28 04:01:47,773 - INFO - [AUDIT] - Action: 0, Confidence: 1.0000, Safety Mode: SAFE_HOLD, Override: Safe hold mode active
2025-05-28 04:01:47,774 - INFO - [AUDIT] - Action: 0, Confidence: 1.0000, Safety Mode: SAFE_HOLD, Override: Safe hold mode active
2025-05-28 04:01:47,774 - INFO - [AUDIT] - Action: 0, Confidence: 1.0000, Safety Mode: SAFE_HOLD, Override: Safe hold mode active
2025-05-28 04:01:47,774 - INFO - [AUDIT] - Action: 0, Confidence: 1.0000, Safety Mode: SAFE_HOLD, Override: Safe hold mode active
2025-05-28 04:01:47,774 - INFO - [AUDIT] - Action: 0, Confidence: 1.0000, Safety Mode: SAFE_HOLD, Override: Safe hold mode active
2025-05-28 04:01:47,774 - INFO - [AUDIT] - Action: 0, Confidence: 1.0000, Safety Mode: SAFE_HOLD, Override: Safe hold mode active
2025-05-28 04:01:47,775 - INFO - [AUDIT] - Action: 0, Confidence: 1.0000, Safety Mode: SAFE_HOLD, Override: Safe hold mode active
2025-05-28 04:01:47,775 - INFO - [AUDIT] - Action: 0, Confidence: 1.0000, Safety Mode: SAFE_HOLD, Override: Safe hold mode active
2025-05-28 04:01:47,775 - INFO - [AUDIT] - Action: 0, Confidence: 1.0000, Safety Mode: SAFE_HOLD, Override: Safe hold mode active
2025-05-28 04:01:47,775 - INFO - [AUDIT] - Action: 0, Confidence: 1.0000, Safety Mode: SAFE_HOLD, Override: Safe hold mode active
2025-05-28 04:01:47,775 - INFO - [AUDIT] - Action: 0, Confidence: 1.0000, Safety Mode: SAFE_HOLD, Override: Safe hold mode active
2025-05-28 04:01:47,776 - INFO - [AUDIT] - Action: 0, Confidence: 1.0000, Safety Mode: SAFE_HOLD, Override: Safe hold mode active
2025-05-28 04:01:47,776 - INFO - [AUDIT] - Action: 0, Confidence: 1.0000, Safety Mode: SAFE_HOLD, Override: Safe hold mode active
2025-05-28 04:01:47,776 - INFO - [AUDIT] - Action: 0, Confidence: 1.0000, Safety Mode: SAFE_HOLD, Override: Safe hold mode active
2025-05-28 04:01:47,776 - INFO - [AUDIT] - Action: 0, Confidence: 1.0000, Safety Mode: SAFE_HOLD, Override: Safe hold mode active
2025-05-28 04:01:47,776 - INFO - [AUDIT] - Action: 0, Confidence: 1.0000, Safety Mode: SAFE_HOLD, Override: Safe hold mode active
2025-05-28 04:01:47,777 - INFO - [AUDIT] - Action: 0, Confidence: 1.0000, Safety Mode: SAFE_HOLD, Override: Safe hold mode active
2025-05-28 04:01:47,777 - INFO - [AUDIT] - Action: 0, Confidence: 1.0000, Safety Mode: SAFE_HOLD, Override: Safe hold mode active
2025-05-28 04:01:47,777 - INFO - [AUDIT] - Action: 0, Confidence: 1.0000, Safety Mode: SAFE_HOLD, Override: Safe hold mode active
2025-05-28 04:01:47,777 - INFO - [AUDIT] - Action: 0, Confidence: 1.0000, Safety Mode: SAFE_HOLD, Override: Safe hold mode active
2025-05-28 04:01:47,777 - INFO - [AUDIT] - Action: 0, Confidence: 1.0000, Safety Mode: SAFE_HOLD, Override: Safe hold mode active
2025-05-28 04:01:47,777 - INFO - [AUDIT] - Action: 0, Confidence: 1.0000, Safety Mode: SAFE_HOLD, Override: Safe hold mode active
2025-05-28 04:01:47,778 - INFO - [AUDIT] - Action: 0, Confidence: 1.0000, Safety Mode: SAFE_HOLD, Override: Safe hold mode active
2025-05-28 04:01:47,778 - INFO - [AUDIT] - Action: 0, Confidence: 1.0000, Safety Mode: SAFE_HOLD, Override: Safe hold mode active
2025-05-28 04:01:47,778 - INFO - [AUDIT] - Action: 0, Confidence: 1.0000, Safety Mode: SAFE_HOLD, Override: Safe hold mode active
2025-05-28 04:01:47,778 - INFO - [AUDIT] - Action: 0, Confidence: 1.0000, Safety Mode: SAFE_HOLD, Override: Safe hold mode active
2025-05-28 04:01:47,778 - INFO - [AUDIT] - Action: 0, Confidence: 1.0000, Safety Mode: SAFE_HOLD, Override: Safe hold mode active
2025-05-28 04:01:47,779 - INFO - [AUDIT] - Action: 0, Confidence: 1.0000, Safety Mode: SAFE_HOLD, Override: Safe hold mode active
2025-05-28 04:01:47,779 - INFO - [AUDIT] - Action: 0, Confidence: 1.0000, Safety Mode: SAFE_HOLD, Override: Safe hold mode active
2025-05-28 04:01:47,779 - INFO - [AUDIT] - Action: 0, Confidence: 1.0000, Safety Mode: SAFE_HOLD, Override: Safe hold mode active
2025-05-28 04:01:47,779 - INFO - [AUDIT] - Action: 0, Confidence: 1.0000, Safety Mode: SAFE_HOLD, Override: Safe hold mode active
2025-05-28 04:01:47,779 - INFO - [AUDIT] - Action: 0, Confidence: 1.0000, Safety Mode: SAFE_HOLD, Override: Safe hold mode active
2025-05-28 04:01:47,780 - INFO - [AUDIT] - Action: 0, Confidence: 1.0000, Safety Mode: SAFE_HOLD, Override: Safe hold mode active
2025-05-28 04:01:47,780 - INFO - [AUDIT] - Action: 0, Confidence: 1.0000, Safety Mode: SAFE_HOLD, Override: Safe hold mode active
2025-05-28 04:01:47,780 - INFO - [AUDIT] - Action: 0, Confidence: 1.0000, Safety Mode: SAFE_HOLD, Override: Safe hold mode active
2025-05-28 04:01:47,780 - INFO - [AUDIT] - Action: 0, Confidence: 1.0000, Safety Mode: SAFE_HOLD, Override: Safe hold mode active
2025-05-28 04:01:47,780 - INFO - [AUDIT] - Action: 0, Confidence: 1.0000, Safety Mode: SAFE_HOLD, Override: Safe hold mode active
2025-05-28 04:01:47,781 - INFO - [AUDIT] - Action: 0, Confidence: 1.0000, Safety Mode: SAFE_HOLD, Override: Safe hold mode active
2025-05-28 04:01:47,781 - INFO - [AUDIT] - Action: 0, Confidence: 1.0000, Safety Mode: SAFE_HOLD, Override: Safe hold mode active
2025-05-28 04:01:47,781 - INFO - [AUDIT] - Action: 0, Confidence: 1.0000, Safety Mode: SAFE_HOLD, Override: Safe hold mode active
2025-05-28 04:01:47,781 - INFO - [AUDIT] - Action: 0, Confidence: 1.0000, Safety Mode: SAFE_HOLD, Override: Safe hold mode active
2025-05-28 04:01:47,781 - INFO - [AUDIT] - Action: 0, Confidence: 1.0000, Safety Mode: SAFE_HOLD, Override: Safe hold mode active
2025-05-28 04:01:47,782 - INFO - [AUDIT] - Action: 0, Confidence: 1.0000, Safety Mode: SAFE_HOLD, Override: Safe hold mode active
2025-05-28 04:01:47,782 - INFO - [AUDIT] - Action: 0, Confidence: 1.0000, Safety Mode: SAFE_HOLD, Override: Safe hold mode active
2025-05-28 04:01:47,782 - INFO - [AUDIT] - Action: 0, Confidence: 1.0000, Safety Mode: SAFE_HOLD, Override: Safe hold mode active
2025-05-28 04:01:47,782 - INFO - [AUDIT] - Action: 0, Confidence: 1.0000, Safety Mode: SAFE_HOLD, Override: Safe hold mode active
2025-05-28 04:01:47,782 - INFO - [AUDIT] - Action: 0, Confidence: 1.0000, Safety Mode: SAFE_HOLD, Override: Safe hold mode active
2025-05-28 04:01:47,783 - INFO - [AUDIT] - Action: 0, Confidence: 1.0000, Safety Mode: SAFE_HOLD, Override: Safe hold mode active
2025-05-28 04:01:47,783 - INFO - [AUDIT] - Action: 0, Confidence: 1.0000, Safety Mode: SAFE_HOLD, Override: Safe hold mode active
2025-05-28 04:01:47,783 - INFO - [AUDIT] - Action: 0, Confidence: 1.0000, Safety Mode: SAFE_HOLD, Override: Safe hold mode active
2025-05-28 04:01:47,783 - INFO - [AUDIT] - Action: 0, Confidence: 1.0000, Safety Mode: SAFE_HOLD, Override: Safe hold mode active
2025-05-28 04:01:47,783 - INFO - [AUDIT] - Action: 0, Confidence: 1.0000, Safety Mode: SAFE_HOLD, Override: Safe hold mode active
2025-05-28 04:01:47,784 - INFO - [AUDIT] - Action: 0, Confidence: 1.0000, Safety Mode: SAFE_HOLD, Override: Safe hold mode active
2025-05-28 04:01:47,784 - INFO - [AUDIT] - Action: 0, Confidence: 1.0000, Safety Mode: SAFE_HOLD, Override: Safe hold mode active
2025-05-28 04:01:47,784 - INFO - [AUDIT] - Action: 0, Confidence: 1.0000, Safety Mode: SAFE_HOLD, Override: Safe hold mode active
2025-05-28 04:01:47,784 - INFO - [AUDIT] - Action: 0, Confidence: 1.0000, Safety Mode: SAFE_HOLD, Override: Safe hold mode active
2025-05-28 04:01:47,785 - INFO - [AUDIT] - Action: 0, Confidence: 1.0000, Safety Mode: SAFE_HOLD, Override: Safe hold mode active
2025-05-28 04:01:47,785 - INFO - [AUDIT] - Action: 0, Confidence: 1.0000, Safety Mode: SAFE_HOLD, Override: Safe hold mode active
2025-05-28 04:01:47,785 - INFO - [AUDIT] - Action: 0, Confidence: 1.0000, Safety Mode: SAFE_HOLD, Override: Safe hold mode active
2025-05-28 04:01:47,785 - INFO - [AUDIT] - Action: 0, Confidence: 1.0000, Safety Mode: SAFE_HOLD, Override: Safe hold mode active
2025-05-28 04:01:47,785 - INFO - [AUDIT] - Action: 0, Confidence: 1.0000, Safety Mode: SAFE_HOLD, Override: Safe hold mode active
2025-05-28 04:01:47,786 - INFO - [AUDIT] - Action: 0, Confidence: 1.0000, Safety Mode: SAFE_HOLD, Override: Safe hold mode active
2025-05-28 04:01:47,786 - INFO - [AUDIT] - Action: 0, Confidence: 1.0000, Safety Mode: SAFE_HOLD, Override: Safe hold mode active
2025-05-28 04:01:47,786 - INFO - [AUDIT] - Action: 0, Confidence: 1.0000, Safety Mode: SAFE_HOLD, Override: Safe hold mode active
2025-05-28 04:01:47,786 - INFO - [AUDIT] - Action: 0, Confidence: 1.0000, Safety Mode: SAFE_HOLD, Override: Safe hold mode active
2025-05-28 04:01:47,786 - INFO - [AUDIT] - Action: 0, Confidence: 1.0000, Safety Mode: SAFE_HOLD, Override: Safe hold mode active
2025-05-28 04:01:47,787 - INFO - [AUDIT] - Action: 0, Confidence: 1.0000, Safety Mode: SAFE_HOLD, Override: Safe hold mode active
2025-05-28 04:01:47,787 - INFO - [AUDIT] - Action: 0, Confidence: 1.0000, Safety Mode: SAFE_HOLD, Override: Safe hold mode active
2025-05-28 04:01:47,787 - INFO - [AUDIT] - Action: 0, Confidence: 1.0000, Safety Mode: SAFE_HOLD, Override: Safe hold mode active
2025-05-28 04:01:47,787 - INFO - [AUDIT] - Action: 0, Confidence: 1.0000, Safety Mode: SAFE_HOLD, Override: Safe hold mode active
2025-05-28 04:01:47,788 - INFO - [AUDIT] - Action: 0, Confidence: 1.0000, Safety Mode: SAFE_HOLD, Override: Safe hold mode active
2025-05-28 04:01:47,788 - INFO - [AUDIT] - Action: 0, Confidence: 1.0000, Safety Mode: SAFE_HOLD, Override: Safe hold mode active
2025-05-28 04:01:47,788 - INFO - [AUDIT] - Action: 0, Confidence: 1.0000, Safety Mode: SAFE_HOLD, Override: Safe hold mode active
2025-05-28 04:01:47,788 - INFO - [AUDIT] - Action: 0, Confidence: 1.0000, Safety Mode: SAFE_HOLD, Override: Safe hold mode active
2025-05-28 04:01:47,788 - INFO - [AUDIT] - Action: 0, Confidence: 1.0000, Safety Mode: SAFE_HOLD, Override: Safe hold mode active
2025-05-28 04:01:47,789 - INFO - [AUDIT] - Action: 0, Confidence: 1.0000, Safety Mode: SAFE_HOLD, Override: Safe hold mode active
2025-05-28 04:01:47,789 - INFO - [AUDIT] - Action: 0, Confidence: 1.0000, Safety Mode: SAFE_HOLD, Override: Safe hold mode active
2025-05-28 04:01:47,789 - INFO - [AUDIT] - Action: 0, Confidence: 1.0000, Safety Mode: SAFE_HOLD, Override: Safe hold mode active
2025-05-28 04:01:47,789 - INFO - [AUDIT] - Action: 0, Confidence: 1.0000, Safety Mode: SAFE_HOLD, Override: Safe hold mode active
2025-05-28 04:01:47,789 - INFO - [AUDIT] - Action: 0, Confidence: 1.0000, Safety Mode: SAFE_HOLD, Override: Safe hold mode active
2025-05-28 04:01:47,790 - INFO - [AUDIT] - Action: 0, Confidence: 1.0000, Safety Mode: SAFE_HOLD, Override: Safe hold mode active
2025-05-28 04:01:47,790 - INFO - [AUDIT] - Action: 0, Confidence: 1.0000, Safety Mode: SAFE_HOLD, Override: Safe hold mode active
2025-05-28 04:01:47,790 - INFO - [AUDIT] - Action: 0, Confidence: 1.0000, Safety Mode: SAFE_HOLD, Override: Safe hold mode active
2025-05-28 04:01:47,790 - INFO - [AUDIT] - Action: 0, Confidence: 1.0000, Safety Mode: SAFE_HOLD, Override: Safe hold mode active
2025-05-28 04:01:47,790 - INFO - [AUDIT] - Action: 0, Confidence: 1.0000, Safety Mode: SAFE_HOLD, Override: Safe hold mode active
2025-05-28 04:01:47,791 - INFO - [AUDIT] - Action: 0, Confidence: 1.0000, Safety Mode: SAFE_HOLD, Override: Safe hold mode active
2025-05-28 04:01:47,791 - INFO - [AUDIT] - Action: 0, Confidence: 1.0000, Safety Mode: SAFE_HOLD, Override: Safe hold mode active
2025-05-28 04:01:47,791 - INFO - [AUDIT] - Action: 0, Confidence: 1.0000, Safety Mode: SAFE_HOLD, Override: Safe hold mode active
2025-05-28 04:01:47,791 - INFO - [AUDIT] - Action: 0, Confidence: 1.0000, Safety Mode: SAFE_HOLD, Override: Safe hold mode active
2025-05-28 04:01:47,791 - INFO - [AUDIT] - Action: 0, Confidence: 1.0000, Safety Mode: SAFE_HOLD, Override: Safe hold mode active
2025-05-28 04:01:47,791 - INFO - [AUDIT] - Action: 0, Confidence: 1.0000, Safety Mode: SAFE_HOLD, Override: Safe hold mode active
2025-05-28 04:01:47,792 - INFO - [AUDIT] - Action: 0, Confidence: 1.0000, Safety Mode: SAFE_HOLD, Override: Safe hold mode active
2025-05-28 04:01:47,792 - INFO - [AUDIT] - Action: 0, Confidence: 1.0000, Safety Mode: SAFE_HOLD, Override: Safe hold mode active
2025-05-28 04:01:47,792 - INFO - [AUDIT] - Action: 0, Confidence: 1.0000, Safety Mode: SAFE_HOLD, Override: Safe hold mode active
2025-05-28 04:01:47,792 - INFO - [AUDIT] - Action: 0, Confidence: 1.0000, Safety Mode: SAFE_HOLD, Override: Safe hold mode active
2025-05-28 04:01:47,793 - INFO - [AUDIT] - Action: 0, Confidence: 1.0000, Safety Mode: SAFE_HOLD, Override: Safe hold mode active
2025-05-28 04:01:47,793 - INFO - [AUDIT] - Action: 0, Confidence: 1.0000, Safety Mode: SAFE_HOLD, Override: Safe hold mode active
2025-05-28 04:01:47,793 - INFO - [AUDIT] - Action: 0, Confidence: 1.0000, Safety Mode: SAFE_HOLD, Override: Safe hold mode active
2025-05-28 04:01:47,793 - INFO - [AUDIT] - Action: 0, Confidence: 1.0000, Safety Mode: SAFE_HOLD, Override: Safe hold mode active
2025-05-28 04:01:47,793 - INFO - [AUDIT] - Action: 0, Confidence: 1.0000, Safety Mode: SAFE_HOLD, Override: Safe hold mode active
2025-05-28 04:01:47,794 - INFO - [AUDIT] - Action: 0, Confidence: 1.0000, Safety Mode: SAFE_HOLD, Override: Safe hold mode active
2025-05-28 04:01:47,794 - INFO - [AUDIT] - Action: 0, Confidence: 1.0000, Safety Mode: SAFE_HOLD, Override: Safe hold mode active
2025-05-28 04:01:47,794 - INFO - [AUDIT] - Action: 0, Confidence: 1.0000, Safety Mode: SAFE_HOLD, Override: Safe hold mode active
2025-05-28 04:01:47,794 - INFO - [AUDIT] - Action: 0, Confidence: 1.0000, Safety Mode: SAFE_HOLD, Override: Safe hold mode active
2025-05-28 04:01:47,794 - INFO - [AUDIT] - Action: 0, Confidence: 1.0000, Safety Mode: SAFE_HOLD, Override: Safe hold mode active
2025-05-28 04:01:47,795 - INFO - [AUDIT] - Action: 0, Confidence: 1.0000, Safety Mode: SAFE_HOLD, Override: Safe hold mode active
2025-05-28 04:01:47,795 - INFO - [AUDIT] - Action: 0, Confidence: 1.0000, Safety Mode: SAFE_HOLD, Override: Safe hold mode active
2025-05-28 04:01:47,795 - INFO - [AUDIT] - Action: 0, Confidence: 1.0000, Safety Mode: SAFE_HOLD, Override: Safe hold mode active
2025-05-28 04:01:47,795 - INFO - [AUDIT] - Action: 0, Confidence: 1.0000, Safety Mode: SAFE_HOLD, Override: Safe hold mode active
2025-05-28 04:01:47,795 - INFO - [AUDIT] - Action: 0, Confidence: 1.0000, Safety Mode: SAFE_HOLD, Override: Safe hold mode active
2025-05-28 04:01:47,796 - INFO - [AUDIT] - Action: 0, Confidence: 1.0000, Safety Mode: SAFE_HOLD, Override: Safe hold mode active
2025-05-28 04:01:47,796 - INFO - [AUDIT] - Action: 0, Confidence: 1.0000, Safety Mode: SAFE_HOLD, Override: Safe hold mode active
2025-05-28 04:01:47,796 - INFO - [AUDIT] - Action: 0, Confidence: 1.0000, Safety Mode: SAFE_HOLD, Override: Safe hold mode active
2025-05-28 04:01:47,796 - INFO - [AUDIT] - Action: 0, Confidence: 1.0000, Safety Mode: SAFE_HOLD, Override: Safe hold mode active
2025-05-28 04:01:47,796 - INFO - [AUDIT] - Action: 0, Confidence: 1.0000, Safety Mode: SAFE_HOLD, Override: Safe hold mode active
2025-05-28 04:01:47,797 - INFO - [AUDIT] - Action: 0, Confidence: 1.0000, Safety Mode: SAFE_HOLD, Override: Safe hold mode active
2025-05-28 04:01:47,797 - INFO - [AUDIT] - Action: 0, Confidence: 1.0000, Safety Mode: SAFE_HOLD, Override: Safe hold mode active
2025-05-28 04:01:47,797 - INFO - [AUDIT] - Action: 0, Confidence: 1.0000, Safety Mode: SAFE_HOLD, Override: Safe hold mode active
2025-05-28 04:01:47,797 - INFO - [AUDIT] - Action: 0, Confidence: 1.0000, Safety Mode: SAFE_HOLD, Override: Safe hold mode active
2025-05-28 04:01:47,797 - INFO - [AUDIT] - Action: 0, Confidence: 1.0000, Safety Mode: SAFE_HOLD, Override: Safe hold mode active
2025-05-28 04:01:47,798 - INFO - [AUDIT] - Action: 0, Confidence: 1.0000, Safety Mode: SAFE_HOLD, Override: Safe hold mode active
2025-05-28 04:01:47,798 - INFO - [AUDIT] - Action: 0, Confidence: 1.0000, Safety Mode: SAFE_HOLD, Override: Safe hold mode active
2025-05-28 04:01:47,798 - INFO - [AUDIT] - Action: 0, Confidence: 1.0000, Safety Mode: SAFE_HOLD, Override: Safe hold mode active
2025-05-28 04:01:47,798 - INFO - [AUDIT] - Action: 0, Confidence: 1.0000, Safety Mode: SAFE_HOLD, Override: Safe hold mode active
2025-05-28 04:01:47,798 - INFO - [AUDIT] - Action: 0, Confidence: 1.0000, Safety Mode: SAFE_HOLD, Override: Safe hold mode active
2025-05-28 04:01:47,799 - INFO - [AUDIT] - Action: 0, Confidence: 1.0000, Safety Mode: SAFE_HOLD, Override: Safe hold mode active
2025-05-28 04:01:47,799 - INFO - [AUDIT] - Action: 0, Confidence: 1.0000, Safety Mode: SAFE_HOLD, Override: Safe hold mode active
2025-05-28 04:01:47,799 - INFO - [AUDIT] - Action: 0, Confidence: 1.0000, Safety Mode: SAFE_HOLD, Override: Safe hold mode active
2025-05-28 04:01:47,799 - INFO - [AUDIT] - Action: 0, Confidence: 1.0000, Safety Mode: SAFE_HOLD, Override: Safe hold mode active
2025-05-28 04:01:47,799 - INFO - [AUDIT] - Action: 0, Confidence: 1.0000, Safety Mode: SAFE_HOLD, Override: Safe hold mode active
2025-05-28 04:01:47,800 - INFO - [AUDIT] - Action: 0, Confidence: 1.0000, Safety Mode: SAFE_HOLD, Override: Safe hold mode active
2025-05-28 04:01:47,800 - INFO - [AUDIT] - Action: 0, Confidence: 1.0000, Safety Mode: SAFE_HOLD, Override: Safe hold mode active
2025-05-28 04:01:47,800 - INFO - [AUDIT] - Action: 0, Confidence: 1.0000, Safety Mode: SAFE_HOLD, Override: Safe hold mode active
2025-05-28 04:01:47,800 - INFO - [AUDIT] - Action: 0, Confidence: 1.0000, Safety Mode: SAFE_HOLD, Override: Safe hold mode active
2025-05-28 04:01:47,800 - INFO - [AUDIT] - Action: 0, Confidence: 1.0000, Safety Mode: SAFE_HOLD, Override: Safe hold mode active
2025-05-28 04:01:47,801 - INFO - [AUDIT] - Action: 0, Confidence: 1.0000, Safety Mode: SAFE_HOLD, Override: Safe hold mode active
2025-05-28 04:01:47,801 - INFO - [AUDIT] - Action: 0, Confidence: 1.0000, Safety Mode: SAFE_HOLD, Override: Safe hold mode active
2025-05-28 04:01:47,801 - INFO - [AUDIT] - Action: 0, Confidence: 1.0000, Safety Mode: SAFE_HOLD, Override: Safe hold mode active
2025-05-28 04:01:47,801 - INFO - [AUDIT] - Action: 0, Confidence: 1.0000, Safety Mode: SAFE_HOLD, Override: Safe hold mode active
2025-05-28 04:01:47,802 - INFO - [AUDIT] - Action: 0, Confidence: 1.0000, Safety Mode: SAFE_HOLD, Override: Safe hold mode active
2025-05-28 04:01:47,802 - INFO - [AUDIT] - Action: 0, Confidence: 1.0000, Safety Mode: SAFE_HOLD, Override: Safe hold mode active
2025-05-28 04:01:47,802 - INFO - [AUDIT] - Action: 0, Confidence: 1.0000, Safety Mode: SAFE_HOLD, Override: Safe hold mode active
2025-05-28 04:01:47,802 - INFO - [AUDIT] - Action: 0, Confidence: 1.0000, Safety Mode: SAFE_HOLD, Override: Safe hold mode active
2025-05-28 04:01:47,802 - INFO - [AUDIT] - Action: 0, Confidence: 1.0000, Safety Mode: SAFE_HOLD, Override: Safe hold mode active
2025-05-28 04:01:47,803 - INFO - [AUDIT] - Action: 0, Confidence: 1.0000, Safety Mode: SAFE_HOLD, Override: Safe hold mode active
2025-05-28 04:01:47,803 - INFO - [AUDIT] - Action: 0, Confidence: 1.0000, Safety Mode: SAFE_HOLD, Override: Safe hold mode active
2025-05-28 04:01:47,803 - INFO - [AUDIT] - Action: 0, Confidence: 1.0000, Safety Mode: SAFE_HOLD, Override: Safe hold mode active
2025-05-28 04:01:47,803 - INFO - [AUDIT] - Action: 0, Confidence: 1.0000, Safety Mode: SAFE_HOLD, Override: Safe hold mode active
2025-05-28 04:01:47,803 - INFO - [AUDIT] - Action: 0, Confidence: 1.0000, Safety Mode: SAFE_HOLD, Override: Safe hold mode active
2025-05-28 04:01:47,804 - INFO - [AUDIT] - Action: 0, Confidence: 1.0000, Safety Mode: SAFE_HOLD, Override: Safe hold mode active
2025-05-28 04:01:47,804 - INFO - [AUDIT] - Action: 0, Confidence: 1.0000, Safety Mode: SAFE_HOLD, Override: Safe hold mode active
2025-05-28 04:01:47,804 - INFO - [AUDIT] - Action: 0, Confidence: 1.0000, Safety Mode: SAFE_HOLD, Override: Safe hold mode active
2025-05-28 04:01:47,804 - INFO - [AUDIT] - Action: 0, Confidence: 1.0000, Safety Mode: SAFE_HOLD, Override: Safe hold mode active
2025-05-28 04:01:47,804 - INFO - [AUDIT] - Action: 0, Confidence: 1.0000, Safety Mode: SAFE_HOLD, Override: Safe hold mode active
2025-05-28 04:01:47,805 - INFO - [AUDIT] - Action: 0, Confidence: 1.0000, Safety Mode: SAFE_HOLD, Override: Safe hold mode active
2025-05-28 04:01:47,805 - INFO - [AUDIT] - Action: 0, Confidence: 1.0000, Safety Mode: SAFE_HOLD, Override: Safe hold mode active
2025-05-28 04:01:47,805 - INFO - [AUDIT] - Action: 0, Confidence: 1.0000, Safety Mode: SAFE_HOLD, Override: Safe hold mode active
2025-05-28 04:01:47,805 - INFO - [AUDIT] - Action: 0, Confidence: 1.0000, Safety Mode: SAFE_HOLD, Override: Safe hold mode active
2025-05-28 04:01:47,805 - INFO - [AUDIT] - Action: 0, Confidence: 1.0000, Safety Mode: SAFE_HOLD, Override: Safe hold mode active
2025-05-28 04:01:47,806 - INFO - [AUDIT] - Action: 0, Confidence: 1.0000, Safety Mode: SAFE_HOLD, Override: Safe hold mode active
2025-05-28 04:01:47,806 - INFO - [AUDIT] - Action: 0, Confidence: 1.0000, Safety Mode: SAFE_HOLD, Override: Safe hold mode active
2025-05-28 04:01:47,806 - INFO - [AUDIT] - Action: 0, Confidence: 1.0000, Safety Mode: SAFE_HOLD, Override: Safe hold mode active
2025-05-28 04:01:47,806 - INFO - [AUDIT] - Action: 0, Confidence: 1.0000, Safety Mode: SAFE_HOLD, Override: Safe hold mode active
2025-05-28 04:01:47,806 - INFO - [AUDIT] - Action: 0, Confidence: 1.0000, Safety Mode: SAFE_HOLD, Override: Safe hold mode active
2025-05-28 04:01:47,806 - INFO - [AUDIT] - Action: 0, Confidence: 1.0000, Safety Mode: SAFE_HOLD, Override: Safe hold mode active
2025-05-28 04:01:47,807 - INFO - [AUDIT] - Action: 0, Confidence: 1.0000, Safety Mode: SAFE_HOLD, Override: Safe hold mode active
2025-05-28 04:01:47,807 - INFO - [AUDIT] - Action: 0, Confidence: 1.0000, Safety Mode: SAFE_HOLD, Override: Safe hold mode active
2025-05-28 04:01:47,807 - INFO - [AUDIT] - Action: 0, Confidence: 1.0000, Safety Mode: SAFE_HOLD, Override: Safe hold mode active
2025-05-28 04:01:47,807 - INFO - [AUDIT] - Action: 0, Confidence: 1.0000, Safety Mode: SAFE_HOLD, Override: Safe hold mode active
2025-05-28 04:01:47,807 - INFO - [AUDIT] - Action: 0, Confidence: 1.0000, Safety Mode: SAFE_HOLD, Override: Safe hold mode active
2025-05-28 04:01:47,808 - INFO - [AUDIT] - Action: 0, Confidence: 1.0000, Safety Mode: SAFE_HOLD, Override: Safe hold mode active
2025-05-28 04:01:47,808 - INFO - [AUDIT] - Action: 0, Confidence: 1.0000, Safety Mode: SAFE_HOLD, Override: Safe hold mode active
2025-05-28 04:01:47,808 - INFO - [AUDIT] - Action: 0, Confidence: 1.0000, Safety Mode: SAFE_HOLD, Override: Safe hold mode active
2025-05-28 04:01:47,808 - INFO - [AUDIT] - Action: 0, Confidence: 1.0000, Safety Mode: SAFE_HOLD, Override: Safe hold mode active
2025-05-28 04:01:47,808 - INFO - [AUDIT] - Action: 0, Confidence: 1.0000, Safety Mode: SAFE_HOLD, Override: Safe hold mode active
2025-05-28 04:01:47,809 - INFO - [AUDIT] - Action: 0, Confidence: 1.0000, Safety Mode: SAFE_HOLD, Override: Safe hold mode active
2025-05-28 04:01:47,809 - INFO - [AUDIT] - Action: 0, Confidence: 1.0000, Safety Mode: SAFE_HOLD, Override: Safe hold mode active
2025-05-28 04:01:47,809 - INFO - [AUDIT] - Action: 0, Confidence: 1.0000, Safety Mode: SAFE_HOLD, Override: Safe hold mode active
2025-05-28 04:01:47,809 - INFO - [AUDIT] - Action: 0, Confidence: 1.0000, Safety Mode: SAFE_HOLD, Override: Safe hold mode active
2025-05-28 04:01:47,809 - INFO - [AUDIT] - Action: 0, Confidence: 1.0000, Safety Mode: SAFE_HOLD, Override: Safe hold mode active
2025-05-28 04:01:47,810 - INFO - [AUDIT] - Action: 0, Confidence: 1.0000, Safety Mode: SAFE_HOLD, Override: Safe hold mode active
2025-05-28 04:01:47,810 - INFO - [AUDIT] - Action: 0, Confidence: 1.0000, Safety Mode: SAFE_HOLD, Override: Safe hold mode active
2025-05-28 04:01:47,810 - INFO - [AUDIT] - Action: 0, Confidence: 1.0000, Safety Mode: SAFE_HOLD, Override: Safe hold mode active
2025-05-28 04:01:47,810 - INFO - [AUDIT] - Action: 0, Confidence: 1.0000, Safety Mode: SAFE_HOLD, Override: Safe hold mode active
2025-05-28 04:01:47,810 - INFO - [AUDIT] - Action: 0, Confidence: 1.0000, Safety Mode: SAFE_HOLD, Override: Safe hold mode active
2025-05-28 04:01:47,810 - INFO - [AUDIT] - Action: 0, Confidence: 1.0000, Safety Mode: SAFE_HOLD, Override: Safe hold mode active
2025-05-28 04:01:47,811 - INFO - [AUDIT] - Action: 0, Confidence: 1.0000, Safety Mode: SAFE_HOLD, Override: Safe hold mode active
2025-05-28 04:01:47,811 - INFO - [AUDIT] - Action: 0, Confidence: 1.0000, Safety Mode: SAFE_HOLD, Override: Safe hold mode active
2025-05-28 04:01:47,811 - INFO - [AUDIT] - Action: 0, Confidence: 1.0000, Safety Mode: SAFE_HOLD, Override: Safe hold mode active
2025-05-28 04:01:47,811 - INFO - [AUDIT] - Action: 0, Confidence: 1.0000, Safety Mode: SAFE_HOLD, Override: Safe hold mode active
2025-05-28 04:01:47,811 - INFO - [AUDIT] - Action: 0, Confidence: 1.0000, Safety Mode: SAFE_HOLD, Override: Safe hold mode active
2025-05-28 04:01:47,812 - INFO - [AUDIT] - Action: 0, Confidence: 1.0000, Safety Mode: SAFE_HOLD, Override: Safe hold mode active
2025-05-28 04:01:47,812 - INFO - [AUDIT] - Action: 0, Confidence: 1.0000, Safety Mode: SAFE_HOLD, Override: Safe hold mode active
2025-05-28 04:01:47,812 - INFO - [AUDIT] - Action: 0, Confidence: 1.0000, Safety Mode: SAFE_HOLD, Override: Safe hold mode active
2025-05-28 04:01:47,812 - INFO - [AUDIT] - Action: 0, Confidence: 1.0000, Safety Mode: SAFE_HOLD, Override: Safe hold mode active
2025-05-28 04:01:47,813 - INFO - [AUDIT] - Action: 0, Confidence: 1.0000, Safety Mode: SAFE_HOLD, Override: Safe hold mode active
2025-05-28 04:01:47,813 - INFO - [AUDIT] - Action: 0, Confidence: 1.0000, Safety Mode: SAFE_HOLD, Override: Safe hold mode active
2025-05-28 04:01:47,813 - INFO - [AUDIT] - Action: 0, Confidence: 1.0000, Safety Mode: SAFE_HOLD, Override: Safe hold mode active
2025-05-28 04:01:47,813 - INFO - [AUDIT] - Action: 0, Confidence: 1.0000, Safety Mode: SAFE_HOLD, Override: Safe hold mode active
2025-05-28 04:01:47,813 - INFO - [AUDIT] - Action: 0, Confidence: 1.0000, Safety Mode: SAFE_HOLD, Override: Safe hold mode active
2025-05-28 04:01:47,814 - INFO - [AUDIT] - Action: 0, Confidence: 1.0000, Safety Mode: SAFE_HOLD, Override: Safe hold mode active
2025-05-28 04:01:47,814 - INFO - [AUDIT] - Action: 0, Confidence: 1.0000, Safety Mode: SAFE_HOLD, Override: Safe hold mode active
2025-05-28 04:01:47,814 - INFO - [AUDIT] - Action: 0, Confidence: 1.0000, Safety Mode: SAFE_HOLD, Override: Safe hold mode active
2025-05-28 04:01:47,814 - INFO - [AUDIT] - Action: 0, Confidence: 1.0000, Safety Mode: SAFE_HOLD, Override: Safe hold mode active
2025-05-28 04:01:47,814 - INFO - [AUDIT] - Action: 0, Confidence: 1.0000, Safety Mode: SAFE_HOLD, Override: Safe hold mode active
2025-05-28 04:01:47,814 - INFO - [AUDIT] - Action: 0, Confidence: 1.0000, Safety Mode: SAFE_HOLD, Override: Safe hold mode active
2025-05-28 04:01:47,815 - INFO - [AUDIT] - Action: 0, Confidence: 1.0000, Safety Mode: SAFE_HOLD, Override: Safe hold mode active
2025-05-28 04:01:47,815 - INFO - [AUDIT] - Action: 0, Confidence: 1.0000, Safety Mode: SAFE_HOLD, Override: Safe hold mode active
2025-05-28 04:01:47,815 - INFO - [AUDIT] - Action: 0, Confidence: 1.0000, Safety Mode: SAFE_HOLD, Override: Safe hold mode active
2025-05-28 04:01:47,815 - INFO - [AUDIT] - Action: 0, Confidence: 1.0000, Safety Mode: SAFE_HOLD, Override: Safe hold mode active
2025-05-28 04:01:47,815 - INFO - [AUDIT] - Action: 0, Confidence: 1.0000, Safety Mode: SAFE_HOLD, Override: Safe hold mode active
2025-05-28 04:01:47,816 - INFO - [AUDIT] - Action: 0, Confidence: 1.0000, Safety Mode: SAFE_HOLD, Override: Safe hold mode active
2025-05-28 04:01:47,816 - INFO - [AUDIT] - Action: 0, Confidence: 1.0000, Safety Mode: SAFE_HOLD, Override: Safe hold mode active
2025-05-28 04:01:47,816 - INFO - [AUDIT] - Action: 0, Confidence: 1.0000, Safety Mode: SAFE_HOLD, Override: Safe hold mode active
2025-05-28 04:01:47,816 - INFO - [AUDIT] - Action: 0, Confidence: 1.0000, Safety Mode: SAFE_HOLD, Override: Safe hold mode active
2025-05-28 04:01:47,816 - INFO - [AUDIT] - Action: 0, Confidence: 1.0000, Safety Mode: SAFE_HOLD, Override: Safe hold mode active
2025-05-28 04:01:47,817 - INFO - [AUDIT] - Action: 0, Confidence: 1.0000, Safety Mode: SAFE_HOLD, Override: Safe hold mode active
2025-05-28 04:01:47,817 - INFO - [AUDIT] - Action: 0, Confidence: 1.0000, Safety Mode: SAFE_HOLD, Override: Safe hold mode active
2025-05-28 04:01:47,817 - INFO - [AUDIT] - Action: 0, Confidence: 1.0000, Safety Mode: SAFE_HOLD, Override: Safe hold mode active
2025-05-28 04:01:47,818 - INFO - [AUDIT] - Action: 0, Confidence: 1.0000, Safety Mode: SAFE_HOLD, Override: Safe hold mode active
2025-05-28 04:01:47,818 - INFO - [AUDIT] - Action: 0, Confidence: 1.0000, Safety Mode: SAFE_HOLD, Override: Safe hold mode active
2025-05-28 04:01:47,818 - INFO - [AUDIT] - Action: 0, Confidence: 1.0000, Safety Mode: SAFE_HOLD, Override: Safe hold mode active
2025-05-28 04:01:47,818 - INFO - [AUDIT] - Action: 0, Confidence: 1.0000, Safety Mode: SAFE_HOLD, Override: Safe hold mode active
2025-05-28 04:01:47,818 - INFO - [AUDIT] - Action: 0, Confidence: 1.0000, Safety Mode: SAFE_HOLD, Override: Safe hold mode active
2025-05-28 04:01:47,819 - INFO - [AUDIT] - Action: 0, Confidence: 1.0000, Safety Mode: SAFE_HOLD, Override: Safe hold mode active
2025-05-28 04:01:47,819 - INFO - [AUDIT] - Action: 0, Confidence: 1.0000, Safety Mode: SAFE_HOLD, Override: Safe hold mode active
2025-05-28 04:01:47,819 - INFO - [AUDIT] - Action: 0, Confidence: 1.0000, Safety Mode: SAFE_HOLD, Override: Safe hold mode active
2025-05-28 04:01:47,819 - INFO - [AUDIT] - Action: 0, Confidence: 1.0000, Safety Mode: SAFE_HOLD, Override: Safe hold mode active
2025-05-28 04:01:47,819 - INFO - [AUDIT] - Action: 0, Confidence: 1.0000, Safety Mode: SAFE_HOLD, Override: Safe hold mode active
2025-05-28 04:01:47,820 - INFO - [AUDIT] - Action: 0, Confidence: 1.0000, Safety Mode: SAFE_HOLD, Override: Safe hold mode active
2025-05-28 04:01:47,820 - INFO - [AUDIT] - Action: 0, Confidence: 1.0000, Safety Mode: SAFE_HOLD, Override: Safe hold mode active
2025-05-28 04:01:47,820 - INFO - [AUDIT] - Action: 0, Confidence: 1.0000, Safety Mode: SAFE_HOLD, Override: Safe hold mode active
2025-05-28 04:01:47,820 - INFO - [AUDIT] - Action: 0, Confidence: 1.0000, Safety Mode: SAFE_HOLD, Override: Safe hold mode active
2025-05-28 04:01:47,820 - INFO - [AUDIT] - Action: 0, Confidence: 1.0000, Safety Mode: SAFE_HOLD, Override: Safe hold mode active
2025-05-28 04:01:47,820 - INFO - [AUDIT] - Action: 0, Confidence: 1.0000, Safety Mode: SAFE_HOLD, Override: Safe hold mode active
2025-05-28 04:01:47,821 - INFO - [AUDIT] - Action: 0, Confidence: 1.0000, Safety Mode: SAFE_HOLD, Override: Safe hold mode active
2025-05-28 04:01:47,821 - INFO - [AUDIT] - Action: 0, Confidence: 1.0000, Safety Mode: SAFE_HOLD, Override: Safe hold mode active
2025-05-28 04:01:47,821 - INFO - [AUDIT] - Action: 0, Confidence: 1.0000, Safety Mode: SAFE_HOLD, Override: Safe hold mode active
2025-05-28 04:01:47,821 - INFO - [AUDIT] - Action: 0, Confidence: 1.0000, Safety Mode: SAFE_HOLD, Override: Safe hold mode active
2025-05-28 04:01:47,822 - INFO - [AUDIT] - Action: 0, Confidence: 1.0000, Safety Mode: SAFE_HOLD, Override: Safe hold mode active
2025-05-28 04:01:47,822 - INFO - [AUDIT] - Action: 0, Confidence: 1.0000, Safety Mode: SAFE_HOLD, Override: Safe hold mode active
2025-05-28 04:01:47,822 - INFO - [AUDIT] - Action: 0, Confidence: 1.0000, Safety Mode: SAFE_HOLD, Override: Safe hold mode active
2025-05-28 04:01:47,822 - INFO - [AUDIT] - Action: 0, Confidence: 1.0000, Safety Mode: SAFE_HOLD, Override: Safe hold mode active
2025-05-28 04:01:47,823 - INFO - [AUDIT] - Action: 0, Confidence: 1.0000, Safety Mode: SAFE_HOLD, Override: Safe hold mode active
2025-05-28 04:01:47,823 - INFO - [AUDIT] - Action: 0, Confidence: 1.0000, Safety Mode: SAFE_HOLD, Override: Safe hold mode active
2025-05-28 04:01:47,823 - INFO - [AUDIT] - Action: 0, Confidence: 1.0000, Safety Mode: SAFE_HOLD, Override: Safe hold mode active
2025-05-28 04:01:47,823 - INFO - [AUDIT] - Action: 0, Confidence: 1.0000, Safety Mode: SAFE_HOLD, Override: Safe hold mode active
2025-05-28 04:01:47,823 - INFO - [AUDIT] - Action: 0, Confidence: 1.0000, Safety Mode: SAFE_HOLD, Override: Safe hold mode active
2025-05-28 04:01:47,823 - INFO - [AUDIT] - Action: 0, Confidence: 1.0000, Safety Mode: SAFE_HOLD, Override: Safe hold mode active
2025-05-28 04:01:47,824 - INFO - [AUDIT] - Action: 0, Confidence: 1.0000, Safety Mode: SAFE_HOLD, Override: Safe hold mode active
2025-05-28 04:01:47,824 - INFO - [AUDIT] - Action: 0, Confidence: 1.0000, Safety Mode: SAFE_HOLD, Override: Safe hold mode active
2025-05-28 04:01:47,824 - INFO - [AUDIT] - Action: 0, Confidence: 1.0000, Safety Mode: SAFE_HOLD, Override: Safe hold mode active
2025-05-28 04:01:47,824 - INFO - [AUDIT] - Action: 0, Confidence: 1.0000, Safety Mode: SAFE_HOLD, Override: Safe hold mode active
2025-05-28 04:01:47,824 - INFO - [AUDIT] - Action: 0, Confidence: 1.0000, Safety Mode: SAFE_HOLD, Override: Safe hold mode active
2025-05-28 04:01:47,825 - INFO - [AUDIT] - Action: 0, Confidence: 1.0000, Safety Mode: SAFE_HOLD, Override: Safe hold mode active
2025-05-28 04:01:47,825 - INFO - [AUDIT] - Action: 0, Confidence: 1.0000, Safety Mode: SAFE_HOLD, Override: Safe hold mode active
2025-05-28 04:01:47,825 - INFO - [AUDIT] - Action: 0, Confidence: 1.0000, Safety Mode: SAFE_HOLD, Override: Safe hold mode active
2025-05-28 04:01:47,825 - INFO - [AUDIT] - Action: 0, Confidence: 1.0000, Safety Mode: SAFE_HOLD, Override: Safe hold mode active
2025-05-28 04:01:47,825 - INFO - [AUDIT] - Action: 0, Confidence: 1.0000, Safety Mode: SAFE_HOLD, Override: Safe hold mode active
2025-05-28 04:01:47,826 - INFO - [AUDIT] - Action: 0, Confidence: 1.0000, Safety Mode: SAFE_HOLD, Override: Safe hold mode active
2025-05-28 04:01:47,826 - INFO - [AUDIT] - Action: 0, Confidence: 1.0000, Safety Mode: SAFE_HOLD, Override: Safe hold mode active
2025-05-28 04:01:47,826 - INFO - [AUDIT] - Action: 0, Confidence: 1.0000, Safety Mode: SAFE_HOLD, Override: Safe hold mode active
2025-05-28 04:01:47,826 - INFO - [AUDIT] - Action: 0, Confidence: 1.0000, Safety Mode: SAFE_HOLD, Override: Safe hold mode active
2025-05-28 04:01:47,826 - INFO - [AUDIT] - Action: 0, Confidence: 1.0000, Safety Mode: SAFE_HOLD, Override: Safe hold mode active
2025-05-28 04:01:47,827 - INFO - [AUDIT] - Action: 0, Confidence: 1.0000, Safety Mode: SAFE_HOLD, Override: Safe hold mode active
2025-05-28 04:01:47,827 - INFO - [AUDIT] - Action: 0, Confidence: 1.0000, Safety Mode: SAFE_HOLD, Override: Safe hold mode active
2025-05-28 04:01:47,827 - INFO - [AUDIT] - Action: 0, Confidence: 1.0000, Safety Mode: SAFE_HOLD, Override: Safe hold mode active
2025-05-28 04:01:47,827 - INFO - [AUDIT] - Action: 0, Confidence: 1.0000, Safety Mode: SAFE_HOLD, Override: Safe hold mode active
2025-05-28 04:01:47,827 - INFO - [AUDIT] - Action: 0, Confidence: 1.0000, Safety Mode: SAFE_HOLD, Override: Safe hold mode active
2025-05-28 04:01:47,828 - INFO - [AUDIT] - Action: 0, Confidence: 1.0000, Safety Mode: SAFE_HOLD, Override: Safe hold mode active
2025-05-28 04:01:47,828 - INFO - [AUDIT] - Action: 0, Confidence: 1.0000, Safety Mode: SAFE_HOLD, Override: Safe hold mode active
2025-05-28 04:01:47,828 - INFO - [AUDIT] - Action: 0, Confidence: 1.0000, Safety Mode: SAFE_HOLD, Override: Safe hold mode active
2025-05-28 04:01:47,828 - INFO - [AUDIT] - Action: 0, Confidence: 1.0000, Safety Mode: SAFE_HOLD, Override: Safe hold mode active
2025-05-28 04:01:47,829 - INFO - [AUDIT] - Action: 0, Confidence: 1.0000, Safety Mode: SAFE_HOLD, Override: Safe hold mode active
2025-05-28 04:01:47,829 - INFO - [AUDIT] - Action: 0, Confidence: 1.0000, Safety Mode: SAFE_HOLD, Override: Safe hold mode active
2025-05-28 04:01:47,829 - INFO - [AUDIT] - Action: 0, Confidence: 1.0000, Safety Mode: SAFE_HOLD, Override: Safe hold mode active
2025-05-28 04:01:47,829 - INFO - [AUDIT] - Action: 0, Confidence: 1.0000, Safety Mode: SAFE_HOLD, Override: Safe hold mode active
2025-05-28 04:01:47,829 - INFO - [AUDIT] - Action: 0, Confidence: 1.0000, Safety Mode: SAFE_HOLD, Override: Safe hold mode active
2025-05-28 04:01:47,830 - INFO - [AUDIT] - Action: 0, Confidence: 1.0000, Safety Mode: SAFE_HOLD, Override: Safe hold mode active
2025-05-28 04:01:47,830 - INFO - [AUDIT] - Action: 0, Confidence: 1.0000, Safety Mode: SAFE_HOLD, Override: Safe hold mode active
2025-05-28 04:01:47,830 - INFO - [AUDIT] - Action: 0, Confidence: 1.0000, Safety Mode: SAFE_HOLD, Override: Safe hold mode active
2025-05-28 04:01:47,830 - INFO - [AUDIT] - Action: 0, Confidence: 1.0000, Safety Mode: SAFE_HOLD, Override: Safe hold mode active
2025-05-28 04:01:47,830 - INFO - [AUDIT] - Action: 0, Confidence: 1.0000, Safety Mode: SAFE_HOLD, Override: Safe hold mode active
2025-05-28 04:01:47,830 - INFO - [AUDIT] - Action: 0, Confidence: 1.0000, Safety Mode: SAFE_HOLD, Override: Safe hold mode active
2025-05-28 04:01:47,831 - INFO - [AUDIT] - Action: 0, Confidence: 1.0000, Safety Mode: SAFE_HOLD, Override: Safe hold mode active
2025-05-28 04:01:47,831 - INFO - [AUDIT] - Action: 0, Confidence: 1.0000, Safety Mode: SAFE_HOLD, Override: Safe hold mode active
2025-05-28 04:01:47,831 - INFO - [AUDIT] - Action: 0, Confidence: 1.0000, Safety Mode: SAFE_HOLD, Override: Safe hold mode active
2025-05-28 04:01:47,831 - INFO - [AUDIT] - Action: 0, Confidence: 1.0000, Safety Mode: SAFE_HOLD, Override: Safe hold mode active
2025-05-28 04:01:47,831 - INFO - [AUDIT] - Action: 0, Confidence: 1.0000, Safety Mode: SAFE_HOLD, Override: Safe hold mode active
2025-05-28 04:01:47,832 - INFO - [AUDIT] - Action: 0, Confidence: 1.0000, Safety Mode: SAFE_HOLD, Override: Safe hold mode active
2025-05-28 04:01:47,832 - INFO - [AUDIT] - Action: 0, Confidence: 1.0000, Safety Mode: SAFE_HOLD, Override: Safe hold mode active
2025-05-28 04:01:47,832 - INFO - [AUDIT] - Action: 0, Confidence: 1.0000, Safety Mode: SAFE_HOLD, Override: Safe hold mode active
2025-05-28 04:01:47,832 - INFO - [AUDIT] - Action: 0, Confidence: 1.0000, Safety Mode: SAFE_HOLD, Override: Safe hold mode active
2025-05-28 04:01:47,832 - INFO - [AUDIT] - Action: 0, Confidence: 1.0000, Safety Mode: SAFE_HOLD, Override: Safe hold mode active
2025-05-28 04:01:47,833 - INFO - [AUDIT] - Action: 0, Confidence: 1.0000, Safety Mode: SAFE_HOLD, Override: Safe hold mode active
2025-05-28 04:01:47,833 - INFO - [AUDIT] - Action: 0, Confidence: 1.0000, Safety Mode: SAFE_HOLD, Override: Safe hold mode active
2025-05-28 04:01:47,833 - INFO - [AUDIT] - Action: 0, Confidence: 1.0000, Safety Mode: SAFE_HOLD, Override: Safe hold mode active
2025-05-28 04:01:47,833 - INFO - [AUDIT] - Action: 0, Confidence: 1.0000, Safety Mode: SAFE_HOLD, Override: Safe hold mode active
2025-05-28 04:01:47,834 - INFO - [AUDIT] - Action: 0, Confidence: 1.0000, Safety Mode: SAFE_HOLD, Override: Safe hold mode active
2025-05-28 04:01:47,834 - INFO - [AUDIT] - Action: 0, Confidence: 1.0000, Safety Mode: SAFE_HOLD, Override: Safe hold mode active
2025-05-28 04:01:47,834 - INFO - [AUDIT] - Action: 0, Confidence: 1.0000, Safety Mode: SAFE_HOLD, Override: Safe hold mode active
2025-05-28 04:01:47,834 - INFO - [AUDIT] - Action: 0, Confidence: 1.0000, Safety Mode: SAFE_HOLD, Override: Safe hold mode active
2025-05-28 04:01:47,835 - INFO - [AUDIT] - Action: 0, Confidence: 1.0000, Safety Mode: SAFE_HOLD, Override: Safe hold mode active
2025-05-28 04:01:47,835 - INFO - [AUDIT] - Action: 0, Confidence: 1.0000, Safety Mode: SAFE_HOLD, Override: Safe hold mode active
2025-05-28 04:01:47,835 - INFO - [AUDIT] - Action: 0, Confidence: 1.0000, Safety Mode: SAFE_HOLD, Override: Safe hold mode active
2025-05-28 04:01:47,835 - INFO - [AUDIT] - Action: 0, Confidence: 1.0000, Safety Mode: SAFE_HOLD, Override: Safe hold mode active
2025-05-28 04:01:47,835 - INFO - [AUDIT] - Action: 0, Confidence: 1.0000, Safety Mode: SAFE_HOLD, Override: Safe hold mode active
2025-05-28 04:01:47,836 - INFO - [AUDIT] - Action: 0, Confidence: 1.0000, Safety Mode: SAFE_HOLD, Override: Safe hold mode active
2025-05-28 04:01:47,836 - INFO - [AUDIT] - Action: 0, Confidence: 1.0000, Safety Mode: SAFE_HOLD, Override: Safe hold mode active
2025-05-28 04:01:47,836 - INFO - [AUDIT] - Action: 0, Confidence: 1.0000, Safety Mode: SAFE_HOLD, Override: Safe hold mode active
2025-05-28 04:01:47,836 - INFO - [AUDIT] - Action: 0, Confidence: 1.0000, Safety Mode: SAFE_HOLD, Override: Safe hold mode active
2025-05-28 04:01:47,836 - INFO - [AUDIT] - Action: 0, Confidence: 1.0000, Safety Mode: SAFE_HOLD, Override: Safe hold mode active
2025-05-28 04:01:47,836 - INFO - [AUDIT] - Action: 0, Confidence: 1.0000, Safety Mode: SAFE_HOLD, Override: Safe hold mode active
2025-05-28 04:01:47,837 - INFO - [AUDIT] - Action: 0, Confidence: 1.0000, Safety Mode: SAFE_HOLD, Override: Safe hold mode active
2025-05-28 04:01:47,837 - INFO - [AUDIT] - Action: 0, Confidence: 1.0000, Safety Mode: SAFE_HOLD, Override: Safe hold mode active
2025-05-28 04:01:47,837 - INFO - [AUDIT] - Action: 0, Confidence: 1.0000, Safety Mode: SAFE_HOLD, Override: Safe hold mode active
2025-05-28 04:01:47,837 - INFO - [AUDIT] - Action: 0, Confidence: 1.0000, Safety Mode: SAFE_HOLD, Override: Safe hold mode active
2025-05-28 04:01:47,837 - INFO - [AUDIT] - Action: 0, Confidence: 1.0000, Safety Mode: SAFE_HOLD, Override: Safe hold mode active
2025-05-28 04:01:47,838 - INFO - [AUDIT] - Action: 0, Confidence: 1.0000, Safety Mode: SAFE_HOLD, Override: Safe hold mode active
2025-05-28 04:01:47,838 - INFO - [AUDIT] - Action: 0, Confidence: 1.0000, Safety Mode: SAFE_HOLD, Override: Safe hold mode active
2025-05-28 04:01:47,838 - INFO - [AUDIT] - Action: 0, Confidence: 1.0000, Safety Mode: SAFE_HOLD, Override: Safe hold mode active
2025-05-28 04:01:47,838 - INFO - [AUDIT] - Action: 0, Confidence: 1.0000, Safety Mode: SAFE_HOLD, Override: Safe hold mode active
2025-05-28 04:01:47,838 - INFO - [AUDIT] - Action: 0, Confidence: 1.0000, Safety Mode: SAFE_HOLD, Override: Safe hold mode active
2025-05-28 04:01:47,839 - INFO - [AUDIT] - Action: 0, Confidence: 1.0000, Safety Mode: SAFE_HOLD, Override: Safe hold mode active
2025-05-28 04:01:47,839 - INFO - [AUDIT] - Action: 0, Confidence: 1.0000, Safety Mode: SAFE_HOLD, Override: Safe hold mode active
2025-05-28 04:01:47,839 - INFO - [AUDIT] - Action: 0, Confidence: 1.0000, Safety Mode: SAFE_HOLD, Override: Safe hold mode active
2025-05-28 04:01:47,839 - INFO - [AUDIT] - Action: 0, Confidence: 1.0000, Safety Mode: SAFE_HOLD, Override: Safe hold mode active
2025-05-28 04:01:47,839 - INFO - [AUDIT] - Action: 0, Confidence: 1.0000, Safety Mode: SAFE_HOLD, Override: Safe hold mode active
2025-05-28 04:01:47,840 - INFO - [AUDIT] - Action: 0, Confidence: 1.0000, Safety Mode: SAFE_HOLD, Override: Safe hold mode active
2025-05-28 04:01:47,840 - INFO - [AUDIT] - Action: 0, Confidence: 1.0000, Safety Mode: SAFE_HOLD, Override: Safe hold mode active
2025-05-28 04:01:47,840 - INFO - [AUDIT] - Action: 0, Confidence: 1.0000, Safety Mode: SAFE_HOLD, Override: Safe hold mode active
2025-05-28 04:01:47,840 - INFO - [AUDIT] - Action: 0, Confidence: 1.0000, Safety Mode: SAFE_HOLD, Override: Safe hold mode active
2025-05-28 04:01:47,841 - INFO - [AUDIT] - Action: 0, Confidence: 1.0000, Safety Mode: SAFE_HOLD, Override: Safe hold mode active
2025-05-28 04:01:47,841 - INFO - [AUDIT] - Action: 0, Confidence: 1.0000, Safety Mode: SAFE_HOLD, Override: Safe hold mode active
2025-05-28 04:01:47,841 - INFO - [AUDIT] - Action: 0, Confidence: 1.0000, Safety Mode: SAFE_HOLD, Override: Safe hold mode active
2025-05-28 04:01:47,841 - INFO - [AUDIT] - Action: 0, Confidence: 1.0000, Safety Mode: SAFE_HOLD, Override: Safe hold mode active
2025-05-28 04:01:47,841 - INFO - [AUDIT] - Action: 0, Confidence: 1.0000, Safety Mode: SAFE_HOLD, Override: Safe hold mode active
2025-05-28 04:01:47,841 - INFO - [AUDIT] - Action: 0, Confidence: 1.0000, Safety Mode: SAFE_HOLD, Override: Safe hold mode active
2025-05-28 04:01:47,842 - INFO - [AUDIT] - Action: 0, Confidence: 1.0000, Safety Mode: SAFE_HOLD, Override: Safe hold mode active
2025-05-28 04:01:47,842 - INFO - [AUDIT] - Action: 0, Confidence: 1.0000, Safety Mode: SAFE_HOLD, Override: Safe hold mode active
2025-05-28 04:01:47,842 - INFO - [AUDIT] - Action: 0, Confidence: 1.0000, Safety Mode: SAFE_HOLD, Override: Safe hold mode active
2025-05-28 04:01:47,842 - INFO - [AUDIT] - Action: 0, Confidence: 1.0000, Safety Mode: SAFE_HOLD, Override: Safe hold mode active
2025-05-28 04:01:47,842 - INFO - [AUDIT] - Action: 0, Confidence: 1.0000, Safety Mode: SAFE_HOLD, Override: Safe hold mode active
2025-05-28 04:01:47,843 - INFO - [AUDIT] - Action: 0, Confidence: 1.0000, Safety Mode: SAFE_HOLD, Override: Safe hold mode active
2025-05-28 04:01:47,843 - INFO - [AUDIT] - Action: 0, Confidence: 1.0000, Safety Mode: SAFE_HOLD, Override: Safe hold mode active
2025-05-28 04:01:47,843 - INFO - [AUDIT] - Action: 0, Confidence: 1.0000, Safety Mode: SAFE_HOLD, Override: Safe hold mode active
2025-05-28 04:01:47,843 - INFO - [AUDIT] - Action: 0, Confidence: 1.0000, Safety Mode: SAFE_HOLD, Override: Safe hold mode active
2025-05-28 04:01:47,843 - INFO - [AUDIT] - Action: 0, Confidence: 1.0000, Safety Mode: SAFE_HOLD, Override: Safe hold mode active
2025-05-28 04:01:47,844 - INFO - [AUDIT] - Action: 0, Confidence: 1.0000, Safety Mode: SAFE_HOLD, Override: Safe hold mode active
2025-05-28 04:01:47,844 - INFO - [AUDIT] - Action: 0, Confidence: 1.0000, Safety Mode: SAFE_HOLD, Override: Safe hold mode active
2025-05-28 04:01:47,844 - INFO - [AUDIT] - Action: 0, Confidence: 1.0000, Safety Mode: SAFE_HOLD, Override: Safe hold mode active
2025-05-28 04:01:47,844 - INFO - [AUDIT] - Action: 0, Confidence: 1.0000, Safety Mode: SAFE_HOLD, Override: Safe hold mode active
2025-05-28 04:01:47,844 - INFO - [AUDIT] - Action: 0, Confidence: 1.0000, Safety Mode: SAFE_HOLD, Override: Safe hold mode active
2025-05-28 04:01:47,845 - INFO - [AUDIT] - Action: 0, Confidence: 1.0000, Safety Mode: SAFE_HOLD, Override: Safe hold mode active
2025-05-28 04:01:47,845 - INFO - [AUDIT] - Action: 0, Confidence: 1.0000, Safety Mode: SAFE_HOLD, Override: Safe hold mode active
2025-05-28 04:01:47,845 - INFO - [AUDIT] - Action: 0, Confidence: 1.0000, Safety Mode: SAFE_HOLD, Override: Safe hold mode active
2025-05-28 04:01:47,845 - INFO - [AUDIT] - Action: 0, Confidence: 1.0000, Safety Mode: SAFE_HOLD, Override: Safe hold mode active
2025-05-28 04:01:47,845 - INFO - [AUDIT] - Action: 0, Confidence: 1.0000, Safety Mode: SAFE_HOLD, Override: Safe hold mode active
2025-05-28 04:01:47,846 - INFO - [AUDIT] - Action: 0, Confidence: 1.0000, Safety Mode: SAFE_HOLD, Override: Safe hold mode active
2025-05-28 04:01:47,846 - INFO - [AUDIT] - Action: 0, Confidence: 1.0000, Safety Mode: SAFE_HOLD, Override: Safe hold mode active
2025-05-28 04:01:47,846 - INFO - [AUDIT] - Action: 0, Confidence: 1.0000, Safety Mode: SAFE_HOLD, Override: Safe hold mode active
2025-05-28 04:01:47,846 - INFO - [AUDIT] - Action: 0, Confidence: 1.0000, Safety Mode: SAFE_HOLD, Override: Safe hold mode active
2025-05-28 04:01:47,846 - INFO - [AUDIT] - Action: 0, Confidence: 1.0000, Safety Mode: SAFE_HOLD, Override: Safe hold mode active
2025-05-28 04:01:47,846 - INFO - [AUDIT] - Action: 0, Confidence: 1.0000, Safety Mode: SAFE_HOLD, Override: Safe hold mode active
2025-05-28 04:01:47,847 - INFO - [AUDIT] - Action: 0, Confidence: 1.0000, Safety Mode: SAFE_HOLD, Override: Safe hold mode active
2025-05-28 04:01:47,847 - INFO - [AUDIT] - Action: 0, Confidence: 1.0000, Safety Mode: SAFE_HOLD, Override: Safe hold mode active
2025-05-28 04:01:47,847 - INFO - [AUDIT] - Action: 0, Confidence: 1.0000, Safety Mode: SAFE_HOLD, Override: Safe hold mode active
2025-05-28 04:01:47,847 - INFO - [AUDIT] - Action: 0, Confidence: 1.0000, Safety Mode: SAFE_HOLD, Override: Safe hold mode active
2025-05-28 04:01:47,847 - INFO - [AUDIT] - Action: 0, Confidence: 1.0000, Safety Mode: SAFE_HOLD, Override: Safe hold mode active
2025-05-28 04:01:47,848 - INFO - [AUDIT] - Action: 0, Confidence: 1.0000, Safety Mode: SAFE_HOLD, Override: Safe hold mode active
2025-05-28 04:01:47,848 - INFO - [AUDIT] - Action: 0, Confidence: 1.0000, Safety Mode: SAFE_HOLD, Override: Safe hold mode active
2025-05-28 04:01:47,848 - INFO - [AUDIT] - Action: 0, Confidence: 1.0000, Safety Mode: SAFE_HOLD, Override: Safe hold mode active
2025-05-28 04:01:47,848 - INFO - [AUDIT] - Action: 0, Confidence: 1.0000, Safety Mode: SAFE_HOLD, Override: Safe hold mode active
2025-05-28 04:01:47,848 - INFO - [AUDIT] - Action: 0, Confidence: 1.0000, Safety Mode: SAFE_HOLD, Override: Safe hold mode active
2025-05-28 04:01:47,849 - INFO - [AUDIT] - Action: 0, Confidence: 1.0000, Safety Mode: SAFE_HOLD, Override: Safe hold mode active
2025-05-28 04:01:47,849 - INFO - [AUDIT] - Action: 0, Confidence: 1.0000, Safety Mode: SAFE_HOLD, Override: Safe hold mode active
2025-05-28 04:01:47,849 - INFO - [AUDIT] - Action: 0, Confidence: 1.0000, Safety Mode: SAFE_HOLD, Override: Safe hold mode active
2025-05-28 04:01:47,849 - INFO - [AUDIT] - Action: 0, Confidence: 1.0000, Safety Mode: SAFE_HOLD, Override: Safe hold mode active
2025-05-28 04:01:47,849 - INFO - [AUDIT] - Action: 0, Confidence: 1.0000, Safety Mode: SAFE_HOLD, Override: Safe hold mode active
2025-05-28 04:01:47,849 - INFO - [AUDIT] - Action: 0, Confidence: 1.0000, Safety Mode: SAFE_HOLD, Override: Safe hold mode active
2025-05-28 04:01:47,850 - INFO - [AUDIT] - Action: 0, Confidence: 1.0000, Safety Mode: SAFE_HOLD, Override: Safe hold mode active
2025-05-28 04:01:47,850 - INFO - [AUDIT] - Action: 0, Confidence: 1.0000, Safety Mode: SAFE_HOLD, Override: Safe hold mode active
2025-05-28 04:01:47,850 - INFO - [AUDIT] - Action: 0, Confidence: 1.0000, Safety Mode: SAFE_HOLD, Override: Safe hold mode active
2025-05-28 04:01:47,850 - INFO - [AUDIT] - Action: 0, Confidence: 1.0000, Safety Mode: SAFE_HOLD, Override: Safe hold mode active
2025-05-28 04:01:47,850 - INFO - [AUDIT] - Action: 0, Confidence: 1.0000, Safety Mode: SAFE_HOLD, Override: Safe hold mode active
2025-05-28 04:01:47,851 - INFO - [AUDIT] - Action: 0, Confidence: 1.0000, Safety Mode: SAFE_HOLD, Override: Safe hold mode active
2025-05-28 04:01:47,851 - INFO - [AUDIT] - Action: 0, Confidence: 1.0000, Safety Mode: SAFE_HOLD, Override: Safe hold mode active
2025-05-28 04:01:47,851 - INFO - [AUDIT] - Action: 0, Confidence: 1.0000, Safety Mode: SAFE_HOLD, Override: Safe hold mode active
2025-05-28 04:01:47,852 - INFO - [AUDIT] - Action: 0, Confidence: 1.0000, Safety Mode: SAFE_HOLD, Override: Safe hold mode active
2025-05-28 04:01:47,852 - INFO - [AUDIT] - Action: 0, Confidence: 1.0000, Safety Mode: SAFE_HOLD, Override: Safe hold mode active
2025-05-28 04:01:47,852 - INFO - [AUDIT] - Action: 0, Confidence: 1.0000, Safety Mode: SAFE_HOLD, Override: Safe hold mode active
2025-05-28 04:01:47,852 - INFO - [AUDIT] - Action: 0, Confidence: 1.0000, Safety Mode: SAFE_HOLD, Override: Safe hold mode active
2025-05-28 04:01:47,852 - INFO - [AUDIT] - Action: 0, Confidence: 1.0000, Safety Mode: SAFE_HOLD, Override: Safe hold mode active
2025-05-28 04:01:47,853 - INFO - [AUDIT] - Action: 0, Confidence: 1.0000, Safety Mode: SAFE_HOLD, Override: Safe hold mode active
2025-05-28 04:01:47,853 - INFO - [AUDIT] - Action: 0, Confidence: 1.0000, Safety Mode: SAFE_HOLD, Override: Safe hold mode active
2025-05-28 04:01:47,853 - INFO - [AUDIT] - Action: 0, Confidence: 1.0000, Safety Mode: SAFE_HOLD, Override: Safe hold mode active
2025-05-28 04:01:47,853 - INFO - [AUDIT] - Action: 0, Confidence: 1.0000, Safety Mode: SAFE_HOLD, Override: Safe hold mode active
2025-05-28 04:01:47,853 - INFO - [AUDIT] - Action: 0, Confidence: 1.0000, Safety Mode: SAFE_HOLD, Override: Safe hold mode active
2025-05-28 04:01:47,854 - INFO - [AUDIT] - Action: 0, Confidence: 1.0000, Safety Mode: SAFE_HOLD, Override: Safe hold mode active
2025-05-28 04:01:47,854 - INFO - [AUDIT] - Action: 0, Confidence: 1.0000, Safety Mode: SAFE_HOLD, Override: Safe hold mode active
2025-05-28 04:01:47,854 - INFO - [AUDIT] - Action: 0, Confidence: 1.0000, Safety Mode: SAFE_HOLD, Override: Safe hold mode active
2025-05-28 04:01:47,854 - INFO - [AUDIT] - Action: 0, Confidence: 1.0000, Safety Mode: SAFE_HOLD, Override: Safe hold mode active
2025-05-28 04:01:47,854 - INFO - [AUDIT] - Action: 0, Confidence: 1.0000, Safety Mode: SAFE_HOLD, Override: Safe hold mode active
2025-05-28 04:01:47,855 - INFO - [AUDIT] - Action: 0, Confidence: 1.0000, Safety Mode: SAFE_HOLD, Override: Safe hold mode active
2025-05-28 04:01:47,855 - INFO - [AUDIT] - Action: 0, Confidence: 1.0000, Safety Mode: SAFE_HOLD, Override: Safe hold mode active
2025-05-28 04:01:47,855 - INFO - [AUDIT] - Action: 0, Confidence: 1.0000, Safety Mode: SAFE_HOLD, Override: Safe hold mode active
2025-05-28 04:01:47,855 - INFO - [AUDIT] - Action: 0, Confidence: 1.0000, Safety Mode: SAFE_HOLD, Override: Safe hold mode active
2025-05-28 04:01:47,855 - INFO - [AUDIT] - Action: 0, Confidence: 1.0000, Safety Mode: SAFE_HOLD, Override: Safe hold mode active
2025-05-28 04:01:47,856 - INFO - [AUDIT] - Action: 0, Confidence: 1.0000, Safety Mode: SAFE_HOLD, Override: Safe hold mode active
2025-05-28 04:01:47,856 - INFO - [AUDIT] - Action: 0, Confidence: 1.0000, Safety Mode: SAFE_HOLD, Override: Safe hold mode active
2025-05-28 04:01:47,856 - INFO - [AUDIT] - Action: 0, Confidence: 1.0000, Safety Mode: SAFE_HOLD, Override: Safe hold mode active
2025-05-28 04:01:47,856 - INFO - [AUDIT] - Action: 0, Confidence: 1.0000, Safety Mode: SAFE_HOLD, Override: Safe hold mode active
2025-05-28 04:01:47,856 - INFO - [AUDIT] - Action: 0, Confidence: 1.0000, Safety Mode: SAFE_HOLD, Override: Safe hold mode active
2025-05-28 04:01:47,856 - INFO - [AUDIT] - Action: 0, Confidence: 1.0000, Safety Mode: SAFE_HOLD, Override: Safe hold mode active
2025-05-28 04:01:47,857 - INFO - [AUDIT] - Action: 0, Confidence: 1.0000, Safety Mode: SAFE_HOLD, Override: Safe hold mode active
2025-05-28 04:01:47,857 - INFO - [AUDIT] - Action: 0, Confidence: 1.0000, Safety Mode: SAFE_HOLD, Override: Safe hold mode active
2025-05-28 04:01:47,857 - INFO - [AUDIT] - Action: 0, Confidence: 1.0000, Safety Mode: SAFE_HOLD, Override: Safe hold mode active
2025-05-28 04:01:47,857 - INFO - [AUDIT] - Action: 0, Confidence: 1.0000, Safety Mode: SAFE_HOLD, Override: Safe hold mode active
2025-05-28 04:01:47,858 - INFO - [AUDIT] - Action: 0, Confidence: 1.0000, Safety Mode: SAFE_HOLD, Override: Safe hold mode active
2025-05-28 04:01:47,858 - INFO - [AUDIT] - Action: 0, Confidence: 1.0000, Safety Mode: SAFE_HOLD, Override: Safe hold mode active
2025-05-28 04:01:47,858 - INFO - [AUDIT] - Action: 0, Confidence: 1.0000, Safety Mode: SAFE_HOLD, Override: Safe hold mode active
2025-05-28 04:01:47,858 - INFO - [AUDIT] - Action: 0, Confidence: 1.0000, Safety Mode: SAFE_HOLD, Override: Safe hold mode active
2025-05-28 04:01:47,858 - INFO - [AUDIT] - Action: 0, Confidence: 1.0000, Safety Mode: SAFE_HOLD, Override: Safe hold mode active
2025-05-28 04:01:47,859 - INFO - [AUDIT] - Action: 0, Confidence: 1.0000, Safety Mode: SAFE_HOLD, Override: Safe hold mode active
2025-05-28 04:01:47,859 - INFO - [AUDIT] - Action: 0, Confidence: 1.0000, Safety Mode: SAFE_HOLD, Override: Safe hold mode active
2025-05-28 04:01:47,859 - INFO - [AUDIT] - Action: 0, Confidence: 1.0000, Safety Mode: SAFE_HOLD, Override: Safe hold mode active
2025-05-28 04:01:47,859 - INFO - [AUDIT] - Action: 0, Confidence: 1.0000, Safety Mode: SAFE_HOLD, Override: Safe hold mode active
2025-05-28 04:01:47,859 - INFO - [AUDIT] - Action: 0, Confidence: 1.0000, Safety Mode: SAFE_HOLD, Override: Safe hold mode active
2025-05-28 04:01:47,859 - INFO - [AUDIT] - Action: 0, Confidence: 1.0000, Safety Mode: SAFE_HOLD, Override: Safe hold mode active
2025-05-28 04:01:47,860 - INFO - [AUDIT] - Action: 0, Confidence: 1.0000, Safety Mode: SAFE_HOLD, Override: Safe hold mode active
2025-05-28 04:01:47,860 - INFO - [AUDIT] - Action: 0, Confidence: 1.0000, Safety Mode: SAFE_HOLD, Override: Safe hold mode active
2025-05-28 04:01:47,860 - INFO - [AUDIT] - Action: 0, Confidence: 1.0000, Safety Mode: SAFE_HOLD, Override: Safe hold mode active
2025-05-28 04:01:47,860 - INFO - [AUDIT] - Action: 0, Confidence: 1.0000, Safety Mode: SAFE_HOLD, Override: Safe hold mode active
2025-05-28 04:01:47,860 - INFO - [AUDIT] - Action: 0, Confidence: 1.0000, Safety Mode: SAFE_HOLD, Override: Safe hold mode active
2025-05-28 04:01:47,861 - INFO - [AUDIT] - Action: 0, Confidence: 1.0000, Safety Mode: SAFE_HOLD, Override: Safe hold mode active
2025-05-28 04:01:47,861 - INFO - [AUDIT] - Action: 0, Confidence: 1.0000, Safety Mode: SAFE_HOLD, Override: Safe hold mode active
2025-05-28 04:01:47,861 - INFO - [AUDIT] - Action: 0, Confidence: 1.0000, Safety Mode: SAFE_HOLD, Override: Safe hold mode active
2025-05-28 04:01:47,861 - INFO - [AUDIT] - Action: 0, Confidence: 1.0000, Safety Mode: SAFE_HOLD, Override: Safe hold mode active
2025-05-28 04:01:47,861 - INFO - [AUDIT] - Action: 0, Confidence: 1.0000, Safety Mode: SAFE_HOLD, Override: Safe hold mode active
2025-05-28 04:01:47,862 - INFO - [AUDIT] - Action: 0, Confidence: 1.0000, Safety Mode: SAFE_HOLD, Override: Safe hold mode active
2025-05-28 04:01:47,862 - INFO - [AUDIT] - Action: 0, Confidence: 1.0000, Safety Mode: SAFE_HOLD, Override: Safe hold mode active
2025-05-28 04:01:47,862 - INFO - [AUDIT] - Action: 0, Confidence: 1.0000, Safety Mode: SAFE_HOLD, Override: Safe hold mode active
2025-05-28 04:01:47,862 - INFO - [AUDIT] - Action: 0, Confidence: 1.0000, Safety Mode: SAFE_HOLD, Override: Safe hold mode active
2025-05-28 04:01:47,862 - INFO - [AUDIT] - Action: 0, Confidence: 1.0000, Safety Mode: SAFE_HOLD, Override: Safe hold mode active
2025-05-28 04:01:47,863 - INFO - [AUDIT] - Action: 0, Confidence: 1.0000, Safety Mode: SAFE_HOLD, Override: Safe hold mode active
2025-05-28 04:01:47,863 - INFO - [AUDIT] - Action: 0, Confidence: 1.0000, Safety Mode: SAFE_HOLD, Override: Safe hold mode active
2025-05-28 04:01:47,863 - INFO - [AUDIT] - Action: 0, Confidence: 1.0000, Safety Mode: SAFE_HOLD, Override: Safe hold mode active
2025-05-28 04:01:47,863 - INFO - [AUDIT] - Action: 0, Confidence: 1.0000, Safety Mode: SAFE_HOLD, Override: Safe hold mode active
2025-05-28 04:01:47,863 - INFO - [AUDIT] - Action: 0, Confidence: 1.0000, Safety Mode: SAFE_HOLD, Override: Safe hold mode active
2025-05-28 04:01:47,864 - INFO - [AUDIT] - Action: 0, Confidence: 1.0000, Safety Mode: SAFE_HOLD, Override: Safe hold mode active
2025-05-28 04:01:47,864 - INFO - [AUDIT] - Action: 0, Confidence: 1.0000, Safety Mode: SAFE_HOLD, Override: Safe hold mode active
2025-05-28 04:01:47,864 - INFO - [AUDIT] - Action: 0, Confidence: 1.0000, Safety Mode: SAFE_HOLD, Override: Safe hold mode active
2025-05-28 04:01:47,864 - INFO - [AUDIT] - Action: 0, Confidence: 1.0000, Safety Mode: SAFE_HOLD, Override: Safe hold mode active
2025-05-28 04:01:47,864 - INFO - [AUDIT] - Action: 0, Confidence: 1.0000, Safety Mode: SAFE_HOLD, Override: Safe hold mode active
2025-05-28 04:01:47,864 - INFO - [AUDIT] - Action: 0, Confidence: 1.0000, Safety Mode: SAFE_HOLD, Override: Safe hold mode active
2025-05-28 04:01:47,865 - INFO - [AUDIT] - Action: 0, Confidence: 1.0000, Safety Mode: SAFE_HOLD, Override: Safe hold mode active
2025-05-28 04:01:47,865 - INFO - [AUDIT] - Action: 0, Confidence: 1.0000, Safety Mode: SAFE_HOLD, Override: Safe hold mode active
2025-05-28 04:01:47,865 - INFO - [AUDIT] - Action: 0, Confidence: 1.0000, Safety Mode: SAFE_HOLD, Override: Safe hold mode active
2025-05-28 04:01:47,865 - INFO - [AUDIT] - Action: 0, Confidence: 1.0000, Safety Mode: SAFE_HOLD, Override: Safe hold mode active
2025-05-28 04:01:47,865 - INFO - [AUDIT] - Action: 0, Confidence: 1.0000, Safety Mode: SAFE_HOLD, Override: Safe hold mode active
2025-05-28 04:01:47,866 - INFO - [AUDIT] - Action: 0, Confidence: 1.0000, Safety Mode: SAFE_HOLD, Override: Safe hold mode active
2025-05-28 04:01:47,866 - INFO - [AUDIT] - Action: 0, Confidence: 1.0000, Safety Mode: SAFE_HOLD, Override: Safe hold mode active
2025-05-28 04:01:47,866 - INFO - [AUDIT] - Action: 0, Confidence: 1.0000, Safety Mode: SAFE_HOLD, Override: Safe hold mode active
2025-05-28 04:01:47,866 - INFO - [AUDIT] - Action: 0, Confidence: 1.0000, Safety Mode: SAFE_HOLD, Override: Safe hold mode active
2025-05-28 04:01:47,866 - INFO - [AUDIT] - Action: 0, Confidence: 1.0000, Safety Mode: SAFE_HOLD, Override: Safe hold mode active
2025-05-28 04:01:47,867 - INFO - [AUDIT] - Action: 0, Confidence: 1.0000, Safety Mode: SAFE_HOLD, Override: Safe hold mode active
2025-05-28 04:01:47,867 - INFO - [AUDIT] - Action: 0, Confidence: 1.0000, Safety Mode: SAFE_HOLD, Override: Safe hold mode active
2025-05-28 04:01:47,867 - INFO - [AUDIT] - Action: 0, Confidence: 1.0000, Safety Mode: SAFE_HOLD, Override: Safe hold mode active
2025-05-28 04:01:47,868 - INFO - [AUDIT] - Action: 0, Confidence: 1.0000, Safety Mode: SAFE_HOLD, Override: Safe hold mode active
2025-05-28 04:01:47,868 - INFO - [AUDIT] - Action: 0, Confidence: 1.0000, Safety Mode: SAFE_HOLD, Override: Safe hold mode active
2025-05-28 04:01:47,868 - INFO - [AUDIT] - Action: 0, Confidence: 1.0000, Safety Mode: SAFE_HOLD, Override: Safe hold mode active
2025-05-28 04:01:47,868 - INFO - [AUDIT] - Action: 0, Confidence: 1.0000, Safety Mode: SAFE_HOLD, Override: Safe hold mode active
2025-05-28 04:01:47,869 - INFO - [AUDIT] - Action: 0, Confidence: 1.0000, Safety Mode: SAFE_HOLD, Override: Safe hold mode active
2025-05-28 04:01:47,869 - INFO - [AUDIT] - Action: 0, Confidence: 1.0000, Safety Mode: SAFE_HOLD, Override: Safe hold mode active
2025-05-28 04:01:47,869 - INFO - [AUDIT] - Action: 0, Confidence: 1.0000, Safety Mode: SAFE_HOLD, Override: Safe hold mode active
2025-05-28 04:01:47,869 - INFO - [AUDIT] - Action: 0, Confidence: 1.0000, Safety Mode: SAFE_HOLD, Override: Safe hold mode active
2025-05-28 04:01:47,869 - INFO - [AUDIT] - Action: 0, Confidence: 1.0000, Safety Mode: SAFE_HOLD, Override: Safe hold mode active
2025-05-28 04:01:47,869 - INFO - [AUDIT] - Action: 0, Confidence: 1.0000, Safety Mode: SAFE_HOLD, Override: Safe hold mode active
2025-05-28 04:01:47,870 - INFO - [AUDIT] - Action: 0, Confidence: 1.0000, Safety Mode: SAFE_HOLD, Override: Safe hold mode active
2025-05-28 04:01:47,870 - INFO - [AUDIT] - Action: 0, Confidence: 1.0000, Safety Mode: SAFE_HOLD, Override: Safe hold mode active
2025-05-28 04:01:47,870 - INFO - [AUDIT] - Action: 0, Confidence: 1.0000, Safety Mode: SAFE_HOLD, Override: Safe hold mode active
2025-05-28 04:01:47,870 - INFO - [AUDIT] - Action: 0, Confidence: 1.0000, Safety Mode: SAFE_HOLD, Override: Safe hold mode active
2025-05-28 04:01:47,870 - INFO - [AUDIT] - Action: 0, Confidence: 1.0000, Safety Mode: SAFE_HOLD, Override: Safe hold mode active
2025-05-28 04:01:47,871 - INFO - [AUDIT] - Action: 0, Confidence: 1.0000, Safety Mode: SAFE_HOLD, Override: Safe hold mode active
2025-05-28 04:01:47,871 - INFO - [AUDIT] - Action: 0, Confidence: 1.0000, Safety Mode: SAFE_HOLD, Override: Safe hold mode active
2025-05-28 04:01:47,871 - INFO - [AUDIT] - Action: 0, Confidence: 1.0000, Safety Mode: SAFE_HOLD, Override: Safe hold mode active
2025-05-28 04:01:47,871 - INFO - [AUDIT] - Action: 0, Confidence: 1.0000, Safety Mode: SAFE_HOLD, Override: Safe hold mode active
2025-05-28 04:01:47,871 - INFO - [AUDIT] - Action: 0, Confidence: 1.0000, Safety Mode: SAFE_HOLD, Override: Safe hold mode active
2025-05-28 04:01:47,872 - INFO - [AUDIT] - Action: 0, Confidence: 1.0000, Safety Mode: SAFE_HOLD, Override: Safe hold mode active
2025-05-28 04:01:47,872 - INFO - [AUDIT] - Action: 0, Confidence: 1.0000, Safety Mode: SAFE_HOLD, Override: Safe hold mode active
2025-05-28 04:01:47,872 - INFO - [AUDIT] - Action: 0, Confidence: 1.0000, Safety Mode: SAFE_HOLD, Override: Safe hold mode active
2025-05-28 04:01:47,872 - INFO - [AUDIT] - Action: 0, Confidence: 1.0000, Safety Mode: SAFE_HOLD, Override: Safe hold mode active
2025-05-28 04:01:47,873 - INFO - [AUDIT] - Action: 0, Confidence: 1.0000, Safety Mode: SAFE_HOLD, Override: Safe hold mode active
2025-05-28 04:01:47,873 - INFO - [AUDIT] - Action: 0, Confidence: 1.0000, Safety Mode: SAFE_HOLD, Override: Safe hold mode active
2025-05-28 04:01:47,873 - INFO - [AUDIT] - Action: 0, Confidence: 1.0000, Safety Mode: SAFE_HOLD, Override: Safe hold mode active
2025-05-28 04:01:47,873 - INFO - [AUDIT] - Action: 0, Confidence: 1.0000, Safety Mode: SAFE_HOLD, Override: Safe hold mode active
2025-05-28 04:01:47,873 - INFO - [AUDIT] - Action: 0, Confidence: 1.0000, Safety Mode: SAFE_HOLD, Override: Safe hold mode active
2025-05-28 04:01:47,874 - INFO - [AUDIT] - Action: 0, Confidence: 1.0000, Safety Mode: SAFE_HOLD, Override: Safe hold mode active
2025-05-28 04:01:47,874 - INFO - [AUDIT] - Action: 0, Confidence: 1.0000, Safety Mode: SAFE_HOLD, Override: Safe hold mode active
2025-05-28 04:01:47,874 - INFO - [AUDIT] - Action: 0, Confidence: 1.0000, Safety Mode: SAFE_HOLD, Override: Safe hold mode active
2025-05-28 04:01:47,874 - INFO - [AUDIT] - Action: 0, Confidence: 1.0000, Safety Mode: SAFE_HOLD, Override: Safe hold mode active
2025-05-28 04:01:47,874 - INFO - [AUDIT] - Action: 0, Confidence: 1.0000, Safety Mode: SAFE_HOLD, Override: Safe hold mode active
2025-05-28 04:01:47,874 - INFO - [AUDIT] - Action: 0, Confidence: 1.0000, Safety Mode: SAFE_HOLD, Override: Safe hold mode active
2025-05-28 04:01:47,875 - INFO - [AUDIT] - Action: 0, Confidence: 1.0000, Safety Mode: SAFE_HOLD, Override: Safe hold mode active
2025-05-28 04:01:47,875 - INFO - [AUDIT] - Action: 0, Confidence: 1.0000, Safety Mode: SAFE_HOLD, Override: Safe hold mode active
2025-05-28 04:01:47,875 - INFO - [AUDIT] - Action: 0, Confidence: 1.0000, Safety Mode: SAFE_HOLD, Override: Safe hold mode active
2025-05-28 04:01:47,875 - INFO - [AUDIT] - Action: 0, Confidence: 1.0000, Safety Mode: SAFE_HOLD, Override: Safe hold mode active
2025-05-28 04:01:47,875 - INFO - [AUDIT] - Action: 0, Confidence: 1.0000, Safety Mode: SAFE_HOLD, Override: Safe hold mode active
2025-05-28 04:01:47,876 - INFO - [AUDIT] - Action: 0, Confidence: 1.0000, Safety Mode: SAFE_HOLD, Override: Safe hold mode active
2025-05-28 04:01:47,876 - INFO - [AUDIT] - Action: 0, Confidence: 1.0000, Safety Mode: SAFE_HOLD, Override: Safe hold mode active
2025-05-28 04:01:47,876 - INFO - [AUDIT] - Action: 0, Confidence: 1.0000, Safety Mode: SAFE_HOLD, Override: Safe hold mode active
2025-05-28 04:01:47,876 - INFO - [AUDIT] - Action: 0, Confidence: 1.0000, Safety Mode: SAFE_HOLD, Override: Safe hold mode active
2025-05-28 04:01:47,876 - INFO - [AUDIT] - Action: 0, Confidence: 1.0000, Safety Mode: SAFE_HOLD, Override: Safe hold mode active
2025-05-28 04:01:47,877 - INFO - [AUDIT] - Action: 0, Confidence: 1.0000, Safety Mode: SAFE_HOLD, Override: Safe hold mode active
2025-05-28 04:01:47,877 - INFO - [AUDIT] - Action: 0, Confidence: 1.0000, Safety Mode: SAFE_HOLD, Override: Safe hold mode active
2025-05-28 04:01:47,877 - INFO - [AUDIT] - Action: 0, Confidence: 1.0000, Safety Mode: SAFE_HOLD, Override: Safe hold mode active
2025-05-28 04:01:47,877 - INFO - [AUDIT] - Action: 0, Confidence: 1.0000, Safety Mode: SAFE_HOLD, Override: Safe hold mode active
2025-05-28 04:01:47,877 - INFO - [AUDIT] - Action: 0, Confidence: 1.0000, Safety Mode: SAFE_HOLD, Override: Safe hold mode active
2025-05-28 04:01:47,878 - INFO - [AUDIT] - Action: 0, Confidence: 1.0000, Safety Mode: SAFE_HOLD, Override: Safe hold mode active
2025-05-28 04:01:47,878 - INFO - [AUDIT] - Action: 0, Confidence: 1.0000, Safety Mode: SAFE_HOLD, Override: Safe hold mode active
2025-05-28 04:01:47,878 - INFO - [AUDIT] - Action: 0, Confidence: 1.0000, Safety Mode: SAFE_HOLD, Override: Safe hold mode active
2025-05-28 04:01:47,878 - INFO - [AUDIT] - Action: 0, Confidence: 1.0000, Safety Mode: SAFE_HOLD, Override: Safe hold mode active
2025-05-28 04:01:47,878 - INFO - [AUDIT] - Action: 0, Confidence: 1.0000, Safety Mode: SAFE_HOLD, Override: Safe hold mode active
2025-05-28 04:01:47,879 - INFO - [AUDIT] - Action: 0, Confidence: 1.0000, Safety Mode: SAFE_HOLD, Override: Safe hold mode active
2025-05-28 04:01:47,879 - INFO - [AUDIT] - Action: 0, Confidence: 1.0000, Safety Mode: SAFE_HOLD, Override: Safe hold mode active
2025-05-28 04:01:47,879 - INFO - [AUDIT] - Action: 0, Confidence: 1.0000, Safety Mode: SAFE_HOLD, Override: Safe hold mode active
2025-05-28 04:01:47,879 - INFO - [AUDIT] - Action: 0, Confidence: 1.0000, Safety Mode: SAFE_HOLD, Override: Safe hold mode active
2025-05-28 04:01:47,879 - INFO - [AUDIT] - Action: 0, Confidence: 1.0000, Safety Mode: SAFE_HOLD, Override: Safe hold mode active
2025-05-28 04:01:47,880 - INFO - [AUDIT] - Action: 0, Confidence: 1.0000, Safety Mode: SAFE_HOLD, Override: Safe hold mode active
2025-05-28 04:01:47,880 - INFO - [AUDIT] - Action: 0, Confidence: 1.0000, Safety Mode: SAFE_HOLD, Override: Safe hold mode active
2025-05-28 04:01:47,880 - INFO - [AUDIT] - Action: 0, Confidence: 1.0000, Safety Mode: SAFE_HOLD, Override: Safe hold mode active
2025-05-28 04:01:47,880 - INFO - [AUDIT] - Action: 0, Confidence: 1.0000, Safety Mode: SAFE_HOLD, Override: Safe hold mode active
2025-05-28 04:01:47,880 - INFO - [AUDIT] - Action: 0, Confidence: 1.0000, Safety Mode: SAFE_HOLD, Override: Safe hold mode active
2025-05-28 04:01:47,881 - INFO - [AUDIT] - Action: 0, Confidence: 1.0000, Safety Mode: SAFE_HOLD, Override: Safe hold mode active
2025-05-28 04:01:47,881 - INFO - [AUDIT] - Action: 0, Confidence: 1.0000, Safety Mode: SAFE_HOLD, Override: Safe hold mode active
2025-05-28 04:01:47,881 - INFO - [AUDIT] - Action: 0, Confidence: 1.0000, Safety Mode: SAFE_HOLD, Override: Safe hold mode active
2025-05-28 04:01:47,881 - INFO - [AUDIT] - Action: 0, Confidence: 1.0000, Safety Mode: SAFE_HOLD, Override: Safe hold mode active
2025-05-28 04:01:47,881 - INFO - [AUDIT] - Action: 0, Confidence: 1.0000, Safety Mode: SAFE_HOLD, Override: Safe hold mode active
2025-05-28 04:01:47,882 - INFO - [AUDIT] - Action: 0, Confidence: 1.0000, Safety Mode: SAFE_HOLD, Override: Safe hold mode active
2025-05-28 04:01:47,882 - INFO - [AUDIT] - Action: 0, Confidence: 1.0000, Safety Mode: SAFE_HOLD, Override: Safe hold mode active
2025-05-28 04:01:47,882 - INFO - [AUDIT] - Action: 0, Confidence: 1.0000, Safety Mode: SAFE_HOLD, Override: Safe hold mode active
2025-05-28 04:01:47,882 - INFO - [AUDIT] - Action: 0, Confidence: 1.0000, Safety Mode: SAFE_HOLD, Override: Safe hold mode active
2025-05-28 04:01:47,882 - INFO - [AUDIT] - Action: 0, Confidence: 1.0000, Safety Mode: SAFE_HOLD, Override: Safe hold mode active
2025-05-28 04:01:47,883 - INFO - [AUDIT] - Action: 0, Confidence: 1.0000, Safety Mode: SAFE_HOLD, Override: Safe hold mode active
2025-05-28 04:01:47,883 - INFO - [AUDIT] - Action: 0, Confidence: 1.0000, Safety Mode: SAFE_HOLD, Override: Safe hold mode active
2025-05-28 04:01:47,883 - INFO - [AUDIT] - Action: 0, Confidence: 1.0000, Safety Mode: SAFE_HOLD, Override: Safe hold mode active
2025-05-28 04:01:47,883 - INFO - [AUDIT] - Action: 0, Confidence: 1.0000, Safety Mode: SAFE_HOLD, Override: Safe hold mode active
2025-05-28 04:01:47,883 - INFO - [AUDIT] - Action: 0, Confidence: 1.0000, Safety Mode: SAFE_HOLD, Override: Safe hold mode active
2025-05-28 04:01:47,884 - INFO - [AUDIT] - Action: 0, Confidence: 1.0000, Safety Mode: SAFE_HOLD, Override: Safe hold mode active
2025-05-28 04:01:47,884 - INFO - [AUDIT] - Action: 0, Confidence: 1.0000, Safety Mode: SAFE_HOLD, Override: Safe hold mode active
2025-05-28 04:01:47,884 - INFO - [AUDIT] - Action: 0, Confidence: 1.0000, Safety Mode: SAFE_HOLD, Override: Safe hold mode active
2025-05-28 04:01:47,884 - INFO - [AUDIT] - Action: 0, Confidence: 1.0000, Safety Mode: SAFE_HOLD, Override: Safe hold mode active
2025-05-28 04:01:47,885 - INFO - [AUDIT] - Action: 0, Confidence: 1.0000, Safety Mode: SAFE_HOLD, Override: Safe hold mode active
2025-05-28 04:01:47,885 - INFO - [AUDIT] - Action: 0, Confidence: 1.0000, Safety Mode: SAFE_HOLD, Override: Safe hold mode active
2025-05-28 04:01:47,885 - INFO - [AUDIT] - Action: 0, Confidence: 1.0000, Safety Mode: SAFE_HOLD, Override: Safe hold mode active
2025-05-28 04:01:47,885 - INFO - [AUDIT] - Action: 0, Confidence: 1.0000, Safety Mode: SAFE_HOLD, Override: Safe hold mode active
2025-05-28 04:01:47,885 - INFO - [AUDIT] - Action: 0, Confidence: 1.0000, Safety Mode: SAFE_HOLD, Override: Safe hold mode active
2025-05-28 04:01:47,886 - INFO - [AUDIT] - Action: 0, Confidence: 1.0000, Safety Mode: SAFE_HOLD, Override: Safe hold mode active
2025-05-28 04:01:47,886 - INFO - [AUDIT] - Action: 0, Confidence: 1.0000, Safety Mode: SAFE_HOLD, Override: Safe hold mode active
2025-05-28 04:01:47,886 - INFO - [AUDIT] - Action: 0, Confidence: 1.0000, Safety Mode: SAFE_HOLD, Override: Safe hold mode active
2025-05-28 04:01:47,886 - INFO - [AUDIT] - Action: 0, Confidence: 1.0000, Safety Mode: SAFE_HOLD, Override: Safe hold mode active
2025-05-28 04:01:47,886 - INFO - [AUDIT] - Action: 0, Confidence: 1.0000, Safety Mode: SAFE_HOLD, Override: Safe hold mode active
2025-05-28 04:01:47,886 - INFO - [AUDIT] - Action: 0, Confidence: 1.0000, Safety Mode: SAFE_HOLD, Override: Safe hold mode active
2025-05-28 04:01:47,887 - INFO - [AUDIT] - Action: 0, Confidence: 1.0000, Safety Mode: SAFE_HOLD, Override: Safe hold mode active
2025-05-28 04:01:47,887 - INFO - [AUDIT] - Action: 0, Confidence: 1.0000, Safety Mode: SAFE_HOLD, Override: Safe hold mode active
2025-05-28 04:01:47,887 - INFO - [AUDIT] - Action: 0, Confidence: 1.0000, Safety Mode: SAFE_HOLD, Override: Safe hold mode active
2025-05-28 04:01:47,887 - INFO - [AUDIT] - Action: 0, Confidence: 1.0000, Safety Mode: SAFE_HOLD, Override: Safe hold mode active
2025-05-28 04:01:47,888 - INFO - [AUDIT] - Action: 0, Confidence: 1.0000, Safety Mode: SAFE_HOLD, Override: Safe hold mode active
2025-05-28 04:01:47,888 - INFO - [AUDIT] - Action: 0, Confidence: 1.0000, Safety Mode: SAFE_HOLD, Override: Safe hold mode active
2025-05-28 04:01:47,888 - INFO - [AUDIT] - Action: 0, Confidence: 1.0000, Safety Mode: SAFE_HOLD, Override: Safe hold mode active
2025-05-28 04:01:47,888 - INFO - [AUDIT] - Action: 0, Confidence: 1.0000, Safety Mode: SAFE_HOLD, Override: Safe hold mode active
2025-05-28 04:01:47,888 - INFO - [AUDIT] - Action: 0, Confidence: 1.0000, Safety Mode: SAFE_HOLD, Override: Safe hold mode active
2025-05-28 04:01:47,888 - INFO - [AUDIT] - Action: 0, Confidence: 1.0000, Safety Mode: SAFE_HOLD, Override: Safe hold mode active
2025-05-28 04:01:47,889 - INFO - [AUDIT] - Action: 0, Confidence: 1.0000, Safety Mode: SAFE_HOLD, Override: Safe hold mode active
2025-05-28 04:01:47,889 - INFO - [AUDIT] - Action: 0, Confidence: 1.0000, Safety Mode: SAFE_HOLD, Override: Safe hold mode active
2025-05-28 04:01:47,889 - INFO - [AUDIT] - Action: 0, Confidence: 1.0000, Safety Mode: SAFE_HOLD, Override: Safe hold mode active
2025-05-28 04:01:47,889 - INFO - [AUDIT] - Action: 0, Confidence: 1.0000, Safety Mode: SAFE_HOLD, Override: Safe hold mode active
2025-05-28 04:01:47,889 - INFO - [AUDIT] - Action: 0, Confidence: 1.0000, Safety Mode: SAFE_HOLD, Override: Safe hold mode active
2025-05-28 04:01:47,890 - INFO - [AUDIT] - Action: 0, Confidence: 1.0000, Safety Mode: SAFE_HOLD, Override: Safe hold mode active
2025-05-28 04:01:47,890 - INFO - [AUDIT] - Action: 0, Confidence: 1.0000, Safety Mode: SAFE_HOLD, Override: Safe hold mode active
2025-05-28 04:01:47,890 - INFO - [AUDIT] - Action: 0, Confidence: 1.0000, Safety Mode: SAFE_HOLD, Override: Safe hold mode active
2025-05-28 04:01:47,890 - INFO - [AUDIT] - Action: 0, Confidence: 1.0000, Safety Mode: SAFE_HOLD, Override: Safe hold mode active
2025-05-28 04:01:47,891 - INFO - [AUDIT] - Action: 0, Confidence: 1.0000, Safety Mode: SAFE_HOLD, Override: Safe hold mode active
2025-05-28 04:01:47,891 - INFO - [AUDIT] - Action: 0, Confidence: 1.0000, Safety Mode: SAFE_HOLD, Override: Safe hold mode active
2025-05-28 04:01:47,891 - INFO - [AUDIT] - Action: 0, Confidence: 1.0000, Safety Mode: SAFE_HOLD, Override: Safe hold mode active
2025-05-28 04:01:47,891 - INFO - [AUDIT] - Action: 0, Confidence: 1.0000, Safety Mode: SAFE_HOLD, Override: Safe hold mode active
2025-05-28 04:01:47,891 - INFO - [AUDIT] - Action: 0, Confidence: 1.0000, Safety Mode: SAFE_HOLD, Override: Safe hold mode active
2025-05-28 04:01:47,892 - INFO - [AUDIT] - Action: 0, Confidence: 1.0000, Safety Mode: SAFE_HOLD, Override: Safe hold mode active
2025-05-28 04:01:47,892 - INFO - [AUDIT] - Action: 0, Confidence: 1.0000, Safety Mode: SAFE_HOLD, Override: Safe hold mode active
2025-05-28 04:01:47,892 - INFO - [AUDIT] - Action: 0, Confidence: 1.0000, Safety Mode: SAFE_HOLD, Override: Safe hold mode active
2025-05-28 04:01:47,892 - INFO - [AUDIT] - Action: 0, Confidence: 1.0000, Safety Mode: SAFE_HOLD, Override: Safe hold mode active
2025-05-28 04:01:47,892 - INFO - [AUDIT] - Action: 0, Confidence: 1.0000, Safety Mode: SAFE_HOLD, Override: Safe hold mode active
2025-05-28 04:01:47,893 - INFO - [AUDIT] - Action: 0, Confidence: 1.0000, Safety Mode: SAFE_HOLD, Override: Safe hold mode active
2025-05-28 04:01:47,893 - INFO - [AUDIT] - Action: 0, Confidence: 1.0000, Safety Mode: SAFE_HOLD, Override: Safe hold mode active
2025-05-28 04:01:47,893 - INFO - [AUDIT] - Action: 0, Confidence: 1.0000, Safety Mode: SAFE_HOLD, Override: Safe hold mode active
2025-05-28 04:01:47,893 - INFO - [AUDIT] - Action: 0, Confidence: 1.0000, Safety Mode: SAFE_HOLD, Override: Safe hold mode active
2025-05-28 04:01:47,894 - INFO - [AUDIT] - Action: 0, Confidence: 1.0000, Safety Mode: SAFE_HOLD, Override: Safe hold mode active
2025-05-28 04:01:47,894 - INFO - [AUDIT] - Action: 0, Confidence: 1.0000, Safety Mode: SAFE_HOLD, Override: Safe hold mode active
2025-05-28 04:01:47,894 - INFO - [AUDIT] - Action: 0, Confidence: 1.0000, Safety Mode: SAFE_HOLD, Override: Safe hold mode active
2025-05-28 04:01:47,894 - INFO - [AUDIT] - Action: 0, Confidence: 1.0000, Safety Mode: SAFE_HOLD, Override: Safe hold mode active
2025-05-28 04:01:47,894 - INFO - [AUDIT] - Action: 0, Confidence: 1.0000, Safety Mode: SAFE_HOLD, Override: Safe hold mode active
2025-05-28 04:01:47,894 - INFO - [AUDIT] - Action: 0, Confidence: 1.0000, Safety Mode: SAFE_HOLD, Override: Safe hold mode active
2025-05-28 04:01:47,895 - INFO - [AUDIT] - Action: 0, Confidence: 1.0000, Safety Mode: SAFE_HOLD, Override: Safe hold mode active
2025-05-28 04:01:47,895 - INFO - [AUDIT] - Action: 0, Confidence: 1.0000, Safety Mode: SAFE_HOLD, Override: Safe hold mode active
2025-05-28 04:01:47,895 - INFO - [AUDIT] - Action: 0, Confidence: 1.0000, Safety Mode: SAFE_HOLD, Override: Safe hold mode active
2025-05-28 04:01:47,895 - INFO - [AUDIT] - Action: 0, Confidence: 1.0000, Safety Mode: SAFE_HOLD, Override: Safe hold mode active
2025-05-28 04:01:47,895 - INFO - [AUDIT] - Action: 0, Confidence: 1.0000, Safety Mode: SAFE_HOLD, Override: Safe hold mode active
2025-05-28 04:01:47,896 - INFO - [AUDIT] - Action: 0, Confidence: 1.0000, Safety Mode: SAFE_HOLD, Override: Safe hold mode active
2025-05-28 04:01:47,896 - INFO - [AUDIT] - Action: 0, Confidence: 1.0000, Safety Mode: SAFE_HOLD, Override: Safe hold mode active
2025-05-28 04:01:47,896 - INFO - [AUDIT] - Action: 0, Confidence: 1.0000, Safety Mode: SAFE_HOLD, Override: Safe hold mode active
2025-05-28 04:01:47,896 - INFO - [AUDIT] - Action: 0, Confidence: 1.0000, Safety Mode: SAFE_HOLD, Override: Safe hold mode active
2025-05-28 04:01:47,896 - INFO - [AUDIT] - Action: 0, Confidence: 1.0000, Safety Mode: SAFE_HOLD, Override: Safe hold mode active
2025-05-28 04:01:47,897 - INFO - [AUDIT] - Action: 0, Confidence: 1.0000, Safety Mode: SAFE_HOLD, Override: Safe hold mode active
2025-05-28 04:01:47,897 - INFO - [AUDIT] - Action: 0, Confidence: 1.0000, Safety Mode: SAFE_HOLD, Override: Safe hold mode active
2025-05-28 04:01:47,897 - INFO - [AUDIT] - Action: 0, Confidence: 1.0000, Safety Mode: SAFE_HOLD, Override: Safe hold mode active
2025-05-28 04:01:47,897 - INFO - [AUDIT] - Action: 0, Confidence: 1.0000, Safety Mode: SAFE_HOLD, Override: Safe hold mode active
2025-05-28 04:01:47,897 - INFO - [AUDIT] - Action: 0, Confidence: 1.0000, Safety Mode: SAFE_HOLD, Override: Safe hold mode active
2025-05-28 04:01:47,898 - INFO - [AUDIT] - Action: 0, Confidence: 1.0000, Safety Mode: SAFE_HOLD, Override: Safe hold mode active
2025-05-28 04:01:47,898 - INFO - [AUDIT] - Action: 0, Confidence: 1.0000, Safety Mode: SAFE_HOLD, Override: Safe hold mode active
2025-05-28 04:01:47,898 - INFO - [AUDIT] - Action: 0, Confidence: 1.0000, Safety Mode: SAFE_HOLD, Override: Safe hold mode active
2025-05-28 04:01:47,898 - INFO - [AUDIT] - Action: 0, Confidence: 1.0000, Safety Mode: SAFE_HOLD, Override: Safe hold mode active
2025-05-28 04:01:47,898 - INFO - [AUDIT] - Action: 0, Confidence: 1.0000, Safety Mode: SAFE_HOLD, Override: Safe hold mode active
2025-05-28 04:01:47,898 - INFO - [AUDIT] - Action: 0, Confidence: 1.0000, Safety Mode: SAFE_HOLD, Override: Safe hold mode active
2025-05-28 04:01:47,899 - INFO - [AUDIT] - Action: 0, Confidence: 1.0000, Safety Mode: SAFE_HOLD, Override: Safe hold mode active
2025-05-28 04:01:47,899 - INFO - [AUDIT] - Action: 0, Confidence: 1.0000, Safety Mode: SAFE_HOLD, Override: Safe hold mode active
2025-05-28 04:01:47,899 - INFO - [AUDIT] - Action: 0, Confidence: 1.0000, Safety Mode: SAFE_HOLD, Override: Safe hold mode active
2025-05-28 04:01:47,899 - INFO - [AUDIT] - Action: 0, Confidence: 1.0000, Safety Mode: SAFE_HOLD, Override: Safe hold mode active
2025-05-28 04:01:47,899 - INFO - [AUDIT] - Action: 0, Confidence: 1.0000, Safety Mode: SAFE_HOLD, Override: Safe hold mode active
2025-05-28 04:01:47,900 - INFO - [AUDIT] - Action: 0, Confidence: 1.0000, Safety Mode: SAFE_HOLD, Override: Safe hold mode active
2025-05-28 04:01:47,900 - INFO - [AUDIT] - Action: 0, Confidence: 1.0000, Safety Mode: SAFE_HOLD, Override: Safe hold mode active
2025-05-28 04:01:47,900 - INFO - [AUDIT] - Action: 0, Confidence: 1.0000, Safety Mode: SAFE_HOLD, Override: Safe hold mode active
2025-05-28 04:01:47,900 - INFO - [AUDIT] - Action: 0, Confidence: 1.0000, Safety Mode: SAFE_HOLD, Override: Safe hold mode active
2025-05-28 04:01:47,901 - INFO - [AUDIT] - Action: 0, Confidence: 1.0000, Safety Mode: SAFE_HOLD, Override: Safe hold mode active
2025-05-28 04:01:47,901 - INFO - [AUDIT] - Action: 0, Confidence: 1.0000, Safety Mode: SAFE_HOLD, Override: Safe hold mode active
2025-05-28 04:01:47,901 - INFO - [AUDIT] - Action: 0, Confidence: 1.0000, Safety Mode: SAFE_HOLD, Override: Safe hold mode active
2025-05-28 04:01:47,901 - INFO - [AUDIT] - Action: 0, Confidence: 1.0000, Safety Mode: SAFE_HOLD, Override: Safe hold mode active
2025-05-28 04:01:47,901 - INFO - [AUDIT] - Action: 0, Confidence: 1.0000, Safety Mode: SAFE_HOLD, Override: Safe hold mode active
2025-05-28 04:01:47,902 - INFO - [AUDIT] - Action: 0, Confidence: 1.0000, Safety Mode: SAFE_HOLD, Override: Safe hold mode active
2025-05-28 04:01:47,902 - INFO - [AUDIT] - Action: 0, Confidence: 1.0000, Safety Mode: SAFE_HOLD, Override: Safe hold mode active
2025-05-28 04:01:47,902 - INFO - [AUDIT] - Action: 0, Confidence: 1.0000, Safety Mode: SAFE_HOLD, Override: Safe hold mode active
2025-05-28 04:01:47,902 - INFO - [AUDIT] - Action: 0, Confidence: 1.0000, Safety Mode: SAFE_HOLD, Override: Safe hold mode active
2025-05-28 04:01:47,903 - INFO - [AUDIT] - Action: 0, Confidence: 1.0000, Safety Mode: SAFE_HOLD, Override: Safe hold mode active
2025-05-28 04:01:47,903 - INFO - [AUDIT] - Action: 0, Confidence: 1.0000, Safety Mode: SAFE_HOLD, Override: Safe hold mode active
2025-05-28 04:01:47,903 - INFO - [AUDIT] - Action: 0, Confidence: 1.0000, Safety Mode: SAFE_HOLD, Override: Safe hold mode active
2025-05-28 04:01:47,903 - INFO - [AUDIT] - Action: 0, Confidence: 1.0000, Safety Mode: SAFE_HOLD, Override: Safe hold mode active
2025-05-28 04:01:47,903 - INFO - [AUDIT] - Action: 0, Confidence: 1.0000, Safety Mode: SAFE_HOLD, Override: Safe hold mode active
2025-05-28 04:01:47,903 - INFO - [AUDIT] - Action: 0, Confidence: 1.0000, Safety Mode: SAFE_HOLD, Override: Safe hold mode active
2025-05-28 04:01:47,904 - INFO - [AUDIT] - Action: 0, Confidence: 1.0000, Safety Mode: SAFE_HOLD, Override: Safe hold mode active
2025-05-28 04:01:47,904 - INFO - [AUDIT] - Action: 0, Confidence: 1.0000, Safety Mode: SAFE_HOLD, Override: Safe hold mode active
2025-05-28 04:01:47,904 - INFO - [AUDIT] - Action: 0, Confidence: 1.0000, Safety Mode: SAFE_HOLD, Override: Safe hold mode active
2025-05-28 04:01:47,904 - INFO - [AUDIT] - Action: 0, Confidence: 1.0000, Safety Mode: SAFE_HOLD, Override: Safe hold mode active
2025-05-28 04:01:47,904 - INFO - [AUDIT] - Action: 0, Confidence: 1.0000, Safety Mode: SAFE_HOLD, Override: Safe hold mode active
2025-05-28 04:01:47,905 - INFO - [AUDIT] - Action: 0, Confidence: 1.0000, Safety Mode: SAFE_HOLD, Override: Safe hold mode active
2025-05-28 04:01:47,905 - INFO - [AUDIT] - Action: 0, Confidence: 1.0000, Safety Mode: SAFE_HOLD, Override: Safe hold mode active
2025-05-28 04:01:47,905 - INFO - [AUDIT] - Action: 0, Confidence: 1.0000, Safety Mode: SAFE_HOLD, Override: Safe hold mode active
2025-05-28 04:01:47,905 - INFO - [AUDIT] - Action: 0, Confidence: 1.0000, Safety Mode: SAFE_HOLD, Override: Safe hold mode active
2025-05-28 04:01:47,905 - INFO - [AUDIT] - Action: 0, Confidence: 1.0000, Safety Mode: SAFE_HOLD, Override: Safe hold mode active
2025-05-28 04:01:47,906 - INFO - [AUDIT] - Action: 0, Confidence: 1.0000, Safety Mode: SAFE_HOLD, Override: Safe hold mode active
2025-05-28 04:01:47,906 - INFO - [AUDIT] - Action: 0, Confidence: 1.0000, Safety Mode: SAFE_HOLD, Override: Safe hold mode active
2025-05-28 04:01:47,906 - INFO - [AUDIT] - Action: 0, Confidence: 1.0000, Safety Mode: SAFE_HOLD, Override: Safe hold mode active
2025-05-28 04:01:47,906 - INFO - [AUDIT] - Action: 0, Confidence: 1.0000, Safety Mode: SAFE_HOLD, Override: Safe hold mode active
2025-05-28 04:01:47,906 - INFO - [AUDIT] - Action: 0, Confidence: 1.0000, Safety Mode: SAFE_HOLD, Override: Safe hold mode active
2025-05-28 04:01:47,907 - INFO - [AUDIT] - Action: 0, Confidence: 1.0000, Safety Mode: SAFE_HOLD, Override: Safe hold mode active
2025-05-28 04:01:47,907 - INFO - [AUDIT] - Action: 0, Confidence: 1.0000, Safety Mode: SAFE_HOLD, Override: Safe hold mode active
2025-05-28 04:01:47,907 - INFO - [AUDIT] - Action: 0, Confidence: 1.0000, Safety Mode: SAFE_HOLD, Override: Safe hold mode active
2025-05-28 04:01:47,907 - INFO - [AUDIT] - Action: 0, Confidence: 1.0000, Safety Mode: SAFE_HOLD, Override: Safe hold mode active
2025-05-28 04:01:47,907 - INFO - [AUDIT] - Action: 0, Confidence: 1.0000, Safety Mode: SAFE_HOLD, Override: Safe hold mode active
2025-05-28 04:01:47,908 - INFO - [AUDIT] - Action: 0, Confidence: 1.0000, Safety Mode: SAFE_HOLD, Override: Safe hold mode active
2025-05-28 04:01:47,908 - INFO - [AUDIT] - Action: 0, Confidence: 1.0000, Safety Mode: SAFE_HOLD, Override: Safe hold mode active
2025-05-28 04:01:47,908 - INFO - [AUDIT] - Action: 0, Confidence: 1.0000, Safety Mode: SAFE_HOLD, Override: Safe hold mode active
2025-05-28 04:01:47,908 - INFO - [AUDIT] - Action: 0, Confidence: 1.0000, Safety Mode: SAFE_HOLD, Override: Safe hold mode active
2025-05-28 04:01:47,908 - INFO - [AUDIT] - Action: 0, Confidence: 1.0000, Safety Mode: SAFE_HOLD, Override: Safe hold mode active
2025-05-28 04:01:47,909 - INFO - [AUDIT] - Action: 0, Confidence: 1.0000, Safety Mode: SAFE_HOLD, Override: Safe hold mode active
2025-05-28 04:01:47,909 - INFO - [AUDIT] - Action: 0, Confidence: 1.0000, Safety Mode: SAFE_HOLD, Override: Safe hold mode active
2025-05-28 04:01:47,909 - INFO - [AUDIT] - Action: 0, Confidence: 1.0000, Safety Mode: SAFE_HOLD, Override: Safe hold mode active
2025-05-28 04:01:47,909 - INFO - [AUDIT] - Action: 0, Confidence: 1.0000, Safety Mode: SAFE_HOLD, Override: Safe hold mode active
2025-05-28 04:01:47,909 - INFO - [AUDIT] - Action: 0, Confidence: 1.0000, Safety Mode: SAFE_HOLD, Override: Safe hold mode active
2025-05-28 04:01:47,910 - INFO - [AUDIT] - Action: 0, Confidence: 1.0000, Safety Mode: SAFE_HOLD, Override: Safe hold mode active
2025-05-28 04:01:47,910 - INFO - [AUDIT] - Action: 0, Confidence: 1.0000, Safety Mode: SAFE_HOLD, Override: Safe hold mode active
2025-05-28 04:01:47,910 - INFO - [AUDIT] - Action: 0, Confidence: 1.0000, Safety Mode: SAFE_HOLD, Override: Safe hold mode active
2025-05-28 04:01:47,910 - INFO - [AUDIT] - Action: 0, Confidence: 1.0000, Safety Mode: SAFE_HOLD, Override: Safe hold mode active
2025-05-28 04:01:47,910 - INFO - [AUDIT] - Action: 0, Confidence: 1.0000, Safety Mode: SAFE_HOLD, Override: Safe hold mode active
2025-05-28 04:01:47,910 - INFO - [AUDIT] - Action: 0, Confidence: 1.0000, Safety Mode: SAFE_HOLD, Override: Safe hold mode active
2025-05-28 04:01:47,911 - INFO - [AUDIT] - Action: 0, Confidence: 1.0000, Safety Mode: SAFE_HOLD, Override: Safe hold mode active
2025-05-28 04:01:47,911 - INFO - [AUDIT] - Action: 0, Confidence: 1.0000, Safety Mode: SAFE_HOLD, Override: Safe hold mode active
2025-05-28 04:01:47,911 - INFO - [AUDIT] - Action: 0, Confidence: 1.0000, Safety Mode: SAFE_HOLD, Override: Safe hold mode active
2025-05-28 04:01:47,911 - INFO - [AUDIT] - Action: 0, Confidence: 1.0000, Safety Mode: SAFE_HOLD, Override: Safe hold mode active
2025-05-28 04:01:47,911 - INFO - [AUDIT] - Action: 0, Confidence: 1.0000, Safety Mode: SAFE_HOLD, Override: Safe hold mode active
2025-05-28 04:01:47,912 - INFO - [AUDIT] - Action: 0, Confidence: 1.0000, Safety Mode: SAFE_HOLD, Override: Safe hold mode active
2025-05-28 04:01:47,912 - INFO - [AUDIT] - Action: 0, Confidence: 1.0000, Safety Mode: SAFE_HOLD, Override: Safe hold mode active
2025-05-28 04:01:47,912 - INFO - [AUDIT] - Action: 0, Confidence: 1.0000, Safety Mode: SAFE_HOLD, Override: Safe hold mode active
2025-05-28 04:01:47,912 - INFO - [AUDIT] - Action: 0, Confidence: 1.0000, Safety Mode: SAFE_HOLD, Override: Safe hold mode active
2025-05-28 04:01:47,913 - INFO - [AUDIT] - Action: 0, Confidence: 1.0000, Safety Mode: SAFE_HOLD, Override: Safe hold mode active
2025-05-28 04:01:47,913 - INFO - [AUDIT] - Action: 0, Confidence: 1.0000, Safety Mode: SAFE_HOLD, Override: Safe hold mode active
2025-05-28 04:01:47,913 - INFO - [AUDIT] - Action: 0, Confidence: 1.0000, Safety Mode: SAFE_HOLD, Override: Safe hold mode active
2025-05-28 04:01:47,913 - INFO - [AUDIT] - Action: 0, Confidence: 1.0000, Safety Mode: SAFE_HOLD, Override: Safe hold mode active
2025-05-28 04:01:47,913 - INFO - [AUDIT] - Action: 0, Confidence: 1.0000, Safety Mode: SAFE_HOLD, Override: Safe hold mode active
2025-05-28 04:01:47,913 - INFO - [AUDIT] - Action: 0, Confidence: 1.0000, Safety Mode: SAFE_HOLD, Override: Safe hold mode active
2025-05-28 04:01:47,914 - INFO - [AUDIT] - Action: 0, Confidence: 1.0000, Safety Mode: SAFE_HOLD, Override: Safe hold mode active
2025-05-28 04:01:47,914 - INFO - [AUDIT] - Action: 0, Confidence: 1.0000, Safety Mode: SAFE_HOLD, Override: Safe hold mode active
2025-05-28 04:01:47,914 - INFO - [AUDIT] - Action: 0, Confidence: 1.0000, Safety Mode: SAFE_HOLD, Override: Safe hold mode active
2025-05-28 04:01:47,914 - INFO - [AUDIT] - Action: 0, Confidence: 1.0000, Safety Mode: SAFE_HOLD, Override: Safe hold mode active
2025-05-28 04:01:47,914 - INFO - [AUDIT] - Action: 0, Confidence: 1.0000, Safety Mode: SAFE_HOLD, Override: Safe hold mode active
2025-05-28 04:01:47,915 - INFO - [AUDIT] - Action: 0, Confidence: 1.0000, Safety Mode: SAFE_HOLD, Override: Safe hold mode active
2025-05-28 04:01:47,915 - INFO - [AUDIT] - Action: 0, Confidence: 1.0000, Safety Mode: SAFE_HOLD, Override: Safe hold mode active
2025-05-28 04:01:47,915 - INFO - [AUDIT] - Action: 0, Confidence: 1.0000, Safety Mode: SAFE_HOLD, Override: Safe hold mode active
2025-05-28 04:01:47,915 - INFO - [AUDIT] - Action: 0, Confidence: 1.0000, Safety Mode: SAFE_HOLD, Override: Safe hold mode active
2025-05-28 04:01:47,915 - INFO - [AUDIT] - Action: 0, Confidence: 1.0000, Safety Mode: SAFE_HOLD, Override: Safe hold mode active
2025-05-28 04:01:47,915 - INFO - [AUDIT] - Action: 0, Confidence: 1.0000, Safety Mode: SAFE_HOLD, Override: Safe hold mode active
2025-05-28 04:01:47,916 - INFO - [AUDIT] - Action: 0, Confidence: 1.0000, Safety Mode: SAFE_HOLD, Override: Safe hold mode active
2025-05-28 04:01:47,916 - INFO - [AUDIT] - Action: 0, Confidence: 1.0000, Safety Mode: SAFE_HOLD, Override: Safe hold mode active
2025-05-28 04:01:47,916 - INFO - [AUDIT] - Action: 0, Confidence: 1.0000, Safety Mode: SAFE_HOLD, Override: Safe hold mode active
2025-05-28 04:01:47,916 - INFO - [AUDIT] - Action: 0, Confidence: 1.0000, Safety Mode: SAFE_HOLD, Override: Safe hold mode active
2025-05-28 04:01:47,916 - INFO - [AUDIT] - Action: 0, Confidence: 1.0000, Safety Mode: SAFE_HOLD, Override: Safe hold mode active
2025-05-28 04:01:47,917 - INFO - [AUDIT] - Action: 0, Confidence: 1.0000, Safety Mode: SAFE_HOLD, Override: Safe hold mode active
2025-05-28 04:01:47,917 - INFO - [AUDIT] - Action: 0, Confidence: 1.0000, Safety Mode: SAFE_HOLD, Override: Safe hold mode active
2025-05-28 04:01:47,917 - INFO - [AUDIT] - Action: 0, Confidence: 1.0000, Safety Mode: SAFE_HOLD, Override: Safe hold mode active
2025-05-28 04:01:47,918 - INFO - [AUDIT] - Action: 0, Confidence: 1.0000, Safety Mode: SAFE_HOLD, Override: Safe hold mode active
2025-05-28 04:01:47,918 - INFO - [AUDIT] - Action: 0, Confidence: 1.0000, Safety Mode: SAFE_HOLD, Override: Safe hold mode active
2025-05-28 04:01:47,918 - INFO - [AUDIT] - Action: 0, Confidence: 1.0000, Safety Mode: SAFE_HOLD, Override: Safe hold mode active
2025-05-28 04:01:47,918 - INFO - [AUDIT] - Action: 0, Confidence: 1.0000, Safety Mode: SAFE_HOLD, Override: Safe hold mode active
2025-05-28 04:01:47,918 - INFO - [AUDIT] - Action: 0, Confidence: 1.0000, Safety Mode: SAFE_HOLD, Override: Safe hold mode active
2025-05-28 04:01:47,919 - INFO - [AUDIT] - Action: 0, Confidence: 1.0000, Safety Mode: SAFE_HOLD, Override: Safe hold mode active
2025-05-28 04:01:47,919 - INFO - [AUDIT] - Action: 0, Confidence: 1.0000, Safety Mode: SAFE_HOLD, Override: Safe hold mode active
2025-05-28 04:01:47,919 - INFO - [AUDIT] - Action: 0, Confidence: 1.0000, Safety Mode: SAFE_HOLD, Override: Safe hold mode active
2025-05-28 04:01:47,919 - INFO - [AUDIT] - Action: 0, Confidence: 1.0000, Safety Mode: SAFE_HOLD, Override: Safe hold mode active
2025-05-28 04:01:47,919 - INFO - [AUDIT] - Action: 0, Confidence: 1.0000, Safety Mode: SAFE_HOLD, Override: Safe hold mode active
2025-05-28 04:01:47,920 - INFO - [AUDIT] - Action: 0, Confidence: 1.0000, Safety Mode: SAFE_HOLD, Override: Safe hold mode active
2025-05-28 04:01:47,920 - INFO - [AUDIT] - Action: 0, Confidence: 1.0000, Safety Mode: SAFE_HOLD, Override: Safe hold mode active
2025-05-28 04:01:48,244 - INFO - [AUDIT] - Action: 0, Confidence: 1.0000, Safety Mode: SAFE_HOLD, Override: Safe hold mode active
2025-05-28 04:01:48,244 - INFO - [AUDIT] - Action: 0, Confidence: 1.0000, Safety Mode: SAFE_HOLD, Override: Safe hold mode active
2025-05-28 04:01:48,244 - INFO - [AUDIT] - Action: 0, Confidence: 1.0000, Safety Mode: SAFE_HOLD, Override: Safe hold mode active
2025-05-28 04:01:48,245 - INFO - [AUDIT] - Action: 0, Confidence: 1.0000, Safety Mode: SAFE_HOLD, Override: Safe hold mode active
2025-05-28 04:01:48,245 - INFO - [AUDIT] - Action: 0, Confidence: 1.0000, Safety Mode: SAFE_HOLD, Override: Safe hold mode active
2025-05-28 04:01:48,245 - INFO - [AUDIT] - Action: 0, Confidence: 1.0000, Safety Mode: SAFE_HOLD, Override: Safe hold mode active
2025-05-28 04:01:48,245 - INFO - [AUDIT] - Action: 0, Confidence: 1.0000, Safety Mode: SAFE_HOLD, Override: Safe hold mode active
2025-05-28 04:01:48,246 - INFO - [AUDIT] - Action: 0, Confidence: 1.0000, Safety Mode: SAFE_HOLD, Override: Safe hold mode active
2025-05-28 04:01:48,246 - INFO - [AUDIT] - Action: 0, Confidence: 1.0000, Safety Mode: SAFE_HOLD, Override: Safe hold mode active
2025-05-28 04:01:48,246 - INFO - [AUDIT] - Action: 0, Confidence: 1.0000, Safety Mode: SAFE_HOLD, Override: Safe hold mode active
2025-05-28 04:01:48,246 - INFO - [AUDIT] - Action: 0, Confidence: 1.0000, Safety Mode: SAFE_HOLD, Override: Safe hold mode active
2025-05-28 04:01:48,246 - INFO - [AUDIT] - Action: 0, Confidence: 1.0000, Safety Mode: SAFE_HOLD, Override: Safe hold mode active
2025-05-28 04:01:48,246 - INFO - [AUDIT] - Action: 0, Confidence: 1.0000, Safety Mode: SAFE_HOLD, Override: Safe hold mode active
2025-05-28 04:01:48,247 - INFO - [AUDIT] - Action: 0, Confidence: 1.0000, Safety Mode: SAFE_HOLD, Override: Safe hold mode active
2025-05-28 04:01:48,247 - INFO - [AUDIT] - Action: 0, Confidence: 1.0000, Safety Mode: SAFE_HOLD, Override: Safe hold mode active
2025-05-28 04:01:48,247 - INFO - [AUDIT] - Action: 0, Confidence: 1.0000, Safety Mode: SAFE_HOLD, Override: Safe hold mode active
2025-05-28 04:01:48,247 - INFO - [AUDIT] - Action: 0, Confidence: 1.0000, Safety Mode: SAFE_HOLD, Override: Safe hold mode active
2025-05-28 04:01:48,248 - INFO - [AUDIT] - Action: 0, Confidence: 1.0000, Safety Mode: SAFE_HOLD, Override: Safe hold mode active
2025-05-28 04:01:48,248 - INFO - [AUDIT] - Action: 0, Confidence: 1.0000, Safety Mode: SAFE_HOLD, Override: Safe hold mode active
2025-05-28 04:01:48,248 - INFO - [AUDIT] - Action: 0, Confidence: 1.0000, Safety Mode: SAFE_HOLD, Override: Safe hold mode active
2025-05-28 04:01:48,248 - INFO - [AUDIT] - Action: 0, Confidence: 1.0000, Safety Mode: SAFE_HOLD, Override: Safe hold mode active
2025-05-28 04:01:48,248 - INFO - [AUDIT] - Action: 0, Confidence: 1.0000, Safety Mode: SAFE_HOLD, Override: Safe hold mode active
2025-05-28 04:01:48,249 - INFO - [AUDIT] - Action: 0, Confidence: 1.0000, Safety Mode: SAFE_HOLD, Override: Safe hold mode active
2025-05-28 04:01:48,249 - INFO - [AUDIT] - Action: 0, Confidence: 1.0000, Safety Mode: SAFE_HOLD, Override: Safe hold mode active
2025-05-28 04:01:48,249 - INFO - [AUDIT] - Action: 0, Confidence: 1.0000, Safety Mode: SAFE_HOLD, Override: Safe hold mode active
2025-05-28 04:01:48,249 - INFO - [AUDIT] - Action: 0, Confidence: 1.0000, Safety Mode: SAFE_HOLD, Override: Safe hold mode active
2025-05-28 04:01:48,249 - INFO - [AUDIT] - Action: 0, Confidence: 1.0000, Safety Mode: SAFE_HOLD, Override: Safe hold mode active
2025-05-28 04:01:48,250 - INFO - [AUDIT] - Action: 0, Confidence: 1.0000, Safety Mode: SAFE_HOLD, Override: Safe hold mode active
2025-05-28 04:01:48,250 - INFO - [AUDIT] - Action: 0, Confidence: 1.0000, Safety Mode: SAFE_HOLD, Override: Safe hold mode active
2025-05-28 04:01:48,250 - INFO - [AUDIT] - Action: 0, Confidence: 1.0000, Safety Mode: SAFE_HOLD, Override: Safe hold mode active
2025-05-28 04:01:48,250 - INFO - [AUDIT] - Action: 0, Confidence: 1.0000, Safety Mode: SAFE_HOLD, Override: Safe hold mode active
2025-05-28 04:01:48,250 - INFO - [AUDIT] - Action: 0, Confidence: 1.0000, Safety Mode: SAFE_HOLD, Override: Safe hold mode active
2025-05-28 04:01:48,251 - INFO - [AUDIT] - Action: 0, Confidence: 1.0000, Safety Mode: SAFE_HOLD, Override: Safe hold mode active
2025-05-28 04:01:48,251 - INFO - [AUDIT] - Action: 0, Confidence: 1.0000, Safety Mode: SAFE_HOLD, Override: Safe hold mode active
2025-05-28 04:01:48,251 - INFO - [AUDIT] - Action: 0, Confidence: 1.0000, Safety Mode: SAFE_HOLD, Override: Safe hold mode active
2025-05-28 04:01:48,251 - INFO - [AUDIT] - Action: 0, Confidence: 1.0000, Safety Mode: SAFE_HOLD, Override: Safe hold mode active
2025-05-28 04:01:48,252 - INFO - [AUDIT] - Action: 0, Confidence: 1.0000, Safety Mode: SAFE_HOLD, Override: Safe hold mode active
2025-05-28 04:01:48,252 - INFO - [AUDIT] - Action: 0, Confidence: 1.0000, Safety Mode: SAFE_HOLD, Override: Safe hold mode active
2025-05-28 04:01:48,252 - INFO - [AUDIT] - Action: 0, Confidence: 1.0000, Safety Mode: SAFE_HOLD, Override: Safe hold mode active
2025-05-28 04:01:48,252 - INFO - [AUDIT] - Action: 0, Confidence: 1.0000, Safety Mode: SAFE_HOLD, Override: Safe hold mode active
2025-05-28 04:01:48,253 - INFO - [AUDIT] - Action: 0, Confidence: 1.0000, Safety Mode: SAFE_HOLD, Override: Safe hold mode active
2025-05-28 04:01:48,253 - INFO - [AUDIT] - Action: 0, Confidence: 1.0000, Safety Mode: SAFE_HOLD, Override: Safe hold mode active
2025-05-28 04:01:48,253 - INFO - [AUDIT] - Action: 0, Confidence: 1.0000, Safety Mode: SAFE_HOLD, Override: Safe hold mode active
2025-05-28 04:01:48,253 - INFO - [AUDIT] - Action: 0, Confidence: 1.0000, Safety Mode: SAFE_HOLD, Override: Safe hold mode active
2025-05-28 04:01:48,253 - INFO - [AUDIT] - Action: 0, Confidence: 1.0000, Safety Mode: SAFE_HOLD, Override: Safe hold mode active
2025-05-28 04:01:48,254 - INFO - [AUDIT] - Action: 0, Confidence: 1.0000, Safety Mode: SAFE_HOLD, Override: Safe hold mode active
2025-05-28 04:01:48,254 - INFO - [AUDIT] - Action: 0, Confidence: 1.0000, Safety Mode: SAFE_HOLD, Override: Safe hold mode active
2025-05-28 04:01:48,254 - INFO - [AUDIT] - Action: 0, Confidence: 1.0000, Safety Mode: SAFE_HOLD, Override: Safe hold mode active
2025-05-28 04:01:48,254 - INFO - [AUDIT] - Action: 0, Confidence: 1.0000, Safety Mode: SAFE_HOLD, Override: Safe hold mode active
2025-05-28 04:01:48,254 - INFO - [AUDIT] - Action: 0, Confidence: 1.0000, Safety Mode: SAFE_HOLD, Override: Safe hold mode active
2025-05-28 04:01:48,254 - INFO - [AUDIT] - Action: 0, Confidence: 1.0000, Safety Mode: SAFE_HOLD, Override: Safe hold mode active
2025-05-28 04:01:48,255 - INFO - [AUDIT] - Action: 0, Confidence: 1.0000, Safety Mode: SAFE_HOLD, Override: Safe hold mode active
2025-05-28 04:01:48,255 - INFO - [AUDIT] - Action: 0, Confidence: 1.0000, Safety Mode: SAFE_HOLD, Override: Safe hold mode active
2025-05-28 04:01:48,255 - INFO - [AUDIT] - Action: 0, Confidence: 1.0000, Safety Mode: SAFE_HOLD, Override: Safe hold mode active
2025-05-28 04:01:48,255 - INFO - [AUDIT] - Action: 0, Confidence: 1.0000, Safety Mode: SAFE_HOLD, Override: Safe hold mode active
2025-05-28 04:01:48,256 - INFO - [AUDIT] - Action: 0, Confidence: 1.0000, Safety Mode: SAFE_HOLD, Override: Safe hold mode active
2025-05-28 04:01:48,256 - INFO - [AUDIT] - Action: 0, Confidence: 1.0000, Safety Mode: SAFE_HOLD, Override: Safe hold mode active
2025-05-28 04:01:48,256 - INFO - [AUDIT] - Action: 0, Confidence: 1.0000, Safety Mode: SAFE_HOLD, Override: Safe hold mode active
2025-05-28 04:01:48,256 - INFO - [AUDIT] - Action: 0, Confidence: 1.0000, Safety Mode: SAFE_HOLD, Override: Safe hold mode active
2025-05-28 04:01:48,256 - INFO - [AUDIT] - Action: 0, Confidence: 1.0000, Safety Mode: SAFE_HOLD, Override: Safe hold mode active
2025-05-28 04:01:48,256 - INFO - [AUDIT] - Action: 0, Confidence: 1.0000, Safety Mode: SAFE_HOLD, Override: Safe hold mode active
2025-05-28 04:01:48,257 - INFO - [AUDIT] - Action: 0, Confidence: 1.0000, Safety Mode: SAFE_HOLD, Override: Safe hold mode active
2025-05-28 04:01:48,257 - INFO - [AUDIT] - Action: 0, Confidence: 1.0000, Safety Mode: SAFE_HOLD, Override: Safe hold mode active
2025-05-28 04:01:48,257 - INFO - [AUDIT] - Action: 0, Confidence: 1.0000, Safety Mode: SAFE_HOLD, Override: Safe hold mode active
2025-05-28 04:01:48,257 - INFO - [AUDIT] - Action: 0, Confidence: 1.0000, Safety Mode: SAFE_HOLD, Override: Safe hold mode active
2025-05-28 04:01:48,257 - INFO - [AUDIT] - Action: 0, Confidence: 1.0000, Safety Mode: SAFE_HOLD, Override: Safe hold mode active
2025-05-28 04:01:48,258 - INFO - [AUDIT] - Action: 0, Confidence: 1.0000, Safety Mode: SAFE_HOLD, Override: Safe hold mode active
2025-05-28 04:01:48,258 - INFO - [AUDIT] - Action: 0, Confidence: 1.0000, Safety Mode: SAFE_HOLD, Override: Safe hold mode active
2025-05-28 04:01:48,258 - INFO - [AUDIT] - Action: 0, Confidence: 1.0000, Safety Mode: SAFE_HOLD, Override: Safe hold mode active
2025-05-28 04:01:48,258 - INFO - [AUDIT] - Action: 0, Confidence: 1.0000, Safety Mode: SAFE_HOLD, Override: Safe hold mode active
2025-05-28 04:01:48,259 - INFO - [AUDIT] - Action: 0, Confidence: 1.0000, Safety Mode: SAFE_HOLD, Override: Safe hold mode active
2025-05-28 04:01:48,259 - INFO - [AUDIT] - Action: 0, Confidence: 1.0000, Safety Mode: SAFE_HOLD, Override: Safe hold mode active
2025-05-28 04:01:48,259 - INFO - [AUDIT] - Action: 0, Confidence: 1.0000, Safety Mode: SAFE_HOLD, Override: Safe hold mode active
2025-05-28 04:01:48,259 - INFO - [AUDIT] - Action: 0, Confidence: 1.0000, Safety Mode: SAFE_HOLD, Override: Safe hold mode active
2025-05-28 04:01:48,259 - INFO - [AUDIT] - Action: 0, Confidence: 1.0000, Safety Mode: SAFE_HOLD, Override: Safe hold mode active
2025-05-28 04:01:48,260 - INFO - [AUDIT] - Action: 0, Confidence: 1.0000, Safety Mode: SAFE_HOLD, Override: Safe hold mode active
2025-05-28 04:01:48,260 - INFO - [AUDIT] - Action: 0, Confidence: 1.0000, Safety Mode: SAFE_HOLD, Override: Safe hold mode active
2025-05-28 04:01:48,260 - INFO - [AUDIT] - Action: 0, Confidence: 1.0000, Safety Mode: SAFE_HOLD, Override: Safe hold mode active
2025-05-28 04:01:48,260 - INFO - [AUDIT] - Action: 0, Confidence: 1.0000, Safety Mode: SAFE_HOLD, Override: Safe hold mode active
2025-05-28 04:01:48,260 - INFO - [AUDIT] - Action: 0, Confidence: 1.0000, Safety Mode: SAFE_HOLD, Override: Safe hold mode active
2025-05-28 04:01:48,260 - INFO - [AUDIT] - Action: 0, Confidence: 1.0000, Safety Mode: SAFE_HOLD, Override: Safe hold mode active
2025-05-28 04:01:48,261 - INFO - [AUDIT] - Action: 0, Confidence: 1.0000, Safety Mode: SAFE_HOLD, Override: Safe hold mode active
2025-05-28 04:01:48,261 - INFO - [AUDIT] - Action: 0, Confidence: 1.0000, Safety Mode: SAFE_HOLD, Override: Safe hold mode active
2025-05-28 04:01:48,261 - INFO - [AUDIT] - Action: 0, Confidence: 1.0000, Safety Mode: SAFE_HOLD, Override: Safe hold mode active
2025-05-28 04:01:48,261 - INFO - [AUDIT] - Action: 0, Confidence: 1.0000, Safety Mode: SAFE_HOLD, Override: Safe hold mode active
2025-05-28 04:01:48,261 - INFO - [AUDIT] - Action: 0, Confidence: 1.0000, Safety Mode: SAFE_HOLD, Override: Safe hold mode active
2025-05-28 04:01:48,262 - INFO - [AUDIT] - Action: 0, Confidence: 1.0000, Safety Mode: SAFE_HOLD, Override: Safe hold mode active
2025-05-28 04:01:48,262 - INFO - [AUDIT] - Action: 0, Confidence: 1.0000, Safety Mode: SAFE_HOLD, Override: Safe hold mode active
2025-05-28 04:01:48,262 - INFO - [AUDIT] - Action: 0, Confidence: 1.0000, Safety Mode: SAFE_HOLD, Override: Safe hold mode active
2025-05-28 04:01:48,262 - INFO - [AUDIT] - Action: 0, Confidence: 1.0000, Safety Mode: SAFE_HOLD, Override: Safe hold mode active
2025-05-28 04:01:48,262 - INFO - [AUDIT] - Action: 0, Confidence: 1.0000, Safety Mode: SAFE_HOLD, Override: Safe hold mode active
2025-05-28 04:01:48,263 - INFO - [AUDIT] - Action: 0, Confidence: 1.0000, Safety Mode: SAFE_HOLD, Override: Safe hold mode active
2025-05-28 04:01:48,263 - INFO - [AUDIT] - Action: 0, Confidence: 1.0000, Safety Mode: SAFE_HOLD, Override: Safe hold mode active
2025-05-28 04:01:48,263 - INFO - [AUDIT] - Action: 0, Confidence: 1.0000, Safety Mode: SAFE_HOLD, Override: Safe hold mode active
2025-05-28 04:01:48,263 - INFO - [AUDIT] - Action: 0, Confidence: 1.0000, Safety Mode: SAFE_HOLD, Override: Safe hold mode active
2025-05-28 04:01:48,263 - INFO - [AUDIT] - Action: 0, Confidence: 1.0000, Safety Mode: SAFE_HOLD, Override: Safe hold mode active
2025-05-28 04:01:48,264 - INFO - [AUDIT] - Action: 0, Confidence: 1.0000, Safety Mode: SAFE_HOLD, Override: Safe hold mode active
2025-05-28 04:01:48,264 - INFO - [AUDIT] - Action: 0, Confidence: 1.0000, Safety Mode: SAFE_HOLD, Override: Safe hold mode active
2025-05-28 04:01:48,264 - INFO - [AUDIT] - Action: 0, Confidence: 1.0000, Safety Mode: SAFE_HOLD, Override: Safe hold mode active
2025-05-28 04:01:48,264 - INFO - [AUDIT] - Action: 0, Confidence: 1.0000, Safety Mode: SAFE_HOLD, Override: Safe hold mode active
2025-05-28 04:01:48,264 - INFO - [AUDIT] - Action: 0, Confidence: 1.0000, Safety Mode: SAFE_HOLD, Override: Safe hold mode active
2025-05-28 04:01:48,265 - INFO - [AUDIT] - Action: 0, Confidence: 1.0000, Safety Mode: SAFE_HOLD, Override: Safe hold mode active
2025-05-28 04:01:48,265 - INFO - [AUDIT] - Action: 0, Confidence: 1.0000, Safety Mode: SAFE_HOLD, Override: Safe hold mode active
2025-05-28 04:01:48,265 - INFO - [AUDIT] - Action: 0, Confidence: 1.0000, Safety Mode: SAFE_HOLD, Override: Safe hold mode active
2025-05-28 04:01:48,265 - INFO - [AUDIT] - Action: 0, Confidence: 1.0000, Safety Mode: SAFE_HOLD, Override: Safe hold mode active
2025-05-28 04:01:48,265 - INFO - [AUDIT] - Action: 0, Confidence: 1.0000, Safety Mode: SAFE_HOLD, Override: Safe hold mode active
2025-05-28 04:01:48,266 - INFO - [AUDIT] - Action: 0, Confidence: 1.0000, Safety Mode: SAFE_HOLD, Override: Safe hold mode active
2025-05-28 04:01:48,266 - INFO - [AUDIT] - Action: 0, Confidence: 1.0000, Safety Mode: SAFE_HOLD, Override: Safe hold mode active
2025-05-28 04:01:48,266 - INFO - [AUDIT] - Action: 0, Confidence: 1.0000, Safety Mode: SAFE_HOLD, Override: Safe hold mode active
2025-05-28 04:01:48,266 - INFO - [AUDIT] - Action: 0, Confidence: 1.0000, Safety Mode: SAFE_HOLD, Override: Safe hold mode active
2025-05-28 04:01:48,266 - INFO - [AUDIT] - Action: 0, Confidence: 1.0000, Safety Mode: SAFE_HOLD, Override: Safe hold mode active
2025-05-28 04:01:48,266 - INFO - [AUDIT] - Action: 0, Confidence: 1.0000, Safety Mode: SAFE_HOLD, Override: Safe hold mode active
2025-05-28 04:01:48,267 - INFO - [AUDIT] - Action: 0, Confidence: 1.0000, Safety Mode: SAFE_HOLD, Override: Safe hold mode active
2025-05-28 04:01:48,267 - INFO - [AUDIT] - Action: 0, Confidence: 1.0000, Safety Mode: SAFE_HOLD, Override: Safe hold mode active
2025-05-28 04:01:48,267 - INFO - [AUDIT] - Action: 0, Confidence: 1.0000, Safety Mode: SAFE_HOLD, Override: Safe hold mode active
2025-05-28 04:01:48,268 - INFO - [AUDIT] - Action: 0, Confidence: 1.0000, Safety Mode: SAFE_HOLD, Override: Safe hold mode active
2025-05-28 04:01:48,268 - INFO - [AUDIT] - Action: 0, Confidence: 1.0000, Safety Mode: SAFE_HOLD, Override: Safe hold mode active
2025-05-28 04:01:48,268 - INFO - [AUDIT] - Action: 0, Confidence: 1.0000, Safety Mode: SAFE_HOLD, Override: Safe hold mode active
2025-05-28 04:01:48,268 - INFO - [AUDIT] - Action: 0, Confidence: 1.0000, Safety Mode: SAFE_HOLD, Override: Safe hold mode active
2025-05-28 04:01:48,269 - INFO - [AUDIT] - Action: 0, Confidence: 1.0000, Safety Mode: SAFE_HOLD, Override: Safe hold mode active
2025-05-28 04:01:48,269 - INFO - [AUDIT] - Action: 0, Confidence: 1.0000, Safety Mode: SAFE_HOLD, Override: Safe hold mode active
2025-05-28 04:01:48,269 - INFO - [AUDIT] - Action: 0, Confidence: 1.0000, Safety Mode: SAFE_HOLD, Override: Safe hold mode active
2025-05-28 04:01:48,269 - INFO - [AUDIT] - Action: 0, Confidence: 1.0000, Safety Mode: SAFE_HOLD, Override: Safe hold mode active
2025-05-28 04:01:48,269 - INFO - [AUDIT] - Action: 0, Confidence: 1.0000, Safety Mode: SAFE_HOLD, Override: Safe hold mode active
2025-05-28 04:01:48,270 - INFO - [AUDIT] - Action: 0, Confidence: 1.0000, Safety Mode: SAFE_HOLD, Override: Safe hold mode active
2025-05-28 04:01:48,270 - INFO - [AUDIT] - Action: 0, Confidence: 1.0000, Safety Mode: SAFE_HOLD, Override: Safe hold mode active
2025-05-28 04:01:48,270 - INFO - [AUDIT] - Action: 0, Confidence: 1.0000, Safety Mode: SAFE_HOLD, Override: Safe hold mode active
2025-05-28 04:01:48,270 - INFO - [AUDIT] - Action: 0, Confidence: 1.0000, Safety Mode: SAFE_HOLD, Override: Safe hold mode active
2025-05-28 04:01:48,270 - INFO - [AUDIT] - Action: 0, Confidence: 1.0000, Safety Mode: SAFE_HOLD, Override: Safe hold mode active
2025-05-28 04:01:48,271 - INFO - [AUDIT] - Action: 0, Confidence: 1.0000, Safety Mode: SAFE_HOLD, Override: Safe hold mode active
2025-05-28 04:01:48,271 - INFO - [AUDIT] - Action: 0, Confidence: 1.0000, Safety Mode: SAFE_HOLD, Override: Safe hold mode active
2025-05-28 04:01:48,271 - INFO - [AUDIT] - Action: 0, Confidence: 1.0000, Safety Mode: SAFE_HOLD, Override: Safe hold mode active
2025-05-28 04:01:48,271 - INFO - [AUDIT] - Action: 0, Confidence: 1.0000, Safety Mode: SAFE_HOLD, Override: Safe hold mode active
2025-05-28 04:01:48,271 - INFO - [AUDIT] - Action: 0, Confidence: 1.0000, Safety Mode: SAFE_HOLD, Override: Safe hold mode active
2025-05-28 04:01:48,272 - INFO - [AUDIT] - Action: 0, Confidence: 1.0000, Safety Mode: SAFE_HOLD, Override: Safe hold mode active
2025-05-28 04:01:48,272 - INFO - [AUDIT] - Action: 0, Confidence: 1.0000, Safety Mode: SAFE_HOLD, Override: Safe hold mode active
2025-05-28 04:01:48,272 - INFO - [AUDIT] - Action: 0, Confidence: 1.0000, Safety Mode: SAFE_HOLD, Override: Safe hold mode active
2025-05-28 04:01:48,272 - INFO - [AUDIT] - Action: 0, Confidence: 1.0000, Safety Mode: SAFE_HOLD, Override: Safe hold mode active
2025-05-28 04:01:48,272 - INFO - [AUDIT] - Action: 0, Confidence: 1.0000, Safety Mode: SAFE_HOLD, Override: Safe hold mode active
2025-05-28 04:01:48,273 - INFO - [AUDIT] - Action: 0, Confidence: 1.0000, Safety Mode: SAFE_HOLD, Override: Safe hold mode active
2025-05-28 04:01:48,273 - INFO - [AUDIT] - Action: 0, Confidence: 1.0000, Safety Mode: SAFE_HOLD, Override: Safe hold mode active
2025-05-28 04:01:48,273 - INFO - [AUDIT] - Action: 0, Confidence: 1.0000, Safety Mode: SAFE_HOLD, Override: Safe hold mode active
2025-05-28 04:01:48,273 - INFO - [AUDIT] - Action: 0, Confidence: 1.0000, Safety Mode: SAFE_HOLD, Override: Safe hold mode active
2025-05-28 04:01:48,273 - INFO - [AUDIT] - Action: 0, Confidence: 1.0000, Safety Mode: SAFE_HOLD, Override: Safe hold mode active
2025-05-28 04:01:48,274 - INFO - [AUDIT] - Action: 0, Confidence: 1.0000, Safety Mode: SAFE_HOLD, Override: Safe hold mode active
2025-05-28 04:01:48,274 - INFO - [AUDIT] - Action: 0, Confidence: 1.0000, Safety Mode: SAFE_HOLD, Override: Safe hold mode active
2025-05-28 04:01:48,274 - INFO - [AUDIT] - Action: 0, Confidence: 1.0000, Safety Mode: SAFE_HOLD, Override: Safe hold mode active
2025-05-28 04:01:48,274 - INFO - [AUDIT] - Action: 0, Confidence: 1.0000, Safety Mode: SAFE_HOLD, Override: Safe hold mode active
2025-05-28 04:01:48,274 - INFO - [AUDIT] - Action: 0, Confidence: 1.0000, Safety Mode: SAFE_HOLD, Override: Safe hold mode active
2025-05-28 04:01:48,274 - INFO - [AUDIT] - Action: 0, Confidence: 1.0000, Safety Mode: SAFE_HOLD, Override: Safe hold mode active
2025-05-28 04:01:48,275 - INFO - [AUDIT] - Action: 0, Confidence: 1.0000, Safety Mode: SAFE_HOLD, Override: Safe hold mode active
2025-05-28 04:01:48,275 - INFO - [AUDIT] - Action: 0, Confidence: 1.0000, Safety Mode: SAFE_HOLD, Override: Safe hold mode active
2025-05-28 04:01:48,275 - INFO - [AUDIT] - Action: 0, Confidence: 1.0000, Safety Mode: SAFE_HOLD, Override: Safe hold mode active
2025-05-28 04:01:48,275 - INFO - [AUDIT] - Action: 0, Confidence: 1.0000, Safety Mode: SAFE_HOLD, Override: Safe hold mode active
2025-05-28 04:01:48,275 - INFO - [AUDIT] - Action: 0, Confidence: 1.0000, Safety Mode: SAFE_HOLD, Override: Safe hold mode active
2025-05-28 04:01:48,276 - INFO - [AUDIT] - Action: 0, Confidence: 1.0000, Safety Mode: SAFE_HOLD, Override: Safe hold mode active
2025-05-28 04:01:48,276 - INFO - [AUDIT] - Action: 0, Confidence: 1.0000, Safety Mode: SAFE_HOLD, Override: Safe hold mode active
2025-05-28 04:01:48,276 - INFO - [AUDIT] - Action: 0, Confidence: 1.0000, Safety Mode: SAFE_HOLD, Override: Safe hold mode active
2025-05-28 04:01:48,276 - INFO - [AUDIT] - Action: 0, Confidence: 1.0000, Safety Mode: SAFE_HOLD, Override: Safe hold mode active
2025-05-28 04:01:48,276 - INFO - [AUDIT] - Action: 0, Confidence: 1.0000, Safety Mode: SAFE_HOLD, Override: Safe hold mode active
2025-05-28 04:01:48,277 - INFO - [AUDIT] - Action: 0, Confidence: 1.0000, Safety Mode: SAFE_HOLD, Override: Safe hold mode active
2025-05-28 04:01:48,277 - INFO - [AUDIT] - Action: 0, Confidence: 1.0000, Safety Mode: SAFE_HOLD, Override: Safe hold mode active
2025-05-28 04:01:48,277 - INFO - [AUDIT] - Action: 0, Confidence: 1.0000, Safety Mode: SAFE_HOLD, Override: Safe hold mode active
2025-05-28 04:01:48,277 - INFO - [AUDIT] - Action: 0, Confidence: 1.0000, Safety Mode: SAFE_HOLD, Override: Safe hold mode active
2025-05-28 04:01:48,277 - INFO - [AUDIT] - Action: 0, Confidence: 1.0000, Safety Mode: SAFE_HOLD, Override: Safe hold mode active
2025-05-28 04:01:48,278 - INFO - [AUDIT] - Action: 0, Confidence: 1.0000, Safety Mode: SAFE_HOLD, Override: Safe hold mode active
2025-05-28 04:01:48,278 - INFO - [AUDIT] - Action: 0, Confidence: 1.0000, Safety Mode: SAFE_HOLD, Override: Safe hold mode active
2025-05-28 04:01:48,278 - INFO - [AUDIT] - Action: 0, Confidence: 1.0000, Safety Mode: SAFE_HOLD, Override: Safe hold mode active
2025-05-28 04:01:48,278 - INFO - [AUDIT] - Action: 0, Confidence: 1.0000, Safety Mode: SAFE_HOLD, Override: Safe hold mode active
2025-05-28 04:01:48,278 - INFO - [AUDIT] - Action: 0, Confidence: 1.0000, Safety Mode: SAFE_HOLD, Override: Safe hold mode active
2025-05-28 04:01:48,279 - INFO - [AUDIT] - Action: 0, Confidence: 1.0000, Safety Mode: SAFE_HOLD, Override: Safe hold mode active
2025-05-28 04:01:48,279 - INFO - [AUDIT] - Action: 0, Confidence: 1.0000, Safety Mode: SAFE_HOLD, Override: Safe hold mode active
2025-05-28 04:01:48,279 - INFO - [AUDIT] - Action: 0, Confidence: 1.0000, Safety Mode: SAFE_HOLD, Override: Safe hold mode active
2025-05-28 04:01:48,279 - INFO - [AUDIT] - Action: 0, Confidence: 1.0000, Safety Mode: SAFE_HOLD, Override: Safe hold mode active
2025-05-28 04:01:48,279 - INFO - [AUDIT] - Action: 0, Confidence: 1.0000, Safety Mode: SAFE_HOLD, Override: Safe hold mode active
2025-05-28 04:01:48,280 - INFO - [AUDIT] - Action: 0, Confidence: 1.0000, Safety Mode: SAFE_HOLD, Override: Safe hold mode active
2025-05-28 04:01:48,280 - INFO - [AUDIT] - Action: 0, Confidence: 1.0000, Safety Mode: SAFE_HOLD, Override: Safe hold mode active
2025-05-28 04:01:48,280 - INFO - [AUDIT] - Action: 0, Confidence: 1.0000, Safety Mode: SAFE_HOLD, Override: Safe hold mode active
2025-05-28 04:01:48,280 - INFO - [AUDIT] - Action: 0, Confidence: 1.0000, Safety Mode: SAFE_HOLD, Override: Safe hold mode active
2025-05-28 04:01:48,280 - INFO - [AUDIT] - Action: 0, Confidence: 1.0000, Safety Mode: SAFE_HOLD, Override: Safe hold mode active
2025-05-28 04:01:48,281 - INFO - [AUDIT] - Action: 0, Confidence: 1.0000, Safety Mode: SAFE_HOLD, Override: Safe hold mode active
2025-05-28 04:01:48,281 - INFO - [AUDIT] - Action: 0, Confidence: 1.0000, Safety Mode: SAFE_HOLD, Override: Safe hold mode active
2025-05-28 04:01:48,281 - INFO - [AUDIT] - Action: 0, Confidence: 1.0000, Safety Mode: SAFE_HOLD, Override: Safe hold mode active
2025-05-28 04:01:48,281 - INFO - [AUDIT] - Action: 0, Confidence: 1.0000, Safety Mode: SAFE_HOLD, Override: Safe hold mode active
2025-05-28 04:01:48,281 - INFO - [AUDIT] - Action: 0, Confidence: 1.0000, Safety Mode: SAFE_HOLD, Override: Safe hold mode active
2025-05-28 04:01:48,281 - INFO - [AUDIT] - Action: 0, Confidence: 1.0000, Safety Mode: SAFE_HOLD, Override: Safe hold mode active
2025-05-28 04:01:48,282 - INFO - [AUDIT] - Action: 0, Confidence: 1.0000, Safety Mode: SAFE_HOLD, Override: Safe hold mode active
2025-05-28 04:01:48,282 - INFO - [AUDIT] - Action: 0, Confidence: 1.0000, Safety Mode: SAFE_HOLD, Override: Safe hold mode active
2025-05-28 04:01:48,282 - INFO - [AUDIT] - Action: 0, Confidence: 1.0000, Safety Mode: SAFE_HOLD, Override: Safe hold mode active
2025-05-28 04:01:48,282 - INFO - [AUDIT] - Action: 0, Confidence: 1.0000, Safety Mode: SAFE_HOLD, Override: Safe hold mode active
2025-05-28 04:01:48,282 - INFO - [AUDIT] - Action: 0, Confidence: 1.0000, Safety Mode: SAFE_HOLD, Override: Safe hold mode active
2025-05-28 04:01:48,283 - INFO - [AUDIT] - Action: 0, Confidence: 1.0000, Safety Mode: SAFE_HOLD, Override: Safe hold mode active
2025-05-28 04:01:48,283 - INFO - [AUDIT] - Action: 0, Confidence: 1.0000, Safety Mode: SAFE_HOLD, Override: Safe hold mode active
2025-05-28 04:01:48,283 - INFO - [AUDIT] - Action: 0, Confidence: 1.0000, Safety Mode: SAFE_HOLD, Override: Safe hold mode active
2025-05-28 04:01:48,283 - INFO - [AUDIT] - Action: 0, Confidence: 1.0000, Safety Mode: SAFE_HOLD, Override: Safe hold mode active
2025-05-28 04:01:48,283 - INFO - [AUDIT] - Action: 0, Confidence: 1.0000, Safety Mode: SAFE_HOLD, Override: Safe hold mode active
2025-05-28 04:01:48,284 - INFO - [AUDIT] - Action: 0, Confidence: 1.0000, Safety Mode: SAFE_HOLD, Override: Safe hold mode active
2025-05-28 04:01:48,284 - INFO - [AUDIT] - Action: 0, Confidence: 1.0000, Safety Mode: SAFE_HOLD, Override: Safe hold mode active
2025-05-28 04:01:48,284 - INFO - [AUDIT] - Action: 0, Confidence: 1.0000, Safety Mode: SAFE_HOLD, Override: Safe hold mode active
2025-05-28 04:01:48,284 - INFO - [AUDIT] - Action: 0, Confidence: 1.0000, Safety Mode: SAFE_HOLD, Override: Safe hold mode active
2025-05-28 04:01:48,285 - INFO - [AUDIT] - Action: 0, Confidence: 1.0000, Safety Mode: SAFE_HOLD, Override: Safe hold mode active
2025-05-28 04:01:48,285 - INFO - [AUDIT] - Action: 0, Confidence: 1.0000, Safety Mode: SAFE_HOLD, Override: Safe hold mode active
2025-05-28 04:01:48,285 - INFO - [AUDIT] - Action: 0, Confidence: 1.0000, Safety Mode: SAFE_HOLD, Override: Safe hold mode active
2025-05-28 04:01:48,285 - INFO - [AUDIT] - Action: 0, Confidence: 1.0000, Safety Mode: SAFE_HOLD, Override: Safe hold mode active
2025-05-28 04:01:48,285 - INFO - [AUDIT] - Action: 0, Confidence: 1.0000, Safety Mode: SAFE_HOLD, Override: Safe hold mode active
2025-05-28 04:01:48,286 - INFO - [AUDIT] - Action: 0, Confidence: 1.0000, Safety Mode: SAFE_HOLD, Override: Safe hold mode active
2025-05-28 04:01:48,286 - INFO - [AUDIT] - Action: 0, Confidence: 1.0000, Safety Mode: SAFE_HOLD, Override: Safe hold mode active
2025-05-28 04:01:48,286 - INFO - [AUDIT] - Action: 0, Confidence: 1.0000, Safety Mode: SAFE_HOLD, Override: Safe hold mode active
2025-05-28 04:01:48,286 - INFO - [AUDIT] - Action: 0, Confidence: 1.0000, Safety Mode: SAFE_HOLD, Override: Safe hold mode active
2025-05-28 04:01:48,286 - INFO - [AUDIT] - Action: 0, Confidence: 1.0000, Safety Mode: SAFE_HOLD, Override: Safe hold mode active
2025-05-28 04:01:48,287 - INFO - [AUDIT] - Action: 0, Confidence: 1.0000, Safety Mode: SAFE_HOLD, Override: Safe hold mode active
2025-05-28 04:01:48,287 - INFO - [AUDIT] - Action: 0, Confidence: 1.0000, Safety Mode: SAFE_HOLD, Override: Safe hold mode active
2025-05-28 04:01:48,287 - INFO - [AUDIT] - Action: 0, Confidence: 1.0000, Safety Mode: SAFE_HOLD, Override: Safe hold mode active
2025-05-28 04:01:48,287 - INFO - [AUDIT] - Action: 0, Confidence: 1.0000, Safety Mode: SAFE_HOLD, Override: Safe hold mode active
2025-05-28 04:01:48,288 - INFO - [AUDIT] - Action: 0, Confidence: 1.0000, Safety Mode: SAFE_HOLD, Override: Safe hold mode active
2025-05-28 04:01:48,288 - INFO - [AUDIT] - Action: 0, Confidence: 1.0000, Safety Mode: SAFE_HOLD, Override: Safe hold mode active
2025-05-28 04:01:48,288 - INFO - [AUDIT] - Action: 0, Confidence: 1.0000, Safety Mode: SAFE_HOLD, Override: Safe hold mode active
2025-05-28 04:01:48,288 - INFO - [AUDIT] - Action: 0, Confidence: 1.0000, Safety Mode: SAFE_HOLD, Override: Safe hold mode active
2025-05-28 04:01:48,288 - INFO - [AUDIT] - Action: 0, Confidence: 1.0000, Safety Mode: SAFE_HOLD, Override: Safe hold mode active
2025-05-28 04:01:48,289 - INFO - [AUDIT] - Action: 0, Confidence: 1.0000, Safety Mode: SAFE_HOLD, Override: Safe hold mode active
2025-05-28 04:01:48,289 - INFO - [AUDIT] - Action: 0, Confidence: 1.0000, Safety Mode: SAFE_HOLD, Override: Safe hold mode active
2025-05-28 04:01:48,289 - INFO - [AUDIT] - Action: 0, Confidence: 1.0000, Safety Mode: SAFE_HOLD, Override: Safe hold mode active
2025-05-28 04:01:48,289 - INFO - [AUDIT] - Action: 0, Confidence: 1.0000, Safety Mode: SAFE_HOLD, Override: Safe hold mode active
2025-05-28 04:01:48,289 - INFO - [AUDIT] - Action: 0, Confidence: 1.0000, Safety Mode: SAFE_HOLD, Override: Safe hold mode active
2025-05-28 04:01:48,289 - INFO - [AUDIT] - Action: 0, Confidence: 1.0000, Safety Mode: SAFE_HOLD, Override: Safe hold mode active
2025-05-28 04:01:48,290 - INFO - [AUDIT] - Action: 0, Confidence: 1.0000, Safety Mode: SAFE_HOLD, Override: Safe hold mode active
2025-05-28 04:01:48,290 - INFO - [AUDIT] - Action: 0, Confidence: 1.0000, Safety Mode: SAFE_HOLD, Override: Safe hold mode active
2025-05-28 04:01:48,290 - INFO - [AUDIT] - Action: 0, Confidence: 1.0000, Safety Mode: SAFE_HOLD, Override: Safe hold mode active
2025-05-28 04:01:48,290 - INFO - [AUDIT] - Action: 0, Confidence: 1.0000, Safety Mode: SAFE_HOLD, Override: Safe hold mode active
2025-05-28 04:01:48,290 - INFO - [AUDIT] - Action: 0, Confidence: 1.0000, Safety Mode: SAFE_HOLD, Override: Safe hold mode active
2025-05-28 04:01:48,291 - INFO - [AUDIT] - Action: 0, Confidence: 1.0000, Safety Mode: SAFE_HOLD, Override: Safe hold mode active
2025-05-28 04:01:48,291 - INFO - [AUDIT] - Action: 0, Confidence: 1.0000, Safety Mode: SAFE_HOLD, Override: Safe hold mode active
2025-05-28 04:01:48,291 - INFO - [AUDIT] - Action: 0, Confidence: 1.0000, Safety Mode: SAFE_HOLD, Override: Safe hold mode active
2025-05-28 04:01:48,291 - INFO - [AUDIT] - Action: 0, Confidence: 1.0000, Safety Mode: SAFE_HOLD, Override: Safe hold mode active
2025-05-28 04:01:48,291 - INFO - [AUDIT] - Action: 0, Confidence: 1.0000, Safety Mode: SAFE_HOLD, Override: Safe hold mode active
2025-05-28 04:01:48,292 - INFO - [AUDIT] - Action: 0, Confidence: 1.0000, Safety Mode: SAFE_HOLD, Override: Safe hold mode active
2025-05-28 04:01:48,292 - INFO - [AUDIT] - Action: 0, Confidence: 1.0000, Safety Mode: SAFE_HOLD, Override: Safe hold mode active
2025-05-28 04:01:48,292 - INFO - [AUDIT] - Action: 0, Confidence: 1.0000, Safety Mode: SAFE_HOLD, Override: Safe hold mode active
2025-05-28 04:01:48,292 - INFO - [AUDIT] - Action: 0, Confidence: 1.0000, Safety Mode: SAFE_HOLD, Override: Safe hold mode active
2025-05-28 04:01:48,292 - INFO - [AUDIT] - Action: 0, Confidence: 1.0000, Safety Mode: SAFE_HOLD, Override: Safe hold mode active
2025-05-28 04:01:48,293 - INFO - [AUDIT] - Action: 0, Confidence: 1.0000, Safety Mode: SAFE_HOLD, Override: Safe hold mode active
2025-05-28 04:01:48,293 - INFO - [AUDIT] - Action: 0, Confidence: 1.0000, Safety Mode: SAFE_HOLD, Override: Safe hold mode active
2025-05-28 04:01:48,293 - INFO - [AUDIT] - Action: 0, Confidence: 1.0000, Safety Mode: SAFE_HOLD, Override: Safe hold mode active
2025-05-28 04:01:48,293 - INFO - [AUDIT] - Action: 0, Confidence: 1.0000, Safety Mode: SAFE_HOLD, Override: Safe hold mode active
2025-05-28 04:01:48,293 - INFO - [AUDIT] - Action: 0, Confidence: 1.0000, Safety Mode: SAFE_HOLD, Override: Safe hold mode active
2025-05-28 04:01:48,294 - INFO - [AUDIT] - Action: 0, Confidence: 1.0000, Safety Mode: SAFE_HOLD, Override: Safe hold mode active
2025-05-28 04:01:48,294 - INFO - [AUDIT] - Action: 0, Confidence: 1.0000, Safety Mode: SAFE_HOLD, Override: Safe hold mode active
2025-05-28 04:01:48,294 - INFO - [AUDIT] - Action: 0, Confidence: 1.0000, Safety Mode: SAFE_HOLD, Override: Safe hold mode active
2025-05-28 04:01:48,294 - INFO - [AUDIT] - Action: 0, Confidence: 1.0000, Safety Mode: SAFE_HOLD, Override: Safe hold mode active
2025-05-28 04:01:48,294 - INFO - [AUDIT] - Action: 0, Confidence: 1.0000, Safety Mode: SAFE_HOLD, Override: Safe hold mode active
2025-05-28 04:01:48,295 - INFO - [AUDIT] - Action: 0, Confidence: 1.0000, Safety Mode: SAFE_HOLD, Override: Safe hold mode active
2025-05-28 04:01:48,295 - INFO - [AUDIT] - Action: 0, Confidence: 1.0000, Safety Mode: SAFE_HOLD, Override: Safe hold mode active
2025-05-28 04:01:48,295 - INFO - [AUDIT] - Action: 0, Confidence: 1.0000, Safety Mode: SAFE_HOLD, Override: Safe hold mode active
2025-05-28 04:01:48,295 - INFO - [AUDIT] - Action: 0, Confidence: 1.0000, Safety Mode: SAFE_HOLD, Override: Safe hold mode active
2025-05-28 04:01:48,295 - INFO - [AUDIT] - Action: 0, Confidence: 1.0000, Safety Mode: SAFE_HOLD, Override: Safe hold mode active
2025-05-28 04:01:48,296 - INFO - [AUDIT] - Action: 0, Confidence: 1.0000, Safety Mode: SAFE_HOLD, Override: Safe hold mode active
2025-05-28 04:01:48,296 - INFO - [AUDIT] - Action: 0, Confidence: 1.0000, Safety Mode: SAFE_HOLD, Override: Safe hold mode active
2025-05-28 04:01:48,296 - INFO - [AUDIT] - Action: 0, Confidence: 1.0000, Safety Mode: SAFE_HOLD, Override: Safe hold mode active
2025-05-28 04:01:48,296 - INFO - [AUDIT] - Action: 0, Confidence: 1.0000, Safety Mode: SAFE_HOLD, Override: Safe hold mode active
2025-05-28 04:01:48,296 - INFO - [AUDIT] - Action: 0, Confidence: 1.0000, Safety Mode: SAFE_HOLD, Override: Safe hold mode active
2025-05-28 04:01:48,297 - INFO - [AUDIT] - Action: 0, Confidence: 1.0000, Safety Mode: SAFE_HOLD, Override: Safe hold mode active
2025-05-28 04:01:48,297 - INFO - [AUDIT] - Action: 0, Confidence: 1.0000, Safety Mode: SAFE_HOLD, Override: Safe hold mode active
2025-05-28 04:01:48,297 - INFO - [AUDIT] - Action: 0, Confidence: 1.0000, Safety Mode: SAFE_HOLD, Override: Safe hold mode active
2025-05-28 04:01:48,297 - INFO - [AUDIT] - Action: 0, Confidence: 1.0000, Safety Mode: SAFE_HOLD, Override: Safe hold mode active
2025-05-28 04:01:48,297 - INFO - [AUDIT] - Action: 0, Confidence: 1.0000, Safety Mode: SAFE_HOLD, Override: Safe hold mode active
2025-05-28 04:01:48,298 - INFO - [AUDIT] - Action: 0, Confidence: 1.0000, Safety Mode: SAFE_HOLD, Override: Safe hold mode active
2025-05-28 04:01:48,298 - INFO - [AUDIT] - Action: 0, Confidence: 1.0000, Safety Mode: SAFE_HOLD, Override: Safe hold mode active
2025-05-28 04:01:48,298 - INFO - [AUDIT] - Action: 0, Confidence: 1.0000, Safety Mode: SAFE_HOLD, Override: Safe hold mode active
2025-05-28 04:01:48,298 - INFO - [AUDIT] - Action: 0, Confidence: 1.0000, Safety Mode: SAFE_HOLD, Override: Safe hold mode active
2025-05-28 04:01:48,298 - INFO - [AUDIT] - Action: 0, Confidence: 1.0000, Safety Mode: SAFE_HOLD, Override: Safe hold mode active
2025-05-28 04:01:48,299 - INFO - [AUDIT] - Action: 0, Confidence: 1.0000, Safety Mode: SAFE_HOLD, Override: Safe hold mode active
2025-05-28 04:01:48,299 - INFO - [AUDIT] - Action: 0, Confidence: 1.0000, Safety Mode: SAFE_HOLD, Override: Safe hold mode active
2025-05-28 04:01:48,299 - INFO - [AUDIT] - Action: 0, Confidence: 1.0000, Safety Mode: SAFE_HOLD, Override: Safe hold mode active
2025-05-28 04:01:48,299 - INFO - [AUDIT] - Action: 0, Confidence: 1.0000, Safety Mode: SAFE_HOLD, Override: Safe hold mode active
2025-05-28 04:01:48,299 - INFO - [AUDIT] - Action: 0, Confidence: 1.0000, Safety Mode: SAFE_HOLD, Override: Safe hold mode active
2025-05-28 04:01:48,300 - INFO - [AUDIT] - Action: 0, Confidence: 1.0000, Safety Mode: SAFE_HOLD, Override: Safe hold mode active
2025-05-28 04:01:48,300 - INFO - [AUDIT] - Action: 0, Confidence: 1.0000, Safety Mode: SAFE_HOLD, Override: Safe hold mode active
2025-05-28 04:01:48,300 - INFO - [AUDIT] - Action: 0, Confidence: 1.0000, Safety Mode: SAFE_HOLD, Override: Safe hold mode active
2025-05-28 04:01:48,300 - INFO - [AUDIT] - Action: 0, Confidence: 1.0000, Safety Mode: SAFE_HOLD, Override: Safe hold mode active
2025-05-28 04:01:48,300 - INFO - [AUDIT] - Action: 0, Confidence: 1.0000, Safety Mode: SAFE_HOLD, Override: Safe hold mode active
2025-05-28 04:01:48,301 - INFO - [AUDIT] - Action: 0, Confidence: 1.0000, Safety Mode: SAFE_HOLD, Override: Safe hold mode active
2025-05-28 04:01:48,301 - INFO - [AUDIT] - Action: 0, Confidence: 1.0000, Safety Mode: SAFE_HOLD, Override: Safe hold mode active
2025-05-28 04:01:48,301 - INFO - [AUDIT] - Action: 0, Confidence: 1.0000, Safety Mode: SAFE_HOLD, Override: Safe hold mode active
2025-05-28 04:01:48,301 - INFO - [AUDIT] - Action: 0, Confidence: 1.0000, Safety Mode: SAFE_HOLD, Override: Safe hold mode active
2025-05-28 04:01:48,301 - INFO - [AUDIT] - Action: 0, Confidence: 1.0000, Safety Mode: SAFE_HOLD, Override: Safe hold mode active
2025-05-28 04:01:48,302 - INFO - [AUDIT] - Action: 0, Confidence: 1.0000, Safety Mode: SAFE_HOLD, Override: Safe hold mode active
2025-05-28 04:01:48,302 - INFO - [AUDIT] - Action: 0, Confidence: 1.0000, Safety Mode: SAFE_HOLD, Override: Safe hold mode active
2025-05-28 04:01:48,302 - INFO - [AUDIT] - Action: 0, Confidence: 1.0000, Safety Mode: SAFE_HOLD, Override: Safe hold mode active
2025-05-28 04:01:48,302 - INFO - [AUDIT] - Action: 0, Confidence: 1.0000, Safety Mode: SAFE_HOLD, Override: Safe hold mode active
2025-05-28 04:01:48,302 - INFO - [AUDIT] - Action: 0, Confidence: 1.0000, Safety Mode: SAFE_HOLD, Override: Safe hold mode active
2025-05-28 04:01:48,303 - INFO - [AUDIT] - Action: 0, Confidence: 1.0000, Safety Mode: SAFE_HOLD, Override: Safe hold mode active
2025-05-28 04:01:48,303 - INFO - [AUDIT] - Action: 0, Confidence: 1.0000, Safety Mode: SAFE_HOLD, Override: Safe hold mode active
2025-05-28 04:01:48,303 - INFO - [AUDIT] - Action: 0, Confidence: 1.0000, Safety Mode: SAFE_HOLD, Override: Safe hold mode active
2025-05-28 04:01:48,303 - INFO - [AUDIT] - Action: 0, Confidence: 1.0000, Safety Mode: SAFE_HOLD, Override: Safe hold mode active
2025-05-28 04:01:48,303 - INFO - [AUDIT] - Action: 0, Confidence: 1.0000, Safety Mode: SAFE_HOLD, Override: Safe hold mode active
2025-05-28 04:01:48,304 - INFO - [AUDIT] - Action: 0, Confidence: 1.0000, Safety Mode: SAFE_HOLD, Override: Safe hold mode active
2025-05-28 04:01:48,304 - INFO - [AUDIT] - Action: 0, Confidence: 1.0000, Safety Mode: SAFE_HOLD, Override: Safe hold mode active
2025-05-28 04:01:48,304 - INFO - [AUDIT] - Action: 0, Confidence: 1.0000, Safety Mode: SAFE_HOLD, Override: Safe hold mode active
2025-05-28 04:01:48,304 - INFO - [AUDIT] - Action: 0, Confidence: 1.0000, Safety Mode: SAFE_HOLD, Override: Safe hold mode active
2025-05-28 04:01:48,304 - INFO - [AUDIT] - Action: 0, Confidence: 1.0000, Safety Mode: SAFE_HOLD, Override: Safe hold mode active
2025-05-28 04:01:48,304 - INFO - [AUDIT] - Action: 0, Confidence: 1.0000, Safety Mode: SAFE_HOLD, Override: Safe hold mode active
2025-05-28 04:01:48,305 - INFO - [AUDIT] - Action: 0, Confidence: 1.0000, Safety Mode: SAFE_HOLD, Override: Safe hold mode active
2025-05-28 04:01:48,305 - INFO - [AUDIT] - Action: 0, Confidence: 1.0000, Safety Mode: SAFE_HOLD, Override: Safe hold mode active
2025-05-28 04:01:48,305 - INFO - [AUDIT] - Action: 0, Confidence: 1.0000, Safety Mode: SAFE_HOLD, Override: Safe hold mode active
2025-05-28 04:01:48,305 - INFO - [AUDIT] - Action: 0, Confidence: 1.0000, Safety Mode: SAFE_HOLD, Override: Safe hold mode active
2025-05-28 04:01:48,305 - INFO - [AUDIT] - Action: 0, Confidence: 1.0000, Safety Mode: SAFE_HOLD, Override: Safe hold mode active
2025-05-28 04:01:48,306 - INFO - [AUDIT] - Action: 0, Confidence: 1.0000, Safety Mode: SAFE_HOLD, Override: Safe hold mode active
2025-05-28 04:01:48,306 - INFO - [AUDIT] - Action: 0, Confidence: 1.0000, Safety Mode: SAFE_HOLD, Override: Safe hold mode active
2025-05-28 04:01:48,306 - INFO - [AUDIT] - Action: 0, Confidence: 1.0000, Safety Mode: SAFE_HOLD, Override: Safe hold mode active
2025-05-28 04:01:48,306 - INFO - [AUDIT] - Action: 0, Confidence: 1.0000, Safety Mode: SAFE_HOLD, Override: Safe hold mode active
2025-05-28 04:01:48,306 - INFO - [AUDIT] - Action: 0, Confidence: 1.0000, Safety Mode: SAFE_HOLD, Override: Safe hold mode active
2025-05-28 04:01:48,307 - INFO - [AUDIT] - Action: 0, Confidence: 1.0000, Safety Mode: SAFE_HOLD, Override: Safe hold mode active
2025-05-28 04:01:48,307 - INFO - [AUDIT] - Action: 0, Confidence: 1.0000, Safety Mode: SAFE_HOLD, Override: Safe hold mode active
2025-05-28 04:01:48,307 - INFO - [AUDIT] - Action: 0, Confidence: 1.0000, Safety Mode: SAFE_HOLD, Override: Safe hold mode active
2025-05-28 04:01:48,307 - INFO - [AUDIT] - Action: 0, Confidence: 1.0000, Safety Mode: SAFE_HOLD, Override: Safe hold mode active
2025-05-28 04:01:48,307 - INFO - [AUDIT] - Action: 0, Confidence: 1.0000, Safety Mode: SAFE_HOLD, Override: Safe hold mode active
2025-05-28 04:01:48,308 - INFO - [AUDIT] - Action: 0, Confidence: 1.0000, Safety Mode: SAFE_HOLD, Override: Safe hold mode active
2025-05-28 04:01:48,308 - INFO - [AUDIT] - Action: 0, Confidence: 1.0000, Safety Mode: SAFE_HOLD, Override: Safe hold mode active
2025-05-28 04:01:48,308 - INFO - [AUDIT] - Action: 0, Confidence: 1.0000, Safety Mode: SAFE_HOLD, Override: Safe hold mode active
2025-05-28 04:01:48,308 - INFO - [AUDIT] - Action: 0, Confidence: 1.0000, Safety Mode: SAFE_HOLD, Override: Safe hold mode active
2025-05-28 04:01:48,308 - INFO - [AUDIT] - Action: 0, Confidence: 1.0000, Safety Mode: SAFE_HOLD, Override: Safe hold mode active
2025-05-28 04:01:48,309 - INFO - [AUDIT] - Action: 0, Confidence: 1.0000, Safety Mode: SAFE_HOLD, Override: Safe hold mode active
2025-05-28 04:01:48,309 - INFO - [AUDIT] - Action: 0, Confidence: 1.0000, Safety Mode: SAFE_HOLD, Override: Safe hold mode active
2025-05-28 04:01:48,309 - INFO - [AUDIT] - Action: 0, Confidence: 1.0000, Safety Mode: SAFE_HOLD, Override: Safe hold mode active
2025-05-28 04:01:48,309 - INFO - [AUDIT] - Action: 0, Confidence: 1.0000, Safety Mode: SAFE_HOLD, Override: Safe hold mode active
2025-05-28 04:01:48,309 - INFO - [AUDIT] - Action: 0, Confidence: 1.0000, Safety Mode: SAFE_HOLD, Override: Safe hold mode active
2025-05-28 04:01:48,310 - INFO - [AUDIT] - Action: 0, Confidence: 1.0000, Safety Mode: SAFE_HOLD, Override: Safe hold mode active
2025-05-28 04:01:48,310 - INFO - [AUDIT] - Action: 0, Confidence: 1.0000, Safety Mode: SAFE_HOLD, Override: Safe hold mode active
2025-05-28 04:01:48,310 - INFO - [AUDIT] - Action: 0, Confidence: 1.0000, Safety Mode: SAFE_HOLD, Override: Safe hold mode active
2025-05-28 04:01:48,310 - INFO - [AUDIT] - Action: 0, Confidence: 1.0000, Safety Mode: SAFE_HOLD, Override: Safe hold mode active
2025-05-28 04:01:48,310 - INFO - [AUDIT] - Action: 0, Confidence: 1.0000, Safety Mode: SAFE_HOLD, Override: Safe hold mode active
2025-05-28 04:01:48,310 - INFO - [AUDIT] - Action: 0, Confidence: 1.0000, Safety Mode: SAFE_HOLD, Override: Safe hold mode active
2025-05-28 04:01:48,311 - INFO - [AUDIT] - Action: 0, Confidence: 1.0000, Safety Mode: SAFE_HOLD, Override: Safe hold mode active
2025-05-28 04:01:48,311 - INFO - [AUDIT] - Action: 0, Confidence: 1.0000, Safety Mode: SAFE_HOLD, Override: Safe hold mode active
2025-05-28 04:01:48,311 - INFO - [AUDIT] - Action: 0, Confidence: 1.0000, Safety Mode: SAFE_HOLD, Override: Safe hold mode active
2025-05-28 04:01:48,311 - INFO - [AUDIT] - Action: 0, Confidence: 1.0000, Safety Mode: SAFE_HOLD, Override: Safe hold mode active
2025-05-28 04:01:48,311 - INFO - [AUDIT] - Action: 0, Confidence: 1.0000, Safety Mode: SAFE_HOLD, Override: Safe hold mode active
2025-05-28 04:01:48,312 - INFO - [AUDIT] - Action: 0, Confidence: 1.0000, Safety Mode: SAFE_HOLD, Override: Safe hold mode active
2025-05-28 04:01:48,312 - INFO - [AUDIT] - Action: 0, Confidence: 1.0000, Safety Mode: SAFE_HOLD, Override: Safe hold mode active
2025-05-28 04:01:48,312 - INFO - [AUDIT] - Action: 0, Confidence: 1.0000, Safety Mode: SAFE_HOLD, Override: Safe hold mode active
2025-05-28 04:01:48,312 - INFO - [AUDIT] - Action: 0, Confidence: 1.0000, Safety Mode: SAFE_HOLD, Override: Safe hold mode active
2025-05-28 04:01:48,313 - INFO - [AUDIT] - Action: 0, Confidence: 1.0000, Safety Mode: SAFE_HOLD, Override: Safe hold mode active
2025-05-28 04:01:48,313 - INFO - [AUDIT] - Action: 0, Confidence: 1.0000, Safety Mode: SAFE_HOLD, Override: Safe hold mode active
2025-05-28 04:01:48,313 - INFO - [AUDIT] - Action: 0, Confidence: 1.0000, Safety Mode: SAFE_HOLD, Override: Safe hold mode active
2025-05-28 04:01:48,313 - INFO - [AUDIT] - Action: 0, Confidence: 1.0000, Safety Mode: SAFE_HOLD, Override: Safe hold mode active
2025-05-28 04:01:48,313 - INFO - [AUDIT] - Action: 0, Confidence: 1.0000, Safety Mode: SAFE_HOLD, Override: Safe hold mode active
2025-05-28 04:01:48,313 - INFO - [AUDIT] - Action: 0, Confidence: 1.0000, Safety Mode: SAFE_HOLD, Override: Safe hold mode active
2025-05-28 04:01:48,314 - INFO - [AUDIT] - Action: 0, Confidence: 1.0000, Safety Mode: SAFE_HOLD, Override: Safe hold mode active
2025-05-28 04:01:48,314 - INFO - [AUDIT] - Action: 0, Confidence: 1.0000, Safety Mode: SAFE_HOLD, Override: Safe hold mode active
2025-05-28 04:01:48,314 - INFO - [AUDIT] - Action: 0, Confidence: 1.0000, Safety Mode: SAFE_HOLD, Override: Safe hold mode active
2025-05-28 04:01:48,314 - INFO - [AUDIT] - Action: 0, Confidence: 1.0000, Safety Mode: SAFE_HOLD, Override: Safe hold mode active
2025-05-28 04:01:48,314 - INFO - [AUDIT] - Action: 0, Confidence: 1.0000, Safety Mode: SAFE_HOLD, Override: Safe hold mode active
2025-05-28 04:01:48,315 - INFO - [AUDIT] - Action: 0, Confidence: 1.0000, Safety Mode: SAFE_HOLD, Override: Safe hold mode active
2025-05-28 04:01:48,315 - INFO - [AUDIT] - Action: 0, Confidence: 1.0000, Safety Mode: SAFE_HOLD, Override: Safe hold mode active
2025-05-28 04:01:48,315 - INFO - [AUDIT] - Action: 0, Confidence: 1.0000, Safety Mode: SAFE_HOLD, Override: Safe hold mode active
2025-05-28 04:01:48,315 - INFO - [AUDIT] - Action: 0, Confidence: 1.0000, Safety Mode: SAFE_HOLD, Override: Safe hold mode active
2025-05-28 04:01:48,315 - INFO - [AUDIT] - Action: 0, Confidence: 1.0000, Safety Mode: SAFE_HOLD, Override: Safe hold mode active
2025-05-28 04:01:48,316 - INFO - [AUDIT] - Action: 0, Confidence: 1.0000, Safety Mode: SAFE_HOLD, Override: Safe hold mode active
2025-05-28 04:01:48,316 - INFO - [AUDIT] - Action: 0, Confidence: 1.0000, Safety Mode: SAFE_HOLD, Override: Safe hold mode active
2025-05-28 04:01:48,316 - INFO - [AUDIT] - Action: 0, Confidence: 1.0000, Safety Mode: SAFE_HOLD, Override: Safe hold mode active
2025-05-28 04:01:48,316 - INFO - [AUDIT] - Action: 0, Confidence: 1.0000, Safety Mode: SAFE_HOLD, Override: Safe hold mode active
2025-05-28 04:01:48,316 - INFO - [AUDIT] - Action: 0, Confidence: 1.0000, Safety Mode: SAFE_HOLD, Override: Safe hold mode active
2025-05-28 04:01:48,317 - INFO - [AUDIT] - Action: 0, Confidence: 1.0000, Safety Mode: SAFE_HOLD, Override: Safe hold mode active
2025-05-28 04:01:48,317 - INFO - [AUDIT] - Action: 0, Confidence: 1.0000, Safety Mode: SAFE_HOLD, Override: Safe hold mode active
2025-05-28 04:01:48,317 - INFO - [AUDIT] - Action: 0, Confidence: 1.0000, Safety Mode: SAFE_HOLD, Override: Safe hold mode active
2025-05-28 04:01:48,318 - INFO - [AUDIT] - Action: 0, Confidence: 1.0000, Safety Mode: SAFE_HOLD, Override: Safe hold mode active
2025-05-28 04:01:48,318 - INFO - [AUDIT] - Action: 0, Confidence: 1.0000, Safety Mode: SAFE_HOLD, Override: Safe hold mode active
2025-05-28 04:01:48,318 - INFO - [AUDIT] - Action: 0, Confidence: 1.0000, Safety Mode: SAFE_HOLD, Override: Safe hold mode active
2025-05-28 04:01:48,318 - INFO - [AUDIT] - Action: 0, Confidence: 1.0000, Safety Mode: SAFE_HOLD, Override: Safe hold mode active
2025-05-28 04:01:48,318 - INFO - [AUDIT] - Action: 0, Confidence: 1.0000, Safety Mode: SAFE_HOLD, Override: Safe hold mode active
2025-05-28 04:01:48,319 - INFO - [AUDIT] - Action: 0, Confidence: 1.0000, Safety Mode: SAFE_HOLD, Override: Safe hold mode active
2025-05-28 04:01:48,319 - INFO - [AUDIT] - Action: 0, Confidence: 1.0000, Safety Mode: SAFE_HOLD, Override: Safe hold mode active
2025-05-28 04:01:48,319 - INFO - [AUDIT] - Action: 0, Confidence: 1.0000, Safety Mode: SAFE_HOLD, Override: Safe hold mode active
2025-05-28 04:01:48,319 - INFO - [AUDIT] - Action: 0, Confidence: 1.0000, Safety Mode: SAFE_HOLD, Override: Safe hold mode active
2025-05-28 04:01:48,319 - INFO - [AUDIT] - Action: 0, Confidence: 1.0000, Safety Mode: SAFE_HOLD, Override: Safe hold mode active
2025-05-28 04:01:48,320 - INFO - [AUDIT] - Action: 0, Confidence: 1.0000, Safety Mode: SAFE_HOLD, Override: Safe hold mode active
2025-05-28 04:01:48,320 - INFO - [AUDIT] - Action: 0, Confidence: 1.0000, Safety Mode: SAFE_HOLD, Override: Safe hold mode active
2025-05-28 04:01:48,320 - INFO - [AUDIT] - Action: 0, Confidence: 1.0000, Safety Mode: SAFE_HOLD, Override: Safe hold mode active
2025-05-28 04:01:48,320 - INFO - [AUDIT] - Action: 0, Confidence: 1.0000, Safety Mode: SAFE_HOLD, Override: Safe hold mode active
2025-05-28 04:01:48,320 - INFO - [AUDIT] - Action: 0, Confidence: 1.0000, Safety Mode: SAFE_HOLD, Override: Safe hold mode active
2025-05-28 04:01:48,320 - INFO - [AUDIT] - Action: 0, Confidence: 1.0000, Safety Mode: SAFE_HOLD, Override: Safe hold mode active
2025-05-28 04:01:48,321 - INFO - [AUDIT] - Action: 0, Confidence: 1.0000, Safety Mode: SAFE_HOLD, Override: Safe hold mode active
2025-05-28 04:01:48,321 - INFO - [AUDIT] - Action: 0, Confidence: 1.0000, Safety Mode: SAFE_HOLD, Override: Safe hold mode active
2025-05-28 04:01:48,321 - INFO - [AUDIT] - Action: 0, Confidence: 1.0000, Safety Mode: SAFE_HOLD, Override: Safe hold mode active
2025-05-28 04:01:48,321 - INFO - [AUDIT] - Action: 0, Confidence: 1.0000, Safety Mode: SAFE_HOLD, Override: Safe hold mode active
2025-05-28 04:01:48,321 - INFO - [AUDIT] - Action: 0, Confidence: 1.0000, Safety Mode: SAFE_HOLD, Override: Safe hold mode active
2025-05-28 04:01:48,322 - INFO - [AUDIT] - Action: 0, Confidence: 1.0000, Safety Mode: SAFE_HOLD, Override: Safe hold mode active
2025-05-28 04:01:48,322 - INFO - [AUDIT] - Action: 0, Confidence: 1.0000, Safety Mode: SAFE_HOLD, Override: Safe hold mode active
2025-05-28 04:01:48,322 - INFO - [AUDIT] - Action: 0, Confidence: 1.0000, Safety Mode: SAFE_HOLD, Override: Safe hold mode active
2025-05-28 04:01:48,322 - INFO - [AUDIT] - Action: 0, Confidence: 1.0000, Safety Mode: SAFE_HOLD, Override: Safe hold mode active
2025-05-28 04:01:48,322 - INFO - [AUDIT] - Action: 0, Confidence: 1.0000, Safety Mode: SAFE_HOLD, Override: Safe hold mode active
2025-05-28 04:01:48,323 - INFO - [AUDIT] - Action: 0, Confidence: 1.0000, Safety Mode: SAFE_HOLD, Override: Safe hold mode active
2025-05-28 04:01:48,323 - INFO - [AUDIT] - Action: 0, Confidence: 1.0000, Safety Mode: SAFE_HOLD, Override: Safe hold mode active
2025-05-28 04:01:48,323 - INFO - [AUDIT] - Action: 0, Confidence: 1.0000, Safety Mode: SAFE_HOLD, Override: Safe hold mode active
2025-05-28 04:01:48,323 - INFO - [AUDIT] - Action: 0, Confidence: 1.0000, Safety Mode: SAFE_HOLD, Override: Safe hold mode active
2025-05-28 04:01:48,323 - INFO - [AUDIT] - Action: 0, Confidence: 1.0000, Safety Mode: SAFE_HOLD, Override: Safe hold mode active
2025-05-28 04:01:48,324 - INFO - [AUDIT] - Action: 0, Confidence: 1.0000, Safety Mode: SAFE_HOLD, Override: Safe hold mode active
2025-05-28 04:01:48,324 - INFO - [AUDIT] - Action: 0, Confidence: 1.0000, Safety Mode: SAFE_HOLD, Override: Safe hold mode active
2025-05-28 04:01:48,324 - INFO - [AUDIT] - Action: 0, Confidence: 1.0000, Safety Mode: SAFE_HOLD, Override: Safe hold mode active
2025-05-28 04:01:48,324 - INFO - [AUDIT] - Action: 0, Confidence: 1.0000, Safety Mode: SAFE_HOLD, Override: Safe hold mode active
2025-05-28 04:01:48,324 - INFO - [AUDIT] - Action: 0, Confidence: 1.0000, Safety Mode: SAFE_HOLD, Override: Safe hold mode active
2025-05-28 04:01:48,325 - INFO - [AUDIT] - Action: 0, Confidence: 1.0000, Safety Mode: SAFE_HOLD, Override: Safe hold mode active
2025-05-28 04:01:48,325 - INFO - [AUDIT] - Action: 0, Confidence: 1.0000, Safety Mode: SAFE_HOLD, Override: Safe hold mode active
2025-05-28 04:01:48,325 - INFO - [AUDIT] - Action: 0, Confidence: 1.0000, Safety Mode: SAFE_HOLD, Override: Safe hold mode active
2025-05-28 04:01:48,325 - INFO - [AUDIT] - Action: 0, Confidence: 1.0000, Safety Mode: SAFE_HOLD, Override: Safe hold mode active
2025-05-28 04:01:48,325 - INFO - [AUDIT] - Action: 0, Confidence: 1.0000, Safety Mode: SAFE_HOLD, Override: Safe hold mode active
2025-05-28 04:01:48,326 - INFO - [AUDIT] - Action: 0, Confidence: 1.0000, Safety Mode: SAFE_HOLD, Override: Safe hold mode active
2025-05-28 04:01:48,326 - INFO - [AUDIT] - Action: 0, Confidence: 1.0000, Safety Mode: SAFE_HOLD, Override: Safe hold mode active
2025-05-28 04:01:48,326 - INFO - [AUDIT] - Action: 0, Confidence: 1.0000, Safety Mode: SAFE_HOLD, Override: Safe hold mode active
2025-05-28 04:01:48,326 - INFO - [AUDIT] - Action: 0, Confidence: 1.0000, Safety Mode: SAFE_HOLD, Override: Safe hold mode active
2025-05-28 04:01:48,326 - INFO - [AUDIT] - Action: 0, Confidence: 1.0000, Safety Mode: SAFE_HOLD, Override: Safe hold mode active
2025-05-28 04:01:48,327 - INFO - [AUDIT] - Action: 0, Confidence: 1.0000, Safety Mode: SAFE_HOLD, Override: Safe hold mode active
2025-05-28 04:01:48,327 - INFO - [AUDIT] - Action: 0, Confidence: 1.0000, Safety Mode: SAFE_HOLD, Override: Safe hold mode active
2025-05-28 04:01:48,327 - INFO - [AUDIT] - Action: 0, Confidence: 1.0000, Safety Mode: SAFE_HOLD, Override: Safe hold mode active
2025-05-28 04:01:48,327 - INFO - [AUDIT] - Action: 0, Confidence: 1.0000, Safety Mode: SAFE_HOLD, Override: Safe hold mode active
2025-05-28 04:01:48,327 - INFO - [AUDIT] - Action: 0, Confidence: 1.0000, Safety Mode: SAFE_HOLD, Override: Safe hold mode active
2025-05-28 04:01:48,328 - INFO - [AUDIT] - Action: 0, Confidence: 1.0000, Safety Mode: SAFE_HOLD, Override: Safe hold mode active
2025-05-28 04:01:48,328 - INFO - [AUDIT] - Action: 0, Confidence: 1.0000, Safety Mode: SAFE_HOLD, Override: Safe hold mode active
2025-05-28 04:01:48,328 - INFO - [AUDIT] - Action: 0, Confidence: 1.0000, Safety Mode: SAFE_HOLD, Override: Safe hold mode active
2025-05-28 04:01:48,328 - INFO - [AUDIT] - Action: 0, Confidence: 1.0000, Safety Mode: SAFE_HOLD, Override: Safe hold mode active
2025-05-28 04:01:48,328 - INFO - [AUDIT] - Action: 0, Confidence: 1.0000, Safety Mode: SAFE_HOLD, Override: Safe hold mode active
2025-05-28 04:01:48,329 - INFO - [AUDIT] - Action: 0, Confidence: 1.0000, Safety Mode: SAFE_HOLD, Override: Safe hold mode active
2025-05-28 04:01:48,329 - INFO - [AUDIT] - Action: 0, Confidence: 1.0000, Safety Mode: SAFE_HOLD, Override: Safe hold mode active
2025-05-28 04:01:48,329 - INFO - [AUDIT] - Action: 0, Confidence: 1.0000, Safety Mode: SAFE_HOLD, Override: Safe hold mode active
2025-05-28 04:01:48,329 - INFO - [AUDIT] - Action: 0, Confidence: 1.0000, Safety Mode: SAFE_HOLD, Override: Safe hold mode active
2025-05-28 04:01:48,329 - INFO - [AUDIT] - Action: 0, Confidence: 1.0000, Safety Mode: SAFE_HOLD, Override: Safe hold mode active
2025-05-28 04:01:48,330 - INFO - [AUDIT] - Action: 0, Confidence: 1.0000, Safety Mode: SAFE_HOLD, Override: Safe hold mode active
2025-05-28 04:01:48,330 - INFO - [AUDIT] - Action: 0, Confidence: 1.0000, Safety Mode: SAFE_HOLD, Override: Safe hold mode active
2025-05-28 04:01:48,330 - INFO - [AUDIT] - Action: 0, Confidence: 1.0000, Safety Mode: SAFE_HOLD, Override: Safe hold mode active
2025-05-28 04:01:48,330 - INFO - [AUDIT] - Action: 0, Confidence: 1.0000, Safety Mode: SAFE_HOLD, Override: Safe hold mode active
2025-05-28 04:01:48,330 - INFO - [AUDIT] - Action: 0, Confidence: 1.0000, Safety Mode: SAFE_HOLD, Override: Safe hold mode active
2025-05-28 04:01:48,331 - INFO - [AUDIT] - Action: 0, Confidence: 1.0000, Safety Mode: SAFE_HOLD, Override: Safe hold mode active
2025-05-28 04:01:48,331 - INFO - [AUDIT] - Action: 0, Confidence: 1.0000, Safety Mode: SAFE_HOLD, Override: Safe hold mode active
2025-05-28 04:01:48,331 - INFO - [AUDIT] - Action: 0, Confidence: 1.0000, Safety Mode: SAFE_HOLD, Override: Safe hold mode active
2025-05-28 04:01:48,331 - INFO - [AUDIT] - Action: 0, Confidence: 1.0000, Safety Mode: SAFE_HOLD, Override: Safe hold mode active
2025-05-28 04:01:48,331 - INFO - [AUDIT] - Action: 0, Confidence: 1.0000, Safety Mode: SAFE_HOLD, Override: Safe hold mode active
2025-05-28 04:01:48,331 - INFO - [AUDIT] - Action: 0, Confidence: 1.0000, Safety Mode: SAFE_HOLD, Override: Safe hold mode active
2025-05-28 04:01:48,332 - INFO - [AUDIT] - Action: 0, Confidence: 1.0000, Safety Mode: SAFE_HOLD, Override: Safe hold mode active
2025-05-28 04:01:48,332 - INFO - [AUDIT] - Action: 0, Confidence: 1.0000, Safety Mode: SAFE_HOLD, Override: Safe hold mode active
2025-05-28 04:01:48,332 - INFO - [AUDIT] - Action: 0, Confidence: 1.0000, Safety Mode: SAFE_HOLD, Override: Safe hold mode active
2025-05-28 04:01:48,332 - INFO - [AUDIT] - Action: 0, Confidence: 1.0000, Safety Mode: SAFE_HOLD, Override: Safe hold mode active
2025-05-28 04:01:48,332 - INFO - [AUDIT] - Action: 0, Confidence: 1.0000, Safety Mode: SAFE_HOLD, Override: Safe hold mode active
2025-05-28 04:01:48,333 - INFO - [AUDIT] - Action: 0, Confidence: 1.0000, Safety Mode: SAFE_HOLD, Override: Safe hold mode active
2025-05-28 04:01:48,333 - INFO - [AUDIT] - Action: 0, Confidence: 1.0000, Safety Mode: SAFE_HOLD, Override: Safe hold mode active
2025-05-28 04:01:48,333 - INFO - [AUDIT] - Action: 0, Confidence: 1.0000, Safety Mode: SAFE_HOLD, Override: Safe hold mode active
2025-05-28 04:01:48,333 - INFO - [AUDIT] - Action: 0, Confidence: 1.0000, Safety Mode: SAFE_HOLD, Override: Safe hold mode active
2025-05-28 04:01:48,333 - INFO - [AUDIT] - Action: 0, Confidence: 1.0000, Safety Mode: SAFE_HOLD, Override: Safe hold mode active
2025-05-28 04:01:48,334 - INFO - [AUDIT] - Action: 0, Confidence: 1.0000, Safety Mode: SAFE_HOLD, Override: Safe hold mode active
2025-05-28 04:01:48,334 - INFO - [AUDIT] - Action: 0, Confidence: 1.0000, Safety Mode: SAFE_HOLD, Override: Safe hold mode active
2025-05-28 04:01:48,334 - INFO - [AUDIT] - Action: 0, Confidence: 1.0000, Safety Mode: SAFE_HOLD, Override: Safe hold mode active
2025-05-28 04:01:48,334 - INFO - [AUDIT] - Action: 0, Confidence: 1.0000, Safety Mode: SAFE_HOLD, Override: Safe hold mode active
2025-05-28 04:01:48,335 - INFO - [AUDIT] - Action: 0, Confidence: 1.0000, Safety Mode: SAFE_HOLD, Override: Safe hold mode active
2025-05-28 04:01:48,335 - INFO - [AUDIT] - Action: 0, Confidence: 1.0000, Safety Mode: SAFE_HOLD, Override: Safe hold mode active
2025-05-28 04:01:48,335 - INFO - [AUDIT] - Action: 0, Confidence: 1.0000, Safety Mode: SAFE_HOLD, Override: Safe hold mode active
2025-05-28 04:01:48,335 - INFO - [AUDIT] - Action: 0, Confidence: 1.0000, Safety Mode: SAFE_HOLD, Override: Safe hold mode active
2025-05-28 04:01:48,335 - INFO - [AUDIT] - Action: 0, Confidence: 1.0000, Safety Mode: SAFE_HOLD, Override: Safe hold mode active
2025-05-28 04:01:48,336 - INFO - [AUDIT] - Action: 0, Confidence: 1.0000, Safety Mode: SAFE_HOLD, Override: Safe hold mode active
2025-05-28 04:01:48,336 - INFO - [AUDIT] - Action: 0, Confidence: 1.0000, Safety Mode: SAFE_HOLD, Override: Safe hold mode active
2025-05-28 04:01:48,336 - INFO - [AUDIT] - Action: 0, Confidence: 1.0000, Safety Mode: SAFE_HOLD, Override: Safe hold mode active
2025-05-28 04:01:48,336 - INFO - [AUDIT] - Action: 0, Confidence: 1.0000, Safety Mode: SAFE_HOLD, Override: Safe hold mode active
2025-05-28 04:01:48,336 - INFO - [AUDIT] - Action: 0, Confidence: 1.0000, Safety Mode: SAFE_HOLD, Override: Safe hold mode active
2025-05-28 04:01:48,337 - INFO - [AUDIT] - Action: 0, Confidence: 1.0000, Safety Mode: SAFE_HOLD, Override: Safe hold mode active
2025-05-28 04:01:48,337 - INFO - [AUDIT] - Action: 0, Confidence: 1.0000, Safety Mode: SAFE_HOLD, Override: Safe hold mode active
2025-05-28 04:01:48,337 - INFO - [AUDIT] - Action: 0, Confidence: 1.0000, Safety Mode: SAFE_HOLD, Override: Safe hold mode active
2025-05-28 04:01:48,337 - INFO - [AUDIT] - Action: 0, Confidence: 1.0000, Safety Mode: SAFE_HOLD, Override: Safe hold mode active
2025-05-28 04:01:48,337 - INFO - [AUDIT] - Action: 0, Confidence: 1.0000, Safety Mode: SAFE_HOLD, Override: Safe hold mode active
2025-05-28 04:01:48,338 - INFO - [AUDIT] - Action: 0, Confidence: 1.0000, Safety Mode: SAFE_HOLD, Override: Safe hold mode active
2025-05-28 04:01:48,338 - INFO - [AUDIT] - Action: 0, Confidence: 1.0000, Safety Mode: SAFE_HOLD, Override: Safe hold mode active
2025-05-28 04:01:48,338 - INFO - [AUDIT] - Action: 0, Confidence: 1.0000, Safety Mode: SAFE_HOLD, Override: Safe hold mode active
2025-05-28 04:01:48,338 - INFO - [AUDIT] - Action: 0, Confidence: 1.0000, Safety Mode: SAFE_HOLD, Override: Safe hold mode active
2025-05-28 04:01:48,338 - INFO - [AUDIT] - Action: 0, Confidence: 1.0000, Safety Mode: SAFE_HOLD, Override: Safe hold mode active
2025-05-28 04:01:48,339 - INFO - [AUDIT] - Action: 0, Confidence: 1.0000, Safety Mode: SAFE_HOLD, Override: Safe hold mode active
2025-05-28 04:01:48,339 - INFO - [AUDIT] - Action: 0, Confidence: 1.0000, Safety Mode: SAFE_HOLD, Override: Safe hold mode active
2025-05-28 04:01:48,339 - INFO - [AUDIT] - Action: 0, Confidence: 1.0000, Safety Mode: SAFE_HOLD, Override: Safe hold mode active
2025-05-28 04:01:48,339 - INFO - [AUDIT] - Action: 0, Confidence: 1.0000, Safety Mode: SAFE_HOLD, Override: Safe hold mode active
2025-05-28 04:01:48,339 - INFO - [AUDIT] - Action: 0, Confidence: 1.0000, Safety Mode: SAFE_HOLD, Override: Safe hold mode active
2025-05-28 04:01:48,340 - INFO - [AUDIT] - Action: 0, Confidence: 1.0000, Safety Mode: SAFE_HOLD, Override: Safe hold mode active
2025-05-28 04:01:48,340 - INFO - [AUDIT] - Action: 0, Confidence: 1.0000, Safety Mode: SAFE_HOLD, Override: Safe hold mode active
2025-05-28 04:01:48,340 - INFO - [AUDIT] - Action: 0, Confidence: 1.0000, Safety Mode: SAFE_HOLD, Override: Safe hold mode active
2025-05-28 04:01:48,340 - INFO - [AUDIT] - Action: 0, Confidence: 1.0000, Safety Mode: SAFE_HOLD, Override: Safe hold mode active
2025-05-28 04:01:48,340 - INFO - [AUDIT] - Action: 0, Confidence: 1.0000, Safety Mode: SAFE_HOLD, Override: Safe hold mode active
2025-05-28 04:01:48,341 - INFO - [AUDIT] - Action: 0, Confidence: 1.0000, Safety Mode: SAFE_HOLD, Override: Safe hold mode active
2025-05-28 04:01:48,341 - INFO - [AUDIT] - Action: 0, Confidence: 1.0000, Safety Mode: SAFE_HOLD, Override: Safe hold mode active
2025-05-28 04:01:48,341 - INFO - [AUDIT] - Action: 0, Confidence: 1.0000, Safety Mode: SAFE_HOLD, Override: Safe hold mode active
2025-05-28 04:01:48,341 - INFO - [AUDIT] - Action: 0, Confidence: 1.0000, Safety Mode: SAFE_HOLD, Override: Safe hold mode active
2025-05-28 04:01:48,341 - INFO - [AUDIT] - Action: 0, Confidence: 1.0000, Safety Mode: SAFE_HOLD, Override: Safe hold mode active
2025-05-28 04:01:48,342 - INFO - [AUDIT] - Action: 0, Confidence: 1.0000, Safety Mode: SAFE_HOLD, Override: Safe hold mode active
2025-05-28 04:01:48,342 - INFO - [AUDIT] - Action: 0, Confidence: 1.0000, Safety Mode: SAFE_HOLD, Override: Safe hold mode active
2025-05-28 04:01:48,342 - INFO - [AUDIT] - Action: 0, Confidence: 1.0000, Safety Mode: SAFE_HOLD, Override: Safe hold mode active
2025-05-28 04:01:48,342 - INFO - [AUDIT] - Action: 0, Confidence: 1.0000, Safety Mode: SAFE_HOLD, Override: Safe hold mode active
2025-05-28 04:01:48,342 - INFO - [AUDIT] - Action: 0, Confidence: 1.0000, Safety Mode: SAFE_HOLD, Override: Safe hold mode active
2025-05-28 04:01:48,342 - INFO - [AUDIT] - Action: 0, Confidence: 1.0000, Safety Mode: SAFE_HOLD, Override: Safe hold mode active
2025-05-28 04:01:48,343 - INFO - [AUDIT] - Action: 0, Confidence: 1.0000, Safety Mode: SAFE_HOLD, Override: Safe hold mode active
2025-05-28 04:01:48,343 - INFO - [AUDIT] - Action: 0, Confidence: 1.0000, Safety Mode: SAFE_HOLD, Override: Safe hold mode active
2025-05-28 04:01:48,343 - INFO - [AUDIT] - Action: 0, Confidence: 1.0000, Safety Mode: SAFE_HOLD, Override: Safe hold mode active
2025-05-28 04:01:48,343 - INFO - [AUDIT] - Action: 0, Confidence: 1.0000, Safety Mode: SAFE_HOLD, Override: Safe hold mode active
2025-05-28 04:01:48,343 - INFO - [AUDIT] - Action: 0, Confidence: 1.0000, Safety Mode: SAFE_HOLD, Override: Safe hold mode active
2025-05-28 04:01:48,344 - INFO - [AUDIT] - Action: 0, Confidence: 1.0000, Safety Mode: SAFE_HOLD, Override: Safe hold mode active
2025-05-28 04:01:48,344 - INFO - [AUDIT] - Action: 0, Confidence: 1.0000, Safety Mode: SAFE_HOLD, Override: Safe hold mode active
2025-05-28 04:01:48,344 - INFO - [AUDIT] - Action: 0, Confidence: 1.0000, Safety Mode: SAFE_HOLD, Override: Safe hold mode active
2025-05-28 04:01:48,344 - INFO - [AUDIT] - Action: 0, Confidence: 1.0000, Safety Mode: SAFE_HOLD, Override: Safe hold mode active
2025-05-28 04:01:48,344 - INFO - [AUDIT] - Action: 0, Confidence: 1.0000, Safety Mode: SAFE_HOLD, Override: Safe hold mode active
2025-05-28 04:01:48,345 - INFO - [AUDIT] - Action: 0, Confidence: 1.0000, Safety Mode: SAFE_HOLD, Override: Safe hold mode active
2025-05-28 04:01:48,345 - INFO - [AUDIT] - Action: 0, Confidence: 1.0000, Safety Mode: SAFE_HOLD, Override: Safe hold mode active
2025-05-28 04:01:48,345 - INFO - [AUDIT] - Action: 0, Confidence: 1.0000, Safety Mode: SAFE_HOLD, Override: Safe hold mode active
2025-05-28 04:01:48,345 - INFO - [AUDIT] - Action: 0, Confidence: 1.0000, Safety Mode: SAFE_HOLD, Override: Safe hold mode active
2025-05-28 04:01:48,345 - INFO - [AUDIT] - Action: 0, Confidence: 1.0000, Safety Mode: SAFE_HOLD, Override: Safe hold mode active
2025-05-28 04:01:48,346 - INFO - [AUDIT] - Action: 0, Confidence: 1.0000, Safety Mode: SAFE_HOLD, Override: Safe hold mode active
2025-05-28 04:01:48,346 - INFO - [AUDIT] - Action: 0, Confidence: 1.0000, Safety Mode: SAFE_HOLD, Override: Safe hold mode active
2025-05-28 04:01:48,346 - INFO - [AUDIT] - Action: 0, Confidence: 1.0000, Safety Mode: SAFE_HOLD, Override: Safe hold mode active
2025-05-28 04:01:48,346 - INFO - [AUDIT] - Action: 0, Confidence: 1.0000, Safety Mode: SAFE_HOLD, Override: Safe hold mode active
2025-05-28 04:01:48,346 - INFO - [AUDIT] - Action: 0, Confidence: 1.0000, Safety Mode: SAFE_HOLD, Override: Safe hold mode active
2025-05-28 04:01:48,347 - INFO - [AUDIT] - Action: 0, Confidence: 1.0000, Safety Mode: SAFE_HOLD, Override: Safe hold mode active
2025-05-28 04:01:48,347 - INFO - [AUDIT] - Action: 0, Confidence: 1.0000, Safety Mode: SAFE_HOLD, Override: Safe hold mode active
2025-05-28 04:01:48,347 - INFO - [AUDIT] - Action: 0, Confidence: 1.0000, Safety Mode: SAFE_HOLD, Override: Safe hold mode active
2025-05-28 04:01:48,347 - INFO - [AUDIT] - Action: 0, Confidence: 1.0000, Safety Mode: SAFE_HOLD, Override: Safe hold mode active
2025-05-28 04:01:48,347 - INFO - [AUDIT] - Action: 0, Confidence: 1.0000, Safety Mode: SAFE_HOLD, Override: Safe hold mode active
2025-05-28 04:01:48,348 - INFO - [AUDIT] - Action: 0, Confidence: 1.0000, Safety Mode: SAFE_HOLD, Override: Safe hold mode active
2025-05-28 04:01:48,348 - INFO - [AUDIT] - Action: 0, Confidence: 1.0000, Safety Mode: SAFE_HOLD, Override: Safe hold mode active
2025-05-28 04:01:48,348 - INFO - [AUDIT] - Action: 0, Confidence: 1.0000, Safety Mode: SAFE_HOLD, Override: Safe hold mode active
2025-05-28 04:01:48,348 - INFO - [AUDIT] - Action: 0, Confidence: 1.0000, Safety Mode: SAFE_HOLD, Override: Safe hold mode active
2025-05-28 04:01:48,348 - INFO - [AUDIT] - Action: 0, Confidence: 1.0000, Safety Mode: SAFE_HOLD, Override: Safe hold mode active
2025-05-28 04:01:48,349 - INFO - [AUDIT] - Action: 0, Confidence: 1.0000, Safety Mode: SAFE_HOLD, Override: Safe hold mode active
2025-05-28 04:01:48,349 - INFO - [AUDIT] - Action: 0, Confidence: 1.0000, Safety Mode: SAFE_HOLD, Override: Safe hold mode active
2025-05-28 04:01:48,349 - INFO - [AUDIT] - Action: 0, Confidence: 1.0000, Safety Mode: SAFE_HOLD, Override: Safe hold mode active
2025-05-28 04:01:48,349 - INFO - [AUDIT] - Action: 0, Confidence: 1.0000, Safety Mode: SAFE_HOLD, Override: Safe hold mode active
2025-05-28 04:01:48,349 - INFO - [AUDIT] - Action: 0, Confidence: 1.0000, Safety Mode: SAFE_HOLD, Override: Safe hold mode active
2025-05-28 04:01:48,350 - INFO - [AUDIT] - Action: 0, Confidence: 1.0000, Safety Mode: SAFE_HOLD, Override: Safe hold mode active
2025-05-28 04:01:48,350 - INFO - [AUDIT] - Action: 0, Confidence: 1.0000, Safety Mode: SAFE_HOLD, Override: Safe hold mode active
2025-05-28 04:01:48,350 - INFO - [AUDIT] - Action: 0, Confidence: 1.0000, Safety Mode: SAFE_HOLD, Override: Safe hold mode active
2025-05-28 04:01:48,350 - INFO - [AUDIT] - Action: 0, Confidence: 1.0000, Safety Mode: SAFE_HOLD, Override: Safe hold mode active
2025-05-28 04:01:48,351 - INFO - [AUDIT] - Action: 0, Confidence: 1.0000, Safety Mode: SAFE_HOLD, Override: Safe hold mode active
2025-05-28 04:01:48,351 - INFO - [AUDIT] - Action: 0, Confidence: 1.0000, Safety Mode: SAFE_HOLD, Override: Safe hold mode active
2025-05-28 04:01:48,351 - INFO - [AUDIT] - Action: 0, Confidence: 1.0000, Safety Mode: SAFE_HOLD, Override: Safe hold mode active
2025-05-28 04:01:48,351 - INFO - [AUDIT] - Action: 0, Confidence: 1.0000, Safety Mode: SAFE_HOLD, Override: Safe hold mode active
2025-05-28 04:01:48,351 - INFO - [AUDIT] - Action: 0, Confidence: 1.0000, Safety Mode: SAFE_HOLD, Override: Safe hold mode active
2025-05-28 04:01:48,352 - INFO - [AUDIT] - Action: 0, Confidence: 1.0000, Safety Mode: SAFE_HOLD, Override: Safe hold mode active
2025-05-28 04:01:48,352 - INFO - [AUDIT] - Action: 0, Confidence: 1.0000, Safety Mode: SAFE_HOLD, Override: Safe hold mode active
2025-05-28 04:01:48,352 - INFO - [AUDIT] - Action: 0, Confidence: 1.0000, Safety Mode: SAFE_HOLD, Override: Safe hold mode active
2025-05-28 04:01:48,352 - INFO - [AUDIT] - Action: 0, Confidence: 1.0000, Safety Mode: SAFE_HOLD, Override: Safe hold mode active
2025-05-28 04:01:48,352 - INFO - [AUDIT] - Action: 0, Confidence: 1.0000, Safety Mode: SAFE_HOLD, Override: Safe hold mode active
2025-05-28 04:01:48,353 - INFO - [AUDIT] - Action: 0, Confidence: 1.0000, Safety Mode: SAFE_HOLD, Override: Safe hold mode active
2025-05-28 04:01:48,353 - INFO - [AUDIT] - Action: 0, Confidence: 1.0000, Safety Mode: SAFE_HOLD, Override: Safe hold mode active
2025-05-28 04:01:48,353 - INFO - [AUDIT] - Action: 0, Confidence: 1.0000, Safety Mode: SAFE_HOLD, Override: Safe hold mode active
2025-05-28 04:01:48,353 - INFO - [AUDIT] - Action: 0, Confidence: 1.0000, Safety Mode: SAFE_HOLD, Override: Safe hold mode active
2025-05-28 04:01:48,353 - INFO - [AUDIT] - Action: 0, Confidence: 1.0000, Safety Mode: SAFE_HOLD, Override: Safe hold mode active
2025-05-28 04:01:48,354 - INFO - [AUDIT] - Action: 0, Confidence: 1.0000, Safety Mode: SAFE_HOLD, Override: Safe hold mode active
2025-05-28 04:01:48,354 - INFO - [AUDIT] - Action: 0, Confidence: 1.0000, Safety Mode: SAFE_HOLD, Override: Safe hold mode active
2025-05-28 04:01:48,354 - INFO - [AUDIT] - Action: 0, Confidence: 1.0000, Safety Mode: SAFE_HOLD, Override: Safe hold mode active
2025-05-28 04:01:48,354 - INFO - [AUDIT] - Action: 0, Confidence: 1.0000, Safety Mode: SAFE_HOLD, Override: Safe hold mode active
2025-05-28 04:01:48,354 - INFO - [AUDIT] - Action: 0, Confidence: 1.0000, Safety Mode: SAFE_HOLD, Override: Safe hold mode active
2025-05-28 04:01:48,354 - INFO - [AUDIT] - Action: 0, Confidence: 1.0000, Safety Mode: SAFE_HOLD, Override: Safe hold mode active
2025-05-28 04:01:48,355 - INFO - [AUDIT] - Action: 0, Confidence: 1.0000, Safety Mode: SAFE_HOLD, Override: Safe hold mode active
2025-05-28 04:01:48,355 - INFO - [AUDIT] - Action: 0, Confidence: 1.0000, Safety Mode: SAFE_HOLD, Override: Safe hold mode active
2025-05-28 04:01:48,355 - INFO - [AUDIT] - Action: 0, Confidence: 1.0000, Safety Mode: SAFE_HOLD, Override: Safe hold mode active
2025-05-28 04:01:48,355 - INFO - [AUDIT] - Action: 0, Confidence: 1.0000, Safety Mode: SAFE_HOLD, Override: Safe hold mode active
2025-05-28 04:01:48,355 - INFO - [AUDIT] - Action: 0, Confidence: 1.0000, Safety Mode: SAFE_HOLD, Override: Safe hold mode active
2025-05-28 04:01:48,356 - INFO - [AUDIT] - Action: 0, Confidence: 1.0000, Safety Mode: SAFE_HOLD, Override: Safe hold mode active
2025-05-28 04:01:48,356 - INFO - [AUDIT] - Action: 0, Confidence: 1.0000, Safety Mode: SAFE_HOLD, Override: Safe hold mode active
2025-05-28 04:01:48,356 - INFO - [AUDIT] - Action: 0, Confidence: 1.0000, Safety Mode: SAFE_HOLD, Override: Safe hold mode active
2025-05-28 04:01:48,356 - INFO - [AUDIT] - Action: 0, Confidence: 1.0000, Safety Mode: SAFE_HOLD, Override: Safe hold mode active
2025-05-28 04:01:48,356 - INFO - [AUDIT] - Action: 0, Confidence: 1.0000, Safety Mode: SAFE_HOLD, Override: Safe hold mode active
2025-05-28 04:01:48,357 - INFO - [AUDIT] - Action: 0, Confidence: 1.0000, Safety Mode: SAFE_HOLD, Override: Safe hold mode active
2025-05-28 04:01:48,357 - INFO - [AUDIT] - Action: 0, Confidence: 1.0000, Safety Mode: SAFE_HOLD, Override: Safe hold mode active
2025-05-28 04:01:48,357 - INFO - [AUDIT] - Action: 0, Confidence: 1.0000, Safety Mode: SAFE_HOLD, Override: Safe hold mode active
2025-05-28 04:01:48,357 - INFO - [AUDIT] - Action: 0, Confidence: 1.0000, Safety Mode: SAFE_HOLD, Override: Safe hold mode active
2025-05-28 04:01:48,357 - INFO - [AUDIT] - Action: 0, Confidence: 1.0000, Safety Mode: SAFE_HOLD, Override: Safe hold mode active
2025-05-28 04:01:48,357 - INFO - [AUDIT] - Action: 0, Confidence: 1.0000, Safety Mode: SAFE_HOLD, Override: Safe hold mode active
2025-05-28 04:01:48,358 - INFO - [AUDIT] - Action: 0, Confidence: 1.0000, Safety Mode: SAFE_HOLD, Override: Safe hold mode active
2025-05-28 04:01:48,358 - INFO - [AUDIT] - Action: 0, Confidence: 1.0000, Safety Mode: SAFE_HOLD, Override: Safe hold mode active
2025-05-28 04:01:48,358 - INFO - [AUDIT] - Action: 0, Confidence: 1.0000, Safety Mode: SAFE_HOLD, Override: Safe hold mode active
2025-05-28 04:01:48,358 - INFO - [AUDIT] - Action: 0, Confidence: 1.0000, Safety Mode: SAFE_HOLD, Override: Safe hold mode active
2025-05-28 04:01:48,358 - INFO - [AUDIT] - Action: 0, Confidence: 1.0000, Safety Mode: SAFE_HOLD, Override: Safe hold mode active
2025-05-28 04:01:48,359 - INFO - [AUDIT] - Action: 0, Confidence: 1.0000, Safety Mode: SAFE_HOLD, Override: Safe hold mode active
2025-05-28 04:01:48,359 - INFO - [AUDIT] - Action: 0, Confidence: 1.0000, Safety Mode: SAFE_HOLD, Override: Safe hold mode active
2025-05-28 04:01:48,359 - INFO - [AUDIT] - Action: 0, Confidence: 1.0000, Safety Mode: SAFE_HOLD, Override: Safe hold mode active
2025-05-28 04:01:48,359 - INFO - [AUDIT] - Action: 0, Confidence: 1.0000, Safety Mode: SAFE_HOLD, Override: Safe hold mode active
2025-05-28 04:01:48,359 - INFO - [AUDIT] - Action: 0, Confidence: 1.0000, Safety Mode: SAFE_HOLD, Override: Safe hold mode active
2025-05-28 04:01:48,360 - INFO - [AUDIT] - Action: 0, Confidence: 1.0000, Safety Mode: SAFE_HOLD, Override: Safe hold mode active
2025-05-28 04:01:48,360 - INFO - [AUDIT] - Action: 0, Confidence: 1.0000, Safety Mode: SAFE_HOLD, Override: Safe hold mode active
2025-05-28 04:01:48,360 - INFO - [AUDIT] - Action: 0, Confidence: 1.0000, Safety Mode: SAFE_HOLD, Override: Safe hold mode active
2025-05-28 04:01:48,360 - INFO - [AUDIT] - Action: 0, Confidence: 1.0000, Safety Mode: SAFE_HOLD, Override: Safe hold mode active
2025-05-28 04:01:48,360 - INFO - [AUDIT] - Action: 0, Confidence: 1.0000, Safety Mode: SAFE_HOLD, Override: Safe hold mode active
2025-05-28 04:01:48,361 - INFO - [AUDIT] - Action: 0, Confidence: 1.0000, Safety Mode: SAFE_HOLD, Override: Safe hold mode active
2025-05-28 04:01:48,361 - INFO - [AUDIT] - Action: 0, Confidence: 1.0000, Safety Mode: SAFE_HOLD, Override: Safe hold mode active
2025-05-28 04:01:48,361 - INFO - [AUDIT] - Action: 0, Confidence: 1.0000, Safety Mode: SAFE_HOLD, Override: Safe hold mode active
2025-05-28 04:01:48,361 - INFO - [AUDIT] - Action: 0, Confidence: 1.0000, Safety Mode: SAFE_HOLD, Override: Safe hold mode active
2025-05-28 04:01:48,361 - INFO - [AUDIT] - Action: 0, Confidence: 1.0000, Safety Mode: SAFE_HOLD, Override: Safe hold mode active
2025-05-28 04:01:48,361 - INFO - [AUDIT] - Action: 0, Confidence: 1.0000, Safety Mode: SAFE_HOLD, Override: Safe hold mode active
2025-05-28 04:01:48,362 - INFO - [AUDIT] - Action: 0, Confidence: 1.0000, Safety Mode: SAFE_HOLD, Override: Safe hold mode active
2025-05-28 04:01:48,362 - INFO - [AUDIT] - Action: 0, Confidence: 1.0000, Safety Mode: SAFE_HOLD, Override: Safe hold mode active
2025-05-28 04:01:48,362 - INFO - [AUDIT] - Action: 0, Confidence: 1.0000, Safety Mode: SAFE_HOLD, Override: Safe hold mode active
2025-05-28 04:01:48,362 - INFO - [AUDIT] - Action: 0, Confidence: 1.0000, Safety Mode: SAFE_HOLD, Override: Safe hold mode active
2025-05-28 04:01:48,363 - INFO - [AUDIT] - Action: 0, Confidence: 1.0000, Safety Mode: SAFE_HOLD, Override: Safe hold mode active
2025-05-28 04:01:48,363 - INFO - [AUDIT] - Action: 0, Confidence: 1.0000, Safety Mode: SAFE_HOLD, Override: Safe hold mode active
2025-05-28 04:01:48,363 - INFO - [AUDIT] - Action: 0, Confidence: 1.0000, Safety Mode: SAFE_HOLD, Override: Safe hold mode active
2025-05-28 04:01:48,363 - INFO - [AUDIT] - Action: 0, Confidence: 1.0000, Safety Mode: SAFE_HOLD, Override: Safe hold mode active
2025-05-28 04:01:48,363 - INFO - [AUDIT] - Action: 0, Confidence: 1.0000, Safety Mode: SAFE_HOLD, Override: Safe hold mode active
2025-05-28 04:01:48,363 - INFO - [AUDIT] - Action: 0, Confidence: 1.0000, Safety Mode: SAFE_HOLD, Override: Safe hold mode active
2025-05-28 04:01:48,364 - INFO - [AUDIT] - Action: 0, Confidence: 1.0000, Safety Mode: SAFE_HOLD, Override: Safe hold mode active
2025-05-28 04:01:48,364 - INFO - [AUDIT] - Action: 0, Confidence: 1.0000, Safety Mode: SAFE_HOLD, Override: Safe hold mode active
2025-05-28 04:01:48,364 - INFO - [AUDIT] - Action: 0, Confidence: 1.0000, Safety Mode: SAFE_HOLD, Override: Safe hold mode active
2025-05-28 04:01:48,364 - INFO - [AUDIT] - Action: 0, Confidence: 1.0000, Safety Mode: SAFE_HOLD, Override: Safe hold mode active
2025-05-28 04:01:48,365 - INFO - [AUDIT] - Action: 0, Confidence: 1.0000, Safety Mode: SAFE_HOLD, Override: Safe hold mode active
2025-05-28 04:01:48,365 - INFO - [AUDIT] - Action: 0, Confidence: 1.0000, Safety Mode: SAFE_HOLD, Override: Safe hold mode active
2025-05-28 04:01:48,365 - INFO - [AUDIT] - Action: 0, Confidence: 1.0000, Safety Mode: SAFE_HOLD, Override: Safe hold mode active
2025-05-28 04:01:48,365 - INFO - [AUDIT] - Action: 0, Confidence: 1.0000, Safety Mode: SAFE_HOLD, Override: Safe hold mode active
2025-05-28 04:01:48,365 - INFO - [AUDIT] - Action: 0, Confidence: 1.0000, Safety Mode: SAFE_HOLD, Override: Safe hold mode active
2025-05-28 04:01:48,366 - INFO - [AUDIT] - Action: 0, Confidence: 1.0000, Safety Mode: SAFE_HOLD, Override: Safe hold mode active
2025-05-28 04:01:48,366 - INFO - [AUDIT] - Action: 0, Confidence: 1.0000, Safety Mode: SAFE_HOLD, Override: Safe hold mode active
2025-05-28 04:01:48,366 - INFO - [AUDIT] - Action: 0, Confidence: 1.0000, Safety Mode: SAFE_HOLD, Override: Safe hold mode active
2025-05-28 04:01:48,366 - INFO - [AUDIT] - Action: 0, Confidence: 1.0000, Safety Mode: SAFE_HOLD, Override: Safe hold mode active
2025-05-28 04:01:48,366 - INFO - [AUDIT] - Action: 0, Confidence: 1.0000, Safety Mode: SAFE_HOLD, Override: Safe hold mode active
2025-05-28 04:01:48,367 - INFO - [AUDIT] - Action: 0, Confidence: 1.0000, Safety Mode: SAFE_HOLD, Override: Safe hold mode active
2025-05-28 04:01:48,367 - INFO - [AUDIT] - Action: 0, Confidence: 1.0000, Safety Mode: SAFE_HOLD, Override: Safe hold mode active
2025-05-28 04:01:48,367 - INFO - [AUDIT] - Action: 0, Confidence: 1.0000, Safety Mode: SAFE_HOLD, Override: Safe hold mode active
2025-05-28 04:01:48,367 - INFO - [AUDIT] - Action: 0, Confidence: 1.0000, Safety Mode: SAFE_HOLD, Override: Safe hold mode active
2025-05-28 04:01:48,368 - INFO - [AUDIT] - Action: 0, Confidence: 1.0000, Safety Mode: SAFE_HOLD, Override: Safe hold mode active
2025-05-28 04:01:48,368 - INFO - [AUDIT] - Action: 0, Confidence: 1.0000, Safety Mode: SAFE_HOLD, Override: Safe hold mode active
2025-05-28 04:01:48,368 - INFO - [AUDIT] - Action: 0, Confidence: 1.0000, Safety Mode: SAFE_HOLD, Override: Safe hold mode active
2025-05-28 04:01:48,368 - INFO - [AUDIT] - Action: 0, Confidence: 1.0000, Safety Mode: SAFE_HOLD, Override: Safe hold mode active
2025-05-28 04:01:48,369 - INFO - [AUDIT] - Action: 0, Confidence: 1.0000, Safety Mode: SAFE_HOLD, Override: Safe hold mode active
2025-05-28 04:01:48,369 - INFO - [AUDIT] - Action: 0, Confidence: 1.0000, Safety Mode: SAFE_HOLD, Override: Safe hold mode active
2025-05-28 04:01:48,369 - INFO - [AUDIT] - Action: 0, Confidence: 1.0000, Safety Mode: SAFE_HOLD, Override: Safe hold mode active
2025-05-28 04:01:48,369 - INFO - [AUDIT] - Action: 0, Confidence: 1.0000, Safety Mode: SAFE_HOLD, Override: Safe hold mode active
2025-05-28 04:01:48,369 - INFO - [AUDIT] - Action: 0, Confidence: 1.0000, Safety Mode: SAFE_HOLD, Override: Safe hold mode active
2025-05-28 04:01:48,370 - INFO - [AUDIT] - Action: 0, Confidence: 1.0000, Safety Mode: SAFE_HOLD, Override: Safe hold mode active
2025-05-28 04:01:48,370 - INFO - [AUDIT] - Action: 0, Confidence: 1.0000, Safety Mode: SAFE_HOLD, Override: Safe hold mode active
2025-05-28 04:01:48,370 - INFO - [AUDIT] - Action: 0, Confidence: 1.0000, Safety Mode: SAFE_HOLD, Override: Safe hold mode active
2025-05-28 04:01:48,370 - INFO - [AUDIT] - Action: 0, Confidence: 1.0000, Safety Mode: SAFE_HOLD, Override: Safe hold mode active
2025-05-28 04:01:48,370 - INFO - [AUDIT] - Action: 0, Confidence: 1.0000, Safety Mode: SAFE_HOLD, Override: Safe hold mode active
2025-05-28 04:01:48,371 - INFO - [AUDIT] - Action: 0, Confidence: 1.0000, Safety Mode: SAFE_HOLD, Override: Safe hold mode active
2025-05-28 04:01:48,371 - INFO - [AUDIT] - Action: 0, Confidence: 1.0000, Safety Mode: SAFE_HOLD, Override: Safe hold mode active
2025-05-28 04:01:48,371 - INFO - [AUDIT] - Action: 0, Confidence: 1.0000, Safety Mode: SAFE_HOLD, Override: Safe hold mode active
2025-05-28 04:01:48,371 - INFO - [AUDIT] - Action: 0, Confidence: 1.0000, Safety Mode: SAFE_HOLD, Override: Safe hold mode active
2025-05-28 04:01:48,371 - INFO - [AUDIT] - Action: 0, Confidence: 1.0000, Safety Mode: SAFE_HOLD, Override: Safe hold mode active
2025-05-28 04:01:48,372 - INFO - [AUDIT] - Action: 0, Confidence: 1.0000, Safety Mode: SAFE_HOLD, Override: Safe hold mode active
2025-05-28 04:01:48,372 - INFO - [AUDIT] - Action: 0, Confidence: 1.0000, Safety Mode: SAFE_HOLD, Override: Safe hold mode active
2025-05-28 04:01:48,372 - INFO - [AUDIT] - Action: 0, Confidence: 1.0000, Safety Mode: SAFE_HOLD, Override: Safe hold mode active
2025-05-28 04:01:48,372 - INFO - [AUDIT] - Action: 0, Confidence: 1.0000, Safety Mode: SAFE_HOLD, Override: Safe hold mode active
2025-05-28 04:01:48,372 - INFO - [AUDIT] - Action: 0, Confidence: 1.0000, Safety Mode: SAFE_HOLD, Override: Safe hold mode active
2025-05-28 04:01:48,373 - INFO - [AUDIT] - Action: 0, Confidence: 1.0000, Safety Mode: SAFE_HOLD, Override: Safe hold mode active
2025-05-28 04:01:48,373 - INFO - [AUDIT] - Action: 0, Confidence: 1.0000, Safety Mode: SAFE_HOLD, Override: Safe hold mode active
2025-05-28 04:01:48,373 - INFO - [AUDIT] - Action: 0, Confidence: 1.0000, Safety Mode: SAFE_HOLD, Override: Safe hold mode active
2025-05-28 04:01:48,373 - INFO - [AUDIT] - Action: 0, Confidence: 1.0000, Safety Mode: SAFE_HOLD, Override: Safe hold mode active
2025-05-28 04:01:48,373 - INFO - [AUDIT] - Action: 0, Confidence: 1.0000, Safety Mode: SAFE_HOLD, Override: Safe hold mode active
2025-05-28 04:01:48,374 - INFO - [AUDIT] - Action: 0, Confidence: 1.0000, Safety Mode: SAFE_HOLD, Override: Safe hold mode active
2025-05-28 04:01:48,374 - INFO - [AUDIT] - Action: 0, Confidence: 1.0000, Safety Mode: SAFE_HOLD, Override: Safe hold mode active
2025-05-28 04:01:48,374 - INFO - [AUDIT] - Action: 0, Confidence: 1.0000, Safety Mode: SAFE_HOLD, Override: Safe hold mode active
2025-05-28 04:01:48,374 - INFO - [AUDIT] - Action: 0, Confidence: 1.0000, Safety Mode: SAFE_HOLD, Override: Safe hold mode active
2025-05-28 04:01:48,374 - INFO - [AUDIT] - Action: 0, Confidence: 1.0000, Safety Mode: SAFE_HOLD, Override: Safe hold mode active
2025-05-28 04:01:48,375 - INFO - [AUDIT] - Action: 0, Confidence: 1.0000, Safety Mode: SAFE_HOLD, Override: Safe hold mode active
2025-05-28 04:01:48,375 - INFO - [AUDIT] - Action: 0, Confidence: 1.0000, Safety Mode: SAFE_HOLD, Override: Safe hold mode active
2025-05-28 04:01:48,375 - INFO - [AUDIT] - Action: 0, Confidence: 1.0000, Safety Mode: SAFE_HOLD, Override: Safe hold mode active
2025-05-28 04:01:48,375 - INFO - [AUDIT] - Action: 0, Confidence: 1.0000, Safety Mode: SAFE_HOLD, Override: Safe hold mode active
2025-05-28 04:01:48,375 - INFO - [AUDIT] - Action: 0, Confidence: 1.0000, Safety Mode: SAFE_HOLD, Override: Safe hold mode active
2025-05-28 04:01:48,376 - INFO - [AUDIT] - Action: 0, Confidence: 1.0000, Safety Mode: SAFE_HOLD, Override: Safe hold mode active
2025-05-28 04:01:48,376 - INFO - [AUDIT] - Action: 0, Confidence: 1.0000, Safety Mode: SAFE_HOLD, Override: Safe hold mode active
2025-05-28 04:01:48,376 - INFO - [AUDIT] - Action: 0, Confidence: 1.0000, Safety Mode: SAFE_HOLD, Override: Safe hold mode active
2025-05-28 04:01:48,376 - INFO - [AUDIT] - Action: 0, Confidence: 1.0000, Safety Mode: SAFE_HOLD, Override: Safe hold mode active
2025-05-28 04:01:48,376 - INFO - [AUDIT] - Action: 0, Confidence: 1.0000, Safety Mode: SAFE_HOLD, Override: Safe hold mode active
2025-05-28 04:01:48,376 - INFO - [AUDIT] - Action: 0, Confidence: 1.0000, Safety Mode: SAFE_HOLD, Override: Safe hold mode active
2025-05-28 04:01:48,377 - INFO - [AUDIT] - Action: 0, Confidence: 1.0000, Safety Mode: SAFE_HOLD, Override: Safe hold mode active
2025-05-28 04:01:48,377 - INFO - [AUDIT] - Action: 0, Confidence: 1.0000, Safety Mode: SAFE_HOLD, Override: Safe hold mode active
2025-05-28 04:01:48,377 - INFO - [AUDIT] - Action: 0, Confidence: 1.0000, Safety Mode: SAFE_HOLD, Override: Safe hold mode active
2025-05-28 04:01:48,377 - INFO - [AUDIT] - Action: 0, Confidence: 1.0000, Safety Mode: SAFE_HOLD, Override: Safe hold mode active
2025-05-28 04:01:48,378 - INFO - [AUDIT] - Action: 0, Confidence: 1.0000, Safety Mode: SAFE_HOLD, Override: Safe hold mode active
2025-05-28 04:01:48,378 - INFO - [AUDIT] - Action: 0, Confidence: 1.0000, Safety Mode: SAFE_HOLD, Override: Safe hold mode active
2025-05-28 04:01:48,378 - INFO - [AUDIT] - Action: 0, Confidence: 1.0000, Safety Mode: SAFE_HOLD, Override: Safe hold mode active
2025-05-28 04:01:48,378 - INFO - [AUDIT] - Action: 0, Confidence: 1.0000, Safety Mode: SAFE_HOLD, Override: Safe hold mode active
2025-05-28 04:01:48,378 - INFO - [AUDIT] - Action: 0, Confidence: 1.0000, Safety Mode: SAFE_HOLD, Override: Safe hold mode active
2025-05-28 04:01:48,378 - INFO - [AUDIT] - Action: 0, Confidence: 1.0000, Safety Mode: SAFE_HOLD, Override: Safe hold mode active
2025-05-28 04:01:48,379 - INFO - [AUDIT] - Action: 0, Confidence: 1.0000, Safety Mode: SAFE_HOLD, Override: Safe hold mode active
2025-05-28 04:01:48,379 - INFO - [AUDIT] - Action: 0, Confidence: 1.0000, Safety Mode: SAFE_HOLD, Override: Safe hold mode active
2025-05-28 04:01:48,379 - INFO - [AUDIT] - Action: 0, Confidence: 1.0000, Safety Mode: SAFE_HOLD, Override: Safe hold mode active
2025-05-28 04:01:48,379 - INFO - [AUDIT] - Action: 0, Confidence: 1.0000, Safety Mode: SAFE_HOLD, Override: Safe hold mode active
2025-05-28 04:01:48,379 - INFO - [AUDIT] - Action: 0, Confidence: 1.0000, Safety Mode: SAFE_HOLD, Override: Safe hold mode active
2025-05-28 04:01:48,380 - INFO - [AUDIT] - Action: 0, Confidence: 1.0000, Safety Mode: SAFE_HOLD, Override: Safe hold mode active
2025-05-28 04:01:48,380 - INFO - [AUDIT] - Action: 0, Confidence: 1.0000, Safety Mode: SAFE_HOLD, Override: Safe hold mode active
2025-05-28 04:01:48,380 - INFO - [AUDIT] - Action: 0, Confidence: 1.0000, Safety Mode: SAFE_HOLD, Override: Safe hold mode active
2025-05-28 04:01:48,380 - INFO - [AUDIT] - Action: 0, Confidence: 1.0000, Safety Mode: SAFE_HOLD, Override: Safe hold mode active
2025-05-28 04:01:48,380 - INFO - [AUDIT] - Action: 0, Confidence: 1.0000, Safety Mode: SAFE_HOLD, Override: Safe hold mode active
2025-05-28 04:01:48,381 - INFO - [AUDIT] - Action: 0, Confidence: 1.0000, Safety Mode: SAFE_HOLD, Override: Safe hold mode active
2025-05-28 04:01:48,381 - INFO - [AUDIT] - Action: 0, Confidence: 1.0000, Safety Mode: SAFE_HOLD, Override: Safe hold mode active
2025-05-28 04:01:48,381 - INFO - [AUDIT] - Action: 0, Confidence: 1.0000, Safety Mode: SAFE_HOLD, Override: Safe hold mode active
2025-05-28 04:01:48,381 - INFO - [AUDIT] - Action: 0, Confidence: 1.0000, Safety Mode: SAFE_HOLD, Override: Safe hold mode active
2025-05-28 04:01:48,381 - INFO - [AUDIT] - Action: 0, Confidence: 1.0000, Safety Mode: SAFE_HOLD, Override: Safe hold mode active
2025-05-28 04:01:48,382 - INFO - [AUDIT] - Action: 0, Confidence: 1.0000, Safety Mode: SAFE_HOLD, Override: Safe hold mode active
2025-05-28 04:01:48,382 - INFO - [AUDIT] - Action: 0, Confidence: 1.0000, Safety Mode: SAFE_HOLD, Override: Safe hold mode active
2025-05-28 04:01:48,382 - INFO - [AUDIT] - Action: 0, Confidence: 1.0000, Safety Mode: SAFE_HOLD, Override: Safe hold mode active
2025-05-28 04:01:48,382 - INFO - [AUDIT] - Action: 0, Confidence: 1.0000, Safety Mode: SAFE_HOLD, Override: Safe hold mode active
2025-05-28 04:01:48,382 - INFO - [AUDIT] - Action: 0, Confidence: 1.0000, Safety Mode: SAFE_HOLD, Override: Safe hold mode active
2025-05-28 04:01:48,382 - INFO - [AUDIT] - Action: 0, Confidence: 1.0000, Safety Mode: SAFE_HOLD, Override: Safe hold mode active
2025-05-28 04:01:48,383 - INFO - [AUDIT] - Action: 0, Confidence: 1.0000, Safety Mode: SAFE_HOLD, Override: Safe hold mode active
2025-05-28 04:01:48,383 - INFO - [AUDIT] - Action: 0, Confidence: 1.0000, Safety Mode: SAFE_HOLD, Override: Safe hold mode active
2025-05-28 04:01:48,383 - INFO - [AUDIT] - Action: 0, Confidence: 1.0000, Safety Mode: SAFE_HOLD, Override: Safe hold mode active
2025-05-28 04:01:48,383 - INFO - [AUDIT] - Action: 0, Confidence: 1.0000, Safety Mode: SAFE_HOLD, Override: Safe hold mode active
2025-05-28 04:01:48,383 - INFO - [AUDIT] - Action: 0, Confidence: 1.0000, Safety Mode: SAFE_HOLD, Override: Safe hold mode active
2025-05-28 04:01:48,384 - INFO - [AUDIT] - Action: 0, Confidence: 1.0000, Safety Mode: SAFE_HOLD, Override: Safe hold mode active
2025-05-28 04:01:48,384 - INFO - [AUDIT] - Action: 0, Confidence: 1.0000, Safety Mode: SAFE_HOLD, Override: Safe hold mode active
2025-05-28 04:01:48,384 - INFO - [AUDIT] - Action: 0, Confidence: 1.0000, Safety Mode: SAFE_HOLD, Override: Safe hold mode active
2025-05-28 04:01:48,384 - INFO - [AUDIT] - Action: 0, Confidence: 1.0000, Safety Mode: SAFE_HOLD, Override: Safe hold mode active
2025-05-28 04:01:48,385 - INFO - [AUDIT] - Action: 0, Confidence: 1.0000, Safety Mode: SAFE_HOLD, Override: Safe hold mode active
2025-05-28 04:01:48,385 - INFO - [AUDIT] - Action: 0, Confidence: 1.0000, Safety Mode: SAFE_HOLD, Override: Safe hold mode active
2025-05-28 04:01:48,385 - INFO - [AUDIT] - Action: 0, Confidence: 1.0000, Safety Mode: SAFE_HOLD, Override: Safe hold mode active
2025-05-28 04:01:48,385 - INFO - [AUDIT] - Action: 0, Confidence: 1.0000, Safety Mode: SAFE_HOLD, Override: Safe hold mode active
2025-05-28 04:01:48,385 - INFO - [AUDIT] - Action: 0, Confidence: 1.0000, Safety Mode: SAFE_HOLD, Override: Safe hold mode active
2025-05-28 04:01:48,386 - INFO - [AUDIT] - Action: 0, Confidence: 1.0000, Safety Mode: SAFE_HOLD, Override: Safe hold mode active
2025-05-28 04:01:48,386 - INFO - [AUDIT] - Action: 0, Confidence: 1.0000, Safety Mode: SAFE_HOLD, Override: Safe hold mode active
2025-05-28 04:01:48,386 - INFO - [AUDIT] - Action: 0, Confidence: 1.0000, Safety Mode: SAFE_HOLD, Override: Safe hold mode active
2025-05-28 04:01:48,386 - INFO - [AUDIT] - Action: 0, Confidence: 1.0000, Safety Mode: SAFE_HOLD, Override: Safe hold mode active
2025-05-28 04:01:48,386 - INFO - [AUDIT] - Action: 0, Confidence: 1.0000, Safety Mode: SAFE_HOLD, Override: Safe hold mode active
2025-05-28 04:01:48,386 - INFO - [AUDIT] - Action: 0, Confidence: 1.0000, Safety Mode: SAFE_HOLD, Override: Safe hold mode active
2025-05-28 04:01:48,387 - INFO - [AUDIT] - Action: 0, Confidence: 1.0000, Safety Mode: SAFE_HOLD, Override: Safe hold mode active
2025-05-28 04:01:48,387 - INFO - [AUDIT] - Action: 0, Confidence: 1.0000, Safety Mode: SAFE_HOLD, Override: Safe hold mode active
2025-05-28 04:01:48,387 - INFO - [AUDIT] - Action: 0, Confidence: 1.0000, Safety Mode: SAFE_HOLD, Override: Safe hold mode active
2025-05-28 04:01:48,387 - INFO - [AUDIT] - Action: 0, Confidence: 1.0000, Safety Mode: SAFE_HOLD, Override: Safe hold mode active
2025-05-28 04:01:48,387 - INFO - [AUDIT] - Action: 0, Confidence: 1.0000, Safety Mode: SAFE_HOLD, Override: Safe hold mode active
2025-05-28 04:01:48,388 - INFO - [AUDIT] - Action: 0, Confidence: 1.0000, Safety Mode: SAFE_HOLD, Override: Safe hold mode active
2025-05-28 04:01:48,388 - INFO - [AUDIT] - Action: 0, Confidence: 1.0000, Safety Mode: SAFE_HOLD, Override: Safe hold mode active
2025-05-28 04:01:48,388 - INFO - [AUDIT] - Action: 0, Confidence: 1.0000, Safety Mode: SAFE_HOLD, Override: Safe hold mode active
2025-05-28 04:01:48,388 - INFO - [AUDIT] - Action: 0, Confidence: 1.0000, Safety Mode: SAFE_HOLD, Override: Safe hold mode active
2025-05-28 04:01:48,388 - INFO - [AUDIT] - Action: 0, Confidence: 1.0000, Safety Mode: SAFE_HOLD, Override: Safe hold mode active
2025-05-28 04:01:48,389 - INFO - [AUDIT] - Action: 0, Confidence: 1.0000, Safety Mode: SAFE_HOLD, Override: Safe hold mode active
2025-05-28 04:01:48,389 - INFO - [AUDIT] - Action: 0, Confidence: 1.0000, Safety Mode: SAFE_HOLD, Override: Safe hold mode active
2025-05-28 04:01:48,389 - INFO - [AUDIT] - Action: 0, Confidence: 1.0000, Safety Mode: SAFE_HOLD, Override: Safe hold mode active
2025-05-28 04:01:48,389 - INFO - [AUDIT] - Action: 0, Confidence: 1.0000, Safety Mode: SAFE_HOLD, Override: Safe hold mode active
2025-05-28 04:01:48,389 - INFO - [AUDIT] - Action: 0, Confidence: 1.0000, Safety Mode: SAFE_HOLD, Override: Safe hold mode active
2025-05-28 04:01:48,390 - INFO - [AUDIT] - Action: 0, Confidence: 1.0000, Safety Mode: SAFE_HOLD, Override: Safe hold mode active
2025-05-28 04:01:48,390 - INFO - [AUDIT] - Action: 0, Confidence: 1.0000, Safety Mode: SAFE_HOLD, Override: Safe hold mode active
2025-05-28 04:01:48,390 - INFO - [AUDIT] - Action: 0, Confidence: 1.0000, Safety Mode: SAFE_HOLD, Override: Safe hold mode active
2025-05-28 04:01:48,390 - INFO - [AUDIT] - Action: 0, Confidence: 1.0000, Safety Mode: SAFE_HOLD, Override: Safe hold mode active
2025-05-28 04:01:48,390 - INFO - [AUDIT] - Action: 0, Confidence: 1.0000, Safety Mode: SAFE_HOLD, Override: Safe hold mode active
2025-05-28 04:01:48,390 - INFO - [AUDIT] - Action: 0, Confidence: 1.0000, Safety Mode: SAFE_HOLD, Override: Safe hold mode active
2025-05-28 04:01:48,391 - INFO - [AUDIT] - Action: 0, Confidence: 1.0000, Safety Mode: SAFE_HOLD, Override: Safe hold mode active
2025-05-28 04:01:48,391 - INFO - [AUDIT] - Action: 0, Confidence: 1.0000, Safety Mode: SAFE_HOLD, Override: Safe hold mode active
2025-05-28 04:01:48,391 - INFO - [AUDIT] - Action: 0, Confidence: 1.0000, Safety Mode: SAFE_HOLD, Override: Safe hold mode active
2025-05-28 04:01:48,391 - INFO - [AUDIT] - Action: 0, Confidence: 1.0000, Safety Mode: SAFE_HOLD, Override: Safe hold mode active
2025-05-28 04:01:48,391 - INFO - [AUDIT] - Action: 0, Confidence: 1.0000, Safety Mode: SAFE_HOLD, Override: Safe hold mode active
2025-05-28 04:01:48,392 - INFO - [AUDIT] - Action: 0, Confidence: 1.0000, Safety Mode: SAFE_HOLD, Override: Safe hold mode active
2025-05-28 04:01:48,392 - INFO - [AUDIT] - Action: 0, Confidence: 1.0000, Safety Mode: SAFE_HOLD, Override: Safe hold mode active
2025-05-28 04:01:48,392 - INFO - [AUDIT] - Action: 0, Confidence: 1.0000, Safety Mode: SAFE_HOLD, Override: Safe hold mode active
2025-05-28 04:01:48,392 - INFO - [AUDIT] - Action: 0, Confidence: 1.0000, Safety Mode: SAFE_HOLD, Override: Safe hold mode active
2025-05-28 04:01:48,392 - INFO - [AUDIT] - Action: 0, Confidence: 1.0000, Safety Mode: SAFE_HOLD, Override: Safe hold mode active
2025-05-28 04:01:48,393 - INFO - [AUDIT] - Action: 0, Confidence: 1.0000, Safety Mode: SAFE_HOLD, Override: Safe hold mode active
2025-05-28 04:01:48,393 - INFO - [AUDIT] - Action: 0, Confidence: 1.0000, Safety Mode: SAFE_HOLD, Override: Safe hold mode active
2025-05-28 04:01:48,393 - INFO - [AUDIT] - Action: 0, Confidence: 1.0000, Safety Mode: SAFE_HOLD, Override: Safe hold mode active
2025-05-28 04:01:48,393 - INFO - [AUDIT] - Action: 0, Confidence: 1.0000, Safety Mode: SAFE_HOLD, Override: Safe hold mode active
2025-05-28 04:01:48,393 - INFO - [AUDIT] - Action: 0, Confidence: 1.0000, Safety Mode: SAFE_HOLD, Override: Safe hold mode active
2025-05-28 04:01:48,394 - INFO - [AUDIT] - Action: 0, Confidence: 1.0000, Safety Mode: SAFE_HOLD, Override: Safe hold mode active
2025-05-28 04:01:48,394 - INFO - [AUDIT] - Action: 0, Confidence: 1.0000, Safety Mode: SAFE_HOLD, Override: Safe hold mode active
2025-05-28 04:01:48,394 - INFO - [AUDIT] - Action: 0, Confidence: 1.0000, Safety Mode: SAFE_HOLD, Override: Safe hold mode active
2025-05-28 04:01:48,394 - INFO - [AUDIT] - Action: 0, Confidence: 1.0000, Safety Mode: SAFE_HOLD, Override: Safe hold mode active
2025-05-28 04:01:48,394 - INFO - [AUDIT] - Action: 0, Confidence: 1.0000, Safety Mode: SAFE_HOLD, Override: Safe hold mode active
2025-05-28 04:01:48,394 - INFO - [AUDIT] - Action: 0, Confidence: 1.0000, Safety Mode: SAFE_HOLD, Override: Safe hold mode active
2025-05-28 04:01:48,395 - INFO - [AUDIT] - Action: 0, Confidence: 1.0000, Safety Mode: SAFE_HOLD, Override: Safe hold mode active
2025-05-28 04:01:48,395 - INFO - [AUDIT] - Action: 0, Confidence: 1.0000, Safety Mode: SAFE_HOLD, Override: Safe hold mode active
2025-05-28 04:01:48,395 - INFO - [AUDIT] - Action: 0, Confidence: 1.0000, Safety Mode: SAFE_HOLD, Override: Safe hold mode active
2025-05-28 04:01:48,395 - INFO - [AUDIT] - Action: 0, Confidence: 1.0000, Safety Mode: SAFE_HOLD, Override: Safe hold mode active
2025-05-28 04:01:48,395 - INFO - [AUDIT] - Action: 0, Confidence: 1.0000, Safety Mode: SAFE_HOLD, Override: Safe hold mode active
2025-05-28 04:01:48,396 - INFO - [AUDIT] - Action: 0, Confidence: 1.0000, Safety Mode: SAFE_HOLD, Override: Safe hold mode active
2025-05-28 04:01:48,396 - INFO - [AUDIT] - Action: 0, Confidence: 1.0000, Safety Mode: SAFE_HOLD, Override: Safe hold mode active
2025-05-28 04:01:48,396 - INFO - [AUDIT] - Action: 0, Confidence: 1.0000, Safety Mode: SAFE_HOLD, Override: Safe hold mode active
2025-05-28 04:01:48,396 - INFO - [AUDIT] - Action: 0, Confidence: 1.0000, Safety Mode: SAFE_HOLD, Override: Safe hold mode active
2025-05-28 04:01:48,396 - INFO - [AUDIT] - Action: 0, Confidence: 1.0000, Safety Mode: SAFE_HOLD, Override: Safe hold mode active
2025-05-28 04:01:48,397 - INFO - [AUDIT] - Action: 0, Confidence: 1.0000, Safety Mode: SAFE_HOLD, Override: Safe hold mode active
2025-05-28 04:01:48,397 - INFO - [AUDIT] - Action: 0, Confidence: 1.0000, Safety Mode: SAFE_HOLD, Override: Safe hold mode active
2025-05-28 04:01:48,397 - INFO - [AUDIT] - Action: 0, Confidence: 1.0000, Safety Mode: SAFE_HOLD, Override: Safe hold mode active
2025-05-28 04:01:48,397 - INFO - [AUDIT] - Action: 0, Confidence: 1.0000, Safety Mode: SAFE_HOLD, Override: Safe hold mode active
2025-05-28 04:01:48,397 - INFO - [AUDIT] - Action: 0, Confidence: 1.0000, Safety Mode: SAFE_HOLD, Override: Safe hold mode active
2025-05-28 04:01:48,398 - INFO - [AUDIT] - Action: 0, Confidence: 1.0000, Safety Mode: SAFE_HOLD, Override: Safe hold mode active
2025-05-28 04:01:48,398 - INFO - [AUDIT] - Action: 0, Confidence: 1.0000, Safety Mode: SAFE_HOLD, Override: Safe hold mode active
2025-05-28 04:01:48,398 - INFO - [AUDIT] - Action: 0, Confidence: 1.0000, Safety Mode: SAFE_HOLD, Override: Safe hold mode active
2025-05-28 04:01:48,398 - INFO - [AUDIT] - Action: 0, Confidence: 1.0000, Safety Mode: SAFE_HOLD, Override: Safe hold mode active
2025-05-28 04:01:48,398 - INFO - [AUDIT] - Action: 0, Confidence: 1.0000, Safety Mode: SAFE_HOLD, Override: Safe hold mode active
2025-05-28 04:01:48,398 - INFO - [AUDIT] - Action: 0, Confidence: 1.0000, Safety Mode: SAFE_HOLD, Override: Safe hold mode active
2025-05-28 04:01:48,399 - INFO - [AUDIT] - Action: 0, Confidence: 1.0000, Safety Mode: SAFE_HOLD, Override: Safe hold mode active
2025-05-28 04:01:48,399 - INFO - [AUDIT] - Action: 0, Confidence: 1.0000, Safety Mode: SAFE_HOLD, Override: Safe hold mode active
2025-05-28 04:01:48,399 - INFO - [AUDIT] - Action: 0, Confidence: 1.0000, Safety Mode: SAFE_HOLD, Override: Safe hold mode active
2025-05-28 04:01:48,399 - INFO - [AUDIT] - Action: 0, Confidence: 1.0000, Safety Mode: SAFE_HOLD, Override: Safe hold mode active
2025-05-28 04:01:48,399 - INFO - [AUDIT] - Action: 0, Confidence: 1.0000, Safety Mode: SAFE_HOLD, Override: Safe hold mode active
2025-05-28 04:01:48,400 - INFO - [AUDIT] - Action: 0, Confidence: 1.0000, Safety Mode: SAFE_HOLD, Override: Safe hold mode active
2025-05-28 04:01:48,400 - INFO - [AUDIT] - Action: 0, Confidence: 1.0000, Safety Mode: SAFE_HOLD, Override: Safe hold mode active
2025-05-28 04:01:48,400 - INFO - [AUDIT] - Action: 0, Confidence: 1.0000, Safety Mode: SAFE_HOLD, Override: Safe hold mode active
2025-05-28 04:01:48,400 - INFO - [AUDIT] - Action: 0, Confidence: 1.0000, Safety Mode: SAFE_HOLD, Override: Safe hold mode active
2025-05-28 04:01:48,401 - INFO - [AUDIT] - Action: 0, Confidence: 1.0000, Safety Mode: SAFE_HOLD, Override: Safe hold mode active
2025-05-28 04:01:48,401 - INFO - [AUDIT] - Action: 0, Confidence: 1.0000, Safety Mode: SAFE_HOLD, Override: Safe hold mode active
2025-05-28 04:01:48,401 - INFO - [AUDIT] - Action: 0, Confidence: 1.0000, Safety Mode: SAFE_HOLD, Override: Safe hold mode active
2025-05-28 04:01:48,401 - INFO - [AUDIT] - Action: 0, Confidence: 1.0000, Safety Mode: SAFE_HOLD, Override: Safe hold mode active
2025-05-28 04:01:48,401 - INFO - [AUDIT] - Action: 0, Confidence: 1.0000, Safety Mode: SAFE_HOLD, Override: Safe hold mode active
2025-05-28 04:01:48,402 - INFO - [AUDIT] - Action: 0, Confidence: 1.0000, Safety Mode: SAFE_HOLD, Override: Safe hold mode active
2025-05-28 04:01:48,402 - INFO - [AUDIT] - Action: 0, Confidence: 1.0000, Safety Mode: SAFE_HOLD, Override: Safe hold mode active
2025-05-28 04:01:48,402 - INFO - [AUDIT] - Action: 0, Confidence: 1.0000, Safety Mode: SAFE_HOLD, Override: Safe hold mode active
2025-05-28 04:01:48,402 - INFO - [AUDIT] - Action: 0, Confidence: 1.0000, Safety Mode: SAFE_HOLD, Override: Safe hold mode active
2025-05-28 04:01:48,402 - INFO - [AUDIT] - Action: 0, Confidence: 1.0000, Safety Mode: SAFE_HOLD, Override: Safe hold mode active
2025-05-28 04:01:48,403 - INFO - [AUDIT] - Action: 0, Confidence: 1.0000, Safety Mode: SAFE_HOLD, Override: Safe hold mode active
2025-05-28 04:01:48,403 - INFO - [AUDIT] - Action: 0, Confidence: 1.0000, Safety Mode: SAFE_HOLD, Override: Safe hold mode active
2025-05-28 04:01:48,403 - INFO - [AUDIT] - Action: 0, Confidence: 1.0000, Safety Mode: SAFE_HOLD, Override: Safe hold mode active
2025-05-28 04:01:48,403 - INFO - [AUDIT] - Action: 0, Confidence: 1.0000, Safety Mode: SAFE_HOLD, Override: Safe hold mode active
2025-05-28 04:01:48,403 - INFO - [AUDIT] - Action: 0, Confidence: 1.0000, Safety Mode: SAFE_HOLD, Override: Safe hold mode active
2025-05-28 04:01:48,404 - INFO - [AUDIT] - Action: 0, Confidence: 1.0000, Safety Mode: SAFE_HOLD, Override: Safe hold mode active
2025-05-28 04:01:48,404 - INFO - [AUDIT] - Action: 0, Confidence: 1.0000, Safety Mode: SAFE_HOLD, Override: Safe hold mode active
2025-05-28 04:01:48,404 - INFO - [AUDIT] - Action: 0, Confidence: 1.0000, Safety Mode: SAFE_HOLD, Override: Safe hold mode active
2025-05-28 04:01:48,404 - INFO - [AUDIT] - Action: 0, Confidence: 1.0000, Safety Mode: SAFE_HOLD, Override: Safe hold mode active
2025-05-28 04:01:48,404 - INFO - [AUDIT] - Action: 0, Confidence: 1.0000, Safety Mode: SAFE_HOLD, Override: Safe hold mode active
2025-05-28 04:01:48,405 - INFO - [AUDIT] - Action: 0, Confidence: 1.0000, Safety Mode: SAFE_HOLD, Override: Safe hold mode active
2025-05-28 04:01:48,405 - INFO - [AUDIT] - Action: 0, Confidence: 1.0000, Safety Mode: SAFE_HOLD, Override: Safe hold mode active
2025-05-28 04:01:48,405 - INFO - [AUDIT] - Action: 0, Confidence: 1.0000, Safety Mode: SAFE_HOLD, Override: Safe hold mode active
2025-05-28 04:01:48,405 - INFO - [AUDIT] - Action: 0, Confidence: 1.0000, Safety Mode: SAFE_HOLD, Override: Safe hold mode active
2025-05-28 04:01:48,405 - INFO - [AUDIT] - Action: 0, Confidence: 1.0000, Safety Mode: SAFE_HOLD, Override: Safe hold mode active
2025-05-28 04:01:48,406 - INFO - [AUDIT] - Action: 0, Confidence: 1.0000, Safety Mode: SAFE_HOLD, Override: Safe hold mode active
2025-05-28 04:01:48,406 - INFO - [AUDIT] - Action: 0, Confidence: 1.0000, Safety Mode: SAFE_HOLD, Override: Safe hold mode active
2025-05-28 04:01:48,406 - INFO - [AUDIT] - Action: 0, Confidence: 1.0000, Safety Mode: SAFE_HOLD, Override: Safe hold mode active
2025-05-28 04:01:48,406 - INFO - [AUDIT] - Action: 0, Confidence: 1.0000, Safety Mode: SAFE_HOLD, Override: Safe hold mode active
2025-05-28 04:01:48,406 - INFO - [AUDIT] - Action: 0, Confidence: 1.0000, Safety Mode: SAFE_HOLD, Override: Safe hold mode active
2025-05-28 04:01:48,407 - INFO - [AUDIT] - Action: 0, Confidence: 1.0000, Safety Mode: SAFE_HOLD, Override: Safe hold mode active
2025-05-28 04:01:48,407 - INFO - [AUDIT] - Action: 0, Confidence: 1.0000, Safety Mode: SAFE_HOLD, Override: Safe hold mode active
2025-05-28 04:01:48,407 - INFO - [AUDIT] - Action: 0, Confidence: 1.0000, Safety Mode: SAFE_HOLD, Override: Safe hold mode active
2025-05-28 04:01:48,407 - INFO - [AUDIT] - Action: 0, Confidence: 1.0000, Safety Mode: SAFE_HOLD, Override: Safe hold mode active
2025-05-28 04:01:48,407 - INFO - [AUDIT] - Action: 0, Confidence: 1.0000, Safety Mode: SAFE_HOLD, Override: Safe hold mode active
2025-05-28 04:01:48,408 - INFO - [AUDIT] - Action: 0, Confidence: 1.0000, Safety Mode: SAFE_HOLD, Override: Safe hold mode active
2025-05-28 04:01:48,408 - INFO - [AUDIT] - Action: 0, Confidence: 1.0000, Safety Mode: SAFE_HOLD, Override: Safe hold mode active
2025-05-28 04:01:48,408 - INFO - [AUDIT] - Action: 0, Confidence: 1.0000, Safety Mode: SAFE_HOLD, Override: Safe hold mode active
2025-05-28 04:01:48,408 - INFO - [AUDIT] - Action: 0, Confidence: 1.0000, Safety Mode: SAFE_HOLD, Override: Safe hold mode active
2025-05-28 04:01:48,408 - INFO - [AUDIT] - Action: 0, Confidence: 1.0000, Safety Mode: SAFE_HOLD, Override: Safe hold mode active
2025-05-28 04:01:48,409 - INFO - [AUDIT] - Action: 0, Confidence: 1.0000, Safety Mode: SAFE_HOLD, Override: Safe hold mode active
2025-05-28 04:01:48,409 - INFO - [AUDIT] - Action: 0, Confidence: 1.0000, Safety Mode: SAFE_HOLD, Override: Safe hold mode active
2025-05-28 04:01:48,409 - INFO - [AUDIT] - Action: 0, Confidence: 1.0000, Safety Mode: SAFE_HOLD, Override: Safe hold mode active
2025-05-28 04:01:48,409 - INFO - [AUDIT] - Action: 0, Confidence: 1.0000, Safety Mode: SAFE_HOLD, Override: Safe hold mode active
2025-05-28 04:01:48,409 - INFO - [AUDIT] - Action: 0, Confidence: 1.0000, Safety Mode: SAFE_HOLD, Override: Safe hold mode active
2025-05-28 04:01:48,410 - INFO - [AUDIT] - Action: 0, Confidence: 1.0000, Safety Mode: SAFE_HOLD, Override: Safe hold mode active
2025-05-28 04:01:48,410 - INFO - [AUDIT] - Action: 0, Confidence: 1.0000, Safety Mode: SAFE_HOLD, Override: Safe hold mode active
2025-05-28 04:01:48,410 - INFO - [AUDIT] - Action: 0, Confidence: 1.0000, Safety Mode: SAFE_HOLD, Override: Safe hold mode active
2025-05-28 04:01:48,410 - INFO - [AUDIT] - Action: 0, Confidence: 1.0000, Safety Mode: SAFE_HOLD, Override: Safe hold mode active
2025-05-28 04:01:48,410 - INFO - [AUDIT] - Action: 0, Confidence: 1.0000, Safety Mode: SAFE_HOLD, Override: Safe hold mode active
2025-05-28 04:01:48,411 - INFO - [AUDIT] - Action: 0, Confidence: 1.0000, Safety Mode: SAFE_HOLD, Override: Safe hold mode active
2025-05-28 04:01:48,411 - INFO - [AUDIT] - Action: 0, Confidence: 1.0000, Safety Mode: SAFE_HOLD, Override: Safe hold mode active
2025-05-28 04:01:48,411 - INFO - [AUDIT] - Action: 0, Confidence: 1.0000, Safety Mode: SAFE_HOLD, Override: Safe hold mode active
2025-05-28 04:01:48,411 - INFO - [AUDIT] - Action: 0, Confidence: 1.0000, Safety Mode: SAFE_HOLD, Override: Safe hold mode active
2025-05-28 04:01:48,411 - INFO - [AUDIT] - Action: 0, Confidence: 1.0000, Safety Mode: SAFE_HOLD, Override: Safe hold mode active
2025-05-28 04:01:48,412 - INFO - [AUDIT] - Action: 0, Confidence: 1.0000, Safety Mode: SAFE_HOLD, Override: Safe hold mode active
2025-05-28 04:01:48,412 - INFO - [AUDIT] - Action: 0, Confidence: 1.0000, Safety Mode: SAFE_HOLD, Override: Safe hold mode active
2025-05-28 04:01:48,412 - INFO - [AUDIT] - Action: 0, Confidence: 1.0000, Safety Mode: SAFE_HOLD, Override: Safe hold mode active
2025-05-28 04:01:48,412 - INFO - [AUDIT] - Action: 0, Confidence: 1.0000, Safety Mode: SAFE_HOLD, Override: Safe hold mode active
2025-05-28 04:01:48,412 - INFO - [AUDIT] - Action: 0, Confidence: 1.0000, Safety Mode: SAFE_HOLD, Override: Safe hold mode active
2025-05-28 04:01:48,412 - INFO - [AUDIT] - Action: 0, Confidence: 1.0000, Safety Mode: SAFE_HOLD, Override: Safe hold mode active
2025-05-28 04:01:48,413 - INFO - [AUDIT] - Action: 0, Confidence: 1.0000, Safety Mode: SAFE_HOLD, Override: Safe hold mode active
2025-05-28 04:01:48,413 - INFO - [AUDIT] - Action: 0, Confidence: 1.0000, Safety Mode: SAFE_HOLD, Override: Safe hold mode active
2025-05-28 04:01:48,413 - INFO - [AUDIT] - Action: 0, Confidence: 1.0000, Safety Mode: SAFE_HOLD, Override: Safe hold mode active
2025-05-28 04:01:48,413 - INFO - [AUDIT] - Action: 0, Confidence: 1.0000, Safety Mode: SAFE_HOLD, Override: Safe hold mode active
2025-05-28 04:01:48,413 - INFO - [AUDIT] - Action: 0, Confidence: 1.0000, Safety Mode: SAFE_HOLD, Override: Safe hold mode active
2025-05-28 04:01:48,414 - INFO - [AUDIT] - Action: 0, Confidence: 1.0000, Safety Mode: SAFE_HOLD, Override: Safe hold mode active
2025-05-28 04:01:48,414 - INFO - [AUDIT] - Action: 0, Confidence: 1.0000, Safety Mode: SAFE_HOLD, Override: Safe hold mode active
2025-05-28 04:01:48,414 - INFO - [AUDIT] - Action: 0, Confidence: 1.0000, Safety Mode: SAFE_HOLD, Override: Safe hold mode active
2025-05-28 04:01:48,414 - INFO - [AUDIT] - Action: 0, Confidence: 1.0000, Safety Mode: SAFE_HOLD, Override: Safe hold mode active
2025-05-28 04:01:48,414 - INFO - [AUDIT] - Action: 0, Confidence: 1.0000, Safety Mode: SAFE_HOLD, Override: Safe hold mode active
2025-05-28 04:01:48,415 - INFO - [AUDIT] - Action: 0, Confidence: 1.0000, Safety Mode: SAFE_HOLD, Override: Safe hold mode active
2025-05-28 04:01:48,415 - INFO - [AUDIT] - Action: 0, Confidence: 1.0000, Safety Mode: SAFE_HOLD, Override: Safe hold mode active
2025-05-28 04:01:48,415 - INFO - [AUDIT] - Action: 0, Confidence: 1.0000, Safety Mode: SAFE_HOLD, Override: Safe hold mode active
2025-05-28 04:01:48,415 - INFO - [AUDIT] - Action: 0, Confidence: 1.0000, Safety Mode: SAFE_HOLD, Override: Safe hold mode active
2025-05-28 04:01:48,415 - INFO - [AUDIT] - Action: 0, Confidence: 1.0000, Safety Mode: SAFE_HOLD, Override: Safe hold mode active
2025-05-28 04:01:48,416 - INFO - [AUDIT] - Action: 0, Confidence: 1.0000, Safety Mode: SAFE_HOLD, Override: Safe hold mode active
2025-05-28 04:01:48,416 - INFO - [AUDIT] - Action: 0, Confidence: 1.0000, Safety Mode: SAFE_HOLD, Override: Safe hold mode active
2025-05-28 04:01:48,416 - INFO - [AUDIT] - Action: 0, Confidence: 1.0000, Safety Mode: SAFE_HOLD, Override: Safe hold mode active
2025-05-28 04:01:48,416 - INFO - [AUDIT] - Action: 0, Confidence: 1.0000, Safety Mode: SAFE_HOLD, Override: Safe hold mode active
2025-05-28 04:01:48,416 - INFO - [AUDIT] - Action: 0, Confidence: 1.0000, Safety Mode: SAFE_HOLD, Override: Safe hold mode active
2025-05-28 04:01:48,417 - INFO - [AUDIT] - Action: 0, Confidence: 1.0000, Safety Mode: SAFE_HOLD, Override: Safe hold mode active
2025-05-28 04:01:48,417 - INFO - [AUDIT] - Action: 0, Confidence: 1.0000, Safety Mode: SAFE_HOLD, Override: Safe hold mode active
2025-05-28 04:01:48,417 - INFO - [AUDIT] - Action: 0, Confidence: 1.0000, Safety Mode: SAFE_HOLD, Override: Safe hold mode active
2025-05-28 04:01:48,417 - INFO - [AUDIT] - Action: 0, Confidence: 1.0000, Safety Mode: SAFE_HOLD, Override: Safe hold mode active
2025-05-28 04:01:48,418 - INFO - [AUDIT] - Action: 0, Confidence: 1.0000, Safety Mode: SAFE_HOLD, Override: Safe hold mode active
2025-05-28 04:01:48,418 - INFO - [AUDIT] - Action: 0, Confidence: 1.0000, Safety Mode: SAFE_HOLD, Override: Safe hold mode active
2025-05-28 04:01:48,418 - INFO - [AUDIT] - Action: 0, Confidence: 1.0000, Safety Mode: SAFE_HOLD, Override: Safe hold mode active
2025-05-28 04:01:48,418 - INFO - [AUDIT] - Action: 0, Confidence: 1.0000, Safety Mode: SAFE_HOLD, Override: Safe hold mode active
2025-05-28 04:01:48,418 - INFO - [AUDIT] - Action: 0, Confidence: 1.0000, Safety Mode: SAFE_HOLD, Override: Safe hold mode active
2025-05-28 04:01:48,419 - INFO - [AUDIT] - Action: 0, Confidence: 1.0000, Safety Mode: SAFE_HOLD, Override: Safe hold mode active
2025-05-28 04:01:48,419 - INFO - [AUDIT] - Action: 0, Confidence: 1.0000, Safety Mode: SAFE_HOLD, Override: Safe hold mode active
2025-05-28 04:01:48,419 - INFO - [AUDIT] - Action: 0, Confidence: 1.0000, Safety Mode: SAFE_HOLD, Override: Safe hold mode active
2025-05-28 04:01:48,419 - INFO - [AUDIT] - Action: 0, Confidence: 1.0000, Safety Mode: SAFE_HOLD, Override: Safe hold mode active
2025-05-28 04:01:48,419 - INFO - [AUDIT] - Action: 0, Confidence: 1.0000, Safety Mode: SAFE_HOLD, Override: Safe hold mode active
2025-05-28 04:01:48,420 - INFO - [AUDIT] - Action: 0, Confidence: 1.0000, Safety Mode: SAFE_HOLD, Override: Safe hold mode active
2025-05-28 04:01:48,420 - INFO - [AUDIT] - Action: 0, Confidence: 1.0000, Safety Mode: SAFE_HOLD, Override: Safe hold mode active
2025-05-28 04:01:48,420 - INFO - [AUDIT] - Action: 0, Confidence: 1.0000, Safety Mode: SAFE_HOLD, Override: Safe hold mode active
2025-05-28 04:01:48,420 - INFO - [AUDIT] - Action: 0, Confidence: 1.0000, Safety Mode: SAFE_HOLD, Override: Safe hold mode active
2025-05-28 04:01:48,420 - INFO - [AUDIT] - Action: 0, Confidence: 1.0000, Safety Mode: SAFE_HOLD, Override: Safe hold mode active
2025-05-28 04:01:48,421 - INFO - [AUDIT] - Action: 0, Confidence: 1.0000, Safety Mode: SAFE_HOLD, Override: Safe hold mode active
2025-05-28 04:01:48,421 - INFO - [AUDIT] - Action: 0, Confidence: 1.0000, Safety Mode: SAFE_HOLD, Override: Safe hold mode active
2025-05-28 04:01:48,421 - INFO - [AUDIT] - Action: 0, Confidence: 1.0000, Safety Mode: SAFE_HOLD, Override: Safe hold mode active
2025-05-28 04:01:48,421 - INFO - [AUDIT] - Action: 0, Confidence: 1.0000, Safety Mode: SAFE_HOLD, Override: Safe hold mode active
2025-05-28 04:01:48,421 - INFO - [AUDIT] - Action: 0, Confidence: 1.0000, Safety Mode: SAFE_HOLD, Override: Safe hold mode active
2025-05-28 04:01:48,421 - INFO - [AUDIT] - Action: 0, Confidence: 1.0000, Safety Mode: SAFE_HOLD, Override: Safe hold mode active
2025-05-28 04:01:48,422 - INFO - [AUDIT] - Action: 0, Confidence: 1.0000, Safety Mode: SAFE_HOLD, Override: Safe hold mode active
2025-05-28 04:01:48,422 - INFO - [AUDIT] - Action: 0, Confidence: 1.0000, Safety Mode: SAFE_HOLD, Override: Safe hold mode active
2025-05-28 04:01:48,422 - INFO - [AUDIT] - Action: 0, Confidence: 1.0000, Safety Mode: SAFE_HOLD, Override: Safe hold mode active
2025-05-28 04:01:48,422 - INFO - [AUDIT] - Action: 0, Confidence: 1.0000, Safety Mode: SAFE_HOLD, Override: Safe hold mode active
2025-05-28 04:01:48,422 - INFO - [AUDIT] - Action: 0, Confidence: 1.0000, Safety Mode: SAFE_HOLD, Override: Safe hold mode active
2025-05-28 04:01:48,423 - INFO - [AUDIT] - Action: 0, Confidence: 1.0000, Safety Mode: SAFE_HOLD, Override: Safe hold mode active
2025-05-28 04:01:48,423 - INFO - [AUDIT] - Action: 0, Confidence: 1.0000, Safety Mode: SAFE_HOLD, Override: Safe hold mode active
2025-05-28 04:01:48,423 - INFO - [AUDIT] - Action: 0, Confidence: 1.0000, Safety Mode: SAFE_HOLD, Override: Safe hold mode active
2025-05-28 04:01:48,423 - INFO - [AUDIT] - Action: 0, Confidence: 1.0000, Safety Mode: SAFE_HOLD, Override: Safe hold mode active
2025-05-28 04:01:48,423 - INFO - [AUDIT] - Action: 0, Confidence: 1.0000, Safety Mode: SAFE_HOLD, Override: Safe hold mode active
2025-05-28 04:01:48,424 - INFO - [AUDIT] - Action: 0, Confidence: 1.0000, Safety Mode: SAFE_HOLD, Override: Safe hold mode active
2025-05-28 04:01:48,424 - INFO - [AUDIT] - Action: 0, Confidence: 1.0000, Safety Mode: SAFE_HOLD, Override: Safe hold mode active
2025-05-28 04:01:48,424 - INFO - [AUDIT] - Action: 0, Confidence: 1.0000, Safety Mode: SAFE_HOLD, Override: Safe hold mode active
2025-05-28 04:01:48,424 - INFO - [AUDIT] - Action: 0, Confidence: 1.0000, Safety Mode: SAFE_HOLD, Override: Safe hold mode active
2025-05-28 04:01:48,424 - INFO - [AUDIT] - Action: 0, Confidence: 1.0000, Safety Mode: SAFE_HOLD, Override: Safe hold mode active
2025-05-28 04:01:48,425 - INFO - [AUDIT] - Action: 0, Confidence: 1.0000, Safety Mode: SAFE_HOLD, Override: Safe hold mode active
2025-05-28 04:01:48,425 - INFO - [AUDIT] - Action: 0, Confidence: 1.0000, Safety Mode: SAFE_HOLD, Override: Safe hold mode active
2025-05-28 04:01:48,425 - INFO - [AUDIT] - Action: 0, Confidence: 1.0000, Safety Mode: SAFE_HOLD, Override: Safe hold mode active
2025-05-28 04:01:48,425 - INFO - [AUDIT] - Action: 0, Confidence: 1.0000, Safety Mode: SAFE_HOLD, Override: Safe hold mode active
2025-05-28 04:01:48,425 - INFO - [AUDIT] - Action: 0, Confidence: 1.0000, Safety Mode: SAFE_HOLD, Override: Safe hold mode active
2025-05-28 04:01:48,425 - INFO - [AUDIT] - Action: 0, Confidence: 1.0000, Safety Mode: SAFE_HOLD, Override: Safe hold mode active
2025-05-28 04:01:48,426 - INFO - [AUDIT] - Action: 0, Confidence: 1.0000, Safety Mode: SAFE_HOLD, Override: Safe hold mode active
2025-05-28 04:01:48,426 - INFO - [AUDIT] - Action: 0, Confidence: 1.0000, Safety Mode: SAFE_HOLD, Override: Safe hold mode active
2025-05-28 04:01:48,426 - INFO - [AUDIT] - Action: 0, Confidence: 1.0000, Safety Mode: SAFE_HOLD, Override: Safe hold mode active
2025-05-28 04:01:48,426 - INFO - [AUDIT] - Action: 0, Confidence: 1.0000, Safety Mode: SAFE_HOLD, Override: Safe hold mode active
2025-05-28 04:01:48,426 - INFO - [AUDIT] - Action: 0, Confidence: 1.0000, Safety Mode: SAFE_HOLD, Override: Safe hold mode active
2025-05-28 04:01:48,427 - INFO - [AUDIT] - Action: 0, Confidence: 1.0000, Safety Mode: SAFE_HOLD, Override: Safe hold mode active
2025-05-28 04:01:48,427 - INFO - [AUDIT] - Action: 0, Confidence: 1.0000, Safety Mode: SAFE_HOLD, Override: Safe hold mode active
2025-05-28 04:01:48,427 - INFO - [AUDIT] - Action: 0, Confidence: 1.0000, Safety Mode: SAFE_HOLD, Override: Safe hold mode active
2025-05-28 04:01:48,427 - INFO - [AUDIT] - Action: 0, Confidence: 1.0000, Safety Mode: SAFE_HOLD, Override: Safe hold mode active
2025-05-28 04:01:48,427 - INFO - [AUDIT] - Action: 0, Confidence: 1.0000, Safety Mode: SAFE_HOLD, Override: Safe hold mode active
2025-05-28 04:01:48,428 - INFO - [AUDIT] - Action: 0, Confidence: 1.0000, Safety Mode: SAFE_HOLD, Override: Safe hold mode active
2025-05-28 04:01:48,428 - INFO - [AUDIT] - Action: 0, Confidence: 1.0000, Safety Mode: SAFE_HOLD, Override: Safe hold mode active
2025-05-28 04:01:48,428 - INFO - [AUDIT] - Action: 0, Confidence: 1.0000, Safety Mode: SAFE_HOLD, Override: Safe hold mode active
2025-05-28 04:01:48,428 - INFO - [AUDIT] - Action: 0, Confidence: 1.0000, Safety Mode: SAFE_HOLD, Override: Safe hold mode active
2025-05-28 04:01:48,428 - INFO - [AUDIT] - Action: 0, Confidence: 1.0000, Safety Mode: SAFE_HOLD, Override: Safe hold mode active
2025-05-28 04:01:48,429 - INFO - [AUDIT] - Action: 0, Confidence: 1.0000, Safety Mode: SAFE_HOLD, Override: Safe hold mode active
2025-05-28 04:01:48,429 - INFO - [AUDIT] - Action: 0, Confidence: 1.0000, Safety Mode: SAFE_HOLD, Override: Safe hold mode active
2025-05-28 04:01:48,429 - INFO - [AUDIT] - Action: 0, Confidence: 1.0000, Safety Mode: SAFE_HOLD, Override: Safe hold mode active
2025-05-28 04:01:48,429 - INFO - [AUDIT] - Action: 0, Confidence: 1.0000, Safety Mode: SAFE_HOLD, Override: Safe hold mode active
2025-05-28 04:01:48,429 - INFO - [AUDIT] - Action: 0, Confidence: 1.0000, Safety Mode: SAFE_HOLD, Override: Safe hold mode active
2025-05-28 04:01:48,430 - INFO - [AUDIT] - Action: 0, Confidence: 1.0000, Safety Mode: SAFE_HOLD, Override: Safe hold mode active
2025-05-28 04:01:48,430 - INFO - [AUDIT] - Action: 0, Confidence: 1.0000, Safety Mode: SAFE_HOLD, Override: Safe hold mode active
2025-05-28 04:01:48,430 - INFO - [AUDIT] - Action: 0, Confidence: 1.0000, Safety Mode: SAFE_HOLD, Override: Safe hold mode active
2025-05-28 04:01:48,430 - INFO - [AUDIT] - Action: 0, Confidence: 1.0000, Safety Mode: SAFE_HOLD, Override: Safe hold mode active
2025-05-28 04:01:48,430 - INFO - [AUDIT] - Action: 0, Confidence: 1.0000, Safety Mode: SAFE_HOLD, Override: Safe hold mode active
2025-05-28 04:01:48,430 - INFO - [AUDIT] - Action: 0, Confidence: 1.0000, Safety Mode: SAFE_HOLD, Override: Safe hold mode active
2025-05-28 04:01:48,431 - INFO - [AUDIT] - Action: 0, Confidence: 1.0000, Safety Mode: SAFE_HOLD, Override: Safe hold mode active
2025-05-28 04:01:48,431 - INFO - [AUDIT] - Action: 0, Confidence: 1.0000, Safety Mode: SAFE_HOLD, Override: Safe hold mode active
2025-05-28 04:01:48,431 - INFO - [AUDIT] - Action: 0, Confidence: 1.0000, Safety Mode: SAFE_HOLD, Override: Safe hold mode active
2025-05-28 04:01:48,431 - INFO - [AUDIT] - Action: 0, Confidence: 1.0000, Safety Mode: SAFE_HOLD, Override: Safe hold mode active
2025-05-28 04:01:48,431 - INFO - [AUDIT] - Action: 0, Confidence: 1.0000, Safety Mode: SAFE_HOLD, Override: Safe hold mode active
2025-05-28 04:01:48,432 - INFO - [AUDIT] - Action: 0, Confidence: 1.0000, Safety Mode: SAFE_HOLD, Override: Safe hold mode active
2025-05-28 04:01:48,432 - INFO - [AUDIT] - Action: 0, Confidence: 1.0000, Safety Mode: SAFE_HOLD, Override: Safe hold mode active
2025-05-28 04:01:48,432 - INFO - [AUDIT] - Action: 0, Confidence: 1.0000, Safety Mode: SAFE_HOLD, Override: Safe hold mode active
2025-05-28 04:01:48,432 - INFO - [AUDIT] - Action: 0, Confidence: 1.0000, Safety Mode: SAFE_HOLD, Override: Safe hold mode active
2025-05-28 04:01:48,432 - INFO - [AUDIT] - Action: 0, Confidence: 1.0000, Safety Mode: SAFE_HOLD, Override: Safe hold mode active
2025-05-28 04:01:48,433 - INFO - [AUDIT] - Action: 0, Confidence: 1.0000, Safety Mode: SAFE_HOLD, Override: Safe hold mode active
2025-05-28 04:01:48,433 - INFO - [AUDIT] - Action: 0, Confidence: 1.0000, Safety Mode: SAFE_HOLD, Override: Safe hold mode active
2025-05-28 04:01:48,433 - INFO - [AUDIT] - Action: 0, Confidence: 1.0000, Safety Mode: SAFE_HOLD, Override: Safe hold mode active
2025-05-28 04:01:48,433 - INFO - [AUDIT] - Action: 0, Confidence: 1.0000, Safety Mode: SAFE_HOLD, Override: Safe hold mode active
2025-05-28 04:01:48,434 - INFO - [AUDIT] - Action: 0, Confidence: 1.0000, Safety Mode: SAFE_HOLD, Override: Safe hold mode active
2025-05-28 04:01:48,434 - INFO - [AUDIT] - Action: 0, Confidence: 1.0000, Safety Mode: SAFE_HOLD, Override: Safe hold mode active
2025-05-28 04:01:48,434 - INFO - [AUDIT] - Action: 0, Confidence: 1.0000, Safety Mode: SAFE_HOLD, Override: Safe hold mode active
2025-05-28 04:01:48,434 - INFO - [AUDIT] - Action: 0, Confidence: 1.0000, Safety Mode: SAFE_HOLD, Override: Safe hold mode active
2025-05-28 04:01:48,434 - INFO - [AUDIT] - Action: 0, Confidence: 1.0000, Safety Mode: SAFE_HOLD, Override: Safe hold mode active
2025-05-28 04:01:48,435 - INFO - [AUDIT] - Action: 0, Confidence: 1.0000, Safety Mode: SAFE_HOLD, Override: Safe hold mode active
2025-05-28 04:01:48,435 - INFO - [AUDIT] - Action: 0, Confidence: 1.0000, Safety Mode: SAFE_HOLD, Override: Safe hold mode active
2025-05-28 04:01:48,435 - INFO - [AUDIT] - Action: 0, Confidence: 1.0000, Safety Mode: SAFE_HOLD, Override: Safe hold mode active
2025-05-28 04:01:48,435 - INFO - [AUDIT] - Action: 0, Confidence: 1.0000, Safety Mode: SAFE_HOLD, Override: Safe hold mode active
2025-05-28 04:01:48,435 - INFO - [AUDIT] - Action: 0, Confidence: 1.0000, Safety Mode: SAFE_HOLD, Override: Safe hold mode active
2025-05-28 04:01:48,436 - INFO - [AUDIT] - Action: 0, Confidence: 1.0000, Safety Mode: SAFE_HOLD, Override: Safe hold mode active
2025-05-28 04:01:48,436 - INFO - [AUDIT] - Action: 0, Confidence: 1.0000, Safety Mode: SAFE_HOLD, Override: Safe hold mode active
2025-05-28 04:01:48,436 - INFO - [AUDIT] - Action: 0, Confidence: 1.0000, Safety Mode: SAFE_HOLD, Override: Safe hold mode active
2025-05-28 04:01:48,436 - INFO - [AUDIT] - Action: 0, Confidence: 1.0000, Safety Mode: SAFE_HOLD, Override: Safe hold mode active
2025-05-28 04:01:48,436 - INFO - [AUDIT] - Action: 0, Confidence: 1.0000, Safety Mode: SAFE_HOLD, Override: Safe hold mode active
2025-05-28 04:01:48,437 - INFO - [AUDIT] - Action: 0, Confidence: 1.0000, Safety Mode: SAFE_HOLD, Override: Safe hold mode active
2025-05-28 04:01:48,437 - INFO - [AUDIT] - Action: 0, Confidence: 1.0000, Safety Mode: SAFE_HOLD, Override: Safe hold mode active
2025-05-28 04:01:48,437 - INFO - [AUDIT] - Action: 0, Confidence: 1.0000, Safety Mode: SAFE_HOLD, Override: Safe hold mode active
2025-05-28 04:01:48,437 - INFO - [AUDIT] - Action: 0, Confidence: 1.0000, Safety Mode: SAFE_HOLD, Override: Safe hold mode active
2025-05-28 04:01:48,437 - INFO - [AUDIT] - Action: 0, Confidence: 1.0000, Safety Mode: SAFE_HOLD, Override: Safe hold mode active
2025-05-28 04:01:48,438 - INFO - [AUDIT] - Action: 0, Confidence: 1.0000, Safety Mode: SAFE_HOLD, Override: Safe hold mode active
2025-05-28 04:01:48,438 - INFO - [AUDIT] - Action: 0, Confidence: 1.0000, Safety Mode: SAFE_HOLD, Override: Safe hold mode active
2025-05-28 04:01:48,438 - INFO - [AUDIT] - Action: 0, Confidence: 1.0000, Safety Mode: SAFE_HOLD, Override: Safe hold mode active
2025-05-28 04:01:48,438 - INFO - [AUDIT] - Action: 0, Confidence: 1.0000, Safety Mode: SAFE_HOLD, Override: Safe hold mode active
2025-05-28 04:01:48,438 - INFO - [AUDIT] - Action: 0, Confidence: 1.0000, Safety Mode: SAFE_HOLD, Override: Safe hold mode active
2025-05-28 04:01:48,438 - INFO - [AUDIT] - Action: 0, Confidence: 1.0000, Safety Mode: SAFE_HOLD, Override: Safe hold mode active
2025-05-28 04:01:48,439 - INFO - [AUDIT] - Action: 0, Confidence: 1.0000, Safety Mode: SAFE_HOLD, Override: Safe hold mode active
2025-05-28 04:01:48,439 - INFO - [AUDIT] - Action: 0, Confidence: 1.0000, Safety Mode: SAFE_HOLD, Override: Safe hold mode active
2025-05-28 04:01:48,439 - INFO - [AUDIT] - Action: 0, Confidence: 1.0000, Safety Mode: SAFE_HOLD, Override: Safe hold mode active
2025-05-28 04:01:48,439 - INFO - [AUDIT] - Action: 0, Confidence: 1.0000, Safety Mode: SAFE_HOLD, Override: Safe hold mode active
2025-05-28 04:01:48,439 - INFO - [AUDIT] - Action: 0, Confidence: 1.0000, Safety Mode: SAFE_HOLD, Override: Safe hold mode active
2025-05-28 04:01:48,440 - INFO - [AUDIT] - Action: 0, Confidence: 1.0000, Safety Mode: SAFE_HOLD, Override: Safe hold mode active
2025-05-28 04:01:48,440 - INFO - [AUDIT] - Action: 0, Confidence: 1.0000, Safety Mode: SAFE_HOLD, Override: Safe hold mode active
2025-05-28 04:01:48,440 - INFO - [AUDIT] - Action: 0, Confidence: 1.0000, Safety Mode: SAFE_HOLD, Override: Safe hold mode active
2025-05-28 04:01:48,440 - INFO - [AUDIT] - Action: 0, Confidence: 1.0000, Safety Mode: SAFE_HOLD, Override: Safe hold mode active
2025-05-28 04:01:48,440 - INFO - [AUDIT] - Action: 0, Confidence: 1.0000, Safety Mode: SAFE_HOLD, Override: Safe hold mode active
2025-05-28 04:01:48,441 - INFO - [AUDIT] - Action: 0, Confidence: 1.0000, Safety Mode: SAFE_HOLD, Override: Safe hold mode active
2025-05-28 04:01:48,441 - INFO - [AUDIT] - Action: 0, Confidence: 1.0000, Safety Mode: SAFE_HOLD, Override: Safe hold mode active
2025-05-28 04:01:48,441 - INFO - [AUDIT] - Action: 0, Confidence: 1.0000, Safety Mode: SAFE_HOLD, Override: Safe hold mode active
2025-05-28 04:01:48,441 - INFO - [AUDIT] - Action: 0, Confidence: 1.0000, Safety Mode: SAFE_HOLD, Override: Safe hold mode active
2025-05-28 04:01:48,441 - INFO - [AUDIT] - Action: 0, Confidence: 1.0000, Safety Mode: SAFE_HOLD, Override: Safe hold mode active
2025-05-28 04:01:48,441 - INFO - [AUDIT] - Action: 0, Confidence: 1.0000, Safety Mode: SAFE_HOLD, Override: Safe hold mode active
2025-05-28 04:01:48,442 - INFO - [AUDIT] - Action: 0, Confidence: 1.0000, Safety Mode: SAFE_HOLD, Override: Safe hold mode active
2025-05-28 04:01:48,442 - INFO - [AUDIT] - Action: 0, Confidence: 1.0000, Safety Mode: SAFE_HOLD, Override: Safe hold mode active
2025-05-28 04:01:48,442 - INFO - [AUDIT] - Action: 0, Confidence: 1.0000, Safety Mode: SAFE_HOLD, Override: Safe hold mode active
2025-05-28 04:01:48,442 - INFO - [AUDIT] - Action: 0, Confidence: 1.0000, Safety Mode: SAFE_HOLD, Override: Safe hold mode active
2025-05-28 04:01:48,442 - INFO - [AUDIT] - Action: 0, Confidence: 1.0000, Safety Mode: SAFE_HOLD, Override: Safe hold mode active
2025-05-28 04:01:48,443 - INFO - [AUDIT] - Action: 0, Confidence: 1.0000, Safety Mode: SAFE_HOLD, Override: Safe hold mode active
2025-05-28 04:01:48,832 - INFO - [AUDIT] - Action: 0, Confidence: 1.0000, Safety Mode: SAFE_HOLD, Override: Safe hold mode active
2025-05-28 04:01:48,832 - INFO - [AUDIT] - Action: 0, Confidence: 1.0000, Safety Mode: SAFE_HOLD, Override: Safe hold mode active
2025-05-28 04:01:48,832 - INFO - [AUDIT] - Action: 0, Confidence: 1.0000, Safety Mode: SAFE_HOLD, Override: Safe hold mode active
2025-05-28 04:01:48,832 - INFO - [AUDIT] - Action: 0, Confidence: 1.0000, Safety Mode: SAFE_HOLD, Override: Safe hold mode active
2025-05-28 04:01:48,833 - INFO - [AUDIT] - Action: 0, Confidence: 1.0000, Safety Mode: SAFE_HOLD, Override: Safe hold mode active
2025-05-28 04:01:48,833 - INFO - [AUDIT] - Action: 0, Confidence: 1.0000, Safety Mode: SAFE_HOLD, Override: Safe hold mode active
2025-05-28 04:01:48,833 - INFO - [AUDIT] - Action: 0, Confidence: 1.0000, Safety Mode: SAFE_HOLD, Override: Safe hold mode active
2025-05-28 04:01:48,833 - INFO - [AUDIT] - Action: 0, Confidence: 1.0000, Safety Mode: SAFE_HOLD, Override: Safe hold mode active
2025-05-28 04:01:48,833 - INFO - [AUDIT] - Action: 0, Confidence: 1.0000, Safety Mode: SAFE_HOLD, Override: Safe hold mode active
2025-05-28 04:01:48,834 - INFO - [AUDIT] - Action: 0, Confidence: 1.0000, Safety Mode: SAFE_HOLD, Override: Safe hold mode active
2025-05-28 04:01:48,834 - INFO - [AUDIT] - Action: 0, Confidence: 1.0000, Safety Mode: SAFE_HOLD, Override: Safe hold mode active
2025-05-28 04:01:48,835 - INFO - [AUDIT] - Action: 0, Confidence: 1.0000, Safety Mode: SAFE_HOLD, Override: Safe hold mode active
2025-05-28 04:01:48,835 - INFO - [AUDIT] - Action: 0, Confidence: 1.0000, Safety Mode: SAFE_HOLD, Override: Safe hold mode active
2025-05-28 04:01:48,835 - INFO - [AUDIT] - Action: 0, Confidence: 1.0000, Safety Mode: SAFE_HOLD, Override: Safe hold mode active
2025-05-28 04:01:48,835 - INFO - [AUDIT] - Action: 0, Confidence: 1.0000, Safety Mode: SAFE_HOLD, Override: Safe hold mode active
2025-05-28 04:01:48,835 - INFO - [AUDIT] - Action: 0, Confidence: 1.0000, Safety Mode: SAFE_HOLD, Override: Safe hold mode active
2025-05-28 04:01:48,836 - INFO - [AUDIT] - Action: 0, Confidence: 1.0000, Safety Mode: SAFE_HOLD, Override: Safe hold mode active
2025-05-28 04:01:48,836 - INFO - [AUDIT] - Action: 0, Confidence: 1.0000, Safety Mode: SAFE_HOLD, Override: Safe hold mode active
2025-05-28 04:01:48,836 - INFO - [AUDIT] - Action: 0, Confidence: 1.0000, Safety Mode: SAFE_HOLD, Override: Safe hold mode active
2025-05-28 04:01:48,836 - INFO - [AUDIT] - Action: 0, Confidence: 1.0000, Safety Mode: SAFE_HOLD, Override: Safe hold mode active
2025-05-28 04:01:48,836 - INFO - [AUDIT] - Action: 0, Confidence: 1.0000, Safety Mode: SAFE_HOLD, Override: Safe hold mode active
2025-05-28 04:01:48,837 - INFO - [AUDIT] - Action: 0, Confidence: 1.0000, Safety Mode: SAFE_HOLD, Override: Safe hold mode active
2025-05-28 04:01:48,837 - INFO - [AUDIT] - Action: 0, Confidence: 1.0000, Safety Mode: SAFE_HOLD, Override: Safe hold mode active
2025-05-28 04:01:48,837 - INFO - [AUDIT] - Action: 0, Confidence: 1.0000, Safety Mode: SAFE_HOLD, Override: Safe hold mode active
2025-05-28 04:01:48,837 - INFO - [AUDIT] - Action: 0, Confidence: 1.0000, Safety Mode: SAFE_HOLD, Override: Safe hold mode active
2025-05-28 04:01:48,837 - INFO - [AUDIT] - Action: 0, Confidence: 1.0000, Safety Mode: SAFE_HOLD, Override: Safe hold mode active
2025-05-28 04:01:48,838 - INFO - [AUDIT] - Action: 0, Confidence: 1.0000, Safety Mode: SAFE_HOLD, Override: Safe hold mode active
2025-05-28 04:01:48,838 - INFO - [AUDIT] - Action: 0, Confidence: 1.0000, Safety Mode: SAFE_HOLD, Override: Safe hold mode active
2025-05-28 04:01:48,838 - INFO - [AUDIT] - Action: 0, Confidence: 1.0000, Safety Mode: SAFE_HOLD, Override: Safe hold mode active
2025-05-28 04:01:48,838 - INFO - [AUDIT] - Action: 0, Confidence: 1.0000, Safety Mode: SAFE_HOLD, Override: Safe hold mode active
2025-05-28 04:01:48,838 - INFO - [AUDIT] - Action: 0, Confidence: 1.0000, Safety Mode: SAFE_HOLD, Override: Safe hold mode active
2025-05-28 04:01:48,839 - INFO - [AUDIT] - Action: 0, Confidence: 1.0000, Safety Mode: SAFE_HOLD, Override: Safe hold mode active
2025-05-28 04:01:48,839 - INFO - [AUDIT] - Action: 0, Confidence: 1.0000, Safety Mode: SAFE_HOLD, Override: Safe hold mode active
2025-05-28 04:01:48,839 - INFO - [AUDIT] - Action: 0, Confidence: 1.0000, Safety Mode: SAFE_HOLD, Override: Safe hold mode active
2025-05-28 04:01:48,839 - INFO - [AUDIT] - Action: 0, Confidence: 1.0000, Safety Mode: SAFE_HOLD, Override: Safe hold mode active
2025-05-28 04:01:48,839 - INFO - [AUDIT] - Action: 0, Confidence: 1.0000, Safety Mode: SAFE_HOLD, Override: Safe hold mode active
2025-05-28 04:01:48,840 - INFO - [AUDIT] - Action: 0, Confidence: 1.0000, Safety Mode: SAFE_HOLD, Override: Safe hold mode active
2025-05-28 04:01:48,840 - INFO - [AUDIT] - Action: 0, Confidence: 1.0000, Safety Mode: SAFE_HOLD, Override: Safe hold mode active
2025-05-28 04:01:48,840 - INFO - [AUDIT] - Action: 0, Confidence: 1.0000, Safety Mode: SAFE_HOLD, Override: Safe hold mode active
2025-05-28 04:01:48,840 - INFO - [AUDIT] - Action: 0, Confidence: 1.0000, Safety Mode: SAFE_HOLD, Override: Safe hold mode active
2025-05-28 04:01:48,840 - INFO - [AUDIT] - Action: 0, Confidence: 1.0000, Safety Mode: SAFE_HOLD, Override: Safe hold mode active
2025-05-28 04:01:48,841 - INFO - [AUDIT] - Action: 0, Confidence: 1.0000, Safety Mode: SAFE_HOLD, Override: Safe hold mode active
2025-05-28 04:01:48,841 - INFO - [AUDIT] - Action: 0, Confidence: 1.0000, Safety Mode: SAFE_HOLD, Override: Safe hold mode active
2025-05-28 04:01:48,841 - INFO - [AUDIT] - Action: 0, Confidence: 1.0000, Safety Mode: SAFE_HOLD, Override: Safe hold mode active
2025-05-28 04:01:48,841 - INFO - [AUDIT] - Action: 0, Confidence: 1.0000, Safety Mode: SAFE_HOLD, Override: Safe hold mode active
2025-05-28 04:01:48,841 - INFO - [AUDIT] - Action: 0, Confidence: 1.0000, Safety Mode: SAFE_HOLD, Override: Safe hold mode active
2025-05-28 04:01:48,842 - INFO - [AUDIT] - Action: 0, Confidence: 1.0000, Safety Mode: SAFE_HOLD, Override: Safe hold mode active
2025-05-28 04:01:48,842 - INFO - [AUDIT] - Action: 0, Confidence: 1.0000, Safety Mode: SAFE_HOLD, Override: Safe hold mode active
2025-05-28 04:01:48,842 - INFO - [AUDIT] - Action: 0, Confidence: 1.0000, Safety Mode: SAFE_HOLD, Override: Safe hold mode active
2025-05-28 04:01:48,842 - INFO - [AUDIT] - Action: 0, Confidence: 1.0000, Safety Mode: SAFE_HOLD, Override: Safe hold mode active
2025-05-28 04:01:48,842 - INFO - [AUDIT] - Action: 0, Confidence: 1.0000, Safety Mode: SAFE_HOLD, Override: Safe hold mode active
2025-05-28 04:01:48,843 - INFO - [AUDIT] - Action: 0, Confidence: 1.0000, Safety Mode: SAFE_HOLD, Override: Safe hold mode active
2025-05-28 04:01:48,843 - INFO - [AUDIT] - Action: 0, Confidence: 1.0000, Safety Mode: SAFE_HOLD, Override: Safe hold mode active
2025-05-28 04:01:48,843 - INFO - [AUDIT] - Action: 0, Confidence: 1.0000, Safety Mode: SAFE_HOLD, Override: Safe hold mode active
2025-05-28 04:01:48,843 - INFO - [AUDIT] - Action: 0, Confidence: 1.0000, Safety Mode: SAFE_HOLD, Override: Safe hold mode active
2025-05-28 04:01:48,843 - INFO - [AUDIT] - Action: 0, Confidence: 1.0000, Safety Mode: SAFE_HOLD, Override: Safe hold mode active
2025-05-28 04:01:48,844 - INFO - [AUDIT] - Action: 0, Confidence: 1.0000, Safety Mode: SAFE_HOLD, Override: Safe hold mode active
2025-05-28 04:01:48,844 - INFO - [AUDIT] - Action: 0, Confidence: 1.0000, Safety Mode: SAFE_HOLD, Override: Safe hold mode active
2025-05-28 04:01:48,844 - INFO - [AUDIT] - Action: 0, Confidence: 1.0000, Safety Mode: SAFE_HOLD, Override: Safe hold mode active
2025-05-28 04:01:48,844 - INFO - [AUDIT] - Action: 0, Confidence: 1.0000, Safety Mode: SAFE_HOLD, Override: Safe hold mode active
2025-05-28 04:01:48,844 - INFO - [AUDIT] - Action: 0, Confidence: 1.0000, Safety Mode: SAFE_HOLD, Override: Safe hold mode active
2025-05-28 04:01:48,845 - INFO - [AUDIT] - Action: 0, Confidence: 1.0000, Safety Mode: SAFE_HOLD, Override: Safe hold mode active
2025-05-28 04:01:48,845 - INFO - [AUDIT] - Action: 0, Confidence: 1.0000, Safety Mode: SAFE_HOLD, Override: Safe hold mode active
2025-05-28 04:01:48,845 - INFO - [AUDIT] - Action: 0, Confidence: 1.0000, Safety Mode: SAFE_HOLD, Override: Safe hold mode active
2025-05-28 04:01:48,845 - INFO - [AUDIT] - Action: 0, Confidence: 1.0000, Safety Mode: SAFE_HOLD, Override: Safe hold mode active
2025-05-28 04:01:48,845 - INFO - [AUDIT] - Action: 0, Confidence: 1.0000, Safety Mode: SAFE_HOLD, Override: Safe hold mode active
2025-05-28 04:01:48,846 - INFO - [AUDIT] - Action: 0, Confidence: 1.0000, Safety Mode: SAFE_HOLD, Override: Safe hold mode active
2025-05-28 04:01:48,846 - INFO - [AUDIT] - Action: 0, Confidence: 1.0000, Safety Mode: SAFE_HOLD, Override: Safe hold mode active
2025-05-28 04:01:48,846 - INFO - [AUDIT] - Action: 0, Confidence: 1.0000, Safety Mode: SAFE_HOLD, Override: Safe hold mode active
2025-05-28 04:01:48,846 - INFO - [AUDIT] - Action: 0, Confidence: 1.0000, Safety Mode: SAFE_HOLD, Override: Safe hold mode active
2025-05-28 04:01:48,846 - INFO - [AUDIT] - Action: 0, Confidence: 1.0000, Safety Mode: SAFE_HOLD, Override: Safe hold mode active
2025-05-28 04:01:48,847 - INFO - [AUDIT] - Action: 0, Confidence: 1.0000, Safety Mode: SAFE_HOLD, Override: Safe hold mode active
2025-05-28 04:01:48,847 - INFO - [AUDIT] - Action: 0, Confidence: 1.0000, Safety Mode: SAFE_HOLD, Override: Safe hold mode active
2025-05-28 04:01:48,847 - INFO - [AUDIT] - Action: 0, Confidence: 1.0000, Safety Mode: SAFE_HOLD, Override: Safe hold mode active
2025-05-28 04:01:48,847 - INFO - [AUDIT] - Action: 0, Confidence: 1.0000, Safety Mode: SAFE_HOLD, Override: Safe hold mode active
2025-05-28 04:01:48,847 - INFO - [AUDIT] - Action: 0, Confidence: 1.0000, Safety Mode: SAFE_HOLD, Override: Safe hold mode active
2025-05-28 04:01:48,847 - INFO - [AUDIT] - Action: 0, Confidence: 1.0000, Safety Mode: SAFE_HOLD, Override: Safe hold mode active
2025-05-28 04:01:48,848 - INFO - [AUDIT] - Action: 0, Confidence: 1.0000, Safety Mode: SAFE_HOLD, Override: Safe hold mode active
2025-05-28 04:01:48,848 - INFO - [AUDIT] - Action: 0, Confidence: 1.0000, Safety Mode: SAFE_HOLD, Override: Safe hold mode active
2025-05-28 04:01:48,848 - INFO - [AUDIT] - Action: 0, Confidence: 1.0000, Safety Mode: SAFE_HOLD, Override: Safe hold mode active
2025-05-28 04:01:48,848 - INFO - [AUDIT] - Action: 0, Confidence: 1.0000, Safety Mode: SAFE_HOLD, Override: Safe hold mode active
2025-05-28 04:01:48,848 - INFO - [AUDIT] - Action: 0, Confidence: 1.0000, Safety Mode: SAFE_HOLD, Override: Safe hold mode active
2025-05-28 04:01:48,849 - INFO - [AUDIT] - Action: 0, Confidence: 1.0000, Safety Mode: SAFE_HOLD, Override: Safe hold mode active
2025-05-28 04:01:48,849 - INFO - [AUDIT] - Action: 0, Confidence: 1.0000, Safety Mode: SAFE_HOLD, Override: Safe hold mode active
2025-05-28 04:01:48,849 - INFO - [AUDIT] - Action: 0, Confidence: 1.0000, Safety Mode: SAFE_HOLD, Override: Safe hold mode active
2025-05-28 04:01:48,849 - INFO - [AUDIT] - Action: 0, Confidence: 1.0000, Safety Mode: SAFE_HOLD, Override: Safe hold mode active
2025-05-28 04:01:48,850 - INFO - [AUDIT] - Action: 0, Confidence: 1.0000, Safety Mode: SAFE_HOLD, Override: Safe hold mode active
2025-05-28 04:01:48,850 - INFO - [AUDIT] - Action: 0, Confidence: 1.0000, Safety Mode: SAFE_HOLD, Override: Safe hold mode active
2025-05-28 04:01:48,850 - INFO - [AUDIT] - Action: 0, Confidence: 1.0000, Safety Mode: SAFE_HOLD, Override: Safe hold mode active
2025-05-28 04:01:48,850 - INFO - [AUDIT] - Action: 0, Confidence: 1.0000, Safety Mode: SAFE_HOLD, Override: Safe hold mode active
2025-05-28 04:01:48,851 - INFO - [AUDIT] - Action: 0, Confidence: 1.0000, Safety Mode: SAFE_HOLD, Override: Safe hold mode active
2025-05-28 04:01:48,851 - INFO - [AUDIT] - Action: 0, Confidence: 1.0000, Safety Mode: SAFE_HOLD, Override: Safe hold mode active
2025-05-28 04:01:48,851 - INFO - [AUDIT] - Action: 0, Confidence: 1.0000, Safety Mode: SAFE_HOLD, Override: Safe hold mode active
2025-05-28 04:01:48,851 - INFO - [AUDIT] - Action: 0, Confidence: 1.0000, Safety Mode: SAFE_HOLD, Override: Safe hold mode active
2025-05-28 04:01:48,852 - INFO - [AUDIT] - Action: 0, Confidence: 1.0000, Safety Mode: SAFE_HOLD, Override: Safe hold mode active
2025-05-28 04:01:48,852 - INFO - [AUDIT] - Action: 0, Confidence: 1.0000, Safety Mode: SAFE_HOLD, Override: Safe hold mode active
2025-05-28 04:01:48,852 - INFO - [AUDIT] - Action: 0, Confidence: 1.0000, Safety Mode: SAFE_HOLD, Override: Safe hold mode active
2025-05-28 04:01:48,852 - INFO - [AUDIT] - Action: 0, Confidence: 1.0000, Safety Mode: SAFE_HOLD, Override: Safe hold mode active
2025-05-28 04:01:48,852 - INFO - [AUDIT] - Action: 0, Confidence: 1.0000, Safety Mode: SAFE_HOLD, Override: Safe hold mode active
2025-05-28 04:01:48,853 - INFO - [AUDIT] - Action: 0, Confidence: 1.0000, Safety Mode: SAFE_HOLD, Override: Safe hold mode active
2025-05-28 04:01:48,853 - INFO - [AUDIT] - Action: 0, Confidence: 1.0000, Safety Mode: SAFE_HOLD, Override: Safe hold mode active
2025-05-28 04:01:48,853 - INFO - [AUDIT] - Action: 0, Confidence: 1.0000, Safety Mode: SAFE_HOLD, Override: Safe hold mode active
2025-05-28 04:01:48,853 - INFO - [AUDIT] - Action: 0, Confidence: 1.0000, Safety Mode: SAFE_HOLD, Override: Safe hold mode active
2025-05-28 04:01:48,853 - INFO - [AUDIT] - Action: 0, Confidence: 1.0000, Safety Mode: SAFE_HOLD, Override: Safe hold mode active
2025-05-28 04:01:48,854 - INFO - [AUDIT] - Action: 0, Confidence: 1.0000, Safety Mode: SAFE_HOLD, Override: Safe hold mode active
2025-05-28 04:01:48,854 - INFO - [AUDIT] - Action: 0, Confidence: 1.0000, Safety Mode: SAFE_HOLD, Override: Safe hold mode active
2025-05-28 04:01:48,854 - INFO - [AUDIT] - Action: 0, Confidence: 1.0000, Safety Mode: SAFE_HOLD, Override: Safe hold mode active
2025-05-28 04:01:48,854 - INFO - [AUDIT] - Action: 0, Confidence: 1.0000, Safety Mode: SAFE_HOLD, Override: Safe hold mode active
2025-05-28 04:01:48,854 - INFO - [AUDIT] - Action: 0, Confidence: 1.0000, Safety Mode: SAFE_HOLD, Override: Safe hold mode active
2025-05-28 04:01:48,854 - INFO - [AUDIT] - Action: 0, Confidence: 1.0000, Safety Mode: SAFE_HOLD, Override: Safe hold mode active
2025-05-28 04:01:48,855 - INFO - [AUDIT] - Action: 0, Confidence: 1.0000, Safety Mode: SAFE_HOLD, Override: Safe hold mode active
2025-05-28 04:01:48,855 - INFO - [AUDIT] - Action: 0, Confidence: 1.0000, Safety Mode: SAFE_HOLD, Override: Safe hold mode active
2025-05-28 04:01:48,855 - INFO - [AUDIT] - Action: 0, Confidence: 1.0000, Safety Mode: SAFE_HOLD, Override: Safe hold mode active
2025-05-28 04:01:48,855 - INFO - [AUDIT] - Action: 0, Confidence: 1.0000, Safety Mode: SAFE_HOLD, Override: Safe hold mode active
2025-05-28 04:01:48,855 - INFO - [AUDIT] - Action: 0, Confidence: 1.0000, Safety Mode: SAFE_HOLD, Override: Safe hold mode active
2025-05-28 04:01:48,856 - INFO - [AUDIT] - Action: 0, Confidence: 1.0000, Safety Mode: SAFE_HOLD, Override: Safe hold mode active
2025-05-28 04:01:48,856 - INFO - [AUDIT] - Action: 0, Confidence: 1.0000, Safety Mode: SAFE_HOLD, Override: Safe hold mode active
2025-05-28 04:01:48,856 - INFO - [AUDIT] - Action: 0, Confidence: 1.0000, Safety Mode: SAFE_HOLD, Override: Safe hold mode active
2025-05-28 04:01:48,856 - INFO - [AUDIT] - Action: 0, Confidence: 1.0000, Safety Mode: SAFE_HOLD, Override: Safe hold mode active
2025-05-28 04:01:48,856 - INFO - [AUDIT] - Action: 0, Confidence: 1.0000, Safety Mode: SAFE_HOLD, Override: Safe hold mode active
2025-05-28 04:01:48,857 - INFO - [AUDIT] - Action: 0, Confidence: 1.0000, Safety Mode: SAFE_HOLD, Override: Safe hold mode active
2025-05-28 04:01:48,857 - INFO - [AUDIT] - Action: 0, Confidence: 1.0000, Safety Mode: SAFE_HOLD, Override: Safe hold mode active
2025-05-28 04:01:48,857 - INFO - [AUDIT] - Action: 0, Confidence: 1.0000, Safety Mode: SAFE_HOLD, Override: Safe hold mode active
2025-05-28 04:01:48,857 - INFO - [AUDIT] - Action: 0, Confidence: 1.0000, Safety Mode: SAFE_HOLD, Override: Safe hold mode active
2025-05-28 04:01:48,857 - INFO - [AUDIT] - Action: 0, Confidence: 1.0000, Safety Mode: SAFE_HOLD, Override: Safe hold mode active
2025-05-28 04:01:48,858 - INFO - [AUDIT] - Action: 0, Confidence: 1.0000, Safety Mode: SAFE_HOLD, Override: Safe hold mode active
2025-05-28 04:01:48,858 - INFO - [AUDIT] - Action: 0, Confidence: 1.0000, Safety Mode: SAFE_HOLD, Override: Safe hold mode active
2025-05-28 04:01:48,858 - INFO - [AUDIT] - Action: 0, Confidence: 1.0000, Safety Mode: SAFE_HOLD, Override: Safe hold mode active
2025-05-28 04:01:48,858 - INFO - [AUDIT] - Action: 0, Confidence: 1.0000, Safety Mode: SAFE_HOLD, Override: Safe hold mode active
2025-05-28 04:01:48,858 - INFO - [AUDIT] - Action: 0, Confidence: 1.0000, Safety Mode: SAFE_HOLD, Override: Safe hold mode active
2025-05-28 04:01:48,859 - INFO - [AUDIT] - Action: 0, Confidence: 1.0000, Safety Mode: SAFE_HOLD, Override: Safe hold mode active
2025-05-28 04:01:48,859 - INFO - [AUDIT] - Action: 0, Confidence: 1.0000, Safety Mode: SAFE_HOLD, Override: Safe hold mode active
2025-05-28 04:01:48,859 - INFO - [AUDIT] - Action: 0, Confidence: 1.0000, Safety Mode: SAFE_HOLD, Override: Safe hold mode active
2025-05-28 04:01:48,859 - INFO - [AUDIT] - Action: 0, Confidence: 1.0000, Safety Mode: SAFE_HOLD, Override: Safe hold mode active
2025-05-28 04:01:48,859 - INFO - [AUDIT] - Action: 0, Confidence: 1.0000, Safety Mode: SAFE_HOLD, Override: Safe hold mode active
2025-05-28 04:01:48,860 - INFO - [AUDIT] - Action: 0, Confidence: 1.0000, Safety Mode: SAFE_HOLD, Override: Safe hold mode active
2025-05-28 04:01:48,860 - INFO - [AUDIT] - Action: 0, Confidence: 1.0000, Safety Mode: SAFE_HOLD, Override: Safe hold mode active
2025-05-28 04:01:48,860 - INFO - [AUDIT] - Action: 0, Confidence: 1.0000, Safety Mode: SAFE_HOLD, Override: Safe hold mode active
2025-05-28 04:01:48,860 - INFO - [AUDIT] - Action: 0, Confidence: 1.0000, Safety Mode: SAFE_HOLD, Override: Safe hold mode active
2025-05-28 04:01:48,860 - INFO - [AUDIT] - Action: 0, Confidence: 1.0000, Safety Mode: SAFE_HOLD, Override: Safe hold mode active
2025-05-28 04:01:48,861 - INFO - [AUDIT] - Action: 0, Confidence: 1.0000, Safety Mode: SAFE_HOLD, Override: Safe hold mode active
2025-05-28 04:01:48,861 - INFO - [AUDIT] - Action: 0, Confidence: 1.0000, Safety Mode: SAFE_HOLD, Override: Safe hold mode active
2025-05-28 04:01:48,861 - INFO - [AUDIT] - Action: 0, Confidence: 1.0000, Safety Mode: SAFE_HOLD, Override: Safe hold mode active
2025-05-28 04:01:48,861 - INFO - [AUDIT] - Action: 0, Confidence: 1.0000, Safety Mode: SAFE_HOLD, Override: Safe hold mode active
2025-05-28 04:01:48,861 - INFO - [AUDIT] - Action: 0, Confidence: 1.0000, Safety Mode: SAFE_HOLD, Override: Safe hold mode active
2025-05-28 04:01:48,862 - INFO - [AUDIT] - Action: 0, Confidence: 1.0000, Safety Mode: SAFE_HOLD, Override: Safe hold mode active
2025-05-28 04:01:48,862 - INFO - [AUDIT] - Action: 0, Confidence: 1.0000, Safety Mode: SAFE_HOLD, Override: Safe hold mode active
2025-05-28 04:01:48,862 - INFO - [AUDIT] - Action: 0, Confidence: 1.0000, Safety Mode: SAFE_HOLD, Override: Safe hold mode active
2025-05-28 04:01:48,862 - INFO - [AUDIT] - Action: 0, Confidence: 1.0000, Safety Mode: SAFE_HOLD, Override: Safe hold mode active
2025-05-28 04:01:48,862 - INFO - [AUDIT] - Action: 0, Confidence: 1.0000, Safety Mode: SAFE_HOLD, Override: Safe hold mode active
2025-05-28 04:01:48,863 - INFO - [AUDIT] - Action: 0, Confidence: 1.0000, Safety Mode: SAFE_HOLD, Override: Safe hold mode active
2025-05-28 04:01:48,863 - INFO - [AUDIT] - Action: 0, Confidence: 1.0000, Safety Mode: SAFE_HOLD, Override: Safe hold mode active
2025-05-28 04:01:48,863 - INFO - [AUDIT] - Action: 0, Confidence: 1.0000, Safety Mode: SAFE_HOLD, Override: Safe hold mode active
2025-05-28 04:01:48,863 - INFO - [AUDIT] - Action: 0, Confidence: 1.0000, Safety Mode: SAFE_HOLD, Override: Safe hold mode active
2025-05-28 04:01:48,863 - INFO - [AUDIT] - Action: 0, Confidence: 1.0000, Safety Mode: SAFE_HOLD, Override: Safe hold mode active
2025-05-28 04:01:48,864 - INFO - [AUDIT] - Action: 0, Confidence: 1.0000, Safety Mode: SAFE_HOLD, Override: Safe hold mode active
2025-05-28 04:01:48,864 - INFO - [AUDIT] - Action: 0, Confidence: 1.0000, Safety Mode: SAFE_HOLD, Override: Safe hold mode active
2025-05-28 04:01:48,864 - INFO - [AUDIT] - Action: 0, Confidence: 1.0000, Safety Mode: SAFE_HOLD, Override: Safe hold mode active
2025-05-28 04:01:48,864 - INFO - [AUDIT] - Action: 0, Confidence: 1.0000, Safety Mode: SAFE_HOLD, Override: Safe hold mode active
2025-05-28 04:01:48,864 - INFO - [AUDIT] - Action: 0, Confidence: 1.0000, Safety Mode: SAFE_HOLD, Override: Safe hold mode active
2025-05-28 04:01:48,865 - INFO - [AUDIT] - Action: 0, Confidence: 1.0000, Safety Mode: SAFE_HOLD, Override: Safe hold mode active
2025-05-28 04:01:48,865 - INFO - [AUDIT] - Action: 0, Confidence: 1.0000, Safety Mode: SAFE_HOLD, Override: Safe hold mode active
2025-05-28 04:01:48,865 - INFO - [AUDIT] - Action: 0, Confidence: 1.0000, Safety Mode: SAFE_HOLD, Override: Safe hold mode active
2025-05-28 04:01:48,865 - INFO - [AUDIT] - Action: 0, Confidence: 1.0000, Safety Mode: SAFE_HOLD, Override: Safe hold mode active
2025-05-28 04:01:48,865 - INFO - [AUDIT] - Action: 0, Confidence: 1.0000, Safety Mode: SAFE_HOLD, Override: Safe hold mode active
2025-05-28 04:01:48,865 - INFO - [AUDIT] - Action: 0, Confidence: 1.0000, Safety Mode: SAFE_HOLD, Override: Safe hold mode active
2025-05-28 04:01:48,866 - INFO - [AUDIT] - Action: 0, Confidence: 1.0000, Safety Mode: SAFE_HOLD, Override: Safe hold mode active
2025-05-28 04:01:48,866 - INFO - [AUDIT] - Action: 0, Confidence: 1.0000, Safety Mode: SAFE_HOLD, Override: Safe hold mode active
2025-05-28 04:01:48,866 - INFO - [AUDIT] - Action: 0, Confidence: 1.0000, Safety Mode: SAFE_HOLD, Override: Safe hold mode active
2025-05-28 04:01:48,866 - INFO - [AUDIT] - Action: 0, Confidence: 1.0000, Safety Mode: SAFE_HOLD, Override: Safe hold mode active
2025-05-28 04:01:48,866 - INFO - [AUDIT] - Action: 0, Confidence: 1.0000, Safety Mode: SAFE_HOLD, Override: Safe hold mode active
2025-05-28 04:01:48,867 - INFO - [AUDIT] - Action: 0, Confidence: 1.0000, Safety Mode: SAFE_HOLD, Override: Safe hold mode active
2025-05-28 04:01:48,867 - INFO - [AUDIT] - Action: 0, Confidence: 1.0000, Safety Mode: SAFE_HOLD, Override: Safe hold mode active
2025-05-28 04:01:48,867 - INFO - [AUDIT] - Action: 0, Confidence: 1.0000, Safety Mode: SAFE_HOLD, Override: Safe hold mode active
2025-05-28 04:01:48,867 - INFO - [AUDIT] - Action: 0, Confidence: 1.0000, Safety Mode: SAFE_HOLD, Override: Safe hold mode active
2025-05-28 04:01:48,867 - INFO - [AUDIT] - Action: 0, Confidence: 1.0000, Safety Mode: SAFE_HOLD, Override: Safe hold mode active
2025-05-28 04:01:48,868 - INFO - [AUDIT] - Action: 0, Confidence: 1.0000, Safety Mode: SAFE_HOLD, Override: Safe hold mode active
2025-05-28 04:01:48,868 - INFO - [AUDIT] - Action: 0, Confidence: 1.0000, Safety Mode: SAFE_HOLD, Override: Safe hold mode active
2025-05-28 04:01:48,868 - INFO - [AUDIT] - Action: 0, Confidence: 1.0000, Safety Mode: SAFE_HOLD, Override: Safe hold mode active
2025-05-28 04:01:48,868 - INFO - [AUDIT] - Action: 0, Confidence: 1.0000, Safety Mode: SAFE_HOLD, Override: Safe hold mode active
2025-05-28 04:01:48,868 - INFO - [AUDIT] - Action: 0, Confidence: 1.0000, Safety Mode: SAFE_HOLD, Override: Safe hold mode active
2025-05-28 04:01:48,869 - INFO - [AUDIT] - Action: 0, Confidence: 1.0000, Safety Mode: SAFE_HOLD, Override: Safe hold mode active
2025-05-28 04:01:48,869 - INFO - [AUDIT] - Action: 0, Confidence: 1.0000, Safety Mode: SAFE_HOLD, Override: Safe hold mode active
2025-05-28 04:01:48,869 - INFO - [AUDIT] - Action: 0, Confidence: 1.0000, Safety Mode: SAFE_HOLD, Override: Safe hold mode active
2025-05-28 04:01:48,869 - INFO - [AUDIT] - Action: 0, Confidence: 1.0000, Safety Mode: SAFE_HOLD, Override: Safe hold mode active
2025-05-28 04:01:48,869 - INFO - [AUDIT] - Action: 0, Confidence: 1.0000, Safety Mode: SAFE_HOLD, Override: Safe hold mode active
2025-05-28 04:01:48,870 - INFO - [AUDIT] - Action: 0, Confidence: 1.0000, Safety Mode: SAFE_HOLD, Override: Safe hold mode active
2025-05-28 04:01:48,870 - INFO - [AUDIT] - Action: 0, Confidence: 1.0000, Safety Mode: SAFE_HOLD, Override: Safe hold mode active
2025-05-28 04:01:48,870 - INFO - [AUDIT] - Action: 0, Confidence: 1.0000, Safety Mode: SAFE_HOLD, Override: Safe hold mode active
2025-05-28 04:01:48,870 - INFO - [AUDIT] - Action: 0, Confidence: 1.0000, Safety Mode: SAFE_HOLD, Override: Safe hold mode active
2025-05-28 04:01:48,870 - INFO - [AUDIT] - Action: 0, Confidence: 1.0000, Safety Mode: SAFE_HOLD, Override: Safe hold mode active
2025-05-28 04:01:48,871 - INFO - [AUDIT] - Action: 0, Confidence: 1.0000, Safety Mode: SAFE_HOLD, Override: Safe hold mode active
2025-05-28 04:01:48,871 - INFO - [AUDIT] - Action: 0, Confidence: 1.0000, Safety Mode: SAFE_HOLD, Override: Safe hold mode active
2025-05-28 04:01:48,871 - INFO - [AUDIT] - Action: 0, Confidence: 1.0000, Safety Mode: SAFE_HOLD, Override: Safe hold mode active
2025-05-28 04:01:48,871 - INFO - [AUDIT] - Action: 0, Confidence: 1.0000, Safety Mode: SAFE_HOLD, Override: Safe hold mode active
2025-05-28 04:01:48,871 - INFO - [AUDIT] - Action: 0, Confidence: 1.0000, Safety Mode: SAFE_HOLD, Override: Safe hold mode active
2025-05-28 04:01:48,871 - INFO - [AUDIT] - Action: 0, Confidence: 1.0000, Safety Mode: SAFE_HOLD, Override: Safe hold mode active
2025-05-28 04:01:48,872 - INFO - [AUDIT] - Action: 0, Confidence: 1.0000, Safety Mode: SAFE_HOLD, Override: Safe hold mode active
2025-05-28 04:01:48,872 - INFO - [AUDIT] - Action: 0, Confidence: 1.0000, Safety Mode: SAFE_HOLD, Override: Safe hold mode active
2025-05-28 04:01:48,872 - INFO - [AUDIT] - Action: 0, Confidence: 1.0000, Safety Mode: SAFE_HOLD, Override: Safe hold mode active
2025-05-28 04:01:48,872 - INFO - [AUDIT] - Action: 0, Confidence: 1.0000, Safety Mode: SAFE_HOLD, Override: Safe hold mode active
2025-05-28 04:01:48,873 - INFO - [AUDIT] - Action: 0, Confidence: 1.0000, Safety Mode: SAFE_HOLD, Override: Safe hold mode active
2025-05-28 04:01:48,873 - INFO - [AUDIT] - Action: 0, Confidence: 1.0000, Safety Mode: SAFE_HOLD, Override: Safe hold mode active
2025-05-28 04:01:48,873 - INFO - [AUDIT] - Action: 0, Confidence: 1.0000, Safety Mode: SAFE_HOLD, Override: Safe hold mode active
2025-05-28 04:01:48,873 - INFO - [AUDIT] - Action: 0, Confidence: 1.0000, Safety Mode: SAFE_HOLD, Override: Safe hold mode active
2025-05-28 04:01:48,873 - INFO - [AUDIT] - Action: 0, Confidence: 1.0000, Safety Mode: SAFE_HOLD, Override: Safe hold mode active
2025-05-28 04:01:48,874 - INFO - [AUDIT] - Action: 0, Confidence: 1.0000, Safety Mode: SAFE_HOLD, Override: Safe hold mode active
2025-05-28 04:01:48,874 - INFO - [AUDIT] - Action: 0, Confidence: 1.0000, Safety Mode: SAFE_HOLD, Override: Safe hold mode active
2025-05-28 04:01:48,874 - INFO - [AUDIT] - Action: 0, Confidence: 1.0000, Safety Mode: SAFE_HOLD, Override: Safe hold mode active
2025-05-28 04:01:48,874 - INFO - [AUDIT] - Action: 0, Confidence: 1.0000, Safety Mode: SAFE_HOLD, Override: Safe hold mode active
2025-05-28 04:01:48,875 - INFO - [AUDIT] - Action: 0, Confidence: 1.0000, Safety Mode: SAFE_HOLD, Override: Safe hold mode active
2025-05-28 04:01:48,875 - INFO - [AUDIT] - Action: 0, Confidence: 1.0000, Safety Mode: SAFE_HOLD, Override: Safe hold mode active
2025-05-28 04:01:48,875 - INFO - [AUDIT] - Action: 0, Confidence: 1.0000, Safety Mode: SAFE_HOLD, Override: Safe hold mode active
2025-05-28 04:01:48,875 - INFO - [AUDIT] - Action: 0, Confidence: 1.0000, Safety Mode: SAFE_HOLD, Override: Safe hold mode active
2025-05-28 04:01:48,875 - INFO - [AUDIT] - Action: 0, Confidence: 1.0000, Safety Mode: SAFE_HOLD, Override: Safe hold mode active
2025-05-28 04:01:48,876 - INFO - [AUDIT] - Action: 0, Confidence: 1.0000, Safety Mode: SAFE_HOLD, Override: Safe hold mode active
2025-05-28 04:01:48,876 - INFO - [AUDIT] - Action: 0, Confidence: 1.0000, Safety Mode: SAFE_HOLD, Override: Safe hold mode active
2025-05-28 04:01:48,876 - INFO - [AUDIT] - Action: 0, Confidence: 1.0000, Safety Mode: SAFE_HOLD, Override: Safe hold mode active
2025-05-28 04:01:48,876 - INFO - [AUDIT] - Action: 0, Confidence: 1.0000, Safety Mode: SAFE_HOLD, Override: Safe hold mode active
2025-05-28 04:01:48,876 - INFO - [AUDIT] - Action: 0, Confidence: 1.0000, Safety Mode: SAFE_HOLD, Override: Safe hold mode active
2025-05-28 04:01:48,877 - INFO - [AUDIT] - Action: 0, Confidence: 1.0000, Safety Mode: SAFE_HOLD, Override: Safe hold mode active
2025-05-28 04:01:48,877 - INFO - [AUDIT] - Action: 0, Confidence: 1.0000, Safety Mode: SAFE_HOLD, Override: Safe hold mode active
2025-05-28 04:01:48,877 - INFO - [AUDIT] - Action: 0, Confidence: 1.0000, Safety Mode: SAFE_HOLD, Override: Safe hold mode active
2025-05-28 04:01:48,877 - INFO - [AUDIT] - Action: 0, Confidence: 1.0000, Safety Mode: SAFE_HOLD, Override: Safe hold mode active
2025-05-28 04:01:48,877 - INFO - [AUDIT] - Action: 0, Confidence: 1.0000, Safety Mode: SAFE_HOLD, Override: Safe hold mode active
2025-05-28 04:01:48,878 - INFO - [AUDIT] - Action: 0, Confidence: 1.0000, Safety Mode: SAFE_HOLD, Override: Safe hold mode active
2025-05-28 04:01:48,878 - INFO - [AUDIT] - Action: 0, Confidence: 1.0000, Safety Mode: SAFE_HOLD, Override: Safe hold mode active
2025-05-28 04:01:48,878 - INFO - [AUDIT] - Action: 0, Confidence: 1.0000, Safety Mode: SAFE_HOLD, Override: Safe hold mode active
2025-05-28 04:01:48,878 - INFO - [AUDIT] - Action: 0, Confidence: 1.0000, Safety Mode: SAFE_HOLD, Override: Safe hold mode active
2025-05-28 04:01:48,878 - INFO - [AUDIT] - Action: 0, Confidence: 1.0000, Safety Mode: SAFE_HOLD, Override: Safe hold mode active
2025-05-28 04:01:48,879 - INFO - [AUDIT] - Action: 0, Confidence: 1.0000, Safety Mode: SAFE_HOLD, Override: Safe hold mode active
2025-05-28 04:01:48,879 - INFO - [AUDIT] - Action: 0, Confidence: 1.0000, Safety Mode: SAFE_HOLD, Override: Safe hold mode active
2025-05-28 04:01:48,879 - INFO - [AUDIT] - Action: 0, Confidence: 1.0000, Safety Mode: SAFE_HOLD, Override: Safe hold mode active
2025-05-28 04:01:48,879 - INFO - [AUDIT] - Action: 0, Confidence: 1.0000, Safety Mode: SAFE_HOLD, Override: Safe hold mode active
2025-05-28 04:01:48,879 - INFO - [AUDIT] - Action: 0, Confidence: 1.0000, Safety Mode: SAFE_HOLD, Override: Safe hold mode active
2025-05-28 04:01:48,880 - INFO - [AUDIT] - Action: 0, Confidence: 1.0000, Safety Mode: SAFE_HOLD, Override: Safe hold mode active
2025-05-28 04:01:48,880 - INFO - [AUDIT] - Action: 0, Confidence: 1.0000, Safety Mode: SAFE_HOLD, Override: Safe hold mode active
2025-05-28 04:01:48,880 - INFO - [AUDIT] - Action: 0, Confidence: 1.0000, Safety Mode: SAFE_HOLD, Override: Safe hold mode active
2025-05-28 04:01:48,880 - INFO - [AUDIT] - Action: 0, Confidence: 1.0000, Safety Mode: SAFE_HOLD, Override: Safe hold mode active
2025-05-28 04:01:48,880 - INFO - [AUDIT] - Action: 0, Confidence: 1.0000, Safety Mode: SAFE_HOLD, Override: Safe hold mode active
2025-05-28 04:01:48,881 - INFO - [AUDIT] - Action: 0, Confidence: 1.0000, Safety Mode: SAFE_HOLD, Override: Safe hold mode active
2025-05-28 04:01:48,881 - INFO - [AUDIT] - Action: 0, Confidence: 1.0000, Safety Mode: SAFE_HOLD, Override: Safe hold mode active
2025-05-28 04:01:48,881 - INFO - [AUDIT] - Action: 0, Confidence: 1.0000, Safety Mode: SAFE_HOLD, Override: Safe hold mode active
2025-05-28 04:01:48,881 - INFO - [AUDIT] - Action: 0, Confidence: 1.0000, Safety Mode: SAFE_HOLD, Override: Safe hold mode active
2025-05-28 04:01:48,881 - INFO - [AUDIT] - Action: 0, Confidence: 1.0000, Safety Mode: SAFE_HOLD, Override: Safe hold mode active
2025-05-28 04:01:48,882 - INFO - [AUDIT] - Action: 0, Confidence: 1.0000, Safety Mode: SAFE_HOLD, Override: Safe hold mode active
2025-05-28 04:01:48,882 - INFO - [AUDIT] - Action: 0, Confidence: 1.0000, Safety Mode: SAFE_HOLD, Override: Safe hold mode active
2025-05-28 04:01:48,882 - INFO - [AUDIT] - Action: 0, Confidence: 1.0000, Safety Mode: SAFE_HOLD, Override: Safe hold mode active
2025-05-28 04:01:48,882 - INFO - [AUDIT] - Action: 0, Confidence: 1.0000, Safety Mode: SAFE_HOLD, Override: Safe hold mode active
2025-05-28 04:01:48,882 - INFO - [AUDIT] - Action: 0, Confidence: 1.0000, Safety Mode: SAFE_HOLD, Override: Safe hold mode active
2025-05-28 04:01:48,883 - INFO - [AUDIT] - Action: 0, Confidence: 1.0000, Safety Mode: SAFE_HOLD, Override: Safe hold mode active
2025-05-28 04:01:48,883 - INFO - [AUDIT] - Action: 0, Confidence: 1.0000, Safety Mode: SAFE_HOLD, Override: Safe hold mode active
2025-05-28 04:01:48,883 - INFO - [AUDIT] - Action: 0, Confidence: 1.0000, Safety Mode: SAFE_HOLD, Override: Safe hold mode active
2025-05-28 04:01:48,883 - INFO - [AUDIT] - Action: 0, Confidence: 1.0000, Safety Mode: SAFE_HOLD, Override: Safe hold mode active
2025-05-28 04:01:48,883 - INFO - [AUDIT] - Action: 0, Confidence: 1.0000, Safety Mode: SAFE_HOLD, Override: Safe hold mode active
2025-05-28 04:01:48,884 - INFO - [AUDIT] - Action: 0, Confidence: 1.0000, Safety Mode: SAFE_HOLD, Override: Safe hold mode active
2025-05-28 04:01:48,884 - INFO - [AUDIT] - Action: 0, Confidence: 1.0000, Safety Mode: SAFE_HOLD, Override: Safe hold mode active
2025-05-28 04:01:48,884 - INFO - [AUDIT] - Action: 0, Confidence: 1.0000, Safety Mode: SAFE_HOLD, Override: Safe hold mode active
2025-05-28 04:01:48,884 - INFO - [AUDIT] - Action: 0, Confidence: 1.0000, Safety Mode: SAFE_HOLD, Override: Safe hold mode active
2025-05-28 04:01:48,885 - INFO - [AUDIT] - Action: 0, Confidence: 1.0000, Safety Mode: SAFE_HOLD, Override: Safe hold mode active
2025-05-28 04:01:48,885 - INFO - [AUDIT] - Action: 0, Confidence: 1.0000, Safety Mode: SAFE_HOLD, Override: Safe hold mode active
2025-05-28 04:01:48,885 - INFO - [AUDIT] - Action: 0, Confidence: 1.0000, Safety Mode: SAFE_HOLD, Override: Safe hold mode active
2025-05-28 04:01:48,885 - INFO - [AUDIT] - Action: 0, Confidence: 1.0000, Safety Mode: SAFE_HOLD, Override: Safe hold mode active
2025-05-28 04:01:48,886 - INFO - [AUDIT] - Action: 0, Confidence: 1.0000, Safety Mode: SAFE_HOLD, Override: Safe hold mode active
2025-05-28 04:01:48,886 - INFO - [AUDIT] - Action: 0, Confidence: 1.0000, Safety Mode: SAFE_HOLD, Override: Safe hold mode active
2025-05-28 04:01:48,886 - INFO - [AUDIT] - Action: 0, Confidence: 1.0000, Safety Mode: SAFE_HOLD, Override: Safe hold mode active
2025-05-28 04:01:48,886 - INFO - [AUDIT] - Action: 0, Confidence: 1.0000, Safety Mode: SAFE_HOLD, Override: Safe hold mode active
2025-05-28 04:01:48,886 - INFO - [AUDIT] - Action: 0, Confidence: 1.0000, Safety Mode: SAFE_HOLD, Override: Safe hold mode active
2025-05-28 04:01:48,887 - INFO - [AUDIT] - Action: 0, Confidence: 1.0000, Safety Mode: SAFE_HOLD, Override: Safe hold mode active
2025-05-28 04:01:48,887 - INFO - [AUDIT] - Action: 0, Confidence: 1.0000, Safety Mode: SAFE_HOLD, Override: Safe hold mode active
2025-05-28 04:01:48,887 - INFO - [AUDIT] - Action: 0, Confidence: 1.0000, Safety Mode: SAFE_HOLD, Override: Safe hold mode active
2025-05-28 04:01:48,887 - INFO - [AUDIT] - Action: 0, Confidence: 1.0000, Safety Mode: SAFE_HOLD, Override: Safe hold mode active
2025-05-28 04:01:48,887 - INFO - [AUDIT] - Action: 0, Confidence: 1.0000, Safety Mode: SAFE_HOLD, Override: Safe hold mode active
2025-05-28 04:01:48,888 - INFO - [AUDIT] - Action: 0, Confidence: 1.0000, Safety Mode: SAFE_HOLD, Override: Safe hold mode active
2025-05-28 04:01:48,888 - INFO - [AUDIT] - Action: 0, Confidence: 1.0000, Safety Mode: SAFE_HOLD, Override: Safe hold mode active
2025-05-28 04:01:48,888 - INFO - [AUDIT] - Action: 0, Confidence: 1.0000, Safety Mode: SAFE_HOLD, Override: Safe hold mode active
2025-05-28 04:01:48,888 - INFO - [AUDIT] - Action: 0, Confidence: 1.0000, Safety Mode: SAFE_HOLD, Override: Safe hold mode active
2025-05-28 04:01:48,888 - INFO - [AUDIT] - Action: 0, Confidence: 1.0000, Safety Mode: SAFE_HOLD, Override: Safe hold mode active
2025-05-28 04:01:48,889 - INFO - [AUDIT] - Action: 0, Confidence: 1.0000, Safety Mode: SAFE_HOLD, Override: Safe hold mode active
2025-05-28 04:01:48,889 - INFO - [AUDIT] - Action: 0, Confidence: 1.0000, Safety Mode: SAFE_HOLD, Override: Safe hold mode active
2025-05-28 04:01:48,889 - INFO - [AUDIT] - Action: 0, Confidence: 1.0000, Safety Mode: SAFE_HOLD, Override: Safe hold mode active
2025-05-28 04:01:48,889 - INFO - [AUDIT] - Action: 0, Confidence: 1.0000, Safety Mode: SAFE_HOLD, Override: Safe hold mode active
2025-05-28 04:01:48,889 - INFO - [AUDIT] - Action: 0, Confidence: 1.0000, Safety Mode: SAFE_HOLD, Override: Safe hold mode active
2025-05-28 04:01:48,890 - INFO - [AUDIT] - Action: 0, Confidence: 1.0000, Safety Mode: SAFE_HOLD, Override: Safe hold mode active
2025-05-28 04:01:48,890 - INFO - [AUDIT] - Action: 0, Confidence: 1.0000, Safety Mode: SAFE_HOLD, Override: Safe hold mode active
2025-05-28 04:01:48,890 - INFO - [AUDIT] - Action: 0, Confidence: 1.0000, Safety Mode: SAFE_HOLD, Override: Safe hold mode active
2025-05-28 04:01:48,890 - INFO - [AUDIT] - Action: 0, Confidence: 1.0000, Safety Mode: SAFE_HOLD, Override: Safe hold mode active
2025-05-28 04:01:48,890 - INFO - [AUDIT] - Action: 0, Confidence: 1.0000, Safety Mode: SAFE_HOLD, Override: Safe hold mode active
2025-05-28 04:01:48,891 - INFO - [AUDIT] - Action: 0, Confidence: 1.0000, Safety Mode: SAFE_HOLD, Override: Safe hold mode active
2025-05-28 04:01:48,891 - INFO - [AUDIT] - Action: 0, Confidence: 1.0000, Safety Mode: SAFE_HOLD, Override: Safe hold mode active
2025-05-28 04:01:48,891 - INFO - [AUDIT] - Action: 0, Confidence: 1.0000, Safety Mode: SAFE_HOLD, Override: Safe hold mode active
2025-05-28 04:01:48,891 - INFO - [AUDIT] - Action: 0, Confidence: 1.0000, Safety Mode: SAFE_HOLD, Override: Safe hold mode active
2025-05-28 04:01:48,891 - INFO - [AUDIT] - Action: 0, Confidence: 1.0000, Safety Mode: SAFE_HOLD, Override: Safe hold mode active
2025-05-28 04:01:48,892 - INFO - [AUDIT] - Action: 0, Confidence: 1.0000, Safety Mode: SAFE_HOLD, Override: Safe hold mode active
2025-05-28 04:01:48,892 - INFO - [AUDIT] - Action: 0, Confidence: 1.0000, Safety Mode: SAFE_HOLD, Override: Safe hold mode active
2025-05-28 04:01:48,892 - INFO - [AUDIT] - Action: 0, Confidence: 1.0000, Safety Mode: SAFE_HOLD, Override: Safe hold mode active
2025-05-28 04:01:48,892 - INFO - [AUDIT] - Action: 0, Confidence: 1.0000, Safety Mode: SAFE_HOLD, Override: Safe hold mode active
2025-05-28 04:01:48,892 - INFO - [AUDIT] - Action: 0, Confidence: 1.0000, Safety Mode: SAFE_HOLD, Override: Safe hold mode active
2025-05-28 04:01:48,893 - INFO - [AUDIT] - Action: 0, Confidence: 1.0000, Safety Mode: SAFE_HOLD, Override: Safe hold mode active
2025-05-28 04:01:48,893 - INFO - [AUDIT] - Action: 0, Confidence: 1.0000, Safety Mode: SAFE_HOLD, Override: Safe hold mode active
2025-05-28 04:01:48,893 - INFO - [AUDIT] - Action: 0, Confidence: 1.0000, Safety Mode: SAFE_HOLD, Override: Safe hold mode active
2025-05-28 04:01:48,893 - INFO - [AUDIT] - Action: 0, Confidence: 1.0000, Safety Mode: SAFE_HOLD, Override: Safe hold mode active
2025-05-28 04:01:48,893 - INFO - [AUDIT] - Action: 0, Confidence: 1.0000, Safety Mode: SAFE_HOLD, Override: Safe hold mode active
2025-05-28 04:01:48,894 - INFO - [AUDIT] - Action: 0, Confidence: 1.0000, Safety Mode: SAFE_HOLD, Override: Safe hold mode active
2025-05-28 04:01:48,894 - INFO - [AUDIT] - Action: 0, Confidence: 1.0000, Safety Mode: SAFE_HOLD, Override: Safe hold mode active
2025-05-28 04:01:48,894 - INFO - [AUDIT] - Action: 0, Confidence: 1.0000, Safety Mode: SAFE_HOLD, Override: Safe hold mode active
2025-05-28 04:01:48,894 - INFO - [AUDIT] - Action: 0, Confidence: 1.0000, Safety Mode: SAFE_HOLD, Override: Safe hold mode active
2025-05-28 04:01:48,894 - INFO - [AUDIT] - Action: 0, Confidence: 1.0000, Safety Mode: SAFE_HOLD, Override: Safe hold mode active
2025-05-28 04:01:48,895 - INFO - [AUDIT] - Action: 0, Confidence: 1.0000, Safety Mode: SAFE_HOLD, Override: Safe hold mode active
2025-05-28 04:01:48,895 - INFO - [AUDIT] - Action: 0, Confidence: 1.0000, Safety Mode: SAFE_HOLD, Override: Safe hold mode active
2025-05-28 04:01:48,895 - INFO - [AUDIT] - Action: 0, Confidence: 1.0000, Safety Mode: SAFE_HOLD, Override: Safe hold mode active
2025-05-28 04:01:48,895 - INFO - [AUDIT] - Action: 0, Confidence: 1.0000, Safety Mode: SAFE_HOLD, Override: Safe hold mode active
2025-05-28 04:01:48,895 - INFO - [AUDIT] - Action: 0, Confidence: 1.0000, Safety Mode: SAFE_HOLD, Override: Safe hold mode active
2025-05-28 04:01:48,896 - INFO - [AUDIT] - Action: 0, Confidence: 1.0000, Safety Mode: SAFE_HOLD, Override: Safe hold mode active
2025-05-28 04:01:48,896 - INFO - [AUDIT] - Action: 0, Confidence: 1.0000, Safety Mode: SAFE_HOLD, Override: Safe hold mode active
2025-05-28 04:01:48,896 - INFO - [AUDIT] - Action: 0, Confidence: 1.0000, Safety Mode: SAFE_HOLD, Override: Safe hold mode active
2025-05-28 04:01:48,896 - INFO - [AUDIT] - Action: 0, Confidence: 1.0000, Safety Mode: SAFE_HOLD, Override: Safe hold mode active
2025-05-28 04:01:48,896 - INFO - [AUDIT] - Action: 0, Confidence: 1.0000, Safety Mode: SAFE_HOLD, Override: Safe hold mode active
2025-05-28 04:01:48,897 - INFO - [AUDIT] - Action: 0, Confidence: 1.0000, Safety Mode: SAFE_HOLD, Override: Safe hold mode active
2025-05-28 04:01:48,897 - INFO - [AUDIT] - Action: 0, Confidence: 1.0000, Safety Mode: SAFE_HOLD, Override: Safe hold mode active
2025-05-28 04:01:48,897 - INFO - [AUDIT] - Action: 0, Confidence: 1.0000, Safety Mode: SAFE_HOLD, Override: Safe hold mode active
2025-05-28 04:01:48,897 - INFO - [AUDIT] - Action: 0, Confidence: 1.0000, Safety Mode: SAFE_HOLD, Override: Safe hold mode active
2025-05-28 04:01:48,897 - INFO - [AUDIT] - Action: 0, Confidence: 1.0000, Safety Mode: SAFE_HOLD, Override: Safe hold mode active
2025-05-28 04:01:48,897 - INFO - [AUDIT] - Action: 0, Confidence: 1.0000, Safety Mode: SAFE_HOLD, Override: Safe hold mode active
2025-05-28 04:01:48,898 - INFO - [AUDIT] - Action: 0, Confidence: 1.0000, Safety Mode: SAFE_HOLD, Override: Safe hold mode active
2025-05-28 04:01:48,898 - INFO - [AUDIT] - Action: 0, Confidence: 1.0000, Safety Mode: SAFE_HOLD, Override: Safe hold mode active
2025-05-28 04:01:48,898 - INFO - [AUDIT] - Action: 0, Confidence: 1.0000, Safety Mode: SAFE_HOLD, Override: Safe hold mode active
2025-05-28 04:01:48,898 - INFO - [AUDIT] - Action: 0, Confidence: 1.0000, Safety Mode: SAFE_HOLD, Override: Safe hold mode active
2025-05-28 04:01:48,898 - INFO - [AUDIT] - Action: 0, Confidence: 1.0000, Safety Mode: SAFE_HOLD, Override: Safe hold mode active
2025-05-28 04:01:48,899 - INFO - [AUDIT] - Action: 0, Confidence: 1.0000, Safety Mode: SAFE_HOLD, Override: Safe hold mode active
2025-05-28 04:01:48,899 - INFO - [AUDIT] - Action: 0, Confidence: 1.0000, Safety Mode: SAFE_HOLD, Override: Safe hold mode active
2025-05-28 04:01:48,899 - INFO - [AUDIT] - Action: 0, Confidence: 1.0000, Safety Mode: SAFE_HOLD, Override: Safe hold mode active
2025-05-28 04:01:48,899 - INFO - [AUDIT] - Action: 0, Confidence: 1.0000, Safety Mode: SAFE_HOLD, Override: Safe hold mode active
2025-05-28 04:01:48,899 - INFO - [AUDIT] - Action: 0, Confidence: 1.0000, Safety Mode: SAFE_HOLD, Override: Safe hold mode active
2025-05-28 04:01:48,900 - INFO - [AUDIT] - Action: 0, Confidence: 1.0000, Safety Mode: SAFE_HOLD, Override: Safe hold mode active
2025-05-28 04:01:48,900 - INFO - [AUDIT] - Action: 0, Confidence: 1.0000, Safety Mode: SAFE_HOLD, Override: Safe hold mode active
2025-05-28 04:01:48,900 - INFO - [AUDIT] - Action: 0, Confidence: 1.0000, Safety Mode: SAFE_HOLD, Override: Safe hold mode active
2025-05-28 04:01:48,900 - INFO - [AUDIT] - Action: 0, Confidence: 1.0000, Safety Mode: SAFE_HOLD, Override: Safe hold mode active
2025-05-28 04:01:48,900 - INFO - [AUDIT] - Action: 0, Confidence: 1.0000, Safety Mode: SAFE_HOLD, Override: Safe hold mode active
2025-05-28 04:01:48,901 - INFO - [AUDIT] - Action: 0, Confidence: 1.0000, Safety Mode: SAFE_HOLD, Override: Safe hold mode active
2025-05-28 04:01:48,901 - INFO - [AUDIT] - Action: 0, Confidence: 1.0000, Safety Mode: SAFE_HOLD, Override: Safe hold mode active
2025-05-28 04:01:48,901 - INFO - [AUDIT] - Action: 0, Confidence: 1.0000, Safety Mode: SAFE_HOLD, Override: Safe hold mode active
2025-05-28 04:01:48,901 - INFO - [AUDIT] - Action: 0, Confidence: 1.0000, Safety Mode: SAFE_HOLD, Override: Safe hold mode active
2025-05-28 04:01:48,902 - INFO - [AUDIT] - Action: 0, Confidence: 1.0000, Safety Mode: SAFE_HOLD, Override: Safe hold mode active
2025-05-28 04:01:48,902 - INFO - [AUDIT] - Action: 0, Confidence: 1.0000, Safety Mode: SAFE_HOLD, Override: Safe hold mode active
2025-05-28 04:01:48,902 - INFO - [AUDIT] - Action: 0, Confidence: 1.0000, Safety Mode: SAFE_HOLD, Override: Safe hold mode active
2025-05-28 04:01:48,902 - INFO - [AUDIT] - Action: 0, Confidence: 1.0000, Safety Mode: SAFE_HOLD, Override: Safe hold mode active
2025-05-28 04:01:48,902 - INFO - [AUDIT] - Action: 0, Confidence: 1.0000, Safety Mode: SAFE_HOLD, Override: Safe hold mode active
2025-05-28 04:01:48,903 - INFO - [AUDIT] - Action: 0, Confidence: 1.0000, Safety Mode: SAFE_HOLD, Override: Safe hold mode active
2025-05-28 04:01:48,903 - INFO - [AUDIT] - Action: 0, Confidence: 1.0000, Safety Mode: SAFE_HOLD, Override: Safe hold mode active
2025-05-28 04:01:48,903 - INFO - [AUDIT] - Action: 0, Confidence: 1.0000, Safety Mode: SAFE_HOLD, Override: Safe hold mode active
2025-05-28 04:01:48,903 - INFO - [AUDIT] - Action: 0, Confidence: 1.0000, Safety Mode: SAFE_HOLD, Override: Safe hold mode active
2025-05-28 04:01:48,903 - INFO - [AUDIT] - Action: 0, Confidence: 1.0000, Safety Mode: SAFE_HOLD, Override: Safe hold mode active
2025-05-28 04:01:48,904 - INFO - [AUDIT] - Action: 0, Confidence: 1.0000, Safety Mode: SAFE_HOLD, Override: Safe hold mode active
2025-05-28 04:01:48,904 - INFO - [AUDIT] - Action: 0, Confidence: 1.0000, Safety Mode: SAFE_HOLD, Override: Safe hold mode active
2025-05-28 04:01:48,904 - INFO - [AUDIT] - Action: 0, Confidence: 1.0000, Safety Mode: SAFE_HOLD, Override: Safe hold mode active
2025-05-28 04:01:48,904 - INFO - [AUDIT] - Action: 0, Confidence: 1.0000, Safety Mode: SAFE_HOLD, Override: Safe hold mode active
2025-05-28 04:01:48,904 - INFO - [AUDIT] - Action: 0, Confidence: 1.0000, Safety Mode: SAFE_HOLD, Override: Safe hold mode active
2025-05-28 04:01:48,905 - INFO - [AUDIT] - Action: 0, Confidence: 1.0000, Safety Mode: SAFE_HOLD, Override: Safe hold mode active
2025-05-28 04:01:48,905 - INFO - [AUDIT] - Action: 0, Confidence: 1.0000, Safety Mode: SAFE_HOLD, Override: Safe hold mode active
2025-05-28 04:01:48,905 - INFO - [AUDIT] - Action: 0, Confidence: 1.0000, Safety Mode: SAFE_HOLD, Override: Safe hold mode active
2025-05-28 04:01:48,905 - INFO - [AUDIT] - Action: 0, Confidence: 1.0000, Safety Mode: SAFE_HOLD, Override: Safe hold mode active
2025-05-28 04:01:48,905 - INFO - [AUDIT] - Action: 0, Confidence: 1.0000, Safety Mode: SAFE_HOLD, Override: Safe hold mode active
2025-05-28 04:01:48,906 - INFO - [AUDIT] - Action: 0, Confidence: 1.0000, Safety Mode: SAFE_HOLD, Override: Safe hold mode active
2025-05-28 04:01:48,906 - INFO - [AUDIT] - Action: 0, Confidence: 1.0000, Safety Mode: SAFE_HOLD, Override: Safe hold mode active
2025-05-28 04:01:48,906 - INFO - [AUDIT] - Action: 0, Confidence: 1.0000, Safety Mode: SAFE_HOLD, Override: Safe hold mode active
2025-05-28 04:01:48,906 - INFO - [AUDIT] - Action: 0, Confidence: 1.0000, Safety Mode: SAFE_HOLD, Override: Safe hold mode active
2025-05-28 04:01:48,906 - INFO - [AUDIT] - Action: 0, Confidence: 1.0000, Safety Mode: SAFE_HOLD, Override: Safe hold mode active
2025-05-28 04:01:48,907 - INFO - [AUDIT] - Action: 0, Confidence: 1.0000, Safety Mode: SAFE_HOLD, Override: Safe hold mode active
2025-05-28 04:01:48,907 - INFO - [AUDIT] - Action: 0, Confidence: 1.0000, Safety Mode: SAFE_HOLD, Override: Safe hold mode active
2025-05-28 04:01:48,907 - INFO - [AUDIT] - Action: 0, Confidence: 1.0000, Safety Mode: SAFE_HOLD, Override: Safe hold mode active
2025-05-28 04:01:48,907 - INFO - [AUDIT] - Action: 0, Confidence: 1.0000, Safety Mode: SAFE_HOLD, Override: Safe hold mode active
2025-05-28 04:01:48,907 - INFO - [AUDIT] - Action: 0, Confidence: 1.0000, Safety Mode: SAFE_HOLD, Override: Safe hold mode active
2025-05-28 04:01:48,908 - INFO - [AUDIT] - Action: 0, Confidence: 1.0000, Safety Mode: SAFE_HOLD, Override: Safe hold mode active
2025-05-28 04:01:48,908 - INFO - [AUDIT] - Action: 0, Confidence: 1.0000, Safety Mode: SAFE_HOLD, Override: Safe hold mode active
2025-05-28 04:01:48,908 - INFO - [AUDIT] - Action: 0, Confidence: 1.0000, Safety Mode: SAFE_HOLD, Override: Safe hold mode active
2025-05-28 04:01:48,908 - INFO - [AUDIT] - Action: 0, Confidence: 1.0000, Safety Mode: SAFE_HOLD, Override: Safe hold mode active
2025-05-28 04:01:48,908 - INFO - [AUDIT] - Action: 0, Confidence: 1.0000, Safety Mode: SAFE_HOLD, Override: Safe hold mode active
2025-05-28 04:01:48,909 - INFO - [AUDIT] - Action: 0, Confidence: 1.0000, Safety Mode: SAFE_HOLD, Override: Safe hold mode active
2025-05-28 04:01:48,909 - INFO - [AUDIT] - Action: 0, Confidence: 1.0000, Safety Mode: SAFE_HOLD, Override: Safe hold mode active
2025-05-28 04:01:48,909 - INFO - [AUDIT] - Action: 0, Confidence: 1.0000, Safety Mode: SAFE_HOLD, Override: Safe hold mode active
2025-05-28 04:01:48,909 - INFO - [AUDIT] - Action: 0, Confidence: 1.0000, Safety Mode: SAFE_HOLD, Override: Safe hold mode active
2025-05-28 04:01:48,909 - INFO - [AUDIT] - Action: 0, Confidence: 1.0000, Safety Mode: SAFE_HOLD, Override: Safe hold mode active
2025-05-28 04:01:48,909 - INFO - [AUDIT] - Action: 0, Confidence: 1.0000, Safety Mode: SAFE_HOLD, Override: Safe hold mode active
2025-05-28 04:01:48,910 - INFO - [AUDIT] - Action: 0, Confidence: 1.0000, Safety Mode: SAFE_HOLD, Override: Safe hold mode active
2025-05-28 04:01:48,910 - INFO - [AUDIT] - Action: 0, Confidence: 1.0000, Safety Mode: SAFE_HOLD, Override: Safe hold mode active
2025-05-28 04:01:48,910 - INFO - [AUDIT] - Action: 0, Confidence: 1.0000, Safety Mode: SAFE_HOLD, Override: Safe hold mode active
2025-05-28 04:01:48,910 - INFO - [AUDIT] - Action: 0, Confidence: 1.0000, Safety Mode: SAFE_HOLD, Override: Safe hold mode active
2025-05-28 04:01:48,910 - INFO - [AUDIT] - Action: 0, Confidence: 1.0000, Safety Mode: SAFE_HOLD, Override: Safe hold mode active
2025-05-28 04:01:48,911 - INFO - [AUDIT] - Action: 0, Confidence: 1.0000, Safety Mode: SAFE_HOLD, Override: Safe hold mode active
2025-05-28 04:01:48,911 - INFO - [AUDIT] - Action: 0, Confidence: 1.0000, Safety Mode: SAFE_HOLD, Override: Safe hold mode active
2025-05-28 04:01:48,911 - INFO - [AUDIT] - Action: 0, Confidence: 1.0000, Safety Mode: SAFE_HOLD, Override: Safe hold mode active
2025-05-28 04:01:48,911 - INFO - [AUDIT] - Action: 0, Confidence: 1.0000, Safety Mode: SAFE_HOLD, Override: Safe hold mode active
2025-05-28 04:01:48,911 - INFO - [AUDIT] - Action: 0, Confidence: 1.0000, Safety Mode: SAFE_HOLD, Override: Safe hold mode active
2025-05-28 04:01:48,912 - INFO - [AUDIT] - Action: 0, Confidence: 1.0000, Safety Mode: SAFE_HOLD, Override: Safe hold mode active
2025-05-28 04:01:48,912 - INFO - [AUDIT] - Action: 0, Confidence: 1.0000, Safety Mode: SAFE_HOLD, Override: Safe hold mode active
2025-05-28 04:01:48,912 - INFO - [AUDIT] - Action: 0, Confidence: 1.0000, Safety Mode: SAFE_HOLD, Override: Safe hold mode active
2025-05-28 04:01:48,912 - INFO - [AUDIT] - Action: 0, Confidence: 1.0000, Safety Mode: SAFE_HOLD, Override: Safe hold mode active
2025-05-28 04:01:48,912 - INFO - [AUDIT] - Action: 0, Confidence: 1.0000, Safety Mode: SAFE_HOLD, Override: Safe hold mode active
2025-05-28 04:01:48,913 - INFO - [AUDIT] - Action: 0, Confidence: 1.0000, Safety Mode: SAFE_HOLD, Override: Safe hold mode active
2025-05-28 04:01:48,913 - INFO - [AUDIT] - Action: 0, Confidence: 1.0000, Safety Mode: SAFE_HOLD, Override: Safe hold mode active
2025-05-28 04:01:48,913 - INFO - [AUDIT] - Action: 0, Confidence: 1.0000, Safety Mode: SAFE_HOLD, Override: Safe hold mode active
2025-05-28 04:01:48,913 - INFO - [AUDIT] - Action: 0, Confidence: 1.0000, Safety Mode: SAFE_HOLD, Override: Safe hold mode active
2025-05-28 04:01:48,913 - INFO - [AUDIT] - Action: 0, Confidence: 1.0000, Safety Mode: SAFE_HOLD, Override: Safe hold mode active
2025-05-28 04:01:48,914 - INFO - [AUDIT] - Action: 0, Confidence: 1.0000, Safety Mode: SAFE_HOLD, Override: Safe hold mode active
2025-05-28 04:01:48,914 - INFO - [AUDIT] - Action: 0, Confidence: 1.0000, Safety Mode: SAFE_HOLD, Override: Safe hold mode active
2025-05-28 04:01:48,914 - INFO - [AUDIT] - Action: 0, Confidence: 1.0000, Safety Mode: SAFE_HOLD, Override: Safe hold mode active
2025-05-28 04:01:48,914 - INFO - [AUDIT] - Action: 0, Confidence: 1.0000, Safety Mode: SAFE_HOLD, Override: Safe hold mode active
2025-05-28 04:01:48,914 - INFO - [AUDIT] - Action: 0, Confidence: 1.0000, Safety Mode: SAFE_HOLD, Override: Safe hold mode active
2025-05-28 04:01:48,915 - INFO - [AUDIT] - Action: 0, Confidence: 1.0000, Safety Mode: SAFE_HOLD, Override: Safe hold mode active
2025-05-28 04:01:48,915 - INFO - [AUDIT] - Action: 0, Confidence: 1.0000, Safety Mode: SAFE_HOLD, Override: Safe hold mode active
2025-05-28 04:01:48,915 - INFO - [AUDIT] - Action: 0, Confidence: 1.0000, Safety Mode: SAFE_HOLD, Override: Safe hold mode active
2025-05-28 04:01:48,915 - INFO - [AUDIT] - Action: 0, Confidence: 1.0000, Safety Mode: SAFE_HOLD, Override: Safe hold mode active
2025-05-28 04:01:48,915 - INFO - [AUDIT] - Action: 0, Confidence: 1.0000, Safety Mode: SAFE_HOLD, Override: Safe hold mode active
2025-05-28 04:01:48,916 - INFO - [AUDIT] - Action: 0, Confidence: 1.0000, Safety Mode: SAFE_HOLD, Override: Safe hold mode active
2025-05-28 04:01:48,916 - INFO - [AUDIT] - Action: 0, Confidence: 1.0000, Safety Mode: SAFE_HOLD, Override: Safe hold mode active
2025-05-28 04:01:48,916 - INFO - [AUDIT] - Action: 0, Confidence: 1.0000, Safety Mode: SAFE_HOLD, Override: Safe hold mode active
2025-05-28 04:01:48,916 - INFO - [AUDIT] - Action: 0, Confidence: 1.0000, Safety Mode: SAFE_HOLD, Override: Safe hold mode active
2025-05-28 04:01:48,916 - INFO - [AUDIT] - Action: 0, Confidence: 1.0000, Safety Mode: SAFE_HOLD, Override: Safe hold mode active
2025-05-28 04:01:48,917 - INFO - [AUDIT] - Action: 0, Confidence: 1.0000, Safety Mode: SAFE_HOLD, Override: Safe hold mode active
2025-05-28 04:01:48,917 - INFO - [AUDIT] - Action: 0, Confidence: 1.0000, Safety Mode: SAFE_HOLD, Override: Safe hold mode active
2025-05-28 04:01:48,917 - INFO - [AUDIT] - Action: 0, Confidence: 1.0000, Safety Mode: SAFE_HOLD, Override: Safe hold mode active
2025-05-28 04:01:48,917 - INFO - [AUDIT] - Action: 0, Confidence: 1.0000, Safety Mode: SAFE_HOLD, Override: Safe hold mode active
2025-05-28 04:01:48,917 - INFO - [AUDIT] - Action: 0, Confidence: 1.0000, Safety Mode: SAFE_HOLD, Override: Safe hold mode active
2025-05-28 04:01:48,918 - INFO - [AUDIT] - Action: 0, Confidence: 1.0000, Safety Mode: SAFE_HOLD, Override: Safe hold mode active
2025-05-28 04:01:48,918 - INFO - [AUDIT] - Action: 0, Confidence: 1.0000, Safety Mode: SAFE_HOLD, Override: Safe hold mode active
2025-05-28 04:01:48,918 - INFO - [AUDIT] - Action: 0, Confidence: 1.0000, Safety Mode: SAFE_HOLD, Override: Safe hold mode active
2025-05-28 04:01:48,918 - INFO - [AUDIT] - Action: 0, Confidence: 1.0000, Safety Mode: SAFE_HOLD, Override: Safe hold mode active
2025-05-28 04:01:48,919 - INFO - [AUDIT] - Action: 0, Confidence: 1.0000, Safety Mode: SAFE_HOLD, Override: Safe hold mode active
2025-05-28 04:01:48,919 - INFO - [AUDIT] - Action: 0, Confidence: 1.0000, Safety Mode: SAFE_HOLD, Override: Safe hold mode active
2025-05-28 04:01:48,919 - INFO - [AUDIT] - Action: 0, Confidence: 1.0000, Safety Mode: SAFE_HOLD, Override: Safe hold mode active
2025-05-28 04:01:48,919 - INFO - [AUDIT] - Action: 0, Confidence: 1.0000, Safety Mode: SAFE_HOLD, Override: Safe hold mode active
2025-05-28 04:01:48,919 - INFO - [AUDIT] - Action: 0, Confidence: 1.0000, Safety Mode: SAFE_HOLD, Override: Safe hold mode active
2025-05-28 04:01:48,920 - INFO - [AUDIT] - Action: 0, Confidence: 1.0000, Safety Mode: SAFE_HOLD, Override: Safe hold mode active
2025-05-28 04:01:48,920 - INFO - [AUDIT] - Action: 0, Confidence: 1.0000, Safety Mode: SAFE_HOLD, Override: Safe hold mode active
2025-05-28 04:01:48,920 - INFO - [AUDIT] - Action: 0, Confidence: 1.0000, Safety Mode: SAFE_HOLD, Override: Safe hold mode active
2025-05-28 04:01:48,920 - INFO - [AUDIT] - Action: 0, Confidence: 1.0000, Safety Mode: SAFE_HOLD, Override: Safe hold mode active
2025-05-28 04:01:48,920 - INFO - [AUDIT] - Action: 0, Confidence: 1.0000, Safety Mode: SAFE_HOLD, Override: Safe hold mode active
2025-05-28 04:01:48,921 - INFO - [AUDIT] - Action: 0, Confidence: 1.0000, Safety Mode: SAFE_HOLD, Override: Safe hold mode active
2025-05-28 04:01:48,921 - INFO - [AUDIT] - Action: 0, Confidence: 1.0000, Safety Mode: SAFE_HOLD, Override: Safe hold mode active
2025-05-28 04:01:48,921 - INFO - [AUDIT] - Action: 0, Confidence: 1.0000, Safety Mode: SAFE_HOLD, Override: Safe hold mode active
2025-05-28 04:01:48,921 - INFO - [AUDIT] - Action: 0, Confidence: 1.0000, Safety Mode: SAFE_HOLD, Override: Safe hold mode active
2025-05-28 04:01:48,921 - INFO - [AUDIT] - Action: 0, Confidence: 1.0000, Safety Mode: SAFE_HOLD, Override: Safe hold mode active
2025-05-28 04:01:48,922 - INFO - [AUDIT] - Action: 0, Confidence: 1.0000, Safety Mode: SAFE_HOLD, Override: Safe hold mode active
2025-05-28 04:01:48,922 - INFO - [AUDIT] - Action: 0, Confidence: 1.0000, Safety Mode: SAFE_HOLD, Override: Safe hold mode active
2025-05-28 04:01:48,922 - INFO - [AUDIT] - Action: 0, Confidence: 1.0000, Safety Mode: SAFE_HOLD, Override: Safe hold mode active
2025-05-28 04:01:48,922 - INFO - [AUDIT] - Action: 0, Confidence: 1.0000, Safety Mode: SAFE_HOLD, Override: Safe hold mode active
2025-05-28 04:01:48,922 - INFO - [AUDIT] - Action: 0, Confidence: 1.0000, Safety Mode: SAFE_HOLD, Override: Safe hold mode active
2025-05-28 04:01:48,923 - INFO - [AUDIT] - Action: 0, Confidence: 1.0000, Safety Mode: SAFE_HOLD, Override: Safe hold mode active
2025-05-28 04:01:48,923 - INFO - [AUDIT] - Action: 0, Confidence: 1.0000, Safety Mode: SAFE_HOLD, Override: Safe hold mode active
2025-05-28 04:01:48,923 - INFO - [AUDIT] - Action: 0, Confidence: 1.0000, Safety Mode: SAFE_HOLD, Override: Safe hold mode active
2025-05-28 04:01:48,923 - INFO - [AUDIT] - Action: 0, Confidence: 1.0000, Safety Mode: SAFE_HOLD, Override: Safe hold mode active
2025-05-28 04:01:48,923 - INFO - [AUDIT] - Action: 0, Confidence: 1.0000, Safety Mode: SAFE_HOLD, Override: Safe hold mode active
2025-05-28 04:01:48,924 - INFO - [AUDIT] - Action: 0, Confidence: 1.0000, Safety Mode: SAFE_HOLD, Override: Safe hold mode active
2025-05-28 04:01:48,924 - INFO - [AUDIT] - Action: 0, Confidence: 1.0000, Safety Mode: SAFE_HOLD, Override: Safe hold mode active
2025-05-28 04:01:48,924 - INFO - [AUDIT] - Action: 0, Confidence: 1.0000, Safety Mode: SAFE_HOLD, Override: Safe hold mode active
2025-05-28 04:01:48,924 - INFO - [AUDIT] - Action: 0, Confidence: 1.0000, Safety Mode: SAFE_HOLD, Override: Safe hold mode active
2025-05-28 04:01:48,924 - INFO - [AUDIT] - Action: 0, Confidence: 1.0000, Safety Mode: SAFE_HOLD, Override: Safe hold mode active
2025-05-28 04:01:48,925 - INFO - [AUDIT] - Action: 0, Confidence: 1.0000, Safety Mode: SAFE_HOLD, Override: Safe hold mode active
2025-05-28 04:01:48,925 - INFO - [AUDIT] - Action: 0, Confidence: 1.0000, Safety Mode: SAFE_HOLD, Override: Safe hold mode active
2025-05-28 04:01:48,925 - INFO - [AUDIT] - Action: 0, Confidence: 1.0000, Safety Mode: SAFE_HOLD, Override: Safe hold mode active
2025-05-28 04:01:48,925 - INFO - [AUDIT] - Action: 0, Confidence: 1.0000, Safety Mode: SAFE_HOLD, Override: Safe hold mode active
2025-05-28 04:01:48,925 - INFO - [AUDIT] - Action: 0, Confidence: 1.0000, Safety Mode: SAFE_HOLD, Override: Safe hold mode active
2025-05-28 04:01:48,926 - INFO - [AUDIT] - Action: 0, Confidence: 1.0000, Safety Mode: SAFE_HOLD, Override: Safe hold mode active
2025-05-28 04:01:48,926 - INFO - [AUDIT] - Action: 0, Confidence: 1.0000, Safety Mode: SAFE_HOLD, Override: Safe hold mode active
2025-05-28 04:01:48,926 - INFO - [AUDIT] - Action: 0, Confidence: 1.0000, Safety Mode: SAFE_HOLD, Override: Safe hold mode active
2025-05-28 04:01:48,926 - INFO - [AUDIT] - Action: 0, Confidence: 1.0000, Safety Mode: SAFE_HOLD, Override: Safe hold mode active
2025-05-28 04:01:48,926 - INFO - [AUDIT] - Action: 0, Confidence: 1.0000, Safety Mode: SAFE_HOLD, Override: Safe hold mode active
2025-05-28 04:01:48,926 - INFO - [AUDIT] - Action: 0, Confidence: 1.0000, Safety Mode: SAFE_HOLD, Override: Safe hold mode active
2025-05-28 04:01:48,927 - INFO - [AUDIT] - Action: 0, Confidence: 1.0000, Safety Mode: SAFE_HOLD, Override: Safe hold mode active
2025-05-28 04:01:48,927 - INFO - [AUDIT] - Action: 0, Confidence: 1.0000, Safety Mode: SAFE_HOLD, Override: Safe hold mode active
2025-05-28 04:01:48,927 - INFO - [AUDIT] - Action: 0, Confidence: 1.0000, Safety Mode: SAFE_HOLD, Override: Safe hold mode active
2025-05-28 04:01:48,927 - INFO - [AUDIT] - Action: 0, Confidence: 1.0000, Safety Mode: SAFE_HOLD, Override: Safe hold mode active
2025-05-28 04:01:48,927 - INFO - [AUDIT] - Action: 0, Confidence: 1.0000, Safety Mode: SAFE_HOLD, Override: Safe hold mode active
2025-05-28 04:01:48,928 - INFO - [AUDIT] - Action: 0, Confidence: 1.0000, Safety Mode: SAFE_HOLD, Override: Safe hold mode active
2025-05-28 04:01:48,928 - INFO - [AUDIT] - Action: 0, Confidence: 1.0000, Safety Mode: SAFE_HOLD, Override: Safe hold mode active
2025-05-28 04:01:48,928 - INFO - [AUDIT] - Action: 0, Confidence: 1.0000, Safety Mode: SAFE_HOLD, Override: Safe hold mode active
2025-05-28 04:01:48,928 - INFO - [AUDIT] - Action: 0, Confidence: 1.0000, Safety Mode: SAFE_HOLD, Override: Safe hold mode active
2025-05-28 04:01:48,928 - INFO - [AUDIT] - Action: 0, Confidence: 1.0000, Safety Mode: SAFE_HOLD, Override: Safe hold mode active
2025-05-28 04:01:48,929 - INFO - [AUDIT] - Action: 0, Confidence: 1.0000, Safety Mode: SAFE_HOLD, Override: Safe hold mode active
2025-05-28 04:01:48,929 - INFO - [AUDIT] - Action: 0, Confidence: 1.0000, Safety Mode: SAFE_HOLD, Override: Safe hold mode active
2025-05-28 04:01:48,929 - INFO - [AUDIT] - Action: 0, Confidence: 1.0000, Safety Mode: SAFE_HOLD, Override: Safe hold mode active
2025-05-28 04:01:48,929 - INFO - [AUDIT] - Action: 0, Confidence: 1.0000, Safety Mode: SAFE_HOLD, Override: Safe hold mode active
2025-05-28 04:01:48,930 - INFO - [AUDIT] - Action: 0, Confidence: 1.0000, Safety Mode: SAFE_HOLD, Override: Safe hold mode active
2025-05-28 04:01:48,930 - INFO - [AUDIT] - Action: 0, Confidence: 1.0000, Safety Mode: SAFE_HOLD, Override: Safe hold mode active
2025-05-28 04:01:48,930 - INFO - [AUDIT] - Action: 0, Confidence: 1.0000, Safety Mode: SAFE_HOLD, Override: Safe hold mode active
2025-05-28 04:01:48,930 - INFO - [AUDIT] - Action: 0, Confidence: 1.0000, Safety Mode: SAFE_HOLD, Override: Safe hold mode active
2025-05-28 04:01:48,930 - INFO - [AUDIT] - Action: 0, Confidence: 1.0000, Safety Mode: SAFE_HOLD, Override: Safe hold mode active
2025-05-28 04:01:48,931 - INFO - [AUDIT] - Action: 0, Confidence: 1.0000, Safety Mode: SAFE_HOLD, Override: Safe hold mode active
2025-05-28 04:01:48,931 - INFO - [AUDIT] - Action: 0, Confidence: 1.0000, Safety Mode: SAFE_HOLD, Override: Safe hold mode active
2025-05-28 04:01:48,931 - INFO - [AUDIT] - Action: 0, Confidence: 1.0000, Safety Mode: SAFE_HOLD, Override: Safe hold mode active
2025-05-28 04:01:48,931 - INFO - [AUDIT] - Action: 0, Confidence: 1.0000, Safety Mode: SAFE_HOLD, Override: Safe hold mode active
2025-05-28 04:01:48,931 - INFO - [AUDIT] - Action: 0, Confidence: 1.0000, Safety Mode: SAFE_HOLD, Override: Safe hold mode active
2025-05-28 04:01:48,931 - INFO - [AUDIT] - Action: 0, Confidence: 1.0000, Safety Mode: SAFE_HOLD, Override: Safe hold mode active
2025-05-28 04:01:48,932 - INFO - [AUDIT] - Action: 0, Confidence: 1.0000, Safety Mode: SAFE_HOLD, Override: Safe hold mode active
2025-05-28 04:01:48,932 - INFO - [AUDIT] - Action: 0, Confidence: 1.0000, Safety Mode: SAFE_HOLD, Override: Safe hold mode active
2025-05-28 04:01:48,932 - INFO - [AUDIT] - Action: 0, Confidence: 1.0000, Safety Mode: SAFE_HOLD, Override: Safe hold mode active
2025-05-28 04:01:48,932 - INFO - [AUDIT] - Action: 0, Confidence: 1.0000, Safety Mode: SAFE_HOLD, Override: Safe hold mode active
2025-05-28 04:01:48,932 - INFO - [AUDIT] - Action: 0, Confidence: 1.0000, Safety Mode: SAFE_HOLD, Override: Safe hold mode active
2025-05-28 04:01:48,933 - INFO - [AUDIT] - Action: 0, Confidence: 1.0000, Safety Mode: SAFE_HOLD, Override: Safe hold mode active
2025-05-28 04:01:48,933 - INFO - [AUDIT] - Action: 0, Confidence: 1.0000, Safety Mode: SAFE_HOLD, Override: Safe hold mode active
2025-05-28 04:01:48,933 - INFO - [AUDIT] - Action: 0, Confidence: 1.0000, Safety Mode: SAFE_HOLD, Override: Safe hold mode active
2025-05-28 04:01:48,933 - INFO - [AUDIT] - Action: 0, Confidence: 1.0000, Safety Mode: SAFE_HOLD, Override: Safe hold mode active
2025-05-28 04:01:48,934 - INFO - [AUDIT] - Action: 0, Confidence: 1.0000, Safety Mode: SAFE_HOLD, Override: Safe hold mode active
2025-05-28 04:01:48,934 - INFO - [AUDIT] - Action: 0, Confidence: 1.0000, Safety Mode: SAFE_HOLD, Override: Safe hold mode active
2025-05-28 04:01:48,934 - INFO - [AUDIT] - Action: 0, Confidence: 1.0000, Safety Mode: SAFE_HOLD, Override: Safe hold mode active
2025-05-28 04:01:48,934 - INFO - [AUDIT] - Action: 0, Confidence: 1.0000, Safety Mode: SAFE_HOLD, Override: Safe hold mode active
2025-05-28 04:01:48,935 - INFO - [AUDIT] - Action: 0, Confidence: 1.0000, Safety Mode: SAFE_HOLD, Override: Safe hold mode active
2025-05-28 04:01:48,935 - INFO - [AUDIT] - Action: 0, Confidence: 1.0000, Safety Mode: SAFE_HOLD, Override: Safe hold mode active
2025-05-28 04:01:48,935 - INFO - [AUDIT] - Action: 0, Confidence: 1.0000, Safety Mode: SAFE_HOLD, Override: Safe hold mode active
2025-05-28 04:01:48,935 - INFO - [AUDIT] - Action: 0, Confidence: 1.0000, Safety Mode: SAFE_HOLD, Override: Safe hold mode active
2025-05-28 04:01:48,935 - INFO - [AUDIT] - Action: 0, Confidence: 1.0000, Safety Mode: SAFE_HOLD, Override: Safe hold mode active
2025-05-28 04:01:48,936 - INFO - [AUDIT] - Action: 0, Confidence: 1.0000, Safety Mode: SAFE_HOLD, Override: Safe hold mode active
2025-05-28 04:01:48,936 - INFO - [AUDIT] - Action: 0, Confidence: 1.0000, Safety Mode: SAFE_HOLD, Override: Safe hold mode active
2025-05-28 04:01:48,936 - INFO - [AUDIT] - Action: 0, Confidence: 1.0000, Safety Mode: SAFE_HOLD, Override: Safe hold mode active
2025-05-28 04:01:48,936 - INFO - [AUDIT] - Action: 0, Confidence: 1.0000, Safety Mode: SAFE_HOLD, Override: Safe hold mode active
2025-05-28 04:01:48,936 - INFO - [AUDIT] - Action: 0, Confidence: 1.0000, Safety Mode: SAFE_HOLD, Override: Safe hold mode active
2025-05-28 04:01:48,937 - INFO - [AUDIT] - Action: 0, Confidence: 1.0000, Safety Mode: SAFE_HOLD, Override: Safe hold mode active
2025-05-28 04:01:48,937 - INFO - [AUDIT] - Action: 0, Confidence: 1.0000, Safety Mode: SAFE_HOLD, Override: Safe hold mode active
2025-05-28 04:01:48,937 - INFO - [AUDIT] - Action: 0, Confidence: 1.0000, Safety Mode: SAFE_HOLD, Override: Safe hold mode active
2025-05-28 04:01:48,937 - INFO - [AUDIT] - Action: 0, Confidence: 1.0000, Safety Mode: SAFE_HOLD, Override: Safe hold mode active
2025-05-28 04:01:48,937 - INFO - [AUDIT] - Action: 0, Confidence: 1.0000, Safety Mode: SAFE_HOLD, Override: Safe hold mode active
2025-05-28 04:01:48,938 - INFO - [AUDIT] - Action: 0, Confidence: 1.0000, Safety Mode: SAFE_HOLD, Override: Safe hold mode active
2025-05-28 04:01:48,938 - INFO - [AUDIT] - Action: 0, Confidence: 1.0000, Safety Mode: SAFE_HOLD, Override: Safe hold mode active
2025-05-28 04:01:48,938 - INFO - [AUDIT] - Action: 0, Confidence: 1.0000, Safety Mode: SAFE_HOLD, Override: Safe hold mode active
2025-05-28 04:01:48,938 - INFO - [AUDIT] - Action: 0, Confidence: 1.0000, Safety Mode: SAFE_HOLD, Override: Safe hold mode active
2025-05-28 04:01:48,938 - INFO - [AUDIT] - Action: 0, Confidence: 1.0000, Safety Mode: SAFE_HOLD, Override: Safe hold mode active
2025-05-28 04:01:48,938 - INFO - [AUDIT] - Action: 0, Confidence: 1.0000, Safety Mode: SAFE_HOLD, Override: Safe hold mode active
2025-05-28 04:01:48,939 - INFO - [AUDIT] - Action: 0, Confidence: 1.0000, Safety Mode: SAFE_HOLD, Override: Safe hold mode active
2025-05-28 04:01:48,939 - INFO - [AUDIT] - Action: 0, Confidence: 1.0000, Safety Mode: SAFE_HOLD, Override: Safe hold mode active
2025-05-28 04:01:48,939 - INFO - [AUDIT] - Action: 0, Confidence: 1.0000, Safety Mode: SAFE_HOLD, Override: Safe hold mode active
2025-05-28 04:01:48,939 - INFO - [AUDIT] - Action: 0, Confidence: 1.0000, Safety Mode: SAFE_HOLD, Override: Safe hold mode active
2025-05-28 04:01:48,940 - INFO - [AUDIT] - Action: 0, Confidence: 1.0000, Safety Mode: SAFE_HOLD, Override: Safe hold mode active
2025-05-28 04:01:48,940 - INFO - [AUDIT] - Action: 0, Confidence: 1.0000, Safety Mode: SAFE_HOLD, Override: Safe hold mode active
2025-05-28 04:01:48,940 - INFO - [AUDIT] - Action: 0, Confidence: 1.0000, Safety Mode: SAFE_HOLD, Override: Safe hold mode active
2025-05-28 04:01:48,940 - INFO - [AUDIT] - Action: 0, Confidence: 1.0000, Safety Mode: SAFE_HOLD, Override: Safe hold mode active
2025-05-28 04:01:48,940 - INFO - [AUDIT] - Action: 0, Confidence: 1.0000, Safety Mode: SAFE_HOLD, Override: Safe hold mode active
2025-05-28 04:01:48,941 - INFO - [AUDIT] - Action: 0, Confidence: 1.0000, Safety Mode: SAFE_HOLD, Override: Safe hold mode active
2025-05-28 04:01:48,941 - INFO - [AUDIT] - Action: 0, Confidence: 1.0000, Safety Mode: SAFE_HOLD, Override: Safe hold mode active
2025-05-28 04:01:48,941 - INFO - [AUDIT] - Action: 0, Confidence: 1.0000, Safety Mode: SAFE_HOLD, Override: Safe hold mode active
2025-05-28 04:01:48,941 - INFO - [AUDIT] - Action: 0, Confidence: 1.0000, Safety Mode: SAFE_HOLD, Override: Safe hold mode active
2025-05-28 04:01:48,941 - INFO - [AUDIT] - Action: 0, Confidence: 1.0000, Safety Mode: SAFE_HOLD, Override: Safe hold mode active
2025-05-28 04:01:48,941 - INFO - [AUDIT] - Action: 0, Confidence: 1.0000, Safety Mode: SAFE_HOLD, Override: Safe hold mode active
2025-05-28 04:01:48,942 - INFO - [AUDIT] - Action: 0, Confidence: 1.0000, Safety Mode: SAFE_HOLD, Override: Safe hold mode active
2025-05-28 04:01:48,942 - INFO - [AUDIT] - Action: 0, Confidence: 1.0000, Safety Mode: SAFE_HOLD, Override: Safe hold mode active
2025-05-28 04:01:48,942 - INFO - [AUDIT] - Action: 0, Confidence: 1.0000, Safety Mode: SAFE_HOLD, Override: Safe hold mode active
2025-05-28 04:01:48,942 - INFO - [AUDIT] - Action: 0, Confidence: 1.0000, Safety Mode: SAFE_HOLD, Override: Safe hold mode active
2025-05-28 04:01:48,942 - INFO - [AUDIT] - Action: 0, Confidence: 1.0000, Safety Mode: SAFE_HOLD, Override: Safe hold mode active
2025-05-28 04:01:48,943 - INFO - [AUDIT] - Action: 0, Confidence: 1.0000, Safety Mode: SAFE_HOLD, Override: Safe hold mode active
2025-05-28 04:01:48,943 - INFO - [AUDIT] - Action: 0, Confidence: 1.0000, Safety Mode: SAFE_HOLD, Override: Safe hold mode active
2025-05-28 04:01:48,943 - INFO - [AUDIT] - Action: 0, Confidence: 1.0000, Safety Mode: SAFE_HOLD, Override: Safe hold mode active
2025-05-28 04:01:48,943 - INFO - [AUDIT] - Action: 0, Confidence: 1.0000, Safety Mode: SAFE_HOLD, Override: Safe hold mode active
2025-05-28 04:01:48,943 - INFO - [AUDIT] - Action: 0, Confidence: 1.0000, Safety Mode: SAFE_HOLD, Override: Safe hold mode active
2025-05-28 04:01:48,944 - INFO - [AUDIT] - Action: 0, Confidence: 1.0000, Safety Mode: SAFE_HOLD, Override: Safe hold mode active
2025-05-28 04:01:48,944 - INFO - [AUDIT] - Action: 0, Confidence: 1.0000, Safety Mode: SAFE_HOLD, Override: Safe hold mode active
2025-05-28 04:01:48,944 - INFO - [AUDIT] - Action: 0, Confidence: 1.0000, Safety Mode: SAFE_HOLD, Override: Safe hold mode active
2025-05-28 04:01:48,944 - INFO - [AUDIT] - Action: 0, Confidence: 1.0000, Safety Mode: SAFE_HOLD, Override: Safe hold mode active
2025-05-28 04:01:48,944 - INFO - [AUDIT] - Action: 0, Confidence: 1.0000, Safety Mode: SAFE_HOLD, Override: Safe hold mode active
2025-05-28 04:01:48,945 - INFO - [AUDIT] - Action: 0, Confidence: 1.0000, Safety Mode: SAFE_HOLD, Override: Safe hold mode active
2025-05-28 04:01:48,945 - INFO - [AUDIT] - Action: 0, Confidence: 1.0000, Safety Mode: SAFE_HOLD, Override: Safe hold mode active
2025-05-28 04:01:48,945 - INFO - [AUDIT] - Action: 0, Confidence: 1.0000, Safety Mode: SAFE_HOLD, Override: Safe hold mode active
2025-05-28 04:01:48,945 - INFO - [AUDIT] - Action: 0, Confidence: 1.0000, Safety Mode: SAFE_HOLD, Override: Safe hold mode active
2025-05-28 04:01:48,945 - INFO - [AUDIT] - Action: 0, Confidence: 1.0000, Safety Mode: SAFE_HOLD, Override: Safe hold mode active
2025-05-28 04:01:48,946 - INFO - [AUDIT] - Action: 0, Confidence: 1.0000, Safety Mode: SAFE_HOLD, Override: Safe hold mode active
2025-05-28 04:01:48,946 - INFO - [AUDIT] - Action: 0, Confidence: 1.0000, Safety Mode: SAFE_HOLD, Override: Safe hold mode active
2025-05-28 04:01:48,946 - INFO - [AUDIT] - Action: 0, Confidence: 1.0000, Safety Mode: SAFE_HOLD, Override: Safe hold mode active
2025-05-28 04:01:48,946 - INFO - [AUDIT] - Action: 0, Confidence: 1.0000, Safety Mode: SAFE_HOLD, Override: Safe hold mode active
2025-05-28 04:01:48,946 - INFO - [AUDIT] - Action: 0, Confidence: 1.0000, Safety Mode: SAFE_HOLD, Override: Safe hold mode active
2025-05-28 04:01:48,947 - INFO - [AUDIT] - Action: 0, Confidence: 1.0000, Safety Mode: SAFE_HOLD, Override: Safe hold mode active
2025-05-28 04:01:48,947 - INFO - [AUDIT] - Action: 0, Confidence: 1.0000, Safety Mode: SAFE_HOLD, Override: Safe hold mode active
2025-05-28 04:01:48,947 - INFO - [AUDIT] - Action: 0, Confidence: 1.0000, Safety Mode: SAFE_HOLD, Override: Safe hold mode active
2025-05-28 04:01:48,947 - INFO - [AUDIT] - Action: 0, Confidence: 1.0000, Safety Mode: SAFE_HOLD, Override: Safe hold mode active
2025-05-28 04:01:48,947 - INFO - [AUDIT] - Action: 0, Confidence: 1.0000, Safety Mode: SAFE_HOLD, Override: Safe hold mode active
2025-05-28 04:01:48,947 - INFO - [AUDIT] - Action: 0, Confidence: 1.0000, Safety Mode: SAFE_HOLD, Override: Safe hold mode active
2025-05-28 04:01:48,948 - INFO - [AUDIT] - Action: 0, Confidence: 1.0000, Safety Mode: SAFE_HOLD, Override: Safe hold mode active
2025-05-28 04:01:48,948 - INFO - [AUDIT] - Action: 0, Confidence: 1.0000, Safety Mode: SAFE_HOLD, Override: Safe hold mode active
2025-05-28 04:01:48,948 - INFO - [AUDIT] - Action: 0, Confidence: 1.0000, Safety Mode: SAFE_HOLD, Override: Safe hold mode active
2025-05-28 04:01:48,948 - INFO - [AUDIT] - Action: 0, Confidence: 1.0000, Safety Mode: SAFE_HOLD, Override: Safe hold mode active
2025-05-28 04:01:48,948 - INFO - [AUDIT] - Action: 0, Confidence: 1.0000, Safety Mode: SAFE_HOLD, Override: Safe hold mode active
2025-05-28 04:01:48,949 - INFO - [AUDIT] - Action: 0, Confidence: 1.0000, Safety Mode: SAFE_HOLD, Override: Safe hold mode active
2025-05-28 04:01:48,949 - INFO - [AUDIT] - Action: 0, Confidence: 1.0000, Safety Mode: SAFE_HOLD, Override: Safe hold mode active
2025-05-28 04:01:48,949 - INFO - [AUDIT] - Action: 0, Confidence: 1.0000, Safety Mode: SAFE_HOLD, Override: Safe hold mode active
2025-05-28 04:01:48,949 - INFO - [AUDIT] - Action: 0, Confidence: 1.0000, Safety Mode: SAFE_HOLD, Override: Safe hold mode active
2025-05-28 04:01:48,949 - INFO - [AUDIT] - Action: 0, Confidence: 1.0000, Safety Mode: SAFE_HOLD, Override: Safe hold mode active
2025-05-28 04:01:48,950 - INFO - [AUDIT] - Action: 0, Confidence: 1.0000, Safety Mode: SAFE_HOLD, Override: Safe hold mode active
2025-05-28 04:01:48,950 - INFO - [AUDIT] - Action: 0, Confidence: 1.0000, Safety Mode: SAFE_HOLD, Override: Safe hold mode active
2025-05-28 04:01:48,950 - INFO - [AUDIT] - Action: 0, Confidence: 1.0000, Safety Mode: SAFE_HOLD, Override: Safe hold mode active
2025-05-28 04:01:48,950 - INFO - [AUDIT] - Action: 0, Confidence: 1.0000, Safety Mode: SAFE_HOLD, Override: Safe hold mode active
2025-05-28 04:01:48,950 - INFO - [AUDIT] - Action: 0, Confidence: 1.0000, Safety Mode: SAFE_HOLD, Override: Safe hold mode active
2025-05-28 04:01:48,951 - INFO - [AUDIT] - Action: 0, Confidence: 1.0000, Safety Mode: SAFE_HOLD, Override: Safe hold mode active
2025-05-28 04:01:48,951 - INFO - [AUDIT] - Action: 0, Confidence: 1.0000, Safety Mode: SAFE_HOLD, Override: Safe hold mode active
2025-05-28 04:01:48,951 - INFO - [AUDIT] - Action: 0, Confidence: 1.0000, Safety Mode: SAFE_HOLD, Override: Safe hold mode active
2025-05-28 04:01:48,951 - INFO - [AUDIT] - Action: 0, Confidence: 1.0000, Safety Mode: SAFE_HOLD, Override: Safe hold mode active
2025-05-28 04:01:48,951 - INFO - [AUDIT] - Action: 0, Confidence: 1.0000, Safety Mode: SAFE_HOLD, Override: Safe hold mode active
2025-05-28 04:01:48,952 - INFO - [AUDIT] - Action: 0, Confidence: 1.0000, Safety Mode: SAFE_HOLD, Override: Safe hold mode active
2025-05-28 04:01:48,952 - INFO - [AUDIT] - Action: 0, Confidence: 1.0000, Safety Mode: SAFE_HOLD, Override: Safe hold mode active
2025-05-28 04:01:48,952 - INFO - [AUDIT] - Action: 0, Confidence: 1.0000, Safety Mode: SAFE_HOLD, Override: Safe hold mode active
2025-05-28 04:01:48,952 - INFO - [AUDIT] - Action: 0, Confidence: 1.0000, Safety Mode: SAFE_HOLD, Override: Safe hold mode active
2025-05-28 04:01:48,952 - INFO - [AUDIT] - Action: 0, Confidence: 1.0000, Safety Mode: SAFE_HOLD, Override: Safe hold mode active
2025-05-28 04:01:48,953 - INFO - [AUDIT] - Action: 0, Confidence: 1.0000, Safety Mode: SAFE_HOLD, Override: Safe hold mode active
2025-05-28 04:01:48,953 - INFO - [AUDIT] - Action: 0, Confidence: 1.0000, Safety Mode: SAFE_HOLD, Override: Safe hold mode active
2025-05-28 04:01:48,953 - INFO - [AUDIT] - Action: 0, Confidence: 1.0000, Safety Mode: SAFE_HOLD, Override: Safe hold mode active
2025-05-28 04:01:48,953 - INFO - [AUDIT] - Action: 0, Confidence: 1.0000, Safety Mode: SAFE_HOLD, Override: Safe hold mode active
2025-05-28 04:01:48,954 - INFO - [AUDIT] - Action: 0, Confidence: 1.0000, Safety Mode: SAFE_HOLD, Override: Safe hold mode active
2025-05-28 04:01:48,954 - INFO - [AUDIT] - Action: 0, Confidence: 1.0000, Safety Mode: SAFE_HOLD, Override: Safe hold mode active
2025-05-28 04:01:48,954 - INFO - [AUDIT] - Action: 0, Confidence: 1.0000, Safety Mode: SAFE_HOLD, Override: Safe hold mode active
2025-05-28 04:01:48,954 - INFO - [AUDIT] - Action: 0, Confidence: 1.0000, Safety Mode: SAFE_HOLD, Override: Safe hold mode active
2025-05-28 04:01:48,954 - INFO - [AUDIT] - Action: 0, Confidence: 1.0000, Safety Mode: SAFE_HOLD, Override: Safe hold mode active
2025-05-28 04:01:48,955 - INFO - [AUDIT] - Action: 0, Confidence: 1.0000, Safety Mode: SAFE_HOLD, Override: Safe hold mode active
2025-05-28 04:01:48,955 - INFO - [AUDIT] - Action: 0, Confidence: 1.0000, Safety Mode: SAFE_HOLD, Override: Safe hold mode active
2025-05-28 04:01:48,955 - INFO - [AUDIT] - Action: 0, Confidence: 1.0000, Safety Mode: SAFE_HOLD, Override: Safe hold mode active
2025-05-28 04:01:48,955 - INFO - [AUDIT] - Action: 0, Confidence: 1.0000, Safety Mode: SAFE_HOLD, Override: Safe hold mode active
2025-05-28 04:01:48,955 - INFO - [AUDIT] - Action: 0, Confidence: 1.0000, Safety Mode: SAFE_HOLD, Override: Safe hold mode active
2025-05-28 04:01:48,956 - INFO - [AUDIT] - Action: 0, Confidence: 1.0000, Safety Mode: SAFE_HOLD, Override: Safe hold mode active
2025-05-28 04:01:48,956 - INFO - [AUDIT] - Action: 0, Confidence: 1.0000, Safety Mode: SAFE_HOLD, Override: Safe hold mode active
2025-05-28 04:01:48,956 - INFO - [AUDIT] - Action: 0, Confidence: 1.0000, Safety Mode: SAFE_HOLD, Override: Safe hold mode active
2025-05-28 04:01:48,956 - INFO - [AUDIT] - Action: 0, Confidence: 1.0000, Safety Mode: SAFE_HOLD, Override: Safe hold mode active
2025-05-28 04:01:48,956 - INFO - [AUDIT] - Action: 0, Confidence: 1.0000, Safety Mode: SAFE_HOLD, Override: Safe hold mode active
2025-05-28 04:01:48,957 - INFO - [AUDIT] - Action: 0, Confidence: 1.0000, Safety Mode: SAFE_HOLD, Override: Safe hold mode active
2025-05-28 04:01:48,957 - INFO - [AUDIT] - Action: 0, Confidence: 1.0000, Safety Mode: SAFE_HOLD, Override: Safe hold mode active
2025-05-28 04:01:48,957 - INFO - [AUDIT] - Action: 0, Confidence: 1.0000, Safety Mode: SAFE_HOLD, Override: Safe hold mode active
2025-05-28 04:01:48,957 - INFO - [AUDIT] - Action: 0, Confidence: 1.0000, Safety Mode: SAFE_HOLD, Override: Safe hold mode active
2025-05-28 04:01:48,957 - INFO - [AUDIT] - Action: 0, Confidence: 1.0000, Safety Mode: SAFE_HOLD, Override: Safe hold mode active
2025-05-28 04:01:48,958 - INFO - [AUDIT] - Action: 0, Confidence: 1.0000, Safety Mode: SAFE_HOLD, Override: Safe hold mode active
2025-05-28 04:01:48,958 - INFO - [AUDIT] - Action: 0, Confidence: 1.0000, Safety Mode: SAFE_HOLD, Override: Safe hold mode active
2025-05-28 04:01:48,958 - INFO - [AUDIT] - Action: 0, Confidence: 1.0000, Safety Mode: SAFE_HOLD, Override: Safe hold mode active
2025-05-28 04:01:48,958 - INFO - [AUDIT] - Action: 0, Confidence: 1.0000, Safety Mode: SAFE_HOLD, Override: Safe hold mode active
2025-05-28 04:01:48,958 - INFO - [AUDIT] - Action: 0, Confidence: 1.0000, Safety Mode: SAFE_HOLD, Override: Safe hold mode active
2025-05-28 04:01:48,959 - INFO - [AUDIT] - Action: 0, Confidence: 1.0000, Safety Mode: SAFE_HOLD, Override: Safe hold mode active
2025-05-28 04:01:48,959 - INFO - [AUDIT] - Action: 0, Confidence: 1.0000, Safety Mode: SAFE_HOLD, Override: Safe hold mode active
2025-05-28 04:01:48,959 - INFO - [AUDIT] - Action: 0, Confidence: 1.0000, Safety Mode: SAFE_HOLD, Override: Safe hold mode active
2025-05-28 04:01:48,959 - INFO - [AUDIT] - Action: 0, Confidence: 1.0000, Safety Mode: SAFE_HOLD, Override: Safe hold mode active
2025-05-28 04:01:48,959 - INFO - [AUDIT] - Action: 0, Confidence: 1.0000, Safety Mode: SAFE_HOLD, Override: Safe hold mode active
2025-05-28 04:01:48,960 - INFO - [AUDIT] - Action: 0, Confidence: 1.0000, Safety Mode: SAFE_HOLD, Override: Safe hold mode active
2025-05-28 04:01:48,960 - INFO - [AUDIT] - Action: 0, Confidence: 1.0000, Safety Mode: SAFE_HOLD, Override: Safe hold mode active
2025-05-28 04:01:48,960 - INFO - [AUDIT] - Action: 0, Confidence: 1.0000, Safety Mode: SAFE_HOLD, Override: Safe hold mode active
2025-05-28 04:01:48,960 - INFO - [AUDIT] - Action: 0, Confidence: 1.0000, Safety Mode: SAFE_HOLD, Override: Safe hold mode active
2025-05-28 04:01:48,960 - INFO - [AUDIT] - Action: 0, Confidence: 1.0000, Safety Mode: SAFE_HOLD, Override: Safe hold mode active
2025-05-28 04:01:48,961 - INFO - [AUDIT] - Action: 0, Confidence: 1.0000, Safety Mode: SAFE_HOLD, Override: Safe hold mode active
2025-05-28 04:01:48,961 - INFO - [AUDIT] - Action: 0, Confidence: 1.0000, Safety Mode: SAFE_HOLD, Override: Safe hold mode active
2025-05-28 04:01:48,961 - INFO - [AUDIT] - Action: 0, Confidence: 1.0000, Safety Mode: SAFE_HOLD, Override: Safe hold mode active
2025-05-28 04:01:48,961 - INFO - [AUDIT] - Action: 0, Confidence: 1.0000, Safety Mode: SAFE_HOLD, Override: Safe hold mode active
2025-05-28 04:01:48,961 - INFO - [AUDIT] - Action: 0, Confidence: 1.0000, Safety Mode: SAFE_HOLD, Override: Safe hold mode active
2025-05-28 04:01:48,962 - INFO - [AUDIT] - Action: 0, Confidence: 1.0000, Safety Mode: SAFE_HOLD, Override: Safe hold mode active
2025-05-28 04:01:48,962 - INFO - [AUDIT] - Action: 0, Confidence: 1.0000, Safety Mode: SAFE_HOLD, Override: Safe hold mode active
2025-05-28 04:01:48,962 - INFO - [AUDIT] - Action: 0, Confidence: 1.0000, Safety Mode: SAFE_HOLD, Override: Safe hold mode active
2025-05-28 04:01:48,962 - INFO - [AUDIT] - Action: 0, Confidence: 1.0000, Safety Mode: SAFE_HOLD, Override: Safe hold mode active
2025-05-28 04:01:48,962 - INFO - [AUDIT] - Action: 0, Confidence: 1.0000, Safety Mode: SAFE_HOLD, Override: Safe hold mode active
2025-05-28 04:01:48,962 - INFO - [AUDIT] - Action: 0, Confidence: 1.0000, Safety Mode: SAFE_HOLD, Override: Safe hold mode active
2025-05-28 04:01:48,963 - INFO - [AUDIT] - Action: 0, Confidence: 1.0000, Safety Mode: SAFE_HOLD, Override: Safe hold mode active
2025-05-28 04:01:48,963 - INFO - [AUDIT] - Action: 0, Confidence: 1.0000, Safety Mode: SAFE_HOLD, Override: Safe hold mode active
2025-05-28 04:01:48,963 - INFO - [AUDIT] - Action: 0, Confidence: 1.0000, Safety Mode: SAFE_HOLD, Override: Safe hold mode active
2025-05-28 04:01:48,963 - INFO - [AUDIT] - Action: 0, Confidence: 1.0000, Safety Mode: SAFE_HOLD, Override: Safe hold mode active
2025-05-28 04:01:48,963 - INFO - [AUDIT] - Action: 0, Confidence: 1.0000, Safety Mode: SAFE_HOLD, Override: Safe hold mode active
2025-05-28 04:01:48,964 - INFO - [AUDIT] - Action: 0, Confidence: 1.0000, Safety Mode: SAFE_HOLD, Override: Safe hold mode active
2025-05-28 04:01:48,964 - INFO - [AUDIT] - Action: 0, Confidence: 1.0000, Safety Mode: SAFE_HOLD, Override: Safe hold mode active
2025-05-28 04:01:48,964 - INFO - [AUDIT] - Action: 0, Confidence: 1.0000, Safety Mode: SAFE_HOLD, Override: Safe hold mode active
2025-05-28 04:01:48,964 - INFO - [AUDIT] - Action: 0, Confidence: 1.0000, Safety Mode: SAFE_HOLD, Override: Safe hold mode active
2025-05-28 04:01:48,964 - INFO - [AUDIT] - Action: 0, Confidence: 1.0000, Safety Mode: SAFE_HOLD, Override: Safe hold mode active
2025-05-28 04:01:48,965 - INFO - [AUDIT] - Action: 0, Confidence: 1.0000, Safety Mode: SAFE_HOLD, Override: Safe hold mode active
2025-05-28 04:01:48,965 - INFO - [AUDIT] - Action: 0, Confidence: 1.0000, Safety Mode: SAFE_HOLD, Override: Safe hold mode active
2025-05-28 04:01:48,965 - INFO - [AUDIT] - Action: 0, Confidence: 1.0000, Safety Mode: SAFE_HOLD, Override: Safe hold mode active
2025-05-28 04:01:48,965 - INFO - [AUDIT] - Action: 0, Confidence: 1.0000, Safety Mode: SAFE_HOLD, Override: Safe hold mode active
2025-05-28 04:01:48,965 - INFO - [AUDIT] - Action: 0, Confidence: 1.0000, Safety Mode: SAFE_HOLD, Override: Safe hold mode active
2025-05-28 04:01:48,966 - INFO - [AUDIT] - Action: 0, Confidence: 1.0000, Safety Mode: SAFE_HOLD, Override: Safe hold mode active
2025-05-28 04:01:48,966 - INFO - [AUDIT] - Action: 0, Confidence: 1.0000, Safety Mode: SAFE_HOLD, Override: Safe hold mode active
2025-05-28 04:01:48,966 - INFO - [AUDIT] - Action: 0, Confidence: 1.0000, Safety Mode: SAFE_HOLD, Override: Safe hold mode active
2025-05-28 04:01:48,966 - INFO - [AUDIT] - Action: 0, Confidence: 1.0000, Safety Mode: SAFE_HOLD, Override: Safe hold mode active
2025-05-28 04:01:48,966 - INFO - [AUDIT] - Action: 0, Confidence: 1.0000, Safety Mode: SAFE_HOLD, Override: Safe hold mode active
2025-05-28 04:01:48,967 - INFO - [AUDIT] - Action: 0, Confidence: 1.0000, Safety Mode: SAFE_HOLD, Override: Safe hold mode active
2025-05-28 04:01:48,967 - INFO - [AUDIT] - Action: 0, Confidence: 1.0000, Safety Mode: SAFE_HOLD, Override: Safe hold mode active
2025-05-28 04:01:48,967 - INFO - [AUDIT] - Action: 0, Confidence: 1.0000, Safety Mode: SAFE_HOLD, Override: Safe hold mode active
2025-05-28 04:01:48,967 - INFO - [AUDIT] - Action: 0, Confidence: 1.0000, Safety Mode: SAFE_HOLD, Override: Safe hold mode active
2025-05-28 04:01:48,967 - INFO - [AUDIT] - Action: 0, Confidence: 1.0000, Safety Mode: SAFE_HOLD, Override: Safe hold mode active
2025-05-28 04:01:48,968 - INFO - [AUDIT] - Action: 0, Confidence: 1.0000, Safety Mode: SAFE_HOLD, Override: Safe hold mode active
2025-05-28 04:01:48,968 - INFO - [AUDIT] - Action: 0, Confidence: 1.0000, Safety Mode: SAFE_HOLD, Override: Safe hold mode active
2025-05-28 04:01:48,968 - INFO - [AUDIT] - Action: 0, Confidence: 1.0000, Safety Mode: SAFE_HOLD, Override: Safe hold mode active
2025-05-28 04:01:48,968 - INFO - [AUDIT] - Action: 0, Confidence: 1.0000, Safety Mode: SAFE_HOLD, Override: Safe hold mode active
2025-05-28 04:01:48,969 - INFO - [AUDIT] - Action: 0, Confidence: 1.0000, Safety Mode: SAFE_HOLD, Override: Safe hold mode active
2025-05-28 04:01:48,969 - INFO - [AUDIT] - Action: 0, Confidence: 1.0000, Safety Mode: SAFE_HOLD, Override: Safe hold mode active
2025-05-28 04:01:48,969 - INFO - [AUDIT] - Action: 0, Confidence: 1.0000, Safety Mode: SAFE_HOLD, Override: Safe hold mode active
2025-05-28 04:01:48,969 - INFO - [AUDIT] - Action: 0, Confidence: 1.0000, Safety Mode: SAFE_HOLD, Override: Safe hold mode active
2025-05-28 04:01:48,970 - INFO - [AUDIT] - Action: 0, Confidence: 1.0000, Safety Mode: SAFE_HOLD, Override: Safe hold mode active
2025-05-28 04:01:48,970 - INFO - [AUDIT] - Action: 0, Confidence: 1.0000, Safety Mode: SAFE_HOLD, Override: Safe hold mode active
2025-05-28 04:01:48,970 - INFO - [AUDIT] - Action: 0, Confidence: 1.0000, Safety Mode: SAFE_HOLD, Override: Safe hold mode active
2025-05-28 04:01:48,970 - INFO - [AUDIT] - Action: 0, Confidence: 1.0000, Safety Mode: SAFE_HOLD, Override: Safe hold mode active
2025-05-28 04:01:48,970 - INFO - [AUDIT] - Action: 0, Confidence: 1.0000, Safety Mode: SAFE_HOLD, Override: Safe hold mode active
2025-05-28 04:01:48,970 - INFO - [AUDIT] - Action: 0, Confidence: 1.0000, Safety Mode: SAFE_HOLD, Override: Safe hold mode active
2025-05-28 04:01:48,971 - INFO - [AUDIT] - Action: 0, Confidence: 1.0000, Safety Mode: SAFE_HOLD, Override: Safe hold mode active
2025-05-28 04:01:48,971 - INFO - [AUDIT] - Action: 0, Confidence: 1.0000, Safety Mode: SAFE_HOLD, Override: Safe hold mode active
2025-05-28 04:01:48,971 - INFO - [AUDIT] - Action: 0, Confidence: 1.0000, Safety Mode: SAFE_HOLD, Override: Safe hold mode active
2025-05-28 04:01:48,971 - INFO - [AUDIT] - Action: 0, Confidence: 1.0000, Safety Mode: SAFE_HOLD, Override: Safe hold mode active
2025-05-28 04:01:48,971 - INFO - [AUDIT] - Action: 0, Confidence: 1.0000, Safety Mode: SAFE_HOLD, Override: Safe hold mode active
2025-05-28 04:01:48,972 - INFO - [AUDIT] - Action: 0, Confidence: 1.0000, Safety Mode: SAFE_HOLD, Override: Safe hold mode active
2025-05-28 04:01:48,972 - INFO - [AUDIT] - Action: 0, Confidence: 1.0000, Safety Mode: SAFE_HOLD, Override: Safe hold mode active
2025-05-28 04:01:48,972 - INFO - [AUDIT] - Action: 0, Confidence: 1.0000, Safety Mode: SAFE_HOLD, Override: Safe hold mode active
2025-05-28 04:01:48,972 - INFO - [AUDIT] - Action: 0, Confidence: 1.0000, Safety Mode: SAFE_HOLD, Override: Safe hold mode active
2025-05-28 04:01:48,972 - INFO - [AUDIT] - Action: 0, Confidence: 1.0000, Safety Mode: SAFE_HOLD, Override: Safe hold mode active
2025-05-28 04:01:48,973 - INFO - [AUDIT] - Action: 0, Confidence: 1.0000, Safety Mode: SAFE_HOLD, Override: Safe hold mode active
2025-05-28 04:01:48,973 - INFO - [AUDIT] - Action: 0, Confidence: 1.0000, Safety Mode: SAFE_HOLD, Override: Safe hold mode active
2025-05-28 04:01:48,973 - INFO - [AUDIT] - Action: 0, Confidence: 1.0000, Safety Mode: SAFE_HOLD, Override: Safe hold mode active
2025-05-28 04:01:48,973 - INFO - [AUDIT] - Action: 0, Confidence: 1.0000, Safety Mode: SAFE_HOLD, Override: Safe hold mode active
2025-05-28 04:01:48,973 - INFO - [AUDIT] - Action: 0, Confidence: 1.0000, Safety Mode: SAFE_HOLD, Override: Safe hold mode active
2025-05-28 04:01:48,973 - INFO - [AUDIT] - Action: 0, Confidence: 1.0000, Safety Mode: SAFE_HOLD, Override: Safe hold mode active
2025-05-28 04:01:48,974 - INFO - [AUDIT] - Action: 0, Confidence: 1.0000, Safety Mode: SAFE_HOLD, Override: Safe hold mode active
2025-05-28 04:01:48,974 - INFO - [AUDIT] - Action: 0, Confidence: 1.0000, Safety Mode: SAFE_HOLD, Override: Safe hold mode active
2025-05-28 04:01:48,974 - INFO - [AUDIT] - Action: 0, Confidence: 1.0000, Safety Mode: SAFE_HOLD, Override: Safe hold mode active
2025-05-28 04:01:48,974 - INFO - [AUDIT] - Action: 0, Confidence: 1.0000, Safety Mode: SAFE_HOLD, Override: Safe hold mode active
2025-05-28 04:01:48,975 - INFO - [AUDIT] - Action: 0, Confidence: 1.0000, Safety Mode: SAFE_HOLD, Override: Safe hold mode active
2025-05-28 04:01:48,975 - INFO - [AUDIT] - Action: 0, Confidence: 1.0000, Safety Mode: SAFE_HOLD, Override: Safe hold mode active
2025-05-28 04:01:48,975 - INFO - [AUDIT] - Action: 0, Confidence: 1.0000, Safety Mode: SAFE_HOLD, Override: Safe hold mode active
2025-05-28 04:01:48,975 - INFO - [AUDIT] - Action: 0, Confidence: 1.0000, Safety Mode: SAFE_HOLD, Override: Safe hold mode active
2025-05-28 04:01:48,975 - INFO - [AUDIT] - Action: 0, Confidence: 1.0000, Safety Mode: SAFE_HOLD, Override: Safe hold mode active
2025-05-28 04:01:48,975 - INFO - [AUDIT] - Action: 0, Confidence: 1.0000, Safety Mode: SAFE_HOLD, Override: Safe hold mode active
2025-05-28 04:01:48,976 - INFO - [AUDIT] - Action: 0, Confidence: 1.0000, Safety Mode: SAFE_HOLD, Override: Safe hold mode active
2025-05-28 04:01:48,976 - INFO - [AUDIT] - Action: 0, Confidence: 1.0000, Safety Mode: SAFE_HOLD, Override: Safe hold mode active
2025-05-28 04:01:48,976 - INFO - [AUDIT] - Action: 0, Confidence: 1.0000, Safety Mode: SAFE_HOLD, Override: Safe hold mode active
2025-05-28 04:01:48,976 - INFO - [AUDIT] - Action: 0, Confidence: 1.0000, Safety Mode: SAFE_HOLD, Override: Safe hold mode active
2025-05-28 04:01:48,976 - INFO - [AUDIT] - Action: 0, Confidence: 1.0000, Safety Mode: SAFE_HOLD, Override: Safe hold mode active
2025-05-28 04:01:48,977 - INFO - [AUDIT] - Action: 0, Confidence: 1.0000, Safety Mode: SAFE_HOLD, Override: Safe hold mode active
2025-05-28 04:01:48,977 - INFO - [AUDIT] - Action: 0, Confidence: 1.0000, Safety Mode: SAFE_HOLD, Override: Safe hold mode active
2025-05-28 04:01:48,977 - INFO - [AUDIT] - Action: 0, Confidence: 1.0000, Safety Mode: SAFE_HOLD, Override: Safe hold mode active
2025-05-28 04:01:48,977 - INFO - [AUDIT] - Action: 0, Confidence: 1.0000, Safety Mode: SAFE_HOLD, Override: Safe hold mode active
2025-05-28 04:01:48,977 - INFO - [AUDIT] - Action: 0, Confidence: 1.0000, Safety Mode: SAFE_HOLD, Override: Safe hold mode active
2025-05-28 04:01:48,978 - INFO - [AUDIT] - Action: 0, Confidence: 1.0000, Safety Mode: SAFE_HOLD, Override: Safe hold mode active
2025-05-28 04:01:48,978 - INFO - [AUDIT] - Action: 0, Confidence: 1.0000, Safety Mode: SAFE_HOLD, Override: Safe hold mode active
2025-05-28 04:01:48,978 - INFO - [AUDIT] - Action: 0, Confidence: 1.0000, Safety Mode: SAFE_HOLD, Override: Safe hold mode active
2025-05-28 04:01:48,978 - INFO - [AUDIT] - Action: 0, Confidence: 1.0000, Safety Mode: SAFE_HOLD, Override: Safe hold mode active
2025-05-28 04:01:48,978 - INFO - [AUDIT] - Action: 0, Confidence: 1.0000, Safety Mode: SAFE_HOLD, Override: Safe hold mode active
2025-05-28 04:01:48,979 - INFO - [AUDIT] - Action: 0, Confidence: 1.0000, Safety Mode: SAFE_HOLD, Override: Safe hold mode active
2025-05-28 04:01:48,979 - INFO - [AUDIT] - Action: 0, Confidence: 1.0000, Safety Mode: SAFE_HOLD, Override: Safe hold mode active
2025-05-28 04:01:48,979 - INFO - [AUDIT] - Action: 0, Confidence: 1.0000, Safety Mode: SAFE_HOLD, Override: Safe hold mode active
2025-05-28 04:01:48,979 - INFO - [AUDIT] - Action: 0, Confidence: 1.0000, Safety Mode: SAFE_HOLD, Override: Safe hold mode active
2025-05-28 04:01:48,979 - INFO - [AUDIT] - Action: 0, Confidence: 1.0000, Safety Mode: SAFE_HOLD, Override: Safe hold mode active
2025-05-28 04:01:48,980 - INFO - [AUDIT] - Action: 0, Confidence: 1.0000, Safety Mode: SAFE_HOLD, Override: Safe hold mode active
2025-05-28 04:01:48,980 - INFO - [AUDIT] - Action: 0, Confidence: 1.0000, Safety Mode: SAFE_HOLD, Override: Safe hold mode active
2025-05-28 04:01:48,980 - INFO - [AUDIT] - Action: 0, Confidence: 1.0000, Safety Mode: SAFE_HOLD, Override: Safe hold mode active
2025-05-28 04:01:48,980 - INFO - [AUDIT] - Action: 0, Confidence: 1.0000, Safety Mode: SAFE_HOLD, Override: Safe hold mode active
2025-05-28 04:01:48,980 - INFO - [AUDIT] - Action: 0, Confidence: 1.0000, Safety Mode: SAFE_HOLD, Override: Safe hold mode active
2025-05-28 04:01:48,981 - INFO - [AUDIT] - Action: 0, Confidence: 1.0000, Safety Mode: SAFE_HOLD, Override: Safe hold mode active
2025-05-28 04:01:48,981 - INFO - [AUDIT] - Action: 0, Confidence: 1.0000, Safety Mode: SAFE_HOLD, Override: Safe hold mode active
2025-05-28 04:01:48,981 - INFO - [AUDIT] - Action: 0, Confidence: 1.0000, Safety Mode: SAFE_HOLD, Override: Safe hold mode active
2025-05-28 04:01:48,981 - INFO - [AUDIT] - Action: 0, Confidence: 1.0000, Safety Mode: SAFE_HOLD, Override: Safe hold mode active
2025-05-28 04:01:48,981 - INFO - [AUDIT] - Action: 0, Confidence: 1.0000, Safety Mode: SAFE_HOLD, Override: Safe hold mode active
2025-05-28 04:01:48,981 - INFO - [AUDIT] - Action: 0, Confidence: 1.0000, Safety Mode: SAFE_HOLD, Override: Safe hold mode active
2025-05-28 04:01:48,982 - INFO - [AUDIT] - Action: 0, Confidence: 1.0000, Safety Mode: SAFE_HOLD, Override: Safe hold mode active
2025-05-28 04:01:48,982 - INFO - [AUDIT] - Action: 0, Confidence: 1.0000, Safety Mode: SAFE_HOLD, Override: Safe hold mode active
2025-05-28 04:01:48,982 - INFO - [AUDIT] - Action: 0, Confidence: 1.0000, Safety Mode: SAFE_HOLD, Override: Safe hold mode active
2025-05-28 04:01:48,982 - INFO - [AUDIT] - Action: 0, Confidence: 1.0000, Safety Mode: SAFE_HOLD, Override: Safe hold mode active
2025-05-28 04:01:48,982 - INFO - [AUDIT] - Action: 0, Confidence: 1.0000, Safety Mode: SAFE_HOLD, Override: Safe hold mode active
2025-05-28 04:01:48,983 - INFO - [AUDIT] - Action: 0, Confidence: 1.0000, Safety Mode: SAFE_HOLD, Override: Safe hold mode active
2025-05-28 04:01:48,983 - INFO - [AUDIT] - Action: 0, Confidence: 1.0000, Safety Mode: SAFE_HOLD, Override: Safe hold mode active
2025-05-28 04:01:48,983 - INFO - [AUDIT] - Action: 0, Confidence: 1.0000, Safety Mode: SAFE_HOLD, Override: Safe hold mode active
2025-05-28 04:01:48,983 - INFO - [AUDIT] - Action: 0, Confidence: 1.0000, Safety Mode: SAFE_HOLD, Override: Safe hold mode active
2025-05-28 04:01:48,983 - INFO - [AUDIT] - Action: 0, Confidence: 1.0000, Safety Mode: SAFE_HOLD, Override: Safe hold mode active
2025-05-28 04:01:48,984 - INFO - [AUDIT] - Action: 0, Confidence: 1.0000, Safety Mode: SAFE_HOLD, Override: Safe hold mode active
2025-05-28 04:01:48,984 - INFO - [AUDIT] - Action: 0, Confidence: 1.0000, Safety Mode: SAFE_HOLD, Override: Safe hold mode active
2025-05-28 04:01:48,984 - INFO - [AUDIT] - Action: 0, Confidence: 1.0000, Safety Mode: SAFE_HOLD, Override: Safe hold mode active
2025-05-28 04:01:48,985 - INFO - [AUDIT] - Action: 0, Confidence: 1.0000, Safety Mode: SAFE_HOLD, Override: Safe hold mode active
2025-05-28 04:01:48,985 - INFO - [AUDIT] - Action: 0, Confidence: 1.0000, Safety Mode: SAFE_HOLD, Override: Safe hold mode active
2025-05-28 04:01:48,985 - INFO - [AUDIT] - Action: 0, Confidence: 1.0000, Safety Mode: SAFE_HOLD, Override: Safe hold mode active
2025-05-28 04:01:48,985 - INFO - [AUDIT] - Action: 0, Confidence: 1.0000, Safety Mode: SAFE_HOLD, Override: Safe hold mode active
2025-05-28 04:01:48,986 - INFO - [AUDIT] - Action: 0, Confidence: 1.0000, Safety Mode: SAFE_HOLD, Override: Safe hold mode active
2025-05-28 04:01:48,986 - INFO - [AUDIT] - Action: 0, Confidence: 1.0000, Safety Mode: SAFE_HOLD, Override: Safe hold mode active
2025-05-28 04:01:48,986 - INFO - [AUDIT] - Action: 0, Confidence: 1.0000, Safety Mode: SAFE_HOLD, Override: Safe hold mode active
2025-05-28 04:01:48,986 - INFO - [AUDIT] - Action: 0, Confidence: 1.0000, Safety Mode: SAFE_HOLD, Override: Safe hold mode active
2025-05-28 04:01:48,986 - INFO - [AUDIT] - Action: 0, Confidence: 1.0000, Safety Mode: SAFE_HOLD, Override: Safe hold mode active
2025-05-28 04:01:48,986 - INFO - [AUDIT] - Action: 0, Confidence: 1.0000, Safety Mode: SAFE_HOLD, Override: Safe hold mode active
2025-05-28 04:01:48,987 - INFO - [AUDIT] - Action: 0, Confidence: 1.0000, Safety Mode: SAFE_HOLD, Override: Safe hold mode active
2025-05-28 04:01:48,987 - INFO - [AUDIT] - Action: 0, Confidence: 1.0000, Safety Mode: SAFE_HOLD, Override: Safe hold mode active
2025-05-28 04:01:48,987 - INFO - [AUDIT] - Action: 0, Confidence: 1.0000, Safety Mode: SAFE_HOLD, Override: Safe hold mode active
2025-05-28 04:01:48,987 - INFO - [AUDIT] - Action: 0, Confidence: 1.0000, Safety Mode: SAFE_HOLD, Override: Safe hold mode active
2025-05-28 04:01:48,987 - INFO - [AUDIT] - Action: 0, Confidence: 1.0000, Safety Mode: SAFE_HOLD, Override: Safe hold mode active
2025-05-28 04:01:48,988 - INFO - [AUDIT] - Action: 0, Confidence: 1.0000, Safety Mode: SAFE_HOLD, Override: Safe hold mode active
2025-05-28 04:01:48,988 - INFO - [AUDIT] - Action: 0, Confidence: 1.0000, Safety Mode: SAFE_HOLD, Override: Safe hold mode active
2025-05-28 04:01:48,988 - INFO - [AUDIT] - Action: 0, Confidence: 1.0000, Safety Mode: SAFE_HOLD, Override: Safe hold mode active
2025-05-28 04:01:48,988 - INFO - [AUDIT] - Action: 0, Confidence: 1.0000, Safety Mode: SAFE_HOLD, Override: Safe hold mode active
2025-05-28 04:01:48,988 - INFO - [AUDIT] - Action: 0, Confidence: 1.0000, Safety Mode: SAFE_HOLD, Override: Safe hold mode active
2025-05-28 04:01:48,989 - INFO - [AUDIT] - Action: 0, Confidence: 1.0000, Safety Mode: SAFE_HOLD, Override: Safe hold mode active
2025-05-28 04:01:48,989 - INFO - [AUDIT] - Action: 0, Confidence: 1.0000, Safety Mode: SAFE_HOLD, Override: Safe hold mode active
2025-05-28 04:01:48,989 - INFO - [AUDIT] - Action: 0, Confidence: 1.0000, Safety Mode: SAFE_HOLD, Override: Safe hold mode active
2025-05-28 04:01:48,989 - INFO - [AUDIT] - Action: 0, Confidence: 1.0000, Safety Mode: SAFE_HOLD, Override: Safe hold mode active
2025-05-28 04:01:48,989 - INFO - [AUDIT] - Action: 0, Confidence: 1.0000, Safety Mode: SAFE_HOLD, Override: Safe hold mode active
2025-05-28 04:01:48,990 - INFO - [AUDIT] - Action: 0, Confidence: 1.0000, Safety Mode: SAFE_HOLD, Override: Safe hold mode active
2025-05-28 04:01:48,990 - INFO - [AUDIT] - Action: 0, Confidence: 1.0000, Safety Mode: SAFE_HOLD, Override: Safe hold mode active
2025-05-28 04:01:48,990 - INFO - [AUDIT] - Action: 0, Confidence: 1.0000, Safety Mode: SAFE_HOLD, Override: Safe hold mode active
2025-05-28 04:01:48,990 - INFO - [AUDIT] - Action: 0, Confidence: 1.0000, Safety Mode: SAFE_HOLD, Override: Safe hold mode active
2025-05-28 04:01:48,990 - INFO - [AUDIT] - Action: 0, Confidence: 1.0000, Safety Mode: SAFE_HOLD, Override: Safe hold mode active
2025-05-28 04:01:48,990 - INFO - [AUDIT] - Action: 0, Confidence: 1.0000, Safety Mode: SAFE_HOLD, Override: Safe hold mode active
2025-05-28 04:01:48,991 - INFO - [AUDIT] - Action: 0, Confidence: 1.0000, Safety Mode: SAFE_HOLD, Override: Safe hold mode active
2025-05-28 04:01:48,991 - INFO - [AUDIT] - Action: 0, Confidence: 1.0000, Safety Mode: SAFE_HOLD, Override: Safe hold mode active
2025-05-28 04:01:48,991 - INFO - [AUDIT] - Action: 0, Confidence: 1.0000, Safety Mode: SAFE_HOLD, Override: Safe hold mode active
2025-05-28 04:01:48,991 - INFO - [AUDIT] - Action: 0, Confidence: 1.0000, Safety Mode: SAFE_HOLD, Override: Safe hold mode active
2025-05-28 04:01:48,991 - INFO - [AUDIT] - Action: 0, Confidence: 1.0000, Safety Mode: SAFE_HOLD, Override: Safe hold mode active
2025-05-28 04:01:48,992 - INFO - [AUDIT] - Action: 0, Confidence: 1.0000, Safety Mode: SAFE_HOLD, Override: Safe hold mode active
2025-05-28 04:01:48,992 - INFO - [AUDIT] - Action: 0, Confidence: 1.0000, Safety Mode: SAFE_HOLD, Override: Safe hold mode active
2025-05-28 04:01:48,992 - INFO - [AUDIT] - Action: 0, Confidence: 1.0000, Safety Mode: SAFE_HOLD, Override: Safe hold mode active
2025-05-28 04:01:48,992 - INFO - [AUDIT] - Action: 0, Confidence: 1.0000, Safety Mode: SAFE_HOLD, Override: Safe hold mode active
2025-05-28 04:01:48,992 - INFO - [AUDIT] - Action: 0, Confidence: 1.0000, Safety Mode: SAFE_HOLD, Override: Safe hold mode active
2025-05-28 04:01:48,993 - INFO - [AUDIT] - Action: 0, Confidence: 1.0000, Safety Mode: SAFE_HOLD, Override: Safe hold mode active
2025-05-28 04:01:48,993 - INFO - [AUDIT] - Action: 0, Confidence: 1.0000, Safety Mode: SAFE_HOLD, Override: Safe hold mode active
2025-05-28 04:01:48,993 - INFO - [AUDIT] - Action: 0, Confidence: 1.0000, Safety Mode: SAFE_HOLD, Override: Safe hold mode active
2025-05-28 04:01:48,993 - INFO - [AUDIT] - Action: 0, Confidence: 1.0000, Safety Mode: SAFE_HOLD, Override: Safe hold mode active
2025-05-28 04:01:48,993 - INFO - [AUDIT] - Action: 0, Confidence: 1.0000, Safety Mode: SAFE_HOLD, Override: Safe hold mode active
2025-05-28 04:01:48,994 - INFO - [AUDIT] - Action: 0, Confidence: 1.0000, Safety Mode: SAFE_HOLD, Override: Safe hold mode active
2025-05-28 04:01:48,994 - INFO - [AUDIT] - Action: 0, Confidence: 1.0000, Safety Mode: SAFE_HOLD, Override: Safe hold mode active
2025-05-28 04:01:48,994 - INFO - [AUDIT] - Action: 0, Confidence: 1.0000, Safety Mode: SAFE_HOLD, Override: Safe hold mode active
2025-05-28 04:01:48,994 - INFO - [AUDIT] - Action: 0, Confidence: 1.0000, Safety Mode: SAFE_HOLD, Override: Safe hold mode active
2025-05-28 04:01:48,995 - INFO - [AUDIT] - Action: 0, Confidence: 1.0000, Safety Mode: SAFE_HOLD, Override: Safe hold mode active
2025-05-28 04:01:48,995 - INFO - [AUDIT] - Action: 0, Confidence: 1.0000, Safety Mode: SAFE_HOLD, Override: Safe hold mode active
2025-05-28 04:01:48,995 - INFO - [AUDIT] - Action: 0, Confidence: 1.0000, Safety Mode: SAFE_HOLD, Override: Safe hold mode active
2025-05-28 04:01:48,995 - INFO - [AUDIT] - Action: 0, Confidence: 1.0000, Safety Mode: SAFE_HOLD, Override: Safe hold mode active
2025-05-28 04:01:48,995 - INFO - [AUDIT] - Action: 0, Confidence: 1.0000, Safety Mode: SAFE_HOLD, Override: Safe hold mode active
2025-05-28 04:01:48,996 - INFO - [AUDIT] - Action: 0, Confidence: 1.0000, Safety Mode: SAFE_HOLD, Override: Safe hold mode active
2025-05-28 04:01:48,996 - INFO - [AUDIT] - Action: 0, Confidence: 1.0000, Safety Mode: SAFE_HOLD, Override: Safe hold mode active
2025-05-28 04:01:48,996 - INFO - [AUDIT] - Action: 0, Confidence: 1.0000, Safety Mode: SAFE_HOLD, Override: Safe hold mode active
2025-05-28 04:01:48,996 - INFO - [AUDIT] - Action: 0, Confidence: 1.0000, Safety Mode: SAFE_HOLD, Override: Safe hold mode active
2025-05-28 04:01:48,996 - INFO - [AUDIT] - Action: 0, Confidence: 1.0000, Safety Mode: SAFE_HOLD, Override: Safe hold mode active
2025-05-28 04:01:48,997 - INFO - [AUDIT] - Action: 0, Confidence: 1.0000, Safety Mode: SAFE_HOLD, Override: Safe hold mode active
2025-05-28 04:01:48,997 - INFO - [AUDIT] - Action: 0, Confidence: 1.0000, Safety Mode: SAFE_HOLD, Override: Safe hold mode active
2025-05-28 04:01:48,997 - INFO - [AUDIT] - Action: 0, Confidence: 1.0000, Safety Mode: SAFE_HOLD, Override: Safe hold mode active
2025-05-28 04:01:48,997 - INFO - [AUDIT] - Action: 0, Confidence: 1.0000, Safety Mode: SAFE_HOLD, Override: Safe hold mode active
2025-05-28 04:01:48,997 - INFO - [AUDIT] - Action: 0, Confidence: 1.0000, Safety Mode: SAFE_HOLD, Override: Safe hold mode active
2025-05-28 04:01:48,997 - INFO - [AUDIT] - Action: 0, Confidence: 1.0000, Safety Mode: SAFE_HOLD, Override: Safe hold mode active
2025-05-28 04:01:48,998 - INFO - [AUDIT] - Action: 0, Confidence: 1.0000, Safety Mode: SAFE_HOLD, Override: Safe hold mode active
2025-05-28 04:01:48,998 - INFO - [AUDIT] - Action: 0, Confidence: 1.0000, Safety Mode: SAFE_HOLD, Override: Safe hold mode active
2025-05-28 04:01:48,998 - INFO - [AUDIT] - Action: 0, Confidence: 1.0000, Safety Mode: SAFE_HOLD, Override: Safe hold mode active
2025-05-28 04:01:48,998 - INFO - [AUDIT] - Action: 0, Confidence: 1.0000, Safety Mode: SAFE_HOLD, Override: Safe hold mode active
2025-05-28 04:01:48,998 - INFO - [AUDIT] - Action: 0, Confidence: 1.0000, Safety Mode: SAFE_HOLD, Override: Safe hold mode active
2025-05-28 04:01:48,999 - INFO - [AUDIT] - Action: 0, Confidence: 1.0000, Safety Mode: SAFE_HOLD, Override: Safe hold mode active
2025-05-28 04:01:48,999 - INFO - [AUDIT] - Action: 0, Confidence: 1.0000, Safety Mode: SAFE_HOLD, Override: Safe hold mode active
2025-05-28 04:01:48,999 - INFO - [AUDIT] - Action: 0, Confidence: 1.0000, Safety Mode: SAFE_HOLD, Override: Safe hold mode active
2025-05-28 04:01:48,999 - INFO - [AUDIT] - Action: 0, Confidence: 1.0000, Safety Mode: SAFE_HOLD, Override: Safe hold mode active
2025-05-28 04:01:48,999 - INFO - [AUDIT] - Action: 0, Confidence: 1.0000, Safety Mode: SAFE_HOLD, Override: Safe hold mode active
2025-05-28 04:01:49,000 - INFO - [AUDIT] - Action: 0, Confidence: 1.0000, Safety Mode: SAFE_HOLD, Override: Safe hold mode active
2025-05-28 04:01:49,000 - INFO - [AUDIT] - Action: 0, Confidence: 1.0000, Safety Mode: SAFE_HOLD, Override: Safe hold mode active
2025-05-28 04:01:49,000 - INFO - [AUDIT] - Action: 0, Confidence: 1.0000, Safety Mode: SAFE_HOLD, Override: Safe hold mode active
2025-05-28 04:01:49,000 - INFO - [AUDIT] - Action: 0, Confidence: 1.0000, Safety Mode: SAFE_HOLD, Override: Safe hold mode active
2025-05-28 04:01:49,001 - INFO - [AUDIT] - Action: 0, Confidence: 1.0000, Safety Mode: SAFE_HOLD, Override: Safe hold mode active
2025-05-28 04:01:49,001 - INFO - [AUDIT] - Action: 0, Confidence: 1.0000, Safety Mode: SAFE_HOLD, Override: Safe hold mode active
2025-05-28 04:01:49,001 - INFO - [AUDIT] - Action: 0, Confidence: 1.0000, Safety Mode: SAFE_HOLD, Override: Safe hold mode active
2025-05-28 04:01:49,001 - INFO - [AUDIT] - Action: 0, Confidence: 1.0000, Safety Mode: SAFE_HOLD, Override: Safe hold mode active
2025-05-28 04:01:49,001 - INFO - [AUDIT] - Action: 0, Confidence: 1.0000, Safety Mode: SAFE_HOLD, Override: Safe hold mode active
2025-05-28 04:01:49,002 - INFO - [AUDIT] - Action: 0, Confidence: 1.0000, Safety Mode: SAFE_HOLD, Override: Safe hold mode active
2025-05-28 04:01:49,002 - INFO - [AUDIT] - Action: 0, Confidence: 1.0000, Safety Mode: SAFE_HOLD, Override: Safe hold mode active
2025-05-28 04:01:49,002 - INFO - [AUDIT] - Action: 0, Confidence: 1.0000, Safety Mode: SAFE_HOLD, Override: Safe hold mode active
2025-05-28 04:01:49,002 - INFO - [AUDIT] - Action: 0, Confidence: 1.0000, Safety Mode: SAFE_HOLD, Override: Safe hold mode active
2025-05-28 04:01:49,002 - INFO - [AUDIT] - Action: 0, Confidence: 1.0000, Safety Mode: SAFE_HOLD, Override: Safe hold mode active
2025-05-28 04:01:49,002 - INFO - [AUDIT] - Action: 0, Confidence: 1.0000, Safety Mode: SAFE_HOLD, Override: Safe hold mode active
2025-05-28 04:01:49,003 - INFO - [AUDIT] - Action: 0, Confidence: 1.0000, Safety Mode: SAFE_HOLD, Override: Safe hold mode active
2025-05-28 04:01:49,003 - INFO - [AUDIT] - Action: 0, Confidence: 1.0000, Safety Mode: SAFE_HOLD, Override: Safe hold mode active
2025-05-28 04:01:49,003 - INFO - [AUDIT] - Action: 0, Confidence: 1.0000, Safety Mode: SAFE_HOLD, Override: Safe hold mode active
2025-05-28 04:01:49,003 - INFO - [AUDIT] - Action: 0, Confidence: 1.0000, Safety Mode: SAFE_HOLD, Override: Safe hold mode active
2025-05-28 04:01:49,003 - INFO - [AUDIT] - Action: 0, Confidence: 1.0000, Safety Mode: SAFE_HOLD, Override: Safe hold mode active
2025-05-28 04:01:49,004 - INFO - [AUDIT] - Action: 0, Confidence: 1.0000, Safety Mode: SAFE_HOLD, Override: Safe hold mode active
2025-05-28 04:01:49,004 - INFO - [AUDIT] - Action: 0, Confidence: 1.0000, Safety Mode: SAFE_HOLD, Override: Safe hold mode active
2025-05-28 04:01:49,004 - INFO - [AUDIT] - Action: 0, Confidence: 1.0000, Safety Mode: SAFE_HOLD, Override: Safe hold mode active
2025-05-28 04:01:49,004 - INFO - [AUDIT] - Action: 0, Confidence: 1.0000, Safety Mode: SAFE_HOLD, Override: Safe hold mode active
2025-05-28 04:01:49,004 - INFO - [AUDIT] - Action: 0, Confidence: 1.0000, Safety Mode: SAFE_HOLD, Override: Safe hold mode active
2025-05-28 04:01:49,005 - INFO - [AUDIT] - Action: 0, Confidence: 1.0000, Safety Mode: SAFE_HOLD, Override: Safe hold mode active
2025-05-28 04:01:49,005 - INFO - [AUDIT] - Action: 0, Confidence: 1.0000, Safety Mode: SAFE_HOLD, Override: Safe hold mode active
2025-05-28 04:01:49,005 - INFO - [AUDIT] - Action: 0, Confidence: 1.0000, Safety Mode: SAFE_HOLD, Override: Safe hold mode active
2025-05-28 04:01:49,005 - INFO - [AUDIT] - Action: 0, Confidence: 1.0000, Safety Mode: SAFE_HOLD, Override: Safe hold mode active
2025-05-28 04:01:49,005 - INFO - [AUDIT] - Action: 0, Confidence: 1.0000, Safety Mode: SAFE_HOLD, Override: Safe hold mode active
2025-05-28 04:01:49,006 - INFO - [AUDIT] - Action: 0, Confidence: 1.0000, Safety Mode: SAFE_HOLD, Override: Safe hold mode active
2025-05-28 04:01:49,006 - INFO - [AUDIT] - Action: 0, Confidence: 1.0000, Safety Mode: SAFE_HOLD, Override: Safe hold mode active
2025-05-28 04:01:49,006 - INFO - [AUDIT] - Action: 0, Confidence: 1.0000, Safety Mode: SAFE_HOLD, Override: Safe hold mode active
2025-05-28 04:01:49,006 - INFO - [AUDIT] - Action: 0, Confidence: 1.0000, Safety Mode: SAFE_HOLD, Override: Safe hold mode active
2025-05-28 04:01:49,006 - INFO - [AUDIT] - Action: 0, Confidence: 1.0000, Safety Mode: SAFE_HOLD, Override: Safe hold mode active
2025-05-28 04:01:49,007 - INFO - [AUDIT] - Action: 0, Confidence: 1.0000, Safety Mode: SAFE_HOLD, Override: Safe hold mode active
2025-05-28 04:01:49,007 - INFO - [AUDIT] - Action: 0, Confidence: 1.0000, Safety Mode: SAFE_HOLD, Override: Safe hold mode active
2025-05-28 04:01:49,007 - INFO - [AUDIT] - Action: 0, Confidence: 1.0000, Safety Mode: SAFE_HOLD, Override: Safe hold mode active
2025-05-28 04:01:49,007 - INFO - [AUDIT] - Action: 0, Confidence: 1.0000, Safety Mode: SAFE_HOLD, Override: Safe hold mode active
2025-05-28 04:01:49,007 - INFO - [AUDIT] - Action: 0, Confidence: 1.0000, Safety Mode: SAFE_HOLD, Override: Safe hold mode active
2025-05-28 04:01:49,008 - INFO - [AUDIT] - Action: 0, Confidence: 1.0000, Safety Mode: SAFE_HOLD, Override: Safe hold mode active
2025-05-28 04:01:49,008 - INFO - [AUDIT] - Action: 0, Confidence: 1.0000, Safety Mode: SAFE_HOLD, Override: Safe hold mode active
2025-05-28 04:01:49,008 - INFO - [AUDIT] - Action: 0, Confidence: 1.0000, Safety Mode: SAFE_HOLD, Override: Safe hold mode active
2025-05-28 04:01:49,008 - INFO - [AUDIT] - Action: 0, Confidence: 1.0000, Safety Mode: SAFE_HOLD, Override: Safe hold mode active
2025-05-28 04:01:49,008 - INFO - [AUDIT] - Action: 0, Confidence: 1.0000, Safety Mode: SAFE_HOLD, Override: Safe hold mode active
2025-05-28 04:01:49,009 - INFO - [AUDIT] - Action: 0, Confidence: 1.0000, Safety Mode: SAFE_HOLD, Override: Safe hold mode active
2025-05-28 04:01:49,009 - INFO - [AUDIT] - Action: 0, Confidence: 1.0000, Safety Mode: SAFE_HOLD, Override: Safe hold mode active
2025-05-28 04:01:49,009 - INFO - [AUDIT] - Action: 0, Confidence: 1.0000, Safety Mode: SAFE_HOLD, Override: Safe hold mode active
2025-05-28 04:01:49,009 - INFO - [AUDIT] - Action: 0, Confidence: 1.0000, Safety Mode: SAFE_HOLD, Override: Safe hold mode active
2025-05-28 04:01:49,010 - INFO - [AUDIT] - Action: 0, Confidence: 1.0000, Safety Mode: SAFE_HOLD, Override: Safe hold mode active
2025-05-28 04:01:49,010 - INFO - [AUDIT] - Action: 0, Confidence: 1.0000, Safety Mode: SAFE_HOLD, Override: Safe hold mode active
2025-05-28 04:01:49,010 - INFO - [AUDIT] - Action: 0, Confidence: 1.0000, Safety Mode: SAFE_HOLD, Override: Safe hold mode active
2025-05-28 04:01:49,010 - INFO - [AUDIT] - Action: 0, Confidence: 1.0000, Safety Mode: SAFE_HOLD, Override: Safe hold mode active
2025-05-28 04:01:49,010 - INFO - [AUDIT] - Action: 0, Confidence: 1.0000, Safety Mode: SAFE_HOLD, Override: Safe hold mode active
2025-05-28 04:01:49,011 - INFO - [AUDIT] - Action: 0, Confidence: 1.0000, Safety Mode: SAFE_HOLD, Override: Safe hold mode active
2025-05-28 04:01:49,011 - INFO - [AUDIT] - Action: 0, Confidence: 1.0000, Safety Mode: SAFE_HOLD, Override: Safe hold mode active
2025-05-28 04:01:49,011 - INFO - [AUDIT] - Action: 0, Confidence: 1.0000, Safety Mode: SAFE_HOLD, Override: Safe hold mode active
2025-05-28 04:01:49,011 - INFO - [AUDIT] - Action: 0, Confidence: 1.0000, Safety Mode: SAFE_HOLD, Override: Safe hold mode active
2025-05-28 04:01:49,011 - INFO - [AUDIT] - Action: 0, Confidence: 1.0000, Safety Mode: SAFE_HOLD, Override: Safe hold mode active
2025-05-28 04:01:49,011 - INFO - [AUDIT] - Action: 0, Confidence: 1.0000, Safety Mode: SAFE_HOLD, Override: Safe hold mode active
2025-05-28 04:01:49,012 - INFO - [AUDIT] - Action: 0, Confidence: 1.0000, Safety Mode: SAFE_HOLD, Override: Safe hold mode active
2025-05-28 04:01:49,012 - INFO - [AUDIT] - Action: 0, Confidence: 1.0000, Safety Mode: SAFE_HOLD, Override: Safe hold mode active
2025-05-28 04:01:49,012 - INFO - [AUDIT] - Action: 0, Confidence: 1.0000, Safety Mode: SAFE_HOLD, Override: Safe hold mode active
2025-05-28 04:01:49,012 - INFO - [AUDIT] - Action: 0, Confidence: 1.0000, Safety Mode: SAFE_HOLD, Override: Safe hold mode active
2025-05-28 04:01:49,012 - INFO - [AUDIT] - Action: 0, Confidence: 1.0000, Safety Mode: SAFE_HOLD, Override: Safe hold mode active
2025-05-28 04:01:49,013 - INFO - [AUDIT] - Action: 0, Confidence: 1.0000, Safety Mode: SAFE_HOLD, Override: Safe hold mode active
2025-05-28 04:01:49,013 - INFO - [AUDIT] - Action: 0, Confidence: 1.0000, Safety Mode: SAFE_HOLD, Override: Safe hold mode active
2025-05-28 04:01:49,013 - INFO - [AUDIT] - Action: 0, Confidence: 1.0000, Safety Mode: SAFE_HOLD, Override: Safe hold mode active
2025-05-28 04:01:49,013 - INFO - [AUDIT] - Action: 0, Confidence: 1.0000, Safety Mode: SAFE_HOLD, Override: Safe hold mode active
2025-05-28 04:01:49,013 - INFO - [AUDIT] - Action: 0, Confidence: 1.0000, Safety Mode: SAFE_HOLD, Override: Safe hold mode active
2025-05-28 04:01:49,014 - INFO - [AUDIT] - Action: 0, Confidence: 1.0000, Safety Mode: SAFE_HOLD, Override: Safe hold mode active
2025-05-28 04:01:49,014 - INFO - [AUDIT] - Action: 0, Confidence: 1.0000, Safety Mode: SAFE_HOLD, Override: Safe hold mode active
2025-05-28 04:01:49,014 - INFO - [AUDIT] - Action: 0, Confidence: 1.0000, Safety Mode: SAFE_HOLD, Override: Safe hold mode active
2025-05-28 04:01:49,014 - INFO - [AUDIT] - Action: 0, Confidence: 1.0000, Safety Mode: SAFE_HOLD, Override: Safe hold mode active
2025-05-28 04:01:49,014 - INFO - [AUDIT] - Action: 0, Confidence: 1.0000, Safety Mode: SAFE_HOLD, Override: Safe hold mode active
2025-05-28 04:01:49,015 - INFO - [AUDIT] - Action: 0, Confidence: 1.0000, Safety Mode: SAFE_HOLD, Override: Safe hold mode active
2025-05-28 04:01:49,015 - INFO - [AUDIT] - Action: 0, Confidence: 1.0000, Safety Mode: SAFE_HOLD, Override: Safe hold mode active
2025-05-28 04:01:49,015 - INFO - [AUDIT] - Action: 0, Confidence: 1.0000, Safety Mode: SAFE_HOLD, Override: Safe hold mode active
2025-05-28 04:01:49,015 - INFO - [AUDIT] - Action: 0, Confidence: 1.0000, Safety Mode: SAFE_HOLD, Override: Safe hold mode active
2025-05-28 04:01:49,015 - INFO - [AUDIT] - Action: 0, Confidence: 1.0000, Safety Mode: SAFE_HOLD, Override: Safe hold mode active
2025-05-28 04:01:49,016 - INFO - [AUDIT] - Action: 0, Confidence: 1.0000, Safety Mode: SAFE_HOLD, Override: Safe hold mode active
2025-05-28 04:01:49,016 - INFO - [AUDIT] - Action: 0, Confidence: 1.0000, Safety Mode: SAFE_HOLD, Override: Safe hold mode active
2025-05-28 04:01:49,016 - INFO - [AUDIT] - Action: 0, Confidence: 1.0000, Safety Mode: SAFE_HOLD, Override: Safe hold mode active
2025-05-28 04:01:49,016 - INFO - [AUDIT] - Action: 0, Confidence: 1.0000, Safety Mode: SAFE_HOLD, Override: Safe hold mode active
2025-05-28 04:01:49,016 - INFO - [AUDIT] - Action: 0, Confidence: 1.0000, Safety Mode: SAFE_HOLD, Override: Safe hold mode active
2025-05-28 04:01:49,016 - INFO - [AUDIT] - Action: 0, Confidence: 1.0000, Safety Mode: SAFE_HOLD, Override: Safe hold mode active
2025-05-28 04:01:49,017 - INFO - [AUDIT] - Action: 0, Confidence: 1.0000, Safety Mode: SAFE_HOLD, Override: Safe hold mode active
2025-05-28 04:01:49,017 - INFO - [AUDIT] - Action: 0, Confidence: 1.0000, Safety Mode: SAFE_HOLD, Override: Safe hold mode active
2025-05-28 04:01:49,017 - INFO - [AUDIT] - Action: 0, Confidence: 1.0000, Safety Mode: SAFE_HOLD, Override: Safe hold mode active
2025-05-28 04:01:49,017 - INFO - [AUDIT] - Action: 0, Confidence: 1.0000, Safety Mode: SAFE_HOLD, Override: Safe hold mode active
2025-05-28 04:01:49,017 - INFO - [AUDIT] - Action: 0, Confidence: 1.0000, Safety Mode: SAFE_HOLD, Override: Safe hold mode active
2025-05-28 04:01:49,018 - INFO - [AUDIT] - Action: 0, Confidence: 1.0000, Safety Mode: SAFE_HOLD, Override: Safe hold mode active
2025-05-28 04:01:49,018 - INFO - [AUDIT] - Action: 0, Confidence: 1.0000, Safety Mode: SAFE_HOLD, Override: Safe hold mode active
2025-05-28 04:01:49,018 - INFO - [AUDIT] - Action: 0, Confidence: 1.0000, Safety Mode: SAFE_HOLD, Override: Safe hold mode active
2025-05-28 04:01:49,019 - INFO - [AUDIT] - Action: 0, Confidence: 1.0000, Safety Mode: SAFE_HOLD, Override: Safe hold mode active
2025-05-28 04:01:49,019 - INFO - [AUDIT] - Action: 0, Confidence: 1.0000, Safety Mode: SAFE_HOLD, Override: Safe hold mode active
2025-05-28 04:01:49,019 - INFO - [AUDIT] - Action: 0, Confidence: 1.0000, Safety Mode: SAFE_HOLD, Override: Safe hold mode active
2025-05-28 04:01:49,019 - INFO - [AUDIT] - Action: 0, Confidence: 1.0000, Safety Mode: SAFE_HOLD, Override: Safe hold mode active
2025-05-28 04:01:49,019 - INFO - [AUDIT] - Action: 0, Confidence: 1.0000, Safety Mode: SAFE_HOLD, Override: Safe hold mode active
2025-05-28 04:01:49,020 - INFO - [AUDIT] - Action: 0, Confidence: 1.0000, Safety Mode: SAFE_HOLD, Override: Safe hold mode active
2025-05-28 04:01:49,020 - INFO - [AUDIT] - Action: 0, Confidence: 1.0000, Safety Mode: SAFE_HOLD, Override: Safe hold mode active
2025-05-28 04:01:49,020 - INFO - [AUDIT] - Action: 0, Confidence: 1.0000, Safety Mode: SAFE_HOLD, Override: Safe hold mode active
2025-05-28 04:01:49,020 - INFO - [AUDIT] - Action: 0, Confidence: 1.0000, Safety Mode: SAFE_HOLD, Override: Safe hold mode active
2025-05-28 04:01:49,020 - INFO - [AUDIT] - Action: 0, Confidence: 1.0000, Safety Mode: SAFE_HOLD, Override: Safe hold mode active
2025-05-28 04:01:49,021 - INFO - [AUDIT] - Action: 0, Confidence: 1.0000, Safety Mode: SAFE_HOLD, Override: Safe hold mode active
2025-05-28 04:01:49,021 - INFO - [AUDIT] - Action: 0, Confidence: 1.0000, Safety Mode: SAFE_HOLD, Override: Safe hold mode active
2025-05-28 04:01:49,021 - INFO - [AUDIT] - Action: 0, Confidence: 1.0000, Safety Mode: SAFE_HOLD, Override: Safe hold mode active
2025-05-28 04:01:49,021 - INFO - [AUDIT] - Action: 0, Confidence: 1.0000, Safety Mode: SAFE_HOLD, Override: Safe hold mode active
2025-05-28 04:01:49,021 - INFO - [AUDIT] - Action: 0, Confidence: 1.0000, Safety Mode: SAFE_HOLD, Override: Safe hold mode active
2025-05-28 04:01:49,022 - INFO - [AUDIT] - Action: 0, Confidence: 1.0000, Safety Mode: SAFE_HOLD, Override: Safe hold mode active
2025-05-28 04:01:49,022 - INFO - [AUDIT] - Action: 0, Confidence: 1.0000, Safety Mode: SAFE_HOLD, Override: Safe hold mode active
2025-05-28 04:01:49,022 - INFO - [AUDIT] - Action: 0, Confidence: 1.0000, Safety Mode: SAFE_HOLD, Override: Safe hold mode active
2025-05-28 04:01:49,022 - INFO - [AUDIT] - Action: 0, Confidence: 1.0000, Safety Mode: SAFE_HOLD, Override: Safe hold mode active
2025-05-28 04:01:49,022 - INFO - [AUDIT] - Action: 0, Confidence: 1.0000, Safety Mode: SAFE_HOLD, Override: Safe hold mode active
2025-05-28 04:01:49,023 - INFO - [AUDIT] - Action: 0, Confidence: 1.0000, Safety Mode: SAFE_HOLD, Override: Safe hold mode active
2025-05-28 04:01:49,023 - INFO - [AUDIT] - Action: 0, Confidence: 1.0000, Safety Mode: SAFE_HOLD, Override: Safe hold mode active
2025-05-28 04:01:49,023 - INFO - [AUDIT] - Action: 0, Confidence: 1.0000, Safety Mode: SAFE_HOLD, Override: Safe hold mode active
2025-05-28 04:01:49,023 - INFO - [AUDIT] - Action: 0, Confidence: 1.0000, Safety Mode: SAFE_HOLD, Override: Safe hold mode active
2025-05-28 04:01:49,023 - INFO - [AUDIT] - Action: 0, Confidence: 1.0000, Safety Mode: SAFE_HOLD, Override: Safe hold mode active
2025-05-28 04:01:49,023 - INFO - [AUDIT] - Action: 0, Confidence: 1.0000, Safety Mode: SAFE_HOLD, Override: Safe hold mode active
2025-05-28 04:01:49,024 - INFO - [AUDIT] - Action: 0, Confidence: 1.0000, Safety Mode: SAFE_HOLD, Override: Safe hold mode active
2025-05-28 04:01:49,024 - INFO - [AUDIT] - Action: 0, Confidence: 1.0000, Safety Mode: SAFE_HOLD, Override: Safe hold mode active
2025-05-28 04:01:49,024 - INFO - [AUDIT] - Action: 0, Confidence: 1.0000, Safety Mode: SAFE_HOLD, Override: Safe hold mode active
2025-05-28 04:01:49,024 - INFO - [AUDIT] - Action: 0, Confidence: 1.0000, Safety Mode: SAFE_HOLD, Override: Safe hold mode active
2025-05-28 04:01:49,025 - INFO - [AUDIT] - Action: 0, Confidence: 1.0000, Safety Mode: SAFE_HOLD, Override: Safe hold mode active
2025-05-28 04:01:49,025 - INFO - [AUDIT] - Action: 0, Confidence: 1.0000, Safety Mode: SAFE_HOLD, Override: Safe hold mode active
2025-05-28 04:01:49,025 - INFO - [AUDIT] - Action: 0, Confidence: 1.0000, Safety Mode: SAFE_HOLD, Override: Safe hold mode active
2025-05-28 04:01:49,025 - INFO - [AUDIT] - Action: 0, Confidence: 1.0000, Safety Mode: SAFE_HOLD, Override: Safe hold mode active
2025-05-28 04:01:49,025 - INFO - [AUDIT] - Action: 0, Confidence: 1.0000, Safety Mode: SAFE_HOLD, Override: Safe hold mode active
2025-05-28 04:01:49,025 - INFO - [AUDIT] - Action: 0, Confidence: 1.0000, Safety Mode: SAFE_HOLD, Override: Safe hold mode active
2025-05-28 04:01:49,026 - INFO - [AUDIT] - Action: 0, Confidence: 1.0000, Safety Mode: SAFE_HOLD, Override: Safe hold mode active
2025-05-28 04:01:49,026 - INFO - [AUDIT] - Action: 0, Confidence: 1.0000, Safety Mode: SAFE_HOLD, Override: Safe hold mode active
2025-05-28 04:01:49,026 - INFO - [AUDIT] - Action: 0, Confidence: 1.0000, Safety Mode: SAFE_HOLD, Override: Safe hold mode active
2025-05-28 04:01:49,026 - INFO - [AUDIT] - Action: 0, Confidence: 1.0000, Safety Mode: SAFE_HOLD, Override: Safe hold mode active
2025-05-28 04:01:49,026 - INFO - [AUDIT] - Action: 0, Confidence: 1.0000, Safety Mode: SAFE_HOLD, Override: Safe hold mode active
2025-05-28 04:01:49,027 - INFO - [AUDIT] - Action: 0, Confidence: 1.0000, Safety Mode: SAFE_HOLD, Override: Safe hold mode active
2025-05-28 04:01:49,027 - INFO - [AUDIT] - Action: 0, Confidence: 1.0000, Safety Mode: SAFE_HOLD, Override: Safe hold mode active
2025-05-28 04:01:49,027 - INFO - [AUDIT] - Action: 0, Confidence: 1.0000, Safety Mode: SAFE_HOLD, Override: Safe hold mode active
2025-05-28 04:01:49,027 - INFO - [AUDIT] - Action: 0, Confidence: 1.0000, Safety Mode: SAFE_HOLD, Override: Safe hold mode active
2025-05-28 04:01:49,027 - INFO - [AUDIT] - Action: 0, Confidence: 1.0000, Safety Mode: SAFE_HOLD, Override: Safe hold mode active
2025-05-28 04:01:49,028 - INFO - [AUDIT] - Action: 0, Confidence: 1.0000, Safety Mode: SAFE_HOLD, Override: Safe hold mode active
2025-05-28 04:01:49,028 - INFO - [AUDIT] - Action: 0, Confidence: 1.0000, Safety Mode: SAFE_HOLD, Override: Safe hold mode active
2025-05-28 04:01:49,028 - INFO - [AUDIT] - Action: 0, Confidence: 1.0000, Safety Mode: SAFE_HOLD, Override: Safe hold mode active
2025-05-28 04:01:49,028 - INFO - [AUDIT] - Action: 0, Confidence: 1.0000, Safety Mode: SAFE_HOLD, Override: Safe hold mode active
2025-05-28 04:01:49,028 - INFO - [AUDIT] - Action: 0, Confidence: 1.0000, Safety Mode: SAFE_HOLD, Override: Safe hold mode active
2025-05-28 04:01:49,029 - INFO - [AUDIT] - Action: 0, Confidence: 1.0000, Safety Mode: SAFE_HOLD, Override: Safe hold mode active
2025-05-28 04:01:49,029 - INFO - [AUDIT] - Action: 0, Confidence: 1.0000, Safety Mode: SAFE_HOLD, Override: Safe hold mode active
2025-05-28 04:01:49,029 - INFO - [AUDIT] - Action: 0, Confidence: 1.0000, Safety Mode: SAFE_HOLD, Override: Safe hold mode active
2025-05-28 04:01:49,029 - INFO - [AUDIT] - Action: 0, Confidence: 1.0000, Safety Mode: SAFE_HOLD, Override: Safe hold mode active
2025-05-28 04:01:49,029 - INFO - [AUDIT] - Action: 0, Confidence: 1.0000, Safety Mode: SAFE_HOLD, Override: Safe hold mode active
2025-05-28 04:01:49,030 - INFO - [AUDIT] - Action: 0, Confidence: 1.0000, Safety Mode: SAFE_HOLD, Override: Safe hold mode active
2025-05-28 04:01:49,030 - INFO - [AUDIT] - Action: 0, Confidence: 1.0000, Safety Mode: SAFE_HOLD, Override: Safe hold mode active
2025-05-28 04:01:49,030 - INFO - [AUDIT] - Action: 0, Confidence: 1.0000, Safety Mode: SAFE_HOLD, Override: Safe hold mode active
2025-05-28 04:01:49,030 - INFO - [AUDIT] - Action: 0, Confidence: 1.0000, Safety Mode: SAFE_HOLD, Override: Safe hold mode active
2025-05-28 04:01:49,030 - INFO - [AUDIT] - Action: 0, Confidence: 1.0000, Safety Mode: SAFE_HOLD, Override: Safe hold mode active
2025-05-28 04:01:49,031 - INFO - [AUDIT] - Action: 0, Confidence: 1.0000, Safety Mode: SAFE_HOLD, Override: Safe hold mode active
2025-05-28 04:01:49,031 - INFO - [AUDIT] - Action: 0, Confidence: 1.0000, Safety Mode: SAFE_HOLD, Override: Safe hold mode active
2025-05-28 04:01:49,031 - INFO - [AUDIT] - Action: 0, Confidence: 1.0000, Safety Mode: SAFE_HOLD, Override: Safe hold mode active
2025-05-28 04:01:49,031 - INFO - [AUDIT] - Action: 0, Confidence: 1.0000, Safety Mode: SAFE_HOLD, Override: Safe hold mode active
2025-05-28 04:01:49,031 - INFO - [AUDIT] - Action: 0, Confidence: 1.0000, Safety Mode: SAFE_HOLD, Override: Safe hold mode active
2025-05-28 04:01:49,032 - INFO - [AUDIT] - Action: 0, Confidence: 1.0000, Safety Mode: SAFE_HOLD, Override: Safe hold mode active
2025-05-28 04:01:49,032 - INFO - [AUDIT] - Action: 0, Confidence: 1.0000, Safety Mode: SAFE_HOLD, Override: Safe hold mode active
2025-05-28 04:01:49,032 - INFO - [AUDIT] - Action: 0, Confidence: 1.0000, Safety Mode: SAFE_HOLD, Override: Safe hold mode active
2025-05-28 04:01:49,032 - INFO - [AUDIT] - Action: 0, Confidence: 1.0000, Safety Mode: SAFE_HOLD, Override: Safe hold mode active
2025-05-28 04:01:49,032 - INFO - [AUDIT] - Action: 0, Confidence: 1.0000, Safety Mode: SAFE_HOLD, Override: Safe hold mode active
2025-05-28 04:01:49,032 - INFO - [AUDIT] - Action: 0, Confidence: 1.0000, Safety Mode: SAFE_HOLD, Override: Safe hold mode active
