2025-07-11 04:29:37,691 - INFO - [AUDIT] - ===== AUDIT LOG INITIALIZED =====
2025-07-11 04:29:37,691 - INFO - [AUDIT] - Safety Thresholds: {"soc_low": 0.18, "soc_critical": 0.12, "vbus_low": 25.5, "ang_vel_high": 0.35, "attitude_error_high": 0.15707963267948966, "gyro_bias_suspected_error": 0.013962634015954637, "temp_a_low": 6.0, "temp_a_high": 44.0, "temp_a_critical_low": -8.0, "temp_a_critical_high": 58.0}
2025-07-11 04:29:37,693 - INFO - [AUDIT] - Rule Activated: CRITICAL_VOLTAGE, Reason: Bus voltage below threshold: 0.00 < 25.50
2025-07-11 04:29:37,693 - INFO - [AUDIT] - Decision: RECOVER_EPS, Reason: Critical voltage, Mode: Nominal
2025-07-11 04:29:37,694 - INFO - [AUDIT] - Rule Activated: CRITICAL_VOLTAGE, Reason: Bus voltage below threshold: 0.18 < 25.50
2025-07-11 04:29:37,694 - INFO - [AUDIT] - Decision: RECOVER_EPS, Reason: Critical voltage, Mode: Nominal
2025-07-11 04:29:37,694 - INFO - [AUDIT] - Rule Activated: CRITICAL_VOLTAGE, Reason: Bus voltage below threshold: 0.18 < 25.50
2025-07-11 04:29:37,694 - INFO - [AUDIT] - Decision: RECOVER_EPS, Reason: Critical voltage, Mode: Nominal
2025-07-11 04:29:37,694 - INFO - [AUDIT] - Rule Activated: CRITICAL_VOLTAGE, Reason: Bus voltage below threshold: 0.18 < 25.50
2025-07-11 04:29:37,694 - INFO - [AUDIT] - Decision: RECOVER_EPS, Reason: Critical voltage, Mode: Nominal
2025-07-11 04:29:37,694 - INFO - [AUDIT] - Rule Activated: CRITICAL_VOLTAGE, Reason: Bus voltage below threshold: 0.18 < 25.50
2025-07-11 04:29:37,694 - INFO - [AUDIT] - Decision: RECOVER_EPS, Reason: Critical voltage, Mode: Nominal
2025-07-11 04:29:37,695 - INFO - [AUDIT] - Rule Activated: CRITICAL_VOLTAGE, Reason: Bus voltage below threshold: 0.18 < 25.50
2025-07-11 04:29:37,695 - INFO - [AUDIT] - Decision: RECOVER_EPS, Reason: Critical voltage, Mode: Nominal
2025-07-11 04:29:37,695 - INFO - [AUDIT] - Rule Activated: CRITICAL_VOLTAGE, Reason: Bus voltage below threshold: 0.18 < 25.50
2025-07-11 04:29:37,695 - INFO - [AUDIT] - Decision: RECOVER_EPS, Reason: Critical voltage, Mode: Nominal
2025-07-11 04:29:37,695 - INFO - [AUDIT] - Rule Activated: CRITICAL_VOLTAGE, Reason: Bus voltage below threshold: 0.18 < 25.50
2025-07-11 04:29:37,695 - INFO - [AUDIT] - Decision: RECOVER_EPS, Reason: Critical voltage, Mode: Nominal
2025-07-11 04:29:37,695 - INFO - [AUDIT] - Rule Activated: CRITICAL_VOLTAGE, Reason: Bus voltage below threshold: 0.18 < 25.50
2025-07-11 04:29:37,695 - INFO - [AUDIT] - Decision: RECOVER_EPS, Reason: Critical voltage, Mode: Nominal
2025-07-11 04:29:37,695 - INFO - [AUDIT] - Rule Activated: CRITICAL_VOLTAGE, Reason: Bus voltage below threshold: 0.18 < 25.50
2025-07-11 04:29:37,695 - INFO - [AUDIT] - Decision: RECOVER_EPS, Reason: Critical voltage, Mode: Nominal
2025-07-11 04:29:37,696 - INFO - [AUDIT] - Rule Activated: CRITICAL_VOLTAGE, Reason: Bus voltage below threshold: 0.18 < 25.50
2025-07-11 04:29:37,696 - INFO - [AUDIT] - Decision: RECOVER_EPS, Reason: Critical voltage, Mode: Nominal
2025-07-11 04:29:37,696 - INFO - [AUDIT] - Rule Activated: CRITICAL_VOLTAGE, Reason: Bus voltage below threshold: 0.18 < 25.50
2025-07-11 04:29:37,696 - INFO - [AUDIT] - Decision: RECOVER_EPS, Reason: Critical voltage, Mode: Nominal
2025-07-11 04:29:37,697 - INFO - [AUDIT] - Rule Activated: CRITICAL_VOLTAGE, Reason: Bus voltage below threshold: 0.18 < 25.50
2025-07-11 04:29:37,697 - INFO - [AUDIT] - Decision: RECOVER_EPS, Reason: Critical voltage, Mode: Nominal
2025-07-11 04:29:37,697 - INFO - [AUDIT] - Rule Activated: CRITICAL_VOLTAGE, Reason: Bus voltage below threshold: 0.18 < 25.50
2025-07-11 04:29:37,697 - INFO - [AUDIT] - Decision: RECOVER_EPS, Reason: Critical voltage, Mode: Nominal
2025-07-11 04:29:37,697 - INFO - [AUDIT] - Rule Activated: CRITICAL_VOLTAGE, Reason: Bus voltage below threshold: 0.18 < 25.50
2025-07-11 04:29:37,697 - INFO - [AUDIT] - Decision: RECOVER_EPS, Reason: Critical voltage, Mode: Nominal
2025-07-11 04:29:37,697 - INFO - [AUDIT] - Rule Activated: CRITICAL_VOLTAGE, Reason: Bus voltage below threshold: 0.18 < 25.50
2025-07-11 04:29:37,697 - INFO - [AUDIT] - Decision: RECOVER_EPS, Reason: Critical voltage, Mode: Nominal
2025-07-11 04:29:37,698 - INFO - [AUDIT] - Rule Activated: CRITICAL_VOLTAGE, Reason: Bus voltage below threshold: 0.18 < 25.50
2025-07-11 04:29:37,698 - INFO - [AUDIT] - Decision: RECOVER_EPS, Reason: Critical voltage, Mode: Nominal
2025-07-11 04:29:37,698 - INFO - [AUDIT] - Rule Activated: CRITICAL_VOLTAGE, Reason: Bus voltage below threshold: 0.18 < 25.50
2025-07-11 04:29:37,698 - INFO - [AUDIT] - Decision: RECOVER_EPS, Reason: Critical voltage, Mode: Nominal
2025-07-11 04:29:37,698 - INFO - [AUDIT] - Rule Activated: CRITICAL_VOLTAGE, Reason: Bus voltage below threshold: 0.18 < 25.50
2025-07-11 04:29:37,698 - INFO - [AUDIT] - Decision: RECOVER_EPS, Reason: Critical voltage, Mode: Nominal
2025-07-11 04:29:37,699 - INFO - [AUDIT] - Rule Activated: CRITICAL_VOLTAGE, Reason: Bus voltage below threshold: 0.18 < 25.50
2025-07-11 04:29:37,699 - INFO - [AUDIT] - Decision: RECOVER_EPS, Reason: Critical voltage, Mode: Nominal
2025-07-11 04:29:37,699 - INFO - [AUDIT] - Rule Activated: CRITICAL_VOLTAGE, Reason: Bus voltage below threshold: 0.18 < 25.50
2025-07-11 04:29:37,699 - INFO - [AUDIT] - Decision: RECOVER_EPS, Reason: Critical voltage, Mode: Nominal
2025-07-11 04:29:37,699 - INFO - [AUDIT] - Rule Activated: CRITICAL_VOLTAGE, Reason: Bus voltage below threshold: 0.18 < 25.50
2025-07-11 04:29:37,699 - INFO - [AUDIT] - Decision: RECOVER_EPS, Reason: Critical voltage, Mode: Nominal
2025-07-11 04:29:37,699 - INFO - [AUDIT] - Rule Activated: CRITICAL_VOLTAGE, Reason: Bus voltage below threshold: 0.18 < 25.50
2025-07-11 04:29:37,699 - INFO - [AUDIT] - Decision: RECOVER_EPS, Reason: Critical voltage, Mode: Nominal
2025-07-11 04:29:37,700 - INFO - [AUDIT] - Rule Activated: CRITICAL_VOLTAGE, Reason: Bus voltage below threshold: 0.18 < 25.50
2025-07-11 04:29:37,700 - INFO - [AUDIT] - Decision: RECOVER_EPS, Reason: Critical voltage, Mode: Nominal
2025-07-11 04:29:37,700 - INFO - [AUDIT] - Rule Activated: CRITICAL_VOLTAGE, Reason: Bus voltage below threshold: 0.18 < 25.50
2025-07-11 04:29:37,700 - INFO - [AUDIT] - Decision: RECOVER_EPS, Reason: Critical voltage, Mode: Nominal
2025-07-11 04:29:37,700 - INFO - [AUDIT] - Rule Activated: CRITICAL_VOLTAGE, Reason: Bus voltage below threshold: 0.18 < 25.50
2025-07-11 04:29:37,700 - INFO - [AUDIT] - Decision: RECOVER_EPS, Reason: Critical voltage, Mode: Nominal
2025-07-11 04:29:37,700 - INFO - [AUDIT] - Rule Activated: CRITICAL_VOLTAGE, Reason: Bus voltage below threshold: 0.18 < 25.50
2025-07-11 04:29:37,700 - INFO - [AUDIT] - Decision: RECOVER_EPS, Reason: Critical voltage, Mode: Nominal
2025-07-11 04:29:37,700 - INFO - [AUDIT] - Rule Activated: CRITICAL_VOLTAGE, Reason: Bus voltage below threshold: 0.18 < 25.50
2025-07-11 04:29:37,700 - INFO - [AUDIT] - Decision: RECOVER_EPS, Reason: Critical voltage, Mode: Nominal
2025-07-11 04:29:37,701 - INFO - [AUDIT] - Rule Activated: CRITICAL_VOLTAGE, Reason: Bus voltage below threshold: 0.18 < 25.50
2025-07-11 04:29:37,701 - INFO - [AUDIT] - Decision: RECOVER_EPS, Reason: Critical voltage, Mode: Nominal
2025-07-11 04:29:37,701 - INFO - [AUDIT] - Rule Activated: CRITICAL_VOLTAGE, Reason: Bus voltage below threshold: 0.18 < 25.50
2025-07-11 04:29:37,701 - INFO - [AUDIT] - Decision: RECOVER_EPS, Reason: Critical voltage, Mode: Nominal
2025-07-11 04:29:37,701 - INFO - [AUDIT] - Rule Activated: CRITICAL_VOLTAGE, Reason: Bus voltage below threshold: 0.18 < 25.50
2025-07-11 04:29:37,701 - INFO - [AUDIT] - Decision: RECOVER_EPS, Reason: Critical voltage, Mode: Nominal
2025-07-11 04:29:37,702 - INFO - [AUDIT] - Rule Activated: CRITICAL_VOLTAGE, Reason: Bus voltage below threshold: 0.18 < 25.50
2025-07-11 04:29:37,702 - INFO - [AUDIT] - Decision: RECOVER_EPS, Reason: Critical voltage, Mode: Nominal
2025-07-11 04:29:37,703 - INFO - [AUDIT] - Rule Activated: CRITICAL_VOLTAGE, Reason: Bus voltage below threshold: 0.18 < 25.50
2025-07-11 04:29:37,703 - INFO - [AUDIT] - Decision: RECOVER_EPS, Reason: Critical voltage, Mode: Nominal
2025-07-11 04:29:37,703 - INFO - [AUDIT] - Rule Activated: CRITICAL_VOLTAGE, Reason: Bus voltage below threshold: 0.18 < 25.50
2025-07-11 04:29:37,703 - INFO - [AUDIT] - Decision: RECOVER_EPS, Reason: Critical voltage, Mode: Nominal
2025-07-11 04:29:37,703 - INFO - [AUDIT] - Rule Activated: CRITICAL_VOLTAGE, Reason: Bus voltage below threshold: 0.18 < 25.50
2025-07-11 04:29:37,704 - INFO - [AUDIT] - Decision: RECOVER_EPS, Reason: Critical voltage, Mode: Nominal
2025-07-11 04:29:37,704 - INFO - [AUDIT] - Rule Activated: CRITICAL_VOLTAGE, Reason: Bus voltage below threshold: 0.18 < 25.50
2025-07-11 04:29:37,704 - INFO - [AUDIT] - Decision: RECOVER_EPS, Reason: Critical voltage, Mode: Nominal
2025-07-11 04:29:37,704 - INFO - [AUDIT] - Rule Activated: CRITICAL_VOLTAGE, Reason: Bus voltage below threshold: 0.18 < 25.50
2025-07-11 04:29:37,704 - INFO - [AUDIT] - Decision: RECOVER_EPS, Reason: Critical voltage, Mode: Nominal
2025-07-11 04:29:37,705 - INFO - [AUDIT] - Rule Activated: CRITICAL_VOLTAGE, Reason: Bus voltage below threshold: 0.18 < 25.50
2025-07-11 04:29:37,705 - INFO - [AUDIT] - Decision: RECOVER_EPS, Reason: Critical voltage, Mode: Nominal
2025-07-11 04:29:37,705 - INFO - [AUDIT] - Rule Activated: CRITICAL_VOLTAGE, Reason: Bus voltage below threshold: 0.18 < 25.50
2025-07-11 04:29:37,705 - INFO - [AUDIT] - Decision: RECOVER_EPS, Reason: Critical voltage, Mode: Nominal
2025-07-11 04:29:37,705 - INFO - [AUDIT] - Rule Activated: CRITICAL_VOLTAGE, Reason: Bus voltage below threshold: 0.18 < 25.50
2025-07-11 04:29:37,705 - INFO - [AUDIT] - Decision: RECOVER_EPS, Reason: Critical voltage, Mode: Nominal
2025-07-11 04:29:37,706 - INFO - [AUDIT] - Rule Activated: CRITICAL_VOLTAGE, Reason: Bus voltage below threshold: 0.18 < 25.50
2025-07-11 04:29:37,706 - INFO - [AUDIT] - Decision: RECOVER_EPS, Reason: Critical voltage, Mode: Nominal
2025-07-11 04:29:37,706 - INFO - [AUDIT] - Rule Activated: CRITICAL_VOLTAGE, Reason: Bus voltage below threshold: 0.18 < 25.50
2025-07-11 04:29:37,706 - INFO - [AUDIT] - Decision: RECOVER_EPS, Reason: Critical voltage, Mode: Nominal
2025-07-11 04:29:37,707 - INFO - [AUDIT] - Rule Activated: CRITICAL_VOLTAGE, Reason: Bus voltage below threshold: 0.18 < 25.50
2025-07-11 04:29:37,707 - INFO - [AUDIT] - Decision: RECOVER_EPS, Reason: Critical voltage, Mode: Nominal
2025-07-11 04:29:37,707 - INFO - [AUDIT] - Rule Activated: CRITICAL_VOLTAGE, Reason: Bus voltage below threshold: 0.18 < 25.50
2025-07-11 04:29:37,707 - INFO - [AUDIT] - Decision: RECOVER_EPS, Reason: Critical voltage, Mode: Nominal
2025-07-11 04:29:37,707 - INFO - [AUDIT] - Rule Activated: CRITICAL_VOLTAGE, Reason: Bus voltage below threshold: 0.18 < 25.50
2025-07-11 04:29:37,707 - INFO - [AUDIT] - Decision: RECOVER_EPS, Reason: Critical voltage, Mode: Nominal
2025-07-11 04:29:37,708 - INFO - [AUDIT] - Rule Activated: CRITICAL_VOLTAGE, Reason: Bus voltage below threshold: 0.18 < 25.50
2025-07-11 04:29:37,708 - INFO - [AUDIT] - Decision: RECOVER_EPS, Reason: Critical voltage, Mode: Nominal
2025-07-11 04:29:37,708 - INFO - [AUDIT] - Rule Activated: CRITICAL_VOLTAGE, Reason: Bus voltage below threshold: 0.18 < 25.50
2025-07-11 04:29:37,708 - INFO - [AUDIT] - Decision: RECOVER_EPS, Reason: Critical voltage, Mode: Nominal
2025-07-11 04:29:37,708 - INFO - [AUDIT] - Rule Activated: CRITICAL_VOLTAGE, Reason: Bus voltage below threshold: 0.18 < 25.50
2025-07-11 04:29:37,708 - INFO - [AUDIT] - Decision: RECOVER_EPS, Reason: Critical voltage, Mode: Nominal
2025-07-11 04:29:37,709 - INFO - [AUDIT] - Rule Activated: CRITICAL_VOLTAGE, Reason: Bus voltage below threshold: 0.18 < 25.50
2025-07-11 04:29:37,709 - INFO - [AUDIT] - Decision: RECOVER_EPS, Reason: Critical voltage, Mode: Nominal
2025-07-11 04:29:37,709 - INFO - [AUDIT] - Rule Activated: CRITICAL_VOLTAGE, Reason: Bus voltage below threshold: 0.18 < 25.50
2025-07-11 04:29:37,709 - INFO - [AUDIT] - Decision: RECOVER_EPS, Reason: Critical voltage, Mode: Nominal
2025-07-11 04:29:37,710 - INFO - [AUDIT] - Rule Activated: CRITICAL_VOLTAGE, Reason: Bus voltage below threshold: 0.18 < 25.50
2025-07-11 04:29:37,710 - INFO - [AUDIT] - Decision: RECOVER_EPS, Reason: Critical voltage, Mode: Nominal
2025-07-11 04:29:37,710 - INFO - [AUDIT] - Rule Activated: CRITICAL_VOLTAGE, Reason: Bus voltage below threshold: 0.18 < 25.50
2025-07-11 04:29:37,710 - INFO - [AUDIT] - Decision: RECOVER_EPS, Reason: Critical voltage, Mode: Nominal
2025-07-11 04:29:37,711 - INFO - [AUDIT] - Rule Activated: CRITICAL_VOLTAGE, Reason: Bus voltage below threshold: 0.18 < 25.50
2025-07-11 04:29:37,711 - INFO - [AUDIT] - Decision: RECOVER_EPS, Reason: Critical voltage, Mode: Nominal
2025-07-11 04:29:37,711 - INFO - [AUDIT] - Rule Activated: CRITICAL_VOLTAGE, Reason: Bus voltage below threshold: 0.18 < 25.50
2025-07-11 04:29:37,712 - INFO - [AUDIT] - Decision: RECOVER_EPS, Reason: Critical voltage, Mode: Nominal
2025-07-11 04:29:37,712 - INFO - [AUDIT] - Rule Activated: CRITICAL_VOLTAGE, Reason: Bus voltage below threshold: 0.18 < 25.50
2025-07-11 04:29:37,712 - INFO - [AUDIT] - Decision: RECOVER_EPS, Reason: Critical voltage, Mode: Nominal
2025-07-11 04:29:37,713 - INFO - [AUDIT] - Rule Activated: CRITICAL_VOLTAGE, Reason: Bus voltage below threshold: 0.18 < 25.50
2025-07-11 04:29:37,713 - INFO - [AUDIT] - Decision: RECOVER_EPS, Reason: Critical voltage, Mode: Nominal
2025-07-11 04:29:37,713 - INFO - [AUDIT] - Rule Activated: CRITICAL_VOLTAGE, Reason: Bus voltage below threshold: 0.18 < 25.50
2025-07-11 04:29:37,713 - INFO - [AUDIT] - Decision: RECOVER_EPS, Reason: Critical voltage, Mode: Nominal
2025-07-11 04:29:37,713 - INFO - [AUDIT] - Rule Activated: CRITICAL_VOLTAGE, Reason: Bus voltage below threshold: 0.18 < 25.50
2025-07-11 04:29:37,713 - INFO - [AUDIT] - Decision: RECOVER_EPS, Reason: Critical voltage, Mode: Nominal
2025-07-11 04:29:37,714 - INFO - [AUDIT] - Rule Activated: CRITICAL_VOLTAGE, Reason: Bus voltage below threshold: 0.18 < 25.50
2025-07-11 04:29:37,714 - INFO - [AUDIT] - Decision: RECOVER_EPS, Reason: Critical voltage, Mode: Nominal
2025-07-11 04:29:37,714 - INFO - [AUDIT] - Rule Activated: CRITICAL_VOLTAGE, Reason: Bus voltage below threshold: 0.18 < 25.50
2025-07-11 04:29:37,714 - INFO - [AUDIT] - Decision: RECOVER_EPS, Reason: Critical voltage, Mode: Nominal
2025-07-11 04:29:37,714 - INFO - [AUDIT] - Rule Activated: CRITICAL_VOLTAGE, Reason: Bus voltage below threshold: 0.18 < 25.50
2025-07-11 04:29:37,714 - INFO - [AUDIT] - Decision: RECOVER_EPS, Reason: Critical voltage, Mode: Nominal
2025-07-11 04:29:37,715 - INFO - [AUDIT] - Rule Activated: CRITICAL_VOLTAGE, Reason: Bus voltage below threshold: 0.18 < 25.50
2025-07-11 04:29:37,715 - INFO - [AUDIT] - Decision: RECOVER_EPS, Reason: Critical voltage, Mode: Nominal
2025-07-11 04:29:37,715 - INFO - [AUDIT] - Rule Activated: CRITICAL_VOLTAGE, Reason: Bus voltage below threshold: 0.18 < 25.50
2025-07-11 04:29:37,715 - INFO - [AUDIT] - Decision: RECOVER_EPS, Reason: Critical voltage, Mode: Nominal
2025-07-11 04:29:37,715 - INFO - [AUDIT] - Rule Activated: CRITICAL_VOLTAGE, Reason: Bus voltage below threshold: 0.18 < 25.50
2025-07-11 04:29:37,715 - INFO - [AUDIT] - Decision: RECOVER_EPS, Reason: Critical voltage, Mode: Nominal
2025-07-11 04:29:37,715 - INFO - [AUDIT] - Rule Activated: CRITICAL_VOLTAGE, Reason: Bus voltage below threshold: 0.18 < 25.50
2025-07-11 04:29:37,715 - INFO - [AUDIT] - Decision: RECOVER_EPS, Reason: Critical voltage, Mode: Nominal
2025-07-11 04:29:37,716 - INFO - [AUDIT] - Rule Activated: CRITICAL_VOLTAGE, Reason: Bus voltage below threshold: 0.18 < 25.50
2025-07-11 04:29:37,716 - INFO - [AUDIT] - Decision: RECOVER_EPS, Reason: Critical voltage, Mode: Nominal
2025-07-11 04:29:37,716 - INFO - [AUDIT] - Rule Activated: CRITICAL_VOLTAGE, Reason: Bus voltage below threshold: 0.18 < 25.50
2025-07-11 04:29:37,716 - INFO - [AUDIT] - Decision: RECOVER_EPS, Reason: Critical voltage, Mode: Nominal
2025-07-11 04:29:37,716 - INFO - [AUDIT] - Rule Activated: CRITICAL_VOLTAGE, Reason: Bus voltage below threshold: 0.18 < 25.50
2025-07-11 04:29:37,716 - INFO - [AUDIT] - Decision: RECOVER_EPS, Reason: Critical voltage, Mode: Nominal
2025-07-11 04:29:37,716 - INFO - [AUDIT] - Rule Activated: CRITICAL_VOLTAGE, Reason: Bus voltage below threshold: 0.18 < 25.50
2025-07-11 04:29:37,716 - INFO - [AUDIT] - Decision: RECOVER_EPS, Reason: Critical voltage, Mode: Nominal
2025-07-11 04:29:37,717 - INFO - [AUDIT] - Rule Activated: CRITICAL_VOLTAGE, Reason: Bus voltage below threshold: 0.18 < 25.50
2025-07-11 04:29:37,717 - INFO - [AUDIT] - Decision: RECOVER_EPS, Reason: Critical voltage, Mode: Nominal
2025-07-11 04:29:37,717 - INFO - [AUDIT] - Rule Activated: CRITICAL_VOLTAGE, Reason: Bus voltage below threshold: 0.18 < 25.50
2025-07-11 04:29:37,718 - INFO - [AUDIT] - Decision: RECOVER_EPS, Reason: Critical voltage, Mode: Nominal
2025-07-11 04:29:37,718 - INFO - [AUDIT] - Rule Activated: CRITICAL_VOLTAGE, Reason: Bus voltage below threshold: 0.18 < 25.50
2025-07-11 04:29:37,718 - INFO - [AUDIT] - Decision: RECOVER_EPS, Reason: Critical voltage, Mode: Nominal
2025-07-11 04:29:37,718 - INFO - [AUDIT] - Rule Activated: CRITICAL_VOLTAGE, Reason: Bus voltage below threshold: 0.18 < 25.50
2025-07-11 04:29:37,718 - INFO - [AUDIT] - Decision: RECOVER_EPS, Reason: Critical voltage, Mode: Nominal
2025-07-11 04:29:37,718 - INFO - [AUDIT] - Rule Activated: CRITICAL_VOLTAGE, Reason: Bus voltage below threshold: 0.18 < 25.50
2025-07-11 04:29:37,718 - INFO - [AUDIT] - Decision: RECOVER_EPS, Reason: Critical voltage, Mode: Nominal
2025-07-11 04:29:37,719 - INFO - [AUDIT] - Rule Activated: CRITICAL_VOLTAGE, Reason: Bus voltage below threshold: 0.18 < 25.50
2025-07-11 04:29:37,719 - INFO - [AUDIT] - Decision: RECOVER_EPS, Reason: Critical voltage, Mode: Nominal
2025-07-11 04:29:37,719 - INFO - [AUDIT] - Rule Activated: CRITICAL_VOLTAGE, Reason: Bus voltage below threshold: 0.18 < 25.50
2025-07-11 04:29:37,719 - INFO - [AUDIT] - Decision: RECOVER_EPS, Reason: Critical voltage, Mode: Nominal
2025-07-11 04:29:37,720 - INFO - [AUDIT] - Rule Activated: CRITICAL_VOLTAGE, Reason: Bus voltage below threshold: 0.18 < 25.50
2025-07-11 04:29:37,720 - INFO - [AUDIT] - Decision: RECOVER_EPS, Reason: Critical voltage, Mode: Nominal
2025-07-11 04:29:37,720 - INFO - [AUDIT] - Rule Activated: CRITICAL_VOLTAGE, Reason: Bus voltage below threshold: 0.18 < 25.50
2025-07-11 04:29:37,720 - INFO - [AUDIT] - Decision: RECOVER_EPS, Reason: Critical voltage, Mode: Nominal
2025-07-11 04:29:37,720 - INFO - [AUDIT] - Rule Activated: CRITICAL_VOLTAGE, Reason: Bus voltage below threshold: 0.18 < 25.50
2025-07-11 04:29:37,720 - INFO - [AUDIT] - Decision: RECOVER_EPS, Reason: Critical voltage, Mode: Nominal
2025-07-11 04:29:37,720 - INFO - [AUDIT] - Rule Activated: CRITICAL_VOLTAGE, Reason: Bus voltage below threshold: 0.18 < 25.50
2025-07-11 04:29:37,720 - INFO - [AUDIT] - Decision: RECOVER_EPS, Reason: Critical voltage, Mode: Nominal
2025-07-11 04:29:37,721 - INFO - [AUDIT] - Rule Activated: CRITICAL_VOLTAGE, Reason: Bus voltage below threshold: 0.18 < 25.50
2025-07-11 04:29:37,721 - INFO - [AUDIT] - Decision: RECOVER_EPS, Reason: Critical voltage, Mode: Nominal
2025-07-11 04:29:37,721 - INFO - [AUDIT] - Rule Activated: CRITICAL_VOLTAGE, Reason: Bus voltage below threshold: 0.18 < 25.50
2025-07-11 04:29:37,721 - INFO - [AUDIT] - Decision: RECOVER_EPS, Reason: Critical voltage, Mode: Nominal
2025-07-11 04:29:37,721 - INFO - [AUDIT] - Rule Activated: CRITICAL_VOLTAGE, Reason: Bus voltage below threshold: 0.18 < 25.50
2025-07-11 04:29:37,721 - INFO - [AUDIT] - Decision: RECOVER_EPS, Reason: Critical voltage, Mode: Nominal
2025-07-11 04:29:37,721 - INFO - [AUDIT] - Rule Activated: CRITICAL_VOLTAGE, Reason: Bus voltage below threshold: 0.18 < 25.50
2025-07-11 04:29:37,721 - INFO - [AUDIT] - Decision: RECOVER_EPS, Reason: Critical voltage, Mode: Nominal
2025-07-11 04:29:37,721 - INFO - [AUDIT] - Rule Activated: CRITICAL_VOLTAGE, Reason: Bus voltage below threshold: 0.18 < 25.50
2025-07-11 04:29:37,722 - INFO - [AUDIT] - Decision: RECOVER_EPS, Reason: Critical voltage, Mode: Nominal
2025-07-11 04:29:37,723 - INFO - [AUDIT] - Rule Activated: CRITICAL_VOLTAGE, Reason: Bus voltage below threshold: 0.18 < 25.50
2025-07-11 04:29:37,723 - INFO - [AUDIT] - Decision: RECOVER_EPS, Reason: Critical voltage, Mode: Nominal
2025-07-11 04:29:37,723 - INFO - [AUDIT] - Rule Activated: CRITICAL_VOLTAGE, Reason: Bus voltage below threshold: 0.18 < 25.50
2025-07-11 04:29:37,723 - INFO - [AUDIT] - Decision: RECOVER_EPS, Reason: Critical voltage, Mode: Nominal
2025-07-11 04:29:37,723 - INFO - [AUDIT] - Rule Activated: CRITICAL_VOLTAGE, Reason: Bus voltage below threshold: 0.18 < 25.50
2025-07-11 04:29:37,723 - INFO - [AUDIT] - Decision: RECOVER_EPS, Reason: Critical voltage, Mode: Nominal
2025-07-11 04:29:37,723 - INFO - [AUDIT] - Rule Activated: CRITICAL_VOLTAGE, Reason: Bus voltage below threshold: 0.18 < 25.50
2025-07-11 04:29:37,723 - INFO - [AUDIT] - Decision: RECOVER_EPS, Reason: Critical voltage, Mode: Nominal
2025-07-11 04:29:37,723 - INFO - [AUDIT] - Rule Activated: CRITICAL_VOLTAGE, Reason: Bus voltage below threshold: 0.18 < 25.50
2025-07-11 04:29:37,724 - INFO - [AUDIT] - Decision: RECOVER_EPS, Reason: Critical voltage, Mode: Nominal
2025-07-11 04:29:37,724 - INFO - [AUDIT] - Rule Activated: CRITICAL_VOLTAGE, Reason: Bus voltage below threshold: 0.18 < 25.50
2025-07-11 04:29:37,724 - INFO - [AUDIT] - Decision: RECOVER_EPS, Reason: Critical voltage, Mode: Nominal
2025-07-11 04:29:37,725 - INFO - [AUDIT] - Rule Activated: CRITICAL_VOLTAGE, Reason: Bus voltage below threshold: 0.18 < 25.50
2025-07-11 04:29:37,725 - INFO - [AUDIT] - Decision: RECOVER_EPS, Reason: Critical voltage, Mode: Nominal
2025-07-11 04:29:37,725 - INFO - [AUDIT] - Rule Activated: CRITICAL_VOLTAGE, Reason: Bus voltage below threshold: 0.18 < 25.50
2025-07-11 04:29:37,725 - INFO - [AUDIT] - Decision: RECOVER_EPS, Reason: Critical voltage, Mode: Nominal
2025-07-11 04:29:37,725 - INFO - [AUDIT] - Rule Activated: CRITICAL_VOLTAGE, Reason: Bus voltage below threshold: 0.18 < 25.50
2025-07-11 04:29:37,725 - INFO - [AUDIT] - Decision: RECOVER_EPS, Reason: Critical voltage, Mode: Nominal
2025-07-11 04:29:37,726 - INFO - [AUDIT] - Rule Activated: CRITICAL_VOLTAGE, Reason: Bus voltage below threshold: 0.18 < 25.50
2025-07-11 04:29:37,726 - INFO - [AUDIT] - Decision: RECOVER_EPS, Reason: Critical voltage, Mode: Nominal
2025-07-11 04:29:37,726 - INFO - [AUDIT] - Rule Activated: CRITICAL_VOLTAGE, Reason: Bus voltage below threshold: 0.18 < 25.50
2025-07-11 04:29:37,726 - INFO - [AUDIT] - Decision: RECOVER_EPS, Reason: Critical voltage, Mode: Nominal
2025-07-11 04:29:37,726 - INFO - [AUDIT] - Rule Activated: CRITICAL_VOLTAGE, Reason: Bus voltage below threshold: 0.18 < 25.50
2025-07-11 04:29:37,726 - INFO - [AUDIT] - Decision: RECOVER_EPS, Reason: Critical voltage, Mode: Nominal
2025-07-11 04:29:37,727 - INFO - [AUDIT] - Rule Activated: CRITICAL_VOLTAGE, Reason: Bus voltage below threshold: 0.18 < 25.50
2025-07-11 04:29:37,727 - INFO - [AUDIT] - Decision: RECOVER_EPS, Reason: Critical voltage, Mode: Nominal
2025-07-11 04:29:37,727 - INFO - [AUDIT] - Rule Activated: CRITICAL_VOLTAGE, Reason: Bus voltage below threshold: 0.18 < 25.50
2025-07-11 04:29:37,727 - INFO - [AUDIT] - Decision: RECOVER_EPS, Reason: Critical voltage, Mode: Nominal
2025-07-11 04:29:37,727 - INFO - [AUDIT] - Rule Activated: CRITICAL_VOLTAGE, Reason: Bus voltage below threshold: 0.18 < 25.50
2025-07-11 04:29:37,728 - INFO - [AUDIT] - Decision: RECOVER_EPS, Reason: Critical voltage, Mode: Nominal
2025-07-11 04:29:37,728 - INFO - [AUDIT] - Rule Activated: CRITICAL_VOLTAGE, Reason: Bus voltage below threshold: 0.18 < 25.50
2025-07-11 04:29:37,728 - INFO - [AUDIT] - Decision: RECOVER_EPS, Reason: Critical voltage, Mode: Nominal
2025-07-11 04:29:37,728 - INFO - [AUDIT] - Rule Activated: CRITICAL_VOLTAGE, Reason: Bus voltage below threshold: 0.18 < 25.50
2025-07-11 04:29:37,728 - INFO - [AUDIT] - Decision: RECOVER_EPS, Reason: Critical voltage, Mode: Nominal
2025-07-11 04:29:37,728 - INFO - [AUDIT] - Rule Activated: CRITICAL_VOLTAGE, Reason: Bus voltage below threshold: 0.18 < 25.50
2025-07-11 04:29:37,728 - INFO - [AUDIT] - Decision: RECOVER_EPS, Reason: Critical voltage, Mode: Nominal
2025-07-11 04:29:37,729 - INFO - [AUDIT] - Rule Activated: CRITICAL_VOLTAGE, Reason: Bus voltage below threshold: 0.18 < 25.50
2025-07-11 04:29:37,729 - INFO - [AUDIT] - Decision: RECOVER_EPS, Reason: Critical voltage, Mode: Nominal
2025-07-11 04:29:37,730 - INFO - [AUDIT] - Rule Activated: CRITICAL_VOLTAGE, Reason: Bus voltage below threshold: 0.18 < 25.50
2025-07-11 04:29:37,730 - INFO - [AUDIT] - Decision: RECOVER_EPS, Reason: Critical voltage, Mode: Nominal
2025-07-11 04:29:37,730 - INFO - [AUDIT] - Rule Activated: CRITICAL_VOLTAGE, Reason: Bus voltage below threshold: 0.18 < 25.50
2025-07-11 04:29:37,730 - INFO - [AUDIT] - Decision: RECOVER_EPS, Reason: Critical voltage, Mode: Nominal
2025-07-11 04:29:37,731 - INFO - [AUDIT] - Rule Activated: CRITICAL_VOLTAGE, Reason: Bus voltage below threshold: 0.18 < 25.50
2025-07-11 04:29:37,731 - INFO - [AUDIT] - Decision: RECOVER_EPS, Reason: Critical voltage, Mode: Nominal
2025-07-11 04:29:37,731 - INFO - [AUDIT] - Rule Activated: CRITICAL_VOLTAGE, Reason: Bus voltage below threshold: 0.18 < 25.50
2025-07-11 04:29:37,731 - INFO - [AUDIT] - Decision: RECOVER_EPS, Reason: Critical voltage, Mode: Nominal
2025-07-11 04:29:37,732 - INFO - [AUDIT] - Rule Activated: CRITICAL_VOLTAGE, Reason: Bus voltage below threshold: 0.18 < 25.50
2025-07-11 04:29:37,732 - INFO - [AUDIT] - Decision: RECOVER_EPS, Reason: Critical voltage, Mode: Nominal
2025-07-11 04:29:37,732 - INFO - [AUDIT] - Rule Activated: CRITICAL_VOLTAGE, Reason: Bus voltage below threshold: 0.18 < 25.50
2025-07-11 04:29:37,732 - INFO - [AUDIT] - Decision: RECOVER_EPS, Reason: Critical voltage, Mode: Nominal
2025-07-11 04:29:37,732 - INFO - [AUDIT] - Rule Activated: CRITICAL_VOLTAGE, Reason: Bus voltage below threshold: 0.18 < 25.50
2025-07-11 04:29:37,732 - INFO - [AUDIT] - Decision: RECOVER_EPS, Reason: Critical voltage, Mode: Nominal
2025-07-11 04:29:37,733 - INFO - [AUDIT] - Rule Activated: CRITICAL_VOLTAGE, Reason: Bus voltage below threshold: 0.18 < 25.50
2025-07-11 04:29:37,733 - INFO - [AUDIT] - Decision: RECOVER_EPS, Reason: Critical voltage, Mode: Nominal
2025-07-11 04:29:37,733 - INFO - [AUDIT] - Rule Activated: CRITICAL_VOLTAGE, Reason: Bus voltage below threshold: 0.18 < 25.50
2025-07-11 04:29:37,733 - INFO - [AUDIT] - Decision: RECOVER_EPS, Reason: Critical voltage, Mode: Nominal
2025-07-11 04:29:37,733 - INFO - [AUDIT] - Rule Activated: CRITICAL_VOLTAGE, Reason: Bus voltage below threshold: 0.18 < 25.50
2025-07-11 04:29:37,733 - INFO - [AUDIT] - Decision: RECOVER_EPS, Reason: Critical voltage, Mode: Nominal
2025-07-11 04:29:37,733 - INFO - [AUDIT] - Rule Activated: CRITICAL_VOLTAGE, Reason: Bus voltage below threshold: 0.18 < 25.50
2025-07-11 04:29:37,733 - INFO - [AUDIT] - Decision: RECOVER_EPS, Reason: Critical voltage, Mode: Nominal
2025-07-11 04:29:37,733 - INFO - [AUDIT] - Rule Activated: CRITICAL_VOLTAGE, Reason: Bus voltage below threshold: 0.18 < 25.50
2025-07-11 04:29:37,733 - INFO - [AUDIT] - Decision: RECOVER_EPS, Reason: Critical voltage, Mode: Nominal
2025-07-11 04:29:37,733 - INFO - [AUDIT] - Rule Activated: CRITICAL_VOLTAGE, Reason: Bus voltage below threshold: 0.18 < 25.50
2025-07-11 04:29:37,734 - INFO - [AUDIT] - Decision: RECOVER_EPS, Reason: Critical voltage, Mode: Nominal
2025-07-11 04:29:37,734 - INFO - [AUDIT] - Rule Activated: CRITICAL_VOLTAGE, Reason: Bus voltage below threshold: 0.18 < 25.50
2025-07-11 04:29:37,734 - INFO - [AUDIT] - Decision: RECOVER_EPS, Reason: Critical voltage, Mode: Nominal
2025-07-11 04:29:37,734 - INFO - [AUDIT] - Rule Activated: CRITICAL_VOLTAGE, Reason: Bus voltage below threshold: 0.18 < 25.50
2025-07-11 04:29:37,734 - INFO - [AUDIT] - Decision: RECOVER_EPS, Reason: Critical voltage, Mode: Nominal
2025-07-11 04:29:37,735 - INFO - [AUDIT] - Rule Activated: CRITICAL_VOLTAGE, Reason: Bus voltage below threshold: 0.18 < 25.50
2025-07-11 04:29:37,735 - INFO - [AUDIT] - Decision: RECOVER_EPS, Reason: Critical voltage, Mode: Nominal
2025-07-11 04:29:37,735 - INFO - [AUDIT] - Rule Activated: CRITICAL_VOLTAGE, Reason: Bus voltage below threshold: 0.18 < 25.50
2025-07-11 04:29:37,735 - INFO - [AUDIT] - Decision: RECOVER_EPS, Reason: Critical voltage, Mode: Nominal
2025-07-11 04:29:37,735 - INFO - [AUDIT] - Rule Activated: CRITICAL_VOLTAGE, Reason: Bus voltage below threshold: 0.18 < 25.50
2025-07-11 04:29:37,735 - INFO - [AUDIT] - Decision: RECOVER_EPS, Reason: Critical voltage, Mode: Nominal
2025-07-11 04:29:37,735 - INFO - [AUDIT] - Rule Activated: CRITICAL_VOLTAGE, Reason: Bus voltage below threshold: 0.18 < 25.50
2025-07-11 04:29:37,735 - INFO - [AUDIT] - Decision: RECOVER_EPS, Reason: Critical voltage, Mode: Nominal
2025-07-11 04:29:37,735 - INFO - [AUDIT] - Rule Activated: CRITICAL_VOLTAGE, Reason: Bus voltage below threshold: 0.18 < 25.50
2025-07-11 04:29:37,735 - INFO - [AUDIT] - Decision: RECOVER_EPS, Reason: Critical voltage, Mode: Nominal
2025-07-11 04:29:37,736 - INFO - [AUDIT] - Rule Activated: CRITICAL_VOLTAGE, Reason: Bus voltage below threshold: 0.18 < 25.50
2025-07-11 04:29:37,736 - INFO - [AUDIT] - Decision: RECOVER_EPS, Reason: Critical voltage, Mode: Nominal
2025-07-11 04:29:37,736 - INFO - [AUDIT] - Rule Activated: CRITICAL_VOLTAGE, Reason: Bus voltage below threshold: 0.18 < 25.50
2025-07-11 04:29:37,736 - INFO - [AUDIT] - Decision: RECOVER_EPS, Reason: Critical voltage, Mode: Nominal
2025-07-11 04:29:37,736 - INFO - [AUDIT] - Rule Activated: CRITICAL_VOLTAGE, Reason: Bus voltage below threshold: 0.18 < 25.50
2025-07-11 04:29:37,736 - INFO - [AUDIT] - Decision: RECOVER_EPS, Reason: Critical voltage, Mode: Nominal
2025-07-11 04:29:37,736 - INFO - [AUDIT] - Rule Activated: CRITICAL_VOLTAGE, Reason: Bus voltage below threshold: 0.18 < 25.50
2025-07-11 04:29:37,736 - INFO - [AUDIT] - Decision: RECOVER_EPS, Reason: Critical voltage, Mode: Nominal
2025-07-11 04:29:37,737 - INFO - [AUDIT] - Rule Activated: CRITICAL_VOLTAGE, Reason: Bus voltage below threshold: 0.18 < 25.50
2025-07-11 04:29:37,737 - INFO - [AUDIT] - Decision: RECOVER_EPS, Reason: Critical voltage, Mode: Nominal
2025-07-11 04:29:37,737 - INFO - [AUDIT] - Rule Activated: CRITICAL_VOLTAGE, Reason: Bus voltage below threshold: 0.18 < 25.50
2025-07-11 04:29:37,737 - INFO - [AUDIT] - Decision: RECOVER_EPS, Reason: Critical voltage, Mode: Nominal
2025-07-11 04:29:37,737 - INFO - [AUDIT] - Rule Activated: CRITICAL_VOLTAGE, Reason: Bus voltage below threshold: 0.18 < 25.50
2025-07-11 04:29:37,737 - INFO - [AUDIT] - Decision: RECOVER_EPS, Reason: Critical voltage, Mode: Nominal
2025-07-11 04:29:37,737 - INFO - [AUDIT] - Rule Activated: CRITICAL_VOLTAGE, Reason: Bus voltage below threshold: 0.18 < 25.50
2025-07-11 04:29:37,738 - INFO - [AUDIT] - Decision: RECOVER_EPS, Reason: Critical voltage, Mode: Nominal
2025-07-11 04:29:37,738 - INFO - [AUDIT] - Rule Activated: CRITICAL_VOLTAGE, Reason: Bus voltage below threshold: 0.18 < 25.50
2025-07-11 04:29:37,738 - INFO - [AUDIT] - Decision: RECOVER_EPS, Reason: Critical voltage, Mode: Nominal
2025-07-11 04:29:37,738 - INFO - [AUDIT] - Rule Activated: CRITICAL_VOLTAGE, Reason: Bus voltage below threshold: 0.18 < 25.50
2025-07-11 04:29:37,738 - INFO - [AUDIT] - Decision: RECOVER_EPS, Reason: Critical voltage, Mode: Nominal
2025-07-11 04:29:37,738 - INFO - [AUDIT] - Rule Activated: CRITICAL_VOLTAGE, Reason: Bus voltage below threshold: 0.18 < 25.50
2025-07-11 04:29:37,738 - INFO - [AUDIT] - Decision: RECOVER_EPS, Reason: Critical voltage, Mode: Nominal
2025-07-11 04:29:37,738 - INFO - [AUDIT] - Rule Activated: CRITICAL_VOLTAGE, Reason: Bus voltage below threshold: 0.18 < 25.50
2025-07-11 04:29:37,738 - INFO - [AUDIT] - Decision: RECOVER_EPS, Reason: Critical voltage, Mode: Nominal
2025-07-11 04:29:37,739 - INFO - [AUDIT] - Rule Activated: CRITICAL_VOLTAGE, Reason: Bus voltage below threshold: 0.18 < 25.50
2025-07-11 04:29:37,739 - INFO - [AUDIT] - Decision: RECOVER_EPS, Reason: Critical voltage, Mode: Nominal
2025-07-11 04:29:37,739 - INFO - [AUDIT] - Rule Activated: CRITICAL_VOLTAGE, Reason: Bus voltage below threshold: 0.18 < 25.50
2025-07-11 04:29:37,739 - INFO - [AUDIT] - Decision: RECOVER_EPS, Reason: Critical voltage, Mode: Nominal
2025-07-11 04:29:37,739 - INFO - [AUDIT] - Rule Activated: CRITICAL_VOLTAGE, Reason: Bus voltage below threshold: 0.18 < 25.50
2025-07-11 04:29:37,739 - INFO - [AUDIT] - Decision: RECOVER_EPS, Reason: Critical voltage, Mode: Nominal
2025-07-11 04:29:37,739 - INFO - [AUDIT] - Rule Activated: CRITICAL_VOLTAGE, Reason: Bus voltage below threshold: 0.18 < 25.50
2025-07-11 04:29:37,739 - INFO - [AUDIT] - Decision: RECOVER_EPS, Reason: Critical voltage, Mode: Nominal
2025-07-11 04:29:37,739 - INFO - [AUDIT] - Rule Activated: CRITICAL_VOLTAGE, Reason: Bus voltage below threshold: 0.18 < 25.50
2025-07-11 04:29:37,740 - INFO - [AUDIT] - Decision: RECOVER_EPS, Reason: Critical voltage, Mode: Nominal
2025-07-11 04:29:37,740 - INFO - [AUDIT] - Rule Activated: CRITICAL_VOLTAGE, Reason: Bus voltage below threshold: 0.18 < 25.50
2025-07-11 04:29:37,740 - INFO - [AUDIT] - Decision: RECOVER_EPS, Reason: Critical voltage, Mode: Nominal
2025-07-11 04:29:37,740 - INFO - [AUDIT] - Rule Activated: CRITICAL_VOLTAGE, Reason: Bus voltage below threshold: 0.18 < 25.50
2025-07-11 04:29:37,740 - INFO - [AUDIT] - Decision: RECOVER_EPS, Reason: Critical voltage, Mode: Nominal
2025-07-11 04:29:37,741 - INFO - [AUDIT] - Rule Activated: CRITICAL_VOLTAGE, Reason: Bus voltage below threshold: 0.18 < 25.50
2025-07-11 04:29:37,741 - INFO - [AUDIT] - Decision: RECOVER_EPS, Reason: Critical voltage, Mode: Nominal
2025-07-11 04:29:37,741 - INFO - [AUDIT] - Rule Activated: CRITICAL_VOLTAGE, Reason: Bus voltage below threshold: 0.18 < 25.50
2025-07-11 04:29:37,741 - INFO - [AUDIT] - Decision: RECOVER_EPS, Reason: Critical voltage, Mode: Nominal
2025-07-11 04:29:37,742 - INFO - [AUDIT] - Rule Activated: CRITICAL_VOLTAGE, Reason: Bus voltage below threshold: 0.18 < 25.50
2025-07-11 04:29:37,742 - INFO - [AUDIT] - Decision: RECOVER_EPS, Reason: Critical voltage, Mode: Nominal
2025-07-11 04:29:37,742 - INFO - [AUDIT] - Rule Activated: CRITICAL_VOLTAGE, Reason: Bus voltage below threshold: 0.18 < 25.50
2025-07-11 04:29:37,742 - INFO - [AUDIT] - Decision: RECOVER_EPS, Reason: Critical voltage, Mode: Nominal
2025-07-11 04:29:37,742 - INFO - [AUDIT] - Rule Activated: CRITICAL_VOLTAGE, Reason: Bus voltage below threshold: 0.18 < 25.50
2025-07-11 04:29:37,742 - INFO - [AUDIT] - Decision: RECOVER_EPS, Reason: Critical voltage, Mode: Nominal
2025-07-11 04:29:37,743 - INFO - [AUDIT] - Rule Activated: CRITICAL_VOLTAGE, Reason: Bus voltage below threshold: 0.18 < 25.50
2025-07-11 04:29:37,743 - INFO - [AUDIT] - Decision: RECOVER_EPS, Reason: Critical voltage, Mode: Nominal
2025-07-11 04:29:37,743 - INFO - [AUDIT] - Rule Activated: CRITICAL_VOLTAGE, Reason: Bus voltage below threshold: 0.18 < 25.50
2025-07-11 04:29:37,743 - INFO - [AUDIT] - Decision: RECOVER_EPS, Reason: Critical voltage, Mode: Nominal
2025-07-11 04:29:37,743 - INFO - [AUDIT] - Rule Activated: CRITICAL_VOLTAGE, Reason: Bus voltage below threshold: 0.18 < 25.50
2025-07-11 04:29:37,743 - INFO - [AUDIT] - Decision: RECOVER_EPS, Reason: Critical voltage, Mode: Nominal
2025-07-11 04:29:37,744 - INFO - [AUDIT] - Rule Activated: CRITICAL_VOLTAGE, Reason: Bus voltage below threshold: 0.18 < 25.50
2025-07-11 04:29:37,744 - INFO - [AUDIT] - Decision: RECOVER_EPS, Reason: Critical voltage, Mode: Nominal
2025-07-11 04:29:37,744 - INFO - [AUDIT] - Rule Activated: CRITICAL_VOLTAGE, Reason: Bus voltage below threshold: 0.18 < 25.50
2025-07-11 04:29:37,744 - INFO - [AUDIT] - Decision: RECOVER_EPS, Reason: Critical voltage, Mode: Nominal
2025-07-11 04:29:37,744 - INFO - [AUDIT] - Rule Activated: CRITICAL_VOLTAGE, Reason: Bus voltage below threshold: 0.18 < 25.50
2025-07-11 04:29:37,744 - INFO - [AUDIT] - Decision: RECOVER_EPS, Reason: Critical voltage, Mode: Nominal
2025-07-11 04:29:37,744 - INFO - [AUDIT] - Rule Activated: CRITICAL_VOLTAGE, Reason: Bus voltage below threshold: 0.18 < 25.50
2025-07-11 04:29:37,744 - INFO - [AUDIT] - Decision: RECOVER_EPS, Reason: Critical voltage, Mode: Nominal
2025-07-11 04:29:37,744 - INFO - [AUDIT] - Rule Activated: CRITICAL_VOLTAGE, Reason: Bus voltage below threshold: 0.18 < 25.50
2025-07-11 04:29:37,744 - INFO - [AUDIT] - Decision: RECOVER_EPS, Reason: Critical voltage, Mode: Nominal
2025-07-11 04:29:37,744 - INFO - [AUDIT] - Rule Activated: CRITICAL_VOLTAGE, Reason: Bus voltage below threshold: 0.18 < 25.50
2025-07-11 04:29:37,744 - INFO - [AUDIT] - Decision: RECOVER_EPS, Reason: Critical voltage, Mode: Nominal
2025-07-11 04:29:37,745 - INFO - [AUDIT] - Rule Activated: CRITICAL_VOLTAGE, Reason: Bus voltage below threshold: 0.18 < 25.50
2025-07-11 04:29:37,745 - INFO - [AUDIT] - Decision: RECOVER_EPS, Reason: Critical voltage, Mode: Nominal
2025-07-11 04:29:37,745 - INFO - [AUDIT] - Rule Activated: CRITICAL_VOLTAGE, Reason: Bus voltage below threshold: 0.18 < 25.50
2025-07-11 04:29:37,745 - INFO - [AUDIT] - Decision: RECOVER_EPS, Reason: Critical voltage, Mode: Nominal
2025-07-11 04:29:37,745 - INFO - [AUDIT] - Rule Activated: CRITICAL_VOLTAGE, Reason: Bus voltage below threshold: 0.18 < 25.50
2025-07-11 04:29:37,745 - INFO - [AUDIT] - Decision: RECOVER_EPS, Reason: Critical voltage, Mode: Nominal
2025-07-11 04:29:37,745 - INFO - [AUDIT] - Rule Activated: CRITICAL_VOLTAGE, Reason: Bus voltage below threshold: 0.18 < 25.50
2025-07-11 04:29:37,745 - INFO - [AUDIT] - Decision: RECOVER_EPS, Reason: Critical voltage, Mode: Nominal
2025-07-11 04:29:37,745 - INFO - [AUDIT] - Rule Activated: CRITICAL_VOLTAGE, Reason: Bus voltage below threshold: 0.18 < 25.50
2025-07-11 04:29:37,745 - INFO - [AUDIT] - Decision: RECOVER_EPS, Reason: Critical voltage, Mode: Nominal
2025-07-11 04:29:37,745 - INFO - [AUDIT] - Rule Activated: CRITICAL_VOLTAGE, Reason: Bus voltage below threshold: 0.18 < 25.50
2025-07-11 04:29:37,745 - INFO - [AUDIT] - Decision: RECOVER_EPS, Reason: Critical voltage, Mode: Nominal
2025-07-11 04:29:37,746 - INFO - [AUDIT] - Rule Activated: CRITICAL_VOLTAGE, Reason: Bus voltage below threshold: 0.18 < 25.50
2025-07-11 04:29:37,746 - INFO - [AUDIT] - Decision: RECOVER_EPS, Reason: Critical voltage, Mode: Nominal
2025-07-11 04:29:37,747 - INFO - [AUDIT] - Rule Activated: CRITICAL_VOLTAGE, Reason: Bus voltage below threshold: 0.18 < 25.50
2025-07-11 04:29:37,747 - INFO - [AUDIT] - Decision: RECOVER_EPS, Reason: Critical voltage, Mode: Nominal
2025-07-11 04:29:37,747 - INFO - [AUDIT] - Rule Activated: CRITICAL_VOLTAGE, Reason: Bus voltage below threshold: 0.18 < 25.50
2025-07-11 04:29:37,747 - INFO - [AUDIT] - Decision: RECOVER_EPS, Reason: Critical voltage, Mode: Nominal
2025-07-11 04:29:37,747 - INFO - [AUDIT] - Rule Activated: CRITICAL_VOLTAGE, Reason: Bus voltage below threshold: 0.18 < 25.50
2025-07-11 04:29:37,747 - INFO - [AUDIT] - Decision: RECOVER_EPS, Reason: Critical voltage, Mode: Nominal
2025-07-11 04:29:37,747 - INFO - [AUDIT] - Rule Activated: CRITICAL_VOLTAGE, Reason: Bus voltage below threshold: 0.18 < 25.50
2025-07-11 04:29:37,747 - INFO - [AUDIT] - Decision: RECOVER_EPS, Reason: Critical voltage, Mode: Nominal
2025-07-11 04:29:37,747 - INFO - [AUDIT] - Rule Activated: CRITICAL_VOLTAGE, Reason: Bus voltage below threshold: 0.18 < 25.50
2025-07-11 04:29:37,748 - INFO - [AUDIT] - Decision: RECOVER_EPS, Reason: Critical voltage, Mode: Nominal
2025-07-11 04:29:37,748 - INFO - [AUDIT] - Rule Activated: CRITICAL_VOLTAGE, Reason: Bus voltage below threshold: 0.18 < 25.50
2025-07-11 04:29:37,748 - INFO - [AUDIT] - Decision: RECOVER_EPS, Reason: Critical voltage, Mode: Nominal
2025-07-11 04:29:37,748 - INFO - [AUDIT] - Rule Activated: CRITICAL_VOLTAGE, Reason: Bus voltage below threshold: 0.18 < 25.50
2025-07-11 04:29:37,748 - INFO - [AUDIT] - Decision: RECOVER_EPS, Reason: Critical voltage, Mode: Nominal
2025-07-11 04:29:37,748 - INFO - [AUDIT] - Rule Activated: CRITICAL_VOLTAGE, Reason: Bus voltage below threshold: 0.18 < 25.50
2025-07-11 04:29:37,748 - INFO - [AUDIT] - Decision: RECOVER_EPS, Reason: Critical voltage, Mode: Nominal
2025-07-11 04:29:37,748 - INFO - [AUDIT] - Rule Activated: CRITICAL_VOLTAGE, Reason: Bus voltage below threshold: 0.18 < 25.50
2025-07-11 04:29:37,748 - INFO - [AUDIT] - Decision: RECOVER_EPS, Reason: Critical voltage, Mode: Nominal
2025-07-11 04:29:37,749 - INFO - [AUDIT] - Rule Activated: CRITICAL_VOLTAGE, Reason: Bus voltage below threshold: 0.18 < 25.50
2025-07-11 04:29:37,749 - INFO - [AUDIT] - Decision: RECOVER_EPS, Reason: Critical voltage, Mode: Nominal
2025-07-11 04:29:37,749 - INFO - [AUDIT] - Rule Activated: CRITICAL_VOLTAGE, Reason: Bus voltage below threshold: 0.18 < 25.50
2025-07-11 04:29:37,749 - INFO - [AUDIT] - Decision: RECOVER_EPS, Reason: Critical voltage, Mode: Nominal
2025-07-11 04:29:37,749 - INFO - [AUDIT] - Rule Activated: CRITICAL_VOLTAGE, Reason: Bus voltage below threshold: 0.18 < 25.50
2025-07-11 04:29:37,749 - INFO - [AUDIT] - Decision: RECOVER_EPS, Reason: Critical voltage, Mode: Nominal
2025-07-11 04:29:37,750 - INFO - [AUDIT] - Rule Activated: CRITICAL_VOLTAGE, Reason: Bus voltage below threshold: 0.18 < 25.50
2025-07-11 04:29:37,750 - INFO - [AUDIT] - Decision: RECOVER_EPS, Reason: Critical voltage, Mode: Nominal
2025-07-11 04:29:37,750 - INFO - [AUDIT] - Rule Activated: CRITICAL_VOLTAGE, Reason: Bus voltage below threshold: 0.18 < 25.50
2025-07-11 04:29:37,750 - INFO - [AUDIT] - Decision: RECOVER_EPS, Reason: Critical voltage, Mode: Nominal
2025-07-11 04:29:37,750 - INFO - [AUDIT] - Rule Activated: CRITICAL_VOLTAGE, Reason: Bus voltage below threshold: 0.18 < 25.50
2025-07-11 04:29:37,750 - INFO - [AUDIT] - Decision: RECOVER_EPS, Reason: Critical voltage, Mode: Nominal
2025-07-11 04:29:37,750 - INFO - [AUDIT] - Rule Activated: CRITICAL_VOLTAGE, Reason: Bus voltage below threshold: 0.18 < 25.50
2025-07-11 04:29:37,750 - INFO - [AUDIT] - Decision: RECOVER_EPS, Reason: Critical voltage, Mode: Nominal
2025-07-11 04:29:37,751 - INFO - [AUDIT] - Rule Activated: CRITICAL_VOLTAGE, Reason: Bus voltage below threshold: 0.18 < 25.50
2025-07-11 04:29:37,751 - INFO - [AUDIT] - Decision: RECOVER_EPS, Reason: Critical voltage, Mode: Nominal
2025-07-11 04:29:37,751 - INFO - [AUDIT] - Rule Activated: CRITICAL_VOLTAGE, Reason: Bus voltage below threshold: 0.18 < 25.50
2025-07-11 04:29:37,751 - INFO - [AUDIT] - Decision: RECOVER_EPS, Reason: Critical voltage, Mode: Nominal
2025-07-11 04:29:37,752 - INFO - [AUDIT] - Rule Activated: CRITICAL_VOLTAGE, Reason: Bus voltage below threshold: 0.18 < 25.50
2025-07-11 04:29:37,752 - INFO - [AUDIT] - Decision: RECOVER_EPS, Reason: Critical voltage, Mode: Nominal
2025-07-11 04:29:37,752 - INFO - [AUDIT] - Rule Activated: CRITICAL_VOLTAGE, Reason: Bus voltage below threshold: 0.18 < 25.50
2025-07-11 04:29:37,752 - INFO - [AUDIT] - Decision: RECOVER_EPS, Reason: Critical voltage, Mode: Nominal
2025-07-11 04:29:37,752 - INFO - [AUDIT] - Rule Activated: CRITICAL_VOLTAGE, Reason: Bus voltage below threshold: 0.18 < 25.50
2025-07-11 04:29:37,752 - INFO - [AUDIT] - Decision: RECOVER_EPS, Reason: Critical voltage, Mode: Nominal
2025-07-11 04:29:37,753 - INFO - [AUDIT] - Rule Activated: CRITICAL_VOLTAGE, Reason: Bus voltage below threshold: 0.18 < 25.50
2025-07-11 04:29:37,753 - INFO - [AUDIT] - Decision: RECOVER_EPS, Reason: Critical voltage, Mode: Nominal
2025-07-11 04:29:37,753 - INFO - [AUDIT] - Rule Activated: CRITICAL_VOLTAGE, Reason: Bus voltage below threshold: 0.18 < 25.50
2025-07-11 04:29:37,754 - INFO - [AUDIT] - Decision: RECOVER_EPS, Reason: Critical voltage, Mode: Nominal
2025-07-11 04:29:37,755 - INFO - [AUDIT] - Rule Activated: CRITICAL_VOLTAGE, Reason: Bus voltage below threshold: 0.18 < 25.50
2025-07-11 04:29:37,755 - INFO - [AUDIT] - Decision: RECOVER_EPS, Reason: Critical voltage, Mode: Nominal
2025-07-11 04:29:37,755 - INFO - [AUDIT] - Rule Activated: CRITICAL_VOLTAGE, Reason: Bus voltage below threshold: 0.18 < 25.50
2025-07-11 04:29:37,755 - INFO - [AUDIT] - Decision: RECOVER_EPS, Reason: Critical voltage, Mode: Nominal
2025-07-11 04:29:37,755 - INFO - [AUDIT] - Rule Activated: CRITICAL_VOLTAGE, Reason: Bus voltage below threshold: 0.18 < 25.50
2025-07-11 04:29:37,755 - INFO - [AUDIT] - Decision: RECOVER_EPS, Reason: Critical voltage, Mode: Nominal
2025-07-11 04:29:37,756 - INFO - [AUDIT] - Rule Activated: CRITICAL_VOLTAGE, Reason: Bus voltage below threshold: 0.18 < 25.50
2025-07-11 04:29:37,756 - INFO - [AUDIT] - Decision: RECOVER_EPS, Reason: Critical voltage, Mode: Nominal
2025-07-11 04:29:37,756 - INFO - [AUDIT] - Rule Activated: CRITICAL_VOLTAGE, Reason: Bus voltage below threshold: 0.18 < 25.50
2025-07-11 04:29:37,756 - INFO - [AUDIT] - Decision: RECOVER_EPS, Reason: Critical voltage, Mode: Nominal
2025-07-11 04:29:37,756 - INFO - [AUDIT] - Rule Activated: CRITICAL_VOLTAGE, Reason: Bus voltage below threshold: 0.18 < 25.50
2025-07-11 04:29:37,756 - INFO - [AUDIT] - Decision: RECOVER_EPS, Reason: Critical voltage, Mode: Nominal
2025-07-11 04:29:37,757 - INFO - [AUDIT] - Rule Activated: CRITICAL_VOLTAGE, Reason: Bus voltage below threshold: 0.18 < 25.50
2025-07-11 04:29:37,757 - INFO - [AUDIT] - Decision: RECOVER_EPS, Reason: Critical voltage, Mode: Nominal
2025-07-11 04:29:37,757 - INFO - [AUDIT] - Rule Activated: CRITICAL_VOLTAGE, Reason: Bus voltage below threshold: 0.18 < 25.50
2025-07-11 04:29:37,757 - INFO - [AUDIT] - Decision: RECOVER_EPS, Reason: Critical voltage, Mode: Nominal
2025-07-11 04:29:37,757 - INFO - [AUDIT] - Rule Activated: CRITICAL_VOLTAGE, Reason: Bus voltage below threshold: 0.18 < 25.50
2025-07-11 04:29:37,757 - INFO - [AUDIT] - Decision: RECOVER_EPS, Reason: Critical voltage, Mode: Nominal
2025-07-11 04:29:37,757 - INFO - [AUDIT] - Rule Activated: CRITICAL_VOLTAGE, Reason: Bus voltage below threshold: 0.18 < 25.50
2025-07-11 04:29:37,758 - INFO - [AUDIT] - Decision: RECOVER_EPS, Reason: Critical voltage, Mode: Nominal
2025-07-11 04:29:37,758 - INFO - [AUDIT] - Rule Activated: CRITICAL_VOLTAGE, Reason: Bus voltage below threshold: 0.18 < 25.50
2025-07-11 04:29:37,758 - INFO - [AUDIT] - Decision: RECOVER_EPS, Reason: Critical voltage, Mode: Nominal
2025-07-11 04:29:37,759 - INFO - [AUDIT] - Rule Activated: CRITICAL_VOLTAGE, Reason: Bus voltage below threshold: 0.18 < 25.50
2025-07-11 04:29:37,759 - INFO - [AUDIT] - Decision: RECOVER_EPS, Reason: Critical voltage, Mode: Nominal
2025-07-11 04:29:37,759 - INFO - [AUDIT] - Rule Activated: CRITICAL_VOLTAGE, Reason: Bus voltage below threshold: 0.18 < 25.50
2025-07-11 04:29:37,759 - INFO - [AUDIT] - Decision: RECOVER_EPS, Reason: Critical voltage, Mode: Nominal
2025-07-11 04:29:37,760 - INFO - [AUDIT] - Rule Activated: CRITICAL_VOLTAGE, Reason: Bus voltage below threshold: 0.00 < 25.50
2025-07-11 04:29:37,760 - INFO - [AUDIT] - Decision: RECOVER_EPS, Reason: Critical voltage, Mode: Nominal
2025-07-11 04:29:37,760 - INFO - [AUDIT] - Rule Activated: CRITICAL_VOLTAGE, Reason: Bus voltage below threshold: 0.18 < 25.50
2025-07-11 04:29:37,760 - INFO - [AUDIT] - Decision: RECOVER_EPS, Reason: Critical voltage, Mode: Nominal
2025-07-11 04:29:37,760 - INFO - [AUDIT] - Rule Activated: CRITICAL_VOLTAGE, Reason: Bus voltage below threshold: 0.18 < 25.50
2025-07-11 04:29:37,760 - INFO - [AUDIT] - Decision: RECOVER_EPS, Reason: Critical voltage, Mode: Nominal
2025-07-11 04:29:37,760 - INFO - [AUDIT] - Rule Activated: CRITICAL_VOLTAGE, Reason: Bus voltage below threshold: 0.18 < 25.50
2025-07-11 04:29:37,760 - INFO - [AUDIT] - Decision: RECOVER_EPS, Reason: Critical voltage, Mode: Nominal
2025-07-11 04:29:37,760 - INFO - [AUDIT] - Rule Activated: CRITICAL_VOLTAGE, Reason: Bus voltage below threshold: 0.18 < 25.50
2025-07-11 04:29:37,760 - INFO - [AUDIT] - Decision: RECOVER_EPS, Reason: Critical voltage, Mode: Nominal
2025-07-11 04:29:37,760 - INFO - [AUDIT] - Rule Activated: CRITICAL_VOLTAGE, Reason: Bus voltage below threshold: 0.18 < 25.50
2025-07-11 04:29:37,761 - INFO - [AUDIT] - Decision: RECOVER_EPS, Reason: Critical voltage, Mode: Nominal
2025-07-11 04:29:37,761 - INFO - [AUDIT] - Rule Activated: CRITICAL_VOLTAGE, Reason: Bus voltage below threshold: 0.18 < 25.50
2025-07-11 04:29:37,761 - INFO - [AUDIT] - Decision: RECOVER_EPS, Reason: Critical voltage, Mode: Nominal
2025-07-11 04:29:37,761 - INFO - [AUDIT] - Rule Activated: CRITICAL_VOLTAGE, Reason: Bus voltage below threshold: 0.18 < 25.50
2025-07-11 04:29:37,761 - INFO - [AUDIT] - Decision: RECOVER_EPS, Reason: Critical voltage, Mode: Nominal
2025-07-11 04:29:37,762 - INFO - [AUDIT] - Rule Activated: CRITICAL_VOLTAGE, Reason: Bus voltage below threshold: 0.18 < 25.50
2025-07-11 04:29:37,762 - INFO - [AUDIT] - Decision: RECOVER_EPS, Reason: Critical voltage, Mode: Nominal
2025-07-11 04:29:37,762 - INFO - [AUDIT] - Rule Activated: CRITICAL_VOLTAGE, Reason: Bus voltage below threshold: 0.18 < 25.50
2025-07-11 04:29:37,762 - INFO - [AUDIT] - Decision: RECOVER_EPS, Reason: Critical voltage, Mode: Nominal
2025-07-11 04:29:37,763 - INFO - [AUDIT] - Rule Activated: CRITICAL_VOLTAGE, Reason: Bus voltage below threshold: 0.18 < 25.50
2025-07-11 04:29:37,763 - INFO - [AUDIT] - Decision: RECOVER_EPS, Reason: Critical voltage, Mode: Nominal
2025-07-11 04:29:37,763 - INFO - [AUDIT] - Rule Activated: CRITICAL_VOLTAGE, Reason: Bus voltage below threshold: 0.18 < 25.50
2025-07-11 04:29:37,763 - INFO - [AUDIT] - Decision: RECOVER_EPS, Reason: Critical voltage, Mode: Nominal
2025-07-11 04:29:37,763 - INFO - [AUDIT] - Rule Activated: CRITICAL_VOLTAGE, Reason: Bus voltage below threshold: 0.18 < 25.50
2025-07-11 04:29:37,763 - INFO - [AUDIT] - Decision: RECOVER_EPS, Reason: Critical voltage, Mode: Nominal
2025-07-11 04:29:37,763 - INFO - [AUDIT] - Rule Activated: CRITICAL_VOLTAGE, Reason: Bus voltage below threshold: 0.18 < 25.50
2025-07-11 04:29:37,763 - INFO - [AUDIT] - Decision: RECOVER_EPS, Reason: Critical voltage, Mode: Nominal
2025-07-11 04:29:37,763 - INFO - [AUDIT] - Rule Activated: CRITICAL_VOLTAGE, Reason: Bus voltage below threshold: 0.18 < 25.50
2025-07-11 04:29:37,763 - INFO - [AUDIT] - Decision: RECOVER_EPS, Reason: Critical voltage, Mode: Nominal
2025-07-11 04:29:37,764 - INFO - [AUDIT] - Rule Activated: CRITICAL_VOLTAGE, Reason: Bus voltage below threshold: 0.18 < 25.50
2025-07-11 04:29:37,764 - INFO - [AUDIT] - Decision: RECOVER_EPS, Reason: Critical voltage, Mode: Nominal
2025-07-11 04:29:37,764 - INFO - [AUDIT] - Rule Activated: CRITICAL_VOLTAGE, Reason: Bus voltage below threshold: 0.18 < 25.50
2025-07-11 04:29:37,764 - INFO - [AUDIT] - Decision: RECOVER_EPS, Reason: Critical voltage, Mode: Nominal
2025-07-11 04:29:37,764 - INFO - [AUDIT] - Rule Activated: CRITICAL_VOLTAGE, Reason: Bus voltage below threshold: 0.18 < 25.50
2025-07-11 04:29:37,764 - INFO - [AUDIT] - Decision: RECOVER_EPS, Reason: Critical voltage, Mode: Nominal
2025-07-11 04:29:37,764 - INFO - [AUDIT] - Rule Activated: CRITICAL_VOLTAGE, Reason: Bus voltage below threshold: 0.18 < 25.50
2025-07-11 04:29:37,764 - INFO - [AUDIT] - Decision: RECOVER_EPS, Reason: Critical voltage, Mode: Nominal
2025-07-11 04:29:37,764 - INFO - [AUDIT] - Rule Activated: CRITICAL_VOLTAGE, Reason: Bus voltage below threshold: 0.18 < 25.50
2025-07-11 04:29:37,764 - INFO - [AUDIT] - Decision: RECOVER_EPS, Reason: Critical voltage, Mode: Nominal
2025-07-11 04:29:37,765 - INFO - [AUDIT] - Rule Activated: CRITICAL_VOLTAGE, Reason: Bus voltage below threshold: 0.18 < 25.50
2025-07-11 04:29:37,765 - INFO - [AUDIT] - Decision: RECOVER_EPS, Reason: Critical voltage, Mode: Nominal
2025-07-11 04:29:37,765 - INFO - [AUDIT] - Rule Activated: CRITICAL_VOLTAGE, Reason: Bus voltage below threshold: 0.18 < 25.50
2025-07-11 04:29:37,765 - INFO - [AUDIT] - Decision: RECOVER_EPS, Reason: Critical voltage, Mode: Nominal
2025-07-11 04:29:37,765 - INFO - [AUDIT] - Rule Activated: CRITICAL_VOLTAGE, Reason: Bus voltage below threshold: 0.18 < 25.50
2025-07-11 04:29:37,765 - INFO - [AUDIT] - Decision: RECOVER_EPS, Reason: Critical voltage, Mode: Nominal
2025-07-11 04:29:37,765 - INFO - [AUDIT] - Rule Activated: CRITICAL_VOLTAGE, Reason: Bus voltage below threshold: 0.18 < 25.50
2025-07-11 04:29:37,765 - INFO - [AUDIT] - Decision: RECOVER_EPS, Reason: Critical voltage, Mode: Nominal
2025-07-11 04:29:37,765 - INFO - [AUDIT] - Rule Activated: CRITICAL_VOLTAGE, Reason: Bus voltage below threshold: 0.18 < 25.50
2025-07-11 04:29:37,765 - INFO - [AUDIT] - Decision: RECOVER_EPS, Reason: Critical voltage, Mode: Nominal
2025-07-11 04:29:37,765 - INFO - [AUDIT] - Rule Activated: CRITICAL_VOLTAGE, Reason: Bus voltage below threshold: 0.18 < 25.50
2025-07-11 04:29:37,766 - INFO - [AUDIT] - Decision: RECOVER_EPS, Reason: Critical voltage, Mode: Nominal
2025-07-11 04:29:37,766 - INFO - [AUDIT] - Rule Activated: CRITICAL_VOLTAGE, Reason: Bus voltage below threshold: 0.18 < 25.50
2025-07-11 04:29:37,766 - INFO - [AUDIT] - Decision: RECOVER_EPS, Reason: Critical voltage, Mode: Nominal
2025-07-11 04:29:37,766 - INFO - [AUDIT] - Rule Activated: CRITICAL_VOLTAGE, Reason: Bus voltage below threshold: 0.18 < 25.50
2025-07-11 04:29:37,766 - INFO - [AUDIT] - Decision: RECOVER_EPS, Reason: Critical voltage, Mode: Nominal
2025-07-11 04:29:37,767 - INFO - [AUDIT] - Rule Activated: CRITICAL_VOLTAGE, Reason: Bus voltage below threshold: 0.18 < 25.50
2025-07-11 04:29:37,767 - INFO - [AUDIT] - Decision: RECOVER_EPS, Reason: Critical voltage, Mode: Nominal
2025-07-11 04:29:37,768 - INFO - [AUDIT] - Rule Activated: CRITICAL_VOLTAGE, Reason: Bus voltage below threshold: 0.18 < 25.50
2025-07-11 04:29:37,768 - INFO - [AUDIT] - Decision: RECOVER_EPS, Reason: Critical voltage, Mode: Nominal
2025-07-11 04:29:37,768 - INFO - [AUDIT] - Rule Activated: CRITICAL_VOLTAGE, Reason: Bus voltage below threshold: 0.18 < 25.50
2025-07-11 04:29:37,768 - INFO - [AUDIT] - Decision: RECOVER_EPS, Reason: Critical voltage, Mode: Nominal
2025-07-11 04:29:37,768 - INFO - [AUDIT] - Rule Activated: CRITICAL_VOLTAGE, Reason: Bus voltage below threshold: 0.18 < 25.50
2025-07-11 04:29:37,768 - INFO - [AUDIT] - Decision: RECOVER_EPS, Reason: Critical voltage, Mode: Nominal
2025-07-11 04:29:37,768 - INFO - [AUDIT] - Rule Activated: CRITICAL_VOLTAGE, Reason: Bus voltage below threshold: 0.18 < 25.50
2025-07-11 04:29:37,768 - INFO - [AUDIT] - Decision: RECOVER_EPS, Reason: Critical voltage, Mode: Nominal
2025-07-11 04:29:37,768 - INFO - [AUDIT] - Rule Activated: CRITICAL_VOLTAGE, Reason: Bus voltage below threshold: 0.18 < 25.50
2025-07-11 04:29:37,768 - INFO - [AUDIT] - Decision: RECOVER_EPS, Reason: Critical voltage, Mode: Nominal
2025-07-11 04:29:37,768 - INFO - [AUDIT] - Rule Activated: CRITICAL_VOLTAGE, Reason: Bus voltage below threshold: 0.18 < 25.50
2025-07-11 04:29:37,768 - INFO - [AUDIT] - Decision: RECOVER_EPS, Reason: Critical voltage, Mode: Nominal
2025-07-11 04:29:37,769 - INFO - [AUDIT] - Rule Activated: CRITICAL_VOLTAGE, Reason: Bus voltage below threshold: 0.18 < 25.50
2025-07-11 04:29:37,769 - INFO - [AUDIT] - Decision: RECOVER_EPS, Reason: Critical voltage, Mode: Nominal
2025-07-11 04:29:37,769 - INFO - [AUDIT] - Rule Activated: CRITICAL_VOLTAGE, Reason: Bus voltage below threshold: 0.18 < 25.50
2025-07-11 04:29:37,769 - INFO - [AUDIT] - Decision: RECOVER_EPS, Reason: Critical voltage, Mode: Nominal
2025-07-11 04:29:37,769 - INFO - [AUDIT] - Rule Activated: CRITICAL_VOLTAGE, Reason: Bus voltage below threshold: 0.18 < 25.50
2025-07-11 04:29:37,769 - INFO - [AUDIT] - Decision: RECOVER_EPS, Reason: Critical voltage, Mode: Nominal
2025-07-11 04:29:37,769 - INFO - [AUDIT] - Rule Activated: CRITICAL_VOLTAGE, Reason: Bus voltage below threshold: 0.18 < 25.50
2025-07-11 04:29:37,769 - INFO - [AUDIT] - Decision: RECOVER_EPS, Reason: Critical voltage, Mode: Nominal
2025-07-11 04:29:37,769 - INFO - [AUDIT] - Rule Activated: CRITICAL_VOLTAGE, Reason: Bus voltage below threshold: 0.18 < 25.50
2025-07-11 04:29:37,769 - INFO - [AUDIT] - Decision: RECOVER_EPS, Reason: Critical voltage, Mode: Nominal
2025-07-11 04:29:37,769 - INFO - [AUDIT] - Rule Activated: CRITICAL_VOLTAGE, Reason: Bus voltage below threshold: 0.18 < 25.50
2025-07-11 04:29:37,770 - INFO - [AUDIT] - Decision: RECOVER_EPS, Reason: Critical voltage, Mode: Nominal
2025-07-11 04:29:37,770 - INFO - [AUDIT] - Rule Activated: CRITICAL_VOLTAGE, Reason: Bus voltage below threshold: 0.18 < 25.50
2025-07-11 04:29:37,770 - INFO - [AUDIT] - Decision: RECOVER_EPS, Reason: Critical voltage, Mode: Nominal
2025-07-11 04:29:37,770 - INFO - [AUDIT] - Rule Activated: CRITICAL_VOLTAGE, Reason: Bus voltage below threshold: 0.18 < 25.50
2025-07-11 04:29:37,770 - INFO - [AUDIT] - Decision: RECOVER_EPS, Reason: Critical voltage, Mode: Nominal
2025-07-11 04:29:37,770 - INFO - [AUDIT] - Rule Activated: CRITICAL_VOLTAGE, Reason: Bus voltage below threshold: 0.18 < 25.50
2025-07-11 04:29:37,770 - INFO - [AUDIT] - Decision: RECOVER_EPS, Reason: Critical voltage, Mode: Nominal
2025-07-11 04:29:37,770 - INFO - [AUDIT] - Rule Activated: CRITICAL_VOLTAGE, Reason: Bus voltage below threshold: 0.18 < 25.50
2025-07-11 04:29:37,770 - INFO - [AUDIT] - Decision: RECOVER_EPS, Reason: Critical voltage, Mode: Nominal
2025-07-11 04:29:37,771 - INFO - [AUDIT] - Rule Activated: CRITICAL_VOLTAGE, Reason: Bus voltage below threshold: 0.18 < 25.50
2025-07-11 04:29:37,771 - INFO - [AUDIT] - Decision: RECOVER_EPS, Reason: Critical voltage, Mode: Nominal
2025-07-11 04:29:37,771 - INFO - [AUDIT] - Rule Activated: CRITICAL_VOLTAGE, Reason: Bus voltage below threshold: 0.18 < 25.50
2025-07-11 04:29:37,771 - INFO - [AUDIT] - Decision: RECOVER_EPS, Reason: Critical voltage, Mode: Nominal
2025-07-11 04:29:37,771 - INFO - [AUDIT] - Rule Activated: CRITICAL_VOLTAGE, Reason: Bus voltage below threshold: 0.18 < 25.50
2025-07-11 04:29:37,771 - INFO - [AUDIT] - Decision: RECOVER_EPS, Reason: Critical voltage, Mode: Nominal
2025-07-11 04:29:37,772 - INFO - [AUDIT] - Rule Activated: CRITICAL_VOLTAGE, Reason: Bus voltage below threshold: 0.18 < 25.50
2025-07-11 04:29:37,772 - INFO - [AUDIT] - Decision: RECOVER_EPS, Reason: Critical voltage, Mode: Nominal
2025-07-11 04:29:37,772 - INFO - [AUDIT] - Rule Activated: CRITICAL_VOLTAGE, Reason: Bus voltage below threshold: 0.18 < 25.50
2025-07-11 04:29:37,772 - INFO - [AUDIT] - Decision: RECOVER_EPS, Reason: Critical voltage, Mode: Nominal
2025-07-11 04:29:37,772 - INFO - [AUDIT] - Rule Activated: CRITICAL_VOLTAGE, Reason: Bus voltage below threshold: 0.18 < 25.50
2025-07-11 04:29:37,772 - INFO - [AUDIT] - Decision: RECOVER_EPS, Reason: Critical voltage, Mode: Nominal
2025-07-11 04:29:37,773 - INFO - [AUDIT] - Rule Activated: CRITICAL_VOLTAGE, Reason: Bus voltage below threshold: 0.18 < 25.50
2025-07-11 04:29:37,773 - INFO - [AUDIT] - Decision: RECOVER_EPS, Reason: Critical voltage, Mode: Nominal
2025-07-11 04:29:37,773 - INFO - [AUDIT] - Rule Activated: CRITICAL_VOLTAGE, Reason: Bus voltage below threshold: 0.18 < 25.50
2025-07-11 04:29:37,773 - INFO - [AUDIT] - Decision: RECOVER_EPS, Reason: Critical voltage, Mode: Nominal
2025-07-11 04:29:37,773 - INFO - [AUDIT] - Rule Activated: CRITICAL_VOLTAGE, Reason: Bus voltage below threshold: 0.18 < 25.50
2025-07-11 04:29:37,774 - INFO - [AUDIT] - Decision: RECOVER_EPS, Reason: Critical voltage, Mode: Nominal
2025-07-11 04:29:37,774 - INFO - [AUDIT] - Rule Activated: CRITICAL_VOLTAGE, Reason: Bus voltage below threshold: 0.18 < 25.50
2025-07-11 04:29:37,774 - INFO - [AUDIT] - Decision: RECOVER_EPS, Reason: Critical voltage, Mode: Nominal
2025-07-11 04:29:37,774 - INFO - [AUDIT] - Rule Activated: CRITICAL_VOLTAGE, Reason: Bus voltage below threshold: 0.18 < 25.50
2025-07-11 04:29:37,774 - INFO - [AUDIT] - Decision: RECOVER_EPS, Reason: Critical voltage, Mode: Nominal
2025-07-11 04:29:37,775 - INFO - [AUDIT] - Rule Activated: CRITICAL_VOLTAGE, Reason: Bus voltage below threshold: 0.18 < 25.50
2025-07-11 04:29:37,775 - INFO - [AUDIT] - Decision: RECOVER_EPS, Reason: Critical voltage, Mode: Nominal
2025-07-11 04:29:37,775 - INFO - [AUDIT] - Rule Activated: CRITICAL_VOLTAGE, Reason: Bus voltage below threshold: 0.18 < 25.50
2025-07-11 04:29:37,775 - INFO - [AUDIT] - Decision: RECOVER_EPS, Reason: Critical voltage, Mode: Nominal
2025-07-11 04:29:37,776 - INFO - [AUDIT] - Rule Activated: CRITICAL_VOLTAGE, Reason: Bus voltage below threshold: 0.18 < 25.50
2025-07-11 04:29:37,776 - INFO - [AUDIT] - Decision: RECOVER_EPS, Reason: Critical voltage, Mode: Nominal
2025-07-11 04:29:37,776 - INFO - [AUDIT] - Rule Activated: CRITICAL_VOLTAGE, Reason: Bus voltage below threshold: 0.18 < 25.50
2025-07-11 04:29:37,776 - INFO - [AUDIT] - Decision: RECOVER_EPS, Reason: Critical voltage, Mode: Nominal
2025-07-11 04:29:37,777 - INFO - [AUDIT] - Rule Activated: CRITICAL_VOLTAGE, Reason: Bus voltage below threshold: 0.18 < 25.50
2025-07-11 04:29:37,777 - INFO - [AUDIT] - Decision: RECOVER_EPS, Reason: Critical voltage, Mode: Nominal
2025-07-11 04:29:37,777 - INFO - [AUDIT] - Rule Activated: CRITICAL_VOLTAGE, Reason: Bus voltage below threshold: 0.18 < 25.50
2025-07-11 04:29:37,777 - INFO - [AUDIT] - Decision: RECOVER_EPS, Reason: Critical voltage, Mode: Nominal
2025-07-11 04:29:37,777 - INFO - [AUDIT] - Rule Activated: CRITICAL_VOLTAGE, Reason: Bus voltage below threshold: 0.18 < 25.50
2025-07-11 04:29:37,777 - INFO - [AUDIT] - Decision: RECOVER_EPS, Reason: Critical voltage, Mode: Nominal
2025-07-11 04:29:37,777 - INFO - [AUDIT] - Rule Activated: CRITICAL_VOLTAGE, Reason: Bus voltage below threshold: 0.18 < 25.50
2025-07-11 04:29:37,777 - INFO - [AUDIT] - Decision: RECOVER_EPS, Reason: Critical voltage, Mode: Nominal
2025-07-11 04:29:37,778 - INFO - [AUDIT] - Rule Activated: CRITICAL_VOLTAGE, Reason: Bus voltage below threshold: 0.18 < 25.50
2025-07-11 04:29:37,778 - INFO - [AUDIT] - Decision: RECOVER_EPS, Reason: Critical voltage, Mode: Nominal
2025-07-11 04:29:37,778 - INFO - [AUDIT] - Rule Activated: CRITICAL_VOLTAGE, Reason: Bus voltage below threshold: 0.18 < 25.50
2025-07-11 04:29:37,778 - INFO - [AUDIT] - Decision: RECOVER_EPS, Reason: Critical voltage, Mode: Nominal
2025-07-11 04:29:37,778 - INFO - [AUDIT] - Rule Activated: CRITICAL_VOLTAGE, Reason: Bus voltage below threshold: 0.18 < 25.50
2025-07-11 04:29:37,778 - INFO - [AUDIT] - Decision: RECOVER_EPS, Reason: Critical voltage, Mode: Nominal
2025-07-11 04:29:37,778 - INFO - [AUDIT] - Rule Activated: CRITICAL_VOLTAGE, Reason: Bus voltage below threshold: 0.18 < 25.50
2025-07-11 04:29:37,778 - INFO - [AUDIT] - Decision: RECOVER_EPS, Reason: Critical voltage, Mode: Nominal
2025-07-11 04:29:37,778 - INFO - [AUDIT] - Rule Activated: CRITICAL_VOLTAGE, Reason: Bus voltage below threshold: 0.18 < 25.50
2025-07-11 04:29:37,778 - INFO - [AUDIT] - Decision: RECOVER_EPS, Reason: Critical voltage, Mode: Nominal
2025-07-11 04:29:37,779 - INFO - [AUDIT] - Rule Activated: CRITICAL_VOLTAGE, Reason: Bus voltage below threshold: 0.18 < 25.50
2025-07-11 04:29:37,779 - INFO - [AUDIT] - Decision: RECOVER_EPS, Reason: Critical voltage, Mode: Nominal
2025-07-11 04:29:37,779 - INFO - [AUDIT] - Rule Activated: CRITICAL_VOLTAGE, Reason: Bus voltage below threshold: 0.18 < 25.50
2025-07-11 04:29:37,779 - INFO - [AUDIT] - Decision: RECOVER_EPS, Reason: Critical voltage, Mode: Nominal
2025-07-11 04:29:37,779 - INFO - [AUDIT] - Rule Activated: CRITICAL_VOLTAGE, Reason: Bus voltage below threshold: 0.18 < 25.50
2025-07-11 04:29:37,779 - INFO - [AUDIT] - Decision: RECOVER_EPS, Reason: Critical voltage, Mode: Nominal
2025-07-11 04:29:37,779 - INFO - [AUDIT] - Rule Activated: CRITICAL_VOLTAGE, Reason: Bus voltage below threshold: 0.18 < 25.50
2025-07-11 04:29:37,779 - INFO - [AUDIT] - Decision: RECOVER_EPS, Reason: Critical voltage, Mode: Nominal
2025-07-11 04:29:37,779 - INFO - [AUDIT] - Rule Activated: CRITICAL_VOLTAGE, Reason: Bus voltage below threshold: 0.18 < 25.50
2025-07-11 04:29:37,779 - INFO - [AUDIT] - Decision: RECOVER_EPS, Reason: Critical voltage, Mode: Nominal
2025-07-11 04:29:37,780 - INFO - [AUDIT] - Rule Activated: CRITICAL_VOLTAGE, Reason: Bus voltage below threshold: 0.18 < 25.50
2025-07-11 04:29:37,780 - INFO - [AUDIT] - Decision: RECOVER_EPS, Reason: Critical voltage, Mode: Nominal
2025-07-11 04:29:37,780 - INFO - [AUDIT] - Rule Activated: CRITICAL_VOLTAGE, Reason: Bus voltage below threshold: 0.18 < 25.50
2025-07-11 04:29:37,780 - INFO - [AUDIT] - Decision: RECOVER_EPS, Reason: Critical voltage, Mode: Nominal
2025-07-11 04:29:37,780 - INFO - [AUDIT] - Rule Activated: CRITICAL_VOLTAGE, Reason: Bus voltage below threshold: 0.18 < 25.50
2025-07-11 04:29:37,780 - INFO - [AUDIT] - Decision: RECOVER_EPS, Reason: Critical voltage, Mode: Nominal
2025-07-11 04:29:37,780 - INFO - [AUDIT] - Rule Activated: CRITICAL_VOLTAGE, Reason: Bus voltage below threshold: 0.18 < 25.50
2025-07-11 04:29:37,780 - INFO - [AUDIT] - Decision: RECOVER_EPS, Reason: Critical voltage, Mode: Nominal
2025-07-11 04:29:37,780 - INFO - [AUDIT] - Rule Activated: CRITICAL_VOLTAGE, Reason: Bus voltage below threshold: 0.18 < 25.50
2025-07-11 04:29:37,780 - INFO - [AUDIT] - Decision: RECOVER_EPS, Reason: Critical voltage, Mode: Nominal
2025-07-11 04:29:37,780 - INFO - [AUDIT] - Rule Activated: CRITICAL_VOLTAGE, Reason: Bus voltage below threshold: 0.18 < 25.50
2025-07-11 04:29:37,780 - INFO - [AUDIT] - Decision: RECOVER_EPS, Reason: Critical voltage, Mode: Nominal
2025-07-11 04:29:37,781 - INFO - [AUDIT] - Rule Activated: CRITICAL_VOLTAGE, Reason: Bus voltage below threshold: 0.18 < 25.50
2025-07-11 04:29:37,781 - INFO - [AUDIT] - Decision: RECOVER_EPS, Reason: Critical voltage, Mode: Nominal
2025-07-11 04:29:37,781 - INFO - [AUDIT] - Rule Activated: CRITICAL_VOLTAGE, Reason: Bus voltage below threshold: 0.18 < 25.50
2025-07-11 04:29:37,781 - INFO - [AUDIT] - Decision: RECOVER_EPS, Reason: Critical voltage, Mode: Nominal
2025-07-11 04:29:37,781 - INFO - [AUDIT] - Rule Activated: CRITICAL_VOLTAGE, Reason: Bus voltage below threshold: 0.18 < 25.50
2025-07-11 04:29:37,781 - INFO - [AUDIT] - Decision: RECOVER_EPS, Reason: Critical voltage, Mode: Nominal
2025-07-11 04:29:37,782 - INFO - [AUDIT] - Rule Activated: CRITICAL_VOLTAGE, Reason: Bus voltage below threshold: 0.18 < 25.50
2025-07-11 04:29:37,782 - INFO - [AUDIT] - Decision: RECOVER_EPS, Reason: Critical voltage, Mode: Nominal
2025-07-11 04:29:37,783 - INFO - [AUDIT] - Rule Activated: CRITICAL_VOLTAGE, Reason: Bus voltage below threshold: 0.18 < 25.50
2025-07-11 04:29:37,783 - INFO - [AUDIT] - Decision: RECOVER_EPS, Reason: Critical voltage, Mode: Nominal
2025-07-11 04:29:37,783 - INFO - [AUDIT] - Rule Activated: CRITICAL_VOLTAGE, Reason: Bus voltage below threshold: 0.18 < 25.50
2025-07-11 04:29:37,783 - INFO - [AUDIT] - Decision: RECOVER_EPS, Reason: Critical voltage, Mode: Nominal
2025-07-11 04:29:37,783 - INFO - [AUDIT] - Rule Activated: CRITICAL_VOLTAGE, Reason: Bus voltage below threshold: 0.18 < 25.50
2025-07-11 04:29:37,783 - INFO - [AUDIT] - Decision: RECOVER_EPS, Reason: Critical voltage, Mode: Nominal
2025-07-11 04:29:37,784 - INFO - [AUDIT] - Rule Activated: CRITICAL_VOLTAGE, Reason: Bus voltage below threshold: 0.18 < 25.50
2025-07-11 04:29:37,784 - INFO - [AUDIT] - Decision: RECOVER_EPS, Reason: Critical voltage, Mode: Nominal
2025-07-11 04:29:37,784 - INFO - [AUDIT] - Rule Activated: CRITICAL_VOLTAGE, Reason: Bus voltage below threshold: 0.18 < 25.50
2025-07-11 04:29:37,784 - INFO - [AUDIT] - Decision: RECOVER_EPS, Reason: Critical voltage, Mode: Nominal
2025-07-11 04:29:37,784 - INFO - [AUDIT] - Rule Activated: CRITICAL_VOLTAGE, Reason: Bus voltage below threshold: 0.18 < 25.50
2025-07-11 04:29:37,784 - INFO - [AUDIT] - Decision: RECOVER_EPS, Reason: Critical voltage, Mode: Nominal
2025-07-11 04:29:37,784 - INFO - [AUDIT] - Rule Activated: CRITICAL_VOLTAGE, Reason: Bus voltage below threshold: 0.18 < 25.50
2025-07-11 04:29:37,784 - INFO - [AUDIT] - Decision: RECOVER_EPS, Reason: Critical voltage, Mode: Nominal
2025-07-11 04:29:37,784 - INFO - [AUDIT] - Rule Activated: CRITICAL_VOLTAGE, Reason: Bus voltage below threshold: 0.18 < 25.50
2025-07-11 04:29:37,784 - INFO - [AUDIT] - Decision: RECOVER_EPS, Reason: Critical voltage, Mode: Nominal
2025-07-11 04:29:37,785 - INFO - [AUDIT] - Rule Activated: CRITICAL_VOLTAGE, Reason: Bus voltage below threshold: 0.18 < 25.50
2025-07-11 04:29:37,785 - INFO - [AUDIT] - Decision: RECOVER_EPS, Reason: Critical voltage, Mode: Nominal
2025-07-11 04:29:37,785 - INFO - [AUDIT] - Rule Activated: CRITICAL_VOLTAGE, Reason: Bus voltage below threshold: 0.18 < 25.50
2025-07-11 04:29:37,785 - INFO - [AUDIT] - Decision: RECOVER_EPS, Reason: Critical voltage, Mode: Nominal
2025-07-11 04:29:37,785 - INFO - [AUDIT] - Rule Activated: CRITICAL_VOLTAGE, Reason: Bus voltage below threshold: 0.18 < 25.50
2025-07-11 04:29:37,785 - INFO - [AUDIT] - Decision: RECOVER_EPS, Reason: Critical voltage, Mode: Nominal
2025-07-11 04:29:37,785 - INFO - [AUDIT] - Rule Activated: CRITICAL_VOLTAGE, Reason: Bus voltage below threshold: 0.18 < 25.50
2025-07-11 04:29:37,785 - INFO - [AUDIT] - Decision: RECOVER_EPS, Reason: Critical voltage, Mode: Nominal
2025-07-11 04:29:37,786 - INFO - [AUDIT] - Rule Activated: CRITICAL_VOLTAGE, Reason: Bus voltage below threshold: 0.18 < 25.50
2025-07-11 04:29:37,786 - INFO - [AUDIT] - Decision: RECOVER_EPS, Reason: Critical voltage, Mode: Nominal
2025-07-11 04:29:37,786 - INFO - [AUDIT] - Rule Activated: CRITICAL_VOLTAGE, Reason: Bus voltage below threshold: 0.18 < 25.50
2025-07-11 04:29:37,786 - INFO - [AUDIT] - Decision: RECOVER_EPS, Reason: Critical voltage, Mode: Nominal
2025-07-11 04:29:37,786 - INFO - [AUDIT] - Rule Activated: CRITICAL_VOLTAGE, Reason: Bus voltage below threshold: 0.18 < 25.50
2025-07-11 04:29:37,786 - INFO - [AUDIT] - Decision: RECOVER_EPS, Reason: Critical voltage, Mode: Nominal
2025-07-11 04:29:37,786 - INFO - [AUDIT] - Rule Activated: CRITICAL_VOLTAGE, Reason: Bus voltage below threshold: 0.18 < 25.50
2025-07-11 04:29:37,786 - INFO - [AUDIT] - Decision: RECOVER_EPS, Reason: Critical voltage, Mode: Nominal
2025-07-11 04:29:37,787 - INFO - [AUDIT] - Rule Activated: CRITICAL_VOLTAGE, Reason: Bus voltage below threshold: 0.18 < 25.50
2025-07-11 04:29:37,787 - INFO - [AUDIT] - Decision: RECOVER_EPS, Reason: Critical voltage, Mode: Nominal
2025-07-11 04:29:37,787 - INFO - [AUDIT] - Rule Activated: CRITICAL_VOLTAGE, Reason: Bus voltage below threshold: 0.18 < 25.50
2025-07-11 04:29:37,787 - INFO - [AUDIT] - Decision: RECOVER_EPS, Reason: Critical voltage, Mode: Nominal
2025-07-11 04:29:37,787 - INFO - [AUDIT] - Rule Activated: CRITICAL_VOLTAGE, Reason: Bus voltage below threshold: 0.18 < 25.50
2025-07-11 04:29:37,787 - INFO - [AUDIT] - Decision: RECOVER_EPS, Reason: Critical voltage, Mode: Nominal
2025-07-11 04:29:37,788 - INFO - [AUDIT] - Rule Activated: CRITICAL_VOLTAGE, Reason: Bus voltage below threshold: 0.18 < 25.50
2025-07-11 04:29:37,788 - INFO - [AUDIT] - Decision: RECOVER_EPS, Reason: Critical voltage, Mode: Nominal
2025-07-11 04:29:37,788 - INFO - [AUDIT] - Rule Activated: CRITICAL_VOLTAGE, Reason: Bus voltage below threshold: 0.18 < 25.50
2025-07-11 04:29:37,788 - INFO - [AUDIT] - Decision: RECOVER_EPS, Reason: Critical voltage, Mode: Nominal
2025-07-11 04:29:37,789 - INFO - [AUDIT] - Rule Activated: CRITICAL_VOLTAGE, Reason: Bus voltage below threshold: 0.18 < 25.50
2025-07-11 04:29:37,789 - INFO - [AUDIT] - Decision: RECOVER_EPS, Reason: Critical voltage, Mode: Nominal
2025-07-11 04:29:37,789 - INFO - [AUDIT] - Rule Activated: CRITICAL_VOLTAGE, Reason: Bus voltage below threshold: 0.18 < 25.50
2025-07-11 04:29:37,789 - INFO - [AUDIT] - Decision: RECOVER_EPS, Reason: Critical voltage, Mode: Nominal
2025-07-11 04:29:37,789 - INFO - [AUDIT] - Rule Activated: CRITICAL_VOLTAGE, Reason: Bus voltage below threshold: 0.18 < 25.50
2025-07-11 04:29:37,789 - INFO - [AUDIT] - Decision: RECOVER_EPS, Reason: Critical voltage, Mode: Nominal
2025-07-11 04:29:37,789 - INFO - [AUDIT] - Rule Activated: CRITICAL_VOLTAGE, Reason: Bus voltage below threshold: 0.18 < 25.50
2025-07-11 04:29:37,789 - INFO - [AUDIT] - Decision: RECOVER_EPS, Reason: Critical voltage, Mode: Nominal
2025-07-11 04:29:37,790 - INFO - [AUDIT] - Rule Activated: CRITICAL_VOLTAGE, Reason: Bus voltage below threshold: 0.18 < 25.50
2025-07-11 04:29:37,790 - INFO - [AUDIT] - Decision: RECOVER_EPS, Reason: Critical voltage, Mode: Nominal
2025-07-11 04:29:37,790 - INFO - [AUDIT] - Rule Activated: CRITICAL_VOLTAGE, Reason: Bus voltage below threshold: 0.18 < 25.50
2025-07-11 04:29:37,790 - INFO - [AUDIT] - Decision: RECOVER_EPS, Reason: Critical voltage, Mode: Nominal
2025-07-11 04:29:37,790 - INFO - [AUDIT] - Rule Activated: CRITICAL_VOLTAGE, Reason: Bus voltage below threshold: 0.18 < 25.50
2025-07-11 04:29:37,790 - INFO - [AUDIT] - Decision: RECOVER_EPS, Reason: Critical voltage, Mode: Nominal
2025-07-11 04:29:37,790 - INFO - [AUDIT] - Rule Activated: CRITICAL_VOLTAGE, Reason: Bus voltage below threshold: 0.18 < 25.50
2025-07-11 04:29:37,790 - INFO - [AUDIT] - Decision: RECOVER_EPS, Reason: Critical voltage, Mode: Nominal
2025-07-11 04:29:37,791 - INFO - [AUDIT] - Rule Activated: CRITICAL_VOLTAGE, Reason: Bus voltage below threshold: 0.18 < 25.50
2025-07-11 04:29:37,791 - INFO - [AUDIT] - Decision: RECOVER_EPS, Reason: Critical voltage, Mode: Nominal
2025-07-11 04:29:37,791 - INFO - [AUDIT] - Rule Activated: CRITICAL_VOLTAGE, Reason: Bus voltage below threshold: 0.18 < 25.50
2025-07-11 04:29:37,791 - INFO - [AUDIT] - Decision: RECOVER_EPS, Reason: Critical voltage, Mode: Nominal
2025-07-11 04:29:37,792 - INFO - [AUDIT] - Rule Activated: CRITICAL_VOLTAGE, Reason: Bus voltage below threshold: 0.18 < 25.50
2025-07-11 04:29:37,792 - INFO - [AUDIT] - Decision: RECOVER_EPS, Reason: Critical voltage, Mode: Nominal
2025-07-11 04:29:37,792 - INFO - [AUDIT] - Rule Activated: CRITICAL_VOLTAGE, Reason: Bus voltage below threshold: 0.18 < 25.50
2025-07-11 04:29:37,792 - INFO - [AUDIT] - Decision: RECOVER_EPS, Reason: Critical voltage, Mode: Nominal
2025-07-11 04:29:37,792 - INFO - [AUDIT] - Rule Activated: CRITICAL_VOLTAGE, Reason: Bus voltage below threshold: 0.18 < 25.50
2025-07-11 04:29:37,792 - INFO - [AUDIT] - Decision: RECOVER_EPS, Reason: Critical voltage, Mode: Nominal
2025-07-11 04:29:37,793 - INFO - [AUDIT] - Rule Activated: CRITICAL_VOLTAGE, Reason: Bus voltage below threshold: 0.18 < 25.50
2025-07-11 04:29:37,793 - INFO - [AUDIT] - Decision: RECOVER_EPS, Reason: Critical voltage, Mode: Nominal
2025-07-11 04:29:37,793 - INFO - [AUDIT] - Rule Activated: CRITICAL_VOLTAGE, Reason: Bus voltage below threshold: 0.18 < 25.50
2025-07-11 04:29:37,793 - INFO - [AUDIT] - Decision: RECOVER_EPS, Reason: Critical voltage, Mode: Nominal
2025-07-11 04:29:37,793 - INFO - [AUDIT] - Rule Activated: CRITICAL_VOLTAGE, Reason: Bus voltage below threshold: 0.18 < 25.50
2025-07-11 04:29:37,793 - INFO - [AUDIT] - Decision: RECOVER_EPS, Reason: Critical voltage, Mode: Nominal
2025-07-11 04:29:37,794 - INFO - [AUDIT] - Rule Activated: CRITICAL_VOLTAGE, Reason: Bus voltage below threshold: 0.18 < 25.50
2025-07-11 04:29:37,794 - INFO - [AUDIT] - Decision: RECOVER_EPS, Reason: Critical voltage, Mode: Nominal
2025-07-11 04:29:37,794 - INFO - [AUDIT] - Rule Activated: CRITICAL_VOLTAGE, Reason: Bus voltage below threshold: 0.18 < 25.50
2025-07-11 04:29:37,794 - INFO - [AUDIT] - Decision: RECOVER_EPS, Reason: Critical voltage, Mode: Nominal
2025-07-11 04:29:37,794 - INFO - [AUDIT] - Rule Activated: CRITICAL_VOLTAGE, Reason: Bus voltage below threshold: 0.18 < 25.50
2025-07-11 04:29:37,794 - INFO - [AUDIT] - Decision: RECOVER_EPS, Reason: Critical voltage, Mode: Nominal
2025-07-11 04:29:37,794 - INFO - [AUDIT] - Rule Activated: CRITICAL_VOLTAGE, Reason: Bus voltage below threshold: 0.18 < 25.50
2025-07-11 04:29:37,794 - INFO - [AUDIT] - Decision: RECOVER_EPS, Reason: Critical voltage, Mode: Nominal
2025-07-11 04:29:37,794 - INFO - [AUDIT] - Rule Activated: CRITICAL_VOLTAGE, Reason: Bus voltage below threshold: 0.18 < 25.50
2025-07-11 04:29:37,795 - INFO - [AUDIT] - Decision: RECOVER_EPS, Reason: Critical voltage, Mode: Nominal
2025-07-11 04:29:37,795 - INFO - [AUDIT] - Rule Activated: CRITICAL_VOLTAGE, Reason: Bus voltage below threshold: 0.18 < 25.50
2025-07-11 04:29:37,795 - INFO - [AUDIT] - Decision: RECOVER_EPS, Reason: Critical voltage, Mode: Nominal
2025-07-11 04:29:37,795 - INFO - [AUDIT] - Rule Activated: CRITICAL_VOLTAGE, Reason: Bus voltage below threshold: 0.18 < 25.50
2025-07-11 04:29:37,795 - INFO - [AUDIT] - Decision: RECOVER_EPS, Reason: Critical voltage, Mode: Nominal
2025-07-11 04:29:37,795 - INFO - [AUDIT] - Rule Activated: CRITICAL_VOLTAGE, Reason: Bus voltage below threshold: 0.18 < 25.50
2025-07-11 04:29:37,795 - INFO - [AUDIT] - Decision: RECOVER_EPS, Reason: Critical voltage, Mode: Nominal
2025-07-11 04:29:37,795 - INFO - [AUDIT] - Rule Activated: CRITICAL_VOLTAGE, Reason: Bus voltage below threshold: 0.18 < 25.50
2025-07-11 04:29:37,795 - INFO - [AUDIT] - Decision: RECOVER_EPS, Reason: Critical voltage, Mode: Nominal
2025-07-11 04:29:37,795 - INFO - [AUDIT] - Rule Activated: CRITICAL_VOLTAGE, Reason: Bus voltage below threshold: 0.18 < 25.50
2025-07-11 04:29:37,795 - INFO - [AUDIT] - Decision: RECOVER_EPS, Reason: Critical voltage, Mode: Nominal
2025-07-11 04:29:37,796 - INFO - [AUDIT] - Rule Activated: CRITICAL_VOLTAGE, Reason: Bus voltage below threshold: 0.18 < 25.50
2025-07-11 04:29:37,796 - INFO - [AUDIT] - Decision: RECOVER_EPS, Reason: Critical voltage, Mode: Nominal
2025-07-11 04:29:37,796 - INFO - [AUDIT] - Rule Activated: CRITICAL_VOLTAGE, Reason: Bus voltage below threshold: 0.18 < 25.50
2025-07-11 04:29:37,796 - INFO - [AUDIT] - Decision: RECOVER_EPS, Reason: Critical voltage, Mode: Nominal
2025-07-11 04:29:37,796 - INFO - [AUDIT] - Rule Activated: CRITICAL_VOLTAGE, Reason: Bus voltage below threshold: 0.18 < 25.50
2025-07-11 04:29:37,796 - INFO - [AUDIT] - Decision: RECOVER_EPS, Reason: Critical voltage, Mode: Nominal
2025-07-11 04:29:37,796 - INFO - [AUDIT] - Rule Activated: CRITICAL_VOLTAGE, Reason: Bus voltage below threshold: 0.18 < 25.50
2025-07-11 04:29:37,796 - INFO - [AUDIT] - Decision: RECOVER_EPS, Reason: Critical voltage, Mode: Nominal
2025-07-11 04:29:37,797 - INFO - [AUDIT] - Rule Activated: CRITICAL_VOLTAGE, Reason: Bus voltage below threshold: 0.18 < 25.50
2025-07-11 04:29:37,797 - INFO - [AUDIT] - Decision: RECOVER_EPS, Reason: Critical voltage, Mode: Nominal
2025-07-11 04:29:37,797 - INFO - [AUDIT] - Rule Activated: CRITICAL_VOLTAGE, Reason: Bus voltage below threshold: 0.18 < 25.50
2025-07-11 04:29:37,797 - INFO - [AUDIT] - Decision: RECOVER_EPS, Reason: Critical voltage, Mode: Nominal
2025-07-11 04:29:37,797 - INFO - [AUDIT] - Rule Activated: CRITICAL_VOLTAGE, Reason: Bus voltage below threshold: 0.18 < 25.50
2025-07-11 04:29:37,798 - INFO - [AUDIT] - Decision: RECOVER_EPS, Reason: Critical voltage, Mode: Nominal
2025-07-11 04:29:37,799 - INFO - [AUDIT] - Rule Activated: CRITICAL_VOLTAGE, Reason: Bus voltage below threshold: 0.18 < 25.50
2025-07-11 04:29:37,799 - INFO - [AUDIT] - Decision: RECOVER_EPS, Reason: Critical voltage, Mode: Nominal
2025-07-11 04:29:37,799 - INFO - [AUDIT] - Rule Activated: CRITICAL_VOLTAGE, Reason: Bus voltage below threshold: 0.18 < 25.50
2025-07-11 04:29:37,799 - INFO - [AUDIT] - Decision: RECOVER_EPS, Reason: Critical voltage, Mode: Nominal
2025-07-11 04:29:37,799 - INFO - [AUDIT] - Rule Activated: CRITICAL_VOLTAGE, Reason: Bus voltage below threshold: 0.18 < 25.50
2025-07-11 04:29:37,799 - INFO - [AUDIT] - Decision: RECOVER_EPS, Reason: Critical voltage, Mode: Nominal
2025-07-11 04:29:37,799 - INFO - [AUDIT] - Rule Activated: CRITICAL_VOLTAGE, Reason: Bus voltage below threshold: 0.18 < 25.50
2025-07-11 04:29:37,799 - INFO - [AUDIT] - Decision: RECOVER_EPS, Reason: Critical voltage, Mode: Nominal
2025-07-11 04:29:37,799 - INFO - [AUDIT] - Rule Activated: CRITICAL_VOLTAGE, Reason: Bus voltage below threshold: 0.18 < 25.50
2025-07-11 04:29:37,799 - INFO - [AUDIT] - Decision: RECOVER_EPS, Reason: Critical voltage, Mode: Nominal
2025-07-11 04:29:37,799 - INFO - [AUDIT] - Rule Activated: CRITICAL_VOLTAGE, Reason: Bus voltage below threshold: 0.18 < 25.50
2025-07-11 04:29:37,800 - INFO - [AUDIT] - Decision: RECOVER_EPS, Reason: Critical voltage, Mode: Nominal
2025-07-11 04:29:37,800 - INFO - [AUDIT] - Rule Activated: CRITICAL_VOLTAGE, Reason: Bus voltage below threshold: 0.18 < 25.50
2025-07-11 04:29:37,800 - INFO - [AUDIT] - Decision: RECOVER_EPS, Reason: Critical voltage, Mode: Nominal
2025-07-11 04:29:37,800 - INFO - [AUDIT] - Rule Activated: CRITICAL_VOLTAGE, Reason: Bus voltage below threshold: 0.18 < 25.50
2025-07-11 04:29:37,800 - INFO - [AUDIT] - Decision: RECOVER_EPS, Reason: Critical voltage, Mode: Nominal
2025-07-11 04:29:37,800 - INFO - [AUDIT] - Rule Activated: CRITICAL_VOLTAGE, Reason: Bus voltage below threshold: 0.18 < 25.50
2025-07-11 04:29:37,800 - INFO - [AUDIT] - Decision: RECOVER_EPS, Reason: Critical voltage, Mode: Nominal
2025-07-11 04:29:37,800 - INFO - [AUDIT] - Rule Activated: CRITICAL_VOLTAGE, Reason: Bus voltage below threshold: 0.18 < 25.50
2025-07-11 04:29:37,800 - INFO - [AUDIT] - Decision: RECOVER_EPS, Reason: Critical voltage, Mode: Nominal
2025-07-11 04:29:37,800 - INFO - [AUDIT] - Rule Activated: CRITICAL_VOLTAGE, Reason: Bus voltage below threshold: 0.18 < 25.50
2025-07-11 04:29:37,800 - INFO - [AUDIT] - Decision: RECOVER_EPS, Reason: Critical voltage, Mode: Nominal
2025-07-11 04:29:37,801 - INFO - [AUDIT] - Rule Activated: CRITICAL_VOLTAGE, Reason: Bus voltage below threshold: 0.18 < 25.50
2025-07-11 04:29:37,801 - INFO - [AUDIT] - Decision: RECOVER_EPS, Reason: Critical voltage, Mode: Nominal
2025-07-11 04:29:37,801 - INFO - [AUDIT] - Rule Activated: CRITICAL_VOLTAGE, Reason: Bus voltage below threshold: 0.18 < 25.50
2025-07-11 04:29:37,801 - INFO - [AUDIT] - Decision: RECOVER_EPS, Reason: Critical voltage, Mode: Nominal
2025-07-11 04:29:37,801 - INFO - [AUDIT] - Rule Activated: CRITICAL_VOLTAGE, Reason: Bus voltage below threshold: 0.18 < 25.50
2025-07-11 04:29:37,801 - INFO - [AUDIT] - Decision: RECOVER_EPS, Reason: Critical voltage, Mode: Nominal
2025-07-11 04:29:37,801 - INFO - [AUDIT] - Rule Activated: CRITICAL_VOLTAGE, Reason: Bus voltage below threshold: 0.18 < 25.50
2025-07-11 04:29:37,801 - INFO - [AUDIT] - Decision: RECOVER_EPS, Reason: Critical voltage, Mode: Nominal
2025-07-11 04:29:37,801 - INFO - [AUDIT] - Rule Activated: CRITICAL_VOLTAGE, Reason: Bus voltage below threshold: 0.18 < 25.50
2025-07-11 04:29:37,801 - INFO - [AUDIT] - Decision: RECOVER_EPS, Reason: Critical voltage, Mode: Nominal
2025-07-11 04:29:37,802 - INFO - [AUDIT] - Rule Activated: CRITICAL_VOLTAGE, Reason: Bus voltage below threshold: 0.18 < 25.50
2025-07-11 04:29:37,802 - INFO - [AUDIT] - Decision: RECOVER_EPS, Reason: Critical voltage, Mode: Nominal
2025-07-11 04:29:37,802 - INFO - [AUDIT] - Rule Activated: CRITICAL_VOLTAGE, Reason: Bus voltage below threshold: 0.18 < 25.50
2025-07-11 04:29:37,802 - INFO - [AUDIT] - Decision: RECOVER_EPS, Reason: Critical voltage, Mode: Nominal
2025-07-11 04:29:37,802 - INFO - [AUDIT] - Rule Activated: CRITICAL_VOLTAGE, Reason: Bus voltage below threshold: 0.18 < 25.50
2025-07-11 04:29:37,802 - INFO - [AUDIT] - Decision: RECOVER_EPS, Reason: Critical voltage, Mode: Nominal
2025-07-11 04:29:37,802 - INFO - [AUDIT] - Rule Activated: CRITICAL_VOLTAGE, Reason: Bus voltage below threshold: 0.18 < 25.50
2025-07-11 04:29:37,802 - INFO - [AUDIT] - Decision: RECOVER_EPS, Reason: Critical voltage, Mode: Nominal
2025-07-11 04:29:37,803 - INFO - [AUDIT] - Rule Activated: CRITICAL_VOLTAGE, Reason: Bus voltage below threshold: 0.18 < 25.50
2025-07-11 04:29:37,803 - INFO - [AUDIT] - Decision: RECOVER_EPS, Reason: Critical voltage, Mode: Nominal
2025-07-11 04:29:37,803 - INFO - [AUDIT] - Rule Activated: CRITICAL_VOLTAGE, Reason: Bus voltage below threshold: 0.18 < 25.50
2025-07-11 04:29:37,803 - INFO - [AUDIT] - Decision: RECOVER_EPS, Reason: Critical voltage, Mode: Nominal
2025-07-11 04:29:37,803 - INFO - [AUDIT] - Rule Activated: CRITICAL_VOLTAGE, Reason: Bus voltage below threshold: 0.18 < 25.50
2025-07-11 04:29:37,803 - INFO - [AUDIT] - Decision: RECOVER_EPS, Reason: Critical voltage, Mode: Nominal
2025-07-11 04:29:37,803 - INFO - [AUDIT] - Rule Activated: CRITICAL_VOLTAGE, Reason: Bus voltage below threshold: 0.18 < 25.50
2025-07-11 04:29:37,803 - INFO - [AUDIT] - Decision: RECOVER_EPS, Reason: Critical voltage, Mode: Nominal
2025-07-11 04:29:37,803 - INFO - [AUDIT] - Rule Activated: CRITICAL_VOLTAGE, Reason: Bus voltage below threshold: 0.18 < 25.50
2025-07-11 04:29:37,803 - INFO - [AUDIT] - Decision: RECOVER_EPS, Reason: Critical voltage, Mode: Nominal
2025-07-11 04:29:37,804 - INFO - [AUDIT] - Rule Activated: CRITICAL_VOLTAGE, Reason: Bus voltage below threshold: 0.18 < 25.50
2025-07-11 04:29:37,804 - INFO - [AUDIT] - Decision: RECOVER_EPS, Reason: Critical voltage, Mode: Nominal
2025-07-11 04:29:37,804 - INFO - [AUDIT] - Rule Activated: CRITICAL_VOLTAGE, Reason: Bus voltage below threshold: 0.18 < 25.50
2025-07-11 04:29:37,804 - INFO - [AUDIT] - Decision: RECOVER_EPS, Reason: Critical voltage, Mode: Nominal
2025-07-11 04:29:37,804 - INFO - [AUDIT] - Rule Activated: CRITICAL_VOLTAGE, Reason: Bus voltage below threshold: 0.18 < 25.50
2025-07-11 04:29:37,804 - INFO - [AUDIT] - Decision: RECOVER_EPS, Reason: Critical voltage, Mode: Nominal
2025-07-11 04:29:37,804 - INFO - [AUDIT] - Rule Activated: CRITICAL_VOLTAGE, Reason: Bus voltage below threshold: 0.18 < 25.50
2025-07-11 04:29:37,804 - INFO - [AUDIT] - Decision: RECOVER_EPS, Reason: Critical voltage, Mode: Nominal
2025-07-11 04:29:37,805 - INFO - [AUDIT] - Rule Activated: CRITICAL_VOLTAGE, Reason: Bus voltage below threshold: 0.18 < 25.50
2025-07-11 04:29:37,805 - INFO - [AUDIT] - Decision: RECOVER_EPS, Reason: Critical voltage, Mode: Nominal
2025-07-11 04:29:37,805 - INFO - [AUDIT] - Rule Activated: CRITICAL_VOLTAGE, Reason: Bus voltage below threshold: 0.18 < 25.50
2025-07-11 04:29:37,805 - INFO - [AUDIT] - Decision: RECOVER_EPS, Reason: Critical voltage, Mode: Nominal
2025-07-11 04:29:37,805 - INFO - [AUDIT] - Rule Activated: CRITICAL_VOLTAGE, Reason: Bus voltage below threshold: 0.18 < 25.50
2025-07-11 04:29:37,805 - INFO - [AUDIT] - Decision: RECOVER_EPS, Reason: Critical voltage, Mode: Nominal
2025-07-11 04:29:37,805 - INFO - [AUDIT] - Rule Activated: CRITICAL_VOLTAGE, Reason: Bus voltage below threshold: 0.18 < 25.50
2025-07-11 04:29:37,805 - INFO - [AUDIT] - Decision: RECOVER_EPS, Reason: Critical voltage, Mode: Nominal
2025-07-11 04:29:37,805 - INFO - [AUDIT] - Rule Activated: CRITICAL_VOLTAGE, Reason: Bus voltage below threshold: 0.18 < 25.50
2025-07-11 04:29:37,805 - INFO - [AUDIT] - Decision: RECOVER_EPS, Reason: Critical voltage, Mode: Nominal
2025-07-11 04:29:37,806 - INFO - [AUDIT] - Rule Activated: CRITICAL_VOLTAGE, Reason: Bus voltage below threshold: 0.18 < 25.50
2025-07-11 04:29:37,806 - INFO - [AUDIT] - Decision: RECOVER_EPS, Reason: Critical voltage, Mode: Nominal
2025-07-11 04:29:37,806 - INFO - [AUDIT] - Rule Activated: CRITICAL_VOLTAGE, Reason: Bus voltage below threshold: 0.18 < 25.50
2025-07-11 04:29:37,806 - INFO - [AUDIT] - Decision: RECOVER_EPS, Reason: Critical voltage, Mode: Nominal
2025-07-11 04:29:37,806 - INFO - [AUDIT] - Rule Activated: CRITICAL_VOLTAGE, Reason: Bus voltage below threshold: 0.18 < 25.50
2025-07-11 04:29:37,806 - INFO - [AUDIT] - Decision: RECOVER_EPS, Reason: Critical voltage, Mode: Nominal
2025-07-11 04:29:37,806 - INFO - [AUDIT] - Rule Activated: CRITICAL_VOLTAGE, Reason: Bus voltage below threshold: 0.18 < 25.50
2025-07-11 04:29:37,806 - INFO - [AUDIT] - Decision: RECOVER_EPS, Reason: Critical voltage, Mode: Nominal
2025-07-11 04:29:37,806 - INFO - [AUDIT] - Rule Activated: CRITICAL_VOLTAGE, Reason: Bus voltage below threshold: 0.18 < 25.50
2025-07-11 04:29:37,807 - INFO - [AUDIT] - Decision: RECOVER_EPS, Reason: Critical voltage, Mode: Nominal
2025-07-11 04:29:37,807 - INFO - [AUDIT] - Rule Activated: CRITICAL_VOLTAGE, Reason: Bus voltage below threshold: 0.18 < 25.50
2025-07-11 04:29:37,807 - INFO - [AUDIT] - Decision: RECOVER_EPS, Reason: Critical voltage, Mode: Nominal
2025-07-11 04:29:37,807 - INFO - [AUDIT] - Rule Activated: CRITICAL_VOLTAGE, Reason: Bus voltage below threshold: 0.18 < 25.50
2025-07-11 04:29:37,807 - INFO - [AUDIT] - Decision: RECOVER_EPS, Reason: Critical voltage, Mode: Nominal
2025-07-11 04:29:37,807 - INFO - [AUDIT] - Rule Activated: CRITICAL_VOLTAGE, Reason: Bus voltage below threshold: 0.18 < 25.50
2025-07-11 04:29:37,807 - INFO - [AUDIT] - Decision: RECOVER_EPS, Reason: Critical voltage, Mode: Nominal
2025-07-11 04:29:37,808 - INFO - [AUDIT] - Rule Activated: CRITICAL_VOLTAGE, Reason: Bus voltage below threshold: 0.18 < 25.50
2025-07-11 04:29:37,808 - INFO - [AUDIT] - Decision: RECOVER_EPS, Reason: Critical voltage, Mode: Nominal
2025-07-11 04:29:37,808 - INFO - [AUDIT] - Rule Activated: CRITICAL_VOLTAGE, Reason: Bus voltage below threshold: 0.18 < 25.50
2025-07-11 04:29:37,808 - INFO - [AUDIT] - Decision: RECOVER_EPS, Reason: Critical voltage, Mode: Nominal
2025-07-11 04:29:37,808 - INFO - [AUDIT] - Rule Activated: CRITICAL_VOLTAGE, Reason: Bus voltage below threshold: 0.18 < 25.50
2025-07-11 04:29:37,808 - INFO - [AUDIT] - Decision: RECOVER_EPS, Reason: Critical voltage, Mode: Nominal
2025-07-11 04:29:37,808 - INFO - [AUDIT] - Rule Activated: CRITICAL_VOLTAGE, Reason: Bus voltage below threshold: 0.18 < 25.50
2025-07-11 04:29:37,808 - INFO - [AUDIT] - Decision: RECOVER_EPS, Reason: Critical voltage, Mode: Nominal
2025-07-11 04:29:37,809 - INFO - [AUDIT] - Rule Activated: CRITICAL_VOLTAGE, Reason: Bus voltage below threshold: 0.18 < 25.50
2025-07-11 04:29:37,809 - INFO - [AUDIT] - Decision: RECOVER_EPS, Reason: Critical voltage, Mode: Nominal
2025-07-11 04:29:37,809 - INFO - [AUDIT] - Rule Activated: CRITICAL_VOLTAGE, Reason: Bus voltage below threshold: 0.18 < 25.50
2025-07-11 04:29:37,809 - INFO - [AUDIT] - Decision: RECOVER_EPS, Reason: Critical voltage, Mode: Nominal
2025-07-11 04:29:37,809 - INFO - [AUDIT] - Rule Activated: CRITICAL_VOLTAGE, Reason: Bus voltage below threshold: 0.18 < 25.50
2025-07-11 04:29:37,810 - INFO - [AUDIT] - Decision: RECOVER_EPS, Reason: Critical voltage, Mode: Nominal
2025-07-11 04:29:37,810 - INFO - [AUDIT] - Rule Activated: CRITICAL_VOLTAGE, Reason: Bus voltage below threshold: 0.18 < 25.50
2025-07-11 04:29:37,810 - INFO - [AUDIT] - Decision: RECOVER_EPS, Reason: Critical voltage, Mode: Nominal
2025-07-11 04:29:37,810 - INFO - [AUDIT] - Rule Activated: CRITICAL_VOLTAGE, Reason: Bus voltage below threshold: 0.18 < 25.50
2025-07-11 04:29:37,810 - INFO - [AUDIT] - Decision: RECOVER_EPS, Reason: Critical voltage, Mode: Nominal
2025-07-11 04:29:37,810 - INFO - [AUDIT] - Rule Activated: CRITICAL_VOLTAGE, Reason: Bus voltage below threshold: 0.18 < 25.50
2025-07-11 04:29:37,810 - INFO - [AUDIT] - Decision: RECOVER_EPS, Reason: Critical voltage, Mode: Nominal
2025-07-11 04:29:37,810 - INFO - [AUDIT] - Rule Activated: CRITICAL_VOLTAGE, Reason: Bus voltage below threshold: 0.18 < 25.50
2025-07-11 04:29:37,810 - INFO - [AUDIT] - Decision: RECOVER_EPS, Reason: Critical voltage, Mode: Nominal
2025-07-11 04:29:37,810 - INFO - [AUDIT] - Rule Activated: CRITICAL_VOLTAGE, Reason: Bus voltage below threshold: 0.18 < 25.50
2025-07-11 04:29:37,811 - INFO - [AUDIT] - Decision: RECOVER_EPS, Reason: Critical voltage, Mode: Nominal
2025-07-11 04:29:37,811 - INFO - [AUDIT] - Rule Activated: CRITICAL_VOLTAGE, Reason: Bus voltage below threshold: 0.18 < 25.50
2025-07-11 04:29:37,811 - INFO - [AUDIT] - Decision: RECOVER_EPS, Reason: Critical voltage, Mode: Nominal
2025-07-11 04:29:37,811 - INFO - [AUDIT] - Rule Activated: CRITICAL_VOLTAGE, Reason: Bus voltage below threshold: 0.18 < 25.50
2025-07-11 04:29:37,811 - INFO - [AUDIT] - Decision: RECOVER_EPS, Reason: Critical voltage, Mode: Nominal
2025-07-11 04:29:37,811 - INFO - [AUDIT] - Rule Activated: CRITICAL_VOLTAGE, Reason: Bus voltage below threshold: 0.18 < 25.50
2025-07-11 04:29:37,811 - INFO - [AUDIT] - Decision: RECOVER_EPS, Reason: Critical voltage, Mode: Nominal
2025-07-11 04:29:37,811 - INFO - [AUDIT] - Rule Activated: CRITICAL_VOLTAGE, Reason: Bus voltage below threshold: 0.18 < 25.50
2025-07-11 04:29:37,811 - INFO - [AUDIT] - Decision: RECOVER_EPS, Reason: Critical voltage, Mode: Nominal
2025-07-11 04:29:37,811 - INFO - [AUDIT] - Rule Activated: CRITICAL_VOLTAGE, Reason: Bus voltage below threshold: 0.18 < 25.50
2025-07-11 04:29:37,811 - INFO - [AUDIT] - Decision: RECOVER_EPS, Reason: Critical voltage, Mode: Nominal
2025-07-11 04:29:37,812 - INFO - [AUDIT] - Rule Activated: CRITICAL_VOLTAGE, Reason: Bus voltage below threshold: 0.18 < 25.50
2025-07-11 04:29:37,812 - INFO - [AUDIT] - Decision: RECOVER_EPS, Reason: Critical voltage, Mode: Nominal
2025-07-11 04:29:37,813 - INFO - [AUDIT] - Rule Activated: CRITICAL_VOLTAGE, Reason: Bus voltage below threshold: 0.18 < 25.50
2025-07-11 04:29:37,813 - INFO - [AUDIT] - Decision: RECOVER_EPS, Reason: Critical voltage, Mode: Nominal
2025-07-11 04:29:37,813 - INFO - [AUDIT] - Rule Activated: CRITICAL_VOLTAGE, Reason: Bus voltage below threshold: 0.18 < 25.50
2025-07-11 04:29:37,813 - INFO - [AUDIT] - Decision: RECOVER_EPS, Reason: Critical voltage, Mode: Nominal
2025-07-11 04:29:37,814 - INFO - [AUDIT] - Rule Activated: CRITICAL_VOLTAGE, Reason: Bus voltage below threshold: 0.00 < 25.50
2025-07-11 04:29:37,814 - INFO - [AUDIT] - Decision: RECOVER_EPS, Reason: Critical voltage, Mode: Nominal
2025-07-11 04:29:37,814 - INFO - [AUDIT] - Rule Activated: CRITICAL_VOLTAGE, Reason: Bus voltage below threshold: 0.18 < 25.50
2025-07-11 04:29:37,814 - INFO - [AUDIT] - Decision: RECOVER_EPS, Reason: Critical voltage, Mode: Nominal
2025-07-11 04:29:37,815 - INFO - [AUDIT] - Rule Activated: CRITICAL_VOLTAGE, Reason: Bus voltage below threshold: 0.18 < 25.50
2025-07-11 04:29:37,815 - INFO - [AUDIT] - Decision: RECOVER_EPS, Reason: Critical voltage, Mode: Nominal
2025-07-11 04:29:37,815 - INFO - [AUDIT] - Rule Activated: CRITICAL_VOLTAGE, Reason: Bus voltage below threshold: 0.18 < 25.50
2025-07-11 04:29:37,815 - INFO - [AUDIT] - Decision: RECOVER_EPS, Reason: Critical voltage, Mode: Nominal
2025-07-11 04:29:37,815 - INFO - [AUDIT] - Rule Activated: CRITICAL_VOLTAGE, Reason: Bus voltage below threshold: 0.18 < 25.50
2025-07-11 04:29:37,815 - INFO - [AUDIT] - Decision: RECOVER_EPS, Reason: Critical voltage, Mode: Nominal
2025-07-11 04:29:37,815 - INFO - [AUDIT] - Rule Activated: CRITICAL_VOLTAGE, Reason: Bus voltage below threshold: 0.18 < 25.50
2025-07-11 04:29:37,815 - INFO - [AUDIT] - Decision: RECOVER_EPS, Reason: Critical voltage, Mode: Nominal
2025-07-11 04:29:37,815 - INFO - [AUDIT] - Rule Activated: CRITICAL_VOLTAGE, Reason: Bus voltage below threshold: 0.18 < 25.50
2025-07-11 04:29:37,815 - INFO - [AUDIT] - Decision: RECOVER_EPS, Reason: Critical voltage, Mode: Nominal
2025-07-11 04:29:37,816 - INFO - [AUDIT] - Rule Activated: CRITICAL_VOLTAGE, Reason: Bus voltage below threshold: 0.18 < 25.50
2025-07-11 04:29:37,816 - INFO - [AUDIT] - Decision: RECOVER_EPS, Reason: Critical voltage, Mode: Nominal
2025-07-11 04:29:37,816 - INFO - [AUDIT] - Rule Activated: CRITICAL_VOLTAGE, Reason: Bus voltage below threshold: 0.18 < 25.50
2025-07-11 04:29:37,816 - INFO - [AUDIT] - Decision: RECOVER_EPS, Reason: Critical voltage, Mode: Nominal
2025-07-11 04:29:37,816 - INFO - [AUDIT] - Rule Activated: CRITICAL_VOLTAGE, Reason: Bus voltage below threshold: 0.18 < 25.50
2025-07-11 04:29:37,816 - INFO - [AUDIT] - Decision: RECOVER_EPS, Reason: Critical voltage, Mode: Nominal
2025-07-11 04:29:37,817 - INFO - [AUDIT] - Rule Activated: CRITICAL_VOLTAGE, Reason: Bus voltage below threshold: 0.18 < 25.50
2025-07-11 04:29:37,817 - INFO - [AUDIT] - Decision: RECOVER_EPS, Reason: Critical voltage, Mode: Nominal
2025-07-11 04:29:37,817 - INFO - [AUDIT] - Rule Activated: CRITICAL_VOLTAGE, Reason: Bus voltage below threshold: 0.18 < 25.50
2025-07-11 04:29:37,817 - INFO - [AUDIT] - Decision: RECOVER_EPS, Reason: Critical voltage, Mode: Nominal
2025-07-11 04:29:37,818 - INFO - [AUDIT] - Rule Activated: CRITICAL_VOLTAGE, Reason: Bus voltage below threshold: 0.18 < 25.50
2025-07-11 04:29:37,818 - INFO - [AUDIT] - Decision: RECOVER_EPS, Reason: Critical voltage, Mode: Nominal
2025-07-11 04:29:37,818 - INFO - [AUDIT] - Rule Activated: CRITICAL_VOLTAGE, Reason: Bus voltage below threshold: 0.18 < 25.50
2025-07-11 04:29:37,818 - INFO - [AUDIT] - Decision: RECOVER_EPS, Reason: Critical voltage, Mode: Nominal
2025-07-11 04:29:37,818 - INFO - [AUDIT] - Rule Activated: CRITICAL_VOLTAGE, Reason: Bus voltage below threshold: 0.18 < 25.50
2025-07-11 04:29:37,818 - INFO - [AUDIT] - Decision: RECOVER_EPS, Reason: Critical voltage, Mode: Nominal
2025-07-11 04:29:37,819 - INFO - [AUDIT] - Rule Activated: CRITICAL_VOLTAGE, Reason: Bus voltage below threshold: 0.18 < 25.50
2025-07-11 04:29:37,819 - INFO - [AUDIT] - Decision: RECOVER_EPS, Reason: Critical voltage, Mode: Nominal
2025-07-11 04:29:37,819 - INFO - [AUDIT] - Rule Activated: CRITICAL_VOLTAGE, Reason: Bus voltage below threshold: 0.18 < 25.50
2025-07-11 04:29:37,819 - INFO - [AUDIT] - Decision: RECOVER_EPS, Reason: Critical voltage, Mode: Nominal
2025-07-11 04:29:37,819 - INFO - [AUDIT] - Rule Activated: CRITICAL_VOLTAGE, Reason: Bus voltage below threshold: 0.18 < 25.50
2025-07-11 04:29:37,819 - INFO - [AUDIT] - Decision: RECOVER_EPS, Reason: Critical voltage, Mode: Nominal
2025-07-11 04:29:37,819 - INFO - [AUDIT] - Rule Activated: CRITICAL_VOLTAGE, Reason: Bus voltage below threshold: 0.18 < 25.50
2025-07-11 04:29:37,819 - INFO - [AUDIT] - Decision: RECOVER_EPS, Reason: Critical voltage, Mode: Nominal
2025-07-11 04:29:37,819 - INFO - [AUDIT] - Rule Activated: CRITICAL_VOLTAGE, Reason: Bus voltage below threshold: 0.18 < 25.50
2025-07-11 04:29:37,819 - INFO - [AUDIT] - Decision: RECOVER_EPS, Reason: Critical voltage, Mode: Nominal
2025-07-11 04:29:37,820 - INFO - [AUDIT] - Rule Activated: CRITICAL_VOLTAGE, Reason: Bus voltage below threshold: 0.18 < 25.50
2025-07-11 04:29:37,820 - INFO - [AUDIT] - Decision: RECOVER_EPS, Reason: Critical voltage, Mode: Nominal
2025-07-11 04:29:37,820 - INFO - [AUDIT] - Rule Activated: CRITICAL_VOLTAGE, Reason: Bus voltage below threshold: 0.18 < 25.50
2025-07-11 04:29:37,820 - INFO - [AUDIT] - Decision: RECOVER_EPS, Reason: Critical voltage, Mode: Nominal
2025-07-11 04:29:37,820 - INFO - [AUDIT] - Rule Activated: CRITICAL_VOLTAGE, Reason: Bus voltage below threshold: 0.18 < 25.50
2025-07-11 04:29:37,820 - INFO - [AUDIT] - Decision: RECOVER_EPS, Reason: Critical voltage, Mode: Nominal
2025-07-11 04:29:37,820 - INFO - [AUDIT] - Rule Activated: CRITICAL_VOLTAGE, Reason: Bus voltage below threshold: 0.18 < 25.50
2025-07-11 04:29:37,820 - INFO - [AUDIT] - Decision: RECOVER_EPS, Reason: Critical voltage, Mode: Nominal
2025-07-11 04:29:37,821 - INFO - [AUDIT] - Rule Activated: CRITICAL_VOLTAGE, Reason: Bus voltage below threshold: 0.18 < 25.50
2025-07-11 04:29:37,821 - INFO - [AUDIT] - Decision: RECOVER_EPS, Reason: Critical voltage, Mode: Nominal
2025-07-11 04:29:37,821 - INFO - [AUDIT] - Rule Activated: CRITICAL_VOLTAGE, Reason: Bus voltage below threshold: 0.18 < 25.50
2025-07-11 04:29:37,821 - INFO - [AUDIT] - Decision: RECOVER_EPS, Reason: Critical voltage, Mode: Nominal
2025-07-11 04:29:37,821 - INFO - [AUDIT] - Rule Activated: CRITICAL_VOLTAGE, Reason: Bus voltage below threshold: 0.18 < 25.50
2025-07-11 04:29:37,821 - INFO - [AUDIT] - Decision: RECOVER_EPS, Reason: Critical voltage, Mode: Nominal
2025-07-11 04:29:37,821 - INFO - [AUDIT] - Rule Activated: CRITICAL_VOLTAGE, Reason: Bus voltage below threshold: 0.18 < 25.50
2025-07-11 04:29:37,821 - INFO - [AUDIT] - Decision: RECOVER_EPS, Reason: Critical voltage, Mode: Nominal
2025-07-11 04:29:37,821 - INFO - [AUDIT] - Rule Activated: CRITICAL_VOLTAGE, Reason: Bus voltage below threshold: 0.18 < 25.50
2025-07-11 04:29:37,821 - INFO - [AUDIT] - Decision: RECOVER_EPS, Reason: Critical voltage, Mode: Nominal
2025-07-11 04:29:37,821 - INFO - [AUDIT] - Rule Activated: CRITICAL_VOLTAGE, Reason: Bus voltage below threshold: 0.18 < 25.50
2025-07-11 04:29:37,821 - INFO - [AUDIT] - Decision: RECOVER_EPS, Reason: Critical voltage, Mode: Nominal
2025-07-11 04:29:37,822 - INFO - [AUDIT] - Rule Activated: CRITICAL_VOLTAGE, Reason: Bus voltage below threshold: 0.18 < 25.50
2025-07-11 04:29:37,822 - INFO - [AUDIT] - Decision: RECOVER_EPS, Reason: Critical voltage, Mode: Nominal
2025-07-11 04:29:37,822 - INFO - [AUDIT] - Rule Activated: CRITICAL_VOLTAGE, Reason: Bus voltage below threshold: 0.18 < 25.50
2025-07-11 04:29:37,822 - INFO - [AUDIT] - Decision: RECOVER_EPS, Reason: Critical voltage, Mode: Nominal
2025-07-11 04:29:37,822 - INFO - [AUDIT] - Rule Activated: CRITICAL_VOLTAGE, Reason: Bus voltage below threshold: 0.18 < 25.50
2025-07-11 04:29:37,822 - INFO - [AUDIT] - Decision: RECOVER_EPS, Reason: Critical voltage, Mode: Nominal
2025-07-11 04:29:37,823 - INFO - [AUDIT] - Rule Activated: CRITICAL_VOLTAGE, Reason: Bus voltage below threshold: 0.18 < 25.50
2025-07-11 04:29:37,823 - INFO - [AUDIT] - Decision: RECOVER_EPS, Reason: Critical voltage, Mode: Nominal
2025-07-11 04:29:37,823 - INFO - [AUDIT] - Rule Activated: CRITICAL_VOLTAGE, Reason: Bus voltage below threshold: 0.18 < 25.50
2025-07-11 04:29:37,823 - INFO - [AUDIT] - Decision: RECOVER_EPS, Reason: Critical voltage, Mode: Nominal
2025-07-11 04:29:37,823 - INFO - [AUDIT] - Rule Activated: CRITICAL_VOLTAGE, Reason: Bus voltage below threshold: 0.18 < 25.50
2025-07-11 04:29:37,823 - INFO - [AUDIT] - Decision: RECOVER_EPS, Reason: Critical voltage, Mode: Nominal
2025-07-11 04:29:37,823 - INFO - [AUDIT] - Rule Activated: CRITICAL_VOLTAGE, Reason: Bus voltage below threshold: 0.18 < 25.50
2025-07-11 04:29:37,823 - INFO - [AUDIT] - Decision: RECOVER_EPS, Reason: Critical voltage, Mode: Nominal
2025-07-11 04:29:37,823 - INFO - [AUDIT] - Rule Activated: CRITICAL_VOLTAGE, Reason: Bus voltage below threshold: 0.18 < 25.50
2025-07-11 04:29:37,823 - INFO - [AUDIT] - Decision: RECOVER_EPS, Reason: Critical voltage, Mode: Nominal
2025-07-11 04:29:37,823 - INFO - [AUDIT] - Rule Activated: CRITICAL_VOLTAGE, Reason: Bus voltage below threshold: 0.18 < 25.50
2025-07-11 04:29:37,823 - INFO - [AUDIT] - Decision: RECOVER_EPS, Reason: Critical voltage, Mode: Nominal
2025-07-11 04:29:37,824 - INFO - [AUDIT] - Rule Activated: CRITICAL_VOLTAGE, Reason: Bus voltage below threshold: 0.18 < 25.50
2025-07-11 04:29:37,824 - INFO - [AUDIT] - Decision: RECOVER_EPS, Reason: Critical voltage, Mode: Nominal
2025-07-11 04:29:37,824 - INFO - [AUDIT] - Rule Activated: CRITICAL_VOLTAGE, Reason: Bus voltage below threshold: 0.18 < 25.50
2025-07-11 04:29:37,824 - INFO - [AUDIT] - Decision: RECOVER_EPS, Reason: Critical voltage, Mode: Nominal
2025-07-11 04:29:37,824 - INFO - [AUDIT] - Rule Activated: CRITICAL_VOLTAGE, Reason: Bus voltage below threshold: 0.18 < 25.50
2025-07-11 04:29:37,824 - INFO - [AUDIT] - Decision: RECOVER_EPS, Reason: Critical voltage, Mode: Nominal
2025-07-11 04:29:37,825 - INFO - [AUDIT] - Rule Activated: CRITICAL_VOLTAGE, Reason: Bus voltage below threshold: 0.18 < 25.50
2025-07-11 04:29:37,825 - INFO - [AUDIT] - Decision: RECOVER_EPS, Reason: Critical voltage, Mode: Nominal
2025-07-11 04:29:37,825 - INFO - [AUDIT] - Rule Activated: CRITICAL_VOLTAGE, Reason: Bus voltage below threshold: 0.18 < 25.50
2025-07-11 04:29:37,825 - INFO - [AUDIT] - Decision: RECOVER_EPS, Reason: Critical voltage, Mode: Nominal
2025-07-11 04:29:37,825 - INFO - [AUDIT] - Rule Activated: CRITICAL_VOLTAGE, Reason: Bus voltage below threshold: 0.18 < 25.50
2025-07-11 04:29:37,825 - INFO - [AUDIT] - Decision: RECOVER_EPS, Reason: Critical voltage, Mode: Nominal
2025-07-11 04:29:37,826 - INFO - [AUDIT] - Rule Activated: CRITICAL_VOLTAGE, Reason: Bus voltage below threshold: 0.18 < 25.50
2025-07-11 04:29:37,826 - INFO - [AUDIT] - Decision: RECOVER_EPS, Reason: Critical voltage, Mode: Nominal
2025-07-11 04:29:37,826 - INFO - [AUDIT] - Rule Activated: CRITICAL_VOLTAGE, Reason: Bus voltage below threshold: 0.18 < 25.50
2025-07-11 04:29:37,826 - INFO - [AUDIT] - Decision: RECOVER_EPS, Reason: Critical voltage, Mode: Nominal
2025-07-11 04:29:37,826 - INFO - [AUDIT] - Rule Activated: CRITICAL_VOLTAGE, Reason: Bus voltage below threshold: 0.18 < 25.50
2025-07-11 04:29:37,826 - INFO - [AUDIT] - Decision: RECOVER_EPS, Reason: Critical voltage, Mode: Nominal
2025-07-11 04:29:37,827 - INFO - [AUDIT] - Rule Activated: CRITICAL_VOLTAGE, Reason: Bus voltage below threshold: 0.18 < 25.50
2025-07-11 04:29:37,827 - INFO - [AUDIT] - Decision: RECOVER_EPS, Reason: Critical voltage, Mode: Nominal
2025-07-11 04:29:37,827 - INFO - [AUDIT] - Rule Activated: CRITICAL_VOLTAGE, Reason: Bus voltage below threshold: 0.18 < 25.50
2025-07-11 04:29:37,827 - INFO - [AUDIT] - Decision: RECOVER_EPS, Reason: Critical voltage, Mode: Nominal
2025-07-11 04:29:37,827 - INFO - [AUDIT] - Rule Activated: CRITICAL_VOLTAGE, Reason: Bus voltage below threshold: 0.18 < 25.50
2025-07-11 04:29:37,827 - INFO - [AUDIT] - Decision: RECOVER_EPS, Reason: Critical voltage, Mode: Nominal
2025-07-11 04:29:37,828 - INFO - [AUDIT] - Rule Activated: CRITICAL_VOLTAGE, Reason: Bus voltage below threshold: 0.18 < 25.50
2025-07-11 04:29:37,828 - INFO - [AUDIT] - Decision: RECOVER_EPS, Reason: Critical voltage, Mode: Nominal
2025-07-11 04:29:37,828 - INFO - [AUDIT] - Rule Activated: CRITICAL_VOLTAGE, Reason: Bus voltage below threshold: 0.18 < 25.50
2025-07-11 04:29:37,828 - INFO - [AUDIT] - Decision: RECOVER_EPS, Reason: Critical voltage, Mode: Nominal
2025-07-11 04:29:37,828 - INFO - [AUDIT] - Rule Activated: CRITICAL_VOLTAGE, Reason: Bus voltage below threshold: 0.18 < 25.50
2025-07-11 04:29:37,828 - INFO - [AUDIT] - Decision: RECOVER_EPS, Reason: Critical voltage, Mode: Nominal
2025-07-11 04:29:37,829 - INFO - [AUDIT] - Rule Activated: CRITICAL_VOLTAGE, Reason: Bus voltage below threshold: 0.18 < 25.50
2025-07-11 04:29:37,829 - INFO - [AUDIT] - Decision: RECOVER_EPS, Reason: Critical voltage, Mode: Nominal
2025-07-11 04:29:37,829 - INFO - [AUDIT] - Rule Activated: CRITICAL_VOLTAGE, Reason: Bus voltage below threshold: 0.18 < 25.50
2025-07-11 04:29:37,829 - INFO - [AUDIT] - Decision: RECOVER_EPS, Reason: Critical voltage, Mode: Nominal
2025-07-11 04:29:37,829 - INFO - [AUDIT] - Rule Activated: CRITICAL_VOLTAGE, Reason: Bus voltage below threshold: 0.18 < 25.50
2025-07-11 04:29:37,829 - INFO - [AUDIT] - Decision: RECOVER_EPS, Reason: Critical voltage, Mode: Nominal
2025-07-11 04:29:37,830 - INFO - [AUDIT] - Rule Activated: CRITICAL_VOLTAGE, Reason: Bus voltage below threshold: 0.18 < 25.50
2025-07-11 04:29:37,830 - INFO - [AUDIT] - Decision: RECOVER_EPS, Reason: Critical voltage, Mode: Nominal
2025-07-11 04:29:37,830 - INFO - [AUDIT] - Rule Activated: CRITICAL_VOLTAGE, Reason: Bus voltage below threshold: 0.18 < 25.50
2025-07-11 04:29:37,830 - INFO - [AUDIT] - Decision: RECOVER_EPS, Reason: Critical voltage, Mode: Nominal
2025-07-11 04:29:37,830 - INFO - [AUDIT] - Rule Activated: CRITICAL_VOLTAGE, Reason: Bus voltage below threshold: 0.18 < 25.50
2025-07-11 04:29:37,830 - INFO - [AUDIT] - Decision: RECOVER_EPS, Reason: Critical voltage, Mode: Nominal
2025-07-11 04:29:37,830 - INFO - [AUDIT] - Rule Activated: CRITICAL_VOLTAGE, Reason: Bus voltage below threshold: 0.18 < 25.50
2025-07-11 04:29:37,830 - INFO - [AUDIT] - Decision: RECOVER_EPS, Reason: Critical voltage, Mode: Nominal
2025-07-11 04:29:37,830 - INFO - [AUDIT] - Rule Activated: CRITICAL_VOLTAGE, Reason: Bus voltage below threshold: 0.18 < 25.50
2025-07-11 04:29:37,830 - INFO - [AUDIT] - Decision: RECOVER_EPS, Reason: Critical voltage, Mode: Nominal
2025-07-11 04:29:37,830 - INFO - [AUDIT] - Rule Activated: CRITICAL_VOLTAGE, Reason: Bus voltage below threshold: 0.18 < 25.50
2025-07-11 04:29:37,831 - INFO - [AUDIT] - Decision: RECOVER_EPS, Reason: Critical voltage, Mode: Nominal
2025-07-11 04:29:37,831 - INFO - [AUDIT] - Rule Activated: CRITICAL_VOLTAGE, Reason: Bus voltage below threshold: 0.18 < 25.50
2025-07-11 04:29:37,831 - INFO - [AUDIT] - Decision: RECOVER_EPS, Reason: Critical voltage, Mode: Nominal
2025-07-11 04:29:37,831 - INFO - [AUDIT] - Rule Activated: CRITICAL_VOLTAGE, Reason: Bus voltage below threshold: 0.18 < 25.50
2025-07-11 04:29:37,831 - INFO - [AUDIT] - Decision: RECOVER_EPS, Reason: Critical voltage, Mode: Nominal
2025-07-11 04:29:37,831 - INFO - [AUDIT] - Rule Activated: CRITICAL_VOLTAGE, Reason: Bus voltage below threshold: 0.18 < 25.50
2025-07-11 04:29:37,831 - INFO - [AUDIT] - Decision: RECOVER_EPS, Reason: Critical voltage, Mode: Nominal
2025-07-11 04:29:37,831 - INFO - [AUDIT] - Rule Activated: CRITICAL_VOLTAGE, Reason: Bus voltage below threshold: 0.18 < 25.50
2025-07-11 04:29:37,831 - INFO - [AUDIT] - Decision: RECOVER_EPS, Reason: Critical voltage, Mode: Nominal
2025-07-11 04:29:37,831 - INFO - [AUDIT] - Rule Activated: CRITICAL_VOLTAGE, Reason: Bus voltage below threshold: 0.18 < 25.50
2025-07-11 04:29:37,832 - INFO - [AUDIT] - Decision: RECOVER_EPS, Reason: Critical voltage, Mode: Nominal
2025-07-11 04:29:37,832 - INFO - [AUDIT] - Rule Activated: CRITICAL_VOLTAGE, Reason: Bus voltage below threshold: 0.18 < 25.50
2025-07-11 04:29:37,832 - INFO - [AUDIT] - Decision: RECOVER_EPS, Reason: Critical voltage, Mode: Nominal
2025-07-11 04:29:37,832 - INFO - [AUDIT] - Rule Activated: CRITICAL_VOLTAGE, Reason: Bus voltage below threshold: 0.18 < 25.50
2025-07-11 04:29:37,832 - INFO - [AUDIT] - Decision: RECOVER_EPS, Reason: Critical voltage, Mode: Nominal
2025-07-11 04:29:37,832 - INFO - [AUDIT] - Rule Activated: CRITICAL_VOLTAGE, Reason: Bus voltage below threshold: 0.18 < 25.50
2025-07-11 04:29:37,832 - INFO - [AUDIT] - Decision: RECOVER_EPS, Reason: Critical voltage, Mode: Nominal
2025-07-11 04:29:37,833 - INFO - [AUDIT] - Rule Activated: CRITICAL_VOLTAGE, Reason: Bus voltage below threshold: 0.18 < 25.50
2025-07-11 04:29:37,833 - INFO - [AUDIT] - Decision: RECOVER_EPS, Reason: Critical voltage, Mode: Nominal
2025-07-11 04:29:37,833 - INFO - [AUDIT] - Rule Activated: CRITICAL_VOLTAGE, Reason: Bus voltage below threshold: 0.18 < 25.50
2025-07-11 04:29:37,833 - INFO - [AUDIT] - Decision: RECOVER_EPS, Reason: Critical voltage, Mode: Nominal
2025-07-11 04:29:37,833 - INFO - [AUDIT] - Rule Activated: CRITICAL_VOLTAGE, Reason: Bus voltage below threshold: 0.18 < 25.50
2025-07-11 04:29:37,833 - INFO - [AUDIT] - Decision: RECOVER_EPS, Reason: Critical voltage, Mode: Nominal
2025-07-11 04:29:37,834 - INFO - [AUDIT] - Rule Activated: CRITICAL_VOLTAGE, Reason: Bus voltage below threshold: 0.18 < 25.50
2025-07-11 04:29:37,834 - INFO - [AUDIT] - Decision: RECOVER_EPS, Reason: Critical voltage, Mode: Nominal
2025-07-11 04:29:37,834 - INFO - [AUDIT] - Rule Activated: CRITICAL_VOLTAGE, Reason: Bus voltage below threshold: 0.18 < 25.50
2025-07-11 04:29:37,834 - INFO - [AUDIT] - Decision: RECOVER_EPS, Reason: Critical voltage, Mode: Nominal
2025-07-11 04:29:37,834 - INFO - [AUDIT] - Rule Activated: CRITICAL_VOLTAGE, Reason: Bus voltage below threshold: 0.18 < 25.50
2025-07-11 04:29:37,834 - INFO - [AUDIT] - Decision: RECOVER_EPS, Reason: Critical voltage, Mode: Nominal
2025-07-11 04:29:37,834 - INFO - [AUDIT] - Rule Activated: CRITICAL_VOLTAGE, Reason: Bus voltage below threshold: 0.18 < 25.50
2025-07-11 04:29:37,834 - INFO - [AUDIT] - Decision: RECOVER_EPS, Reason: Critical voltage, Mode: Nominal
2025-07-11 04:29:37,834 - INFO - [AUDIT] - Rule Activated: CRITICAL_VOLTAGE, Reason: Bus voltage below threshold: 0.18 < 25.50
2025-07-11 04:29:37,834 - INFO - [AUDIT] - Decision: RECOVER_EPS, Reason: Critical voltage, Mode: Nominal
2025-07-11 04:29:37,834 - INFO - [AUDIT] - Rule Activated: CRITICAL_VOLTAGE, Reason: Bus voltage below threshold: 0.18 < 25.50
2025-07-11 04:29:37,834 - INFO - [AUDIT] - Decision: RECOVER_EPS, Reason: Critical voltage, Mode: Nominal
2025-07-11 04:29:37,835 - INFO - [AUDIT] - Rule Activated: CRITICAL_VOLTAGE, Reason: Bus voltage below threshold: 0.18 < 25.50
2025-07-11 04:29:37,835 - INFO - [AUDIT] - Decision: RECOVER_EPS, Reason: Critical voltage, Mode: Nominal
2025-07-11 04:29:37,835 - INFO - [AUDIT] - Rule Activated: CRITICAL_VOLTAGE, Reason: Bus voltage below threshold: 0.18 < 25.50
2025-07-11 04:29:37,835 - INFO - [AUDIT] - Decision: RECOVER_EPS, Reason: Critical voltage, Mode: Nominal
2025-07-11 04:29:37,835 - INFO - [AUDIT] - Rule Activated: CRITICAL_VOLTAGE, Reason: Bus voltage below threshold: 0.18 < 25.50
2025-07-11 04:29:37,835 - INFO - [AUDIT] - Decision: RECOVER_EPS, Reason: Critical voltage, Mode: Nominal
2025-07-11 04:29:37,835 - INFO - [AUDIT] - Rule Activated: CRITICAL_VOLTAGE, Reason: Bus voltage below threshold: 0.18 < 25.50
2025-07-11 04:29:37,835 - INFO - [AUDIT] - Decision: RECOVER_EPS, Reason: Critical voltage, Mode: Nominal
2025-07-11 04:29:37,835 - INFO - [AUDIT] - Rule Activated: CRITICAL_VOLTAGE, Reason: Bus voltage below threshold: 0.18 < 25.50
2025-07-11 04:29:37,835 - INFO - [AUDIT] - Decision: RECOVER_EPS, Reason: Critical voltage, Mode: Nominal
2025-07-11 04:29:37,835 - INFO - [AUDIT] - Rule Activated: CRITICAL_VOLTAGE, Reason: Bus voltage below threshold: 0.18 < 25.50
2025-07-11 04:29:37,836 - INFO - [AUDIT] - Decision: RECOVER_EPS, Reason: Critical voltage, Mode: Nominal
2025-07-11 04:29:37,836 - INFO - [AUDIT] - Rule Activated: CRITICAL_VOLTAGE, Reason: Bus voltage below threshold: 0.18 < 25.50
2025-07-11 04:29:37,836 - INFO - [AUDIT] - Decision: RECOVER_EPS, Reason: Critical voltage, Mode: Nominal
2025-07-11 04:29:37,836 - INFO - [AUDIT] - Rule Activated: CRITICAL_VOLTAGE, Reason: Bus voltage below threshold: 0.18 < 25.50
2025-07-11 04:29:37,836 - INFO - [AUDIT] - Decision: RECOVER_EPS, Reason: Critical voltage, Mode: Nominal
2025-07-11 04:29:37,836 - INFO - [AUDIT] - Rule Activated: CRITICAL_VOLTAGE, Reason: Bus voltage below threshold: 0.18 < 25.50
2025-07-11 04:29:37,836 - INFO - [AUDIT] - Decision: RECOVER_EPS, Reason: Critical voltage, Mode: Nominal
2025-07-11 04:29:37,836 - INFO - [AUDIT] - Rule Activated: CRITICAL_VOLTAGE, Reason: Bus voltage below threshold: 0.18 < 25.50
2025-07-11 04:29:37,836 - INFO - [AUDIT] - Decision: RECOVER_EPS, Reason: Critical voltage, Mode: Nominal
2025-07-11 04:29:37,836 - INFO - [AUDIT] - Rule Activated: CRITICAL_VOLTAGE, Reason: Bus voltage below threshold: 0.18 < 25.50
2025-07-11 04:29:37,836 - INFO - [AUDIT] - Decision: RECOVER_EPS, Reason: Critical voltage, Mode: Nominal
2025-07-11 04:29:37,836 - INFO - [AUDIT] - Rule Activated: CRITICAL_VOLTAGE, Reason: Bus voltage below threshold: 0.18 < 25.50
2025-07-11 04:29:37,836 - INFO - [AUDIT] - Decision: RECOVER_EPS, Reason: Critical voltage, Mode: Nominal
2025-07-11 04:29:37,837 - INFO - [AUDIT] - Rule Activated: CRITICAL_VOLTAGE, Reason: Bus voltage below threshold: 0.18 < 25.50
2025-07-11 04:29:37,837 - INFO - [AUDIT] - Decision: RECOVER_EPS, Reason: Critical voltage, Mode: Nominal
2025-07-11 04:29:37,837 - INFO - [AUDIT] - Rule Activated: CRITICAL_VOLTAGE, Reason: Bus voltage below threshold: 0.18 < 25.50
2025-07-11 04:29:37,837 - INFO - [AUDIT] - Decision: RECOVER_EPS, Reason: Critical voltage, Mode: Nominal
2025-07-11 04:29:37,837 - INFO - [AUDIT] - Rule Activated: CRITICAL_VOLTAGE, Reason: Bus voltage below threshold: 0.18 < 25.50
2025-07-11 04:29:37,837 - INFO - [AUDIT] - Decision: RECOVER_EPS, Reason: Critical voltage, Mode: Nominal
2025-07-11 04:29:37,838 - INFO - [AUDIT] - Rule Activated: CRITICAL_VOLTAGE, Reason: Bus voltage below threshold: 0.18 < 25.50
2025-07-11 04:29:37,838 - INFO - [AUDIT] - Decision: RECOVER_EPS, Reason: Critical voltage, Mode: Nominal
2025-07-11 04:29:37,838 - INFO - [AUDIT] - Rule Activated: CRITICAL_VOLTAGE, Reason: Bus voltage below threshold: 0.18 < 25.50
2025-07-11 04:29:37,838 - INFO - [AUDIT] - Decision: RECOVER_EPS, Reason: Critical voltage, Mode: Nominal
2025-07-11 04:29:37,838 - INFO - [AUDIT] - Rule Activated: CRITICAL_VOLTAGE, Reason: Bus voltage below threshold: 0.18 < 25.50
2025-07-11 04:29:37,838 - INFO - [AUDIT] - Decision: RECOVER_EPS, Reason: Critical voltage, Mode: Nominal
2025-07-11 04:29:37,838 - INFO - [AUDIT] - Rule Activated: CRITICAL_VOLTAGE, Reason: Bus voltage below threshold: 0.18 < 25.50
2025-07-11 04:29:37,838 - INFO - [AUDIT] - Decision: RECOVER_EPS, Reason: Critical voltage, Mode: Nominal
2025-07-11 04:29:37,838 - INFO - [AUDIT] - Rule Activated: CRITICAL_VOLTAGE, Reason: Bus voltage below threshold: 0.18 < 25.50
2025-07-11 04:29:37,838 - INFO - [AUDIT] - Decision: RECOVER_EPS, Reason: Critical voltage, Mode: Nominal
2025-07-11 04:29:37,839 - INFO - [AUDIT] - Rule Activated: CRITICAL_VOLTAGE, Reason: Bus voltage below threshold: 0.18 < 25.50
2025-07-11 04:29:37,839 - INFO - [AUDIT] - Decision: RECOVER_EPS, Reason: Critical voltage, Mode: Nominal
2025-07-11 04:29:37,839 - INFO - [AUDIT] - Rule Activated: CRITICAL_VOLTAGE, Reason: Bus voltage below threshold: 0.18 < 25.50
2025-07-11 04:29:37,839 - INFO - [AUDIT] - Decision: RECOVER_EPS, Reason: Critical voltage, Mode: Nominal
2025-07-11 04:29:37,839 - INFO - [AUDIT] - Rule Activated: CRITICAL_VOLTAGE, Reason: Bus voltage below threshold: 0.18 < 25.50
2025-07-11 04:29:37,839 - INFO - [AUDIT] - Decision: RECOVER_EPS, Reason: Critical voltage, Mode: Nominal
2025-07-11 04:29:37,839 - INFO - [AUDIT] - Rule Activated: CRITICAL_VOLTAGE, Reason: Bus voltage below threshold: 0.18 < 25.50
2025-07-11 04:29:37,839 - INFO - [AUDIT] - Decision: RECOVER_EPS, Reason: Critical voltage, Mode: Nominal
2025-07-11 04:29:37,839 - INFO - [AUDIT] - Rule Activated: CRITICAL_VOLTAGE, Reason: Bus voltage below threshold: 0.18 < 25.50
2025-07-11 04:29:37,840 - INFO - [AUDIT] - Decision: RECOVER_EPS, Reason: Critical voltage, Mode: Nominal
2025-07-11 04:29:37,840 - INFO - [AUDIT] - Rule Activated: CRITICAL_VOLTAGE, Reason: Bus voltage below threshold: 0.18 < 25.50
2025-07-11 04:29:37,840 - INFO - [AUDIT] - Decision: RECOVER_EPS, Reason: Critical voltage, Mode: Nominal
2025-07-11 04:29:37,840 - INFO - [AUDIT] - Rule Activated: CRITICAL_VOLTAGE, Reason: Bus voltage below threshold: 0.18 < 25.50
2025-07-11 04:29:37,840 - INFO - [AUDIT] - Decision: RECOVER_EPS, Reason: Critical voltage, Mode: Nominal
2025-07-11 04:29:37,841 - INFO - [AUDIT] - Rule Activated: CRITICAL_VOLTAGE, Reason: Bus voltage below threshold: 0.18 < 25.50
2025-07-11 04:29:37,841 - INFO - [AUDIT] - Decision: RECOVER_EPS, Reason: Critical voltage, Mode: Nominal
2025-07-11 04:29:37,841 - INFO - [AUDIT] - Rule Activated: CRITICAL_VOLTAGE, Reason: Bus voltage below threshold: 0.18 < 25.50
2025-07-11 04:29:37,841 - INFO - [AUDIT] - Decision: RECOVER_EPS, Reason: Critical voltage, Mode: Nominal
2025-07-11 04:29:37,841 - INFO - [AUDIT] - Rule Activated: CRITICAL_VOLTAGE, Reason: Bus voltage below threshold: 0.18 < 25.50
2025-07-11 04:29:37,842 - INFO - [AUDIT] - Decision: RECOVER_EPS, Reason: Critical voltage, Mode: Nominal
2025-07-11 04:29:37,842 - INFO - [AUDIT] - Rule Activated: CRITICAL_VOLTAGE, Reason: Bus voltage below threshold: 0.18 < 25.50
2025-07-11 04:29:37,842 - INFO - [AUDIT] - Decision: RECOVER_EPS, Reason: Critical voltage, Mode: Nominal
2025-07-11 04:29:37,842 - INFO - [AUDIT] - Rule Activated: CRITICAL_VOLTAGE, Reason: Bus voltage below threshold: 0.18 < 25.50
2025-07-11 04:29:37,842 - INFO - [AUDIT] - Decision: RECOVER_EPS, Reason: Critical voltage, Mode: Nominal
2025-07-11 04:29:37,843 - INFO - [AUDIT] - Rule Activated: CRITICAL_VOLTAGE, Reason: Bus voltage below threshold: 0.18 < 25.50
2025-07-11 04:29:37,843 - INFO - [AUDIT] - Decision: RECOVER_EPS, Reason: Critical voltage, Mode: Nominal
2025-07-11 04:29:37,843 - INFO - [AUDIT] - Rule Activated: CRITICAL_VOLTAGE, Reason: Bus voltage below threshold: 0.18 < 25.50
2025-07-11 04:29:37,843 - INFO - [AUDIT] - Decision: RECOVER_EPS, Reason: Critical voltage, Mode: Nominal
2025-07-11 04:29:37,844 - INFO - [AUDIT] - Rule Activated: CRITICAL_VOLTAGE, Reason: Bus voltage below threshold: 0.18 < 25.50
2025-07-11 04:29:37,844 - INFO - [AUDIT] - Decision: RECOVER_EPS, Reason: Critical voltage, Mode: Nominal
2025-07-11 04:29:37,844 - INFO - [AUDIT] - Rule Activated: CRITICAL_VOLTAGE, Reason: Bus voltage below threshold: 0.18 < 25.50
2025-07-11 04:29:37,844 - INFO - [AUDIT] - Decision: RECOVER_EPS, Reason: Critical voltage, Mode: Nominal
2025-07-11 04:29:37,844 - INFO - [AUDIT] - Rule Activated: CRITICAL_VOLTAGE, Reason: Bus voltage below threshold: 0.18 < 25.50
2025-07-11 04:29:37,844 - INFO - [AUDIT] - Decision: RECOVER_EPS, Reason: Critical voltage, Mode: Nominal
2025-07-11 04:29:37,844 - INFO - [AUDIT] - Rule Activated: CRITICAL_VOLTAGE, Reason: Bus voltage below threshold: 0.18 < 25.50
2025-07-11 04:29:37,844 - INFO - [AUDIT] - Decision: RECOVER_EPS, Reason: Critical voltage, Mode: Nominal
2025-07-11 04:29:37,845 - INFO - [AUDIT] - Rule Activated: CRITICAL_VOLTAGE, Reason: Bus voltage below threshold: 0.18 < 25.50
2025-07-11 04:29:37,845 - INFO - [AUDIT] - Decision: RECOVER_EPS, Reason: Critical voltage, Mode: Nominal
2025-07-11 04:29:37,845 - INFO - [AUDIT] - Rule Activated: CRITICAL_VOLTAGE, Reason: Bus voltage below threshold: 0.18 < 25.50
2025-07-11 04:29:37,845 - INFO - [AUDIT] - Decision: RECOVER_EPS, Reason: Critical voltage, Mode: Nominal
2025-07-11 04:29:37,845 - INFO - [AUDIT] - Rule Activated: CRITICAL_VOLTAGE, Reason: Bus voltage below threshold: 0.18 < 25.50
2025-07-11 04:29:37,845 - INFO - [AUDIT] - Decision: RECOVER_EPS, Reason: Critical voltage, Mode: Nominal
2025-07-11 04:29:37,845 - INFO - [AUDIT] - Rule Activated: CRITICAL_VOLTAGE, Reason: Bus voltage below threshold: 0.18 < 25.50
2025-07-11 04:29:37,845 - INFO - [AUDIT] - Decision: RECOVER_EPS, Reason: Critical voltage, Mode: Nominal
2025-07-11 04:29:37,845 - INFO - [AUDIT] - Rule Activated: CRITICAL_VOLTAGE, Reason: Bus voltage below threshold: 0.18 < 25.50
2025-07-11 04:29:37,845 - INFO - [AUDIT] - Decision: RECOVER_EPS, Reason: Critical voltage, Mode: Nominal
2025-07-11 04:29:37,846 - INFO - [AUDIT] - Rule Activated: CRITICAL_VOLTAGE, Reason: Bus voltage below threshold: 0.18 < 25.50
2025-07-11 04:29:37,846 - INFO - [AUDIT] - Decision: RECOVER_EPS, Reason: Critical voltage, Mode: Nominal
2025-07-11 04:29:37,846 - INFO - [AUDIT] - Rule Activated: CRITICAL_VOLTAGE, Reason: Bus voltage below threshold: 0.18 < 25.50
2025-07-11 04:29:37,846 - INFO - [AUDIT] - Decision: RECOVER_EPS, Reason: Critical voltage, Mode: Nominal
2025-07-11 04:29:37,846 - INFO - [AUDIT] - Rule Activated: CRITICAL_VOLTAGE, Reason: Bus voltage below threshold: 0.18 < 25.50
2025-07-11 04:29:37,846 - INFO - [AUDIT] - Decision: RECOVER_EPS, Reason: Critical voltage, Mode: Nominal
2025-07-11 04:29:37,846 - INFO - [AUDIT] - Rule Activated: CRITICAL_VOLTAGE, Reason: Bus voltage below threshold: 0.18 < 25.50
2025-07-11 04:29:37,846 - INFO - [AUDIT] - Decision: RECOVER_EPS, Reason: Critical voltage, Mode: Nominal
2025-07-11 04:29:37,846 - INFO - [AUDIT] - Rule Activated: CRITICAL_VOLTAGE, Reason: Bus voltage below threshold: 0.18 < 25.50
2025-07-11 04:29:37,846 - INFO - [AUDIT] - Decision: RECOVER_EPS, Reason: Critical voltage, Mode: Nominal
2025-07-11 04:29:37,846 - INFO - [AUDIT] - Rule Activated: CRITICAL_VOLTAGE, Reason: Bus voltage below threshold: 0.18 < 25.50
2025-07-11 04:29:37,846 - INFO - [AUDIT] - Decision: RECOVER_EPS, Reason: Critical voltage, Mode: Nominal
2025-07-11 04:29:37,847 - INFO - [AUDIT] - Rule Activated: CRITICAL_VOLTAGE, Reason: Bus voltage below threshold: 0.18 < 25.50
2025-07-11 04:29:37,847 - INFO - [AUDIT] - Decision: RECOVER_EPS, Reason: Critical voltage, Mode: Nominal
2025-07-11 04:29:37,847 - INFO - [AUDIT] - Rule Activated: CRITICAL_VOLTAGE, Reason: Bus voltage below threshold: 0.18 < 25.50
2025-07-11 04:29:37,847 - INFO - [AUDIT] - Decision: RECOVER_EPS, Reason: Critical voltage, Mode: Nominal
2025-07-11 04:29:37,848 - INFO - [AUDIT] - Rule Activated: CRITICAL_VOLTAGE, Reason: Bus voltage below threshold: 0.18 < 25.50
2025-07-11 04:29:37,848 - INFO - [AUDIT] - Decision: RECOVER_EPS, Reason: Critical voltage, Mode: Nominal
2025-07-11 04:29:37,848 - INFO - [AUDIT] - Rule Activated: CRITICAL_VOLTAGE, Reason: Bus voltage below threshold: 0.18 < 25.50
2025-07-11 04:29:37,848 - INFO - [AUDIT] - Decision: RECOVER_EPS, Reason: Critical voltage, Mode: Nominal
2025-07-11 04:29:37,848 - INFO - [AUDIT] - Rule Activated: CRITICAL_VOLTAGE, Reason: Bus voltage below threshold: 0.18 < 25.50
2025-07-11 04:29:37,848 - INFO - [AUDIT] - Decision: RECOVER_EPS, Reason: Critical voltage, Mode: Nominal
2025-07-11 04:29:37,849 - INFO - [AUDIT] - Rule Activated: CRITICAL_VOLTAGE, Reason: Bus voltage below threshold: 0.18 < 25.50
2025-07-11 04:29:37,849 - INFO - [AUDIT] - Decision: RECOVER_EPS, Reason: Critical voltage, Mode: Nominal
2025-07-11 04:29:37,849 - INFO - [AUDIT] - Rule Activated: CRITICAL_VOLTAGE, Reason: Bus voltage below threshold: 0.18 < 25.50
2025-07-11 04:29:37,849 - INFO - [AUDIT] - Decision: RECOVER_EPS, Reason: Critical voltage, Mode: Nominal
2025-07-11 04:29:37,849 - INFO - [AUDIT] - Rule Activated: CRITICAL_VOLTAGE, Reason: Bus voltage below threshold: 0.18 < 25.50
2025-07-11 04:29:37,849 - INFO - [AUDIT] - Decision: RECOVER_EPS, Reason: Critical voltage, Mode: Nominal
2025-07-11 04:29:37,849 - INFO - [AUDIT] - Rule Activated: CRITICAL_VOLTAGE, Reason: Bus voltage below threshold: 0.18 < 25.50
2025-07-11 04:29:37,849 - INFO - [AUDIT] - Decision: RECOVER_EPS, Reason: Critical voltage, Mode: Nominal
2025-07-11 04:29:37,849 - INFO - [AUDIT] - Rule Activated: CRITICAL_VOLTAGE, Reason: Bus voltage below threshold: 0.18 < 25.50
2025-07-11 04:29:37,849 - INFO - [AUDIT] - Decision: RECOVER_EPS, Reason: Critical voltage, Mode: Nominal
2025-07-11 04:29:37,849 - INFO - [AUDIT] - Rule Activated: CRITICAL_VOLTAGE, Reason: Bus voltage below threshold: 0.18 < 25.50
2025-07-11 04:29:37,850 - INFO - [AUDIT] - Decision: RECOVER_EPS, Reason: Critical voltage, Mode: Nominal
2025-07-11 04:29:37,850 - INFO - [AUDIT] - Rule Activated: CRITICAL_VOLTAGE, Reason: Bus voltage below threshold: 0.18 < 25.50
2025-07-11 04:29:37,850 - INFO - [AUDIT] - Decision: RECOVER_EPS, Reason: Critical voltage, Mode: Nominal
2025-07-11 04:29:37,850 - INFO - [AUDIT] - Rule Activated: CRITICAL_VOLTAGE, Reason: Bus voltage below threshold: 0.18 < 25.50
2025-07-11 04:29:37,850 - INFO - [AUDIT] - Decision: RECOVER_EPS, Reason: Critical voltage, Mode: Nominal
2025-07-11 04:29:37,850 - INFO - [AUDIT] - Rule Activated: CRITICAL_VOLTAGE, Reason: Bus voltage below threshold: 0.18 < 25.50
2025-07-11 04:29:37,851 - INFO - [AUDIT] - Decision: RECOVER_EPS, Reason: Critical voltage, Mode: Nominal
2025-07-11 04:29:37,851 - INFO - [AUDIT] - Rule Activated: CRITICAL_VOLTAGE, Reason: Bus voltage below threshold: 0.18 < 25.50
2025-07-11 04:29:37,851 - INFO - [AUDIT] - Decision: RECOVER_EPS, Reason: Critical voltage, Mode: Nominal
2025-07-11 04:29:37,851 - INFO - [AUDIT] - Rule Activated: CRITICAL_VOLTAGE, Reason: Bus voltage below threshold: 0.18 < 25.50
2025-07-11 04:29:37,851 - INFO - [AUDIT] - Decision: RECOVER_EPS, Reason: Critical voltage, Mode: Nominal
2025-07-11 04:29:37,852 - INFO - [AUDIT] - Rule Activated: CRITICAL_VOLTAGE, Reason: Bus voltage below threshold: 0.18 < 25.50
2025-07-11 04:29:37,852 - INFO - [AUDIT] - Decision: RECOVER_EPS, Reason: Critical voltage, Mode: Nominal
2025-07-11 04:29:37,852 - INFO - [AUDIT] - Rule Activated: CRITICAL_VOLTAGE, Reason: Bus voltage below threshold: 0.18 < 25.50
2025-07-11 04:29:37,852 - INFO - [AUDIT] - Decision: RECOVER_EPS, Reason: Critical voltage, Mode: Nominal
2025-07-11 04:29:37,852 - INFO - [AUDIT] - Rule Activated: CRITICAL_VOLTAGE, Reason: Bus voltage below threshold: 0.18 < 25.50
2025-07-11 04:29:37,852 - INFO - [AUDIT] - Decision: RECOVER_EPS, Reason: Critical voltage, Mode: Nominal
2025-07-11 04:29:37,853 - INFO - [AUDIT] - Rule Activated: CRITICAL_VOLTAGE, Reason: Bus voltage below threshold: 0.18 < 25.50
2025-07-11 04:29:37,853 - INFO - [AUDIT] - Decision: RECOVER_EPS, Reason: Critical voltage, Mode: Nominal
2025-07-11 04:29:37,853 - INFO - [AUDIT] - Rule Activated: CRITICAL_VOLTAGE, Reason: Bus voltage below threshold: 0.18 < 25.50
2025-07-11 04:29:37,853 - INFO - [AUDIT] - Decision: RECOVER_EPS, Reason: Critical voltage, Mode: Nominal
2025-07-11 04:29:37,853 - INFO - [AUDIT] - Rule Activated: CRITICAL_VOLTAGE, Reason: Bus voltage below threshold: 0.18 < 25.50
2025-07-11 04:29:37,853 - INFO - [AUDIT] - Decision: RECOVER_EPS, Reason: Critical voltage, Mode: Nominal
2025-07-11 04:29:37,853 - INFO - [AUDIT] - Rule Activated: CRITICAL_VOLTAGE, Reason: Bus voltage below threshold: 0.18 < 25.50
2025-07-11 04:29:37,853 - INFO - [AUDIT] - Decision: RECOVER_EPS, Reason: Critical voltage, Mode: Nominal
2025-07-11 04:29:37,854 - INFO - [AUDIT] - Rule Activated: CRITICAL_VOLTAGE, Reason: Bus voltage below threshold: 0.18 < 25.50
2025-07-11 04:29:37,854 - INFO - [AUDIT] - Decision: RECOVER_EPS, Reason: Critical voltage, Mode: Nominal
2025-07-11 04:29:37,854 - INFO - [AUDIT] - Rule Activated: CRITICAL_VOLTAGE, Reason: Bus voltage below threshold: 0.18 < 25.50
2025-07-11 04:29:37,854 - INFO - [AUDIT] - Decision: RECOVER_EPS, Reason: Critical voltage, Mode: Nominal
2025-07-11 04:29:37,854 - INFO - [AUDIT] - Rule Activated: CRITICAL_VOLTAGE, Reason: Bus voltage below threshold: 0.18 < 25.50
2025-07-11 04:29:37,854 - INFO - [AUDIT] - Decision: RECOVER_EPS, Reason: Critical voltage, Mode: Nominal
2025-07-11 04:29:37,854 - INFO - [AUDIT] - Rule Activated: CRITICAL_VOLTAGE, Reason: Bus voltage below threshold: 0.18 < 25.50
2025-07-11 04:29:37,854 - INFO - [AUDIT] - Decision: RECOVER_EPS, Reason: Critical voltage, Mode: Nominal
2025-07-11 04:29:37,854 - INFO - [AUDIT] - Rule Activated: CRITICAL_VOLTAGE, Reason: Bus voltage below threshold: 0.18 < 25.50
2025-07-11 04:29:37,854 - INFO - [AUDIT] - Decision: RECOVER_EPS, Reason: Critical voltage, Mode: Nominal
2025-07-11 04:29:37,854 - INFO - [AUDIT] - Rule Activated: CRITICAL_VOLTAGE, Reason: Bus voltage below threshold: 0.18 < 25.50
2025-07-11 04:29:37,854 - INFO - [AUDIT] - Decision: RECOVER_EPS, Reason: Critical voltage, Mode: Nominal
2025-07-11 04:29:37,855 - INFO - [AUDIT] - Rule Activated: CRITICAL_VOLTAGE, Reason: Bus voltage below threshold: 0.18 < 25.50
2025-07-11 04:29:37,855 - INFO - [AUDIT] - Decision: RECOVER_EPS, Reason: Critical voltage, Mode: Nominal
2025-07-11 04:29:37,855 - INFO - [AUDIT] - Rule Activated: CRITICAL_VOLTAGE, Reason: Bus voltage below threshold: 0.18 < 25.50
2025-07-11 04:29:37,855 - INFO - [AUDIT] - Decision: RECOVER_EPS, Reason: Critical voltage, Mode: Nominal
2025-07-11 04:29:37,855 - INFO - [AUDIT] - Rule Activated: CRITICAL_VOLTAGE, Reason: Bus voltage below threshold: 0.18 < 25.50
2025-07-11 04:29:37,855 - INFO - [AUDIT] - Decision: RECOVER_EPS, Reason: Critical voltage, Mode: Nominal
2025-07-11 04:29:37,855 - INFO - [AUDIT] - Rule Activated: CRITICAL_VOLTAGE, Reason: Bus voltage below threshold: 0.18 < 25.50
2025-07-11 04:29:37,855 - INFO - [AUDIT] - Decision: RECOVER_EPS, Reason: Critical voltage, Mode: Nominal
2025-07-11 04:29:37,856 - INFO - [AUDIT] - Rule Activated: CRITICAL_VOLTAGE, Reason: Bus voltage below threshold: 0.18 < 25.50
2025-07-11 04:29:37,856 - INFO - [AUDIT] - Decision: RECOVER_EPS, Reason: Critical voltage, Mode: Nominal
2025-07-11 04:29:37,856 - INFO - [AUDIT] - Rule Activated: CRITICAL_VOLTAGE, Reason: Bus voltage below threshold: 0.18 < 25.50
2025-07-11 04:29:37,856 - INFO - [AUDIT] - Decision: RECOVER_EPS, Reason: Critical voltage, Mode: Nominal
2025-07-11 04:29:37,857 - INFO - [AUDIT] - Rule Activated: CRITICAL_VOLTAGE, Reason: Bus voltage below threshold: 0.18 < 25.50
2025-07-11 04:29:37,857 - INFO - [AUDIT] - Decision: RECOVER_EPS, Reason: Critical voltage, Mode: Nominal
2025-07-11 04:29:37,857 - INFO - [AUDIT] - Rule Activated: CRITICAL_VOLTAGE, Reason: Bus voltage below threshold: 0.18 < 25.50
2025-07-11 04:29:37,857 - INFO - [AUDIT] - Decision: RECOVER_EPS, Reason: Critical voltage, Mode: Nominal
2025-07-11 04:29:37,858 - INFO - [AUDIT] - Rule Activated: CRITICAL_VOLTAGE, Reason: Bus voltage below threshold: 0.18 < 25.50
2025-07-11 04:29:37,858 - INFO - [AUDIT] - Decision: RECOVER_EPS, Reason: Critical voltage, Mode: Nominal
2025-07-11 04:29:37,858 - INFO - [AUDIT] - Rule Activated: CRITICAL_VOLTAGE, Reason: Bus voltage below threshold: 0.18 < 25.50
2025-07-11 04:29:37,858 - INFO - [AUDIT] - Decision: RECOVER_EPS, Reason: Critical voltage, Mode: Nominal
2025-07-11 04:29:37,859 - INFO - [AUDIT] - Rule Activated: CRITICAL_VOLTAGE, Reason: Bus voltage below threshold: 0.18 < 25.50
2025-07-11 04:29:37,859 - INFO - [AUDIT] - Decision: RECOVER_EPS, Reason: Critical voltage, Mode: Nominal
2025-07-11 04:29:37,859 - INFO - [AUDIT] - Rule Activated: CRITICAL_VOLTAGE, Reason: Bus voltage below threshold: 0.18 < 25.50
2025-07-11 04:29:37,859 - INFO - [AUDIT] - Decision: RECOVER_EPS, Reason: Critical voltage, Mode: Nominal
2025-07-11 04:29:37,860 - INFO - [AUDIT] - Rule Activated: CRITICAL_VOLTAGE, Reason: Bus voltage below threshold: 0.18 < 25.50
2025-07-11 04:29:37,860 - INFO - [AUDIT] - Decision: RECOVER_EPS, Reason: Critical voltage, Mode: Nominal
2025-07-11 04:29:37,860 - INFO - [AUDIT] - Rule Activated: CRITICAL_VOLTAGE, Reason: Bus voltage below threshold: 0.18 < 25.50
2025-07-11 04:29:37,860 - INFO - [AUDIT] - Decision: RECOVER_EPS, Reason: Critical voltage, Mode: Nominal
2025-07-11 04:29:37,860 - INFO - [AUDIT] - Rule Activated: CRITICAL_VOLTAGE, Reason: Bus voltage below threshold: 0.18 < 25.50
2025-07-11 04:29:37,860 - INFO - [AUDIT] - Decision: RECOVER_EPS, Reason: Critical voltage, Mode: Nominal
2025-07-11 04:29:37,860 - INFO - [AUDIT] - Rule Activated: CRITICAL_VOLTAGE, Reason: Bus voltage below threshold: 0.18 < 25.50
2025-07-11 04:29:37,861 - INFO - [AUDIT] - Decision: RECOVER_EPS, Reason: Critical voltage, Mode: Nominal
2025-07-11 04:29:37,861 - INFO - [AUDIT] - Rule Activated: CRITICAL_VOLTAGE, Reason: Bus voltage below threshold: 0.18 < 25.50
2025-07-11 04:29:37,861 - INFO - [AUDIT] - Decision: RECOVER_EPS, Reason: Critical voltage, Mode: Nominal
2025-07-11 04:29:37,861 - INFO - [AUDIT] - Rule Activated: CRITICAL_VOLTAGE, Reason: Bus voltage below threshold: 0.18 < 25.50
2025-07-11 04:29:37,861 - INFO - [AUDIT] - Decision: RECOVER_EPS, Reason: Critical voltage, Mode: Nominal
2025-07-11 04:29:37,861 - INFO - [AUDIT] - Rule Activated: CRITICAL_VOLTAGE, Reason: Bus voltage below threshold: 0.18 < 25.50
2025-07-11 04:29:37,861 - INFO - [AUDIT] - Decision: RECOVER_EPS, Reason: Critical voltage, Mode: Nominal
2025-07-11 04:29:37,861 - INFO - [AUDIT] - Rule Activated: CRITICAL_VOLTAGE, Reason: Bus voltage below threshold: 0.18 < 25.50
2025-07-11 04:29:37,861 - INFO - [AUDIT] - Decision: RECOVER_EPS, Reason: Critical voltage, Mode: Nominal
2025-07-11 04:29:37,862 - INFO - [AUDIT] - Rule Activated: CRITICAL_VOLTAGE, Reason: Bus voltage below threshold: 0.18 < 25.50
2025-07-11 04:29:37,862 - INFO - [AUDIT] - Decision: RECOVER_EPS, Reason: Critical voltage, Mode: Nominal
2025-07-11 04:29:37,862 - INFO - [AUDIT] - Rule Activated: CRITICAL_VOLTAGE, Reason: Bus voltage below threshold: 0.18 < 25.50
2025-07-11 04:29:37,862 - INFO - [AUDIT] - Decision: RECOVER_EPS, Reason: Critical voltage, Mode: Nominal
2025-07-11 04:29:37,862 - INFO - [AUDIT] - Rule Activated: CRITICAL_VOLTAGE, Reason: Bus voltage below threshold: 0.18 < 25.50
2025-07-11 04:29:37,862 - INFO - [AUDIT] - Decision: RECOVER_EPS, Reason: Critical voltage, Mode: Nominal
2025-07-11 04:29:37,862 - INFO - [AUDIT] - Rule Activated: CRITICAL_VOLTAGE, Reason: Bus voltage below threshold: 0.18 < 25.50
2025-07-11 04:29:37,863 - INFO - [AUDIT] - Decision: RECOVER_EPS, Reason: Critical voltage, Mode: Nominal
2025-07-11 04:29:37,863 - INFO - [AUDIT] - Rule Activated: CRITICAL_VOLTAGE, Reason: Bus voltage below threshold: 0.18 < 25.50
2025-07-11 04:29:37,863 - INFO - [AUDIT] - Decision: RECOVER_EPS, Reason: Critical voltage, Mode: Nominal
2025-07-11 04:29:37,863 - INFO - [AUDIT] - Rule Activated: CRITICAL_VOLTAGE, Reason: Bus voltage below threshold: 0.18 < 25.50
2025-07-11 04:29:37,863 - INFO - [AUDIT] - Decision: RECOVER_EPS, Reason: Critical voltage, Mode: Nominal
2025-07-11 04:29:37,863 - INFO - [AUDIT] - Rule Activated: CRITICAL_VOLTAGE, Reason: Bus voltage below threshold: 0.18 < 25.50
2025-07-11 04:29:37,863 - INFO - [AUDIT] - Decision: RECOVER_EPS, Reason: Critical voltage, Mode: Nominal
2025-07-11 04:29:37,863 - INFO - [AUDIT] - Rule Activated: CRITICAL_VOLTAGE, Reason: Bus voltage below threshold: 0.18 < 25.50
2025-07-11 04:29:37,863 - INFO - [AUDIT] - Decision: RECOVER_EPS, Reason: Critical voltage, Mode: Nominal
2025-07-11 04:29:37,863 - INFO - [AUDIT] - Rule Activated: CRITICAL_VOLTAGE, Reason: Bus voltage below threshold: 0.18 < 25.50
2025-07-11 04:29:37,864 - INFO - [AUDIT] - Decision: RECOVER_EPS, Reason: Critical voltage, Mode: Nominal
2025-07-11 04:29:37,864 - INFO - [AUDIT] - Rule Activated: CRITICAL_VOLTAGE, Reason: Bus voltage below threshold: 0.18 < 25.50
2025-07-11 04:29:37,864 - INFO - [AUDIT] - Decision: RECOVER_EPS, Reason: Critical voltage, Mode: Nominal
2025-07-11 04:29:37,864 - INFO - [AUDIT] - Rule Activated: CRITICAL_VOLTAGE, Reason: Bus voltage below threshold: 0.18 < 25.50
2025-07-11 04:29:37,864 - INFO - [AUDIT] - Decision: RECOVER_EPS, Reason: Critical voltage, Mode: Nominal
2025-07-11 04:29:37,864 - INFO - [AUDIT] - Rule Activated: CRITICAL_VOLTAGE, Reason: Bus voltage below threshold: 0.18 < 25.50
2025-07-11 04:29:37,864 - INFO - [AUDIT] - Decision: RECOVER_EPS, Reason: Critical voltage, Mode: Nominal
2025-07-11 04:29:37,864 - INFO - [AUDIT] - Rule Activated: CRITICAL_VOLTAGE, Reason: Bus voltage below threshold: 0.18 < 25.50
2025-07-11 04:29:37,864 - INFO - [AUDIT] - Decision: RECOVER_EPS, Reason: Critical voltage, Mode: Nominal
2025-07-11 04:29:37,864 - INFO - [AUDIT] - Rule Activated: CRITICAL_VOLTAGE, Reason: Bus voltage below threshold: 0.18 < 25.50
2025-07-11 04:29:37,864 - INFO - [AUDIT] - Decision: RECOVER_EPS, Reason: Critical voltage, Mode: Nominal
2025-07-11 04:29:37,864 - INFO - [AUDIT] - Rule Activated: CRITICAL_VOLTAGE, Reason: Bus voltage below threshold: 0.18 < 25.50
2025-07-11 04:29:37,864 - INFO - [AUDIT] - Decision: RECOVER_EPS, Reason: Critical voltage, Mode: Nominal
2025-07-11 04:29:37,865 - INFO - [AUDIT] - Rule Activated: CRITICAL_VOLTAGE, Reason: Bus voltage below threshold: 0.18 < 25.50
2025-07-11 04:29:37,865 - INFO - [AUDIT] - Decision: RECOVER_EPS, Reason: Critical voltage, Mode: Nominal
2025-07-11 04:29:37,865 - INFO - [AUDIT] - Rule Activated: CRITICAL_VOLTAGE, Reason: Bus voltage below threshold: 0.18 < 25.50
2025-07-11 04:29:37,865 - INFO - [AUDIT] - Decision: RECOVER_EPS, Reason: Critical voltage, Mode: Nominal
2025-07-11 04:29:37,865 - INFO - [AUDIT] - Rule Activated: CRITICAL_VOLTAGE, Reason: Bus voltage below threshold: 0.18 < 25.50
2025-07-11 04:29:37,865 - INFO - [AUDIT] - Decision: RECOVER_EPS, Reason: Critical voltage, Mode: Nominal
2025-07-11 04:29:37,865 - INFO - [AUDIT] - Rule Activated: CRITICAL_VOLTAGE, Reason: Bus voltage below threshold: 0.18 < 25.50
2025-07-11 04:29:37,865 - INFO - [AUDIT] - Decision: RECOVER_EPS, Reason: Critical voltage, Mode: Nominal
2025-07-11 04:29:37,865 - INFO - [AUDIT] - Rule Activated: CRITICAL_VOLTAGE, Reason: Bus voltage below threshold: 0.18 < 25.50
2025-07-11 04:29:37,865 - INFO - [AUDIT] - Decision: RECOVER_EPS, Reason: Critical voltage, Mode: Nominal
2025-07-11 04:29:37,865 - INFO - [AUDIT] - Rule Activated: CRITICAL_VOLTAGE, Reason: Bus voltage below threshold: 0.18 < 25.50
2025-07-11 04:29:37,866 - INFO - [AUDIT] - Decision: RECOVER_EPS, Reason: Critical voltage, Mode: Nominal
2025-07-11 04:29:37,866 - INFO - [AUDIT] - Rule Activated: CRITICAL_VOLTAGE, Reason: Bus voltage below threshold: 0.18 < 25.50
2025-07-11 04:29:37,866 - INFO - [AUDIT] - Decision: RECOVER_EPS, Reason: Critical voltage, Mode: Nominal
2025-07-11 04:29:37,866 - INFO - [AUDIT] - Rule Activated: CRITICAL_VOLTAGE, Reason: Bus voltage below threshold: 0.00 < 25.50
2025-07-11 04:29:37,866 - INFO - [AUDIT] - Decision: RECOVER_EPS, Reason: Critical voltage, Mode: Nominal
2025-07-11 04:29:37,866 - INFO - [AUDIT] - Rule Activated: CRITICAL_VOLTAGE, Reason: Bus voltage below threshold: 0.18 < 25.50
2025-07-11 04:29:37,866 - INFO - [AUDIT] - Decision: RECOVER_EPS, Reason: Critical voltage, Mode: Nominal
2025-07-11 04:29:37,867 - INFO - [AUDIT] - Rule Activated: CRITICAL_VOLTAGE, Reason: Bus voltage below threshold: 0.18 < 25.50
2025-07-11 04:29:37,867 - INFO - [AUDIT] - Decision: RECOVER_EPS, Reason: Critical voltage, Mode: Nominal
2025-07-11 04:29:37,867 - INFO - [AUDIT] - Rule Activated: CRITICAL_VOLTAGE, Reason: Bus voltage below threshold: 0.18 < 25.50
2025-07-11 04:29:37,867 - INFO - [AUDIT] - Decision: RECOVER_EPS, Reason: Critical voltage, Mode: Nominal
2025-07-11 04:29:37,867 - INFO - [AUDIT] - Rule Activated: CRITICAL_VOLTAGE, Reason: Bus voltage below threshold: 0.18 < 25.50
2025-07-11 04:29:37,867 - INFO - [AUDIT] - Decision: RECOVER_EPS, Reason: Critical voltage, Mode: Nominal
2025-07-11 04:29:37,868 - INFO - [AUDIT] - Rule Activated: CRITICAL_VOLTAGE, Reason: Bus voltage below threshold: 0.18 < 25.50
2025-07-11 04:29:37,868 - INFO - [AUDIT] - Decision: RECOVER_EPS, Reason: Critical voltage, Mode: Nominal
2025-07-11 04:29:37,868 - INFO - [AUDIT] - Rule Activated: CRITICAL_VOLTAGE, Reason: Bus voltage below threshold: 0.18 < 25.50
2025-07-11 04:29:37,868 - INFO - [AUDIT] - Decision: RECOVER_EPS, Reason: Critical voltage, Mode: Nominal
2025-07-11 04:29:37,868 - INFO - [AUDIT] - Rule Activated: CRITICAL_VOLTAGE, Reason: Bus voltage below threshold: 0.18 < 25.50
2025-07-11 04:29:37,868 - INFO - [AUDIT] - Decision: RECOVER_EPS, Reason: Critical voltage, Mode: Nominal
2025-07-11 04:29:37,868 - INFO - [AUDIT] - Rule Activated: CRITICAL_VOLTAGE, Reason: Bus voltage below threshold: 0.18 < 25.50
2025-07-11 04:29:37,868 - INFO - [AUDIT] - Decision: RECOVER_EPS, Reason: Critical voltage, Mode: Nominal
2025-07-11 04:29:37,869 - INFO - [AUDIT] - Rule Activated: CRITICAL_VOLTAGE, Reason: Bus voltage below threshold: 0.18 < 25.50
2025-07-11 04:29:37,869 - INFO - [AUDIT] - Decision: RECOVER_EPS, Reason: Critical voltage, Mode: Nominal
2025-07-11 04:29:37,869 - INFO - [AUDIT] - Rule Activated: CRITICAL_VOLTAGE, Reason: Bus voltage below threshold: 0.18 < 25.50
2025-07-11 04:29:37,869 - INFO - [AUDIT] - Decision: RECOVER_EPS, Reason: Critical voltage, Mode: Nominal
2025-07-11 04:29:37,869 - INFO - [AUDIT] - Rule Activated: CRITICAL_VOLTAGE, Reason: Bus voltage below threshold: 0.18 < 25.50
2025-07-11 04:29:37,869 - INFO - [AUDIT] - Decision: RECOVER_EPS, Reason: Critical voltage, Mode: Nominal
2025-07-11 04:29:37,869 - INFO - [AUDIT] - Rule Activated: CRITICAL_VOLTAGE, Reason: Bus voltage below threshold: 0.18 < 25.50
2025-07-11 04:29:37,869 - INFO - [AUDIT] - Decision: RECOVER_EPS, Reason: Critical voltage, Mode: Nominal
2025-07-11 04:29:37,869 - INFO - [AUDIT] - Rule Activated: CRITICAL_VOLTAGE, Reason: Bus voltage below threshold: 0.18 < 25.50
2025-07-11 04:29:37,869 - INFO - [AUDIT] - Decision: RECOVER_EPS, Reason: Critical voltage, Mode: Nominal
2025-07-11 04:29:37,870 - INFO - [AUDIT] - Rule Activated: CRITICAL_VOLTAGE, Reason: Bus voltage below threshold: 0.18 < 25.50
2025-07-11 04:29:37,870 - INFO - [AUDIT] - Decision: RECOVER_EPS, Reason: Critical voltage, Mode: Nominal
2025-07-11 04:29:37,870 - INFO - [AUDIT] - Rule Activated: CRITICAL_VOLTAGE, Reason: Bus voltage below threshold: 0.18 < 25.50
2025-07-11 04:29:37,870 - INFO - [AUDIT] - Decision: RECOVER_EPS, Reason: Critical voltage, Mode: Nominal
2025-07-11 04:29:37,870 - INFO - [AUDIT] - Rule Activated: CRITICAL_VOLTAGE, Reason: Bus voltage below threshold: 0.18 < 25.50
2025-07-11 04:29:37,870 - INFO - [AUDIT] - Decision: RECOVER_EPS, Reason: Critical voltage, Mode: Nominal
2025-07-11 04:29:37,870 - INFO - [AUDIT] - Rule Activated: CRITICAL_VOLTAGE, Reason: Bus voltage below threshold: 0.18 < 25.50
2025-07-11 04:29:37,870 - INFO - [AUDIT] - Decision: RECOVER_EPS, Reason: Critical voltage, Mode: Nominal
2025-07-11 04:29:37,870 - INFO - [AUDIT] - Rule Activated: CRITICAL_VOLTAGE, Reason: Bus voltage below threshold: 0.18 < 25.50
2025-07-11 04:29:37,870 - INFO - [AUDIT] - Decision: RECOVER_EPS, Reason: Critical voltage, Mode: Nominal
2025-07-11 04:29:37,870 - INFO - [AUDIT] - Rule Activated: CRITICAL_VOLTAGE, Reason: Bus voltage below threshold: 0.18 < 25.50
2025-07-11 04:29:37,870 - INFO - [AUDIT] - Decision: RECOVER_EPS, Reason: Critical voltage, Mode: Nominal
2025-07-11 04:29:37,871 - INFO - [AUDIT] - Rule Activated: CRITICAL_VOLTAGE, Reason: Bus voltage below threshold: 0.18 < 25.50
2025-07-11 04:29:37,871 - INFO - [AUDIT] - Decision: RECOVER_EPS, Reason: Critical voltage, Mode: Nominal
2025-07-11 04:29:37,871 - INFO - [AUDIT] - Rule Activated: CRITICAL_VOLTAGE, Reason: Bus voltage below threshold: 0.18 < 25.50
2025-07-11 04:29:37,871 - INFO - [AUDIT] - Decision: RECOVER_EPS, Reason: Critical voltage, Mode: Nominal
2025-07-11 04:29:37,871 - INFO - [AUDIT] - Rule Activated: CRITICAL_VOLTAGE, Reason: Bus voltage below threshold: 0.18 < 25.50
2025-07-11 04:29:37,871 - INFO - [AUDIT] - Decision: RECOVER_EPS, Reason: Critical voltage, Mode: Nominal
2025-07-11 04:29:37,871 - INFO - [AUDIT] - Rule Activated: CRITICAL_VOLTAGE, Reason: Bus voltage below threshold: 0.18 < 25.50
2025-07-11 04:29:37,871 - INFO - [AUDIT] - Decision: RECOVER_EPS, Reason: Critical voltage, Mode: Nominal
2025-07-11 04:29:37,871 - INFO - [AUDIT] - Rule Activated: CRITICAL_VOLTAGE, Reason: Bus voltage below threshold: 0.18 < 25.50
2025-07-11 04:29:37,871 - INFO - [AUDIT] - Decision: RECOVER_EPS, Reason: Critical voltage, Mode: Nominal
2025-07-11 04:29:37,871 - INFO - [AUDIT] - Rule Activated: CRITICAL_VOLTAGE, Reason: Bus voltage below threshold: 0.18 < 25.50
2025-07-11 04:29:37,871 - INFO - [AUDIT] - Decision: RECOVER_EPS, Reason: Critical voltage, Mode: Nominal
2025-07-11 04:29:37,872 - INFO - [AUDIT] - Rule Activated: CRITICAL_VOLTAGE, Reason: Bus voltage below threshold: 0.18 < 25.50
2025-07-11 04:29:37,872 - INFO - [AUDIT] - Decision: RECOVER_EPS, Reason: Critical voltage, Mode: Nominal
2025-07-11 04:29:37,872 - INFO - [AUDIT] - Rule Activated: CRITICAL_VOLTAGE, Reason: Bus voltage below threshold: 0.18 < 25.50
2025-07-11 04:29:37,872 - INFO - [AUDIT] - Decision: RECOVER_EPS, Reason: Critical voltage, Mode: Nominal
2025-07-11 04:29:37,872 - INFO - [AUDIT] - Rule Activated: CRITICAL_VOLTAGE, Reason: Bus voltage below threshold: 0.18 < 25.50
2025-07-11 04:29:37,872 - INFO - [AUDIT] - Decision: RECOVER_EPS, Reason: Critical voltage, Mode: Nominal
2025-07-11 04:29:37,873 - INFO - [AUDIT] - Rule Activated: CRITICAL_VOLTAGE, Reason: Bus voltage below threshold: 0.18 < 25.50
2025-07-11 04:29:37,873 - INFO - [AUDIT] - Decision: RECOVER_EPS, Reason: Critical voltage, Mode: Nominal
2025-07-11 04:29:37,873 - INFO - [AUDIT] - Rule Activated: CRITICAL_VOLTAGE, Reason: Bus voltage below threshold: 0.18 < 25.50
2025-07-11 04:29:37,873 - INFO - [AUDIT] - Decision: RECOVER_EPS, Reason: Critical voltage, Mode: Nominal
2025-07-11 04:29:37,874 - INFO - [AUDIT] - Rule Activated: CRITICAL_VOLTAGE, Reason: Bus voltage below threshold: 0.18 < 25.50
2025-07-11 04:29:37,874 - INFO - [AUDIT] - Decision: RECOVER_EPS, Reason: Critical voltage, Mode: Nominal
2025-07-11 04:29:37,874 - INFO - [AUDIT] - Rule Activated: CRITICAL_VOLTAGE, Reason: Bus voltage below threshold: 0.18 < 25.50
2025-07-11 04:29:37,874 - INFO - [AUDIT] - Decision: RECOVER_EPS, Reason: Critical voltage, Mode: Nominal
2025-07-11 04:29:37,875 - INFO - [AUDIT] - Rule Activated: CRITICAL_VOLTAGE, Reason: Bus voltage below threshold: 0.18 < 25.50
2025-07-11 04:29:37,875 - INFO - [AUDIT] - Decision: RECOVER_EPS, Reason: Critical voltage, Mode: Nominal
2025-07-11 04:29:37,875 - INFO - [AUDIT] - Rule Activated: CRITICAL_VOLTAGE, Reason: Bus voltage below threshold: 0.18 < 25.50
2025-07-11 04:29:37,875 - INFO - [AUDIT] - Decision: RECOVER_EPS, Reason: Critical voltage, Mode: Nominal
2025-07-11 04:29:37,876 - INFO - [AUDIT] - Rule Activated: CRITICAL_VOLTAGE, Reason: Bus voltage below threshold: 0.18 < 25.50
2025-07-11 04:29:37,876 - INFO - [AUDIT] - Decision: RECOVER_EPS, Reason: Critical voltage, Mode: Nominal
2025-07-11 04:29:37,876 - INFO - [AUDIT] - Rule Activated: CRITICAL_VOLTAGE, Reason: Bus voltage below threshold: 0.18 < 25.50
2025-07-11 04:29:37,876 - INFO - [AUDIT] - Decision: RECOVER_EPS, Reason: Critical voltage, Mode: Nominal
2025-07-11 04:29:37,876 - INFO - [AUDIT] - Rule Activated: CRITICAL_VOLTAGE, Reason: Bus voltage below threshold: 0.18 < 25.50
2025-07-11 04:29:37,876 - INFO - [AUDIT] - Decision: RECOVER_EPS, Reason: Critical voltage, Mode: Nominal
2025-07-11 04:29:37,876 - INFO - [AUDIT] - Rule Activated: CRITICAL_VOLTAGE, Reason: Bus voltage below threshold: 0.18 < 25.50
2025-07-11 04:29:37,876 - INFO - [AUDIT] - Decision: RECOVER_EPS, Reason: Critical voltage, Mode: Nominal
2025-07-11 04:29:37,877 - INFO - [AUDIT] - Rule Activated: CRITICAL_VOLTAGE, Reason: Bus voltage below threshold: 0.18 < 25.50
2025-07-11 04:29:37,877 - INFO - [AUDIT] - Decision: RECOVER_EPS, Reason: Critical voltage, Mode: Nominal
2025-07-11 04:29:37,877 - INFO - [AUDIT] - Rule Activated: CRITICAL_VOLTAGE, Reason: Bus voltage below threshold: 0.18 < 25.50
2025-07-11 04:29:37,877 - INFO - [AUDIT] - Decision: RECOVER_EPS, Reason: Critical voltage, Mode: Nominal
2025-07-11 04:29:37,877 - INFO - [AUDIT] - Rule Activated: CRITICAL_VOLTAGE, Reason: Bus voltage below threshold: 0.18 < 25.50
2025-07-11 04:29:37,877 - INFO - [AUDIT] - Decision: RECOVER_EPS, Reason: Critical voltage, Mode: Nominal
2025-07-11 04:29:37,878 - INFO - [AUDIT] - Rule Activated: CRITICAL_VOLTAGE, Reason: Bus voltage below threshold: 0.18 < 25.50
2025-07-11 04:29:37,878 - INFO - [AUDIT] - Decision: RECOVER_EPS, Reason: Critical voltage, Mode: Nominal
2025-07-11 04:29:37,879 - INFO - [AUDIT] - Rule Activated: CRITICAL_VOLTAGE, Reason: Bus voltage below threshold: 0.18 < 25.50
2025-07-11 04:29:37,879 - INFO - [AUDIT] - Decision: RECOVER_EPS, Reason: Critical voltage, Mode: Nominal
2025-07-11 04:29:37,879 - INFO - [AUDIT] - Rule Activated: CRITICAL_VOLTAGE, Reason: Bus voltage below threshold: 0.18 < 25.50
2025-07-11 04:29:37,879 - INFO - [AUDIT] - Decision: RECOVER_EPS, Reason: Critical voltage, Mode: Nominal
2025-07-11 04:29:37,879 - INFO - [AUDIT] - Rule Activated: CRITICAL_VOLTAGE, Reason: Bus voltage below threshold: 0.18 < 25.50
2025-07-11 04:29:37,879 - INFO - [AUDIT] - Decision: RECOVER_EPS, Reason: Critical voltage, Mode: Nominal
2025-07-11 04:29:37,880 - INFO - [AUDIT] - Rule Activated: CRITICAL_VOLTAGE, Reason: Bus voltage below threshold: 0.18 < 25.50
2025-07-11 04:29:37,880 - INFO - [AUDIT] - Decision: RECOVER_EPS, Reason: Critical voltage, Mode: Nominal
2025-07-11 04:29:37,880 - INFO - [AUDIT] - Rule Activated: CRITICAL_VOLTAGE, Reason: Bus voltage below threshold: 0.18 < 25.50
2025-07-11 04:29:37,880 - INFO - [AUDIT] - Decision: RECOVER_EPS, Reason: Critical voltage, Mode: Nominal
2025-07-11 04:29:37,882 - INFO - [AUDIT] - Rule Activated: CRITICAL_VOLTAGE, Reason: Bus voltage below threshold: 0.18 < 25.50
2025-07-11 04:29:37,882 - INFO - [AUDIT] - Decision: RECOVER_EPS, Reason: Critical voltage, Mode: Nominal
2025-07-11 04:29:37,882 - INFO - [AUDIT] - Rule Activated: CRITICAL_VOLTAGE, Reason: Bus voltage below threshold: 0.18 < 25.50
2025-07-11 04:29:37,882 - INFO - [AUDIT] - Decision: RECOVER_EPS, Reason: Critical voltage, Mode: Nominal
2025-07-11 04:29:37,883 - INFO - [AUDIT] - Rule Activated: CRITICAL_VOLTAGE, Reason: Bus voltage below threshold: 0.18 < 25.50
2025-07-11 04:29:37,883 - INFO - [AUDIT] - Decision: RECOVER_EPS, Reason: Critical voltage, Mode: Nominal
2025-07-11 04:29:37,884 - INFO - [AUDIT] - Rule Activated: CRITICAL_VOLTAGE, Reason: Bus voltage below threshold: 0.18 < 25.50
2025-07-11 04:29:37,884 - INFO - [AUDIT] - Decision: RECOVER_EPS, Reason: Critical voltage, Mode: Nominal
2025-07-11 04:29:37,884 - INFO - [AUDIT] - Rule Activated: CRITICAL_VOLTAGE, Reason: Bus voltage below threshold: 0.18 < 25.50
2025-07-11 04:29:37,884 - INFO - [AUDIT] - Decision: RECOVER_EPS, Reason: Critical voltage, Mode: Nominal
2025-07-11 04:29:37,884 - INFO - [AUDIT] - Rule Activated: CRITICAL_VOLTAGE, Reason: Bus voltage below threshold: 0.18 < 25.50
2025-07-11 04:29:37,884 - INFO - [AUDIT] - Decision: RECOVER_EPS, Reason: Critical voltage, Mode: Nominal
2025-07-11 04:29:37,885 - INFO - [AUDIT] - Rule Activated: CRITICAL_VOLTAGE, Reason: Bus voltage below threshold: 0.18 < 25.50
2025-07-11 04:29:37,885 - INFO - [AUDIT] - Decision: RECOVER_EPS, Reason: Critical voltage, Mode: Nominal
2025-07-11 04:29:37,885 - INFO - [AUDIT] - Rule Activated: CRITICAL_VOLTAGE, Reason: Bus voltage below threshold: 0.18 < 25.50
2025-07-11 04:29:37,885 - INFO - [AUDIT] - Decision: RECOVER_EPS, Reason: Critical voltage, Mode: Nominal
2025-07-11 04:29:37,885 - INFO - [AUDIT] - Rule Activated: CRITICAL_VOLTAGE, Reason: Bus voltage below threshold: 0.18 < 25.50
2025-07-11 04:29:37,885 - INFO - [AUDIT] - Decision: RECOVER_EPS, Reason: Critical voltage, Mode: Nominal
2025-07-11 04:29:37,885 - INFO - [AUDIT] - Rule Activated: CRITICAL_VOLTAGE, Reason: Bus voltage below threshold: 0.18 < 25.50
2025-07-11 04:29:37,886 - INFO - [AUDIT] - Decision: RECOVER_EPS, Reason: Critical voltage, Mode: Nominal
2025-07-11 04:29:37,886 - INFO - [AUDIT] - Rule Activated: CRITICAL_VOLTAGE, Reason: Bus voltage below threshold: 0.18 < 25.50
2025-07-11 04:29:37,886 - INFO - [AUDIT] - Decision: RECOVER_EPS, Reason: Critical voltage, Mode: Nominal
2025-07-11 04:29:37,886 - INFO - [AUDIT] - Rule Activated: CRITICAL_VOLTAGE, Reason: Bus voltage below threshold: 0.18 < 25.50
2025-07-11 04:29:37,886 - INFO - [AUDIT] - Decision: RECOVER_EPS, Reason: Critical voltage, Mode: Nominal
2025-07-11 04:29:37,886 - INFO - [AUDIT] - Rule Activated: CRITICAL_VOLTAGE, Reason: Bus voltage below threshold: 0.18 < 25.50
2025-07-11 04:29:37,886 - INFO - [AUDIT] - Decision: RECOVER_EPS, Reason: Critical voltage, Mode: Nominal
2025-07-11 04:29:37,887 - INFO - [AUDIT] - Rule Activated: CRITICAL_VOLTAGE, Reason: Bus voltage below threshold: 0.18 < 25.50
2025-07-11 04:29:37,887 - INFO - [AUDIT] - Decision: RECOVER_EPS, Reason: Critical voltage, Mode: Nominal
2025-07-11 04:29:37,887 - INFO - [AUDIT] - Rule Activated: CRITICAL_VOLTAGE, Reason: Bus voltage below threshold: 0.18 < 25.50
2025-07-11 04:29:37,887 - INFO - [AUDIT] - Decision: RECOVER_EPS, Reason: Critical voltage, Mode: Nominal
2025-07-11 04:29:37,887 - INFO - [AUDIT] - Rule Activated: CRITICAL_VOLTAGE, Reason: Bus voltage below threshold: 0.18 < 25.50
2025-07-11 04:29:37,887 - INFO - [AUDIT] - Decision: RECOVER_EPS, Reason: Critical voltage, Mode: Nominal
2025-07-11 04:29:37,888 - INFO - [AUDIT] - Rule Activated: CRITICAL_VOLTAGE, Reason: Bus voltage below threshold: 0.18 < 25.50
2025-07-11 04:29:37,888 - INFO - [AUDIT] - Decision: RECOVER_EPS, Reason: Critical voltage, Mode: Nominal
2025-07-11 04:29:37,888 - INFO - [AUDIT] - Rule Activated: CRITICAL_VOLTAGE, Reason: Bus voltage below threshold: 0.18 < 25.50
2025-07-11 04:29:37,888 - INFO - [AUDIT] - Decision: RECOVER_EPS, Reason: Critical voltage, Mode: Nominal
2025-07-11 04:29:37,888 - INFO - [AUDIT] - Rule Activated: CRITICAL_VOLTAGE, Reason: Bus voltage below threshold: 0.18 < 25.50
2025-07-11 04:29:37,889 - INFO - [AUDIT] - Decision: RECOVER_EPS, Reason: Critical voltage, Mode: Nominal
2025-07-11 04:29:37,889 - INFO - [AUDIT] - Rule Activated: CRITICAL_VOLTAGE, Reason: Bus voltage below threshold: 0.18 < 25.50
2025-07-11 04:29:37,889 - INFO - [AUDIT] - Decision: RECOVER_EPS, Reason: Critical voltage, Mode: Nominal
2025-07-11 04:29:37,889 - INFO - [AUDIT] - Rule Activated: CRITICAL_VOLTAGE, Reason: Bus voltage below threshold: 0.18 < 25.50
2025-07-11 04:29:37,889 - INFO - [AUDIT] - Decision: RECOVER_EPS, Reason: Critical voltage, Mode: Nominal
2025-07-11 04:29:37,889 - INFO - [AUDIT] - Rule Activated: CRITICAL_VOLTAGE, Reason: Bus voltage below threshold: 0.18 < 25.50
2025-07-11 04:29:37,889 - INFO - [AUDIT] - Decision: RECOVER_EPS, Reason: Critical voltage, Mode: Nominal
2025-07-11 04:29:37,889 - INFO - [AUDIT] - Rule Activated: CRITICAL_VOLTAGE, Reason: Bus voltage below threshold: 0.18 < 25.50
2025-07-11 04:29:37,889 - INFO - [AUDIT] - Decision: RECOVER_EPS, Reason: Critical voltage, Mode: Nominal
2025-07-11 04:29:37,889 - INFO - [AUDIT] - Rule Activated: CRITICAL_VOLTAGE, Reason: Bus voltage below threshold: 0.18 < 25.50
2025-07-11 04:29:37,889 - INFO - [AUDIT] - Decision: RECOVER_EPS, Reason: Critical voltage, Mode: Nominal
2025-07-11 04:29:37,890 - INFO - [AUDIT] - Rule Activated: CRITICAL_VOLTAGE, Reason: Bus voltage below threshold: 0.18 < 25.50
2025-07-11 04:29:37,890 - INFO - [AUDIT] - Decision: RECOVER_EPS, Reason: Critical voltage, Mode: Nominal
2025-07-11 04:29:37,890 - INFO - [AUDIT] - Rule Activated: CRITICAL_VOLTAGE, Reason: Bus voltage below threshold: 0.18 < 25.50
2025-07-11 04:29:37,890 - INFO - [AUDIT] - Decision: RECOVER_EPS, Reason: Critical voltage, Mode: Nominal
2025-07-11 04:29:37,890 - INFO - [AUDIT] - Rule Activated: CRITICAL_VOLTAGE, Reason: Bus voltage below threshold: 0.18 < 25.50
2025-07-11 04:29:37,890 - INFO - [AUDIT] - Decision: RECOVER_EPS, Reason: Critical voltage, Mode: Nominal
2025-07-11 04:29:37,890 - INFO - [AUDIT] - Rule Activated: CRITICAL_VOLTAGE, Reason: Bus voltage below threshold: 0.18 < 25.50
2025-07-11 04:29:37,890 - INFO - [AUDIT] - Decision: RECOVER_EPS, Reason: Critical voltage, Mode: Nominal
2025-07-11 04:29:37,890 - INFO - [AUDIT] - Rule Activated: CRITICAL_VOLTAGE, Reason: Bus voltage below threshold: 0.18 < 25.50
2025-07-11 04:29:37,890 - INFO - [AUDIT] - Decision: RECOVER_EPS, Reason: Critical voltage, Mode: Nominal
2025-07-11 04:29:37,890 - INFO - [AUDIT] - Rule Activated: CRITICAL_VOLTAGE, Reason: Bus voltage below threshold: 0.18 < 25.50
2025-07-11 04:29:37,890 - INFO - [AUDIT] - Decision: RECOVER_EPS, Reason: Critical voltage, Mode: Nominal
2025-07-11 04:29:37,891 - INFO - [AUDIT] - Rule Activated: CRITICAL_VOLTAGE, Reason: Bus voltage below threshold: 0.18 < 25.50
2025-07-11 04:29:37,891 - INFO - [AUDIT] - Decision: RECOVER_EPS, Reason: Critical voltage, Mode: Nominal
2025-07-11 04:29:37,891 - INFO - [AUDIT] - Rule Activated: CRITICAL_VOLTAGE, Reason: Bus voltage below threshold: 0.18 < 25.50
2025-07-11 04:29:37,891 - INFO - [AUDIT] - Decision: RECOVER_EPS, Reason: Critical voltage, Mode: Nominal
2025-07-11 04:29:37,892 - INFO - [AUDIT] - Rule Activated: CRITICAL_VOLTAGE, Reason: Bus voltage below threshold: 0.18 < 25.50
2025-07-11 04:29:37,892 - INFO - [AUDIT] - Decision: RECOVER_EPS, Reason: Critical voltage, Mode: Nominal
2025-07-11 04:29:37,892 - INFO - [AUDIT] - Rule Activated: CRITICAL_VOLTAGE, Reason: Bus voltage below threshold: 0.18 < 25.50
2025-07-11 04:29:37,892 - INFO - [AUDIT] - Decision: RECOVER_EPS, Reason: Critical voltage, Mode: Nominal
2025-07-11 04:29:37,892 - INFO - [AUDIT] - Rule Activated: CRITICAL_VOLTAGE, Reason: Bus voltage below threshold: 0.18 < 25.50
2025-07-11 04:29:37,892 - INFO - [AUDIT] - Decision: RECOVER_EPS, Reason: Critical voltage, Mode: Nominal
2025-07-11 04:29:37,892 - INFO - [AUDIT] - Rule Activated: CRITICAL_VOLTAGE, Reason: Bus voltage below threshold: 0.18 < 25.50
2025-07-11 04:29:37,892 - INFO - [AUDIT] - Decision: RECOVER_EPS, Reason: Critical voltage, Mode: Nominal
2025-07-11 04:29:37,893 - INFO - [AUDIT] - Rule Activated: CRITICAL_VOLTAGE, Reason: Bus voltage below threshold: 0.18 < 25.50
2025-07-11 04:29:37,893 - INFO - [AUDIT] - Decision: RECOVER_EPS, Reason: Critical voltage, Mode: Nominal
2025-07-11 04:29:37,893 - INFO - [AUDIT] - Rule Activated: CRITICAL_VOLTAGE, Reason: Bus voltage below threshold: 0.18 < 25.50
2025-07-11 04:29:37,893 - INFO - [AUDIT] - Decision: RECOVER_EPS, Reason: Critical voltage, Mode: Nominal
2025-07-11 04:29:37,894 - INFO - [AUDIT] - Rule Activated: CRITICAL_VOLTAGE, Reason: Bus voltage below threshold: 0.18 < 25.50
2025-07-11 04:29:37,894 - INFO - [AUDIT] - Decision: RECOVER_EPS, Reason: Critical voltage, Mode: Nominal
2025-07-11 04:29:37,894 - INFO - [AUDIT] - Rule Activated: CRITICAL_VOLTAGE, Reason: Bus voltage below threshold: 0.18 < 25.50
2025-07-11 04:29:37,894 - INFO - [AUDIT] - Decision: RECOVER_EPS, Reason: Critical voltage, Mode: Nominal
2025-07-11 04:29:37,894 - INFO - [AUDIT] - Rule Activated: CRITICAL_VOLTAGE, Reason: Bus voltage below threshold: 0.18 < 25.50
2025-07-11 04:29:37,894 - INFO - [AUDIT] - Decision: RECOVER_EPS, Reason: Critical voltage, Mode: Nominal
2025-07-11 04:29:37,895 - INFO - [AUDIT] - Rule Activated: CRITICAL_VOLTAGE, Reason: Bus voltage below threshold: 0.18 < 25.50
2025-07-11 04:29:37,895 - INFO - [AUDIT] - Decision: RECOVER_EPS, Reason: Critical voltage, Mode: Nominal
2025-07-11 04:29:37,895 - INFO - [AUDIT] - Rule Activated: CRITICAL_VOLTAGE, Reason: Bus voltage below threshold: 0.18 < 25.50
2025-07-11 04:29:37,895 - INFO - [AUDIT] - Decision: RECOVER_EPS, Reason: Critical voltage, Mode: Nominal
2025-07-11 04:29:37,895 - INFO - [AUDIT] - Rule Activated: CRITICAL_VOLTAGE, Reason: Bus voltage below threshold: 0.18 < 25.50
2025-07-11 04:29:37,895 - INFO - [AUDIT] - Decision: RECOVER_EPS, Reason: Critical voltage, Mode: Nominal
2025-07-11 04:29:37,895 - INFO - [AUDIT] - Rule Activated: CRITICAL_VOLTAGE, Reason: Bus voltage below threshold: 0.18 < 25.50
2025-07-11 04:29:37,895 - INFO - [AUDIT] - Decision: RECOVER_EPS, Reason: Critical voltage, Mode: Nominal
2025-07-11 04:29:37,895 - INFO - [AUDIT] - Rule Activated: CRITICAL_VOLTAGE, Reason: Bus voltage below threshold: 0.18 < 25.50
2025-07-11 04:29:37,895 - INFO - [AUDIT] - Decision: RECOVER_EPS, Reason: Critical voltage, Mode: Nominal
2025-07-11 04:29:37,896 - INFO - [AUDIT] - Rule Activated: CRITICAL_VOLTAGE, Reason: Bus voltage below threshold: 0.18 < 25.50
2025-07-11 04:29:37,896 - INFO - [AUDIT] - Decision: RECOVER_EPS, Reason: Critical voltage, Mode: Nominal
2025-07-11 04:29:37,896 - INFO - [AUDIT] - Rule Activated: CRITICAL_VOLTAGE, Reason: Bus voltage below threshold: 0.18 < 25.50
2025-07-11 04:29:37,896 - INFO - [AUDIT] - Decision: RECOVER_EPS, Reason: Critical voltage, Mode: Nominal
2025-07-11 04:29:37,896 - INFO - [AUDIT] - Rule Activated: CRITICAL_VOLTAGE, Reason: Bus voltage below threshold: 0.18 < 25.50
2025-07-11 04:29:37,896 - INFO - [AUDIT] - Decision: RECOVER_EPS, Reason: Critical voltage, Mode: Nominal
2025-07-11 04:29:37,896 - INFO - [AUDIT] - Rule Activated: CRITICAL_VOLTAGE, Reason: Bus voltage below threshold: 0.18 < 25.50
2025-07-11 04:29:37,896 - INFO - [AUDIT] - Decision: RECOVER_EPS, Reason: Critical voltage, Mode: Nominal
2025-07-11 04:29:37,896 - INFO - [AUDIT] - Rule Activated: CRITICAL_VOLTAGE, Reason: Bus voltage below threshold: 0.18 < 25.50
2025-07-11 04:29:37,896 - INFO - [AUDIT] - Decision: RECOVER_EPS, Reason: Critical voltage, Mode: Nominal
2025-07-11 04:29:37,896 - INFO - [AUDIT] - Rule Activated: CRITICAL_VOLTAGE, Reason: Bus voltage below threshold: 0.18 < 25.50
2025-07-11 04:29:37,896 - INFO - [AUDIT] - Decision: RECOVER_EPS, Reason: Critical voltage, Mode: Nominal
2025-07-11 04:29:37,897 - INFO - [AUDIT] - Rule Activated: CRITICAL_VOLTAGE, Reason: Bus voltage below threshold: 0.18 < 25.50
2025-07-11 04:29:37,897 - INFO - [AUDIT] - Decision: RECOVER_EPS, Reason: Critical voltage, Mode: Nominal
2025-07-11 04:29:37,897 - INFO - [AUDIT] - Rule Activated: CRITICAL_VOLTAGE, Reason: Bus voltage below threshold: 0.18 < 25.50
2025-07-11 04:29:37,897 - INFO - [AUDIT] - Decision: RECOVER_EPS, Reason: Critical voltage, Mode: Nominal
2025-07-11 04:29:37,897 - INFO - [AUDIT] - Rule Activated: CRITICAL_VOLTAGE, Reason: Bus voltage below threshold: 0.18 < 25.50
2025-07-11 04:29:37,897 - INFO - [AUDIT] - Decision: RECOVER_EPS, Reason: Critical voltage, Mode: Nominal
2025-07-11 04:29:37,897 - INFO - [AUDIT] - Rule Activated: CRITICAL_VOLTAGE, Reason: Bus voltage below threshold: 0.18 < 25.50
2025-07-11 04:29:37,897 - INFO - [AUDIT] - Decision: RECOVER_EPS, Reason: Critical voltage, Mode: Nominal
2025-07-11 04:29:37,897 - INFO - [AUDIT] - Rule Activated: CRITICAL_VOLTAGE, Reason: Bus voltage below threshold: 0.18 < 25.50
2025-07-11 04:29:37,897 - INFO - [AUDIT] - Decision: RECOVER_EPS, Reason: Critical voltage, Mode: Nominal
2025-07-11 04:29:37,897 - INFO - [AUDIT] - Rule Activated: CRITICAL_VOLTAGE, Reason: Bus voltage below threshold: 0.18 < 25.50
2025-07-11 04:29:37,897 - INFO - [AUDIT] - Decision: RECOVER_EPS, Reason: Critical voltage, Mode: Nominal
2025-07-11 04:29:37,898 - INFO - [AUDIT] - Rule Activated: CRITICAL_VOLTAGE, Reason: Bus voltage below threshold: 0.18 < 25.50
2025-07-11 04:29:37,898 - INFO - [AUDIT] - Decision: RECOVER_EPS, Reason: Critical voltage, Mode: Nominal
2025-07-11 04:29:37,898 - INFO - [AUDIT] - Rule Activated: CRITICAL_VOLTAGE, Reason: Bus voltage below threshold: 0.18 < 25.50
2025-07-11 04:29:37,898 - INFO - [AUDIT] - Decision: RECOVER_EPS, Reason: Critical voltage, Mode: Nominal
2025-07-11 04:29:37,898 - INFO - [AUDIT] - Rule Activated: CRITICAL_VOLTAGE, Reason: Bus voltage below threshold: 0.18 < 25.50
2025-07-11 04:29:37,898 - INFO - [AUDIT] - Decision: RECOVER_EPS, Reason: Critical voltage, Mode: Nominal
2025-07-11 04:29:37,898 - INFO - [AUDIT] - Rule Activated: CRITICAL_VOLTAGE, Reason: Bus voltage below threshold: 0.18 < 25.50
2025-07-11 04:29:37,898 - INFO - [AUDIT] - Decision: RECOVER_EPS, Reason: Critical voltage, Mode: Nominal
2025-07-11 04:29:37,898 - INFO - [AUDIT] - Rule Activated: CRITICAL_VOLTAGE, Reason: Bus voltage below threshold: 0.18 < 25.50
2025-07-11 04:29:37,898 - INFO - [AUDIT] - Decision: RECOVER_EPS, Reason: Critical voltage, Mode: Nominal
2025-07-11 04:29:37,898 - INFO - [AUDIT] - Rule Activated: CRITICAL_VOLTAGE, Reason: Bus voltage below threshold: 0.18 < 25.50
2025-07-11 04:29:37,898 - INFO - [AUDIT] - Decision: RECOVER_EPS, Reason: Critical voltage, Mode: Nominal
2025-07-11 04:29:37,899 - INFO - [AUDIT] - Rule Activated: CRITICAL_VOLTAGE, Reason: Bus voltage below threshold: 0.18 < 25.50
2025-07-11 04:29:37,899 - INFO - [AUDIT] - Decision: RECOVER_EPS, Reason: Critical voltage, Mode: Nominal
2025-07-11 04:29:37,899 - INFO - [AUDIT] - Rule Activated: CRITICAL_VOLTAGE, Reason: Bus voltage below threshold: 0.18 < 25.50
2025-07-11 04:29:37,899 - INFO - [AUDIT] - Decision: RECOVER_EPS, Reason: Critical voltage, Mode: Nominal
2025-07-11 04:29:37,899 - INFO - [AUDIT] - Rule Activated: CRITICAL_VOLTAGE, Reason: Bus voltage below threshold: 0.18 < 25.50
2025-07-11 04:29:37,899 - INFO - [AUDIT] - Decision: RECOVER_EPS, Reason: Critical voltage, Mode: Nominal
2025-07-11 04:29:37,899 - INFO - [AUDIT] - Rule Activated: CRITICAL_VOLTAGE, Reason: Bus voltage below threshold: 0.18 < 25.50
2025-07-11 04:29:37,899 - INFO - [AUDIT] - Decision: RECOVER_EPS, Reason: Critical voltage, Mode: Nominal
2025-07-11 04:29:37,899 - INFO - [AUDIT] - Rule Activated: CRITICAL_VOLTAGE, Reason: Bus voltage below threshold: 0.18 < 25.50
2025-07-11 04:29:37,899 - INFO - [AUDIT] - Decision: RECOVER_EPS, Reason: Critical voltage, Mode: Nominal
2025-07-11 04:29:37,899 - INFO - [AUDIT] - Rule Activated: CRITICAL_VOLTAGE, Reason: Bus voltage below threshold: 0.18 < 25.50
2025-07-11 04:29:37,899 - INFO - [AUDIT] - Decision: RECOVER_EPS, Reason: Critical voltage, Mode: Nominal
2025-07-11 04:29:37,900 - INFO - [AUDIT] - Rule Activated: CRITICAL_VOLTAGE, Reason: Bus voltage below threshold: 0.18 < 25.50
2025-07-11 04:29:37,900 - INFO - [AUDIT] - Decision: RECOVER_EPS, Reason: Critical voltage, Mode: Nominal
2025-07-11 04:29:37,900 - INFO - [AUDIT] - Rule Activated: CRITICAL_VOLTAGE, Reason: Bus voltage below threshold: 0.18 < 25.50
2025-07-11 04:29:37,900 - INFO - [AUDIT] - Decision: RECOVER_EPS, Reason: Critical voltage, Mode: Nominal
2025-07-11 04:29:37,900 - INFO - [AUDIT] - Rule Activated: CRITICAL_VOLTAGE, Reason: Bus voltage below threshold: 0.18 < 25.50
2025-07-11 04:29:37,900 - INFO - [AUDIT] - Decision: RECOVER_EPS, Reason: Critical voltage, Mode: Nominal
2025-07-11 04:29:37,900 - INFO - [AUDIT] - Rule Activated: CRITICAL_VOLTAGE, Reason: Bus voltage below threshold: 0.18 < 25.50
2025-07-11 04:29:37,900 - INFO - [AUDIT] - Decision: RECOVER_EPS, Reason: Critical voltage, Mode: Nominal
2025-07-11 04:29:37,900 - INFO - [AUDIT] - Rule Activated: CRITICAL_VOLTAGE, Reason: Bus voltage below threshold: 0.18 < 25.50
2025-07-11 04:29:37,900 - INFO - [AUDIT] - Decision: RECOVER_EPS, Reason: Critical voltage, Mode: Nominal
2025-07-11 04:29:37,901 - INFO - [AUDIT] - Rule Activated: CRITICAL_VOLTAGE, Reason: Bus voltage below threshold: 0.18 < 25.50
2025-07-11 04:29:37,901 - INFO - [AUDIT] - Decision: RECOVER_EPS, Reason: Critical voltage, Mode: Nominal
2025-07-11 04:29:37,901 - INFO - [AUDIT] - Rule Activated: CRITICAL_VOLTAGE, Reason: Bus voltage below threshold: 0.18 < 25.50
2025-07-11 04:29:37,901 - INFO - [AUDIT] - Decision: RECOVER_EPS, Reason: Critical voltage, Mode: Nominal
2025-07-11 04:29:37,901 - INFO - [AUDIT] - Rule Activated: CRITICAL_VOLTAGE, Reason: Bus voltage below threshold: 0.18 < 25.50
2025-07-11 04:29:37,901 - INFO - [AUDIT] - Decision: RECOVER_EPS, Reason: Critical voltage, Mode: Nominal
2025-07-11 04:29:37,901 - INFO - [AUDIT] - Rule Activated: CRITICAL_VOLTAGE, Reason: Bus voltage below threshold: 0.18 < 25.50
2025-07-11 04:29:37,901 - INFO - [AUDIT] - Decision: RECOVER_EPS, Reason: Critical voltage, Mode: Nominal
2025-07-11 04:29:37,901 - INFO - [AUDIT] - Rule Activated: CRITICAL_VOLTAGE, Reason: Bus voltage below threshold: 0.18 < 25.50
2025-07-11 04:29:37,901 - INFO - [AUDIT] - Decision: RECOVER_EPS, Reason: Critical voltage, Mode: Nominal
2025-07-11 04:29:37,901 - INFO - [AUDIT] - Rule Activated: CRITICAL_VOLTAGE, Reason: Bus voltage below threshold: 0.18 < 25.50
2025-07-11 04:29:37,901 - INFO - [AUDIT] - Decision: RECOVER_EPS, Reason: Critical voltage, Mode: Nominal
2025-07-11 04:29:37,902 - INFO - [AUDIT] - Rule Activated: CRITICAL_VOLTAGE, Reason: Bus voltage below threshold: 0.18 < 25.50
2025-07-11 04:29:37,902 - INFO - [AUDIT] - Decision: RECOVER_EPS, Reason: Critical voltage, Mode: Nominal
2025-07-11 04:29:37,902 - INFO - [AUDIT] - Rule Activated: CRITICAL_VOLTAGE, Reason: Bus voltage below threshold: 0.18 < 25.50
2025-07-11 04:29:37,902 - INFO - [AUDIT] - Decision: RECOVER_EPS, Reason: Critical voltage, Mode: Nominal
2025-07-11 04:29:37,903 - INFO - [AUDIT] - Rule Activated: CRITICAL_VOLTAGE, Reason: Bus voltage below threshold: 0.18 < 25.50
2025-07-11 04:29:37,903 - INFO - [AUDIT] - Decision: RECOVER_EPS, Reason: Critical voltage, Mode: Nominal
2025-07-11 04:29:37,903 - INFO - [AUDIT] - Rule Activated: CRITICAL_VOLTAGE, Reason: Bus voltage below threshold: 0.18 < 25.50
2025-07-11 04:29:37,903 - INFO - [AUDIT] - Decision: RECOVER_EPS, Reason: Critical voltage, Mode: Nominal
2025-07-11 04:29:37,904 - INFO - [AUDIT] - Rule Activated: CRITICAL_VOLTAGE, Reason: Bus voltage below threshold: 0.18 < 25.50
2025-07-11 04:29:37,904 - INFO - [AUDIT] - Decision: RECOVER_EPS, Reason: Critical voltage, Mode: Nominal
2025-07-11 04:29:37,904 - INFO - [AUDIT] - Rule Activated: CRITICAL_VOLTAGE, Reason: Bus voltage below threshold: 0.18 < 25.50
2025-07-11 04:29:37,904 - INFO - [AUDIT] - Decision: RECOVER_EPS, Reason: Critical voltage, Mode: Nominal
2025-07-11 04:29:37,905 - INFO - [AUDIT] - Rule Activated: CRITICAL_VOLTAGE, Reason: Bus voltage below threshold: 0.18 < 25.50
2025-07-11 04:29:37,905 - INFO - [AUDIT] - Decision: RECOVER_EPS, Reason: Critical voltage, Mode: Nominal
2025-07-11 04:29:37,905 - INFO - [AUDIT] - Rule Activated: CRITICAL_VOLTAGE, Reason: Bus voltage below threshold: 0.18 < 25.50
2025-07-11 04:29:37,905 - INFO - [AUDIT] - Decision: RECOVER_EPS, Reason: Critical voltage, Mode: Nominal
2025-07-11 04:29:37,905 - INFO - [AUDIT] - Rule Activated: CRITICAL_VOLTAGE, Reason: Bus voltage below threshold: 0.18 < 25.50
2025-07-11 04:29:37,905 - INFO - [AUDIT] - Decision: RECOVER_EPS, Reason: Critical voltage, Mode: Nominal
2025-07-11 04:29:37,905 - INFO - [AUDIT] - Rule Activated: CRITICAL_VOLTAGE, Reason: Bus voltage below threshold: 0.18 < 25.50
2025-07-11 04:29:37,905 - INFO - [AUDIT] - Decision: RECOVER_EPS, Reason: Critical voltage, Mode: Nominal
2025-07-11 04:29:37,906 - INFO - [AUDIT] - Rule Activated: CRITICAL_VOLTAGE, Reason: Bus voltage below threshold: 0.18 < 25.50
2025-07-11 04:29:37,906 - INFO - [AUDIT] - Decision: RECOVER_EPS, Reason: Critical voltage, Mode: Nominal
2025-07-11 04:29:37,906 - INFO - [AUDIT] - Rule Activated: CRITICAL_VOLTAGE, Reason: Bus voltage below threshold: 0.18 < 25.50
2025-07-11 04:29:37,906 - INFO - [AUDIT] - Decision: RECOVER_EPS, Reason: Critical voltage, Mode: Nominal
2025-07-11 04:29:37,906 - INFO - [AUDIT] - Rule Activated: CRITICAL_VOLTAGE, Reason: Bus voltage below threshold: 0.18 < 25.50
2025-07-11 04:29:37,906 - INFO - [AUDIT] - Decision: RECOVER_EPS, Reason: Critical voltage, Mode: Nominal
2025-07-11 04:29:37,908 - INFO - [AUDIT] - Rule Activated: CRITICAL_VOLTAGE, Reason: Bus voltage below threshold: 0.18 < 25.50
2025-07-11 04:29:37,908 - INFO - [AUDIT] - Decision: RECOVER_EPS, Reason: Critical voltage, Mode: Nominal
2025-07-11 04:29:37,909 - INFO - [AUDIT] - Rule Activated: CRITICAL_VOLTAGE, Reason: Bus voltage below threshold: 0.18 < 25.50
2025-07-11 04:29:37,909 - INFO - [AUDIT] - Decision: RECOVER_EPS, Reason: Critical voltage, Mode: Nominal
2025-07-11 04:29:37,909 - INFO - [AUDIT] - Rule Activated: CRITICAL_VOLTAGE, Reason: Bus voltage below threshold: 0.18 < 25.50
2025-07-11 04:29:37,909 - INFO - [AUDIT] - Decision: RECOVER_EPS, Reason: Critical voltage, Mode: Nominal
2025-07-11 04:29:37,909 - INFO - [AUDIT] - Rule Activated: CRITICAL_VOLTAGE, Reason: Bus voltage below threshold: 0.18 < 25.50
2025-07-11 04:29:37,910 - INFO - [AUDIT] - Decision: RECOVER_EPS, Reason: Critical voltage, Mode: Nominal
2025-07-11 04:29:37,910 - INFO - [AUDIT] - Rule Activated: CRITICAL_VOLTAGE, Reason: Bus voltage below threshold: 0.18 < 25.50
2025-07-11 04:29:37,910 - INFO - [AUDIT] - Decision: RECOVER_EPS, Reason: Critical voltage, Mode: Nominal
2025-07-11 04:29:37,910 - INFO - [AUDIT] - Rule Activated: CRITICAL_VOLTAGE, Reason: Bus voltage below threshold: 0.18 < 25.50
2025-07-11 04:29:37,910 - INFO - [AUDIT] - Decision: RECOVER_EPS, Reason: Critical voltage, Mode: Nominal
2025-07-11 04:29:37,911 - INFO - [AUDIT] - Rule Activated: CRITICAL_VOLTAGE, Reason: Bus voltage below threshold: 0.18 < 25.50
2025-07-11 04:29:37,911 - INFO - [AUDIT] - Decision: RECOVER_EPS, Reason: Critical voltage, Mode: Nominal
2025-07-11 04:29:37,911 - INFO - [AUDIT] - Rule Activated: CRITICAL_VOLTAGE, Reason: Bus voltage below threshold: 0.18 < 25.50
2025-07-11 04:29:37,911 - INFO - [AUDIT] - Decision: RECOVER_EPS, Reason: Critical voltage, Mode: Nominal
2025-07-11 04:29:37,911 - INFO - [AUDIT] - Rule Activated: CRITICAL_VOLTAGE, Reason: Bus voltage below threshold: 0.18 < 25.50
2025-07-11 04:29:37,911 - INFO - [AUDIT] - Decision: RECOVER_EPS, Reason: Critical voltage, Mode: Nominal
2025-07-11 04:29:37,911 - INFO - [AUDIT] - Rule Activated: CRITICAL_VOLTAGE, Reason: Bus voltage below threshold: 0.18 < 25.50
2025-07-11 04:29:37,911 - INFO - [AUDIT] - Decision: RECOVER_EPS, Reason: Critical voltage, Mode: Nominal
2025-07-11 04:29:37,911 - INFO - [AUDIT] - Rule Activated: CRITICAL_VOLTAGE, Reason: Bus voltage below threshold: 0.18 < 25.50
2025-07-11 04:29:37,911 - INFO - [AUDIT] - Decision: RECOVER_EPS, Reason: Critical voltage, Mode: Nominal
2025-07-11 04:29:37,911 - INFO - [AUDIT] - Rule Activated: CRITICAL_VOLTAGE, Reason: Bus voltage below threshold: 0.18 < 25.50
2025-07-11 04:29:37,912 - INFO - [AUDIT] - Decision: RECOVER_EPS, Reason: Critical voltage, Mode: Nominal
2025-07-11 04:29:37,912 - INFO - [AUDIT] - Rule Activated: CRITICAL_VOLTAGE, Reason: Bus voltage below threshold: 0.18 < 25.50
2025-07-11 04:29:37,912 - INFO - [AUDIT] - Decision: RECOVER_EPS, Reason: Critical voltage, Mode: Nominal
2025-07-11 04:29:37,912 - INFO - [AUDIT] - Rule Activated: CRITICAL_VOLTAGE, Reason: Bus voltage below threshold: 0.18 < 25.50
2025-07-11 04:29:37,912 - INFO - [AUDIT] - Decision: RECOVER_EPS, Reason: Critical voltage, Mode: Nominal
2025-07-11 04:29:37,912 - INFO - [AUDIT] - Rule Activated: CRITICAL_VOLTAGE, Reason: Bus voltage below threshold: 0.18 < 25.50
2025-07-11 04:29:37,912 - INFO - [AUDIT] - Decision: RECOVER_EPS, Reason: Critical voltage, Mode: Nominal
2025-07-11 04:29:37,912 - INFO - [AUDIT] - Rule Activated: CRITICAL_VOLTAGE, Reason: Bus voltage below threshold: 0.18 < 25.50
2025-07-11 04:29:37,912 - INFO - [AUDIT] - Decision: RECOVER_EPS, Reason: Critical voltage, Mode: Nominal
2025-07-11 04:29:37,912 - INFO - [AUDIT] - Rule Activated: CRITICAL_VOLTAGE, Reason: Bus voltage below threshold: 0.18 < 25.50
2025-07-11 04:29:37,912 - INFO - [AUDIT] - Decision: RECOVER_EPS, Reason: Critical voltage, Mode: Nominal
2025-07-11 04:29:37,913 - INFO - [AUDIT] - Rule Activated: CRITICAL_VOLTAGE, Reason: Bus voltage below threshold: 0.18 < 25.50
2025-07-11 04:29:37,913 - INFO - [AUDIT] - Decision: RECOVER_EPS, Reason: Critical voltage, Mode: Nominal
2025-07-11 04:29:37,913 - INFO - [AUDIT] - Rule Activated: CRITICAL_VOLTAGE, Reason: Bus voltage below threshold: 0.18 < 25.50
2025-07-11 04:29:37,913 - INFO - [AUDIT] - Decision: RECOVER_EPS, Reason: Critical voltage, Mode: Nominal
2025-07-11 04:29:37,914 - INFO - [AUDIT] - Rule Activated: CRITICAL_VOLTAGE, Reason: Bus voltage below threshold: 0.18 < 25.50
2025-07-11 04:29:37,914 - INFO - [AUDIT] - Decision: RECOVER_EPS, Reason: Critical voltage, Mode: Nominal
2025-07-11 04:29:37,914 - INFO - [AUDIT] - Rule Activated: CRITICAL_VOLTAGE, Reason: Bus voltage below threshold: 0.18 < 25.50
2025-07-11 04:29:37,914 - INFO - [AUDIT] - Decision: RECOVER_EPS, Reason: Critical voltage, Mode: Nominal
2025-07-11 04:29:37,915 - INFO - [AUDIT] - Rule Activated: CRITICAL_VOLTAGE, Reason: Bus voltage below threshold: 0.18 < 25.50
2025-07-11 04:29:37,915 - INFO - [AUDIT] - Decision: RECOVER_EPS, Reason: Critical voltage, Mode: Nominal
2025-07-11 04:29:37,915 - INFO - [AUDIT] - Rule Activated: CRITICAL_VOLTAGE, Reason: Bus voltage below threshold: 0.18 < 25.50
2025-07-11 04:29:37,915 - INFO - [AUDIT] - Decision: RECOVER_EPS, Reason: Critical voltage, Mode: Nominal
2025-07-11 04:29:37,915 - INFO - [AUDIT] - Rule Activated: CRITICAL_VOLTAGE, Reason: Bus voltage below threshold: 0.18 < 25.50
2025-07-11 04:29:37,915 - INFO - [AUDIT] - Decision: RECOVER_EPS, Reason: Critical voltage, Mode: Nominal
2025-07-11 04:29:37,915 - INFO - [AUDIT] - Rule Activated: CRITICAL_VOLTAGE, Reason: Bus voltage below threshold: 0.18 < 25.50
2025-07-11 04:29:37,915 - INFO - [AUDIT] - Decision: RECOVER_EPS, Reason: Critical voltage, Mode: Nominal
2025-07-11 04:29:37,916 - INFO - [AUDIT] - Rule Activated: CRITICAL_VOLTAGE, Reason: Bus voltage below threshold: 0.18 < 25.50
2025-07-11 04:29:37,916 - INFO - [AUDIT] - Decision: RECOVER_EPS, Reason: Critical voltage, Mode: Nominal
2025-07-11 04:29:37,916 - INFO - [AUDIT] - Rule Activated: CRITICAL_VOLTAGE, Reason: Bus voltage below threshold: 0.18 < 25.50
2025-07-11 04:29:37,916 - INFO - [AUDIT] - Decision: RECOVER_EPS, Reason: Critical voltage, Mode: Nominal
2025-07-11 04:29:37,916 - INFO - [AUDIT] - Rule Activated: CRITICAL_VOLTAGE, Reason: Bus voltage below threshold: 0.18 < 25.50
2025-07-11 04:29:37,916 - INFO - [AUDIT] - Decision: RECOVER_EPS, Reason: Critical voltage, Mode: Nominal
2025-07-11 04:29:37,916 - INFO - [AUDIT] - Rule Activated: CRITICAL_VOLTAGE, Reason: Bus voltage below threshold: 0.18 < 25.50
2025-07-11 04:29:37,916 - INFO - [AUDIT] - Decision: RECOVER_EPS, Reason: Critical voltage, Mode: Nominal
2025-07-11 04:29:37,916 - INFO - [AUDIT] - Rule Activated: CRITICAL_VOLTAGE, Reason: Bus voltage below threshold: 0.18 < 25.50
2025-07-11 04:29:37,916 - INFO - [AUDIT] - Decision: RECOVER_EPS, Reason: Critical voltage, Mode: Nominal
2025-07-11 04:29:37,917 - INFO - [AUDIT] - Rule Activated: CRITICAL_VOLTAGE, Reason: Bus voltage below threshold: 0.18 < 25.50
2025-07-11 04:29:37,917 - INFO - [AUDIT] - Decision: RECOVER_EPS, Reason: Critical voltage, Mode: Nominal
2025-07-11 04:29:37,917 - INFO - [AUDIT] - Rule Activated: CRITICAL_VOLTAGE, Reason: Bus voltage below threshold: 0.18 < 25.50
2025-07-11 04:29:37,917 - INFO - [AUDIT] - Decision: RECOVER_EPS, Reason: Critical voltage, Mode: Nominal
2025-07-11 04:29:37,917 - INFO - [AUDIT] - Rule Activated: CRITICAL_VOLTAGE, Reason: Bus voltage below threshold: 0.18 < 25.50
2025-07-11 04:29:37,917 - INFO - [AUDIT] - Decision: RECOVER_EPS, Reason: Critical voltage, Mode: Nominal
2025-07-11 04:29:37,917 - INFO - [AUDIT] - Rule Activated: CRITICAL_VOLTAGE, Reason: Bus voltage below threshold: 0.18 < 25.50
2025-07-11 04:29:37,917 - INFO - [AUDIT] - Decision: RECOVER_EPS, Reason: Critical voltage, Mode: Nominal
2025-07-11 04:29:37,917 - INFO - [AUDIT] - Rule Activated: CRITICAL_VOLTAGE, Reason: Bus voltage below threshold: 0.18 < 25.50
2025-07-11 04:29:37,917 - INFO - [AUDIT] - Decision: RECOVER_EPS, Reason: Critical voltage, Mode: Nominal
2025-07-11 04:29:37,918 - INFO - [AUDIT] - Rule Activated: CRITICAL_VOLTAGE, Reason: Bus voltage below threshold: 0.18 < 25.50
2025-07-11 04:29:37,918 - INFO - [AUDIT] - Decision: RECOVER_EPS, Reason: Critical voltage, Mode: Nominal
2025-07-11 04:29:37,918 - INFO - [AUDIT] - Rule Activated: CRITICAL_VOLTAGE, Reason: Bus voltage below threshold: 0.18 < 25.50
2025-07-11 04:29:37,918 - INFO - [AUDIT] - Decision: RECOVER_EPS, Reason: Critical voltage, Mode: Nominal
2025-07-11 04:29:37,919 - INFO - [AUDIT] - Rule Activated: CRITICAL_VOLTAGE, Reason: Bus voltage below threshold: 0.18 < 25.50
2025-07-11 04:29:37,919 - INFO - [AUDIT] - Decision: RECOVER_EPS, Reason: Critical voltage, Mode: Nominal
2025-07-11 04:29:37,919 - INFO - [AUDIT] - Rule Activated: CRITICAL_VOLTAGE, Reason: Bus voltage below threshold: 0.18 < 25.50
2025-07-11 04:29:37,919 - INFO - [AUDIT] - Decision: RECOVER_EPS, Reason: Critical voltage, Mode: Nominal
2025-07-11 04:29:37,919 - INFO - [AUDIT] - Rule Activated: CRITICAL_VOLTAGE, Reason: Bus voltage below threshold: 0.18 < 25.50
2025-07-11 04:29:37,919 - INFO - [AUDIT] - Decision: RECOVER_EPS, Reason: Critical voltage, Mode: Nominal
2025-07-11 04:29:37,919 - INFO - [AUDIT] - Rule Activated: CRITICAL_VOLTAGE, Reason: Bus voltage below threshold: 0.18 < 25.50
2025-07-11 04:29:37,919 - INFO - [AUDIT] - Decision: RECOVER_EPS, Reason: Critical voltage, Mode: Nominal
2025-07-11 04:29:37,920 - INFO - [AUDIT] - Rule Activated: CRITICAL_VOLTAGE, Reason: Bus voltage below threshold: 0.18 < 25.50
2025-07-11 04:29:37,920 - INFO - [AUDIT] - Decision: RECOVER_EPS, Reason: Critical voltage, Mode: Nominal
2025-07-11 04:29:37,920 - INFO - [AUDIT] - Rule Activated: CRITICAL_VOLTAGE, Reason: Bus voltage below threshold: 0.18 < 25.50
2025-07-11 04:29:37,920 - INFO - [AUDIT] - Decision: RECOVER_EPS, Reason: Critical voltage, Mode: Nominal
2025-07-11 04:29:37,920 - INFO - [AUDIT] - Rule Activated: CRITICAL_VOLTAGE, Reason: Bus voltage below threshold: 0.18 < 25.50
2025-07-11 04:29:37,920 - INFO - [AUDIT] - Decision: RECOVER_EPS, Reason: Critical voltage, Mode: Nominal
2025-07-11 04:29:37,920 - INFO - [AUDIT] - Rule Activated: CRITICAL_VOLTAGE, Reason: Bus voltage below threshold: 0.18 < 25.50
2025-07-11 04:29:37,920 - INFO - [AUDIT] - Decision: RECOVER_EPS, Reason: Critical voltage, Mode: Nominal
2025-07-11 04:29:37,920 - INFO - [AUDIT] - Rule Activated: CRITICAL_VOLTAGE, Reason: Bus voltage below threshold: 0.18 < 25.50
2025-07-11 04:29:37,920 - INFO - [AUDIT] - Decision: RECOVER_EPS, Reason: Critical voltage, Mode: Nominal
2025-07-11 04:29:37,921 - INFO - [AUDIT] - Rule Activated: CRITICAL_VOLTAGE, Reason: Bus voltage below threshold: 0.18 < 25.50
2025-07-11 04:29:37,921 - INFO - [AUDIT] - Decision: RECOVER_EPS, Reason: Critical voltage, Mode: Nominal
2025-07-11 04:29:37,921 - INFO - [AUDIT] - Rule Activated: CRITICAL_VOLTAGE, Reason: Bus voltage below threshold: 0.18 < 25.50
2025-07-11 04:29:37,921 - INFO - [AUDIT] - Decision: RECOVER_EPS, Reason: Critical voltage, Mode: Nominal
2025-07-11 04:29:37,921 - INFO - [AUDIT] - Rule Activated: CRITICAL_VOLTAGE, Reason: Bus voltage below threshold: 0.18 < 25.50
2025-07-11 04:29:37,921 - INFO - [AUDIT] - Decision: RECOVER_EPS, Reason: Critical voltage, Mode: Nominal
2025-07-11 04:29:37,921 - INFO - [AUDIT] - Rule Activated: CRITICAL_VOLTAGE, Reason: Bus voltage below threshold: 0.18 < 25.50
2025-07-11 04:29:37,921 - INFO - [AUDIT] - Decision: RECOVER_EPS, Reason: Critical voltage, Mode: Nominal
2025-07-11 04:29:37,921 - INFO - [AUDIT] - Rule Activated: CRITICAL_VOLTAGE, Reason: Bus voltage below threshold: 0.18 < 25.50
2025-07-11 04:29:37,921 - INFO - [AUDIT] - Decision: RECOVER_EPS, Reason: Critical voltage, Mode: Nominal
2025-07-11 04:29:37,921 - INFO - [AUDIT] - Rule Activated: CRITICAL_VOLTAGE, Reason: Bus voltage below threshold: 0.18 < 25.50
2025-07-11 04:29:37,921 - INFO - [AUDIT] - Decision: RECOVER_EPS, Reason: Critical voltage, Mode: Nominal
2025-07-11 04:29:37,921 - INFO - [AUDIT] - Rule Activated: CRITICAL_VOLTAGE, Reason: Bus voltage below threshold: 0.18 < 25.50
2025-07-11 04:29:37,921 - INFO - [AUDIT] - Decision: RECOVER_EPS, Reason: Critical voltage, Mode: Nominal
2025-07-11 04:29:37,922 - INFO - [AUDIT] - Rule Activated: CRITICAL_VOLTAGE, Reason: Bus voltage below threshold: 0.18 < 25.50
2025-07-11 04:29:37,922 - INFO - [AUDIT] - Decision: RECOVER_EPS, Reason: Critical voltage, Mode: Nominal
2025-07-11 04:29:37,922 - INFO - [AUDIT] - Rule Activated: CRITICAL_VOLTAGE, Reason: Bus voltage below threshold: 0.18 < 25.50
2025-07-11 04:29:37,922 - INFO - [AUDIT] - Decision: RECOVER_EPS, Reason: Critical voltage, Mode: Nominal
2025-07-11 04:29:37,922 - INFO - [AUDIT] - Rule Activated: CRITICAL_VOLTAGE, Reason: Bus voltage below threshold: 0.18 < 25.50
2025-07-11 04:29:37,922 - INFO - [AUDIT] - Decision: RECOVER_EPS, Reason: Critical voltage, Mode: Nominal
2025-07-11 04:29:37,922 - INFO - [AUDIT] - Rule Activated: CRITICAL_VOLTAGE, Reason: Bus voltage below threshold: 0.18 < 25.50
2025-07-11 04:29:37,922 - INFO - [AUDIT] - Decision: RECOVER_EPS, Reason: Critical voltage, Mode: Nominal
2025-07-11 04:29:37,922 - INFO - [AUDIT] - Rule Activated: CRITICAL_VOLTAGE, Reason: Bus voltage below threshold: 0.18 < 25.50
2025-07-11 04:29:37,922 - INFO - [AUDIT] - Decision: RECOVER_EPS, Reason: Critical voltage, Mode: Nominal
2025-07-11 04:29:37,923 - INFO - [AUDIT] - Rule Activated: CRITICAL_VOLTAGE, Reason: Bus voltage below threshold: 0.00 < 25.50
2025-07-11 04:29:37,923 - INFO - [AUDIT] - Decision: RECOVER_EPS, Reason: Critical voltage, Mode: Nominal
2025-07-11 04:29:37,923 - INFO - [AUDIT] - Rule Activated: CRITICAL_VOLTAGE, Reason: Bus voltage below threshold: 0.18 < 25.50
2025-07-11 04:29:37,923 - INFO - [AUDIT] - Decision: RECOVER_EPS, Reason: Critical voltage, Mode: Nominal
2025-07-11 04:29:37,923 - INFO - [AUDIT] - Rule Activated: CRITICAL_VOLTAGE, Reason: Bus voltage below threshold: 0.18 < 25.50
2025-07-11 04:29:37,924 - INFO - [AUDIT] - Decision: RECOVER_EPS, Reason: Critical voltage, Mode: Nominal
2025-07-11 04:29:37,924 - INFO - [AUDIT] - Rule Activated: CRITICAL_VOLTAGE, Reason: Bus voltage below threshold: 0.18 < 25.50
2025-07-11 04:29:37,924 - INFO - [AUDIT] - Decision: RECOVER_EPS, Reason: Critical voltage, Mode: Nominal
2025-07-11 04:29:37,924 - INFO - [AUDIT] - Rule Activated: CRITICAL_VOLTAGE, Reason: Bus voltage below threshold: 0.18 < 25.50
2025-07-11 04:29:37,924 - INFO - [AUDIT] - Decision: RECOVER_EPS, Reason: Critical voltage, Mode: Nominal
2025-07-11 04:29:37,925 - INFO - [AUDIT] - Rule Activated: CRITICAL_VOLTAGE, Reason: Bus voltage below threshold: 0.18 < 25.50
2025-07-11 04:29:37,925 - INFO - [AUDIT] - Decision: RECOVER_EPS, Reason: Critical voltage, Mode: Nominal
2025-07-11 04:29:37,925 - INFO - [AUDIT] - Rule Activated: CRITICAL_VOLTAGE, Reason: Bus voltage below threshold: 0.18 < 25.50
2025-07-11 04:29:37,925 - INFO - [AUDIT] - Decision: RECOVER_EPS, Reason: Critical voltage, Mode: Nominal
2025-07-11 04:29:37,926 - INFO - [AUDIT] - Rule Activated: CRITICAL_VOLTAGE, Reason: Bus voltage below threshold: 0.18 < 25.50
2025-07-11 04:29:37,926 - INFO - [AUDIT] - Decision: RECOVER_EPS, Reason: Critical voltage, Mode: Nominal
2025-07-11 04:29:37,926 - INFO - [AUDIT] - Rule Activated: CRITICAL_VOLTAGE, Reason: Bus voltage below threshold: 0.18 < 25.50
2025-07-11 04:29:37,927 - INFO - [AUDIT] - Decision: RECOVER_EPS, Reason: Critical voltage, Mode: Nominal
2025-07-11 04:29:37,927 - INFO - [AUDIT] - Rule Activated: CRITICAL_VOLTAGE, Reason: Bus voltage below threshold: 0.18 < 25.50
2025-07-11 04:29:37,927 - INFO - [AUDIT] - Decision: RECOVER_EPS, Reason: Critical voltage, Mode: Nominal
2025-07-11 04:29:37,927 - INFO - [AUDIT] - Rule Activated: CRITICAL_VOLTAGE, Reason: Bus voltage below threshold: 0.18 < 25.50
2025-07-11 04:29:37,927 - INFO - [AUDIT] - Decision: RECOVER_EPS, Reason: Critical voltage, Mode: Nominal
2025-07-11 04:29:37,928 - INFO - [AUDIT] - Rule Activated: CRITICAL_VOLTAGE, Reason: Bus voltage below threshold: 0.18 < 25.50
2025-07-11 04:29:37,928 - INFO - [AUDIT] - Decision: RECOVER_EPS, Reason: Critical voltage, Mode: Nominal
2025-07-11 04:29:37,928 - INFO - [AUDIT] - Rule Activated: CRITICAL_VOLTAGE, Reason: Bus voltage below threshold: 0.18 < 25.50
2025-07-11 04:29:37,928 - INFO - [AUDIT] - Decision: RECOVER_EPS, Reason: Critical voltage, Mode: Nominal
2025-07-11 04:29:37,928 - INFO - [AUDIT] - Rule Activated: CRITICAL_VOLTAGE, Reason: Bus voltage below threshold: 0.18 < 25.50
2025-07-11 04:29:37,928 - INFO - [AUDIT] - Decision: RECOVER_EPS, Reason: Critical voltage, Mode: Nominal
2025-07-11 04:29:37,928 - INFO - [AUDIT] - Rule Activated: CRITICAL_VOLTAGE, Reason: Bus voltage below threshold: 0.18 < 25.50
2025-07-11 04:29:37,928 - INFO - [AUDIT] - Decision: RECOVER_EPS, Reason: Critical voltage, Mode: Nominal
2025-07-11 04:29:37,928 - INFO - [AUDIT] - Rule Activated: CRITICAL_VOLTAGE, Reason: Bus voltage below threshold: 0.18 < 25.50
2025-07-11 04:29:37,928 - INFO - [AUDIT] - Decision: RECOVER_EPS, Reason: Critical voltage, Mode: Nominal
2025-07-11 04:29:37,929 - INFO - [AUDIT] - Rule Activated: CRITICAL_VOLTAGE, Reason: Bus voltage below threshold: 0.18 < 25.50
2025-07-11 04:29:37,929 - INFO - [AUDIT] - Decision: RECOVER_EPS, Reason: Critical voltage, Mode: Nominal
2025-07-11 04:29:37,929 - INFO - [AUDIT] - Rule Activated: CRITICAL_VOLTAGE, Reason: Bus voltage below threshold: 0.18 < 25.50
2025-07-11 04:29:37,929 - INFO - [AUDIT] - Decision: RECOVER_EPS, Reason: Critical voltage, Mode: Nominal
2025-07-11 04:29:37,929 - INFO - [AUDIT] - Rule Activated: CRITICAL_VOLTAGE, Reason: Bus voltage below threshold: 0.18 < 25.50
2025-07-11 04:29:37,929 - INFO - [AUDIT] - Decision: RECOVER_EPS, Reason: Critical voltage, Mode: Nominal
2025-07-11 04:29:37,929 - INFO - [AUDIT] - Rule Activated: CRITICAL_VOLTAGE, Reason: Bus voltage below threshold: 0.18 < 25.50
2025-07-11 04:29:37,929 - INFO - [AUDIT] - Decision: RECOVER_EPS, Reason: Critical voltage, Mode: Nominal
2025-07-11 04:29:37,930 - INFO - [AUDIT] - Rule Activated: CRITICAL_VOLTAGE, Reason: Bus voltage below threshold: 0.18 < 25.50
2025-07-11 04:29:37,930 - INFO - [AUDIT] - Decision: RECOVER_EPS, Reason: Critical voltage, Mode: Nominal
2025-07-11 04:29:37,930 - INFO - [AUDIT] - Rule Activated: CRITICAL_VOLTAGE, Reason: Bus voltage below threshold: 0.18 < 25.50
2025-07-11 04:29:37,930 - INFO - [AUDIT] - Decision: RECOVER_EPS, Reason: Critical voltage, Mode: Nominal
2025-07-11 04:29:37,930 - INFO - [AUDIT] - Rule Activated: CRITICAL_VOLTAGE, Reason: Bus voltage below threshold: 0.18 < 25.50
2025-07-11 04:29:37,930 - INFO - [AUDIT] - Decision: RECOVER_EPS, Reason: Critical voltage, Mode: Nominal
2025-07-11 04:29:37,930 - INFO - [AUDIT] - Rule Activated: CRITICAL_VOLTAGE, Reason: Bus voltage below threshold: 0.18 < 25.50
2025-07-11 04:29:37,930 - INFO - [AUDIT] - Decision: RECOVER_EPS, Reason: Critical voltage, Mode: Nominal
2025-07-11 04:29:37,930 - INFO - [AUDIT] - Rule Activated: CRITICAL_VOLTAGE, Reason: Bus voltage below threshold: 0.18 < 25.50
2025-07-11 04:29:37,930 - INFO - [AUDIT] - Decision: RECOVER_EPS, Reason: Critical voltage, Mode: Nominal
2025-07-11 04:29:37,931 - INFO - [AUDIT] - Rule Activated: CRITICAL_VOLTAGE, Reason: Bus voltage below threshold: 0.18 < 25.50
2025-07-11 04:29:37,931 - INFO - [AUDIT] - Decision: RECOVER_EPS, Reason: Critical voltage, Mode: Nominal
2025-07-11 04:29:37,931 - INFO - [AUDIT] - Rule Activated: CRITICAL_VOLTAGE, Reason: Bus voltage below threshold: 0.18 < 25.50
2025-07-11 04:29:37,931 - INFO - [AUDIT] - Decision: RECOVER_EPS, Reason: Critical voltage, Mode: Nominal
2025-07-11 04:29:37,931 - INFO - [AUDIT] - Rule Activated: CRITICAL_VOLTAGE, Reason: Bus voltage below threshold: 0.18 < 25.50
2025-07-11 04:29:37,931 - INFO - [AUDIT] - Decision: RECOVER_EPS, Reason: Critical voltage, Mode: Nominal
2025-07-11 04:29:37,931 - INFO - [AUDIT] - Rule Activated: CRITICAL_VOLTAGE, Reason: Bus voltage below threshold: 0.18 < 25.50
2025-07-11 04:29:37,931 - INFO - [AUDIT] - Decision: RECOVER_EPS, Reason: Critical voltage, Mode: Nominal
2025-07-11 04:29:37,931 - INFO - [AUDIT] - Rule Activated: CRITICAL_VOLTAGE, Reason: Bus voltage below threshold: 0.18 < 25.50
2025-07-11 04:29:37,931 - INFO - [AUDIT] - Decision: RECOVER_EPS, Reason: Critical voltage, Mode: Nominal
2025-07-11 04:29:37,931 - INFO - [AUDIT] - Rule Activated: CRITICAL_VOLTAGE, Reason: Bus voltage below threshold: 0.18 < 25.50
2025-07-11 04:29:37,931 - INFO - [AUDIT] - Decision: RECOVER_EPS, Reason: Critical voltage, Mode: Nominal
2025-07-11 04:29:37,931 - INFO - [AUDIT] - Rule Activated: CRITICAL_VOLTAGE, Reason: Bus voltage below threshold: 0.18 < 25.50
2025-07-11 04:29:37,931 - INFO - [AUDIT] - Decision: RECOVER_EPS, Reason: Critical voltage, Mode: Nominal
2025-07-11 04:29:37,932 - INFO - [AUDIT] - Rule Activated: CRITICAL_VOLTAGE, Reason: Bus voltage below threshold: 0.18 < 25.50
2025-07-11 04:29:37,932 - INFO - [AUDIT] - Decision: RECOVER_EPS, Reason: Critical voltage, Mode: Nominal
2025-07-11 04:29:37,932 - INFO - [AUDIT] - Rule Activated: CRITICAL_VOLTAGE, Reason: Bus voltage below threshold: 0.18 < 25.50
2025-07-11 04:29:37,932 - INFO - [AUDIT] - Decision: RECOVER_EPS, Reason: Critical voltage, Mode: Nominal
2025-07-11 04:29:37,932 - INFO - [AUDIT] - Rule Activated: CRITICAL_VOLTAGE, Reason: Bus voltage below threshold: 0.18 < 25.50
2025-07-11 04:29:37,932 - INFO - [AUDIT] - Decision: RECOVER_EPS, Reason: Critical voltage, Mode: Nominal
2025-07-11 04:29:37,932 - INFO - [AUDIT] - Rule Activated: CRITICAL_VOLTAGE, Reason: Bus voltage below threshold: 0.18 < 25.50
2025-07-11 04:29:37,932 - INFO - [AUDIT] - Decision: RECOVER_EPS, Reason: Critical voltage, Mode: Nominal
2025-07-11 04:29:37,932 - INFO - [AUDIT] - Rule Activated: CRITICAL_VOLTAGE, Reason: Bus voltage below threshold: 0.18 < 25.50
2025-07-11 04:29:37,932 - INFO - [AUDIT] - Decision: RECOVER_EPS, Reason: Critical voltage, Mode: Nominal
2025-07-11 04:29:37,932 - INFO - [AUDIT] - Rule Activated: CRITICAL_VOLTAGE, Reason: Bus voltage below threshold: 0.18 < 25.50
2025-07-11 04:29:37,933 - INFO - [AUDIT] - Decision: RECOVER_EPS, Reason: Critical voltage, Mode: Nominal
2025-07-11 04:29:37,933 - INFO - [AUDIT] - Rule Activated: CRITICAL_VOLTAGE, Reason: Bus voltage below threshold: 0.18 < 25.50
2025-07-11 04:29:37,933 - INFO - [AUDIT] - Decision: RECOVER_EPS, Reason: Critical voltage, Mode: Nominal
2025-07-11 04:29:37,933 - INFO - [AUDIT] - Rule Activated: CRITICAL_VOLTAGE, Reason: Bus voltage below threshold: 0.18 < 25.50
2025-07-11 04:29:37,933 - INFO - [AUDIT] - Decision: RECOVER_EPS, Reason: Critical voltage, Mode: Nominal
2025-07-11 04:29:37,933 - INFO - [AUDIT] - Rule Activated: CRITICAL_VOLTAGE, Reason: Bus voltage below threshold: 0.18 < 25.50
2025-07-11 04:29:37,933 - INFO - [AUDIT] - Decision: RECOVER_EPS, Reason: Critical voltage, Mode: Nominal
2025-07-11 04:29:37,933 - INFO - [AUDIT] - Rule Activated: CRITICAL_VOLTAGE, Reason: Bus voltage below threshold: 0.18 < 25.50
2025-07-11 04:29:37,933 - INFO - [AUDIT] - Decision: RECOVER_EPS, Reason: Critical voltage, Mode: Nominal
2025-07-11 04:29:37,934 - INFO - [AUDIT] - Rule Activated: CRITICAL_VOLTAGE, Reason: Bus voltage below threshold: 0.18 < 25.50
2025-07-11 04:29:37,934 - INFO - [AUDIT] - Decision: RECOVER_EPS, Reason: Critical voltage, Mode: Nominal
2025-07-11 04:29:37,934 - INFO - [AUDIT] - Rule Activated: CRITICAL_VOLTAGE, Reason: Bus voltage below threshold: 0.18 < 25.50
2025-07-11 04:29:37,934 - INFO - [AUDIT] - Decision: RECOVER_EPS, Reason: Critical voltage, Mode: Nominal
2025-07-11 04:29:37,934 - INFO - [AUDIT] - Rule Activated: CRITICAL_VOLTAGE, Reason: Bus voltage below threshold: 0.18 < 25.50
2025-07-11 04:29:37,934 - INFO - [AUDIT] - Decision: RECOVER_EPS, Reason: Critical voltage, Mode: Nominal
2025-07-11 04:29:37,935 - INFO - [AUDIT] - Rule Activated: CRITICAL_VOLTAGE, Reason: Bus voltage below threshold: 0.18 < 25.50
2025-07-11 04:29:37,935 - INFO - [AUDIT] - Decision: RECOVER_EPS, Reason: Critical voltage, Mode: Nominal
2025-07-11 04:29:37,935 - INFO - [AUDIT] - Rule Activated: CRITICAL_VOLTAGE, Reason: Bus voltage below threshold: 0.18 < 25.50
2025-07-11 04:29:37,935 - INFO - [AUDIT] - Decision: RECOVER_EPS, Reason: Critical voltage, Mode: Nominal
2025-07-11 04:29:37,935 - INFO - [AUDIT] - Rule Activated: CRITICAL_VOLTAGE, Reason: Bus voltage below threshold: 0.18 < 25.50
2025-07-11 04:29:37,935 - INFO - [AUDIT] - Decision: RECOVER_EPS, Reason: Critical voltage, Mode: Nominal
2025-07-11 04:29:37,935 - INFO - [AUDIT] - Rule Activated: CRITICAL_VOLTAGE, Reason: Bus voltage below threshold: 0.18 < 25.50
2025-07-11 04:29:37,935 - INFO - [AUDIT] - Decision: RECOVER_EPS, Reason: Critical voltage, Mode: Nominal
2025-07-11 04:29:37,936 - INFO - [AUDIT] - Rule Activated: CRITICAL_VOLTAGE, Reason: Bus voltage below threshold: 0.18 < 25.50
2025-07-11 04:29:37,936 - INFO - [AUDIT] - Decision: RECOVER_EPS, Reason: Critical voltage, Mode: Nominal
2025-07-11 04:29:37,936 - INFO - [AUDIT] - Rule Activated: CRITICAL_VOLTAGE, Reason: Bus voltage below threshold: 0.18 < 25.50
2025-07-11 04:29:37,936 - INFO - [AUDIT] - Decision: RECOVER_EPS, Reason: Critical voltage, Mode: Nominal
2025-07-11 04:29:37,937 - INFO - [AUDIT] - Rule Activated: CRITICAL_VOLTAGE, Reason: Bus voltage below threshold: 0.18 < 25.50
2025-07-11 04:29:37,937 - INFO - [AUDIT] - Decision: RECOVER_EPS, Reason: Critical voltage, Mode: Nominal
2025-07-11 04:29:37,937 - INFO - [AUDIT] - Rule Activated: CRITICAL_VOLTAGE, Reason: Bus voltage below threshold: 0.18 < 25.50
2025-07-11 04:29:37,937 - INFO - [AUDIT] - Decision: RECOVER_EPS, Reason: Critical voltage, Mode: Nominal
2025-07-11 04:29:37,937 - INFO - [AUDIT] - Rule Activated: CRITICAL_VOLTAGE, Reason: Bus voltage below threshold: 0.18 < 25.50
2025-07-11 04:29:37,937 - INFO - [AUDIT] - Decision: RECOVER_EPS, Reason: Critical voltage, Mode: Nominal
2025-07-11 04:29:37,937 - INFO - [AUDIT] - Rule Activated: CRITICAL_VOLTAGE, Reason: Bus voltage below threshold: 0.18 < 25.50
2025-07-11 04:29:37,937 - INFO - [AUDIT] - Decision: RECOVER_EPS, Reason: Critical voltage, Mode: Nominal
2025-07-11 04:29:37,938 - INFO - [AUDIT] - Rule Activated: CRITICAL_VOLTAGE, Reason: Bus voltage below threshold: 0.18 < 25.50
2025-07-11 04:29:37,938 - INFO - [AUDIT] - Decision: RECOVER_EPS, Reason: Critical voltage, Mode: Nominal
2025-07-11 04:29:37,938 - INFO - [AUDIT] - Rule Activated: CRITICAL_VOLTAGE, Reason: Bus voltage below threshold: 0.18 < 25.50
2025-07-11 04:29:37,938 - INFO - [AUDIT] - Decision: RECOVER_EPS, Reason: Critical voltage, Mode: Nominal
2025-07-11 04:29:37,938 - INFO - [AUDIT] - Rule Activated: CRITICAL_VOLTAGE, Reason: Bus voltage below threshold: 0.18 < 25.50
2025-07-11 04:29:37,938 - INFO - [AUDIT] - Decision: RECOVER_EPS, Reason: Critical voltage, Mode: Nominal
2025-07-11 04:29:37,938 - INFO - [AUDIT] - Rule Activated: CRITICAL_VOLTAGE, Reason: Bus voltage below threshold: 0.18 < 25.50
2025-07-11 04:29:37,938 - INFO - [AUDIT] - Decision: RECOVER_EPS, Reason: Critical voltage, Mode: Nominal
2025-07-11 04:29:37,938 - INFO - [AUDIT] - Rule Activated: CRITICAL_VOLTAGE, Reason: Bus voltage below threshold: 0.18 < 25.50
2025-07-11 04:29:37,938 - INFO - [AUDIT] - Decision: RECOVER_EPS, Reason: Critical voltage, Mode: Nominal
2025-07-11 04:29:37,939 - INFO - [AUDIT] - Rule Activated: CRITICAL_VOLTAGE, Reason: Bus voltage below threshold: 0.18 < 25.50
2025-07-11 04:29:37,939 - INFO - [AUDIT] - Decision: RECOVER_EPS, Reason: Critical voltage, Mode: Nominal
2025-07-11 04:29:37,939 - INFO - [AUDIT] - Rule Activated: CRITICAL_VOLTAGE, Reason: Bus voltage below threshold: 0.18 < 25.50
2025-07-11 04:29:37,939 - INFO - [AUDIT] - Decision: RECOVER_EPS, Reason: Critical voltage, Mode: Nominal
2025-07-11 04:29:37,939 - INFO - [AUDIT] - Rule Activated: CRITICAL_VOLTAGE, Reason: Bus voltage below threshold: 0.18 < 25.50
2025-07-11 04:29:37,939 - INFO - [AUDIT] - Decision: RECOVER_EPS, Reason: Critical voltage, Mode: Nominal
2025-07-11 04:29:37,939 - INFO - [AUDIT] - Rule Activated: CRITICAL_VOLTAGE, Reason: Bus voltage below threshold: 0.18 < 25.50
2025-07-11 04:29:37,939 - INFO - [AUDIT] - Decision: RECOVER_EPS, Reason: Critical voltage, Mode: Nominal
2025-07-11 04:29:37,940 - INFO - [AUDIT] - Rule Activated: CRITICAL_VOLTAGE, Reason: Bus voltage below threshold: 0.18 < 25.50
2025-07-11 04:29:37,940 - INFO - [AUDIT] - Decision: RECOVER_EPS, Reason: Critical voltage, Mode: Nominal
2025-07-11 04:29:37,940 - INFO - [AUDIT] - Rule Activated: CRITICAL_VOLTAGE, Reason: Bus voltage below threshold: 0.18 < 25.50
2025-07-11 04:29:37,940 - INFO - [AUDIT] - Decision: RECOVER_EPS, Reason: Critical voltage, Mode: Nominal
2025-07-11 04:29:37,940 - INFO - [AUDIT] - Rule Activated: CRITICAL_VOLTAGE, Reason: Bus voltage below threshold: 0.18 < 25.50
2025-07-11 04:29:37,940 - INFO - [AUDIT] - Decision: RECOVER_EPS, Reason: Critical voltage, Mode: Nominal
2025-07-11 04:29:37,941 - INFO - [AUDIT] - Rule Activated: CRITICAL_VOLTAGE, Reason: Bus voltage below threshold: 0.18 < 25.50
2025-07-11 04:29:37,941 - INFO - [AUDIT] - Decision: RECOVER_EPS, Reason: Critical voltage, Mode: Nominal
2025-07-11 04:29:37,942 - INFO - [AUDIT] - Rule Activated: CRITICAL_VOLTAGE, Reason: Bus voltage below threshold: 0.18 < 25.50
2025-07-11 04:29:37,942 - INFO - [AUDIT] - Decision: RECOVER_EPS, Reason: Critical voltage, Mode: Nominal
2025-07-11 04:29:37,942 - INFO - [AUDIT] - Rule Activated: CRITICAL_VOLTAGE, Reason: Bus voltage below threshold: 0.18 < 25.50
2025-07-11 04:29:37,942 - INFO - [AUDIT] - Decision: RECOVER_EPS, Reason: Critical voltage, Mode: Nominal
2025-07-11 04:29:37,942 - INFO - [AUDIT] - Rule Activated: CRITICAL_VOLTAGE, Reason: Bus voltage below threshold: 0.18 < 25.50
2025-07-11 04:29:37,942 - INFO - [AUDIT] - Decision: RECOVER_EPS, Reason: Critical voltage, Mode: Nominal
2025-07-11 04:29:37,942 - INFO - [AUDIT] - Rule Activated: CRITICAL_VOLTAGE, Reason: Bus voltage below threshold: 0.18 < 25.50
2025-07-11 04:29:37,942 - INFO - [AUDIT] - Decision: RECOVER_EPS, Reason: Critical voltage, Mode: Nominal
2025-07-11 04:29:37,943 - INFO - [AUDIT] - Rule Activated: CRITICAL_VOLTAGE, Reason: Bus voltage below threshold: 0.18 < 25.50
2025-07-11 04:29:37,943 - INFO - [AUDIT] - Decision: RECOVER_EPS, Reason: Critical voltage, Mode: Nominal
2025-07-11 04:29:37,943 - INFO - [AUDIT] - Rule Activated: CRITICAL_VOLTAGE, Reason: Bus voltage below threshold: 0.18 < 25.50
2025-07-11 04:29:37,943 - INFO - [AUDIT] - Decision: RECOVER_EPS, Reason: Critical voltage, Mode: Nominal
2025-07-11 04:29:37,944 - INFO - [AUDIT] - Rule Activated: CRITICAL_VOLTAGE, Reason: Bus voltage below threshold: 0.18 < 25.50
2025-07-11 04:29:37,944 - INFO - [AUDIT] - Decision: RECOVER_EPS, Reason: Critical voltage, Mode: Nominal
2025-07-11 04:29:37,945 - INFO - [AUDIT] - Rule Activated: CRITICAL_VOLTAGE, Reason: Bus voltage below threshold: 0.18 < 25.50
2025-07-11 04:29:37,945 - INFO - [AUDIT] - Decision: RECOVER_EPS, Reason: Critical voltage, Mode: Nominal
2025-07-11 04:29:37,945 - INFO - [AUDIT] - Rule Activated: CRITICAL_VOLTAGE, Reason: Bus voltage below threshold: 0.18 < 25.50
2025-07-11 04:29:37,945 - INFO - [AUDIT] - Decision: RECOVER_EPS, Reason: Critical voltage, Mode: Nominal
2025-07-11 04:29:37,945 - INFO - [AUDIT] - Rule Activated: CRITICAL_VOLTAGE, Reason: Bus voltage below threshold: 0.18 < 25.50
2025-07-11 04:29:37,946 - INFO - [AUDIT] - Decision: RECOVER_EPS, Reason: Critical voltage, Mode: Nominal
2025-07-11 04:29:37,946 - INFO - [AUDIT] - Rule Activated: CRITICAL_VOLTAGE, Reason: Bus voltage below threshold: 0.18 < 25.50
2025-07-11 04:29:37,946 - INFO - [AUDIT] - Decision: RECOVER_EPS, Reason: Critical voltage, Mode: Nominal
2025-07-11 04:29:37,946 - INFO - [AUDIT] - Rule Activated: CRITICAL_VOLTAGE, Reason: Bus voltage below threshold: 0.18 < 25.50
2025-07-11 04:29:37,946 - INFO - [AUDIT] - Decision: RECOVER_EPS, Reason: Critical voltage, Mode: Nominal
2025-07-11 04:29:37,946 - INFO - [AUDIT] - Rule Activated: CRITICAL_VOLTAGE, Reason: Bus voltage below threshold: 0.18 < 25.50
2025-07-11 04:29:37,946 - INFO - [AUDIT] - Decision: RECOVER_EPS, Reason: Critical voltage, Mode: Nominal
2025-07-11 04:29:37,946 - INFO - [AUDIT] - Rule Activated: CRITICAL_VOLTAGE, Reason: Bus voltage below threshold: 0.18 < 25.50
2025-07-11 04:29:37,946 - INFO - [AUDIT] - Decision: RECOVER_EPS, Reason: Critical voltage, Mode: Nominal
2025-07-11 04:29:37,947 - INFO - [AUDIT] - Rule Activated: CRITICAL_VOLTAGE, Reason: Bus voltage below threshold: 0.18 < 25.50
2025-07-11 04:29:37,947 - INFO - [AUDIT] - Decision: RECOVER_EPS, Reason: Critical voltage, Mode: Nominal
2025-07-11 04:29:37,947 - INFO - [AUDIT] - Rule Activated: CRITICAL_VOLTAGE, Reason: Bus voltage below threshold: 0.18 < 25.50
2025-07-11 04:29:37,947 - INFO - [AUDIT] - Decision: RECOVER_EPS, Reason: Critical voltage, Mode: Nominal
2025-07-11 04:29:37,947 - INFO - [AUDIT] - Rule Activated: CRITICAL_VOLTAGE, Reason: Bus voltage below threshold: 0.18 < 25.50
2025-07-11 04:29:37,947 - INFO - [AUDIT] - Decision: RECOVER_EPS, Reason: Critical voltage, Mode: Nominal
2025-07-11 04:29:37,947 - INFO - [AUDIT] - Rule Activated: CRITICAL_VOLTAGE, Reason: Bus voltage below threshold: 0.18 < 25.50
2025-07-11 04:29:37,947 - INFO - [AUDIT] - Decision: RECOVER_EPS, Reason: Critical voltage, Mode: Nominal
2025-07-11 04:29:37,947 - INFO - [AUDIT] - Rule Activated: CRITICAL_VOLTAGE, Reason: Bus voltage below threshold: 0.18 < 25.50
2025-07-11 04:29:37,947 - INFO - [AUDIT] - Decision: RECOVER_EPS, Reason: Critical voltage, Mode: Nominal
2025-07-11 04:29:37,947 - INFO - [AUDIT] - Rule Activated: CRITICAL_VOLTAGE, Reason: Bus voltage below threshold: 0.18 < 25.50
2025-07-11 04:29:37,947 - INFO - [AUDIT] - Decision: RECOVER_EPS, Reason: Critical voltage, Mode: Nominal
2025-07-11 04:29:37,948 - INFO - [AUDIT] - Rule Activated: CRITICAL_VOLTAGE, Reason: Bus voltage below threshold: 0.18 < 25.50
2025-07-11 04:29:37,948 - INFO - [AUDIT] - Decision: RECOVER_EPS, Reason: Critical voltage, Mode: Nominal
2025-07-11 04:29:37,948 - INFO - [AUDIT] - Rule Activated: CRITICAL_VOLTAGE, Reason: Bus voltage below threshold: 0.18 < 25.50
2025-07-11 04:29:37,948 - INFO - [AUDIT] - Decision: RECOVER_EPS, Reason: Critical voltage, Mode: Nominal
2025-07-11 04:29:37,948 - INFO - [AUDIT] - Rule Activated: CRITICAL_VOLTAGE, Reason: Bus voltage below threshold: 0.18 < 25.50
2025-07-11 04:29:37,948 - INFO - [AUDIT] - Decision: RECOVER_EPS, Reason: Critical voltage, Mode: Nominal
2025-07-11 04:29:37,948 - INFO - [AUDIT] - Rule Activated: CRITICAL_VOLTAGE, Reason: Bus voltage below threshold: 0.18 < 25.50
2025-07-11 04:29:37,948 - INFO - [AUDIT] - Decision: RECOVER_EPS, Reason: Critical voltage, Mode: Nominal
2025-07-11 04:29:37,948 - INFO - [AUDIT] - Rule Activated: CRITICAL_VOLTAGE, Reason: Bus voltage below threshold: 0.18 < 25.50
2025-07-11 04:29:37,948 - INFO - [AUDIT] - Decision: RECOVER_EPS, Reason: Critical voltage, Mode: Nominal
2025-07-11 04:29:37,948 - INFO - [AUDIT] - Rule Activated: CRITICAL_VOLTAGE, Reason: Bus voltage below threshold: 0.18 < 25.50
2025-07-11 04:29:37,948 - INFO - [AUDIT] - Decision: RECOVER_EPS, Reason: Critical voltage, Mode: Nominal
2025-07-11 04:29:37,948 - INFO - [AUDIT] - Rule Activated: CRITICAL_VOLTAGE, Reason: Bus voltage below threshold: 0.18 < 25.50
2025-07-11 04:29:37,949 - INFO - [AUDIT] - Decision: RECOVER_EPS, Reason: Critical voltage, Mode: Nominal
2025-07-11 04:29:37,949 - INFO - [AUDIT] - Rule Activated: CRITICAL_VOLTAGE, Reason: Bus voltage below threshold: 0.18 < 25.50
2025-07-11 04:29:37,949 - INFO - [AUDIT] - Decision: RECOVER_EPS, Reason: Critical voltage, Mode: Nominal
2025-07-11 04:29:37,949 - INFO - [AUDIT] - Rule Activated: CRITICAL_VOLTAGE, Reason: Bus voltage below threshold: 0.18 < 25.50
2025-07-11 04:29:37,949 - INFO - [AUDIT] - Decision: RECOVER_EPS, Reason: Critical voltage, Mode: Nominal
2025-07-11 04:29:37,949 - INFO - [AUDIT] - Rule Activated: CRITICAL_VOLTAGE, Reason: Bus voltage below threshold: 0.18 < 25.50
2025-07-11 04:29:37,949 - INFO - [AUDIT] - Decision: RECOVER_EPS, Reason: Critical voltage, Mode: Nominal
2025-07-11 04:29:37,950 - INFO - [AUDIT] - Rule Activated: CRITICAL_VOLTAGE, Reason: Bus voltage below threshold: 0.18 < 25.50
2025-07-11 04:29:37,950 - INFO - [AUDIT] - Decision: RECOVER_EPS, Reason: Critical voltage, Mode: Nominal
2025-07-11 04:29:37,950 - INFO - [AUDIT] - Rule Activated: CRITICAL_VOLTAGE, Reason: Bus voltage below threshold: 0.18 < 25.50
2025-07-11 04:29:37,950 - INFO - [AUDIT] - Decision: RECOVER_EPS, Reason: Critical voltage, Mode: Nominal
2025-07-11 04:29:37,951 - INFO - [AUDIT] - Rule Activated: CRITICAL_VOLTAGE, Reason: Bus voltage below threshold: 0.18 < 25.50
2025-07-11 04:29:37,951 - INFO - [AUDIT] - Decision: RECOVER_EPS, Reason: Critical voltage, Mode: Nominal
2025-07-11 04:29:37,951 - INFO - [AUDIT] - Rule Activated: CRITICAL_VOLTAGE, Reason: Bus voltage below threshold: 0.18 < 25.50
2025-07-11 04:29:37,951 - INFO - [AUDIT] - Decision: RECOVER_EPS, Reason: Critical voltage, Mode: Nominal
2025-07-11 04:29:37,952 - INFO - [AUDIT] - Rule Activated: CRITICAL_VOLTAGE, Reason: Bus voltage below threshold: 0.18 < 25.50
2025-07-11 04:29:37,952 - INFO - [AUDIT] - Decision: RECOVER_EPS, Reason: Critical voltage, Mode: Nominal
2025-07-11 04:29:37,952 - INFO - [AUDIT] - Rule Activated: CRITICAL_VOLTAGE, Reason: Bus voltage below threshold: 0.18 < 25.50
2025-07-11 04:29:37,952 - INFO - [AUDIT] - Decision: RECOVER_EPS, Reason: Critical voltage, Mode: Nominal
2025-07-11 04:29:37,952 - INFO - [AUDIT] - Rule Activated: CRITICAL_VOLTAGE, Reason: Bus voltage below threshold: 0.18 < 25.50
2025-07-11 04:29:37,952 - INFO - [AUDIT] - Decision: RECOVER_EPS, Reason: Critical voltage, Mode: Nominal
2025-07-11 04:29:37,953 - INFO - [AUDIT] - Rule Activated: CRITICAL_VOLTAGE, Reason: Bus voltage below threshold: 0.18 < 25.50
2025-07-11 04:29:37,953 - INFO - [AUDIT] - Decision: RECOVER_EPS, Reason: Critical voltage, Mode: Nominal
2025-07-11 04:29:37,953 - INFO - [AUDIT] - Rule Activated: CRITICAL_VOLTAGE, Reason: Bus voltage below threshold: 0.18 < 25.50
2025-07-11 04:29:37,953 - INFO - [AUDIT] - Decision: RECOVER_EPS, Reason: Critical voltage, Mode: Nominal
2025-07-11 04:29:37,953 - INFO - [AUDIT] - Rule Activated: CRITICAL_VOLTAGE, Reason: Bus voltage below threshold: 0.18 < 25.50
2025-07-11 04:29:37,953 - INFO - [AUDIT] - Decision: RECOVER_EPS, Reason: Critical voltage, Mode: Nominal
2025-07-11 04:29:37,953 - INFO - [AUDIT] - Rule Activated: CRITICAL_VOLTAGE, Reason: Bus voltage below threshold: 0.18 < 25.50
2025-07-11 04:29:37,953 - INFO - [AUDIT] - Decision: RECOVER_EPS, Reason: Critical voltage, Mode: Nominal
2025-07-11 04:29:37,954 - INFO - [AUDIT] - Rule Activated: CRITICAL_VOLTAGE, Reason: Bus voltage below threshold: 0.18 < 25.50
2025-07-11 04:29:37,954 - INFO - [AUDIT] - Decision: RECOVER_EPS, Reason: Critical voltage, Mode: Nominal
2025-07-11 04:29:37,954 - INFO - [AUDIT] - Rule Activated: CRITICAL_VOLTAGE, Reason: Bus voltage below threshold: 0.18 < 25.50
2025-07-11 04:29:37,954 - INFO - [AUDIT] - Decision: RECOVER_EPS, Reason: Critical voltage, Mode: Nominal
2025-07-11 04:29:37,955 - INFO - [AUDIT] - Rule Activated: CRITICAL_VOLTAGE, Reason: Bus voltage below threshold: 0.18 < 25.50
2025-07-11 04:29:37,955 - INFO - [AUDIT] - Decision: RECOVER_EPS, Reason: Critical voltage, Mode: Nominal
2025-07-11 04:29:37,955 - INFO - [AUDIT] - Rule Activated: CRITICAL_VOLTAGE, Reason: Bus voltage below threshold: 0.18 < 25.50
2025-07-11 04:29:37,955 - INFO - [AUDIT] - Decision: RECOVER_EPS, Reason: Critical voltage, Mode: Nominal
2025-07-11 04:29:37,955 - INFO - [AUDIT] - Rule Activated: CRITICAL_VOLTAGE, Reason: Bus voltage below threshold: 0.18 < 25.50
2025-07-11 04:29:37,955 - INFO - [AUDIT] - Decision: RECOVER_EPS, Reason: Critical voltage, Mode: Nominal
2025-07-11 04:29:37,956 - INFO - [AUDIT] - Rule Activated: CRITICAL_VOLTAGE, Reason: Bus voltage below threshold: 0.18 < 25.50
2025-07-11 04:29:37,956 - INFO - [AUDIT] - Decision: RECOVER_EPS, Reason: Critical voltage, Mode: Nominal
2025-07-11 04:29:37,956 - INFO - [AUDIT] - Rule Activated: CRITICAL_VOLTAGE, Reason: Bus voltage below threshold: 0.18 < 25.50
2025-07-11 04:29:37,956 - INFO - [AUDIT] - Decision: RECOVER_EPS, Reason: Critical voltage, Mode: Nominal
2025-07-11 04:29:37,956 - INFO - [AUDIT] - Rule Activated: CRITICAL_VOLTAGE, Reason: Bus voltage below threshold: 0.18 < 25.50
2025-07-11 04:29:37,956 - INFO - [AUDIT] - Decision: RECOVER_EPS, Reason: Critical voltage, Mode: Nominal
2025-07-11 04:29:37,956 - INFO - [AUDIT] - Rule Activated: CRITICAL_VOLTAGE, Reason: Bus voltage below threshold: 0.18 < 25.50
2025-07-11 04:29:37,957 - INFO - [AUDIT] - Decision: RECOVER_EPS, Reason: Critical voltage, Mode: Nominal
2025-07-11 04:29:37,957 - INFO - [AUDIT] - Rule Activated: CRITICAL_VOLTAGE, Reason: Bus voltage below threshold: 0.18 < 25.50
2025-07-11 04:29:37,957 - INFO - [AUDIT] - Decision: RECOVER_EPS, Reason: Critical voltage, Mode: Nominal
2025-07-11 04:29:37,957 - INFO - [AUDIT] - Rule Activated: CRITICAL_VOLTAGE, Reason: Bus voltage below threshold: 0.18 < 25.50
2025-07-11 04:29:37,957 - INFO - [AUDIT] - Decision: RECOVER_EPS, Reason: Critical voltage, Mode: Nominal
2025-07-11 04:29:37,957 - INFO - [AUDIT] - Rule Activated: CRITICAL_VOLTAGE, Reason: Bus voltage below threshold: 0.18 < 25.50
2025-07-11 04:29:37,957 - INFO - [AUDIT] - Decision: RECOVER_EPS, Reason: Critical voltage, Mode: Nominal
2025-07-11 04:29:37,957 - INFO - [AUDIT] - Rule Activated: CRITICAL_VOLTAGE, Reason: Bus voltage below threshold: 0.18 < 25.50
2025-07-11 04:29:37,957 - INFO - [AUDIT] - Decision: RECOVER_EPS, Reason: Critical voltage, Mode: Nominal
2025-07-11 04:29:37,958 - INFO - [AUDIT] - Rule Activated: CRITICAL_VOLTAGE, Reason: Bus voltage below threshold: 0.18 < 25.50
2025-07-11 04:29:37,958 - INFO - [AUDIT] - Decision: RECOVER_EPS, Reason: Critical voltage, Mode: Nominal
2025-07-11 04:29:37,958 - INFO - [AUDIT] - Rule Activated: CRITICAL_VOLTAGE, Reason: Bus voltage below threshold: 0.18 < 25.50
2025-07-11 04:29:37,958 - INFO - [AUDIT] - Decision: RECOVER_EPS, Reason: Critical voltage, Mode: Nominal
2025-07-11 04:29:37,958 - INFO - [AUDIT] - Rule Activated: CRITICAL_VOLTAGE, Reason: Bus voltage below threshold: 0.18 < 25.50
2025-07-11 04:29:37,958 - INFO - [AUDIT] - Decision: RECOVER_EPS, Reason: Critical voltage, Mode: Nominal
2025-07-11 04:29:37,959 - INFO - [AUDIT] - Rule Activated: CRITICAL_VOLTAGE, Reason: Bus voltage below threshold: 0.18 < 25.50
2025-07-11 04:29:37,959 - INFO - [AUDIT] - Decision: RECOVER_EPS, Reason: Critical voltage, Mode: Nominal
2025-07-11 04:29:37,959 - INFO - [AUDIT] - Rule Activated: CRITICAL_VOLTAGE, Reason: Bus voltage below threshold: 0.18 < 25.50
2025-07-11 04:29:37,959 - INFO - [AUDIT] - Decision: RECOVER_EPS, Reason: Critical voltage, Mode: Nominal
2025-07-11 04:29:37,959 - INFO - [AUDIT] - Rule Activated: CRITICAL_VOLTAGE, Reason: Bus voltage below threshold: 0.18 < 25.50
2025-07-11 04:29:37,959 - INFO - [AUDIT] - Decision: RECOVER_EPS, Reason: Critical voltage, Mode: Nominal
2025-07-11 04:29:37,959 - INFO - [AUDIT] - Rule Activated: CRITICAL_VOLTAGE, Reason: Bus voltage below threshold: 0.18 < 25.50
2025-07-11 04:29:37,959 - INFO - [AUDIT] - Decision: RECOVER_EPS, Reason: Critical voltage, Mode: Nominal
2025-07-11 04:29:37,960 - INFO - [AUDIT] - Rule Activated: CRITICAL_VOLTAGE, Reason: Bus voltage below threshold: 0.18 < 25.50
2025-07-11 04:29:37,960 - INFO - [AUDIT] - Decision: RECOVER_EPS, Reason: Critical voltage, Mode: Nominal
2025-07-11 04:29:37,960 - INFO - [AUDIT] - Rule Activated: CRITICAL_VOLTAGE, Reason: Bus voltage below threshold: 0.18 < 25.50
2025-07-11 04:29:37,960 - INFO - [AUDIT] - Decision: RECOVER_EPS, Reason: Critical voltage, Mode: Nominal
2025-07-11 04:29:37,960 - INFO - [AUDIT] - Rule Activated: CRITICAL_VOLTAGE, Reason: Bus voltage below threshold: 0.18 < 25.50
2025-07-11 04:29:37,960 - INFO - [AUDIT] - Decision: RECOVER_EPS, Reason: Critical voltage, Mode: Nominal
2025-07-11 04:29:37,960 - INFO - [AUDIT] - Rule Activated: CRITICAL_VOLTAGE, Reason: Bus voltage below threshold: 0.18 < 25.50
2025-07-11 04:29:37,960 - INFO - [AUDIT] - Decision: RECOVER_EPS, Reason: Critical voltage, Mode: Nominal
2025-07-11 04:29:37,960 - INFO - [AUDIT] - Rule Activated: CRITICAL_VOLTAGE, Reason: Bus voltage below threshold: 0.18 < 25.50
2025-07-11 04:29:37,960 - INFO - [AUDIT] - Decision: RECOVER_EPS, Reason: Critical voltage, Mode: Nominal
2025-07-11 04:29:37,960 - INFO - [AUDIT] - Rule Activated: CRITICAL_VOLTAGE, Reason: Bus voltage below threshold: 0.18 < 25.50
2025-07-11 04:29:37,961 - INFO - [AUDIT] - Decision: RECOVER_EPS, Reason: Critical voltage, Mode: Nominal
2025-07-11 04:29:37,961 - INFO - [AUDIT] - Rule Activated: CRITICAL_VOLTAGE, Reason: Bus voltage below threshold: 0.18 < 25.50
2025-07-11 04:29:37,961 - INFO - [AUDIT] - Decision: RECOVER_EPS, Reason: Critical voltage, Mode: Nominal
2025-07-11 04:29:37,961 - INFO - [AUDIT] - Rule Activated: CRITICAL_VOLTAGE, Reason: Bus voltage below threshold: 0.18 < 25.50
2025-07-11 04:29:37,961 - INFO - [AUDIT] - Decision: RECOVER_EPS, Reason: Critical voltage, Mode: Nominal
2025-07-11 04:29:37,961 - INFO - [AUDIT] - Rule Activated: CRITICAL_VOLTAGE, Reason: Bus voltage below threshold: 0.18 < 25.50
2025-07-11 04:29:37,961 - INFO - [AUDIT] - Decision: RECOVER_EPS, Reason: Critical voltage, Mode: Nominal
2025-07-11 04:29:37,961 - INFO - [AUDIT] - Rule Activated: CRITICAL_VOLTAGE, Reason: Bus voltage below threshold: 0.18 < 25.50
2025-07-11 04:29:37,961 - INFO - [AUDIT] - Decision: RECOVER_EPS, Reason: Critical voltage, Mode: Nominal
2025-07-11 04:29:37,961 - INFO - [AUDIT] - Rule Activated: CRITICAL_VOLTAGE, Reason: Bus voltage below threshold: 0.18 < 25.50
2025-07-11 04:29:37,961 - INFO - [AUDIT] - Decision: RECOVER_EPS, Reason: Critical voltage, Mode: Nominal
2025-07-11 04:29:37,961 - INFO - [AUDIT] - Rule Activated: CRITICAL_VOLTAGE, Reason: Bus voltage below threshold: 0.18 < 25.50
2025-07-11 04:29:37,962 - INFO - [AUDIT] - Decision: RECOVER_EPS, Reason: Critical voltage, Mode: Nominal
2025-07-11 04:29:37,962 - INFO - [AUDIT] - Rule Activated: CRITICAL_VOLTAGE, Reason: Bus voltage below threshold: 0.18 < 25.50
2025-07-11 04:29:37,962 - INFO - [AUDIT] - Decision: RECOVER_EPS, Reason: Critical voltage, Mode: Nominal
2025-07-11 04:29:37,962 - INFO - [AUDIT] - Rule Activated: CRITICAL_VOLTAGE, Reason: Bus voltage below threshold: 0.18 < 25.50
2025-07-11 04:29:37,962 - INFO - [AUDIT] - Decision: RECOVER_EPS, Reason: Critical voltage, Mode: Nominal
2025-07-11 04:29:37,962 - INFO - [AUDIT] - Rule Activated: CRITICAL_VOLTAGE, Reason: Bus voltage below threshold: 0.18 < 25.50
2025-07-11 04:29:37,962 - INFO - [AUDIT] - Decision: RECOVER_EPS, Reason: Critical voltage, Mode: Nominal
2025-07-11 04:29:37,962 - INFO - [AUDIT] - Rule Activated: CRITICAL_VOLTAGE, Reason: Bus voltage below threshold: 0.18 < 25.50
2025-07-11 04:29:37,962 - INFO - [AUDIT] - Decision: RECOVER_EPS, Reason: Critical voltage, Mode: Nominal
2025-07-11 04:29:37,962 - INFO - [AUDIT] - Rule Activated: CRITICAL_VOLTAGE, Reason: Bus voltage below threshold: 0.18 < 25.50
2025-07-11 04:29:37,962 - INFO - [AUDIT] - Decision: RECOVER_EPS, Reason: Critical voltage, Mode: Nominal
2025-07-11 04:29:37,962 - INFO - [AUDIT] - Rule Activated: CRITICAL_VOLTAGE, Reason: Bus voltage below threshold: 0.18 < 25.50
2025-07-11 04:29:37,962 - INFO - [AUDIT] - Decision: RECOVER_EPS, Reason: Critical voltage, Mode: Nominal
2025-07-11 04:29:37,963 - INFO - [AUDIT] - Rule Activated: CRITICAL_VOLTAGE, Reason: Bus voltage below threshold: 0.18 < 25.50
2025-07-11 04:29:37,963 - INFO - [AUDIT] - Decision: RECOVER_EPS, Reason: Critical voltage, Mode: Nominal
2025-07-11 04:29:37,963 - INFO - [AUDIT] - Rule Activated: CRITICAL_VOLTAGE, Reason: Bus voltage below threshold: 0.18 < 25.50
2025-07-11 04:29:37,963 - INFO - [AUDIT] - Decision: RECOVER_EPS, Reason: Critical voltage, Mode: Nominal
2025-07-11 04:29:37,963 - INFO - [AUDIT] - Rule Activated: CRITICAL_VOLTAGE, Reason: Bus voltage below threshold: 0.18 < 25.50
2025-07-11 04:29:37,963 - INFO - [AUDIT] - Decision: RECOVER_EPS, Reason: Critical voltage, Mode: Nominal
2025-07-11 04:29:37,963 - INFO - [AUDIT] - Rule Activated: CRITICAL_VOLTAGE, Reason: Bus voltage below threshold: 0.18 < 25.50
2025-07-11 04:29:37,963 - INFO - [AUDIT] - Decision: RECOVER_EPS, Reason: Critical voltage, Mode: Nominal
2025-07-11 04:29:37,963 - INFO - [AUDIT] - Rule Activated: CRITICAL_VOLTAGE, Reason: Bus voltage below threshold: 0.18 < 25.50
2025-07-11 04:29:37,963 - INFO - [AUDIT] - Decision: RECOVER_EPS, Reason: Critical voltage, Mode: Nominal
2025-07-11 04:29:37,963 - INFO - [AUDIT] - Rule Activated: CRITICAL_VOLTAGE, Reason: Bus voltage below threshold: 0.18 < 25.50
2025-07-11 04:29:37,963 - INFO - [AUDIT] - Decision: RECOVER_EPS, Reason: Critical voltage, Mode: Nominal
2025-07-11 04:29:37,964 - INFO - [AUDIT] - Rule Activated: CRITICAL_VOLTAGE, Reason: Bus voltage below threshold: 0.18 < 25.50
2025-07-11 04:29:37,964 - INFO - [AUDIT] - Decision: RECOVER_EPS, Reason: Critical voltage, Mode: Nominal
2025-07-11 04:29:37,964 - INFO - [AUDIT] - Rule Activated: CRITICAL_VOLTAGE, Reason: Bus voltage below threshold: 0.18 < 25.50
2025-07-11 04:29:37,964 - INFO - [AUDIT] - Decision: RECOVER_EPS, Reason: Critical voltage, Mode: Nominal
2025-07-11 04:29:37,964 - INFO - [AUDIT] - Rule Activated: CRITICAL_VOLTAGE, Reason: Bus voltage below threshold: 0.18 < 25.50
2025-07-11 04:29:37,964 - INFO - [AUDIT] - Decision: RECOVER_EPS, Reason: Critical voltage, Mode: Nominal
2025-07-11 04:29:37,964 - INFO - [AUDIT] - Rule Activated: CRITICAL_VOLTAGE, Reason: Bus voltage below threshold: 0.18 < 25.50
2025-07-11 04:29:37,964 - INFO - [AUDIT] - Decision: RECOVER_EPS, Reason: Critical voltage, Mode: Nominal
2025-07-11 04:29:37,964 - INFO - [AUDIT] - Rule Activated: CRITICAL_VOLTAGE, Reason: Bus voltage below threshold: 0.18 < 25.50
2025-07-11 04:29:37,964 - INFO - [AUDIT] - Decision: RECOVER_EPS, Reason: Critical voltage, Mode: Nominal
2025-07-11 04:29:37,964 - INFO - [AUDIT] - Rule Activated: CRITICAL_VOLTAGE, Reason: Bus voltage below threshold: 0.18 < 25.50
2025-07-11 04:29:37,964 - INFO - [AUDIT] - Decision: RECOVER_EPS, Reason: Critical voltage, Mode: Nominal
2025-07-11 04:29:37,965 - INFO - [AUDIT] - Rule Activated: CRITICAL_VOLTAGE, Reason: Bus voltage below threshold: 0.18 < 25.50
2025-07-11 04:29:37,965 - INFO - [AUDIT] - Decision: RECOVER_EPS, Reason: Critical voltage, Mode: Nominal
2025-07-11 04:29:37,965 - INFO - [AUDIT] - Rule Activated: CRITICAL_VOLTAGE, Reason: Bus voltage below threshold: 0.18 < 25.50
2025-07-11 04:29:37,965 - INFO - [AUDIT] - Decision: RECOVER_EPS, Reason: Critical voltage, Mode: Nominal
2025-07-11 04:29:37,965 - INFO - [AUDIT] - Rule Activated: CRITICAL_VOLTAGE, Reason: Bus voltage below threshold: 0.18 < 25.50
2025-07-11 04:29:37,965 - INFO - [AUDIT] - Decision: RECOVER_EPS, Reason: Critical voltage, Mode: Nominal
2025-07-11 04:29:37,965 - INFO - [AUDIT] - Rule Activated: CRITICAL_VOLTAGE, Reason: Bus voltage below threshold: 0.18 < 25.50
2025-07-11 04:29:37,965 - INFO - [AUDIT] - Decision: RECOVER_EPS, Reason: Critical voltage, Mode: Nominal
2025-07-11 04:29:37,965 - INFO - [AUDIT] - Rule Activated: CRITICAL_VOLTAGE, Reason: Bus voltage below threshold: 0.18 < 25.50
2025-07-11 04:29:37,965 - INFO - [AUDIT] - Decision: RECOVER_EPS, Reason: Critical voltage, Mode: Nominal
2025-07-11 04:29:37,965 - INFO - [AUDIT] - Rule Activated: CRITICAL_VOLTAGE, Reason: Bus voltage below threshold: 0.18 < 25.50
2025-07-11 04:29:37,965 - INFO - [AUDIT] - Decision: RECOVER_EPS, Reason: Critical voltage, Mode: Nominal
2025-07-11 04:29:37,966 - INFO - [AUDIT] - Rule Activated: CRITICAL_VOLTAGE, Reason: Bus voltage below threshold: 0.18 < 25.50
2025-07-11 04:29:37,966 - INFO - [AUDIT] - Decision: RECOVER_EPS, Reason: Critical voltage, Mode: Nominal
2025-07-11 04:29:37,966 - INFO - [AUDIT] - Rule Activated: CRITICAL_VOLTAGE, Reason: Bus voltage below threshold: 0.18 < 25.50
2025-07-11 04:29:37,966 - INFO - [AUDIT] - Decision: RECOVER_EPS, Reason: Critical voltage, Mode: Nominal
2025-07-11 04:29:37,966 - INFO - [AUDIT] - Rule Activated: CRITICAL_VOLTAGE, Reason: Bus voltage below threshold: 0.18 < 25.50
2025-07-11 04:29:37,966 - INFO - [AUDIT] - Decision: RECOVER_EPS, Reason: Critical voltage, Mode: Nominal
2025-07-11 04:29:37,966 - INFO - [AUDIT] - Rule Activated: CRITICAL_VOLTAGE, Reason: Bus voltage below threshold: 0.18 < 25.50
2025-07-11 04:29:37,967 - INFO - [AUDIT] - Decision: RECOVER_EPS, Reason: Critical voltage, Mode: Nominal
2025-07-11 04:29:37,967 - INFO - [AUDIT] - Rule Activated: CRITICAL_VOLTAGE, Reason: Bus voltage below threshold: 0.18 < 25.50
2025-07-11 04:29:37,967 - INFO - [AUDIT] - Decision: RECOVER_EPS, Reason: Critical voltage, Mode: Nominal
2025-07-11 04:29:37,967 - INFO - [AUDIT] - Rule Activated: CRITICAL_VOLTAGE, Reason: Bus voltage below threshold: 0.18 < 25.50
2025-07-11 04:29:37,967 - INFO - [AUDIT] - Decision: RECOVER_EPS, Reason: Critical voltage, Mode: Nominal
2025-07-11 04:29:37,968 - INFO - [AUDIT] - Rule Activated: CRITICAL_VOLTAGE, Reason: Bus voltage below threshold: 0.18 < 25.50
2025-07-11 04:29:37,968 - INFO - [AUDIT] - Decision: RECOVER_EPS, Reason: Critical voltage, Mode: Nominal
2025-07-11 04:29:37,968 - INFO - [AUDIT] - Rule Activated: CRITICAL_VOLTAGE, Reason: Bus voltage below threshold: 0.18 < 25.50
2025-07-11 04:29:37,968 - INFO - [AUDIT] - Decision: RECOVER_EPS, Reason: Critical voltage, Mode: Nominal
2025-07-11 04:29:37,968 - INFO - [AUDIT] - Rule Activated: CRITICAL_VOLTAGE, Reason: Bus voltage below threshold: 0.18 < 25.50
2025-07-11 04:29:37,968 - INFO - [AUDIT] - Decision: RECOVER_EPS, Reason: Critical voltage, Mode: Nominal
2025-07-11 04:29:37,968 - INFO - [AUDIT] - Rule Activated: CRITICAL_VOLTAGE, Reason: Bus voltage below threshold: 0.18 < 25.50
2025-07-11 04:29:37,968 - INFO - [AUDIT] - Decision: RECOVER_EPS, Reason: Critical voltage, Mode: Nominal
2025-07-11 04:29:37,968 - INFO - [AUDIT] - Rule Activated: CRITICAL_VOLTAGE, Reason: Bus voltage below threshold: 0.18 < 25.50
2025-07-11 04:29:37,968 - INFO - [AUDIT] - Decision: RECOVER_EPS, Reason: Critical voltage, Mode: Nominal
2025-07-11 04:29:37,969 - INFO - [AUDIT] - Rule Activated: CRITICAL_VOLTAGE, Reason: Bus voltage below threshold: 0.18 < 25.50
2025-07-11 04:29:37,969 - INFO - [AUDIT] - Decision: RECOVER_EPS, Reason: Critical voltage, Mode: Nominal
2025-07-11 04:29:37,969 - INFO - [AUDIT] - Rule Activated: CRITICAL_VOLTAGE, Reason: Bus voltage below threshold: 0.18 < 25.50
2025-07-11 04:29:37,969 - INFO - [AUDIT] - Decision: RECOVER_EPS, Reason: Critical voltage, Mode: Nominal
2025-07-11 04:29:37,969 - INFO - [AUDIT] - Rule Activated: CRITICAL_VOLTAGE, Reason: Bus voltage below threshold: 0.18 < 25.50
2025-07-11 04:29:37,969 - INFO - [AUDIT] - Decision: RECOVER_EPS, Reason: Critical voltage, Mode: Nominal
2025-07-11 04:29:37,969 - INFO - [AUDIT] - Rule Activated: CRITICAL_VOLTAGE, Reason: Bus voltage below threshold: 0.18 < 25.50
2025-07-11 04:29:37,969 - INFO - [AUDIT] - Decision: RECOVER_EPS, Reason: Critical voltage, Mode: Nominal
2025-07-11 04:29:37,969 - INFO - [AUDIT] - Rule Activated: CRITICAL_VOLTAGE, Reason: Bus voltage below threshold: 0.18 < 25.50
2025-07-11 04:29:37,969 - INFO - [AUDIT] - Decision: RECOVER_EPS, Reason: Critical voltage, Mode: Nominal
2025-07-11 04:29:37,969 - INFO - [AUDIT] - Rule Activated: CRITICAL_VOLTAGE, Reason: Bus voltage below threshold: 0.18 < 25.50
2025-07-11 04:29:37,969 - INFO - [AUDIT] - Decision: RECOVER_EPS, Reason: Critical voltage, Mode: Nominal
2025-07-11 04:29:37,970 - INFO - [AUDIT] - Rule Activated: CRITICAL_VOLTAGE, Reason: Bus voltage below threshold: 0.18 < 25.50
2025-07-11 04:29:37,970 - INFO - [AUDIT] - Decision: RECOVER_EPS, Reason: Critical voltage, Mode: Nominal
2025-07-11 04:29:37,970 - INFO - [AUDIT] - Rule Activated: CRITICAL_VOLTAGE, Reason: Bus voltage below threshold: 0.18 < 25.50
2025-07-11 04:29:37,970 - INFO - [AUDIT] - Decision: RECOVER_EPS, Reason: Critical voltage, Mode: Nominal
2025-07-11 04:29:37,970 - INFO - [AUDIT] - Rule Activated: CRITICAL_VOLTAGE, Reason: Bus voltage below threshold: 0.18 < 25.50
2025-07-11 04:29:37,970 - INFO - [AUDIT] - Decision: RECOVER_EPS, Reason: Critical voltage, Mode: Nominal
2025-07-11 04:29:37,970 - INFO - [AUDIT] - Rule Activated: CRITICAL_VOLTAGE, Reason: Bus voltage below threshold: 0.18 < 25.50
2025-07-11 04:29:37,970 - INFO - [AUDIT] - Decision: RECOVER_EPS, Reason: Critical voltage, Mode: Nominal
2025-07-11 04:29:37,970 - INFO - [AUDIT] - Rule Activated: CRITICAL_VOLTAGE, Reason: Bus voltage below threshold: 0.18 < 25.50
2025-07-11 04:29:37,970 - INFO - [AUDIT] - Decision: RECOVER_EPS, Reason: Critical voltage, Mode: Nominal
2025-07-11 04:29:37,971 - INFO - [AUDIT] - Rule Activated: CRITICAL_VOLTAGE, Reason: Bus voltage below threshold: 0.18 < 25.50
2025-07-11 04:29:37,971 - INFO - [AUDIT] - Decision: RECOVER_EPS, Reason: Critical voltage, Mode: Nominal
2025-07-11 04:29:37,971 - INFO - [AUDIT] - Rule Activated: CRITICAL_VOLTAGE, Reason: Bus voltage below threshold: 0.18 < 25.50
2025-07-11 04:29:37,971 - INFO - [AUDIT] - Decision: RECOVER_EPS, Reason: Critical voltage, Mode: Nominal
2025-07-11 04:29:37,971 - INFO - [AUDIT] - Rule Activated: CRITICAL_VOLTAGE, Reason: Bus voltage below threshold: 0.18 < 25.50
2025-07-11 04:29:37,971 - INFO - [AUDIT] - Decision: RECOVER_EPS, Reason: Critical voltage, Mode: Nominal
2025-07-11 04:29:37,971 - INFO - [AUDIT] - Rule Activated: CRITICAL_VOLTAGE, Reason: Bus voltage below threshold: 0.18 < 25.50
2025-07-11 04:29:37,971 - INFO - [AUDIT] - Decision: RECOVER_EPS, Reason: Critical voltage, Mode: Nominal
2025-07-11 04:29:37,972 - INFO - [AUDIT] - Rule Activated: CRITICAL_VOLTAGE, Reason: Bus voltage below threshold: 0.18 < 25.50
2025-07-11 04:29:37,972 - INFO - [AUDIT] - Decision: RECOVER_EPS, Reason: Critical voltage, Mode: Nominal
2025-07-11 04:29:37,972 - INFO - [AUDIT] - Rule Activated: CRITICAL_VOLTAGE, Reason: Bus voltage below threshold: 0.18 < 25.50
2025-07-11 04:29:37,972 - INFO - [AUDIT] - Decision: RECOVER_EPS, Reason: Critical voltage, Mode: Nominal
2025-07-11 04:29:37,972 - INFO - [AUDIT] - Rule Activated: CRITICAL_VOLTAGE, Reason: Bus voltage below threshold: 0.18 < 25.50
2025-07-11 04:29:37,972 - INFO - [AUDIT] - Decision: RECOVER_EPS, Reason: Critical voltage, Mode: Nominal
2025-07-11 04:29:37,973 - INFO - [AUDIT] - Rule Activated: CRITICAL_VOLTAGE, Reason: Bus voltage below threshold: 0.18 < 25.50
2025-07-11 04:29:37,973 - INFO - [AUDIT] - Decision: RECOVER_EPS, Reason: Critical voltage, Mode: Nominal
2025-07-11 04:29:37,973 - INFO - [AUDIT] - Rule Activated: CRITICAL_VOLTAGE, Reason: Bus voltage below threshold: 0.18 < 25.50
2025-07-11 04:29:37,973 - INFO - [AUDIT] - Decision: RECOVER_EPS, Reason: Critical voltage, Mode: Nominal
2025-07-11 04:29:37,973 - INFO - [AUDIT] - Rule Activated: CRITICAL_VOLTAGE, Reason: Bus voltage below threshold: 0.18 < 25.50
2025-07-11 04:29:37,973 - INFO - [AUDIT] - Decision: RECOVER_EPS, Reason: Critical voltage, Mode: Nominal
2025-07-11 04:29:37,974 - INFO - [AUDIT] - Rule Activated: CRITICAL_VOLTAGE, Reason: Bus voltage below threshold: 0.18 < 25.50
2025-07-11 04:29:37,974 - INFO - [AUDIT] - Decision: RECOVER_EPS, Reason: Critical voltage, Mode: Nominal
2025-07-11 04:29:37,974 - INFO - [AUDIT] - Rule Activated: CRITICAL_VOLTAGE, Reason: Bus voltage below threshold: 0.18 < 25.50
2025-07-11 04:29:37,974 - INFO - [AUDIT] - Decision: RECOVER_EPS, Reason: Critical voltage, Mode: Nominal
2025-07-11 04:29:37,974 - INFO - [AUDIT] - Rule Activated: CRITICAL_VOLTAGE, Reason: Bus voltage below threshold: 0.18 < 25.50
2025-07-11 04:29:37,974 - INFO - [AUDIT] - Decision: RECOVER_EPS, Reason: Critical voltage, Mode: Nominal
2025-07-11 04:29:37,975 - INFO - [AUDIT] - Rule Activated: CRITICAL_VOLTAGE, Reason: Bus voltage below threshold: 0.00 < 25.50
2025-07-11 04:29:37,975 - INFO - [AUDIT] - Decision: RECOVER_EPS, Reason: Critical voltage, Mode: Nominal
2025-07-11 04:29:37,975 - INFO - [AUDIT] - Rule Activated: CRITICAL_VOLTAGE, Reason: Bus voltage below threshold: 0.18 < 25.50
2025-07-11 04:29:37,975 - INFO - [AUDIT] - Decision: RECOVER_EPS, Reason: Critical voltage, Mode: Nominal
2025-07-11 04:29:37,975 - INFO - [AUDIT] - Rule Activated: CRITICAL_VOLTAGE, Reason: Bus voltage below threshold: 0.18 < 25.50
2025-07-11 04:29:37,975 - INFO - [AUDIT] - Decision: RECOVER_EPS, Reason: Critical voltage, Mode: Nominal
2025-07-11 04:29:37,975 - INFO - [AUDIT] - Rule Activated: CRITICAL_VOLTAGE, Reason: Bus voltage below threshold: 0.18 < 25.50
2025-07-11 04:29:37,975 - INFO - [AUDIT] - Decision: RECOVER_EPS, Reason: Critical voltage, Mode: Nominal
2025-07-11 04:29:37,976 - INFO - [AUDIT] - Rule Activated: CRITICAL_VOLTAGE, Reason: Bus voltage below threshold: 0.18 < 25.50
2025-07-11 04:29:37,976 - INFO - [AUDIT] - Decision: RECOVER_EPS, Reason: Critical voltage, Mode: Nominal
2025-07-11 04:29:37,976 - INFO - [AUDIT] - Rule Activated: CRITICAL_VOLTAGE, Reason: Bus voltage below threshold: 0.18 < 25.50
2025-07-11 04:29:37,976 - INFO - [AUDIT] - Decision: RECOVER_EPS, Reason: Critical voltage, Mode: Nominal
2025-07-11 04:29:37,976 - INFO - [AUDIT] - Rule Activated: CRITICAL_VOLTAGE, Reason: Bus voltage below threshold: 0.18 < 25.50
2025-07-11 04:29:37,976 - INFO - [AUDIT] - Decision: RECOVER_EPS, Reason: Critical voltage, Mode: Nominal
2025-07-11 04:29:37,976 - INFO - [AUDIT] - Rule Activated: CRITICAL_VOLTAGE, Reason: Bus voltage below threshold: 0.18 < 25.50
2025-07-11 04:29:37,976 - INFO - [AUDIT] - Decision: RECOVER_EPS, Reason: Critical voltage, Mode: Nominal
2025-07-11 04:29:37,976 - INFO - [AUDIT] - Rule Activated: CRITICAL_VOLTAGE, Reason: Bus voltage below threshold: 0.18 < 25.50
2025-07-11 04:29:37,976 - INFO - [AUDIT] - Decision: RECOVER_EPS, Reason: Critical voltage, Mode: Nominal
2025-07-11 04:29:37,976 - INFO - [AUDIT] - Rule Activated: CRITICAL_VOLTAGE, Reason: Bus voltage below threshold: 0.18 < 25.50
2025-07-11 04:29:37,976 - INFO - [AUDIT] - Decision: RECOVER_EPS, Reason: Critical voltage, Mode: Nominal
2025-07-11 04:29:37,976 - INFO - [AUDIT] - Rule Activated: CRITICAL_VOLTAGE, Reason: Bus voltage below threshold: 0.18 < 25.50
2025-07-11 04:29:37,977 - INFO - [AUDIT] - Decision: RECOVER_EPS, Reason: Critical voltage, Mode: Nominal
2025-07-11 04:29:37,977 - INFO - [AUDIT] - Rule Activated: CRITICAL_VOLTAGE, Reason: Bus voltage below threshold: 0.18 < 25.50
2025-07-11 04:29:37,977 - INFO - [AUDIT] - Decision: RECOVER_EPS, Reason: Critical voltage, Mode: Nominal
2025-07-11 04:29:37,977 - INFO - [AUDIT] - Rule Activated: CRITICAL_VOLTAGE, Reason: Bus voltage below threshold: 0.18 < 25.50
2025-07-11 04:29:37,977 - INFO - [AUDIT] - Decision: RECOVER_EPS, Reason: Critical voltage, Mode: Nominal
2025-07-11 04:29:37,977 - INFO - [AUDIT] - Rule Activated: CRITICAL_VOLTAGE, Reason: Bus voltage below threshold: 0.18 < 25.50
2025-07-11 04:29:37,977 - INFO - [AUDIT] - Decision: RECOVER_EPS, Reason: Critical voltage, Mode: Nominal
2025-07-11 04:29:37,977 - INFO - [AUDIT] - Rule Activated: CRITICAL_VOLTAGE, Reason: Bus voltage below threshold: 0.18 < 25.50
2025-07-11 04:29:37,977 - INFO - [AUDIT] - Decision: RECOVER_EPS, Reason: Critical voltage, Mode: Nominal
2025-07-11 04:29:37,977 - INFO - [AUDIT] - Rule Activated: CRITICAL_VOLTAGE, Reason: Bus voltage below threshold: 0.18 < 25.50
2025-07-11 04:29:37,977 - INFO - [AUDIT] - Decision: RECOVER_EPS, Reason: Critical voltage, Mode: Nominal
2025-07-11 04:29:37,977 - INFO - [AUDIT] - Rule Activated: CRITICAL_VOLTAGE, Reason: Bus voltage below threshold: 0.18 < 25.50
2025-07-11 04:29:37,978 - INFO - [AUDIT] - Decision: RECOVER_EPS, Reason: Critical voltage, Mode: Nominal
2025-07-11 04:29:37,978 - INFO - [AUDIT] - Rule Activated: CRITICAL_VOLTAGE, Reason: Bus voltage below threshold: 0.18 < 25.50
2025-07-11 04:29:37,978 - INFO - [AUDIT] - Decision: RECOVER_EPS, Reason: Critical voltage, Mode: Nominal
2025-07-11 04:29:37,978 - INFO - [AUDIT] - Rule Activated: CRITICAL_VOLTAGE, Reason: Bus voltage below threshold: 0.18 < 25.50
2025-07-11 04:29:37,978 - INFO - [AUDIT] - Decision: RECOVER_EPS, Reason: Critical voltage, Mode: Nominal
2025-07-11 04:29:37,978 - INFO - [AUDIT] - Rule Activated: CRITICAL_VOLTAGE, Reason: Bus voltage below threshold: 0.18 < 25.50
2025-07-11 04:29:37,978 - INFO - [AUDIT] - Decision: RECOVER_EPS, Reason: Critical voltage, Mode: Nominal
2025-07-11 04:29:37,978 - INFO - [AUDIT] - Rule Activated: CRITICAL_VOLTAGE, Reason: Bus voltage below threshold: 0.18 < 25.50
2025-07-11 04:29:37,978 - INFO - [AUDIT] - Decision: RECOVER_EPS, Reason: Critical voltage, Mode: Nominal
2025-07-11 04:29:37,978 - INFO - [AUDIT] - Rule Activated: CRITICAL_VOLTAGE, Reason: Bus voltage below threshold: 0.18 < 25.50
2025-07-11 04:29:37,978 - INFO - [AUDIT] - Decision: RECOVER_EPS, Reason: Critical voltage, Mode: Nominal
2025-07-11 04:29:37,979 - INFO - [AUDIT] - Rule Activated: CRITICAL_VOLTAGE, Reason: Bus voltage below threshold: 0.18 < 25.50
2025-07-11 04:29:37,979 - INFO - [AUDIT] - Decision: RECOVER_EPS, Reason: Critical voltage, Mode: Nominal
2025-07-11 04:29:37,979 - INFO - [AUDIT] - Rule Activated: CRITICAL_VOLTAGE, Reason: Bus voltage below threshold: 0.18 < 25.50
2025-07-11 04:29:37,979 - INFO - [AUDIT] - Decision: RECOVER_EPS, Reason: Critical voltage, Mode: Nominal
2025-07-11 04:29:37,979 - INFO - [AUDIT] - Rule Activated: CRITICAL_VOLTAGE, Reason: Bus voltage below threshold: 0.18 < 25.50
2025-07-11 04:29:37,979 - INFO - [AUDIT] - Decision: RECOVER_EPS, Reason: Critical voltage, Mode: Nominal
2025-07-11 04:29:37,979 - INFO - [AUDIT] - Rule Activated: CRITICAL_VOLTAGE, Reason: Bus voltage below threshold: 0.18 < 25.50
2025-07-11 04:29:37,979 - INFO - [AUDIT] - Decision: RECOVER_EPS, Reason: Critical voltage, Mode: Nominal
2025-07-11 04:29:37,980 - INFO - [AUDIT] - Rule Activated: CRITICAL_VOLTAGE, Reason: Bus voltage below threshold: 0.18 < 25.50
2025-07-11 04:29:37,980 - INFO - [AUDIT] - Decision: RECOVER_EPS, Reason: Critical voltage, Mode: Nominal
2025-07-11 04:29:37,980 - INFO - [AUDIT] - Rule Activated: CRITICAL_VOLTAGE, Reason: Bus voltage below threshold: 0.18 < 25.50
2025-07-11 04:29:37,980 - INFO - [AUDIT] - Decision: RECOVER_EPS, Reason: Critical voltage, Mode: Nominal
2025-07-11 04:29:37,980 - INFO - [AUDIT] - Rule Activated: CRITICAL_VOLTAGE, Reason: Bus voltage below threshold: 0.18 < 25.50
2025-07-11 04:29:37,981 - INFO - [AUDIT] - Decision: RECOVER_EPS, Reason: Critical voltage, Mode: Nominal
2025-07-11 04:29:37,981 - INFO - [AUDIT] - Rule Activated: CRITICAL_VOLTAGE, Reason: Bus voltage below threshold: 0.18 < 25.50
2025-07-11 04:29:37,981 - INFO - [AUDIT] - Decision: RECOVER_EPS, Reason: Critical voltage, Mode: Nominal
2025-07-11 04:29:37,981 - INFO - [AUDIT] - Rule Activated: CRITICAL_VOLTAGE, Reason: Bus voltage below threshold: 0.18 < 25.50
2025-07-11 04:29:37,981 - INFO - [AUDIT] - Decision: RECOVER_EPS, Reason: Critical voltage, Mode: Nominal
2025-07-11 04:29:37,981 - INFO - [AUDIT] - Rule Activated: CRITICAL_VOLTAGE, Reason: Bus voltage below threshold: 0.18 < 25.50
2025-07-11 04:29:37,981 - INFO - [AUDIT] - Decision: RECOVER_EPS, Reason: Critical voltage, Mode: Nominal
2025-07-11 04:29:37,981 - INFO - [AUDIT] - Rule Activated: CRITICAL_VOLTAGE, Reason: Bus voltage below threshold: 0.18 < 25.50
2025-07-11 04:29:37,981 - INFO - [AUDIT] - Decision: RECOVER_EPS, Reason: Critical voltage, Mode: Nominal
2025-07-11 04:29:37,981 - INFO - [AUDIT] - Rule Activated: CRITICAL_VOLTAGE, Reason: Bus voltage below threshold: 0.18 < 25.50
2025-07-11 04:29:37,981 - INFO - [AUDIT] - Decision: RECOVER_EPS, Reason: Critical voltage, Mode: Nominal
2025-07-11 04:29:37,982 - INFO - [AUDIT] - Rule Activated: CRITICAL_VOLTAGE, Reason: Bus voltage below threshold: 0.18 < 25.50
2025-07-11 04:29:37,982 - INFO - [AUDIT] - Decision: RECOVER_EPS, Reason: Critical voltage, Mode: Nominal
2025-07-11 04:29:37,982 - INFO - [AUDIT] - Rule Activated: CRITICAL_VOLTAGE, Reason: Bus voltage below threshold: 0.18 < 25.50
2025-07-11 04:29:37,982 - INFO - [AUDIT] - Decision: RECOVER_EPS, Reason: Critical voltage, Mode: Nominal
2025-07-11 04:29:37,982 - INFO - [AUDIT] - Rule Activated: CRITICAL_VOLTAGE, Reason: Bus voltage below threshold: 0.18 < 25.50
2025-07-11 04:29:37,982 - INFO - [AUDIT] - Decision: RECOVER_EPS, Reason: Critical voltage, Mode: Nominal
2025-07-11 04:29:37,982 - INFO - [AUDIT] - Rule Activated: CRITICAL_VOLTAGE, Reason: Bus voltage below threshold: 0.18 < 25.50
2025-07-11 04:29:37,982 - INFO - [AUDIT] - Decision: RECOVER_EPS, Reason: Critical voltage, Mode: Nominal
2025-07-11 04:29:37,982 - INFO - [AUDIT] - Rule Activated: CRITICAL_VOLTAGE, Reason: Bus voltage below threshold: 0.18 < 25.50
2025-07-11 04:29:37,982 - INFO - [AUDIT] - Decision: RECOVER_EPS, Reason: Critical voltage, Mode: Nominal
2025-07-11 04:29:37,983 - INFO - [AUDIT] - Rule Activated: CRITICAL_VOLTAGE, Reason: Bus voltage below threshold: 0.18 < 25.50
2025-07-11 04:29:37,983 - INFO - [AUDIT] - Decision: RECOVER_EPS, Reason: Critical voltage, Mode: Nominal
2025-07-11 04:29:37,983 - INFO - [AUDIT] - Rule Activated: CRITICAL_VOLTAGE, Reason: Bus voltage below threshold: 0.18 < 25.50
2025-07-11 04:29:37,983 - INFO - [AUDIT] - Decision: RECOVER_EPS, Reason: Critical voltage, Mode: Nominal
2025-07-11 04:29:37,983 - INFO - [AUDIT] - Rule Activated: CRITICAL_VOLTAGE, Reason: Bus voltage below threshold: 0.18 < 25.50
2025-07-11 04:29:37,983 - INFO - [AUDIT] - Decision: RECOVER_EPS, Reason: Critical voltage, Mode: Nominal
2025-07-11 04:29:37,983 - INFO - [AUDIT] - Rule Activated: CRITICAL_VOLTAGE, Reason: Bus voltage below threshold: 0.18 < 25.50
2025-07-11 04:29:37,983 - INFO - [AUDIT] - Decision: RECOVER_EPS, Reason: Critical voltage, Mode: Nominal
2025-07-11 04:29:37,983 - INFO - [AUDIT] - Rule Activated: CRITICAL_VOLTAGE, Reason: Bus voltage below threshold: 0.18 < 25.50
2025-07-11 04:29:37,983 - INFO - [AUDIT] - Decision: RECOVER_EPS, Reason: Critical voltage, Mode: Nominal
2025-07-11 04:29:37,983 - INFO - [AUDIT] - Rule Activated: CRITICAL_VOLTAGE, Reason: Bus voltage below threshold: 0.18 < 25.50
2025-07-11 04:29:37,983 - INFO - [AUDIT] - Decision: RECOVER_EPS, Reason: Critical voltage, Mode: Nominal
2025-07-11 04:29:37,983 - INFO - [AUDIT] - Rule Activated: CRITICAL_VOLTAGE, Reason: Bus voltage below threshold: 0.18 < 25.50
2025-07-11 04:29:37,983 - INFO - [AUDIT] - Decision: RECOVER_EPS, Reason: Critical voltage, Mode: Nominal
2025-07-11 04:29:37,984 - INFO - [AUDIT] - Rule Activated: CRITICAL_VOLTAGE, Reason: Bus voltage below threshold: 0.18 < 25.50
2025-07-11 04:29:37,984 - INFO - [AUDIT] - Decision: RECOVER_EPS, Reason: Critical voltage, Mode: Nominal
2025-07-11 04:29:37,984 - INFO - [AUDIT] - Rule Activated: CRITICAL_VOLTAGE, Reason: Bus voltage below threshold: 0.18 < 25.50
2025-07-11 04:29:37,984 - INFO - [AUDIT] - Decision: RECOVER_EPS, Reason: Critical voltage, Mode: Nominal
2025-07-11 04:29:37,984 - INFO - [AUDIT] - Rule Activated: CRITICAL_VOLTAGE, Reason: Bus voltage below threshold: 0.18 < 25.50
2025-07-11 04:29:37,984 - INFO - [AUDIT] - Decision: RECOVER_EPS, Reason: Critical voltage, Mode: Nominal
2025-07-11 04:29:37,984 - INFO - [AUDIT] - Rule Activated: CRITICAL_VOLTAGE, Reason: Bus voltage below threshold: 0.18 < 25.50
2025-07-11 04:29:37,984 - INFO - [AUDIT] - Decision: RECOVER_EPS, Reason: Critical voltage, Mode: Nominal
2025-07-11 04:29:37,984 - INFO - [AUDIT] - Rule Activated: CRITICAL_VOLTAGE, Reason: Bus voltage below threshold: 0.18 < 25.50
2025-07-11 04:29:37,984 - INFO - [AUDIT] - Decision: RECOVER_EPS, Reason: Critical voltage, Mode: Nominal
2025-07-11 04:29:37,985 - INFO - [AUDIT] - Rule Activated: CRITICAL_VOLTAGE, Reason: Bus voltage below threshold: 0.18 < 25.50
2025-07-11 04:29:37,985 - INFO - [AUDIT] - Decision: RECOVER_EPS, Reason: Critical voltage, Mode: Nominal
2025-07-11 04:29:37,985 - INFO - [AUDIT] - Rule Activated: CRITICAL_VOLTAGE, Reason: Bus voltage below threshold: 0.18 < 25.50
2025-07-11 04:29:37,985 - INFO - [AUDIT] - Decision: RECOVER_EPS, Reason: Critical voltage, Mode: Nominal
2025-07-11 04:29:37,985 - INFO - [AUDIT] - Rule Activated: CRITICAL_VOLTAGE, Reason: Bus voltage below threshold: 0.18 < 25.50
2025-07-11 04:29:37,985 - INFO - [AUDIT] - Decision: RECOVER_EPS, Reason: Critical voltage, Mode: Nominal
2025-07-11 04:29:37,985 - INFO - [AUDIT] - Rule Activated: CRITICAL_VOLTAGE, Reason: Bus voltage below threshold: 0.18 < 25.50
2025-07-11 04:29:37,985 - INFO - [AUDIT] - Decision: RECOVER_EPS, Reason: Critical voltage, Mode: Nominal
2025-07-11 04:29:37,985 - INFO - [AUDIT] - Rule Activated: CRITICAL_VOLTAGE, Reason: Bus voltage below threshold: 0.18 < 25.50
2025-07-11 04:29:37,985 - INFO - [AUDIT] - Decision: RECOVER_EPS, Reason: Critical voltage, Mode: Nominal
2025-07-11 04:29:37,985 - INFO - [AUDIT] - Rule Activated: CRITICAL_VOLTAGE, Reason: Bus voltage below threshold: 0.18 < 25.50
2025-07-11 04:29:37,985 - INFO - [AUDIT] - Decision: RECOVER_EPS, Reason: Critical voltage, Mode: Nominal
2025-07-11 04:29:37,986 - INFO - [AUDIT] - Rule Activated: CRITICAL_VOLTAGE, Reason: Bus voltage below threshold: 0.18 < 25.50
2025-07-11 04:29:37,986 - INFO - [AUDIT] - Decision: RECOVER_EPS, Reason: Critical voltage, Mode: Nominal
2025-07-11 04:29:37,986 - INFO - [AUDIT] - Rule Activated: CRITICAL_VOLTAGE, Reason: Bus voltage below threshold: 0.18 < 25.50
2025-07-11 04:29:37,986 - INFO - [AUDIT] - Decision: RECOVER_EPS, Reason: Critical voltage, Mode: Nominal
2025-07-11 04:29:37,986 - INFO - [AUDIT] - Rule Activated: CRITICAL_VOLTAGE, Reason: Bus voltage below threshold: 0.18 < 25.50
2025-07-11 04:29:37,986 - INFO - [AUDIT] - Decision: RECOVER_EPS, Reason: Critical voltage, Mode: Nominal
2025-07-11 04:29:37,986 - INFO - [AUDIT] - Rule Activated: CRITICAL_VOLTAGE, Reason: Bus voltage below threshold: 0.18 < 25.50
2025-07-11 04:29:37,986 - INFO - [AUDIT] - Decision: RECOVER_EPS, Reason: Critical voltage, Mode: Nominal
2025-07-11 04:29:37,986 - INFO - [AUDIT] - Rule Activated: CRITICAL_VOLTAGE, Reason: Bus voltage below threshold: 0.18 < 25.50
2025-07-11 04:29:37,986 - INFO - [AUDIT] - Decision: RECOVER_EPS, Reason: Critical voltage, Mode: Nominal
2025-07-11 04:29:37,986 - INFO - [AUDIT] - Rule Activated: CRITICAL_VOLTAGE, Reason: Bus voltage below threshold: 0.18 < 25.50
2025-07-11 04:29:37,986 - INFO - [AUDIT] - Decision: RECOVER_EPS, Reason: Critical voltage, Mode: Nominal
2025-07-11 04:29:37,986 - INFO - [AUDIT] - Rule Activated: CRITICAL_VOLTAGE, Reason: Bus voltage below threshold: 0.18 < 25.50
2025-07-11 04:29:37,986 - INFO - [AUDIT] - Decision: RECOVER_EPS, Reason: Critical voltage, Mode: Nominal
2025-07-11 04:29:37,987 - INFO - [AUDIT] - Rule Activated: CRITICAL_VOLTAGE, Reason: Bus voltage below threshold: 0.18 < 25.50
2025-07-11 04:29:37,987 - INFO - [AUDIT] - Decision: RECOVER_EPS, Reason: Critical voltage, Mode: Nominal
2025-07-11 04:29:37,987 - INFO - [AUDIT] - Rule Activated: CRITICAL_VOLTAGE, Reason: Bus voltage below threshold: 0.18 < 25.50
2025-07-11 04:29:37,987 - INFO - [AUDIT] - Decision: RECOVER_EPS, Reason: Critical voltage, Mode: Nominal
2025-07-11 04:29:37,987 - INFO - [AUDIT] - Rule Activated: CRITICAL_VOLTAGE, Reason: Bus voltage below threshold: 0.18 < 25.50
2025-07-11 04:29:37,987 - INFO - [AUDIT] - Decision: RECOVER_EPS, Reason: Critical voltage, Mode: Nominal
2025-07-11 04:29:37,987 - INFO - [AUDIT] - Rule Activated: CRITICAL_VOLTAGE, Reason: Bus voltage below threshold: 0.18 < 25.50
2025-07-11 04:29:37,987 - INFO - [AUDIT] - Decision: RECOVER_EPS, Reason: Critical voltage, Mode: Nominal
2025-07-11 04:29:37,987 - INFO - [AUDIT] - Rule Activated: CRITICAL_VOLTAGE, Reason: Bus voltage below threshold: 0.18 < 25.50
2025-07-11 04:29:37,988 - INFO - [AUDIT] - Decision: RECOVER_EPS, Reason: Critical voltage, Mode: Nominal
2025-07-11 04:29:37,988 - INFO - [AUDIT] - Rule Activated: CRITICAL_VOLTAGE, Reason: Bus voltage below threshold: 0.18 < 25.50
2025-07-11 04:29:37,988 - INFO - [AUDIT] - Decision: RECOVER_EPS, Reason: Critical voltage, Mode: Nominal
2025-07-11 04:29:37,988 - INFO - [AUDIT] - Rule Activated: CRITICAL_VOLTAGE, Reason: Bus voltage below threshold: 0.18 < 25.50
2025-07-11 04:29:37,988 - INFO - [AUDIT] - Decision: RECOVER_EPS, Reason: Critical voltage, Mode: Nominal
2025-07-11 04:29:37,988 - INFO - [AUDIT] - Rule Activated: CRITICAL_VOLTAGE, Reason: Bus voltage below threshold: 0.18 < 25.50
2025-07-11 04:29:37,988 - INFO - [AUDIT] - Decision: RECOVER_EPS, Reason: Critical voltage, Mode: Nominal
2025-07-11 04:29:37,988 - INFO - [AUDIT] - Rule Activated: CRITICAL_VOLTAGE, Reason: Bus voltage below threshold: 0.18 < 25.50
2025-07-11 04:29:37,988 - INFO - [AUDIT] - Decision: RECOVER_EPS, Reason: Critical voltage, Mode: Nominal
2025-07-11 04:29:37,988 - INFO - [AUDIT] - Rule Activated: CRITICAL_VOLTAGE, Reason: Bus voltage below threshold: 0.18 < 25.50
2025-07-11 04:29:37,988 - INFO - [AUDIT] - Decision: RECOVER_EPS, Reason: Critical voltage, Mode: Nominal
2025-07-11 04:29:37,989 - INFO - [AUDIT] - Rule Activated: CRITICAL_VOLTAGE, Reason: Bus voltage below threshold: 0.18 < 25.50
2025-07-11 04:29:37,989 - INFO - [AUDIT] - Decision: RECOVER_EPS, Reason: Critical voltage, Mode: Nominal
2025-07-11 04:29:37,989 - INFO - [AUDIT] - Rule Activated: CRITICAL_VOLTAGE, Reason: Bus voltage below threshold: 0.18 < 25.50
2025-07-11 04:29:37,989 - INFO - [AUDIT] - Decision: RECOVER_EPS, Reason: Critical voltage, Mode: Nominal
2025-07-11 04:29:37,989 - INFO - [AUDIT] - Rule Activated: CRITICAL_VOLTAGE, Reason: Bus voltage below threshold: 0.18 < 25.50
2025-07-11 04:29:37,989 - INFO - [AUDIT] - Decision: RECOVER_EPS, Reason: Critical voltage, Mode: Nominal
2025-07-11 04:29:37,989 - INFO - [AUDIT] - Rule Activated: CRITICAL_VOLTAGE, Reason: Bus voltage below threshold: 0.18 < 25.50
2025-07-11 04:29:37,989 - INFO - [AUDIT] - Decision: RECOVER_EPS, Reason: Critical voltage, Mode: Nominal
2025-07-11 04:29:37,989 - INFO - [AUDIT] - Rule Activated: CRITICAL_VOLTAGE, Reason: Bus voltage below threshold: 0.18 < 25.50
2025-07-11 04:29:37,989 - INFO - [AUDIT] - Decision: RECOVER_EPS, Reason: Critical voltage, Mode: Nominal
2025-07-11 04:29:37,989 - INFO - [AUDIT] - Rule Activated: CRITICAL_VOLTAGE, Reason: Bus voltage below threshold: 0.18 < 25.50
2025-07-11 04:29:37,990 - INFO - [AUDIT] - Decision: RECOVER_EPS, Reason: Critical voltage, Mode: Nominal
2025-07-11 04:29:37,990 - INFO - [AUDIT] - Rule Activated: CRITICAL_VOLTAGE, Reason: Bus voltage below threshold: 0.18 < 25.50
2025-07-11 04:29:37,990 - INFO - [AUDIT] - Decision: RECOVER_EPS, Reason: Critical voltage, Mode: Nominal
2025-07-11 04:29:37,990 - INFO - [AUDIT] - Rule Activated: CRITICAL_VOLTAGE, Reason: Bus voltage below threshold: 0.18 < 25.50
2025-07-11 04:29:37,990 - INFO - [AUDIT] - Decision: RECOVER_EPS, Reason: Critical voltage, Mode: Nominal
2025-07-11 04:29:37,990 - INFO - [AUDIT] - Rule Activated: CRITICAL_VOLTAGE, Reason: Bus voltage below threshold: 0.18 < 25.50
2025-07-11 04:29:37,990 - INFO - [AUDIT] - Decision: RECOVER_EPS, Reason: Critical voltage, Mode: Nominal
2025-07-11 04:29:37,990 - INFO - [AUDIT] - Rule Activated: CRITICAL_VOLTAGE, Reason: Bus voltage below threshold: 0.18 < 25.50
2025-07-11 04:29:37,990 - INFO - [AUDIT] - Decision: RECOVER_EPS, Reason: Critical voltage, Mode: Nominal
2025-07-11 04:29:37,990 - INFO - [AUDIT] - Rule Activated: CRITICAL_VOLTAGE, Reason: Bus voltage below threshold: 0.18 < 25.50
2025-07-11 04:29:37,990 - INFO - [AUDIT] - Decision: RECOVER_EPS, Reason: Critical voltage, Mode: Nominal
2025-07-11 04:29:37,990 - INFO - [AUDIT] - Rule Activated: CRITICAL_VOLTAGE, Reason: Bus voltage below threshold: 0.18 < 25.50
2025-07-11 04:29:37,990 - INFO - [AUDIT] - Decision: RECOVER_EPS, Reason: Critical voltage, Mode: Nominal
2025-07-11 04:29:37,991 - INFO - [AUDIT] - Rule Activated: CRITICAL_VOLTAGE, Reason: Bus voltage below threshold: 0.18 < 25.50
2025-07-11 04:29:37,991 - INFO - [AUDIT] - Decision: RECOVER_EPS, Reason: Critical voltage, Mode: Nominal
2025-07-11 04:29:37,991 - INFO - [AUDIT] - Rule Activated: CRITICAL_VOLTAGE, Reason: Bus voltage below threshold: 0.18 < 25.50
2025-07-11 04:29:37,991 - INFO - [AUDIT] - Decision: RECOVER_EPS, Reason: Critical voltage, Mode: Nominal
2025-07-11 04:29:37,991 - INFO - [AUDIT] - Rule Activated: CRITICAL_VOLTAGE, Reason: Bus voltage below threshold: 0.18 < 25.50
2025-07-11 04:29:37,991 - INFO - [AUDIT] - Decision: RECOVER_EPS, Reason: Critical voltage, Mode: Nominal
2025-07-11 04:29:37,991 - INFO - [AUDIT] - Rule Activated: CRITICAL_VOLTAGE, Reason: Bus voltage below threshold: 0.18 < 25.50
2025-07-11 04:29:37,991 - INFO - [AUDIT] - Decision: RECOVER_EPS, Reason: Critical voltage, Mode: Nominal
2025-07-11 04:29:37,991 - INFO - [AUDIT] - Rule Activated: CRITICAL_VOLTAGE, Reason: Bus voltage below threshold: 0.18 < 25.50
2025-07-11 04:29:37,991 - INFO - [AUDIT] - Decision: RECOVER_EPS, Reason: Critical voltage, Mode: Nominal
2025-07-11 04:29:37,991 - INFO - [AUDIT] - Rule Activated: CRITICAL_VOLTAGE, Reason: Bus voltage below threshold: 0.18 < 25.50
2025-07-11 04:29:37,991 - INFO - [AUDIT] - Decision: RECOVER_EPS, Reason: Critical voltage, Mode: Nominal
2025-07-11 04:29:37,992 - INFO - [AUDIT] - Rule Activated: CRITICAL_VOLTAGE, Reason: Bus voltage below threshold: 0.18 < 25.50
2025-07-11 04:29:37,992 - INFO - [AUDIT] - Decision: RECOVER_EPS, Reason: Critical voltage, Mode: Nominal
2025-07-11 04:29:37,992 - INFO - [AUDIT] - Rule Activated: CRITICAL_VOLTAGE, Reason: Bus voltage below threshold: 0.18 < 25.50
2025-07-11 04:29:37,992 - INFO - [AUDIT] - Decision: RECOVER_EPS, Reason: Critical voltage, Mode: Nominal
2025-07-11 04:29:37,992 - INFO - [AUDIT] - Rule Activated: CRITICAL_VOLTAGE, Reason: Bus voltage below threshold: 0.18 < 25.50
2025-07-11 04:29:37,992 - INFO - [AUDIT] - Decision: RECOVER_EPS, Reason: Critical voltage, Mode: Nominal
2025-07-11 04:29:37,992 - INFO - [AUDIT] - Rule Activated: CRITICAL_VOLTAGE, Reason: Bus voltage below threshold: 0.18 < 25.50
2025-07-11 04:29:37,992 - INFO - [AUDIT] - Decision: RECOVER_EPS, Reason: Critical voltage, Mode: Nominal
2025-07-11 04:29:37,992 - INFO - [AUDIT] - Rule Activated: CRITICAL_VOLTAGE, Reason: Bus voltage below threshold: 0.18 < 25.50
2025-07-11 04:29:37,992 - INFO - [AUDIT] - Decision: RECOVER_EPS, Reason: Critical voltage, Mode: Nominal
2025-07-11 04:29:37,992 - INFO - [AUDIT] - Rule Activated: CRITICAL_VOLTAGE, Reason: Bus voltage below threshold: 0.18 < 25.50
2025-07-11 04:29:37,992 - INFO - [AUDIT] - Decision: RECOVER_EPS, Reason: Critical voltage, Mode: Nominal
2025-07-11 04:29:37,993 - INFO - [AUDIT] - Rule Activated: CRITICAL_VOLTAGE, Reason: Bus voltage below threshold: 0.18 < 25.50
2025-07-11 04:29:37,993 - INFO - [AUDIT] - Decision: RECOVER_EPS, Reason: Critical voltage, Mode: Nominal
2025-07-11 04:29:37,993 - INFO - [AUDIT] - Rule Activated: CRITICAL_VOLTAGE, Reason: Bus voltage below threshold: 0.18 < 25.50
2025-07-11 04:29:37,993 - INFO - [AUDIT] - Decision: RECOVER_EPS, Reason: Critical voltage, Mode: Nominal
2025-07-11 04:29:37,993 - INFO - [AUDIT] - Rule Activated: CRITICAL_VOLTAGE, Reason: Bus voltage below threshold: 0.18 < 25.50
2025-07-11 04:29:37,993 - INFO - [AUDIT] - Decision: RECOVER_EPS, Reason: Critical voltage, Mode: Nominal
2025-07-11 04:29:37,993 - INFO - [AUDIT] - Rule Activated: CRITICAL_VOLTAGE, Reason: Bus voltage below threshold: 0.18 < 25.50
2025-07-11 04:29:37,993 - INFO - [AUDIT] - Decision: RECOVER_EPS, Reason: Critical voltage, Mode: Nominal
2025-07-11 04:29:37,993 - INFO - [AUDIT] - Rule Activated: CRITICAL_VOLTAGE, Reason: Bus voltage below threshold: 0.18 < 25.50
2025-07-11 04:29:37,993 - INFO - [AUDIT] - Decision: RECOVER_EPS, Reason: Critical voltage, Mode: Nominal
2025-07-11 04:29:37,993 - INFO - [AUDIT] - Rule Activated: CRITICAL_VOLTAGE, Reason: Bus voltage below threshold: 0.18 < 25.50
2025-07-11 04:29:37,993 - INFO - [AUDIT] - Decision: RECOVER_EPS, Reason: Critical voltage, Mode: Nominal
2025-07-11 04:29:37,994 - INFO - [AUDIT] - Rule Activated: CRITICAL_VOLTAGE, Reason: Bus voltage below threshold: 0.18 < 25.50
2025-07-11 04:29:37,994 - INFO - [AUDIT] - Decision: RECOVER_EPS, Reason: Critical voltage, Mode: Nominal
2025-07-11 04:29:37,994 - INFO - [AUDIT] - Rule Activated: CRITICAL_VOLTAGE, Reason: Bus voltage below threshold: 0.18 < 25.50
2025-07-11 04:29:37,994 - INFO - [AUDIT] - Decision: RECOVER_EPS, Reason: Critical voltage, Mode: Nominal
2025-07-11 04:29:37,994 - INFO - [AUDIT] - Rule Activated: CRITICAL_VOLTAGE, Reason: Bus voltage below threshold: 0.18 < 25.50
2025-07-11 04:29:37,994 - INFO - [AUDIT] - Decision: RECOVER_EPS, Reason: Critical voltage, Mode: Nominal
2025-07-11 04:29:37,994 - INFO - [AUDIT] - Rule Activated: CRITICAL_VOLTAGE, Reason: Bus voltage below threshold: 0.18 < 25.50
2025-07-11 04:29:37,994 - INFO - [AUDIT] - Decision: RECOVER_EPS, Reason: Critical voltage, Mode: Nominal
2025-07-11 04:29:37,995 - INFO - [AUDIT] - Rule Activated: CRITICAL_VOLTAGE, Reason: Bus voltage below threshold: 0.18 < 25.50
2025-07-11 04:29:37,995 - INFO - [AUDIT] - Decision: RECOVER_EPS, Reason: Critical voltage, Mode: Nominal
2025-07-11 04:29:37,995 - INFO - [AUDIT] - Rule Activated: CRITICAL_VOLTAGE, Reason: Bus voltage below threshold: 0.18 < 25.50
2025-07-11 04:29:37,995 - INFO - [AUDIT] - Decision: RECOVER_EPS, Reason: Critical voltage, Mode: Nominal
2025-07-11 04:29:37,995 - INFO - [AUDIT] - Rule Activated: CRITICAL_VOLTAGE, Reason: Bus voltage below threshold: 0.18 < 25.50
2025-07-11 04:29:37,995 - INFO - [AUDIT] - Decision: RECOVER_EPS, Reason: Critical voltage, Mode: Nominal
2025-07-11 04:29:37,995 - INFO - [AUDIT] - Rule Activated: CRITICAL_VOLTAGE, Reason: Bus voltage below threshold: 0.18 < 25.50
2025-07-11 04:29:37,996 - INFO - [AUDIT] - Decision: RECOVER_EPS, Reason: Critical voltage, Mode: Nominal
2025-07-11 04:29:37,996 - INFO - [AUDIT] - Rule Activated: CRITICAL_VOLTAGE, Reason: Bus voltage below threshold: 0.18 < 25.50
2025-07-11 04:29:37,996 - INFO - [AUDIT] - Decision: RECOVER_EPS, Reason: Critical voltage, Mode: Nominal
2025-07-11 04:29:37,996 - INFO - [AUDIT] - Rule Activated: CRITICAL_VOLTAGE, Reason: Bus voltage below threshold: 0.18 < 25.50
2025-07-11 04:29:37,996 - INFO - [AUDIT] - Decision: RECOVER_EPS, Reason: Critical voltage, Mode: Nominal
2025-07-11 04:29:37,996 - INFO - [AUDIT] - Rule Activated: CRITICAL_VOLTAGE, Reason: Bus voltage below threshold: 0.18 < 25.50
2025-07-11 04:29:37,996 - INFO - [AUDIT] - Decision: RECOVER_EPS, Reason: Critical voltage, Mode: Nominal
2025-07-11 04:29:37,996 - INFO - [AUDIT] - Rule Activated: CRITICAL_VOLTAGE, Reason: Bus voltage below threshold: 0.18 < 25.50
2025-07-11 04:29:37,996 - INFO - [AUDIT] - Decision: RECOVER_EPS, Reason: Critical voltage, Mode: Nominal
2025-07-11 04:29:37,996 - INFO - [AUDIT] - Rule Activated: CRITICAL_VOLTAGE, Reason: Bus voltage below threshold: 0.18 < 25.50
2025-07-11 04:29:37,996 - INFO - [AUDIT] - Decision: RECOVER_EPS, Reason: Critical voltage, Mode: Nominal
2025-07-11 04:29:37,996 - INFO - [AUDIT] - Rule Activated: CRITICAL_VOLTAGE, Reason: Bus voltage below threshold: 0.18 < 25.50
2025-07-11 04:29:37,996 - INFO - [AUDIT] - Decision: RECOVER_EPS, Reason: Critical voltage, Mode: Nominal
2025-07-11 04:29:37,997 - INFO - [AUDIT] - Rule Activated: CRITICAL_VOLTAGE, Reason: Bus voltage below threshold: 0.18 < 25.50
2025-07-11 04:29:37,997 - INFO - [AUDIT] - Decision: RECOVER_EPS, Reason: Critical voltage, Mode: Nominal
2025-07-11 04:29:37,997 - INFO - [AUDIT] - Rule Activated: CRITICAL_VOLTAGE, Reason: Bus voltage below threshold: 0.18 < 25.50
2025-07-11 04:29:37,997 - INFO - [AUDIT] - Decision: RECOVER_EPS, Reason: Critical voltage, Mode: Nominal
2025-07-11 04:29:37,997 - INFO - [AUDIT] - Rule Activated: CRITICAL_VOLTAGE, Reason: Bus voltage below threshold: 0.18 < 25.50
2025-07-11 04:29:37,997 - INFO - [AUDIT] - Decision: RECOVER_EPS, Reason: Critical voltage, Mode: Nominal
2025-07-11 04:29:37,997 - INFO - [AUDIT] - Rule Activated: CRITICAL_VOLTAGE, Reason: Bus voltage below threshold: 0.18 < 25.50
2025-07-11 04:29:37,997 - INFO - [AUDIT] - Decision: RECOVER_EPS, Reason: Critical voltage, Mode: Nominal
2025-07-11 04:29:37,997 - INFO - [AUDIT] - Rule Activated: CRITICAL_VOLTAGE, Reason: Bus voltage below threshold: 0.18 < 25.50
2025-07-11 04:29:37,997 - INFO - [AUDIT] - Decision: RECOVER_EPS, Reason: Critical voltage, Mode: Nominal
2025-07-11 04:29:37,997 - INFO - [AUDIT] - Rule Activated: CRITICAL_VOLTAGE, Reason: Bus voltage below threshold: 0.18 < 25.50
2025-07-11 04:29:37,997 - INFO - [AUDIT] - Decision: RECOVER_EPS, Reason: Critical voltage, Mode: Nominal
2025-07-11 04:29:37,998 - INFO - [AUDIT] - Rule Activated: CRITICAL_VOLTAGE, Reason: Bus voltage below threshold: 0.18 < 25.50
2025-07-11 04:29:37,998 - INFO - [AUDIT] - Decision: RECOVER_EPS, Reason: Critical voltage, Mode: Nominal
2025-07-11 04:29:37,998 - INFO - [AUDIT] - Rule Activated: CRITICAL_VOLTAGE, Reason: Bus voltage below threshold: 0.18 < 25.50
2025-07-11 04:29:37,998 - INFO - [AUDIT] - Decision: RECOVER_EPS, Reason: Critical voltage, Mode: Nominal
2025-07-11 04:29:37,998 - INFO - [AUDIT] - Rule Activated: CRITICAL_VOLTAGE, Reason: Bus voltage below threshold: 0.18 < 25.50
2025-07-11 04:29:37,998 - INFO - [AUDIT] - Decision: RECOVER_EPS, Reason: Critical voltage, Mode: Nominal
2025-07-11 04:29:37,998 - INFO - [AUDIT] - Rule Activated: CRITICAL_VOLTAGE, Reason: Bus voltage below threshold: 0.18 < 25.50
2025-07-11 04:29:37,998 - INFO - [AUDIT] - Decision: RECOVER_EPS, Reason: Critical voltage, Mode: Nominal
2025-07-11 04:29:37,998 - INFO - [AUDIT] - Rule Activated: CRITICAL_VOLTAGE, Reason: Bus voltage below threshold: 0.18 < 25.50
2025-07-11 04:29:37,998 - INFO - [AUDIT] - Decision: RECOVER_EPS, Reason: Critical voltage, Mode: Nominal
2025-07-11 04:29:37,998 - INFO - [AUDIT] - Rule Activated: CRITICAL_VOLTAGE, Reason: Bus voltage below threshold: 0.18 < 25.50
2025-07-11 04:29:37,998 - INFO - [AUDIT] - Decision: RECOVER_EPS, Reason: Critical voltage, Mode: Nominal
2025-07-11 04:29:37,999 - INFO - [AUDIT] - Rule Activated: CRITICAL_VOLTAGE, Reason: Bus voltage below threshold: 0.18 < 25.50
2025-07-11 04:29:37,999 - INFO - [AUDIT] - Decision: RECOVER_EPS, Reason: Critical voltage, Mode: Nominal
2025-07-11 04:29:37,999 - INFO - [AUDIT] - Rule Activated: CRITICAL_VOLTAGE, Reason: Bus voltage below threshold: 0.18 < 25.50
2025-07-11 04:29:37,999 - INFO - [AUDIT] - Decision: RECOVER_EPS, Reason: Critical voltage, Mode: Nominal
2025-07-11 04:29:37,999 - INFO - [AUDIT] - Rule Activated: CRITICAL_VOLTAGE, Reason: Bus voltage below threshold: 0.18 < 25.50
2025-07-11 04:29:37,999 - INFO - [AUDIT] - Decision: RECOVER_EPS, Reason: Critical voltage, Mode: Nominal
2025-07-11 04:29:37,999 - INFO - [AUDIT] - Rule Activated: CRITICAL_VOLTAGE, Reason: Bus voltage below threshold: 0.18 < 25.50
2025-07-11 04:29:37,999 - INFO - [AUDIT] - Decision: RECOVER_EPS, Reason: Critical voltage, Mode: Nominal
2025-07-11 04:29:37,999 - INFO - [AUDIT] - Rule Activated: CRITICAL_VOLTAGE, Reason: Bus voltage below threshold: 0.18 < 25.50
2025-07-11 04:29:37,999 - INFO - [AUDIT] - Decision: RECOVER_EPS, Reason: Critical voltage, Mode: Nominal
2025-07-11 04:29:37,999 - INFO - [AUDIT] - Rule Activated: CRITICAL_VOLTAGE, Reason: Bus voltage below threshold: 0.18 < 25.50
2025-07-11 04:29:38,000 - INFO - [AUDIT] - Decision: RECOVER_EPS, Reason: Critical voltage, Mode: Nominal
2025-07-11 04:29:38,000 - INFO - [AUDIT] - Rule Activated: CRITICAL_VOLTAGE, Reason: Bus voltage below threshold: 0.18 < 25.50
2025-07-11 04:29:38,000 - INFO - [AUDIT] - Decision: RECOVER_EPS, Reason: Critical voltage, Mode: Nominal
2025-07-11 04:29:38,000 - INFO - [AUDIT] - Rule Activated: CRITICAL_VOLTAGE, Reason: Bus voltage below threshold: 0.18 < 25.50
2025-07-11 04:29:38,000 - INFO - [AUDIT] - Decision: RECOVER_EPS, Reason: Critical voltage, Mode: Nominal
2025-07-11 04:29:38,000 - INFO - [AUDIT] - Rule Activated: CRITICAL_VOLTAGE, Reason: Bus voltage below threshold: 0.18 < 25.50
2025-07-11 04:29:38,000 - INFO - [AUDIT] - Decision: RECOVER_EPS, Reason: Critical voltage, Mode: Nominal
2025-07-11 04:29:38,000 - INFO - [AUDIT] - Rule Activated: CRITICAL_VOLTAGE, Reason: Bus voltage below threshold: 0.18 < 25.50
2025-07-11 04:29:38,000 - INFO - [AUDIT] - Decision: RECOVER_EPS, Reason: Critical voltage, Mode: Nominal
2025-07-11 04:29:38,000 - INFO - [AUDIT] - Rule Activated: CRITICAL_VOLTAGE, Reason: Bus voltage below threshold: 0.18 < 25.50
2025-07-11 04:29:38,000 - INFO - [AUDIT] - Decision: RECOVER_EPS, Reason: Critical voltage, Mode: Nominal
2025-07-11 04:29:38,001 - INFO - [AUDIT] - Rule Activated: CRITICAL_VOLTAGE, Reason: Bus voltage below threshold: 0.18 < 25.50
2025-07-11 04:29:38,001 - INFO - [AUDIT] - Decision: RECOVER_EPS, Reason: Critical voltage, Mode: Nominal
2025-07-11 04:29:38,001 - INFO - [AUDIT] - Rule Activated: CRITICAL_VOLTAGE, Reason: Bus voltage below threshold: 0.18 < 25.50
2025-07-11 04:29:38,001 - INFO - [AUDIT] - Decision: RECOVER_EPS, Reason: Critical voltage, Mode: Nominal
2025-07-11 04:29:38,001 - INFO - [AUDIT] - Rule Activated: CRITICAL_VOLTAGE, Reason: Bus voltage below threshold: 0.18 < 25.50
2025-07-11 04:29:38,001 - INFO - [AUDIT] - Decision: RECOVER_EPS, Reason: Critical voltage, Mode: Nominal
2025-07-11 04:29:38,001 - INFO - [AUDIT] - Rule Activated: CRITICAL_VOLTAGE, Reason: Bus voltage below threshold: 0.18 < 25.50
2025-07-11 04:29:38,001 - INFO - [AUDIT] - Decision: RECOVER_EPS, Reason: Critical voltage, Mode: Nominal
2025-07-11 04:29:38,001 - INFO - [AUDIT] - Rule Activated: CRITICAL_VOLTAGE, Reason: Bus voltage below threshold: 0.18 < 25.50
2025-07-11 04:29:38,001 - INFO - [AUDIT] - Decision: RECOVER_EPS, Reason: Critical voltage, Mode: Nominal
2025-07-11 04:29:38,001 - INFO - [AUDIT] - Rule Activated: CRITICAL_VOLTAGE, Reason: Bus voltage below threshold: 0.18 < 25.50
2025-07-11 04:29:38,001 - INFO - [AUDIT] - Decision: RECOVER_EPS, Reason: Critical voltage, Mode: Nominal
2025-07-11 04:29:38,002 - INFO - [AUDIT] - Rule Activated: CRITICAL_VOLTAGE, Reason: Bus voltage below threshold: 0.18 < 25.50
2025-07-11 04:29:38,002 - INFO - [AUDIT] - Decision: RECOVER_EPS, Reason: Critical voltage, Mode: Nominal
2025-07-11 04:29:38,002 - INFO - [AUDIT] - Rule Activated: CRITICAL_VOLTAGE, Reason: Bus voltage below threshold: 0.18 < 25.50
2025-07-11 04:29:38,002 - INFO - [AUDIT] - Decision: RECOVER_EPS, Reason: Critical voltage, Mode: Nominal
2025-07-11 04:29:38,002 - INFO - [AUDIT] - Rule Activated: CRITICAL_VOLTAGE, Reason: Bus voltage below threshold: 0.18 < 25.50
2025-07-11 04:29:38,002 - INFO - [AUDIT] - Decision: RECOVER_EPS, Reason: Critical voltage, Mode: Nominal
2025-07-11 04:29:38,002 - INFO - [AUDIT] - Rule Activated: CRITICAL_VOLTAGE, Reason: Bus voltage below threshold: 0.18 < 25.50
2025-07-11 04:29:38,002 - INFO - [AUDIT] - Decision: RECOVER_EPS, Reason: Critical voltage, Mode: Nominal
2025-07-11 04:29:38,002 - INFO - [AUDIT] - Rule Activated: CRITICAL_VOLTAGE, Reason: Bus voltage below threshold: 0.18 < 25.50
2025-07-11 04:29:38,002 - INFO - [AUDIT] - Decision: RECOVER_EPS, Reason: Critical voltage, Mode: Nominal
2025-07-11 04:29:38,002 - INFO - [AUDIT] - Rule Activated: CRITICAL_VOLTAGE, Reason: Bus voltage below threshold: 0.18 < 25.50
2025-07-11 04:29:38,002 - INFO - [AUDIT] - Decision: RECOVER_EPS, Reason: Critical voltage, Mode: Nominal
2025-07-11 04:29:38,003 - INFO - [AUDIT] - Rule Activated: CRITICAL_VOLTAGE, Reason: Bus voltage below threshold: 0.18 < 25.50
2025-07-11 04:29:38,003 - INFO - [AUDIT] - Decision: RECOVER_EPS, Reason: Critical voltage, Mode: Nominal
2025-07-11 04:29:38,003 - INFO - [AUDIT] - Rule Activated: CRITICAL_VOLTAGE, Reason: Bus voltage below threshold: 0.18 < 25.50
2025-07-11 04:29:38,003 - INFO - [AUDIT] - Decision: RECOVER_EPS, Reason: Critical voltage, Mode: Nominal
2025-07-11 04:29:38,003 - INFO - [AUDIT] - Rule Activated: CRITICAL_VOLTAGE, Reason: Bus voltage below threshold: 0.18 < 25.50
2025-07-11 04:29:38,003 - INFO - [AUDIT] - Decision: RECOVER_EPS, Reason: Critical voltage, Mode: Nominal
2025-07-11 04:29:38,003 - INFO - [AUDIT] - Rule Activated: CRITICAL_VOLTAGE, Reason: Bus voltage below threshold: 0.18 < 25.50
2025-07-11 04:29:38,003 - INFO - [AUDIT] - Decision: RECOVER_EPS, Reason: Critical voltage, Mode: Nominal
2025-07-11 04:29:38,003 - INFO - [AUDIT] - Rule Activated: CRITICAL_VOLTAGE, Reason: Bus voltage below threshold: 0.18 < 25.50
2025-07-11 04:29:38,003 - INFO - [AUDIT] - Decision: RECOVER_EPS, Reason: Critical voltage, Mode: Nominal
2025-07-11 04:29:38,003 - INFO - [AUDIT] - Rule Activated: CRITICAL_VOLTAGE, Reason: Bus voltage below threshold: 0.18 < 25.50
2025-07-11 04:29:38,003 - INFO - [AUDIT] - Decision: RECOVER_EPS, Reason: Critical voltage, Mode: Nominal
2025-07-11 04:29:38,003 - INFO - [AUDIT] - Rule Activated: CRITICAL_VOLTAGE, Reason: Bus voltage below threshold: 0.18 < 25.50
2025-07-11 04:29:38,003 - INFO - [AUDIT] - Decision: RECOVER_EPS, Reason: Critical voltage, Mode: Nominal
2025-07-11 04:29:38,004 - INFO - [AUDIT] - Rule Activated: CRITICAL_VOLTAGE, Reason: Bus voltage below threshold: 0.18 < 25.50
2025-07-11 04:29:38,004 - INFO - [AUDIT] - Decision: RECOVER_EPS, Reason: Critical voltage, Mode: Nominal
2025-07-11 04:29:38,004 - INFO - [AUDIT] - Rule Activated: CRITICAL_VOLTAGE, Reason: Bus voltage below threshold: 0.18 < 25.50
2025-07-11 04:29:38,004 - INFO - [AUDIT] - Decision: RECOVER_EPS, Reason: Critical voltage, Mode: Nominal
2025-07-11 04:29:38,004 - INFO - [AUDIT] - Rule Activated: CRITICAL_VOLTAGE, Reason: Bus voltage below threshold: 0.18 < 25.50
2025-07-11 04:29:38,004 - INFO - [AUDIT] - Decision: RECOVER_EPS, Reason: Critical voltage, Mode: Nominal
2025-07-11 04:29:38,004 - INFO - [AUDIT] - Rule Activated: CRITICAL_VOLTAGE, Reason: Bus voltage below threshold: 0.18 < 25.50
2025-07-11 04:29:38,004 - INFO - [AUDIT] - Decision: RECOVER_EPS, Reason: Critical voltage, Mode: Nominal
2025-07-11 04:29:38,004 - INFO - [AUDIT] - Rule Activated: CRITICAL_VOLTAGE, Reason: Bus voltage below threshold: 0.18 < 25.50
2025-07-11 04:29:38,004 - INFO - [AUDIT] - Decision: RECOVER_EPS, Reason: Critical voltage, Mode: Nominal
2025-07-11 04:29:38,004 - INFO - [AUDIT] - Rule Activated: CRITICAL_VOLTAGE, Reason: Bus voltage below threshold: 0.18 < 25.50
2025-07-11 04:29:38,004 - INFO - [AUDIT] - Decision: RECOVER_EPS, Reason: Critical voltage, Mode: Nominal
2025-07-11 04:29:38,005 - INFO - [AUDIT] - Rule Activated: CRITICAL_VOLTAGE, Reason: Bus voltage below threshold: 0.18 < 25.50
2025-07-11 04:29:38,005 - INFO - [AUDIT] - Decision: RECOVER_EPS, Reason: Critical voltage, Mode: Nominal
2025-07-11 04:29:38,005 - INFO - [AUDIT] - Rule Activated: CRITICAL_VOLTAGE, Reason: Bus voltage below threshold: 0.18 < 25.50
2025-07-11 04:29:38,005 - INFO - [AUDIT] - Decision: RECOVER_EPS, Reason: Critical voltage, Mode: Nominal
2025-07-11 04:29:38,005 - INFO - [AUDIT] - Rule Activated: CRITICAL_VOLTAGE, Reason: Bus voltage below threshold: 0.18 < 25.50
2025-07-11 04:29:38,005 - INFO - [AUDIT] - Decision: RECOVER_EPS, Reason: Critical voltage, Mode: Nominal
2025-07-11 04:29:38,005 - INFO - [AUDIT] - Rule Activated: CRITICAL_VOLTAGE, Reason: Bus voltage below threshold: 0.18 < 25.50
2025-07-11 04:29:38,005 - INFO - [AUDIT] - Decision: RECOVER_EPS, Reason: Critical voltage, Mode: Nominal
2025-07-11 04:29:38,005 - INFO - [AUDIT] - Rule Activated: CRITICAL_VOLTAGE, Reason: Bus voltage below threshold: 0.18 < 25.50
2025-07-11 04:29:38,005 - INFO - [AUDIT] - Decision: RECOVER_EPS, Reason: Critical voltage, Mode: Nominal
2025-07-11 04:29:38,005 - INFO - [AUDIT] - Rule Activated: CRITICAL_VOLTAGE, Reason: Bus voltage below threshold: 0.18 < 25.50
2025-07-11 04:29:38,005 - INFO - [AUDIT] - Decision: RECOVER_EPS, Reason: Critical voltage, Mode: Nominal
2025-07-11 04:29:38,006 - INFO - [AUDIT] - Rule Activated: CRITICAL_VOLTAGE, Reason: Bus voltage below threshold: 0.18 < 25.50
2025-07-11 04:29:38,006 - INFO - [AUDIT] - Decision: RECOVER_EPS, Reason: Critical voltage, Mode: Nominal
2025-07-11 04:29:38,006 - INFO - [AUDIT] - Rule Activated: CRITICAL_VOLTAGE, Reason: Bus voltage below threshold: 0.18 < 25.50
2025-07-11 04:29:38,006 - INFO - [AUDIT] - Decision: RECOVER_EPS, Reason: Critical voltage, Mode: Nominal
2025-07-11 04:29:38,006 - INFO - [AUDIT] - Rule Activated: CRITICAL_VOLTAGE, Reason: Bus voltage below threshold: 0.18 < 25.50
2025-07-11 04:29:38,006 - INFO - [AUDIT] - Decision: RECOVER_EPS, Reason: Critical voltage, Mode: Nominal
2025-07-11 04:29:38,006 - INFO - [AUDIT] - Rule Activated: CRITICAL_VOLTAGE, Reason: Bus voltage below threshold: 0.18 < 25.50
2025-07-11 04:29:38,006 - INFO - [AUDIT] - Decision: RECOVER_EPS, Reason: Critical voltage, Mode: Nominal
2025-07-11 04:29:38,006 - INFO - [AUDIT] - Rule Activated: CRITICAL_VOLTAGE, Reason: Bus voltage below threshold: 0.18 < 25.50
2025-07-11 04:29:38,006 - INFO - [AUDIT] - Decision: RECOVER_EPS, Reason: Critical voltage, Mode: Nominal
2025-07-11 04:29:38,006 - INFO - [AUDIT] - Rule Activated: CRITICAL_VOLTAGE, Reason: Bus voltage below threshold: 0.18 < 25.50
2025-07-11 04:29:38,007 - INFO - [AUDIT] - Decision: RECOVER_EPS, Reason: Critical voltage, Mode: Nominal
2025-07-11 04:29:38,007 - INFO - [AUDIT] - Rule Activated: CRITICAL_VOLTAGE, Reason: Bus voltage below threshold: 0.18 < 25.50
2025-07-11 04:29:38,007 - INFO - [AUDIT] - Decision: RECOVER_EPS, Reason: Critical voltage, Mode: Nominal
2025-07-11 04:29:38,007 - INFO - [AUDIT] - Rule Activated: CRITICAL_VOLTAGE, Reason: Bus voltage below threshold: 0.18 < 25.50
2025-07-11 04:29:38,007 - INFO - [AUDIT] - Decision: RECOVER_EPS, Reason: Critical voltage, Mode: Nominal
2025-07-11 04:29:38,007 - INFO - [AUDIT] - Rule Activated: CRITICAL_VOLTAGE, Reason: Bus voltage below threshold: 0.18 < 25.50
2025-07-11 04:29:38,007 - INFO - [AUDIT] - Decision: RECOVER_EPS, Reason: Critical voltage, Mode: Nominal
2025-07-11 04:29:38,007 - INFO - [AUDIT] - Rule Activated: CRITICAL_VOLTAGE, Reason: Bus voltage below threshold: 0.18 < 25.50
2025-07-11 04:29:38,007 - INFO - [AUDIT] - Decision: RECOVER_EPS, Reason: Critical voltage, Mode: Nominal
2025-07-11 04:29:38,007 - INFO - [AUDIT] - Rule Activated: CRITICAL_VOLTAGE, Reason: Bus voltage below threshold: 0.18 < 25.50
2025-07-11 04:29:38,007 - INFO - [AUDIT] - Decision: RECOVER_EPS, Reason: Critical voltage, Mode: Nominal
2025-07-11 04:29:38,007 - INFO - [AUDIT] - Rule Activated: CRITICAL_VOLTAGE, Reason: Bus voltage below threshold: 0.18 < 25.50
2025-07-11 04:29:38,008 - INFO - [AUDIT] - Decision: RECOVER_EPS, Reason: Critical voltage, Mode: Nominal
2025-07-11 04:29:38,008 - INFO - [AUDIT] - Rule Activated: CRITICAL_VOLTAGE, Reason: Bus voltage below threshold: 0.18 < 25.50
2025-07-11 04:29:38,008 - INFO - [AUDIT] - Decision: RECOVER_EPS, Reason: Critical voltage, Mode: Nominal
2025-07-11 04:29:38,008 - INFO - [AUDIT] - Rule Activated: CRITICAL_VOLTAGE, Reason: Bus voltage below threshold: 0.18 < 25.50
2025-07-11 04:29:38,008 - INFO - [AUDIT] - Decision: RECOVER_EPS, Reason: Critical voltage, Mode: Nominal
2025-07-11 04:29:38,008 - INFO - [AUDIT] - Rule Activated: CRITICAL_VOLTAGE, Reason: Bus voltage below threshold: 0.18 < 25.50
2025-07-11 04:29:38,008 - INFO - [AUDIT] - Decision: RECOVER_EPS, Reason: Critical voltage, Mode: Nominal
2025-07-11 04:29:38,008 - INFO - [AUDIT] - Rule Activated: CRITICAL_VOLTAGE, Reason: Bus voltage below threshold: 0.18 < 25.50
2025-07-11 04:29:38,008 - INFO - [AUDIT] - Decision: RECOVER_EPS, Reason: Critical voltage, Mode: Nominal
2025-07-11 04:29:38,008 - INFO - [AUDIT] - Rule Activated: CRITICAL_VOLTAGE, Reason: Bus voltage below threshold: 0.18 < 25.50
2025-07-11 04:29:38,008 - INFO - [AUDIT] - Decision: RECOVER_EPS, Reason: Critical voltage, Mode: Nominal
2025-07-11 04:29:38,008 - INFO - [AUDIT] - Rule Activated: CRITICAL_VOLTAGE, Reason: Bus voltage below threshold: 0.18 < 25.50
2025-07-11 04:29:38,008 - INFO - [AUDIT] - Decision: RECOVER_EPS, Reason: Critical voltage, Mode: Nominal
2025-07-11 04:29:38,009 - INFO - [AUDIT] - Rule Activated: CRITICAL_VOLTAGE, Reason: Bus voltage below threshold: 0.18 < 25.50
2025-07-11 04:29:38,009 - INFO - [AUDIT] - Decision: RECOVER_EPS, Reason: Critical voltage, Mode: Nominal
2025-07-11 04:29:38,009 - INFO - [AUDIT] - Rule Activated: CRITICAL_VOLTAGE, Reason: Bus voltage below threshold: 0.18 < 25.50
2025-07-11 04:29:38,009 - INFO - [AUDIT] - Decision: RECOVER_EPS, Reason: Critical voltage, Mode: Nominal
2025-07-11 04:29:38,009 - INFO - [AUDIT] - Rule Activated: CRITICAL_VOLTAGE, Reason: Bus voltage below threshold: 0.18 < 25.50
2025-07-11 04:29:38,009 - INFO - [AUDIT] - Decision: RECOVER_EPS, Reason: Critical voltage, Mode: Nominal
2025-07-11 04:29:38,009 - INFO - [AUDIT] - Rule Activated: CRITICAL_VOLTAGE, Reason: Bus voltage below threshold: 0.18 < 25.50
2025-07-11 04:29:38,010 - INFO - [AUDIT] - Decision: RECOVER_EPS, Reason: Critical voltage, Mode: Nominal
2025-07-11 04:29:38,010 - INFO - [AUDIT] - Rule Activated: CRITICAL_VOLTAGE, Reason: Bus voltage below threshold: 0.18 < 25.50
2025-07-11 04:29:38,010 - INFO - [AUDIT] - Decision: RECOVER_EPS, Reason: Critical voltage, Mode: Nominal
2025-07-11 04:29:38,010 - INFO - [AUDIT] - Rule Activated: CRITICAL_VOLTAGE, Reason: Bus voltage below threshold: 0.18 < 25.50
2025-07-11 04:29:38,010 - INFO - [AUDIT] - Decision: RECOVER_EPS, Reason: Critical voltage, Mode: Nominal
2025-07-11 04:29:38,010 - INFO - [AUDIT] - Rule Activated: CRITICAL_VOLTAGE, Reason: Bus voltage below threshold: 0.18 < 25.50
2025-07-11 04:29:38,010 - INFO - [AUDIT] - Decision: RECOVER_EPS, Reason: Critical voltage, Mode: Nominal
2025-07-11 04:29:38,010 - INFO - [AUDIT] - Rule Activated: CRITICAL_VOLTAGE, Reason: Bus voltage below threshold: 0.18 < 25.50
2025-07-11 04:29:38,010 - INFO - [AUDIT] - Decision: RECOVER_EPS, Reason: Critical voltage, Mode: Nominal
2025-07-11 04:29:38,010 - INFO - [AUDIT] - Rule Activated: CRITICAL_VOLTAGE, Reason: Bus voltage below threshold: 0.18 < 25.50
2025-07-11 04:29:38,010 - INFO - [AUDIT] - Decision: RECOVER_EPS, Reason: Critical voltage, Mode: Nominal
2025-07-11 04:29:38,011 - INFO - [AUDIT] - Rule Activated: CRITICAL_VOLTAGE, Reason: Bus voltage below threshold: 0.18 < 25.50
2025-07-11 04:29:38,011 - INFO - [AUDIT] - Decision: RECOVER_EPS, Reason: Critical voltage, Mode: Nominal
2025-07-11 04:29:38,011 - INFO - [AUDIT] - Rule Activated: CRITICAL_VOLTAGE, Reason: Bus voltage below threshold: 0.00 < 25.50
2025-07-11 04:29:38,011 - INFO - [AUDIT] - Decision: RECOVER_EPS, Reason: Critical voltage, Mode: Nominal
2025-07-11 04:29:38,011 - INFO - [AUDIT] - Rule Activated: CRITICAL_VOLTAGE, Reason: Bus voltage below threshold: 0.18 < 25.50
2025-07-11 04:29:38,011 - INFO - [AUDIT] - Decision: RECOVER_EPS, Reason: Critical voltage, Mode: Nominal
2025-07-11 04:29:38,011 - INFO - [AUDIT] - Rule Activated: CRITICAL_VOLTAGE, Reason: Bus voltage below threshold: 0.18 < 25.50
2025-07-11 04:29:38,011 - INFO - [AUDIT] - Decision: RECOVER_EPS, Reason: Critical voltage, Mode: Nominal
2025-07-11 04:29:38,012 - INFO - [AUDIT] - Rule Activated: CRITICAL_VOLTAGE, Reason: Bus voltage below threshold: 0.18 < 25.50
2025-07-11 04:29:38,012 - INFO - [AUDIT] - Decision: RECOVER_EPS, Reason: Critical voltage, Mode: Nominal
2025-07-11 04:29:38,012 - INFO - [AUDIT] - Rule Activated: CRITICAL_VOLTAGE, Reason: Bus voltage below threshold: 0.18 < 25.50
2025-07-11 04:29:38,012 - INFO - [AUDIT] - Decision: RECOVER_EPS, Reason: Critical voltage, Mode: Nominal
2025-07-11 04:29:38,012 - INFO - [AUDIT] - Rule Activated: CRITICAL_VOLTAGE, Reason: Bus voltage below threshold: 0.18 < 25.50
2025-07-11 04:29:38,012 - INFO - [AUDIT] - Decision: RECOVER_EPS, Reason: Critical voltage, Mode: Nominal
2025-07-11 04:29:38,012 - INFO - [AUDIT] - Rule Activated: CRITICAL_VOLTAGE, Reason: Bus voltage below threshold: 0.18 < 25.50
2025-07-11 04:29:38,012 - INFO - [AUDIT] - Decision: RECOVER_EPS, Reason: Critical voltage, Mode: Nominal
2025-07-11 04:29:38,012 - INFO - [AUDIT] - Rule Activated: CRITICAL_VOLTAGE, Reason: Bus voltage below threshold: 0.18 < 25.50
2025-07-11 04:29:38,013 - INFO - [AUDIT] - Decision: RECOVER_EPS, Reason: Critical voltage, Mode: Nominal
2025-07-11 04:29:38,013 - INFO - [AUDIT] - Rule Activated: CRITICAL_VOLTAGE, Reason: Bus voltage below threshold: 0.18 < 25.50
2025-07-11 04:29:38,013 - INFO - [AUDIT] - Decision: RECOVER_EPS, Reason: Critical voltage, Mode: Nominal
2025-07-11 04:29:38,013 - INFO - [AUDIT] - Rule Activated: CRITICAL_VOLTAGE, Reason: Bus voltage below threshold: 0.18 < 25.50
2025-07-11 04:29:38,013 - INFO - [AUDIT] - Decision: RECOVER_EPS, Reason: Critical voltage, Mode: Nominal
2025-07-11 04:29:38,013 - INFO - [AUDIT] - Rule Activated: CRITICAL_VOLTAGE, Reason: Bus voltage below threshold: 0.18 < 25.50
2025-07-11 04:29:38,013 - INFO - [AUDIT] - Decision: RECOVER_EPS, Reason: Critical voltage, Mode: Nominal
2025-07-11 04:29:38,013 - INFO - [AUDIT] - Rule Activated: CRITICAL_VOLTAGE, Reason: Bus voltage below threshold: 0.18 < 25.50
2025-07-11 04:29:38,013 - INFO - [AUDIT] - Decision: RECOVER_EPS, Reason: Critical voltage, Mode: Nominal
2025-07-11 04:29:38,013 - INFO - [AUDIT] - Rule Activated: CRITICAL_VOLTAGE, Reason: Bus voltage below threshold: 0.18 < 25.50
2025-07-11 04:29:38,013 - INFO - [AUDIT] - Decision: RECOVER_EPS, Reason: Critical voltage, Mode: Nominal
2025-07-11 04:29:38,014 - INFO - [AUDIT] - Rule Activated: CRITICAL_VOLTAGE, Reason: Bus voltage below threshold: 0.18 < 25.50
2025-07-11 04:29:38,014 - INFO - [AUDIT] - Decision: RECOVER_EPS, Reason: Critical voltage, Mode: Nominal
2025-07-11 04:29:38,014 - INFO - [AUDIT] - Rule Activated: CRITICAL_VOLTAGE, Reason: Bus voltage below threshold: 0.18 < 25.50
2025-07-11 04:29:38,014 - INFO - [AUDIT] - Decision: RECOVER_EPS, Reason: Critical voltage, Mode: Nominal
2025-07-11 04:29:38,014 - INFO - [AUDIT] - Rule Activated: CRITICAL_VOLTAGE, Reason: Bus voltage below threshold: 0.18 < 25.50
2025-07-11 04:29:38,014 - INFO - [AUDIT] - Decision: RECOVER_EPS, Reason: Critical voltage, Mode: Nominal
2025-07-11 04:29:38,014 - INFO - [AUDIT] - Rule Activated: CRITICAL_VOLTAGE, Reason: Bus voltage below threshold: 0.18 < 25.50
2025-07-11 04:29:38,014 - INFO - [AUDIT] - Decision: RECOVER_EPS, Reason: Critical voltage, Mode: Nominal
2025-07-11 04:29:38,014 - INFO - [AUDIT] - Rule Activated: CRITICAL_VOLTAGE, Reason: Bus voltage below threshold: 0.18 < 25.50
2025-07-11 04:29:38,014 - INFO - [AUDIT] - Decision: RECOVER_EPS, Reason: Critical voltage, Mode: Nominal
2025-07-11 04:29:38,014 - INFO - [AUDIT] - Rule Activated: CRITICAL_VOLTAGE, Reason: Bus voltage below threshold: 0.18 < 25.50
2025-07-11 04:29:38,014 - INFO - [AUDIT] - Decision: RECOVER_EPS, Reason: Critical voltage, Mode: Nominal
2025-07-11 04:29:38,015 - INFO - [AUDIT] - Rule Activated: CRITICAL_VOLTAGE, Reason: Bus voltage below threshold: 0.18 < 25.50
2025-07-11 04:29:38,015 - INFO - [AUDIT] - Decision: RECOVER_EPS, Reason: Critical voltage, Mode: Nominal
2025-07-11 04:29:38,015 - INFO - [AUDIT] - Rule Activated: CRITICAL_VOLTAGE, Reason: Bus voltage below threshold: 0.18 < 25.50
2025-07-11 04:29:38,015 - INFO - [AUDIT] - Decision: RECOVER_EPS, Reason: Critical voltage, Mode: Nominal
2025-07-11 04:29:38,015 - INFO - [AUDIT] - Rule Activated: CRITICAL_VOLTAGE, Reason: Bus voltage below threshold: 0.18 < 25.50
2025-07-11 04:29:38,015 - INFO - [AUDIT] - Decision: RECOVER_EPS, Reason: Critical voltage, Mode: Nominal
2025-07-11 04:29:38,015 - INFO - [AUDIT] - Rule Activated: CRITICAL_VOLTAGE, Reason: Bus voltage below threshold: 0.18 < 25.50
2025-07-11 04:29:38,015 - INFO - [AUDIT] - Decision: RECOVER_EPS, Reason: Critical voltage, Mode: Nominal
2025-07-11 04:29:38,015 - INFO - [AUDIT] - Rule Activated: CRITICAL_VOLTAGE, Reason: Bus voltage below threshold: 0.18 < 25.50
2025-07-11 04:29:38,015 - INFO - [AUDIT] - Decision: RECOVER_EPS, Reason: Critical voltage, Mode: Nominal
2025-07-11 04:29:38,015 - INFO - [AUDIT] - Rule Activated: CRITICAL_VOLTAGE, Reason: Bus voltage below threshold: 0.18 < 25.50
2025-07-11 04:29:38,015 - INFO - [AUDIT] - Decision: RECOVER_EPS, Reason: Critical voltage, Mode: Nominal
2025-07-11 04:29:38,016 - INFO - [AUDIT] - Rule Activated: CRITICAL_VOLTAGE, Reason: Bus voltage below threshold: 0.18 < 25.50
2025-07-11 04:29:38,016 - INFO - [AUDIT] - Decision: RECOVER_EPS, Reason: Critical voltage, Mode: Nominal
2025-07-11 04:29:38,016 - INFO - [AUDIT] - Rule Activated: CRITICAL_VOLTAGE, Reason: Bus voltage below threshold: 0.18 < 25.50
2025-07-11 04:29:38,016 - INFO - [AUDIT] - Decision: RECOVER_EPS, Reason: Critical voltage, Mode: Nominal
2025-07-11 04:29:38,016 - INFO - [AUDIT] - Rule Activated: CRITICAL_VOLTAGE, Reason: Bus voltage below threshold: 0.18 < 25.50
2025-07-11 04:29:38,016 - INFO - [AUDIT] - Decision: RECOVER_EPS, Reason: Critical voltage, Mode: Nominal
2025-07-11 04:29:38,016 - INFO - [AUDIT] - Rule Activated: CRITICAL_VOLTAGE, Reason: Bus voltage below threshold: 0.18 < 25.50
2025-07-11 04:29:38,016 - INFO - [AUDIT] - Decision: RECOVER_EPS, Reason: Critical voltage, Mode: Nominal
2025-07-11 04:29:38,016 - INFO - [AUDIT] - Rule Activated: CRITICAL_VOLTAGE, Reason: Bus voltage below threshold: 0.18 < 25.50
2025-07-11 04:29:38,016 - INFO - [AUDIT] - Decision: RECOVER_EPS, Reason: Critical voltage, Mode: Nominal
2025-07-11 04:29:38,017 - INFO - [AUDIT] - Rule Activated: CRITICAL_VOLTAGE, Reason: Bus voltage below threshold: 0.18 < 25.50
2025-07-11 04:29:38,017 - INFO - [AUDIT] - Decision: RECOVER_EPS, Reason: Critical voltage, Mode: Nominal
2025-07-11 04:29:38,017 - INFO - [AUDIT] - Rule Activated: CRITICAL_VOLTAGE, Reason: Bus voltage below threshold: 0.18 < 25.50
2025-07-11 04:29:38,017 - INFO - [AUDIT] - Decision: RECOVER_EPS, Reason: Critical voltage, Mode: Nominal
2025-07-11 04:29:38,017 - INFO - [AUDIT] - Rule Activated: CRITICAL_VOLTAGE, Reason: Bus voltage below threshold: 0.18 < 25.50
2025-07-11 04:29:38,017 - INFO - [AUDIT] - Decision: RECOVER_EPS, Reason: Critical voltage, Mode: Nominal
2025-07-11 04:29:38,017 - INFO - [AUDIT] - Rule Activated: CRITICAL_VOLTAGE, Reason: Bus voltage below threshold: 0.18 < 25.50
2025-07-11 04:29:38,017 - INFO - [AUDIT] - Decision: RECOVER_EPS, Reason: Critical voltage, Mode: Nominal
2025-07-11 04:29:38,017 - INFO - [AUDIT] - Rule Activated: CRITICAL_VOLTAGE, Reason: Bus voltage below threshold: 0.18 < 25.50
2025-07-11 04:29:38,017 - INFO - [AUDIT] - Decision: RECOVER_EPS, Reason: Critical voltage, Mode: Nominal
2025-07-11 04:29:38,017 - INFO - [AUDIT] - Rule Activated: CRITICAL_VOLTAGE, Reason: Bus voltage below threshold: 0.18 < 25.50
2025-07-11 04:29:38,017 - INFO - [AUDIT] - Decision: RECOVER_EPS, Reason: Critical voltage, Mode: Nominal
2025-07-11 04:29:38,018 - INFO - [AUDIT] - Rule Activated: CRITICAL_VOLTAGE, Reason: Bus voltage below threshold: 0.18 < 25.50
2025-07-11 04:29:38,018 - INFO - [AUDIT] - Decision: RECOVER_EPS, Reason: Critical voltage, Mode: Nominal
2025-07-11 04:29:38,018 - INFO - [AUDIT] - Rule Activated: CRITICAL_VOLTAGE, Reason: Bus voltage below threshold: 0.18 < 25.50
2025-07-11 04:29:38,018 - INFO - [AUDIT] - Decision: RECOVER_EPS, Reason: Critical voltage, Mode: Nominal
2025-07-11 04:29:38,018 - INFO - [AUDIT] - Rule Activated: CRITICAL_VOLTAGE, Reason: Bus voltage below threshold: 0.18 < 25.50
2025-07-11 04:29:38,018 - INFO - [AUDIT] - Decision: RECOVER_EPS, Reason: Critical voltage, Mode: Nominal
2025-07-11 04:29:38,018 - INFO - [AUDIT] - Rule Activated: CRITICAL_VOLTAGE, Reason: Bus voltage below threshold: 0.18 < 25.50
2025-07-11 04:29:38,018 - INFO - [AUDIT] - Decision: RECOVER_EPS, Reason: Critical voltage, Mode: Nominal
2025-07-11 04:29:38,018 - INFO - [AUDIT] - Rule Activated: CRITICAL_VOLTAGE, Reason: Bus voltage below threshold: 0.18 < 25.50
2025-07-11 04:29:38,018 - INFO - [AUDIT] - Decision: RECOVER_EPS, Reason: Critical voltage, Mode: Nominal
2025-07-11 04:29:38,018 - INFO - [AUDIT] - Rule Activated: CRITICAL_VOLTAGE, Reason: Bus voltage below threshold: 0.18 < 25.50
2025-07-11 04:29:38,018 - INFO - [AUDIT] - Decision: RECOVER_EPS, Reason: Critical voltage, Mode: Nominal
2025-07-11 04:29:38,019 - INFO - [AUDIT] - Rule Activated: CRITICAL_VOLTAGE, Reason: Bus voltage below threshold: 0.18 < 25.50
2025-07-11 04:29:38,019 - INFO - [AUDIT] - Decision: RECOVER_EPS, Reason: Critical voltage, Mode: Nominal
2025-07-11 04:29:38,019 - INFO - [AUDIT] - Rule Activated: CRITICAL_VOLTAGE, Reason: Bus voltage below threshold: 0.18 < 25.50
2025-07-11 04:29:38,019 - INFO - [AUDIT] - Decision: RECOVER_EPS, Reason: Critical voltage, Mode: Nominal
2025-07-11 04:29:38,019 - INFO - [AUDIT] - Rule Activated: CRITICAL_VOLTAGE, Reason: Bus voltage below threshold: 0.18 < 25.50
2025-07-11 04:29:38,019 - INFO - [AUDIT] - Decision: RECOVER_EPS, Reason: Critical voltage, Mode: Nominal
2025-07-11 04:29:38,019 - INFO - [AUDIT] - Rule Activated: CRITICAL_VOLTAGE, Reason: Bus voltage below threshold: 0.18 < 25.50
2025-07-11 04:29:38,019 - INFO - [AUDIT] - Decision: RECOVER_EPS, Reason: Critical voltage, Mode: Nominal
2025-07-11 04:29:38,019 - INFO - [AUDIT] - Rule Activated: CRITICAL_VOLTAGE, Reason: Bus voltage below threshold: 0.18 < 25.50
2025-07-11 04:29:38,019 - INFO - [AUDIT] - Decision: RECOVER_EPS, Reason: Critical voltage, Mode: Nominal
2025-07-11 04:29:38,020 - INFO - [AUDIT] - Rule Activated: CRITICAL_VOLTAGE, Reason: Bus voltage below threshold: 0.18 < 25.50
2025-07-11 04:29:38,020 - INFO - [AUDIT] - Decision: RECOVER_EPS, Reason: Critical voltage, Mode: Nominal
2025-07-11 04:29:38,020 - INFO - [AUDIT] - Rule Activated: CRITICAL_VOLTAGE, Reason: Bus voltage below threshold: 0.18 < 25.50
2025-07-11 04:29:38,020 - INFO - [AUDIT] - Decision: RECOVER_EPS, Reason: Critical voltage, Mode: Nominal
2025-07-11 04:29:38,020 - INFO - [AUDIT] - Rule Activated: CRITICAL_VOLTAGE, Reason: Bus voltage below threshold: 0.18 < 25.50
2025-07-11 04:29:38,020 - INFO - [AUDIT] - Decision: RECOVER_EPS, Reason: Critical voltage, Mode: Nominal
2025-07-11 04:29:38,020 - INFO - [AUDIT] - Rule Activated: CRITICAL_VOLTAGE, Reason: Bus voltage below threshold: 0.18 < 25.50
2025-07-11 04:29:38,020 - INFO - [AUDIT] - Decision: RECOVER_EPS, Reason: Critical voltage, Mode: Nominal
2025-07-11 04:29:38,020 - INFO - [AUDIT] - Rule Activated: CRITICAL_VOLTAGE, Reason: Bus voltage below threshold: 0.18 < 25.50
2025-07-11 04:29:38,020 - INFO - [AUDIT] - Decision: RECOVER_EPS, Reason: Critical voltage, Mode: Nominal
2025-07-11 04:29:38,021 - INFO - [AUDIT] - Rule Activated: CRITICAL_VOLTAGE, Reason: Bus voltage below threshold: 0.18 < 25.50
2025-07-11 04:29:38,021 - INFO - [AUDIT] - Decision: RECOVER_EPS, Reason: Critical voltage, Mode: Nominal
2025-07-11 04:29:38,021 - INFO - [AUDIT] - Rule Activated: CRITICAL_VOLTAGE, Reason: Bus voltage below threshold: 0.18 < 25.50
2025-07-11 04:29:38,021 - INFO - [AUDIT] - Decision: RECOVER_EPS, Reason: Critical voltage, Mode: Nominal
2025-07-11 04:29:38,021 - INFO - [AUDIT] - Rule Activated: CRITICAL_VOLTAGE, Reason: Bus voltage below threshold: 0.18 < 25.50
2025-07-11 04:29:38,021 - INFO - [AUDIT] - Decision: RECOVER_EPS, Reason: Critical voltage, Mode: Nominal
2025-07-11 04:29:38,022 - INFO - [AUDIT] - Rule Activated: CRITICAL_VOLTAGE, Reason: Bus voltage below threshold: 0.18 < 25.50
2025-07-11 04:29:38,022 - INFO - [AUDIT] - Decision: RECOVER_EPS, Reason: Critical voltage, Mode: Nominal
2025-07-11 04:29:38,022 - INFO - [AUDIT] - Rule Activated: CRITICAL_VOLTAGE, Reason: Bus voltage below threshold: 0.18 < 25.50
2025-07-11 04:29:38,022 - INFO - [AUDIT] - Decision: RECOVER_EPS, Reason: Critical voltage, Mode: Nominal
2025-07-11 04:29:38,022 - INFO - [AUDIT] - Rule Activated: CRITICAL_VOLTAGE, Reason: Bus voltage below threshold: 0.18 < 25.50
2025-07-11 04:29:38,022 - INFO - [AUDIT] - Decision: RECOVER_EPS, Reason: Critical voltage, Mode: Nominal
2025-07-11 04:29:38,022 - INFO - [AUDIT] - Rule Activated: CRITICAL_VOLTAGE, Reason: Bus voltage below threshold: 0.18 < 25.50
2025-07-11 04:29:38,022 - INFO - [AUDIT] - Decision: RECOVER_EPS, Reason: Critical voltage, Mode: Nominal
2025-07-11 04:29:38,022 - INFO - [AUDIT] - Rule Activated: CRITICAL_VOLTAGE, Reason: Bus voltage below threshold: 0.18 < 25.50
2025-07-11 04:29:38,023 - INFO - [AUDIT] - Decision: RECOVER_EPS, Reason: Critical voltage, Mode: Nominal
2025-07-11 04:29:38,023 - INFO - [AUDIT] - Rule Activated: CRITICAL_VOLTAGE, Reason: Bus voltage below threshold: 0.18 < 25.50
2025-07-11 04:29:38,023 - INFO - [AUDIT] - Decision: RECOVER_EPS, Reason: Critical voltage, Mode: Nominal
2025-07-11 04:29:38,023 - INFO - [AUDIT] - Rule Activated: CRITICAL_VOLTAGE, Reason: Bus voltage below threshold: 0.18 < 25.50
2025-07-11 04:29:38,023 - INFO - [AUDIT] - Decision: RECOVER_EPS, Reason: Critical voltage, Mode: Nominal
2025-07-11 04:29:38,024 - INFO - [AUDIT] - Rule Activated: CRITICAL_VOLTAGE, Reason: Bus voltage below threshold: 0.18 < 25.50
2025-07-11 04:29:38,024 - INFO - [AUDIT] - Decision: RECOVER_EPS, Reason: Critical voltage, Mode: Nominal
2025-07-11 04:29:38,024 - INFO - [AUDIT] - Rule Activated: CRITICAL_VOLTAGE, Reason: Bus voltage below threshold: 0.18 < 25.50
2025-07-11 04:29:38,024 - INFO - [AUDIT] - Decision: RECOVER_EPS, Reason: Critical voltage, Mode: Nominal
2025-07-11 04:29:38,024 - INFO - [AUDIT] - Rule Activated: CRITICAL_VOLTAGE, Reason: Bus voltage below threshold: 0.18 < 25.50
2025-07-11 04:29:38,024 - INFO - [AUDIT] - Decision: RECOVER_EPS, Reason: Critical voltage, Mode: Nominal
2025-07-11 04:29:38,024 - INFO - [AUDIT] - Rule Activated: CRITICAL_VOLTAGE, Reason: Bus voltage below threshold: 0.18 < 25.50
2025-07-11 04:29:38,025 - INFO - [AUDIT] - Decision: RECOVER_EPS, Reason: Critical voltage, Mode: Nominal
2025-07-11 04:29:38,025 - INFO - [AUDIT] - Rule Activated: CRITICAL_VOLTAGE, Reason: Bus voltage below threshold: 0.18 < 25.50
2025-07-11 04:29:38,025 - INFO - [AUDIT] - Decision: RECOVER_EPS, Reason: Critical voltage, Mode: Nominal
2025-07-11 04:29:38,026 - INFO - [AUDIT] - Rule Activated: CRITICAL_VOLTAGE, Reason: Bus voltage below threshold: 0.18 < 25.50
2025-07-11 04:29:38,026 - INFO - [AUDIT] - Decision: RECOVER_EPS, Reason: Critical voltage, Mode: Nominal
2025-07-11 04:29:38,026 - INFO - [AUDIT] - Rule Activated: CRITICAL_VOLTAGE, Reason: Bus voltage below threshold: 0.18 < 25.50
2025-07-11 04:29:38,026 - INFO - [AUDIT] - Decision: RECOVER_EPS, Reason: Critical voltage, Mode: Nominal
2025-07-11 04:29:38,026 - INFO - [AUDIT] - Rule Activated: CRITICAL_VOLTAGE, Reason: Bus voltage below threshold: 0.18 < 25.50
2025-07-11 04:29:38,026 - INFO - [AUDIT] - Decision: RECOVER_EPS, Reason: Critical voltage, Mode: Nominal
2025-07-11 04:29:38,027 - INFO - [AUDIT] - Rule Activated: CRITICAL_VOLTAGE, Reason: Bus voltage below threshold: 0.18 < 25.50
2025-07-11 04:29:38,027 - INFO - [AUDIT] - Decision: RECOVER_EPS, Reason: Critical voltage, Mode: Nominal
2025-07-11 04:29:38,027 - INFO - [AUDIT] - Rule Activated: CRITICAL_VOLTAGE, Reason: Bus voltage below threshold: 0.18 < 25.50
2025-07-11 04:29:38,027 - INFO - [AUDIT] - Decision: RECOVER_EPS, Reason: Critical voltage, Mode: Nominal
2025-07-11 04:29:38,027 - INFO - [AUDIT] - Rule Activated: CRITICAL_VOLTAGE, Reason: Bus voltage below threshold: 0.18 < 25.50
2025-07-11 04:29:38,027 - INFO - [AUDIT] - Decision: RECOVER_EPS, Reason: Critical voltage, Mode: Nominal
2025-07-11 04:29:38,027 - INFO - [AUDIT] - Rule Activated: CRITICAL_VOLTAGE, Reason: Bus voltage below threshold: 0.18 < 25.50
2025-07-11 04:29:38,027 - INFO - [AUDIT] - Decision: RECOVER_EPS, Reason: Critical voltage, Mode: Nominal
2025-07-11 04:29:38,027 - INFO - [AUDIT] - Rule Activated: CRITICAL_VOLTAGE, Reason: Bus voltage below threshold: 0.18 < 25.50
2025-07-11 04:29:38,027 - INFO - [AUDIT] - Decision: RECOVER_EPS, Reason: Critical voltage, Mode: Nominal
2025-07-11 04:29:38,028 - INFO - [AUDIT] - Rule Activated: CRITICAL_VOLTAGE, Reason: Bus voltage below threshold: 0.18 < 25.50
2025-07-11 04:29:38,028 - INFO - [AUDIT] - Decision: RECOVER_EPS, Reason: Critical voltage, Mode: Nominal
2025-07-11 04:29:38,028 - INFO - [AUDIT] - Rule Activated: CRITICAL_VOLTAGE, Reason: Bus voltage below threshold: 0.18 < 25.50
2025-07-11 04:29:38,028 - INFO - [AUDIT] - Decision: RECOVER_EPS, Reason: Critical voltage, Mode: Nominal
2025-07-11 04:29:38,028 - INFO - [AUDIT] - Rule Activated: CRITICAL_VOLTAGE, Reason: Bus voltage below threshold: 0.18 < 25.50
2025-07-11 04:29:38,028 - INFO - [AUDIT] - Decision: RECOVER_EPS, Reason: Critical voltage, Mode: Nominal
2025-07-11 04:29:38,028 - INFO - [AUDIT] - Rule Activated: CRITICAL_VOLTAGE, Reason: Bus voltage below threshold: 0.18 < 25.50
2025-07-11 04:29:38,028 - INFO - [AUDIT] - Decision: RECOVER_EPS, Reason: Critical voltage, Mode: Nominal
2025-07-11 04:29:38,028 - INFO - [AUDIT] - Rule Activated: CRITICAL_VOLTAGE, Reason: Bus voltage below threshold: 0.18 < 25.50
2025-07-11 04:29:38,028 - INFO - [AUDIT] - Decision: RECOVER_EPS, Reason: Critical voltage, Mode: Nominal
2025-07-11 04:29:38,029 - INFO - [AUDIT] - Rule Activated: CRITICAL_VOLTAGE, Reason: Bus voltage below threshold: 0.18 < 25.50
2025-07-11 04:29:38,029 - INFO - [AUDIT] - Decision: RECOVER_EPS, Reason: Critical voltage, Mode: Nominal
2025-07-11 04:29:38,029 - INFO - [AUDIT] - Rule Activated: CRITICAL_VOLTAGE, Reason: Bus voltage below threshold: 0.18 < 25.50
2025-07-11 04:29:38,029 - INFO - [AUDIT] - Decision: RECOVER_EPS, Reason: Critical voltage, Mode: Nominal
2025-07-11 04:29:38,029 - INFO - [AUDIT] - Rule Activated: CRITICAL_VOLTAGE, Reason: Bus voltage below threshold: 0.18 < 25.50
2025-07-11 04:29:38,029 - INFO - [AUDIT] - Decision: RECOVER_EPS, Reason: Critical voltage, Mode: Nominal
2025-07-11 04:29:38,029 - INFO - [AUDIT] - Rule Activated: CRITICAL_VOLTAGE, Reason: Bus voltage below threshold: 0.18 < 25.50
2025-07-11 04:29:38,029 - INFO - [AUDIT] - Decision: RECOVER_EPS, Reason: Critical voltage, Mode: Nominal
2025-07-11 04:29:38,029 - INFO - [AUDIT] - Rule Activated: CRITICAL_VOLTAGE, Reason: Bus voltage below threshold: 0.18 < 25.50
2025-07-11 04:29:38,029 - INFO - [AUDIT] - Decision: RECOVER_EPS, Reason: Critical voltage, Mode: Nominal
2025-07-11 04:29:38,030 - INFO - [AUDIT] - Rule Activated: CRITICAL_VOLTAGE, Reason: Bus voltage below threshold: 0.18 < 25.50
2025-07-11 04:29:38,030 - INFO - [AUDIT] - Decision: RECOVER_EPS, Reason: Critical voltage, Mode: Nominal
2025-07-11 04:29:38,030 - INFO - [AUDIT] - Rule Activated: CRITICAL_VOLTAGE, Reason: Bus voltage below threshold: 0.18 < 25.50
2025-07-11 04:29:38,030 - INFO - [AUDIT] - Decision: RECOVER_EPS, Reason: Critical voltage, Mode: Nominal
2025-07-11 04:29:38,031 - INFO - [AUDIT] - Rule Activated: CRITICAL_VOLTAGE, Reason: Bus voltage below threshold: 0.18 < 25.50
2025-07-11 04:29:38,031 - INFO - [AUDIT] - Decision: RECOVER_EPS, Reason: Critical voltage, Mode: Nominal
2025-07-11 04:29:38,031 - INFO - [AUDIT] - Rule Activated: CRITICAL_VOLTAGE, Reason: Bus voltage below threshold: 0.18 < 25.50
2025-07-11 04:29:38,031 - INFO - [AUDIT] - Decision: RECOVER_EPS, Reason: Critical voltage, Mode: Nominal
2025-07-11 04:29:38,031 - INFO - [AUDIT] - Rule Activated: CRITICAL_VOLTAGE, Reason: Bus voltage below threshold: 0.18 < 25.50
2025-07-11 04:29:38,031 - INFO - [AUDIT] - Decision: RECOVER_EPS, Reason: Critical voltage, Mode: Nominal
2025-07-11 04:29:38,031 - INFO - [AUDIT] - Rule Activated: CRITICAL_VOLTAGE, Reason: Bus voltage below threshold: 0.18 < 25.50
2025-07-11 04:29:38,031 - INFO - [AUDIT] - Decision: RECOVER_EPS, Reason: Critical voltage, Mode: Nominal
2025-07-11 04:29:38,031 - INFO - [AUDIT] - Rule Activated: CRITICAL_VOLTAGE, Reason: Bus voltage below threshold: 0.18 < 25.50
2025-07-11 04:29:38,031 - INFO - [AUDIT] - Decision: RECOVER_EPS, Reason: Critical voltage, Mode: Nominal
2025-07-11 04:29:38,032 - INFO - [AUDIT] - Rule Activated: CRITICAL_VOLTAGE, Reason: Bus voltage below threshold: 0.18 < 25.50
2025-07-11 04:29:38,032 - INFO - [AUDIT] - Decision: RECOVER_EPS, Reason: Critical voltage, Mode: Nominal
2025-07-11 04:29:38,032 - INFO - [AUDIT] - Rule Activated: CRITICAL_VOLTAGE, Reason: Bus voltage below threshold: 0.18 < 25.50
2025-07-11 04:29:38,032 - INFO - [AUDIT] - Decision: RECOVER_EPS, Reason: Critical voltage, Mode: Nominal
2025-07-11 04:29:38,032 - INFO - [AUDIT] - Rule Activated: CRITICAL_VOLTAGE, Reason: Bus voltage below threshold: 0.18 < 25.50
2025-07-11 04:29:38,032 - INFO - [AUDIT] - Decision: RECOVER_EPS, Reason: Critical voltage, Mode: Nominal
2025-07-11 04:29:38,032 - INFO - [AUDIT] - Rule Activated: CRITICAL_VOLTAGE, Reason: Bus voltage below threshold: 0.18 < 25.50
2025-07-11 04:29:38,032 - INFO - [AUDIT] - Decision: RECOVER_EPS, Reason: Critical voltage, Mode: Nominal
2025-07-11 04:29:38,032 - INFO - [AUDIT] - Rule Activated: CRITICAL_VOLTAGE, Reason: Bus voltage below threshold: 0.18 < 25.50
2025-07-11 04:29:38,032 - INFO - [AUDIT] - Decision: RECOVER_EPS, Reason: Critical voltage, Mode: Nominal
2025-07-11 04:29:38,032 - INFO - [AUDIT] - Rule Activated: CRITICAL_VOLTAGE, Reason: Bus voltage below threshold: 0.18 < 25.50
2025-07-11 04:29:38,032 - INFO - [AUDIT] - Decision: RECOVER_EPS, Reason: Critical voltage, Mode: Nominal
2025-07-11 04:29:38,032 - INFO - [AUDIT] - Rule Activated: CRITICAL_VOLTAGE, Reason: Bus voltage below threshold: 0.18 < 25.50
2025-07-11 04:29:38,032 - INFO - [AUDIT] - Decision: RECOVER_EPS, Reason: Critical voltage, Mode: Nominal
2025-07-11 04:29:38,033 - INFO - [AUDIT] - Rule Activated: CRITICAL_VOLTAGE, Reason: Bus voltage below threshold: 0.18 < 25.50
2025-07-11 04:29:38,033 - INFO - [AUDIT] - Decision: RECOVER_EPS, Reason: Critical voltage, Mode: Nominal
2025-07-11 04:29:38,033 - INFO - [AUDIT] - Rule Activated: CRITICAL_VOLTAGE, Reason: Bus voltage below threshold: 0.18 < 25.50
2025-07-11 04:29:38,033 - INFO - [AUDIT] - Decision: RECOVER_EPS, Reason: Critical voltage, Mode: Nominal
2025-07-11 04:29:38,033 - INFO - [AUDIT] - Rule Activated: CRITICAL_VOLTAGE, Reason: Bus voltage below threshold: 0.18 < 25.50
2025-07-11 04:29:38,033 - INFO - [AUDIT] - Decision: RECOVER_EPS, Reason: Critical voltage, Mode: Nominal
2025-07-11 04:29:38,033 - INFO - [AUDIT] - Rule Activated: CRITICAL_VOLTAGE, Reason: Bus voltage below threshold: 0.18 < 25.50
2025-07-11 04:29:38,033 - INFO - [AUDIT] - Decision: RECOVER_EPS, Reason: Critical voltage, Mode: Nominal
2025-07-11 04:29:38,033 - INFO - [AUDIT] - Rule Activated: CRITICAL_VOLTAGE, Reason: Bus voltage below threshold: 0.18 < 25.50
2025-07-11 04:29:38,033 - INFO - [AUDIT] - Decision: RECOVER_EPS, Reason: Critical voltage, Mode: Nominal
2025-07-11 04:29:38,033 - INFO - [AUDIT] - Rule Activated: CRITICAL_VOLTAGE, Reason: Bus voltage below threshold: 0.18 < 25.50
2025-07-11 04:29:38,034 - INFO - [AUDIT] - Decision: RECOVER_EPS, Reason: Critical voltage, Mode: Nominal
2025-07-11 04:29:38,034 - INFO - [AUDIT] - Rule Activated: CRITICAL_VOLTAGE, Reason: Bus voltage below threshold: 0.18 < 25.50
2025-07-11 04:29:38,034 - INFO - [AUDIT] - Decision: RECOVER_EPS, Reason: Critical voltage, Mode: Nominal
2025-07-11 04:29:38,034 - INFO - [AUDIT] - Rule Activated: CRITICAL_VOLTAGE, Reason: Bus voltage below threshold: 0.18 < 25.50
2025-07-11 04:29:38,034 - INFO - [AUDIT] - Decision: RECOVER_EPS, Reason: Critical voltage, Mode: Nominal
2025-07-11 04:29:38,034 - INFO - [AUDIT] - Rule Activated: CRITICAL_VOLTAGE, Reason: Bus voltage below threshold: 0.18 < 25.50
2025-07-11 04:29:38,034 - INFO - [AUDIT] - Decision: RECOVER_EPS, Reason: Critical voltage, Mode: Nominal
2025-07-11 04:29:38,034 - INFO - [AUDIT] - Rule Activated: CRITICAL_VOLTAGE, Reason: Bus voltage below threshold: 0.18 < 25.50
2025-07-11 04:29:38,034 - INFO - [AUDIT] - Decision: RECOVER_EPS, Reason: Critical voltage, Mode: Nominal
2025-07-11 04:29:38,034 - INFO - [AUDIT] - Rule Activated: CRITICAL_VOLTAGE, Reason: Bus voltage below threshold: 0.18 < 25.50
2025-07-11 04:29:38,035 - INFO - [AUDIT] - Decision: RECOVER_EPS, Reason: Critical voltage, Mode: Nominal
2025-07-11 04:29:38,035 - INFO - [AUDIT] - Rule Activated: CRITICAL_VOLTAGE, Reason: Bus voltage below threshold: 0.18 < 25.50
2025-07-11 04:29:38,035 - INFO - [AUDIT] - Decision: RECOVER_EPS, Reason: Critical voltage, Mode: Nominal
2025-07-11 04:29:38,035 - INFO - [AUDIT] - Rule Activated: CRITICAL_VOLTAGE, Reason: Bus voltage below threshold: 0.18 < 25.50
2025-07-11 04:29:38,035 - INFO - [AUDIT] - Decision: RECOVER_EPS, Reason: Critical voltage, Mode: Nominal
2025-07-11 04:29:38,035 - INFO - [AUDIT] - Rule Activated: CRITICAL_VOLTAGE, Reason: Bus voltage below threshold: 0.18 < 25.50
2025-07-11 04:29:38,035 - INFO - [AUDIT] - Decision: RECOVER_EPS, Reason: Critical voltage, Mode: Nominal
2025-07-11 04:29:38,035 - INFO - [AUDIT] - Rule Activated: CRITICAL_VOLTAGE, Reason: Bus voltage below threshold: 0.18 < 25.50
2025-07-11 04:29:38,035 - INFO - [AUDIT] - Decision: RECOVER_EPS, Reason: Critical voltage, Mode: Nominal
2025-07-11 04:29:38,036 - INFO - [AUDIT] - Rule Activated: CRITICAL_VOLTAGE, Reason: Bus voltage below threshold: 0.18 < 25.50
2025-07-11 04:29:38,036 - INFO - [AUDIT] - Decision: RECOVER_EPS, Reason: Critical voltage, Mode: Nominal
2025-07-11 04:29:38,036 - INFO - [AUDIT] - Rule Activated: CRITICAL_VOLTAGE, Reason: Bus voltage below threshold: 0.18 < 25.50
2025-07-11 04:29:38,036 - INFO - [AUDIT] - Decision: RECOVER_EPS, Reason: Critical voltage, Mode: Nominal
2025-07-11 04:29:38,036 - INFO - [AUDIT] - Rule Activated: CRITICAL_VOLTAGE, Reason: Bus voltage below threshold: 0.18 < 25.50
2025-07-11 04:29:38,036 - INFO - [AUDIT] - Decision: RECOVER_EPS, Reason: Critical voltage, Mode: Nominal
2025-07-11 04:29:38,036 - INFO - [AUDIT] - Rule Activated: CRITICAL_VOLTAGE, Reason: Bus voltage below threshold: 0.18 < 25.50
2025-07-11 04:29:38,036 - INFO - [AUDIT] - Decision: RECOVER_EPS, Reason: Critical voltage, Mode: Nominal
2025-07-11 04:29:38,036 - INFO - [AUDIT] - Rule Activated: CRITICAL_VOLTAGE, Reason: Bus voltage below threshold: 0.18 < 25.50
2025-07-11 04:29:38,036 - INFO - [AUDIT] - Decision: RECOVER_EPS, Reason: Critical voltage, Mode: Nominal
2025-07-11 04:29:38,037 - INFO - [AUDIT] - Rule Activated: CRITICAL_VOLTAGE, Reason: Bus voltage below threshold: 0.18 < 25.50
2025-07-11 04:29:38,037 - INFO - [AUDIT] - Decision: RECOVER_EPS, Reason: Critical voltage, Mode: Nominal
2025-07-11 04:29:38,037 - INFO - [AUDIT] - Rule Activated: CRITICAL_VOLTAGE, Reason: Bus voltage below threshold: 0.18 < 25.50
2025-07-11 04:29:38,037 - INFO - [AUDIT] - Decision: RECOVER_EPS, Reason: Critical voltage, Mode: Nominal
2025-07-11 04:29:38,037 - INFO - [AUDIT] - Rule Activated: CRITICAL_VOLTAGE, Reason: Bus voltage below threshold: 0.18 < 25.50
2025-07-11 04:29:38,037 - INFO - [AUDIT] - Decision: RECOVER_EPS, Reason: Critical voltage, Mode: Nominal
2025-07-11 04:29:38,037 - INFO - [AUDIT] - Rule Activated: CRITICAL_VOLTAGE, Reason: Bus voltage below threshold: 0.18 < 25.50
2025-07-11 04:29:38,037 - INFO - [AUDIT] - Decision: RECOVER_EPS, Reason: Critical voltage, Mode: Nominal
2025-07-11 04:29:38,037 - INFO - [AUDIT] - Rule Activated: CRITICAL_VOLTAGE, Reason: Bus voltage below threshold: 0.18 < 25.50
2025-07-11 04:29:38,037 - INFO - [AUDIT] - Decision: RECOVER_EPS, Reason: Critical voltage, Mode: Nominal
2025-07-11 04:29:38,038 - INFO - [AUDIT] - Rule Activated: CRITICAL_VOLTAGE, Reason: Bus voltage below threshold: 0.18 < 25.50
2025-07-11 04:29:38,038 - INFO - [AUDIT] - Decision: RECOVER_EPS, Reason: Critical voltage, Mode: Nominal
2025-07-11 04:29:38,038 - INFO - [AUDIT] - Rule Activated: CRITICAL_VOLTAGE, Reason: Bus voltage below threshold: 0.18 < 25.50
2025-07-11 04:29:38,038 - INFO - [AUDIT] - Decision: RECOVER_EPS, Reason: Critical voltage, Mode: Nominal
2025-07-11 04:29:38,038 - INFO - [AUDIT] - Rule Activated: CRITICAL_VOLTAGE, Reason: Bus voltage below threshold: 0.18 < 25.50
2025-07-11 04:29:38,038 - INFO - [AUDIT] - Decision: RECOVER_EPS, Reason: Critical voltage, Mode: Nominal
2025-07-11 04:29:38,038 - INFO - [AUDIT] - Rule Activated: CRITICAL_VOLTAGE, Reason: Bus voltage below threshold: 0.18 < 25.50
2025-07-11 04:29:38,038 - INFO - [AUDIT] - Decision: RECOVER_EPS, Reason: Critical voltage, Mode: Nominal
2025-07-11 04:29:38,038 - INFO - [AUDIT] - Rule Activated: CRITICAL_VOLTAGE, Reason: Bus voltage below threshold: 0.18 < 25.50
2025-07-11 04:29:38,038 - INFO - [AUDIT] - Decision: RECOVER_EPS, Reason: Critical voltage, Mode: Nominal
2025-07-11 04:29:38,038 - INFO - [AUDIT] - Rule Activated: CRITICAL_VOLTAGE, Reason: Bus voltage below threshold: 0.18 < 25.50
2025-07-11 04:29:38,038 - INFO - [AUDIT] - Decision: RECOVER_EPS, Reason: Critical voltage, Mode: Nominal
2025-07-11 04:29:38,039 - INFO - [AUDIT] - Rule Activated: CRITICAL_VOLTAGE, Reason: Bus voltage below threshold: 0.18 < 25.50
2025-07-11 04:29:38,039 - INFO - [AUDIT] - Decision: RECOVER_EPS, Reason: Critical voltage, Mode: Nominal
2025-07-11 04:29:38,039 - INFO - [AUDIT] - Rule Activated: CRITICAL_VOLTAGE, Reason: Bus voltage below threshold: 0.18 < 25.50
2025-07-11 04:29:38,039 - INFO - [AUDIT] - Decision: RECOVER_EPS, Reason: Critical voltage, Mode: Nominal
2025-07-11 04:29:38,039 - INFO - [AUDIT] - Rule Activated: CRITICAL_VOLTAGE, Reason: Bus voltage below threshold: 0.18 < 25.50
2025-07-11 04:29:38,039 - INFO - [AUDIT] - Decision: RECOVER_EPS, Reason: Critical voltage, Mode: Nominal
2025-07-11 04:29:38,039 - INFO - [AUDIT] - Rule Activated: CRITICAL_VOLTAGE, Reason: Bus voltage below threshold: 0.18 < 25.50
2025-07-11 04:29:38,039 - INFO - [AUDIT] - Decision: RECOVER_EPS, Reason: Critical voltage, Mode: Nominal
2025-07-11 04:29:38,040 - INFO - [AUDIT] - Rule Activated: CRITICAL_VOLTAGE, Reason: Bus voltage below threshold: 0.18 < 25.50
2025-07-11 04:29:38,040 - INFO - [AUDIT] - Decision: RECOVER_EPS, Reason: Critical voltage, Mode: Nominal
2025-07-11 04:29:38,040 - INFO - [AUDIT] - Rule Activated: CRITICAL_VOLTAGE, Reason: Bus voltage below threshold: 0.18 < 25.50
2025-07-11 04:29:38,040 - INFO - [AUDIT] - Decision: RECOVER_EPS, Reason: Critical voltage, Mode: Nominal
2025-07-11 04:29:38,040 - INFO - [AUDIT] - Rule Activated: CRITICAL_VOLTAGE, Reason: Bus voltage below threshold: 0.18 < 25.50
2025-07-11 04:29:38,040 - INFO - [AUDIT] - Decision: RECOVER_EPS, Reason: Critical voltage, Mode: Nominal
2025-07-11 04:29:38,041 - INFO - [AUDIT] - Rule Activated: CRITICAL_VOLTAGE, Reason: Bus voltage below threshold: 0.18 < 25.50
2025-07-11 04:29:38,041 - INFO - [AUDIT] - Decision: RECOVER_EPS, Reason: Critical voltage, Mode: Nominal
2025-07-11 04:29:38,041 - INFO - [AUDIT] - Rule Activated: CRITICAL_VOLTAGE, Reason: Bus voltage below threshold: 0.18 < 25.50
2025-07-11 04:29:38,041 - INFO - [AUDIT] - Decision: RECOVER_EPS, Reason: Critical voltage, Mode: Nominal
2025-07-11 04:29:38,041 - INFO - [AUDIT] - Rule Activated: CRITICAL_VOLTAGE, Reason: Bus voltage below threshold: 0.18 < 25.50
2025-07-11 04:29:38,041 - INFO - [AUDIT] - Decision: RECOVER_EPS, Reason: Critical voltage, Mode: Nominal
2025-07-11 04:29:38,041 - INFO - [AUDIT] - Rule Activated: CRITICAL_VOLTAGE, Reason: Bus voltage below threshold: 0.18 < 25.50
2025-07-11 04:29:38,041 - INFO - [AUDIT] - Decision: RECOVER_EPS, Reason: Critical voltage, Mode: Nominal
2025-07-11 04:29:38,041 - INFO - [AUDIT] - Rule Activated: CRITICAL_VOLTAGE, Reason: Bus voltage below threshold: 0.18 < 25.50
2025-07-11 04:29:38,041 - INFO - [AUDIT] - Decision: RECOVER_EPS, Reason: Critical voltage, Mode: Nominal
2025-07-11 04:29:38,042 - INFO - [AUDIT] - Rule Activated: CRITICAL_VOLTAGE, Reason: Bus voltage below threshold: 0.18 < 25.50
2025-07-11 04:29:38,042 - INFO - [AUDIT] - Decision: RECOVER_EPS, Reason: Critical voltage, Mode: Nominal
2025-07-11 04:29:38,042 - INFO - [AUDIT] - Rule Activated: CRITICAL_VOLTAGE, Reason: Bus voltage below threshold: 0.18 < 25.50
2025-07-11 04:29:38,042 - INFO - [AUDIT] - Decision: RECOVER_EPS, Reason: Critical voltage, Mode: Nominal
2025-07-11 04:29:38,042 - INFO - [AUDIT] - Rule Activated: CRITICAL_VOLTAGE, Reason: Bus voltage below threshold: 0.18 < 25.50
2025-07-11 04:29:38,042 - INFO - [AUDIT] - Decision: RECOVER_EPS, Reason: Critical voltage, Mode: Nominal
2025-07-11 04:29:38,042 - INFO - [AUDIT] - Rule Activated: CRITICAL_VOLTAGE, Reason: Bus voltage below threshold: 0.18 < 25.50
2025-07-11 04:29:38,042 - INFO - [AUDIT] - Decision: RECOVER_EPS, Reason: Critical voltage, Mode: Nominal
2025-07-11 04:29:38,042 - INFO - [AUDIT] - Rule Activated: CRITICAL_VOLTAGE, Reason: Bus voltage below threshold: 0.18 < 25.50
2025-07-11 04:29:38,042 - INFO - [AUDIT] - Decision: RECOVER_EPS, Reason: Critical voltage, Mode: Nominal
2025-07-11 04:29:38,042 - INFO - [AUDIT] - Rule Activated: CRITICAL_VOLTAGE, Reason: Bus voltage below threshold: 0.18 < 25.50
2025-07-11 04:29:38,042 - INFO - [AUDIT] - Decision: RECOVER_EPS, Reason: Critical voltage, Mode: Nominal
2025-07-11 04:29:38,043 - INFO - [AUDIT] - Rule Activated: CRITICAL_VOLTAGE, Reason: Bus voltage below threshold: 0.18 < 25.50
2025-07-11 04:29:38,043 - INFO - [AUDIT] - Decision: RECOVER_EPS, Reason: Critical voltage, Mode: Nominal
2025-07-11 04:29:38,043 - INFO - [AUDIT] - Rule Activated: CRITICAL_VOLTAGE, Reason: Bus voltage below threshold: 0.18 < 25.50
2025-07-11 04:29:38,043 - INFO - [AUDIT] - Decision: RECOVER_EPS, Reason: Critical voltage, Mode: Nominal
2025-07-11 04:29:38,043 - INFO - [AUDIT] - Rule Activated: CRITICAL_VOLTAGE, Reason: Bus voltage below threshold: 0.18 < 25.50
2025-07-11 04:29:38,043 - INFO - [AUDIT] - Decision: RECOVER_EPS, Reason: Critical voltage, Mode: Nominal
2025-07-11 04:29:38,043 - INFO - [AUDIT] - Rule Activated: CRITICAL_VOLTAGE, Reason: Bus voltage below threshold: 0.18 < 25.50
2025-07-11 04:29:38,043 - INFO - [AUDIT] - Decision: RECOVER_EPS, Reason: Critical voltage, Mode: Nominal
2025-07-11 04:29:38,043 - INFO - [AUDIT] - Rule Activated: CRITICAL_VOLTAGE, Reason: Bus voltage below threshold: 0.18 < 25.50
2025-07-11 04:29:38,043 - INFO - [AUDIT] - Decision: RECOVER_EPS, Reason: Critical voltage, Mode: Nominal
2025-07-11 04:29:38,044 - INFO - [AUDIT] - Rule Activated: CRITICAL_VOLTAGE, Reason: Bus voltage below threshold: 0.18 < 25.50
2025-07-11 04:29:38,044 - INFO - [AUDIT] - Decision: RECOVER_EPS, Reason: Critical voltage, Mode: Nominal
2025-07-11 04:29:38,044 - INFO - [AUDIT] - Rule Activated: CRITICAL_VOLTAGE, Reason: Bus voltage below threshold: 0.18 < 25.50
2025-07-11 04:29:38,044 - INFO - [AUDIT] - Decision: RECOVER_EPS, Reason: Critical voltage, Mode: Nominal
2025-07-11 04:29:38,044 - INFO - [AUDIT] - Rule Activated: CRITICAL_VOLTAGE, Reason: Bus voltage below threshold: 0.18 < 25.50
2025-07-11 04:29:38,044 - INFO - [AUDIT] - Decision: RECOVER_EPS, Reason: Critical voltage, Mode: Nominal
2025-07-11 04:29:38,044 - INFO - [AUDIT] - Rule Activated: CRITICAL_VOLTAGE, Reason: Bus voltage below threshold: 0.18 < 25.50
2025-07-11 04:29:38,044 - INFO - [AUDIT] - Decision: RECOVER_EPS, Reason: Critical voltage, Mode: Nominal
2025-07-11 04:29:38,044 - INFO - [AUDIT] - Rule Activated: CRITICAL_VOLTAGE, Reason: Bus voltage below threshold: 0.18 < 25.50
2025-07-11 04:29:38,044 - INFO - [AUDIT] - Decision: RECOVER_EPS, Reason: Critical voltage, Mode: Nominal
2025-07-11 04:29:38,045 - INFO - [AUDIT] - Rule Activated: CRITICAL_VOLTAGE, Reason: Bus voltage below threshold: 0.18 < 25.50
2025-07-11 04:29:38,045 - INFO - [AUDIT] - Decision: RECOVER_EPS, Reason: Critical voltage, Mode: Nominal
2025-07-11 04:29:38,045 - INFO - [AUDIT] - Rule Activated: CRITICAL_VOLTAGE, Reason: Bus voltage below threshold: 0.18 < 25.50
2025-07-11 04:29:38,045 - INFO - [AUDIT] - Decision: RECOVER_EPS, Reason: Critical voltage, Mode: Nominal
2025-07-11 04:29:38,045 - INFO - [AUDIT] - Rule Activated: CRITICAL_VOLTAGE, Reason: Bus voltage below threshold: 0.18 < 25.50
2025-07-11 04:29:38,046 - INFO - [AUDIT] - Decision: RECOVER_EPS, Reason: Critical voltage, Mode: Nominal
2025-07-11 04:29:38,046 - INFO - [AUDIT] - Rule Activated: CRITICAL_VOLTAGE, Reason: Bus voltage below threshold: 0.18 < 25.50
2025-07-11 04:29:38,046 - INFO - [AUDIT] - Decision: RECOVER_EPS, Reason: Critical voltage, Mode: Nominal
2025-07-11 04:29:38,046 - INFO - [AUDIT] - Rule Activated: CRITICAL_VOLTAGE, Reason: Bus voltage below threshold: 0.18 < 25.50
2025-07-11 04:29:38,046 - INFO - [AUDIT] - Decision: RECOVER_EPS, Reason: Critical voltage, Mode: Nominal
2025-07-11 04:29:38,046 - INFO - [AUDIT] - Rule Activated: CRITICAL_VOLTAGE, Reason: Bus voltage below threshold: 0.18 < 25.50
2025-07-11 04:29:38,046 - INFO - [AUDIT] - Decision: RECOVER_EPS, Reason: Critical voltage, Mode: Nominal
2025-07-11 04:29:38,046 - INFO - [AUDIT] - Rule Activated: CRITICAL_VOLTAGE, Reason: Bus voltage below threshold: 0.18 < 25.50
2025-07-11 04:29:38,046 - INFO - [AUDIT] - Decision: RECOVER_EPS, Reason: Critical voltage, Mode: Nominal
2025-07-11 04:29:38,046 - INFO - [AUDIT] - Rule Activated: CRITICAL_VOLTAGE, Reason: Bus voltage below threshold: 0.18 < 25.50
2025-07-11 04:29:38,046 - INFO - [AUDIT] - Decision: RECOVER_EPS, Reason: Critical voltage, Mode: Nominal
2025-07-11 04:29:38,047 - INFO - [AUDIT] - Rule Activated: CRITICAL_VOLTAGE, Reason: Bus voltage below threshold: 0.18 < 25.50
2025-07-11 04:29:38,047 - INFO - [AUDIT] - Decision: RECOVER_EPS, Reason: Critical voltage, Mode: Nominal
2025-07-11 04:29:38,047 - INFO - [AUDIT] - Rule Activated: CRITICAL_VOLTAGE, Reason: Bus voltage below threshold: 0.18 < 25.50
2025-07-11 04:29:38,047 - INFO - [AUDIT] - Decision: RECOVER_EPS, Reason: Critical voltage, Mode: Nominal
2025-07-11 04:29:38,047 - INFO - [AUDIT] - Rule Activated: CRITICAL_VOLTAGE, Reason: Bus voltage below threshold: 0.18 < 25.50
2025-07-11 04:29:38,047 - INFO - [AUDIT] - Decision: RECOVER_EPS, Reason: Critical voltage, Mode: Nominal
2025-07-11 04:29:38,047 - INFO - [AUDIT] - Rule Activated: CRITICAL_VOLTAGE, Reason: Bus voltage below threshold: 0.18 < 25.50
2025-07-11 04:29:38,047 - INFO - [AUDIT] - Decision: RECOVER_EPS, Reason: Critical voltage, Mode: Nominal
2025-07-11 04:29:38,047 - INFO - [AUDIT] - Rule Activated: CRITICAL_VOLTAGE, Reason: Bus voltage below threshold: 0.18 < 25.50
2025-07-11 04:29:38,047 - INFO - [AUDIT] - Decision: RECOVER_EPS, Reason: Critical voltage, Mode: Nominal
2025-07-11 04:29:38,047 - INFO - [AUDIT] - Rule Activated: CRITICAL_VOLTAGE, Reason: Bus voltage below threshold: 0.18 < 25.50
2025-07-11 04:29:38,048 - INFO - [AUDIT] - Decision: RECOVER_EPS, Reason: Critical voltage, Mode: Nominal
2025-07-11 04:29:38,048 - INFO - [AUDIT] - Rule Activated: CRITICAL_VOLTAGE, Reason: Bus voltage below threshold: 0.18 < 25.50
2025-07-11 04:29:38,048 - INFO - [AUDIT] - Decision: RECOVER_EPS, Reason: Critical voltage, Mode: Nominal
2025-07-11 04:29:38,048 - INFO - [AUDIT] - Rule Activated: CRITICAL_VOLTAGE, Reason: Bus voltage below threshold: 0.18 < 25.50
2025-07-11 04:29:38,048 - INFO - [AUDIT] - Decision: RECOVER_EPS, Reason: Critical voltage, Mode: Nominal
2025-07-11 04:29:38,048 - INFO - [AUDIT] - Rule Activated: CRITICAL_VOLTAGE, Reason: Bus voltage below threshold: 0.18 < 25.50
2025-07-11 04:29:38,048 - INFO - [AUDIT] - Decision: RECOVER_EPS, Reason: Critical voltage, Mode: Nominal
2025-07-11 04:29:38,048 - INFO - [AUDIT] - Rule Activated: CRITICAL_VOLTAGE, Reason: Bus voltage below threshold: 0.18 < 25.50
2025-07-11 04:29:38,048 - INFO - [AUDIT] - Decision: RECOVER_EPS, Reason: Critical voltage, Mode: Nominal
2025-07-11 04:29:38,048 - INFO - [AUDIT] - Rule Activated: CRITICAL_VOLTAGE, Reason: Bus voltage below threshold: 0.18 < 25.50
2025-07-11 04:29:38,048 - INFO - [AUDIT] - Decision: RECOVER_EPS, Reason: Critical voltage, Mode: Nominal
2025-07-11 04:29:38,049 - INFO - [AUDIT] - Rule Activated: CRITICAL_VOLTAGE, Reason: Bus voltage below threshold: 0.18 < 25.50
2025-07-11 04:29:38,049 - INFO - [AUDIT] - Decision: RECOVER_EPS, Reason: Critical voltage, Mode: Nominal
2025-07-11 04:29:38,049 - INFO - [AUDIT] - Rule Activated: CRITICAL_VOLTAGE, Reason: Bus voltage below threshold: 0.18 < 25.50
2025-07-11 04:29:38,049 - INFO - [AUDIT] - Decision: RECOVER_EPS, Reason: Critical voltage, Mode: Nominal
2025-07-11 04:29:38,049 - INFO - [AUDIT] - Rule Activated: CRITICAL_VOLTAGE, Reason: Bus voltage below threshold: 0.18 < 25.50
2025-07-11 04:29:38,049 - INFO - [AUDIT] - Decision: RECOVER_EPS, Reason: Critical voltage, Mode: Nominal
2025-07-11 04:29:38,049 - INFO - [AUDIT] - Rule Activated: CRITICAL_VOLTAGE, Reason: Bus voltage below threshold: 0.18 < 25.50
2025-07-11 04:29:38,049 - INFO - [AUDIT] - Decision: RECOVER_EPS, Reason: Critical voltage, Mode: Nominal
2025-07-11 04:29:38,049 - INFO - [AUDIT] - Rule Activated: CRITICAL_VOLTAGE, Reason: Bus voltage below threshold: 0.18 < 25.50
2025-07-11 04:29:38,049 - INFO - [AUDIT] - Decision: RECOVER_EPS, Reason: Critical voltage, Mode: Nominal
2025-07-11 04:29:38,050 - INFO - [AUDIT] - Rule Activated: CRITICAL_VOLTAGE, Reason: Bus voltage below threshold: 0.18 < 25.50
2025-07-11 04:29:38,050 - INFO - [AUDIT] - Decision: RECOVER_EPS, Reason: Critical voltage, Mode: Nominal
2025-07-11 04:29:38,050 - INFO - [AUDIT] - Rule Activated: CRITICAL_VOLTAGE, Reason: Bus voltage below threshold: 0.18 < 25.50
2025-07-11 04:29:38,050 - INFO - [AUDIT] - Decision: RECOVER_EPS, Reason: Critical voltage, Mode: Nominal
2025-07-11 04:29:38,050 - INFO - [AUDIT] - Rule Activated: CRITICAL_VOLTAGE, Reason: Bus voltage below threshold: 0.18 < 25.50
2025-07-11 04:29:38,050 - INFO - [AUDIT] - Decision: RECOVER_EPS, Reason: Critical voltage, Mode: Nominal
2025-07-11 04:29:38,050 - INFO - [AUDIT] - Rule Activated: CRITICAL_VOLTAGE, Reason: Bus voltage below threshold: 0.18 < 25.50
2025-07-11 04:29:38,050 - INFO - [AUDIT] - Decision: RECOVER_EPS, Reason: Critical voltage, Mode: Nominal
2025-07-11 04:29:38,050 - INFO - [AUDIT] - Rule Activated: CRITICAL_VOLTAGE, Reason: Bus voltage below threshold: 0.18 < 25.50
2025-07-11 04:29:38,050 - INFO - [AUDIT] - Decision: RECOVER_EPS, Reason: Critical voltage, Mode: Nominal
2025-07-11 04:29:38,050 - INFO - [AUDIT] - Rule Activated: CRITICAL_VOLTAGE, Reason: Bus voltage below threshold: 0.18 < 25.50
2025-07-11 04:29:38,050 - INFO - [AUDIT] - Decision: RECOVER_EPS, Reason: Critical voltage, Mode: Nominal
2025-07-11 04:29:38,051 - INFO - [AUDIT] - Rule Activated: CRITICAL_VOLTAGE, Reason: Bus voltage below threshold: 0.18 < 25.50
2025-07-11 04:29:38,051 - INFO - [AUDIT] - Decision: RECOVER_EPS, Reason: Critical voltage, Mode: Nominal
2025-07-11 04:29:38,051 - INFO - [AUDIT] - Rule Activated: CRITICAL_VOLTAGE, Reason: Bus voltage below threshold: 0.18 < 25.50
2025-07-11 04:29:38,051 - INFO - [AUDIT] - Decision: RECOVER_EPS, Reason: Critical voltage, Mode: Nominal
2025-07-11 04:29:38,051 - INFO - [AUDIT] - Rule Activated: CRITICAL_VOLTAGE, Reason: Bus voltage below threshold: 0.18 < 25.50
2025-07-11 04:29:38,051 - INFO - [AUDIT] - Decision: RECOVER_EPS, Reason: Critical voltage, Mode: Nominal
2025-07-11 04:29:38,051 - INFO - [AUDIT] - Rule Activated: CRITICAL_VOLTAGE, Reason: Bus voltage below threshold: 0.18 < 25.50
2025-07-11 04:29:38,051 - INFO - [AUDIT] - Decision: RECOVER_EPS, Reason: Critical voltage, Mode: Nominal
2025-07-11 04:29:38,051 - INFO - [AUDIT] - Rule Activated: CRITICAL_VOLTAGE, Reason: Bus voltage below threshold: 0.18 < 25.50
2025-07-11 04:29:38,051 - INFO - [AUDIT] - Decision: RECOVER_EPS, Reason: Critical voltage, Mode: Nominal
2025-07-11 04:29:38,052 - INFO - [AUDIT] - Rule Activated: CRITICAL_VOLTAGE, Reason: Bus voltage below threshold: 0.18 < 25.50
2025-07-11 04:29:38,052 - INFO - [AUDIT] - Decision: RECOVER_EPS, Reason: Critical voltage, Mode: Nominal
2025-07-11 04:29:38,052 - INFO - [AUDIT] - Rule Activated: CRITICAL_VOLTAGE, Reason: Bus voltage below threshold: 0.18 < 25.50
2025-07-11 04:29:38,052 - INFO - [AUDIT] - Decision: RECOVER_EPS, Reason: Critical voltage, Mode: Nominal
2025-07-11 04:29:38,052 - INFO - [AUDIT] - Rule Activated: CRITICAL_VOLTAGE, Reason: Bus voltage below threshold: 0.18 < 25.50
2025-07-11 04:29:38,052 - INFO - [AUDIT] - Decision: RECOVER_EPS, Reason: Critical voltage, Mode: Nominal
2025-07-11 04:29:38,052 - INFO - [AUDIT] - Rule Activated: CRITICAL_VOLTAGE, Reason: Bus voltage below threshold: 0.18 < 25.50
2025-07-11 04:29:38,052 - INFO - [AUDIT] - Decision: RECOVER_EPS, Reason: Critical voltage, Mode: Nominal
2025-07-11 04:29:38,052 - INFO - [AUDIT] - Rule Activated: CRITICAL_VOLTAGE, Reason: Bus voltage below threshold: 0.18 < 25.50
2025-07-11 04:29:38,052 - INFO - [AUDIT] - Decision: RECOVER_EPS, Reason: Critical voltage, Mode: Nominal
2025-07-11 04:29:38,052 - INFO - [AUDIT] - Rule Activated: CRITICAL_VOLTAGE, Reason: Bus voltage below threshold: 0.18 < 25.50
2025-07-11 04:29:38,052 - INFO - [AUDIT] - Decision: RECOVER_EPS, Reason: Critical voltage, Mode: Nominal
2025-07-11 04:29:38,053 - INFO - [AUDIT] - Rule Activated: CRITICAL_VOLTAGE, Reason: Bus voltage below threshold: 0.18 < 25.50
2025-07-11 04:29:38,053 - INFO - [AUDIT] - Decision: RECOVER_EPS, Reason: Critical voltage, Mode: Nominal
2025-07-11 04:29:38,053 - INFO - [AUDIT] - Rule Activated: CRITICAL_VOLTAGE, Reason: Bus voltage below threshold: 0.00 < 25.50
2025-07-11 04:29:38,053 - INFO - [AUDIT] - Decision: RECOVER_EPS, Reason: Critical voltage, Mode: Nominal
2025-07-11 04:29:38,053 - INFO - [AUDIT] - Rule Activated: CRITICAL_VOLTAGE, Reason: Bus voltage below threshold: 0.18 < 25.50
2025-07-11 04:29:38,053 - INFO - [AUDIT] - Decision: RECOVER_EPS, Reason: Critical voltage, Mode: Nominal
2025-07-11 04:29:38,053 - INFO - [AUDIT] - Rule Activated: CRITICAL_VOLTAGE, Reason: Bus voltage below threshold: 0.18 < 25.50
2025-07-11 04:29:38,053 - INFO - [AUDIT] - Decision: RECOVER_EPS, Reason: Critical voltage, Mode: Nominal
2025-07-11 04:29:38,054 - INFO - [AUDIT] - Rule Activated: CRITICAL_VOLTAGE, Reason: Bus voltage below threshold: 0.18 < 25.50
2025-07-11 04:29:38,054 - INFO - [AUDIT] - Decision: RECOVER_EPS, Reason: Critical voltage, Mode: Nominal
2025-07-11 04:29:38,054 - INFO - [AUDIT] - Rule Activated: CRITICAL_VOLTAGE, Reason: Bus voltage below threshold: 0.18 < 25.50
2025-07-11 04:29:38,054 - INFO - [AUDIT] - Decision: RECOVER_EPS, Reason: Critical voltage, Mode: Nominal
2025-07-11 04:29:38,054 - INFO - [AUDIT] - Rule Activated: CRITICAL_VOLTAGE, Reason: Bus voltage below threshold: 0.18 < 25.50
2025-07-11 04:29:38,054 - INFO - [AUDIT] - Decision: RECOVER_EPS, Reason: Critical voltage, Mode: Nominal
2025-07-11 04:29:38,054 - INFO - [AUDIT] - Rule Activated: CRITICAL_VOLTAGE, Reason: Bus voltage below threshold: 0.18 < 25.50
2025-07-11 04:29:38,054 - INFO - [AUDIT] - Decision: RECOVER_EPS, Reason: Critical voltage, Mode: Nominal
2025-07-11 04:29:38,054 - INFO - [AUDIT] - Rule Activated: CRITICAL_VOLTAGE, Reason: Bus voltage below threshold: 0.18 < 25.50
2025-07-11 04:29:38,054 - INFO - [AUDIT] - Decision: RECOVER_EPS, Reason: Critical voltage, Mode: Nominal
2025-07-11 04:29:38,054 - INFO - [AUDIT] - Rule Activated: CRITICAL_VOLTAGE, Reason: Bus voltage below threshold: 0.18 < 25.50
2025-07-11 04:29:38,055 - INFO - [AUDIT] - Decision: RECOVER_EPS, Reason: Critical voltage, Mode: Nominal
2025-07-11 04:29:38,055 - INFO - [AUDIT] - Rule Activated: CRITICAL_VOLTAGE, Reason: Bus voltage below threshold: 0.18 < 25.50
2025-07-11 04:29:38,055 - INFO - [AUDIT] - Decision: RECOVER_EPS, Reason: Critical voltage, Mode: Nominal
2025-07-11 04:29:38,055 - INFO - [AUDIT] - Rule Activated: CRITICAL_VOLTAGE, Reason: Bus voltage below threshold: 0.18 < 25.50
2025-07-11 04:29:38,055 - INFO - [AUDIT] - Decision: RECOVER_EPS, Reason: Critical voltage, Mode: Nominal
2025-07-11 04:29:38,055 - INFO - [AUDIT] - Rule Activated: CRITICAL_VOLTAGE, Reason: Bus voltage below threshold: 0.18 < 25.50
2025-07-11 04:29:38,055 - INFO - [AUDIT] - Decision: RECOVER_EPS, Reason: Critical voltage, Mode: Nominal
2025-07-11 04:29:38,055 - INFO - [AUDIT] - Rule Activated: CRITICAL_VOLTAGE, Reason: Bus voltage below threshold: 0.18 < 25.50
2025-07-11 04:29:38,055 - INFO - [AUDIT] - Decision: RECOVER_EPS, Reason: Critical voltage, Mode: Nominal
2025-07-11 04:29:38,055 - INFO - [AUDIT] - Rule Activated: CRITICAL_VOLTAGE, Reason: Bus voltage below threshold: 0.18 < 25.50
2025-07-11 04:29:38,055 - INFO - [AUDIT] - Decision: RECOVER_EPS, Reason: Critical voltage, Mode: Nominal
2025-07-11 04:29:38,056 - INFO - [AUDIT] - Rule Activated: CRITICAL_VOLTAGE, Reason: Bus voltage below threshold: 0.18 < 25.50
2025-07-11 04:29:38,056 - INFO - [AUDIT] - Decision: RECOVER_EPS, Reason: Critical voltage, Mode: Nominal
2025-07-11 04:29:38,056 - INFO - [AUDIT] - Rule Activated: CRITICAL_VOLTAGE, Reason: Bus voltage below threshold: 0.18 < 25.50
2025-07-11 04:29:38,056 - INFO - [AUDIT] - Decision: RECOVER_EPS, Reason: Critical voltage, Mode: Nominal
2025-07-11 04:29:38,056 - INFO - [AUDIT] - Rule Activated: CRITICAL_VOLTAGE, Reason: Bus voltage below threshold: 0.18 < 25.50
2025-07-11 04:29:38,056 - INFO - [AUDIT] - Decision: RECOVER_EPS, Reason: Critical voltage, Mode: Nominal
2025-07-11 04:29:38,056 - INFO - [AUDIT] - Rule Activated: CRITICAL_VOLTAGE, Reason: Bus voltage below threshold: 0.18 < 25.50
2025-07-11 04:29:38,056 - INFO - [AUDIT] - Decision: RECOVER_EPS, Reason: Critical voltage, Mode: Nominal
2025-07-11 04:29:38,056 - INFO - [AUDIT] - Rule Activated: CRITICAL_VOLTAGE, Reason: Bus voltage below threshold: 0.18 < 25.50
2025-07-11 04:29:38,056 - INFO - [AUDIT] - Decision: RECOVER_EPS, Reason: Critical voltage, Mode: Nominal
2025-07-11 04:29:38,057 - INFO - [AUDIT] - Rule Activated: CRITICAL_VOLTAGE, Reason: Bus voltage below threshold: 0.18 < 25.50
2025-07-11 04:29:38,057 - INFO - [AUDIT] - Decision: RECOVER_EPS, Reason: Critical voltage, Mode: Nominal
2025-07-11 04:29:38,057 - INFO - [AUDIT] - Rule Activated: CRITICAL_VOLTAGE, Reason: Bus voltage below threshold: 0.18 < 25.50
2025-07-11 04:29:38,057 - INFO - [AUDIT] - Decision: RECOVER_EPS, Reason: Critical voltage, Mode: Nominal
2025-07-11 04:29:38,057 - INFO - [AUDIT] - Rule Activated: CRITICAL_VOLTAGE, Reason: Bus voltage below threshold: 0.18 < 25.50
2025-07-11 04:29:38,057 - INFO - [AUDIT] - Decision: RECOVER_EPS, Reason: Critical voltage, Mode: Nominal
2025-07-11 04:29:38,057 - INFO - [AUDIT] - Rule Activated: CRITICAL_VOLTAGE, Reason: Bus voltage below threshold: 0.18 < 25.50
2025-07-11 04:29:38,057 - INFO - [AUDIT] - Decision: RECOVER_EPS, Reason: Critical voltage, Mode: Nominal
2025-07-11 04:29:38,057 - INFO - [AUDIT] - Rule Activated: CRITICAL_VOLTAGE, Reason: Bus voltage below threshold: 0.18 < 25.50
2025-07-11 04:29:38,057 - INFO - [AUDIT] - Decision: RECOVER_EPS, Reason: Critical voltage, Mode: Nominal
2025-07-11 04:29:38,057 - INFO - [AUDIT] - Rule Activated: CRITICAL_VOLTAGE, Reason: Bus voltage below threshold: 0.18 < 25.50
2025-07-11 04:29:38,057 - INFO - [AUDIT] - Decision: RECOVER_EPS, Reason: Critical voltage, Mode: Nominal
2025-07-11 04:29:38,057 - INFO - [AUDIT] - Rule Activated: CRITICAL_VOLTAGE, Reason: Bus voltage below threshold: 0.18 < 25.50
2025-07-11 04:29:38,057 - INFO - [AUDIT] - Decision: RECOVER_EPS, Reason: Critical voltage, Mode: Nominal
2025-07-11 04:29:38,058 - INFO - [AUDIT] - Rule Activated: CRITICAL_VOLTAGE, Reason: Bus voltage below threshold: 0.18 < 25.50
2025-07-11 04:29:38,058 - INFO - [AUDIT] - Decision: RECOVER_EPS, Reason: Critical voltage, Mode: Nominal
2025-07-11 04:29:38,058 - INFO - [AUDIT] - Rule Activated: CRITICAL_VOLTAGE, Reason: Bus voltage below threshold: 0.18 < 25.50
2025-07-11 04:29:38,058 - INFO - [AUDIT] - Decision: RECOVER_EPS, Reason: Critical voltage, Mode: Nominal
2025-07-11 04:29:38,058 - INFO - [AUDIT] - Rule Activated: CRITICAL_VOLTAGE, Reason: Bus voltage below threshold: 0.18 < 25.50
2025-07-11 04:29:38,058 - INFO - [AUDIT] - Decision: RECOVER_EPS, Reason: Critical voltage, Mode: Nominal
2025-07-11 04:29:38,058 - INFO - [AUDIT] - Rule Activated: CRITICAL_VOLTAGE, Reason: Bus voltage below threshold: 0.18 < 25.50
2025-07-11 04:29:38,058 - INFO - [AUDIT] - Decision: RECOVER_EPS, Reason: Critical voltage, Mode: Nominal
2025-07-11 04:29:38,058 - INFO - [AUDIT] - Rule Activated: CRITICAL_VOLTAGE, Reason: Bus voltage below threshold: 0.18 < 25.50
2025-07-11 04:29:38,058 - INFO - [AUDIT] - Decision: RECOVER_EPS, Reason: Critical voltage, Mode: Nominal
2025-07-11 04:29:38,058 - INFO - [AUDIT] - Rule Activated: CRITICAL_VOLTAGE, Reason: Bus voltage below threshold: 0.18 < 25.50
2025-07-11 04:29:38,058 - INFO - [AUDIT] - Decision: RECOVER_EPS, Reason: Critical voltage, Mode: Nominal
2025-07-11 04:29:38,059 - INFO - [AUDIT] - Rule Activated: CRITICAL_VOLTAGE, Reason: Bus voltage below threshold: 0.18 < 25.50
2025-07-11 04:29:38,059 - INFO - [AUDIT] - Decision: RECOVER_EPS, Reason: Critical voltage, Mode: Nominal
2025-07-11 04:29:38,059 - INFO - [AUDIT] - Rule Activated: CRITICAL_VOLTAGE, Reason: Bus voltage below threshold: 0.18 < 25.50
2025-07-11 04:29:38,059 - INFO - [AUDIT] - Decision: RECOVER_EPS, Reason: Critical voltage, Mode: Nominal
2025-07-11 04:29:38,059 - INFO - [AUDIT] - Rule Activated: CRITICAL_VOLTAGE, Reason: Bus voltage below threshold: 0.18 < 25.50
2025-07-11 04:29:38,059 - INFO - [AUDIT] - Decision: RECOVER_EPS, Reason: Critical voltage, Mode: Nominal
2025-07-11 04:29:38,059 - INFO - [AUDIT] - Rule Activated: CRITICAL_VOLTAGE, Reason: Bus voltage below threshold: 0.18 < 25.50
2025-07-11 04:29:38,059 - INFO - [AUDIT] - Decision: RECOVER_EPS, Reason: Critical voltage, Mode: Nominal
2025-07-11 04:29:38,059 - INFO - [AUDIT] - Rule Activated: CRITICAL_VOLTAGE, Reason: Bus voltage below threshold: 0.18 < 25.50
2025-07-11 04:29:38,059 - INFO - [AUDIT] - Decision: RECOVER_EPS, Reason: Critical voltage, Mode: Nominal
2025-07-11 04:29:38,059 - INFO - [AUDIT] - Rule Activated: CRITICAL_VOLTAGE, Reason: Bus voltage below threshold: 0.18 < 25.50
2025-07-11 04:29:38,060 - INFO - [AUDIT] - Decision: RECOVER_EPS, Reason: Critical voltage, Mode: Nominal
2025-07-11 04:29:38,060 - INFO - [AUDIT] - Rule Activated: CRITICAL_VOLTAGE, Reason: Bus voltage below threshold: 0.18 < 25.50
2025-07-11 04:29:38,060 - INFO - [AUDIT] - Decision: RECOVER_EPS, Reason: Critical voltage, Mode: Nominal
2025-07-11 04:29:38,060 - INFO - [AUDIT] - Rule Activated: CRITICAL_VOLTAGE, Reason: Bus voltage below threshold: 0.18 < 25.50
2025-07-11 04:29:38,060 - INFO - [AUDIT] - Decision: RECOVER_EPS, Reason: Critical voltage, Mode: Nominal
2025-07-11 04:29:38,060 - INFO - [AUDIT] - Rule Activated: CRITICAL_VOLTAGE, Reason: Bus voltage below threshold: 0.18 < 25.50
2025-07-11 04:29:38,060 - INFO - [AUDIT] - Decision: RECOVER_EPS, Reason: Critical voltage, Mode: Nominal
2025-07-11 04:29:38,060 - INFO - [AUDIT] - Rule Activated: CRITICAL_VOLTAGE, Reason: Bus voltage below threshold: 0.18 < 25.50
2025-07-11 04:29:38,060 - INFO - [AUDIT] - Decision: RECOVER_EPS, Reason: Critical voltage, Mode: Nominal
2025-07-11 04:29:38,060 - INFO - [AUDIT] - Rule Activated: CRITICAL_VOLTAGE, Reason: Bus voltage below threshold: 0.18 < 25.50
2025-07-11 04:29:38,060 - INFO - [AUDIT] - Decision: RECOVER_EPS, Reason: Critical voltage, Mode: Nominal
2025-07-11 04:29:38,060 - INFO - [AUDIT] - Rule Activated: CRITICAL_VOLTAGE, Reason: Bus voltage below threshold: 0.18 < 25.50
2025-07-11 04:29:38,060 - INFO - [AUDIT] - Decision: RECOVER_EPS, Reason: Critical voltage, Mode: Nominal
2025-07-11 04:29:38,061 - INFO - [AUDIT] - Rule Activated: CRITICAL_VOLTAGE, Reason: Bus voltage below threshold: 0.18 < 25.50
2025-07-11 04:29:38,061 - INFO - [AUDIT] - Decision: RECOVER_EPS, Reason: Critical voltage, Mode: Nominal
2025-07-11 04:29:38,061 - INFO - [AUDIT] - Rule Activated: CRITICAL_VOLTAGE, Reason: Bus voltage below threshold: 0.18 < 25.50
2025-07-11 04:29:38,061 - INFO - [AUDIT] - Decision: RECOVER_EPS, Reason: Critical voltage, Mode: Nominal
2025-07-11 04:29:38,061 - INFO - [AUDIT] - Rule Activated: CRITICAL_VOLTAGE, Reason: Bus voltage below threshold: 0.18 < 25.50
2025-07-11 04:29:38,061 - INFO - [AUDIT] - Decision: RECOVER_EPS, Reason: Critical voltage, Mode: Nominal
2025-07-11 04:29:38,061 - INFO - [AUDIT] - Rule Activated: CRITICAL_VOLTAGE, Reason: Bus voltage below threshold: 0.18 < 25.50
2025-07-11 04:29:38,061 - INFO - [AUDIT] - Decision: RECOVER_EPS, Reason: Critical voltage, Mode: Nominal
2025-07-11 04:29:38,061 - INFO - [AUDIT] - Rule Activated: CRITICAL_VOLTAGE, Reason: Bus voltage below threshold: 0.18 < 25.50
2025-07-11 04:29:38,061 - INFO - [AUDIT] - Decision: RECOVER_EPS, Reason: Critical voltage, Mode: Nominal
2025-07-11 04:29:38,061 - INFO - [AUDIT] - Rule Activated: CRITICAL_VOLTAGE, Reason: Bus voltage below threshold: 0.18 < 25.50
2025-07-11 04:29:38,061 - INFO - [AUDIT] - Decision: RECOVER_EPS, Reason: Critical voltage, Mode: Nominal
2025-07-11 04:29:38,062 - INFO - [AUDIT] - Rule Activated: CRITICAL_VOLTAGE, Reason: Bus voltage below threshold: 0.18 < 25.50
2025-07-11 04:29:38,062 - INFO - [AUDIT] - Decision: RECOVER_EPS, Reason: Critical voltage, Mode: Nominal
2025-07-11 04:29:38,062 - INFO - [AUDIT] - Rule Activated: CRITICAL_VOLTAGE, Reason: Bus voltage below threshold: 0.18 < 25.50
2025-07-11 04:29:38,062 - INFO - [AUDIT] - Decision: RECOVER_EPS, Reason: Critical voltage, Mode: Nominal
2025-07-11 04:29:38,062 - INFO - [AUDIT] - Rule Activated: CRITICAL_VOLTAGE, Reason: Bus voltage below threshold: 0.18 < 25.50
2025-07-11 04:29:38,062 - INFO - [AUDIT] - Decision: RECOVER_EPS, Reason: Critical voltage, Mode: Nominal
2025-07-11 04:29:38,062 - INFO - [AUDIT] - Rule Activated: CRITICAL_VOLTAGE, Reason: Bus voltage below threshold: 0.18 < 25.50
2025-07-11 04:29:38,062 - INFO - [AUDIT] - Decision: RECOVER_EPS, Reason: Critical voltage, Mode: Nominal
2025-07-11 04:29:38,062 - INFO - [AUDIT] - Rule Activated: CRITICAL_VOLTAGE, Reason: Bus voltage below threshold: 0.18 < 25.50
2025-07-11 04:29:38,062 - INFO - [AUDIT] - Decision: RECOVER_EPS, Reason: Critical voltage, Mode: Nominal
2025-07-11 04:29:38,063 - INFO - [AUDIT] - Rule Activated: CRITICAL_VOLTAGE, Reason: Bus voltage below threshold: 0.18 < 25.50
2025-07-11 04:29:38,063 - INFO - [AUDIT] - Decision: RECOVER_EPS, Reason: Critical voltage, Mode: Nominal
2025-07-11 04:29:38,063 - INFO - [AUDIT] - Rule Activated: CRITICAL_VOLTAGE, Reason: Bus voltage below threshold: 0.18 < 25.50
2025-07-11 04:29:38,063 - INFO - [AUDIT] - Decision: RECOVER_EPS, Reason: Critical voltage, Mode: Nominal
2025-07-11 04:29:38,063 - INFO - [AUDIT] - Rule Activated: CRITICAL_VOLTAGE, Reason: Bus voltage below threshold: 0.18 < 25.50
2025-07-11 04:29:38,063 - INFO - [AUDIT] - Decision: RECOVER_EPS, Reason: Critical voltage, Mode: Nominal
2025-07-11 04:29:38,064 - INFO - [AUDIT] - Rule Activated: CRITICAL_VOLTAGE, Reason: Bus voltage below threshold: 0.18 < 25.50
2025-07-11 04:29:38,064 - INFO - [AUDIT] - Decision: RECOVER_EPS, Reason: Critical voltage, Mode: Nominal
2025-07-11 04:29:38,064 - INFO - [AUDIT] - Rule Activated: CRITICAL_VOLTAGE, Reason: Bus voltage below threshold: 0.18 < 25.50
2025-07-11 04:29:38,064 - INFO - [AUDIT] - Decision: RECOVER_EPS, Reason: Critical voltage, Mode: Nominal
2025-07-11 04:29:38,064 - INFO - [AUDIT] - Rule Activated: CRITICAL_VOLTAGE, Reason: Bus voltage below threshold: 0.18 < 25.50
2025-07-11 04:29:38,064 - INFO - [AUDIT] - Decision: RECOVER_EPS, Reason: Critical voltage, Mode: Nominal
2025-07-11 04:29:38,064 - INFO - [AUDIT] - Rule Activated: CRITICAL_VOLTAGE, Reason: Bus voltage below threshold: 0.18 < 25.50
2025-07-11 04:29:38,064 - INFO - [AUDIT] - Decision: RECOVER_EPS, Reason: Critical voltage, Mode: Nominal
2025-07-11 04:29:38,064 - INFO - [AUDIT] - Rule Activated: CRITICAL_VOLTAGE, Reason: Bus voltage below threshold: 0.18 < 25.50
2025-07-11 04:29:38,064 - INFO - [AUDIT] - Decision: RECOVER_EPS, Reason: Critical voltage, Mode: Nominal
2025-07-11 04:29:38,065 - INFO - [AUDIT] - Rule Activated: CRITICAL_VOLTAGE, Reason: Bus voltage below threshold: 0.18 < 25.50
2025-07-11 04:29:38,065 - INFO - [AUDIT] - Decision: RECOVER_EPS, Reason: Critical voltage, Mode: Nominal
2025-07-11 04:29:38,065 - INFO - [AUDIT] - Rule Activated: CRITICAL_VOLTAGE, Reason: Bus voltage below threshold: 0.18 < 25.50
2025-07-11 04:29:38,065 - INFO - [AUDIT] - Decision: RECOVER_EPS, Reason: Critical voltage, Mode: Nominal
2025-07-11 04:29:38,065 - INFO - [AUDIT] - Rule Activated: CRITICAL_VOLTAGE, Reason: Bus voltage below threshold: 0.18 < 25.50
2025-07-11 04:29:38,065 - INFO - [AUDIT] - Decision: RECOVER_EPS, Reason: Critical voltage, Mode: Nominal
2025-07-11 04:29:38,065 - INFO - [AUDIT] - Rule Activated: CRITICAL_VOLTAGE, Reason: Bus voltage below threshold: 0.18 < 25.50
2025-07-11 04:29:38,065 - INFO - [AUDIT] - Decision: RECOVER_EPS, Reason: Critical voltage, Mode: Nominal
2025-07-11 04:29:38,065 - INFO - [AUDIT] - Rule Activated: CRITICAL_VOLTAGE, Reason: Bus voltage below threshold: 0.18 < 25.50
2025-07-11 04:29:38,065 - INFO - [AUDIT] - Decision: RECOVER_EPS, Reason: Critical voltage, Mode: Nominal
2025-07-11 04:29:38,065 - INFO - [AUDIT] - Rule Activated: CRITICAL_VOLTAGE, Reason: Bus voltage below threshold: 0.18 < 25.50
2025-07-11 04:29:38,065 - INFO - [AUDIT] - Decision: RECOVER_EPS, Reason: Critical voltage, Mode: Nominal
2025-07-11 04:29:38,066 - INFO - [AUDIT] - Rule Activated: CRITICAL_VOLTAGE, Reason: Bus voltage below threshold: 0.18 < 25.50
2025-07-11 04:29:38,066 - INFO - [AUDIT] - Decision: RECOVER_EPS, Reason: Critical voltage, Mode: Nominal
2025-07-11 04:29:38,066 - INFO - [AUDIT] - Rule Activated: CRITICAL_VOLTAGE, Reason: Bus voltage below threshold: 0.18 < 25.50
2025-07-11 04:29:38,066 - INFO - [AUDIT] - Decision: RECOVER_EPS, Reason: Critical voltage, Mode: Nominal
2025-07-11 04:29:38,066 - INFO - [AUDIT] - Rule Activated: CRITICAL_VOLTAGE, Reason: Bus voltage below threshold: 0.18 < 25.50
2025-07-11 04:29:38,066 - INFO - [AUDIT] - Decision: RECOVER_EPS, Reason: Critical voltage, Mode: Nominal
2025-07-11 04:29:38,066 - INFO - [AUDIT] - Rule Activated: CRITICAL_VOLTAGE, Reason: Bus voltage below threshold: 0.18 < 25.50
2025-07-11 04:29:38,066 - INFO - [AUDIT] - Decision: RECOVER_EPS, Reason: Critical voltage, Mode: Nominal
2025-07-11 04:29:38,066 - INFO - [AUDIT] - Rule Activated: CRITICAL_VOLTAGE, Reason: Bus voltage below threshold: 0.18 < 25.50
2025-07-11 04:29:38,066 - INFO - [AUDIT] - Decision: RECOVER_EPS, Reason: Critical voltage, Mode: Nominal
2025-07-11 04:29:38,066 - INFO - [AUDIT] - Rule Activated: CRITICAL_VOLTAGE, Reason: Bus voltage below threshold: 0.18 < 25.50
2025-07-11 04:29:38,066 - INFO - [AUDIT] - Decision: RECOVER_EPS, Reason: Critical voltage, Mode: Nominal
2025-07-11 04:29:38,067 - INFO - [AUDIT] - Rule Activated: CRITICAL_VOLTAGE, Reason: Bus voltage below threshold: 0.18 < 25.50
2025-07-11 04:29:38,067 - INFO - [AUDIT] - Decision: RECOVER_EPS, Reason: Critical voltage, Mode: Nominal
2025-07-11 04:29:38,067 - INFO - [AUDIT] - Rule Activated: CRITICAL_VOLTAGE, Reason: Bus voltage below threshold: 0.18 < 25.50
2025-07-11 04:29:38,067 - INFO - [AUDIT] - Decision: RECOVER_EPS, Reason: Critical voltage, Mode: Nominal
2025-07-11 04:29:38,067 - INFO - [AUDIT] - Rule Activated: CRITICAL_VOLTAGE, Reason: Bus voltage below threshold: 0.18 < 25.50
2025-07-11 04:29:38,067 - INFO - [AUDIT] - Decision: RECOVER_EPS, Reason: Critical voltage, Mode: Nominal
2025-07-11 04:29:38,067 - INFO - [AUDIT] - Rule Activated: CRITICAL_VOLTAGE, Reason: Bus voltage below threshold: 0.18 < 25.50
2025-07-11 04:29:38,067 - INFO - [AUDIT] - Decision: RECOVER_EPS, Reason: Critical voltage, Mode: Nominal
2025-07-11 04:29:38,067 - INFO - [AUDIT] - Rule Activated: CRITICAL_VOLTAGE, Reason: Bus voltage below threshold: 0.18 < 25.50
2025-07-11 04:29:38,067 - INFO - [AUDIT] - Decision: RECOVER_EPS, Reason: Critical voltage, Mode: Nominal
2025-07-11 04:29:38,067 - INFO - [AUDIT] - Rule Activated: CRITICAL_VOLTAGE, Reason: Bus voltage below threshold: 0.18 < 25.50
2025-07-11 04:29:38,067 - INFO - [AUDIT] - Decision: RECOVER_EPS, Reason: Critical voltage, Mode: Nominal
2025-07-11 04:29:38,067 - INFO - [AUDIT] - Rule Activated: CRITICAL_VOLTAGE, Reason: Bus voltage below threshold: 0.18 < 25.50
2025-07-11 04:29:38,068 - INFO - [AUDIT] - Decision: RECOVER_EPS, Reason: Critical voltage, Mode: Nominal
2025-07-11 04:29:38,068 - INFO - [AUDIT] - Rule Activated: CRITICAL_VOLTAGE, Reason: Bus voltage below threshold: 0.18 < 25.50
2025-07-11 04:29:38,068 - INFO - [AUDIT] - Decision: RECOVER_EPS, Reason: Critical voltage, Mode: Nominal
2025-07-11 04:29:38,068 - INFO - [AUDIT] - Rule Activated: CRITICAL_VOLTAGE, Reason: Bus voltage below threshold: 0.18 < 25.50
2025-07-11 04:29:38,068 - INFO - [AUDIT] - Decision: RECOVER_EPS, Reason: Critical voltage, Mode: Nominal
2025-07-11 04:29:38,068 - INFO - [AUDIT] - Rule Activated: CRITICAL_VOLTAGE, Reason: Bus voltage below threshold: 0.18 < 25.50
2025-07-11 04:29:38,068 - INFO - [AUDIT] - Decision: RECOVER_EPS, Reason: Critical voltage, Mode: Nominal
2025-07-11 04:29:38,068 - INFO - [AUDIT] - Rule Activated: CRITICAL_VOLTAGE, Reason: Bus voltage below threshold: 0.18 < 25.50
2025-07-11 04:29:38,068 - INFO - [AUDIT] - Decision: RECOVER_EPS, Reason: Critical voltage, Mode: Nominal
2025-07-11 04:29:38,068 - INFO - [AUDIT] - Rule Activated: CRITICAL_VOLTAGE, Reason: Bus voltage below threshold: 0.18 < 25.50
2025-07-11 04:29:38,068 - INFO - [AUDIT] - Decision: RECOVER_EPS, Reason: Critical voltage, Mode: Nominal
2025-07-11 04:29:38,068 - INFO - [AUDIT] - Rule Activated: CRITICAL_VOLTAGE, Reason: Bus voltage below threshold: 0.18 < 25.50
2025-07-11 04:29:38,068 - INFO - [AUDIT] - Decision: RECOVER_EPS, Reason: Critical voltage, Mode: Nominal
2025-07-11 04:29:38,069 - INFO - [AUDIT] - Rule Activated: CRITICAL_VOLTAGE, Reason: Bus voltage below threshold: 0.18 < 25.50
2025-07-11 04:29:38,069 - INFO - [AUDIT] - Decision: RECOVER_EPS, Reason: Critical voltage, Mode: Nominal
2025-07-11 04:29:38,069 - INFO - [AUDIT] - Rule Activated: CRITICAL_VOLTAGE, Reason: Bus voltage below threshold: 0.18 < 25.50
2025-07-11 04:29:38,069 - INFO - [AUDIT] - Decision: RECOVER_EPS, Reason: Critical voltage, Mode: Nominal
2025-07-11 04:29:38,069 - INFO - [AUDIT] - Rule Activated: CRITICAL_VOLTAGE, Reason: Bus voltage below threshold: 0.18 < 25.50
2025-07-11 04:29:38,069 - INFO - [AUDIT] - Decision: RECOVER_EPS, Reason: Critical voltage, Mode: Nominal
2025-07-11 04:29:38,069 - INFO - [AUDIT] - Rule Activated: CRITICAL_VOLTAGE, Reason: Bus voltage below threshold: 0.18 < 25.50
2025-07-11 04:29:38,069 - INFO - [AUDIT] - Decision: RECOVER_EPS, Reason: Critical voltage, Mode: Nominal
2025-07-11 04:29:38,069 - INFO - [AUDIT] - Rule Activated: CRITICAL_VOLTAGE, Reason: Bus voltage below threshold: 0.18 < 25.50
2025-07-11 04:29:38,069 - INFO - [AUDIT] - Decision: RECOVER_EPS, Reason: Critical voltage, Mode: Nominal
2025-07-11 04:29:38,069 - INFO - [AUDIT] - Rule Activated: CRITICAL_VOLTAGE, Reason: Bus voltage below threshold: 0.18 < 25.50
2025-07-11 04:29:38,069 - INFO - [AUDIT] - Decision: RECOVER_EPS, Reason: Critical voltage, Mode: Nominal
2025-07-11 04:29:38,070 - INFO - [AUDIT] - Rule Activated: CRITICAL_VOLTAGE, Reason: Bus voltage below threshold: 0.18 < 25.50
2025-07-11 04:29:38,070 - INFO - [AUDIT] - Decision: RECOVER_EPS, Reason: Critical voltage, Mode: Nominal
2025-07-11 04:29:38,070 - INFO - [AUDIT] - Rule Activated: CRITICAL_VOLTAGE, Reason: Bus voltage below threshold: 0.18 < 25.50
2025-07-11 04:29:38,070 - INFO - [AUDIT] - Decision: RECOVER_EPS, Reason: Critical voltage, Mode: Nominal
2025-07-11 04:29:38,070 - INFO - [AUDIT] - Rule Activated: CRITICAL_VOLTAGE, Reason: Bus voltage below threshold: 0.18 < 25.50
2025-07-11 04:29:38,070 - INFO - [AUDIT] - Decision: RECOVER_EPS, Reason: Critical voltage, Mode: Nominal
2025-07-11 04:29:38,070 - INFO - [AUDIT] - Rule Activated: CRITICAL_VOLTAGE, Reason: Bus voltage below threshold: 0.18 < 25.50
2025-07-11 04:29:38,070 - INFO - [AUDIT] - Decision: RECOVER_EPS, Reason: Critical voltage, Mode: Nominal
2025-07-11 04:29:38,070 - INFO - [AUDIT] - Rule Activated: CRITICAL_VOLTAGE, Reason: Bus voltage below threshold: 0.18 < 25.50
2025-07-11 04:29:38,070 - INFO - [AUDIT] - Decision: RECOVER_EPS, Reason: Critical voltage, Mode: Nominal
2025-07-11 04:29:38,071 - INFO - [AUDIT] - Rule Activated: CRITICAL_VOLTAGE, Reason: Bus voltage below threshold: 0.18 < 25.50
2025-07-11 04:29:38,071 - INFO - [AUDIT] - Decision: RECOVER_EPS, Reason: Critical voltage, Mode: Nominal
2025-07-11 04:29:38,071 - INFO - [AUDIT] - Rule Activated: CRITICAL_VOLTAGE, Reason: Bus voltage below threshold: 0.18 < 25.50
2025-07-11 04:29:38,071 - INFO - [AUDIT] - Decision: RECOVER_EPS, Reason: Critical voltage, Mode: Nominal
2025-07-11 04:29:38,071 - INFO - [AUDIT] - Rule Activated: CRITICAL_VOLTAGE, Reason: Bus voltage below threshold: 0.18 < 25.50
2025-07-11 04:29:38,071 - INFO - [AUDIT] - Decision: RECOVER_EPS, Reason: Critical voltage, Mode: Nominal
2025-07-11 04:29:38,071 - INFO - [AUDIT] - Rule Activated: CRITICAL_VOLTAGE, Reason: Bus voltage below threshold: 0.18 < 25.50
2025-07-11 04:29:38,071 - INFO - [AUDIT] - Decision: RECOVER_EPS, Reason: Critical voltage, Mode: Nominal
2025-07-11 04:29:38,071 - INFO - [AUDIT] - Rule Activated: CRITICAL_VOLTAGE, Reason: Bus voltage below threshold: 0.18 < 25.50
2025-07-11 04:29:38,071 - INFO - [AUDIT] - Decision: RECOVER_EPS, Reason: Critical voltage, Mode: Nominal
2025-07-11 04:29:38,071 - INFO - [AUDIT] - Rule Activated: CRITICAL_VOLTAGE, Reason: Bus voltage below threshold: 0.18 < 25.50
2025-07-11 04:29:38,071 - INFO - [AUDIT] - Decision: RECOVER_EPS, Reason: Critical voltage, Mode: Nominal
2025-07-11 04:29:38,072 - INFO - [AUDIT] - Rule Activated: CRITICAL_VOLTAGE, Reason: Bus voltage below threshold: 0.18 < 25.50
2025-07-11 04:29:38,072 - INFO - [AUDIT] - Decision: RECOVER_EPS, Reason: Critical voltage, Mode: Nominal
2025-07-11 04:29:38,072 - INFO - [AUDIT] - Rule Activated: CRITICAL_VOLTAGE, Reason: Bus voltage below threshold: 0.18 < 25.50
2025-07-11 04:29:38,072 - INFO - [AUDIT] - Decision: RECOVER_EPS, Reason: Critical voltage, Mode: Nominal
2025-07-11 04:29:38,072 - INFO - [AUDIT] - Rule Activated: CRITICAL_VOLTAGE, Reason: Bus voltage below threshold: 0.18 < 25.50
2025-07-11 04:29:38,072 - INFO - [AUDIT] - Decision: RECOVER_EPS, Reason: Critical voltage, Mode: Nominal
2025-07-11 04:29:38,072 - INFO - [AUDIT] - Rule Activated: CRITICAL_VOLTAGE, Reason: Bus voltage below threshold: 0.18 < 25.50
2025-07-11 04:29:38,072 - INFO - [AUDIT] - Decision: RECOVER_EPS, Reason: Critical voltage, Mode: Nominal
2025-07-11 04:29:38,073 - INFO - [AUDIT] - Rule Activated: CRITICAL_VOLTAGE, Reason: Bus voltage below threshold: 0.18 < 25.50
2025-07-11 04:29:38,073 - INFO - [AUDIT] - Decision: RECOVER_EPS, Reason: Critical voltage, Mode: Nominal
2025-07-11 04:29:38,073 - INFO - [AUDIT] - Rule Activated: CRITICAL_VOLTAGE, Reason: Bus voltage below threshold: 0.18 < 25.50
2025-07-11 04:29:38,073 - INFO - [AUDIT] - Decision: RECOVER_EPS, Reason: Critical voltage, Mode: Nominal
2025-07-11 04:29:38,073 - INFO - [AUDIT] - Rule Activated: CRITICAL_VOLTAGE, Reason: Bus voltage below threshold: 0.18 < 25.50
2025-07-11 04:29:38,073 - INFO - [AUDIT] - Decision: RECOVER_EPS, Reason: Critical voltage, Mode: Nominal
2025-07-11 04:29:38,073 - INFO - [AUDIT] - Rule Activated: CRITICAL_VOLTAGE, Reason: Bus voltage below threshold: 0.18 < 25.50
2025-07-11 04:29:38,073 - INFO - [AUDIT] - Decision: RECOVER_EPS, Reason: Critical voltage, Mode: Nominal
2025-07-11 04:29:38,073 - INFO - [AUDIT] - Rule Activated: CRITICAL_VOLTAGE, Reason: Bus voltage below threshold: 0.18 < 25.50
2025-07-11 04:29:38,073 - INFO - [AUDIT] - Decision: RECOVER_EPS, Reason: Critical voltage, Mode: Nominal
2025-07-11 04:29:38,074 - INFO - [AUDIT] - Rule Activated: CRITICAL_VOLTAGE, Reason: Bus voltage below threshold: 0.18 < 25.50
2025-07-11 04:29:38,074 - INFO - [AUDIT] - Decision: RECOVER_EPS, Reason: Critical voltage, Mode: Nominal
2025-07-11 04:29:38,074 - INFO - [AUDIT] - Rule Activated: CRITICAL_VOLTAGE, Reason: Bus voltage below threshold: 0.18 < 25.50
2025-07-11 04:29:38,074 - INFO - [AUDIT] - Decision: RECOVER_EPS, Reason: Critical voltage, Mode: Nominal
2025-07-11 04:29:38,075 - INFO - [AUDIT] - Rule Activated: CRITICAL_VOLTAGE, Reason: Bus voltage below threshold: 0.18 < 25.50
2025-07-11 04:29:38,075 - INFO - [AUDIT] - Decision: RECOVER_EPS, Reason: Critical voltage, Mode: Nominal
2025-07-11 04:29:38,075 - INFO - [AUDIT] - Rule Activated: CRITICAL_VOLTAGE, Reason: Bus voltage below threshold: 0.18 < 25.50
2025-07-11 04:29:38,075 - INFO - [AUDIT] - Decision: RECOVER_EPS, Reason: Critical voltage, Mode: Nominal
2025-07-11 04:29:38,075 - INFO - [AUDIT] - Rule Activated: CRITICAL_VOLTAGE, Reason: Bus voltage below threshold: 0.18 < 25.50
2025-07-11 04:29:38,075 - INFO - [AUDIT] - Decision: RECOVER_EPS, Reason: Critical voltage, Mode: Nominal
2025-07-11 04:29:38,076 - INFO - [AUDIT] - Rule Activated: CRITICAL_VOLTAGE, Reason: Bus voltage below threshold: 0.18 < 25.50
2025-07-11 04:29:38,076 - INFO - [AUDIT] - Decision: RECOVER_EPS, Reason: Critical voltage, Mode: Nominal
2025-07-11 04:29:38,076 - INFO - [AUDIT] - Rule Activated: CRITICAL_VOLTAGE, Reason: Bus voltage below threshold: 0.18 < 25.50
2025-07-11 04:29:38,076 - INFO - [AUDIT] - Decision: RECOVER_EPS, Reason: Critical voltage, Mode: Nominal
2025-07-11 04:29:38,076 - INFO - [AUDIT] - Rule Activated: CRITICAL_VOLTAGE, Reason: Bus voltage below threshold: 0.18 < 25.50
2025-07-11 04:29:38,076 - INFO - [AUDIT] - Decision: RECOVER_EPS, Reason: Critical voltage, Mode: Nominal
2025-07-11 04:29:38,076 - INFO - [AUDIT] - Rule Activated: CRITICAL_VOLTAGE, Reason: Bus voltage below threshold: 0.18 < 25.50
2025-07-11 04:29:38,076 - INFO - [AUDIT] - Decision: RECOVER_EPS, Reason: Critical voltage, Mode: Nominal
2025-07-11 04:29:38,076 - INFO - [AUDIT] - Rule Activated: CRITICAL_VOLTAGE, Reason: Bus voltage below threshold: 0.18 < 25.50
2025-07-11 04:29:38,076 - INFO - [AUDIT] - Decision: RECOVER_EPS, Reason: Critical voltage, Mode: Nominal
2025-07-11 04:29:38,077 - INFO - [AUDIT] - Rule Activated: CRITICAL_VOLTAGE, Reason: Bus voltage below threshold: 0.18 < 25.50
2025-07-11 04:29:38,077 - INFO - [AUDIT] - Decision: RECOVER_EPS, Reason: Critical voltage, Mode: Nominal
2025-07-11 04:29:38,077 - INFO - [AUDIT] - Rule Activated: CRITICAL_VOLTAGE, Reason: Bus voltage below threshold: 0.18 < 25.50
2025-07-11 04:29:38,077 - INFO - [AUDIT] - Decision: RECOVER_EPS, Reason: Critical voltage, Mode: Nominal
2025-07-11 04:29:38,077 - INFO - [AUDIT] - Rule Activated: CRITICAL_VOLTAGE, Reason: Bus voltage below threshold: 0.18 < 25.50
2025-07-11 04:29:38,077 - INFO - [AUDIT] - Decision: RECOVER_EPS, Reason: Critical voltage, Mode: Nominal
2025-07-11 04:29:38,078 - INFO - [AUDIT] - Rule Activated: CRITICAL_VOLTAGE, Reason: Bus voltage below threshold: 0.18 < 25.50
2025-07-11 04:29:38,078 - INFO - [AUDIT] - Decision: RECOVER_EPS, Reason: Critical voltage, Mode: Nominal
2025-07-11 04:29:38,078 - INFO - [AUDIT] - Rule Activated: CRITICAL_VOLTAGE, Reason: Bus voltage below threshold: 0.18 < 25.50
2025-07-11 04:29:38,078 - INFO - [AUDIT] - Decision: RECOVER_EPS, Reason: Critical voltage, Mode: Nominal
2025-07-11 04:29:38,078 - INFO - [AUDIT] - Rule Activated: CRITICAL_VOLTAGE, Reason: Bus voltage below threshold: 0.18 < 25.50
2025-07-11 04:29:38,078 - INFO - [AUDIT] - Decision: RECOVER_EPS, Reason: Critical voltage, Mode: Nominal
2025-07-11 04:29:38,078 - INFO - [AUDIT] - Rule Activated: CRITICAL_VOLTAGE, Reason: Bus voltage below threshold: 0.18 < 25.50
2025-07-11 04:29:38,078 - INFO - [AUDIT] - Decision: RECOVER_EPS, Reason: Critical voltage, Mode: Nominal
2025-07-11 04:29:38,078 - INFO - [AUDIT] - Rule Activated: CRITICAL_VOLTAGE, Reason: Bus voltage below threshold: 0.18 < 25.50
2025-07-11 04:29:38,078 - INFO - [AUDIT] - Decision: RECOVER_EPS, Reason: Critical voltage, Mode: Nominal
2025-07-11 04:29:38,078 - INFO - [AUDIT] - Rule Activated: CRITICAL_VOLTAGE, Reason: Bus voltage below threshold: 0.18 < 25.50
2025-07-11 04:29:38,078 - INFO - [AUDIT] - Decision: RECOVER_EPS, Reason: Critical voltage, Mode: Nominal
2025-07-11 04:29:38,079 - INFO - [AUDIT] - Rule Activated: CRITICAL_VOLTAGE, Reason: Bus voltage below threshold: 0.18 < 25.50
2025-07-11 04:29:38,079 - INFO - [AUDIT] - Decision: RECOVER_EPS, Reason: Critical voltage, Mode: Nominal
2025-07-11 04:29:38,079 - INFO - [AUDIT] - Rule Activated: CRITICAL_VOLTAGE, Reason: Bus voltage below threshold: 0.18 < 25.50
2025-07-11 04:29:38,079 - INFO - [AUDIT] - Decision: RECOVER_EPS, Reason: Critical voltage, Mode: Nominal
2025-07-11 04:29:38,079 - INFO - [AUDIT] - Rule Activated: CRITICAL_VOLTAGE, Reason: Bus voltage below threshold: 0.18 < 25.50
2025-07-11 04:29:38,079 - INFO - [AUDIT] - Decision: RECOVER_EPS, Reason: Critical voltage, Mode: Nominal
2025-07-11 04:29:38,079 - INFO - [AUDIT] - Rule Activated: CRITICAL_VOLTAGE, Reason: Bus voltage below threshold: 0.18 < 25.50
2025-07-11 04:29:38,079 - INFO - [AUDIT] - Decision: RECOVER_EPS, Reason: Critical voltage, Mode: Nominal
2025-07-11 04:29:38,080 - INFO - [AUDIT] - Rule Activated: CRITICAL_VOLTAGE, Reason: Bus voltage below threshold: 0.18 < 25.50
2025-07-11 04:29:38,080 - INFO - [AUDIT] - Decision: RECOVER_EPS, Reason: Critical voltage, Mode: Nominal
2025-07-11 04:29:38,080 - INFO - [AUDIT] - Rule Activated: CRITICAL_VOLTAGE, Reason: Bus voltage below threshold: 0.18 < 25.50
2025-07-11 04:29:38,080 - INFO - [AUDIT] - Decision: RECOVER_EPS, Reason: Critical voltage, Mode: Nominal
2025-07-11 04:29:38,080 - INFO - [AUDIT] - Rule Activated: CRITICAL_VOLTAGE, Reason: Bus voltage below threshold: 0.18 < 25.50
2025-07-11 04:29:38,080 - INFO - [AUDIT] - Decision: RECOVER_EPS, Reason: Critical voltage, Mode: Nominal
2025-07-11 04:29:38,080 - INFO - [AUDIT] - Rule Activated: CRITICAL_VOLTAGE, Reason: Bus voltage below threshold: 0.18 < 25.50
2025-07-11 04:29:38,080 - INFO - [AUDIT] - Decision: RECOVER_EPS, Reason: Critical voltage, Mode: Nominal
2025-07-11 04:29:38,080 - INFO - [AUDIT] - Rule Activated: CRITICAL_VOLTAGE, Reason: Bus voltage below threshold: 0.18 < 25.50
2025-07-11 04:29:38,080 - INFO - [AUDIT] - Decision: RECOVER_EPS, Reason: Critical voltage, Mode: Nominal
2025-07-11 04:29:38,080 - INFO - [AUDIT] - Rule Activated: CRITICAL_VOLTAGE, Reason: Bus voltage below threshold: 0.18 < 25.50
2025-07-11 04:29:38,080 - INFO - [AUDIT] - Decision: RECOVER_EPS, Reason: Critical voltage, Mode: Nominal
2025-07-11 04:29:38,080 - INFO - [AUDIT] - Rule Activated: CRITICAL_VOLTAGE, Reason: Bus voltage below threshold: 0.18 < 25.50
2025-07-11 04:29:38,081 - INFO - [AUDIT] - Decision: RECOVER_EPS, Reason: Critical voltage, Mode: Nominal
2025-07-11 04:29:38,081 - INFO - [AUDIT] - Rule Activated: CRITICAL_VOLTAGE, Reason: Bus voltage below threshold: 0.18 < 25.50
2025-07-11 04:29:38,081 - INFO - [AUDIT] - Decision: RECOVER_EPS, Reason: Critical voltage, Mode: Nominal
2025-07-11 04:29:38,081 - INFO - [AUDIT] - Rule Activated: CRITICAL_VOLTAGE, Reason: Bus voltage below threshold: 0.18 < 25.50
2025-07-11 04:29:38,081 - INFO - [AUDIT] - Decision: RECOVER_EPS, Reason: Critical voltage, Mode: Nominal
2025-07-11 04:29:38,081 - INFO - [AUDIT] - Rule Activated: CRITICAL_VOLTAGE, Reason: Bus voltage below threshold: 0.18 < 25.50
2025-07-11 04:29:38,081 - INFO - [AUDIT] - Decision: RECOVER_EPS, Reason: Critical voltage, Mode: Nominal
2025-07-11 04:29:38,081 - INFO - [AUDIT] - Rule Activated: CRITICAL_VOLTAGE, Reason: Bus voltage below threshold: 0.18 < 25.50
2025-07-11 04:29:38,081 - INFO - [AUDIT] - Decision: RECOVER_EPS, Reason: Critical voltage, Mode: Nominal
2025-07-11 04:29:38,081 - INFO - [AUDIT] - Rule Activated: CRITICAL_VOLTAGE, Reason: Bus voltage below threshold: 0.18 < 25.50
2025-07-11 04:29:38,081 - INFO - [AUDIT] - Decision: RECOVER_EPS, Reason: Critical voltage, Mode: Nominal
2025-07-11 04:29:38,081 - INFO - [AUDIT] - Rule Activated: CRITICAL_VOLTAGE, Reason: Bus voltage below threshold: 0.18 < 25.50
2025-07-11 04:29:38,081 - INFO - [AUDIT] - Decision: RECOVER_EPS, Reason: Critical voltage, Mode: Nominal
2025-07-11 04:29:38,082 - INFO - [AUDIT] - Rule Activated: CRITICAL_VOLTAGE, Reason: Bus voltage below threshold: 0.18 < 25.50
2025-07-11 04:29:38,082 - INFO - [AUDIT] - Decision: RECOVER_EPS, Reason: Critical voltage, Mode: Nominal
2025-07-11 04:29:38,082 - INFO - [AUDIT] - Rule Activated: CRITICAL_VOLTAGE, Reason: Bus voltage below threshold: 0.18 < 25.50
2025-07-11 04:29:38,082 - INFO - [AUDIT] - Decision: RECOVER_EPS, Reason: Critical voltage, Mode: Nominal
2025-07-11 04:29:38,082 - INFO - [AUDIT] - Rule Activated: CRITICAL_VOLTAGE, Reason: Bus voltage below threshold: 0.18 < 25.50
2025-07-11 04:29:38,082 - INFO - [AUDIT] - Decision: RECOVER_EPS, Reason: Critical voltage, Mode: Nominal
2025-07-11 04:29:38,082 - INFO - [AUDIT] - Rule Activated: CRITICAL_VOLTAGE, Reason: Bus voltage below threshold: 0.18 < 25.50
2025-07-11 04:29:38,082 - INFO - [AUDIT] - Decision: RECOVER_EPS, Reason: Critical voltage, Mode: Nominal
2025-07-11 04:29:38,082 - INFO - [AUDIT] - Rule Activated: CRITICAL_VOLTAGE, Reason: Bus voltage below threshold: 0.18 < 25.50
2025-07-11 04:29:38,082 - INFO - [AUDIT] - Decision: RECOVER_EPS, Reason: Critical voltage, Mode: Nominal
2025-07-11 04:29:38,082 - INFO - [AUDIT] - Rule Activated: CRITICAL_VOLTAGE, Reason: Bus voltage below threshold: 0.18 < 25.50
2025-07-11 04:29:38,082 - INFO - [AUDIT] - Decision: RECOVER_EPS, Reason: Critical voltage, Mode: Nominal
2025-07-11 04:29:38,083 - INFO - [AUDIT] - Rule Activated: CRITICAL_VOLTAGE, Reason: Bus voltage below threshold: 0.18 < 25.50
2025-07-11 04:29:38,083 - INFO - [AUDIT] - Decision: RECOVER_EPS, Reason: Critical voltage, Mode: Nominal
2025-07-11 04:29:38,083 - INFO - [AUDIT] - Rule Activated: CRITICAL_VOLTAGE, Reason: Bus voltage below threshold: 0.18 < 25.50
2025-07-11 04:29:38,083 - INFO - [AUDIT] - Decision: RECOVER_EPS, Reason: Critical voltage, Mode: Nominal
2025-07-11 04:29:38,083 - INFO - [AUDIT] - Rule Activated: CRITICAL_VOLTAGE, Reason: Bus voltage below threshold: 0.18 < 25.50
2025-07-11 04:29:38,083 - INFO - [AUDIT] - Decision: RECOVER_EPS, Reason: Critical voltage, Mode: Nominal
2025-07-11 04:29:38,083 - INFO - [AUDIT] - Rule Activated: CRITICAL_VOLTAGE, Reason: Bus voltage below threshold: 0.18 < 25.50
2025-07-11 04:29:38,083 - INFO - [AUDIT] - Decision: RECOVER_EPS, Reason: Critical voltage, Mode: Nominal
2025-07-11 04:29:38,083 - INFO - [AUDIT] - Rule Activated: CRITICAL_VOLTAGE, Reason: Bus voltage below threshold: 0.18 < 25.50
2025-07-11 04:29:38,083 - INFO - [AUDIT] - Decision: RECOVER_EPS, Reason: Critical voltage, Mode: Nominal
2025-07-11 04:29:38,083 - INFO - [AUDIT] - Rule Activated: CRITICAL_VOLTAGE, Reason: Bus voltage below threshold: 0.18 < 25.50
2025-07-11 04:29:38,083 - INFO - [AUDIT] - Decision: RECOVER_EPS, Reason: Critical voltage, Mode: Nominal
2025-07-11 04:29:38,084 - INFO - [AUDIT] - Rule Activated: CRITICAL_VOLTAGE, Reason: Bus voltage below threshold: 0.18 < 25.50
2025-07-11 04:29:38,084 - INFO - [AUDIT] - Decision: RECOVER_EPS, Reason: Critical voltage, Mode: Nominal
2025-07-11 04:29:38,084 - INFO - [AUDIT] - Rule Activated: CRITICAL_VOLTAGE, Reason: Bus voltage below threshold: 0.18 < 25.50
2025-07-11 04:29:38,084 - INFO - [AUDIT] - Decision: RECOVER_EPS, Reason: Critical voltage, Mode: Nominal
2025-07-11 04:29:38,084 - INFO - [AUDIT] - Rule Activated: CRITICAL_VOLTAGE, Reason: Bus voltage below threshold: 0.18 < 25.50
2025-07-11 04:29:38,084 - INFO - [AUDIT] - Decision: RECOVER_EPS, Reason: Critical voltage, Mode: Nominal
2025-07-11 04:29:38,084 - INFO - [AUDIT] - Rule Activated: CRITICAL_VOLTAGE, Reason: Bus voltage below threshold: 0.18 < 25.50
2025-07-11 04:29:38,084 - INFO - [AUDIT] - Decision: RECOVER_EPS, Reason: Critical voltage, Mode: Nominal
2025-07-11 04:29:38,084 - INFO - [AUDIT] - Rule Activated: CRITICAL_VOLTAGE, Reason: Bus voltage below threshold: 0.18 < 25.50
2025-07-11 04:29:38,084 - INFO - [AUDIT] - Decision: RECOVER_EPS, Reason: Critical voltage, Mode: Nominal
2025-07-11 04:29:38,084 - INFO - [AUDIT] - Rule Activated: CRITICAL_VOLTAGE, Reason: Bus voltage below threshold: 0.18 < 25.50
2025-07-11 04:29:38,084 - INFO - [AUDIT] - Decision: RECOVER_EPS, Reason: Critical voltage, Mode: Nominal
2025-07-11 04:29:38,085 - INFO - [AUDIT] - Rule Activated: CRITICAL_VOLTAGE, Reason: Bus voltage below threshold: 0.18 < 25.50
2025-07-11 04:29:38,085 - INFO - [AUDIT] - Decision: RECOVER_EPS, Reason: Critical voltage, Mode: Nominal
2025-07-11 04:29:38,085 - INFO - [AUDIT] - Rule Activated: CRITICAL_VOLTAGE, Reason: Bus voltage below threshold: 0.18 < 25.50
2025-07-11 04:29:38,085 - INFO - [AUDIT] - Decision: RECOVER_EPS, Reason: Critical voltage, Mode: Nominal
2025-07-11 04:29:38,085 - INFO - [AUDIT] - Rule Activated: CRITICAL_VOLTAGE, Reason: Bus voltage below threshold: 0.18 < 25.50
2025-07-11 04:29:38,085 - INFO - [AUDIT] - Decision: RECOVER_EPS, Reason: Critical voltage, Mode: Nominal
2025-07-11 04:29:38,085 - INFO - [AUDIT] - Rule Activated: CRITICAL_VOLTAGE, Reason: Bus voltage below threshold: 0.18 < 25.50
2025-07-11 04:29:38,085 - INFO - [AUDIT] - Decision: RECOVER_EPS, Reason: Critical voltage, Mode: Nominal
2025-07-11 04:29:38,085 - INFO - [AUDIT] - Rule Activated: CRITICAL_VOLTAGE, Reason: Bus voltage below threshold: 0.18 < 25.50
2025-07-11 04:29:38,085 - INFO - [AUDIT] - Decision: RECOVER_EPS, Reason: Critical voltage, Mode: Nominal
2025-07-11 04:29:38,085 - INFO - [AUDIT] - Rule Activated: CRITICAL_VOLTAGE, Reason: Bus voltage below threshold: 0.18 < 25.50
2025-07-11 04:29:38,085 - INFO - [AUDIT] - Decision: RECOVER_EPS, Reason: Critical voltage, Mode: Nominal
2025-07-11 04:29:38,086 - INFO - [AUDIT] - Rule Activated: CRITICAL_VOLTAGE, Reason: Bus voltage below threshold: 0.18 < 25.50
2025-07-11 04:29:38,086 - INFO - [AUDIT] - Decision: RECOVER_EPS, Reason: Critical voltage, Mode: Nominal
2025-07-11 04:29:38,086 - INFO - [AUDIT] - Rule Activated: CRITICAL_VOLTAGE, Reason: Bus voltage below threshold: 0.18 < 25.50
2025-07-11 04:29:38,086 - INFO - [AUDIT] - Decision: RECOVER_EPS, Reason: Critical voltage, Mode: Nominal
2025-07-11 04:29:38,086 - INFO - [AUDIT] - Rule Activated: CRITICAL_VOLTAGE, Reason: Bus voltage below threshold: 0.18 < 25.50
2025-07-11 04:29:38,086 - INFO - [AUDIT] - Decision: RECOVER_EPS, Reason: Critical voltage, Mode: Nominal
2025-07-11 04:29:38,086 - INFO - [AUDIT] - Rule Activated: CRITICAL_VOLTAGE, Reason: Bus voltage below threshold: 0.18 < 25.50
2025-07-11 04:29:38,086 - INFO - [AUDIT] - Decision: RECOVER_EPS, Reason: Critical voltage, Mode: Nominal
2025-07-11 04:29:38,086 - INFO - [AUDIT] - Rule Activated: CRITICAL_VOLTAGE, Reason: Bus voltage below threshold: 0.18 < 25.50
2025-07-11 04:29:38,086 - INFO - [AUDIT] - Decision: RECOVER_EPS, Reason: Critical voltage, Mode: Nominal
2025-07-11 04:29:38,086 - INFO - [AUDIT] - Rule Activated: CRITICAL_VOLTAGE, Reason: Bus voltage below threshold: 0.18 < 25.50
2025-07-11 04:29:38,086 - INFO - [AUDIT] - Decision: RECOVER_EPS, Reason: Critical voltage, Mode: Nominal
2025-07-11 04:29:38,087 - INFO - [AUDIT] - Rule Activated: CRITICAL_VOLTAGE, Reason: Bus voltage below threshold: 0.18 < 25.50
2025-07-11 04:29:38,087 - INFO - [AUDIT] - Decision: RECOVER_EPS, Reason: Critical voltage, Mode: Nominal
2025-07-11 04:29:38,087 - INFO - [AUDIT] - Rule Activated: CRITICAL_VOLTAGE, Reason: Bus voltage below threshold: 0.18 < 25.50
2025-07-11 04:29:38,087 - INFO - [AUDIT] - Decision: RECOVER_EPS, Reason: Critical voltage, Mode: Nominal
2025-07-11 04:29:38,087 - INFO - [AUDIT] - Rule Activated: CRITICAL_VOLTAGE, Reason: Bus voltage below threshold: 0.18 < 25.50
2025-07-11 04:29:38,087 - INFO - [AUDIT] - Decision: RECOVER_EPS, Reason: Critical voltage, Mode: Nominal
2025-07-11 04:29:38,087 - INFO - [AUDIT] - Rule Activated: CRITICAL_VOLTAGE, Reason: Bus voltage below threshold: 0.18 < 25.50
2025-07-11 04:29:38,087 - INFO - [AUDIT] - Decision: RECOVER_EPS, Reason: Critical voltage, Mode: Nominal
2025-07-11 04:29:38,087 - INFO - [AUDIT] - Rule Activated: CRITICAL_VOLTAGE, Reason: Bus voltage below threshold: 0.18 < 25.50
2025-07-11 04:29:38,087 - INFO - [AUDIT] - Decision: RECOVER_EPS, Reason: Critical voltage, Mode: Nominal
2025-07-11 04:29:38,087 - INFO - [AUDIT] - Rule Activated: CRITICAL_VOLTAGE, Reason: Bus voltage below threshold: 0.18 < 25.50
2025-07-11 04:29:38,087 - INFO - [AUDIT] - Decision: RECOVER_EPS, Reason: Critical voltage, Mode: Nominal
2025-07-11 04:29:38,088 - INFO - [AUDIT] - Rule Activated: CRITICAL_VOLTAGE, Reason: Bus voltage below threshold: 0.18 < 25.50
2025-07-11 04:29:38,088 - INFO - [AUDIT] - Decision: RECOVER_EPS, Reason: Critical voltage, Mode: Nominal
2025-07-11 04:29:38,088 - INFO - [AUDIT] - Rule Activated: CRITICAL_VOLTAGE, Reason: Bus voltage below threshold: 0.18 < 25.50
2025-07-11 04:29:38,088 - INFO - [AUDIT] - Decision: RECOVER_EPS, Reason: Critical voltage, Mode: Nominal
2025-07-11 04:29:38,088 - INFO - [AUDIT] - Rule Activated: CRITICAL_VOLTAGE, Reason: Bus voltage below threshold: 0.18 < 25.50
2025-07-11 04:29:38,088 - INFO - [AUDIT] - Decision: RECOVER_EPS, Reason: Critical voltage, Mode: Nominal
2025-07-11 04:29:38,088 - INFO - [AUDIT] - Rule Activated: CRITICAL_VOLTAGE, Reason: Bus voltage below threshold: 0.18 < 25.50
2025-07-11 04:29:38,088 - INFO - [AUDIT] - Decision: RECOVER_EPS, Reason: Critical voltage, Mode: Nominal
2025-07-11 04:29:38,088 - INFO - [AUDIT] - Rule Activated: CRITICAL_VOLTAGE, Reason: Bus voltage below threshold: 0.18 < 25.50
2025-07-11 04:29:38,088 - INFO - [AUDIT] - Decision: RECOVER_EPS, Reason: Critical voltage, Mode: Nominal
2025-07-11 04:29:38,088 - INFO - [AUDIT] - Rule Activated: CRITICAL_VOLTAGE, Reason: Bus voltage below threshold: 0.18 < 25.50
2025-07-11 04:29:38,088 - INFO - [AUDIT] - Decision: RECOVER_EPS, Reason: Critical voltage, Mode: Nominal
2025-07-11 04:29:38,088 - INFO - [AUDIT] - Rule Activated: CRITICAL_VOLTAGE, Reason: Bus voltage below threshold: 0.18 < 25.50
2025-07-11 04:29:38,089 - INFO - [AUDIT] - Decision: RECOVER_EPS, Reason: Critical voltage, Mode: Nominal
2025-07-11 04:29:38,089 - INFO - [AUDIT] - Rule Activated: CRITICAL_VOLTAGE, Reason: Bus voltage below threshold: 0.18 < 25.50
2025-07-11 04:29:38,089 - INFO - [AUDIT] - Decision: RECOVER_EPS, Reason: Critical voltage, Mode: Nominal
2025-07-11 04:29:38,089 - INFO - [AUDIT] - Rule Activated: CRITICAL_VOLTAGE, Reason: Bus voltage below threshold: 0.18 < 25.50
2025-07-11 04:29:38,089 - INFO - [AUDIT] - Decision: RECOVER_EPS, Reason: Critical voltage, Mode: Nominal
2025-07-11 04:29:38,089 - INFO - [AUDIT] - Rule Activated: CRITICAL_VOLTAGE, Reason: Bus voltage below threshold: 0.18 < 25.50
2025-07-11 04:29:38,089 - INFO - [AUDIT] - Decision: RECOVER_EPS, Reason: Critical voltage, Mode: Nominal
2025-07-11 04:29:38,089 - INFO - [AUDIT] - Rule Activated: CRITICAL_VOLTAGE, Reason: Bus voltage below threshold: 0.18 < 25.50
2025-07-11 04:29:38,089 - INFO - [AUDIT] - Decision: RECOVER_EPS, Reason: Critical voltage, Mode: Nominal
2025-07-11 04:29:38,089 - INFO - [AUDIT] - Rule Activated: CRITICAL_VOLTAGE, Reason: Bus voltage below threshold: 0.18 < 25.50
2025-07-11 04:29:38,089 - INFO - [AUDIT] - Decision: RECOVER_EPS, Reason: Critical voltage, Mode: Nominal
2025-07-11 04:29:38,090 - INFO - [AUDIT] - Rule Activated: CRITICAL_VOLTAGE, Reason: Bus voltage below threshold: 0.18 < 25.50
2025-07-11 04:29:38,090 - INFO - [AUDIT] - Decision: RECOVER_EPS, Reason: Critical voltage, Mode: Nominal
2025-07-11 04:29:38,090 - INFO - [AUDIT] - Rule Activated: CRITICAL_VOLTAGE, Reason: Bus voltage below threshold: 0.18 < 25.50
2025-07-11 04:29:38,090 - INFO - [AUDIT] - Decision: RECOVER_EPS, Reason: Critical voltage, Mode: Nominal
2025-07-11 04:29:38,090 - INFO - [AUDIT] - Rule Activated: CRITICAL_VOLTAGE, Reason: Bus voltage below threshold: 0.00 < 25.50
2025-07-11 04:29:38,090 - INFO - [AUDIT] - Decision: RECOVER_EPS, Reason: Critical voltage, Mode: Nominal
2025-07-11 04:29:38,090 - INFO - [AUDIT] - Rule Activated: CRITICAL_VOLTAGE, Reason: Bus voltage below threshold: 0.18 < 25.50
2025-07-11 04:29:38,090 - INFO - [AUDIT] - Decision: RECOVER_EPS, Reason: Critical voltage, Mode: Nominal
2025-07-11 04:29:38,091 - INFO - [AUDIT] - Rule Activated: CRITICAL_VOLTAGE, Reason: Bus voltage below threshold: 0.18 < 25.50
2025-07-11 04:29:38,091 - INFO - [AUDIT] - Decision: RECOVER_EPS, Reason: Critical voltage, Mode: Nominal
2025-07-11 04:29:38,091 - INFO - [AUDIT] - Rule Activated: CRITICAL_VOLTAGE, Reason: Bus voltage below threshold: 0.18 < 25.50
2025-07-11 04:29:38,091 - INFO - [AUDIT] - Decision: RECOVER_EPS, Reason: Critical voltage, Mode: Nominal
2025-07-11 04:29:38,091 - INFO - [AUDIT] - Rule Activated: CRITICAL_VOLTAGE, Reason: Bus voltage below threshold: 0.18 < 25.50
2025-07-11 04:29:38,091 - INFO - [AUDIT] - Decision: RECOVER_EPS, Reason: Critical voltage, Mode: Nominal
2025-07-11 04:29:38,091 - INFO - [AUDIT] - Rule Activated: CRITICAL_VOLTAGE, Reason: Bus voltage below threshold: 0.18 < 25.50
2025-07-11 04:29:38,091 - INFO - [AUDIT] - Decision: RECOVER_EPS, Reason: Critical voltage, Mode: Nominal
2025-07-11 04:29:38,091 - INFO - [AUDIT] - Rule Activated: CRITICAL_VOLTAGE, Reason: Bus voltage below threshold: 0.18 < 25.50
2025-07-11 04:29:38,091 - INFO - [AUDIT] - Decision: RECOVER_EPS, Reason: Critical voltage, Mode: Nominal
2025-07-11 04:29:38,091 - INFO - [AUDIT] - Rule Activated: CRITICAL_VOLTAGE, Reason: Bus voltage below threshold: 0.18 < 25.50
2025-07-11 04:29:38,091 - INFO - [AUDIT] - Decision: RECOVER_EPS, Reason: Critical voltage, Mode: Nominal
2025-07-11 04:29:38,092 - INFO - [AUDIT] - Rule Activated: CRITICAL_VOLTAGE, Reason: Bus voltage below threshold: 0.18 < 25.50
2025-07-11 04:29:38,092 - INFO - [AUDIT] - Decision: RECOVER_EPS, Reason: Critical voltage, Mode: Nominal
2025-07-11 04:29:38,092 - INFO - [AUDIT] - Rule Activated: CRITICAL_VOLTAGE, Reason: Bus voltage below threshold: 0.18 < 25.50
2025-07-11 04:29:38,092 - INFO - [AUDIT] - Decision: RECOVER_EPS, Reason: Critical voltage, Mode: Nominal
2025-07-11 04:29:38,092 - INFO - [AUDIT] - Rule Activated: CRITICAL_VOLTAGE, Reason: Bus voltage below threshold: 0.18 < 25.50
2025-07-11 04:29:38,092 - INFO - [AUDIT] - Decision: RECOVER_EPS, Reason: Critical voltage, Mode: Nominal
2025-07-11 04:29:38,092 - INFO - [AUDIT] - Rule Activated: CRITICAL_VOLTAGE, Reason: Bus voltage below threshold: 0.18 < 25.50
2025-07-11 04:29:38,092 - INFO - [AUDIT] - Decision: RECOVER_EPS, Reason: Critical voltage, Mode: Nominal
2025-07-11 04:29:38,092 - INFO - [AUDIT] - Rule Activated: CRITICAL_VOLTAGE, Reason: Bus voltage below threshold: 0.18 < 25.50
2025-07-11 04:29:38,092 - INFO - [AUDIT] - Decision: RECOVER_EPS, Reason: Critical voltage, Mode: Nominal
2025-07-11 04:29:38,092 - INFO - [AUDIT] - Rule Activated: CRITICAL_VOLTAGE, Reason: Bus voltage below threshold: 0.18 < 25.50
2025-07-11 04:29:38,092 - INFO - [AUDIT] - Decision: RECOVER_EPS, Reason: Critical voltage, Mode: Nominal
2025-07-11 04:29:38,092 - INFO - [AUDIT] - Rule Activated: CRITICAL_VOLTAGE, Reason: Bus voltage below threshold: 0.18 < 25.50
2025-07-11 04:29:38,093 - INFO - [AUDIT] - Decision: RECOVER_EPS, Reason: Critical voltage, Mode: Nominal
2025-07-11 04:29:38,093 - INFO - [AUDIT] - Rule Activated: CRITICAL_VOLTAGE, Reason: Bus voltage below threshold: 0.18 < 25.50
2025-07-11 04:29:38,093 - INFO - [AUDIT] - Decision: RECOVER_EPS, Reason: Critical voltage, Mode: Nominal
2025-07-11 04:29:38,093 - INFO - [AUDIT] - Rule Activated: CRITICAL_VOLTAGE, Reason: Bus voltage below threshold: 0.18 < 25.50
2025-07-11 04:29:38,093 - INFO - [AUDIT] - Decision: RECOVER_EPS, Reason: Critical voltage, Mode: Nominal
2025-07-11 04:29:38,093 - INFO - [AUDIT] - Rule Activated: CRITICAL_VOLTAGE, Reason: Bus voltage below threshold: 0.18 < 25.50
2025-07-11 04:29:38,093 - INFO - [AUDIT] - Decision: RECOVER_EPS, Reason: Critical voltage, Mode: Nominal
2025-07-11 04:29:38,093 - INFO - [AUDIT] - Rule Activated: CRITICAL_VOLTAGE, Reason: Bus voltage below threshold: 0.18 < 25.50
2025-07-11 04:29:38,093 - INFO - [AUDIT] - Decision: RECOVER_EPS, Reason: Critical voltage, Mode: Nominal
2025-07-11 04:29:38,093 - INFO - [AUDIT] - Rule Activated: CRITICAL_VOLTAGE, Reason: Bus voltage below threshold: 0.18 < 25.50
2025-07-11 04:29:38,093 - INFO - [AUDIT] - Decision: RECOVER_EPS, Reason: Critical voltage, Mode: Nominal
2025-07-11 04:29:38,093 - INFO - [AUDIT] - Rule Activated: CRITICAL_VOLTAGE, Reason: Bus voltage below threshold: 0.18 < 25.50
2025-07-11 04:29:38,093 - INFO - [AUDIT] - Decision: RECOVER_EPS, Reason: Critical voltage, Mode: Nominal
2025-07-11 04:29:38,094 - INFO - [AUDIT] - Rule Activated: CRITICAL_VOLTAGE, Reason: Bus voltage below threshold: 0.18 < 25.50
2025-07-11 04:29:38,094 - INFO - [AUDIT] - Decision: RECOVER_EPS, Reason: Critical voltage, Mode: Nominal
2025-07-11 04:29:38,094 - INFO - [AUDIT] - Rule Activated: CRITICAL_VOLTAGE, Reason: Bus voltage below threshold: 0.18 < 25.50
2025-07-11 04:29:38,094 - INFO - [AUDIT] - Decision: RECOVER_EPS, Reason: Critical voltage, Mode: Nominal
2025-07-11 04:29:38,095 - INFO - [AUDIT] - Rule Activated: CRITICAL_VOLTAGE, Reason: Bus voltage below threshold: 0.18 < 25.50
2025-07-11 04:29:38,095 - INFO - [AUDIT] - Decision: RECOVER_EPS, Reason: Critical voltage, Mode: Nominal
2025-07-11 04:29:38,095 - INFO - [AUDIT] - Rule Activated: CRITICAL_VOLTAGE, Reason: Bus voltage below threshold: 0.18 < 25.50
2025-07-11 04:29:38,095 - INFO - [AUDIT] - Decision: RECOVER_EPS, Reason: Critical voltage, Mode: Nominal
2025-07-11 04:29:38,095 - INFO - [AUDIT] - Rule Activated: CRITICAL_VOLTAGE, Reason: Bus voltage below threshold: 0.18 < 25.50
2025-07-11 04:29:38,095 - INFO - [AUDIT] - Decision: RECOVER_EPS, Reason: Critical voltage, Mode: Nominal
2025-07-11 04:29:38,095 - INFO - [AUDIT] - Rule Activated: CRITICAL_VOLTAGE, Reason: Bus voltage below threshold: 0.18 < 25.50
2025-07-11 04:29:38,095 - INFO - [AUDIT] - Decision: RECOVER_EPS, Reason: Critical voltage, Mode: Nominal
2025-07-11 04:29:38,096 - INFO - [AUDIT] - Rule Activated: CRITICAL_VOLTAGE, Reason: Bus voltage below threshold: 0.18 < 25.50
2025-07-11 04:29:38,096 - INFO - [AUDIT] - Decision: RECOVER_EPS, Reason: Critical voltage, Mode: Nominal
2025-07-11 04:29:38,096 - INFO - [AUDIT] - Rule Activated: CRITICAL_VOLTAGE, Reason: Bus voltage below threshold: 0.18 < 25.50
2025-07-11 04:29:38,096 - INFO - [AUDIT] - Decision: RECOVER_EPS, Reason: Critical voltage, Mode: Nominal
2025-07-11 04:29:38,096 - INFO - [AUDIT] - Rule Activated: CRITICAL_VOLTAGE, Reason: Bus voltage below threshold: 0.18 < 25.50
2025-07-11 04:29:38,096 - INFO - [AUDIT] - Decision: RECOVER_EPS, Reason: Critical voltage, Mode: Nominal
2025-07-11 04:29:38,096 - INFO - [AUDIT] - Rule Activated: CRITICAL_VOLTAGE, Reason: Bus voltage below threshold: 0.18 < 25.50
2025-07-11 04:29:38,096 - INFO - [AUDIT] - Decision: RECOVER_EPS, Reason: Critical voltage, Mode: Nominal
2025-07-11 04:29:38,096 - INFO - [AUDIT] - Rule Activated: CRITICAL_VOLTAGE, Reason: Bus voltage below threshold: 0.18 < 25.50
2025-07-11 04:29:38,096 - INFO - [AUDIT] - Decision: RECOVER_EPS, Reason: Critical voltage, Mode: Nominal
2025-07-11 04:29:38,096 - INFO - [AUDIT] - Rule Activated: CRITICAL_VOLTAGE, Reason: Bus voltage below threshold: 0.18 < 25.50
2025-07-11 04:29:38,096 - INFO - [AUDIT] - Decision: RECOVER_EPS, Reason: Critical voltage, Mode: Nominal
2025-07-11 04:29:38,097 - INFO - [AUDIT] - Rule Activated: CRITICAL_VOLTAGE, Reason: Bus voltage below threshold: 0.18 < 25.50
2025-07-11 04:29:38,097 - INFO - [AUDIT] - Decision: RECOVER_EPS, Reason: Critical voltage, Mode: Nominal
2025-07-11 04:29:38,097 - INFO - [AUDIT] - Rule Activated: CRITICAL_VOLTAGE, Reason: Bus voltage below threshold: 0.18 < 25.50
2025-07-11 04:29:38,097 - INFO - [AUDIT] - Decision: RECOVER_EPS, Reason: Critical voltage, Mode: Nominal
2025-07-11 04:29:38,097 - INFO - [AUDIT] - Rule Activated: CRITICAL_VOLTAGE, Reason: Bus voltage below threshold: 0.18 < 25.50
2025-07-11 04:29:38,097 - INFO - [AUDIT] - Decision: RECOVER_EPS, Reason: Critical voltage, Mode: Nominal
2025-07-11 04:29:38,097 - INFO - [AUDIT] - Rule Activated: CRITICAL_VOLTAGE, Reason: Bus voltage below threshold: 0.18 < 25.50
2025-07-11 04:29:38,097 - INFO - [AUDIT] - Decision: RECOVER_EPS, Reason: Critical voltage, Mode: Nominal
2025-07-11 04:29:38,097 - INFO - [AUDIT] - Rule Activated: CRITICAL_VOLTAGE, Reason: Bus voltage below threshold: 0.18 < 25.50
2025-07-11 04:29:38,097 - INFO - [AUDIT] - Decision: RECOVER_EPS, Reason: Critical voltage, Mode: Nominal
2025-07-11 04:29:38,098 - INFO - [AUDIT] - Rule Activated: CRITICAL_VOLTAGE, Reason: Bus voltage below threshold: 0.18 < 25.50
2025-07-11 04:29:38,098 - INFO - [AUDIT] - Decision: RECOVER_EPS, Reason: Critical voltage, Mode: Nominal
2025-07-11 04:29:38,098 - INFO - [AUDIT] - Rule Activated: CRITICAL_VOLTAGE, Reason: Bus voltage below threshold: 0.18 < 25.50
2025-07-11 04:29:38,098 - INFO - [AUDIT] - Decision: RECOVER_EPS, Reason: Critical voltage, Mode: Nominal
2025-07-11 04:29:38,098 - INFO - [AUDIT] - Rule Activated: CRITICAL_VOLTAGE, Reason: Bus voltage below threshold: 0.18 < 25.50
2025-07-11 04:29:38,098 - INFO - [AUDIT] - Decision: RECOVER_EPS, Reason: Critical voltage, Mode: Nominal
2025-07-11 04:29:38,098 - INFO - [AUDIT] - Rule Activated: CRITICAL_VOLTAGE, Reason: Bus voltage below threshold: 0.18 < 25.50
2025-07-11 04:29:38,098 - INFO - [AUDIT] - Decision: RECOVER_EPS, Reason: Critical voltage, Mode: Nominal
2025-07-11 04:29:38,098 - INFO - [AUDIT] - Rule Activated: CRITICAL_VOLTAGE, Reason: Bus voltage below threshold: 0.18 < 25.50
2025-07-11 04:29:38,098 - INFO - [AUDIT] - Decision: RECOVER_EPS, Reason: Critical voltage, Mode: Nominal
2025-07-11 04:29:38,098 - INFO - [AUDIT] - Rule Activated: CRITICAL_VOLTAGE, Reason: Bus voltage below threshold: 0.18 < 25.50
2025-07-11 04:29:38,098 - INFO - [AUDIT] - Decision: RECOVER_EPS, Reason: Critical voltage, Mode: Nominal
2025-07-11 04:29:38,099 - INFO - [AUDIT] - Rule Activated: CRITICAL_VOLTAGE, Reason: Bus voltage below threshold: 0.18 < 25.50
2025-07-11 04:29:38,099 - INFO - [AUDIT] - Decision: RECOVER_EPS, Reason: Critical voltage, Mode: Nominal
2025-07-11 04:29:38,099 - INFO - [AUDIT] - Rule Activated: CRITICAL_VOLTAGE, Reason: Bus voltage below threshold: 0.18 < 25.50
2025-07-11 04:29:38,099 - INFO - [AUDIT] - Decision: RECOVER_EPS, Reason: Critical voltage, Mode: Nominal
2025-07-11 04:29:38,099 - INFO - [AUDIT] - Rule Activated: CRITICAL_VOLTAGE, Reason: Bus voltage below threshold: 0.18 < 25.50
2025-07-11 04:29:38,099 - INFO - [AUDIT] - Decision: RECOVER_EPS, Reason: Critical voltage, Mode: Nominal
2025-07-11 04:29:38,099 - INFO - [AUDIT] - Rule Activated: CRITICAL_VOLTAGE, Reason: Bus voltage below threshold: 0.18 < 25.50
2025-07-11 04:29:38,099 - INFO - [AUDIT] - Decision: RECOVER_EPS, Reason: Critical voltage, Mode: Nominal
2025-07-11 04:29:38,099 - INFO - [AUDIT] - Rule Activated: CRITICAL_VOLTAGE, Reason: Bus voltage below threshold: 0.18 < 25.50
2025-07-11 04:29:38,099 - INFO - [AUDIT] - Decision: RECOVER_EPS, Reason: Critical voltage, Mode: Nominal
2025-07-11 04:29:38,099 - INFO - [AUDIT] - Rule Activated: CRITICAL_VOLTAGE, Reason: Bus voltage below threshold: 0.18 < 25.50
2025-07-11 04:29:38,099 - INFO - [AUDIT] - Decision: RECOVER_EPS, Reason: Critical voltage, Mode: Nominal
2025-07-11 04:29:38,100 - INFO - [AUDIT] - Rule Activated: CRITICAL_VOLTAGE, Reason: Bus voltage below threshold: 0.18 < 25.50
2025-07-11 04:29:38,100 - INFO - [AUDIT] - Decision: RECOVER_EPS, Reason: Critical voltage, Mode: Nominal
2025-07-11 04:29:38,100 - INFO - [AUDIT] - Rule Activated: CRITICAL_VOLTAGE, Reason: Bus voltage below threshold: 0.18 < 25.50
2025-07-11 04:29:38,100 - INFO - [AUDIT] - Decision: RECOVER_EPS, Reason: Critical voltage, Mode: Nominal
2025-07-11 04:29:38,100 - INFO - [AUDIT] - Rule Activated: CRITICAL_VOLTAGE, Reason: Bus voltage below threshold: 0.18 < 25.50
2025-07-11 04:29:38,100 - INFO - [AUDIT] - Decision: RECOVER_EPS, Reason: Critical voltage, Mode: Nominal
2025-07-11 04:29:38,100 - INFO - [AUDIT] - Rule Activated: CRITICAL_VOLTAGE, Reason: Bus voltage below threshold: 0.18 < 25.50
2025-07-11 04:29:38,100 - INFO - [AUDIT] - Decision: RECOVER_EPS, Reason: Critical voltage, Mode: Nominal
2025-07-11 04:29:38,100 - INFO - [AUDIT] - Rule Activated: CRITICAL_VOLTAGE, Reason: Bus voltage below threshold: 0.18 < 25.50
2025-07-11 04:29:38,100 - INFO - [AUDIT] - Decision: RECOVER_EPS, Reason: Critical voltage, Mode: Nominal
2025-07-11 04:29:38,100 - INFO - [AUDIT] - Rule Activated: CRITICAL_VOLTAGE, Reason: Bus voltage below threshold: 0.18 < 25.50
2025-07-11 04:29:38,100 - INFO - [AUDIT] - Decision: RECOVER_EPS, Reason: Critical voltage, Mode: Nominal
2025-07-11 04:29:38,100 - INFO - [AUDIT] - Rule Activated: CRITICAL_VOLTAGE, Reason: Bus voltage below threshold: 0.18 < 25.50
2025-07-11 04:29:38,101 - INFO - [AUDIT] - Decision: RECOVER_EPS, Reason: Critical voltage, Mode: Nominal
2025-07-11 04:29:38,101 - INFO - [AUDIT] - Rule Activated: CRITICAL_VOLTAGE, Reason: Bus voltage below threshold: 0.18 < 25.50
2025-07-11 04:29:38,101 - INFO - [AUDIT] - Decision: RECOVER_EPS, Reason: Critical voltage, Mode: Nominal
2025-07-11 04:29:38,101 - INFO - [AUDIT] - Rule Activated: CRITICAL_VOLTAGE, Reason: Bus voltage below threshold: 0.18 < 25.50
2025-07-11 04:29:38,101 - INFO - [AUDIT] - Decision: RECOVER_EPS, Reason: Critical voltage, Mode: Nominal
2025-07-11 04:29:38,101 - INFO - [AUDIT] - Rule Activated: CRITICAL_VOLTAGE, Reason: Bus voltage below threshold: 0.18 < 25.50
2025-07-11 04:29:38,101 - INFO - [AUDIT] - Decision: RECOVER_EPS, Reason: Critical voltage, Mode: Nominal
2025-07-11 04:29:38,101 - INFO - [AUDIT] - Rule Activated: CRITICAL_VOLTAGE, Reason: Bus voltage below threshold: 0.18 < 25.50
2025-07-11 04:29:38,101 - INFO - [AUDIT] - Decision: RECOVER_EPS, Reason: Critical voltage, Mode: Nominal
2025-07-11 04:29:38,101 - INFO - [AUDIT] - Rule Activated: CRITICAL_VOLTAGE, Reason: Bus voltage below threshold: 0.18 < 25.50
2025-07-11 04:29:38,101 - INFO - [AUDIT] - Decision: RECOVER_EPS, Reason: Critical voltage, Mode: Nominal
2025-07-11 04:29:38,101 - INFO - [AUDIT] - Rule Activated: CRITICAL_VOLTAGE, Reason: Bus voltage below threshold: 0.18 < 25.50
2025-07-11 04:29:38,102 - INFO - [AUDIT] - Decision: RECOVER_EPS, Reason: Critical voltage, Mode: Nominal
2025-07-11 04:29:38,102 - INFO - [AUDIT] - Rule Activated: CRITICAL_VOLTAGE, Reason: Bus voltage below threshold: 0.18 < 25.50
2025-07-11 04:29:38,102 - INFO - [AUDIT] - Decision: RECOVER_EPS, Reason: Critical voltage, Mode: Nominal
2025-07-11 04:29:38,102 - INFO - [AUDIT] - Rule Activated: CRITICAL_VOLTAGE, Reason: Bus voltage below threshold: 0.18 < 25.50
2025-07-11 04:29:38,102 - INFO - [AUDIT] - Decision: RECOVER_EPS, Reason: Critical voltage, Mode: Nominal
2025-07-11 04:29:38,102 - INFO - [AUDIT] - Rule Activated: CRITICAL_VOLTAGE, Reason: Bus voltage below threshold: 0.18 < 25.50
2025-07-11 04:29:38,102 - INFO - [AUDIT] - Decision: RECOVER_EPS, Reason: Critical voltage, Mode: Nominal
2025-07-11 04:29:38,102 - INFO - [AUDIT] - Rule Activated: CRITICAL_VOLTAGE, Reason: Bus voltage below threshold: 0.18 < 25.50
2025-07-11 04:29:38,102 - INFO - [AUDIT] - Decision: RECOVER_EPS, Reason: Critical voltage, Mode: Nominal
2025-07-11 04:29:38,102 - INFO - [AUDIT] - Rule Activated: CRITICAL_VOLTAGE, Reason: Bus voltage below threshold: 0.18 < 25.50
2025-07-11 04:29:38,102 - INFO - [AUDIT] - Decision: RECOVER_EPS, Reason: Critical voltage, Mode: Nominal
2025-07-11 04:29:38,102 - INFO - [AUDIT] - Rule Activated: CRITICAL_VOLTAGE, Reason: Bus voltage below threshold: 0.18 < 25.50
2025-07-11 04:29:38,102 - INFO - [AUDIT] - Decision: RECOVER_EPS, Reason: Critical voltage, Mode: Nominal
2025-07-11 04:29:38,103 - INFO - [AUDIT] - Rule Activated: CRITICAL_VOLTAGE, Reason: Bus voltage below threshold: 0.18 < 25.50
2025-07-11 04:29:38,103 - INFO - [AUDIT] - Decision: RECOVER_EPS, Reason: Critical voltage, Mode: Nominal
2025-07-11 04:29:38,103 - INFO - [AUDIT] - Rule Activated: CRITICAL_VOLTAGE, Reason: Bus voltage below threshold: 0.18 < 25.50
2025-07-11 04:29:38,103 - INFO - [AUDIT] - Decision: RECOVER_EPS, Reason: Critical voltage, Mode: Nominal
2025-07-11 04:29:38,103 - INFO - [AUDIT] - Rule Activated: CRITICAL_VOLTAGE, Reason: Bus voltage below threshold: 0.18 < 25.50
2025-07-11 04:29:38,103 - INFO - [AUDIT] - Decision: RECOVER_EPS, Reason: Critical voltage, Mode: Nominal
2025-07-11 04:29:38,103 - INFO - [AUDIT] - Rule Activated: CRITICAL_VOLTAGE, Reason: Bus voltage below threshold: 0.18 < 25.50
2025-07-11 04:29:38,103 - INFO - [AUDIT] - Decision: RECOVER_EPS, Reason: Critical voltage, Mode: Nominal
2025-07-11 04:29:38,103 - INFO - [AUDIT] - Rule Activated: CRITICAL_VOLTAGE, Reason: Bus voltage below threshold: 0.18 < 25.50
2025-07-11 04:29:38,103 - INFO - [AUDIT] - Decision: RECOVER_EPS, Reason: Critical voltage, Mode: Nominal
2025-07-11 04:29:38,103 - INFO - [AUDIT] - Rule Activated: CRITICAL_VOLTAGE, Reason: Bus voltage below threshold: 0.18 < 25.50
2025-07-11 04:29:38,103 - INFO - [AUDIT] - Decision: RECOVER_EPS, Reason: Critical voltage, Mode: Nominal
2025-07-11 04:29:38,104 - INFO - [AUDIT] - Rule Activated: CRITICAL_VOLTAGE, Reason: Bus voltage below threshold: 0.18 < 25.50
2025-07-11 04:29:38,104 - INFO - [AUDIT] - Decision: RECOVER_EPS, Reason: Critical voltage, Mode: Nominal
2025-07-11 04:29:38,104 - INFO - [AUDIT] - Rule Activated: CRITICAL_VOLTAGE, Reason: Bus voltage below threshold: 0.18 < 25.50
2025-07-11 04:29:38,104 - INFO - [AUDIT] - Decision: RECOVER_EPS, Reason: Critical voltage, Mode: Nominal
2025-07-11 04:29:38,104 - INFO - [AUDIT] - Rule Activated: CRITICAL_VOLTAGE, Reason: Bus voltage below threshold: 0.18 < 25.50
2025-07-11 04:29:38,104 - INFO - [AUDIT] - Decision: RECOVER_EPS, Reason: Critical voltage, Mode: Nominal
2025-07-11 04:29:38,104 - INFO - [AUDIT] - Rule Activated: CRITICAL_VOLTAGE, Reason: Bus voltage below threshold: 0.18 < 25.50
2025-07-11 04:29:38,104 - INFO - [AUDIT] - Decision: RECOVER_EPS, Reason: Critical voltage, Mode: Nominal
2025-07-11 04:29:38,104 - INFO - [AUDIT] - Rule Activated: CRITICAL_VOLTAGE, Reason: Bus voltage below threshold: 0.18 < 25.50
2025-07-11 04:29:38,104 - INFO - [AUDIT] - Decision: RECOVER_EPS, Reason: Critical voltage, Mode: Nominal
2025-07-11 04:29:38,104 - INFO - [AUDIT] - Rule Activated: CRITICAL_VOLTAGE, Reason: Bus voltage below threshold: 0.18 < 25.50
2025-07-11 04:29:38,104 - INFO - [AUDIT] - Decision: RECOVER_EPS, Reason: Critical voltage, Mode: Nominal
2025-07-11 04:29:38,105 - INFO - [AUDIT] - Rule Activated: CRITICAL_VOLTAGE, Reason: Bus voltage below threshold: 0.18 < 25.50
2025-07-11 04:29:38,105 - INFO - [AUDIT] - Decision: RECOVER_EPS, Reason: Critical voltage, Mode: Nominal
2025-07-11 04:29:38,105 - INFO - [AUDIT] - Rule Activated: CRITICAL_VOLTAGE, Reason: Bus voltage below threshold: 0.18 < 25.50
2025-07-11 04:29:38,105 - INFO - [AUDIT] - Decision: RECOVER_EPS, Reason: Critical voltage, Mode: Nominal
2025-07-11 04:29:38,105 - INFO - [AUDIT] - Rule Activated: CRITICAL_VOLTAGE, Reason: Bus voltage below threshold: 0.18 < 25.50
2025-07-11 04:29:38,105 - INFO - [AUDIT] - Decision: RECOVER_EPS, Reason: Critical voltage, Mode: Nominal
2025-07-11 04:29:38,105 - INFO - [AUDIT] - Rule Activated: CRITICAL_VOLTAGE, Reason: Bus voltage below threshold: 0.18 < 25.50
2025-07-11 04:29:38,105 - INFO - [AUDIT] - Decision: RECOVER_EPS, Reason: Critical voltage, Mode: Nominal
2025-07-11 04:29:38,105 - INFO - [AUDIT] - Rule Activated: CRITICAL_VOLTAGE, Reason: Bus voltage below threshold: 0.18 < 25.50
2025-07-11 04:29:38,105 - INFO - [AUDIT] - Decision: RECOVER_EPS, Reason: Critical voltage, Mode: Nominal
2025-07-11 04:29:38,105 - INFO - [AUDIT] - Rule Activated: CRITICAL_VOLTAGE, Reason: Bus voltage below threshold: 0.18 < 25.50
2025-07-11 04:29:38,105 - INFO - [AUDIT] - Decision: RECOVER_EPS, Reason: Critical voltage, Mode: Nominal
2025-07-11 04:29:38,106 - INFO - [AUDIT] - Rule Activated: CRITICAL_VOLTAGE, Reason: Bus voltage below threshold: 0.18 < 25.50
2025-07-11 04:29:38,106 - INFO - [AUDIT] - Decision: RECOVER_EPS, Reason: Critical voltage, Mode: Nominal
2025-07-11 04:29:38,106 - INFO - [AUDIT] - Rule Activated: CRITICAL_VOLTAGE, Reason: Bus voltage below threshold: 0.18 < 25.50
2025-07-11 04:29:38,106 - INFO - [AUDIT] - Decision: RECOVER_EPS, Reason: Critical voltage, Mode: Nominal
2025-07-11 04:29:38,106 - INFO - [AUDIT] - Rule Activated: CRITICAL_VOLTAGE, Reason: Bus voltage below threshold: 0.18 < 25.50
2025-07-11 04:29:38,106 - INFO - [AUDIT] - Decision: RECOVER_EPS, Reason: Critical voltage, Mode: Nominal
2025-07-11 04:29:38,106 - INFO - [AUDIT] - Rule Activated: CRITICAL_VOLTAGE, Reason: Bus voltage below threshold: 0.18 < 25.50
2025-07-11 04:29:38,106 - INFO - [AUDIT] - Decision: RECOVER_EPS, Reason: Critical voltage, Mode: Nominal
2025-07-11 04:29:38,106 - INFO - [AUDIT] - Rule Activated: CRITICAL_VOLTAGE, Reason: Bus voltage below threshold: 0.18 < 25.50
2025-07-11 04:29:38,106 - INFO - [AUDIT] - Decision: RECOVER_EPS, Reason: Critical voltage, Mode: Nominal
2025-07-11 04:29:38,106 - INFO - [AUDIT] - Rule Activated: CRITICAL_VOLTAGE, Reason: Bus voltage below threshold: 0.18 < 25.50
2025-07-11 04:29:38,106 - INFO - [AUDIT] - Decision: RECOVER_EPS, Reason: Critical voltage, Mode: Nominal
2025-07-11 04:29:38,107 - INFO - [AUDIT] - Rule Activated: CRITICAL_VOLTAGE, Reason: Bus voltage below threshold: 0.18 < 25.50
2025-07-11 04:29:38,107 - INFO - [AUDIT] - Decision: RECOVER_EPS, Reason: Critical voltage, Mode: Nominal
2025-07-11 04:29:38,107 - INFO - [AUDIT] - Rule Activated: CRITICAL_VOLTAGE, Reason: Bus voltage below threshold: 0.18 < 25.50
2025-07-11 04:29:38,107 - INFO - [AUDIT] - Decision: RECOVER_EPS, Reason: Critical voltage, Mode: Nominal
2025-07-11 04:29:38,107 - INFO - [AUDIT] - Rule Activated: CRITICAL_VOLTAGE, Reason: Bus voltage below threshold: 0.18 < 25.50
2025-07-11 04:29:38,107 - INFO - [AUDIT] - Decision: RECOVER_EPS, Reason: Critical voltage, Mode: Nominal
2025-07-11 04:29:38,107 - INFO - [AUDIT] - Rule Activated: CRITICAL_VOLTAGE, Reason: Bus voltage below threshold: 0.18 < 25.50
2025-07-11 04:29:38,107 - INFO - [AUDIT] - Decision: RECOVER_EPS, Reason: Critical voltage, Mode: Nominal
2025-07-11 04:29:38,107 - INFO - [AUDIT] - Rule Activated: CRITICAL_VOLTAGE, Reason: Bus voltage below threshold: 0.18 < 25.50
2025-07-11 04:29:38,107 - INFO - [AUDIT] - Decision: RECOVER_EPS, Reason: Critical voltage, Mode: Nominal
2025-07-11 04:29:38,107 - INFO - [AUDIT] - Rule Activated: CRITICAL_VOLTAGE, Reason: Bus voltage below threshold: 0.18 < 25.50
2025-07-11 04:29:38,108 - INFO - [AUDIT] - Decision: RECOVER_EPS, Reason: Critical voltage, Mode: Nominal
2025-07-11 04:29:38,108 - INFO - [AUDIT] - Rule Activated: CRITICAL_VOLTAGE, Reason: Bus voltage below threshold: 0.18 < 25.50
2025-07-11 04:29:38,108 - INFO - [AUDIT] - Decision: RECOVER_EPS, Reason: Critical voltage, Mode: Nominal
2025-07-11 04:29:38,108 - INFO - [AUDIT] - Rule Activated: CRITICAL_VOLTAGE, Reason: Bus voltage below threshold: 0.18 < 25.50
2025-07-11 04:29:38,108 - INFO - [AUDIT] - Decision: RECOVER_EPS, Reason: Critical voltage, Mode: Nominal
2025-07-11 04:29:38,108 - INFO - [AUDIT] - Rule Activated: CRITICAL_VOLTAGE, Reason: Bus voltage below threshold: 0.18 < 25.50
2025-07-11 04:29:38,108 - INFO - [AUDIT] - Decision: RECOVER_EPS, Reason: Critical voltage, Mode: Nominal
2025-07-11 04:29:38,108 - INFO - [AUDIT] - Rule Activated: CRITICAL_VOLTAGE, Reason: Bus voltage below threshold: 0.18 < 25.50
2025-07-11 04:29:38,108 - INFO - [AUDIT] - Decision: RECOVER_EPS, Reason: Critical voltage, Mode: Nominal
2025-07-11 04:29:38,108 - INFO - [AUDIT] - Rule Activated: CRITICAL_VOLTAGE, Reason: Bus voltage below threshold: 0.18 < 25.50
2025-07-11 04:29:38,108 - INFO - [AUDIT] - Decision: RECOVER_EPS, Reason: Critical voltage, Mode: Nominal
2025-07-11 04:29:38,108 - INFO - [AUDIT] - Rule Activated: CRITICAL_VOLTAGE, Reason: Bus voltage below threshold: 0.18 < 25.50
2025-07-11 04:29:38,109 - INFO - [AUDIT] - Decision: RECOVER_EPS, Reason: Critical voltage, Mode: Nominal
2025-07-11 04:29:38,109 - INFO - [AUDIT] - Rule Activated: CRITICAL_VOLTAGE, Reason: Bus voltage below threshold: 0.18 < 25.50
2025-07-11 04:29:38,109 - INFO - [AUDIT] - Decision: RECOVER_EPS, Reason: Critical voltage, Mode: Nominal
2025-07-11 04:29:38,109 - INFO - [AUDIT] - Rule Activated: CRITICAL_VOLTAGE, Reason: Bus voltage below threshold: 0.18 < 25.50
2025-07-11 04:29:38,109 - INFO - [AUDIT] - Decision: RECOVER_EPS, Reason: Critical voltage, Mode: Nominal
2025-07-11 04:29:38,109 - INFO - [AUDIT] - Rule Activated: CRITICAL_VOLTAGE, Reason: Bus voltage below threshold: 0.18 < 25.50
2025-07-11 04:29:38,109 - INFO - [AUDIT] - Decision: RECOVER_EPS, Reason: Critical voltage, Mode: Nominal
2025-07-11 04:29:38,110 - INFO - [AUDIT] - Rule Activated: CRITICAL_VOLTAGE, Reason: Bus voltage below threshold: 0.18 < 25.50
2025-07-11 04:29:38,110 - INFO - [AUDIT] - Decision: RECOVER_EPS, Reason: Critical voltage, Mode: Nominal
2025-07-11 04:29:38,110 - INFO - [AUDIT] - Rule Activated: CRITICAL_VOLTAGE, Reason: Bus voltage below threshold: 0.18 < 25.50
2025-07-11 04:29:38,110 - INFO - [AUDIT] - Decision: RECOVER_EPS, Reason: Critical voltage, Mode: Nominal
2025-07-11 04:29:38,110 - INFO - [AUDIT] - Rule Activated: CRITICAL_VOLTAGE, Reason: Bus voltage below threshold: 0.18 < 25.50
2025-07-11 04:29:38,110 - INFO - [AUDIT] - Decision: RECOVER_EPS, Reason: Critical voltage, Mode: Nominal
2025-07-11 04:29:38,110 - INFO - [AUDIT] - Rule Activated: CRITICAL_VOLTAGE, Reason: Bus voltage below threshold: 0.18 < 25.50
2025-07-11 04:29:38,110 - INFO - [AUDIT] - Decision: RECOVER_EPS, Reason: Critical voltage, Mode: Nominal
2025-07-11 04:29:38,110 - INFO - [AUDIT] - Rule Activated: CRITICAL_VOLTAGE, Reason: Bus voltage below threshold: 0.18 < 25.50
2025-07-11 04:29:38,110 - INFO - [AUDIT] - Decision: RECOVER_EPS, Reason: Critical voltage, Mode: Nominal
2025-07-11 04:29:38,110 - INFO - [AUDIT] - Rule Activated: CRITICAL_VOLTAGE, Reason: Bus voltage below threshold: 0.18 < 25.50
2025-07-11 04:29:38,110 - INFO - [AUDIT] - Decision: RECOVER_EPS, Reason: Critical voltage, Mode: Nominal
2025-07-11 04:29:38,111 - INFO - [AUDIT] - Rule Activated: CRITICAL_VOLTAGE, Reason: Bus voltage below threshold: 0.18 < 25.50
2025-07-11 04:29:38,111 - INFO - [AUDIT] - Decision: RECOVER_EPS, Reason: Critical voltage, Mode: Nominal
2025-07-11 04:29:38,111 - INFO - [AUDIT] - Rule Activated: CRITICAL_VOLTAGE, Reason: Bus voltage below threshold: 0.18 < 25.50
2025-07-11 04:29:38,111 - INFO - [AUDIT] - Decision: RECOVER_EPS, Reason: Critical voltage, Mode: Nominal
2025-07-11 04:29:38,111 - INFO - [AUDIT] - Rule Activated: CRITICAL_VOLTAGE, Reason: Bus voltage below threshold: 0.18 < 25.50
2025-07-11 04:29:38,111 - INFO - [AUDIT] - Decision: RECOVER_EPS, Reason: Critical voltage, Mode: Nominal
2025-07-11 04:29:38,111 - INFO - [AUDIT] - Rule Activated: CRITICAL_VOLTAGE, Reason: Bus voltage below threshold: 0.18 < 25.50
2025-07-11 04:29:38,111 - INFO - [AUDIT] - Decision: RECOVER_EPS, Reason: Critical voltage, Mode: Nominal
2025-07-11 04:29:38,111 - INFO - [AUDIT] - Rule Activated: CRITICAL_VOLTAGE, Reason: Bus voltage below threshold: 0.18 < 25.50
2025-07-11 04:29:38,111 - INFO - [AUDIT] - Decision: RECOVER_EPS, Reason: Critical voltage, Mode: Nominal
2025-07-11 04:29:38,111 - INFO - [AUDIT] - Rule Activated: CRITICAL_VOLTAGE, Reason: Bus voltage below threshold: 0.18 < 25.50
2025-07-11 04:29:38,111 - INFO - [AUDIT] - Decision: RECOVER_EPS, Reason: Critical voltage, Mode: Nominal
2025-07-11 04:29:38,111 - INFO - [AUDIT] - Rule Activated: CRITICAL_VOLTAGE, Reason: Bus voltage below threshold: 0.18 < 25.50
2025-07-11 04:29:38,112 - INFO - [AUDIT] - Decision: RECOVER_EPS, Reason: Critical voltage, Mode: Nominal
2025-07-11 04:29:38,112 - INFO - [AUDIT] - Rule Activated: CRITICAL_VOLTAGE, Reason: Bus voltage below threshold: 0.18 < 25.50
2025-07-11 04:29:38,112 - INFO - [AUDIT] - Decision: RECOVER_EPS, Reason: Critical voltage, Mode: Nominal
2025-07-11 04:29:38,112 - INFO - [AUDIT] - Rule Activated: CRITICAL_VOLTAGE, Reason: Bus voltage below threshold: 0.18 < 25.50
2025-07-11 04:29:38,112 - INFO - [AUDIT] - Decision: RECOVER_EPS, Reason: Critical voltage, Mode: Nominal
2025-07-11 04:29:38,112 - INFO - [AUDIT] - Rule Activated: CRITICAL_VOLTAGE, Reason: Bus voltage below threshold: 0.18 < 25.50
2025-07-11 04:29:38,112 - INFO - [AUDIT] - Decision: RECOVER_EPS, Reason: Critical voltage, Mode: Nominal
2025-07-11 04:29:38,112 - INFO - [AUDIT] - Rule Activated: CRITICAL_VOLTAGE, Reason: Bus voltage below threshold: 0.18 < 25.50
2025-07-11 04:29:38,112 - INFO - [AUDIT] - Decision: RECOVER_EPS, Reason: Critical voltage, Mode: Nominal
2025-07-11 04:29:38,112 - INFO - [AUDIT] - Rule Activated: CRITICAL_VOLTAGE, Reason: Bus voltage below threshold: 0.18 < 25.50
2025-07-11 04:29:38,112 - INFO - [AUDIT] - Decision: RECOVER_EPS, Reason: Critical voltage, Mode: Nominal
2025-07-11 04:29:38,113 - INFO - [AUDIT] - Rule Activated: CRITICAL_VOLTAGE, Reason: Bus voltage below threshold: 0.18 < 25.50
2025-07-11 04:29:38,113 - INFO - [AUDIT] - Decision: RECOVER_EPS, Reason: Critical voltage, Mode: Nominal
2025-07-11 04:29:38,113 - INFO - [AUDIT] - Rule Activated: CRITICAL_VOLTAGE, Reason: Bus voltage below threshold: 0.18 < 25.50
2025-07-11 04:29:38,113 - INFO - [AUDIT] - Decision: RECOVER_EPS, Reason: Critical voltage, Mode: Nominal
2025-07-11 04:29:38,113 - INFO - [AUDIT] - Rule Activated: CRITICAL_VOLTAGE, Reason: Bus voltage below threshold: 0.18 < 25.50
2025-07-11 04:29:38,113 - INFO - [AUDIT] - Decision: RECOVER_EPS, Reason: Critical voltage, Mode: Nominal
2025-07-11 04:29:38,113 - INFO - [AUDIT] - Rule Activated: CRITICAL_VOLTAGE, Reason: Bus voltage below threshold: 0.18 < 25.50
2025-07-11 04:29:38,113 - INFO - [AUDIT] - Decision: RECOVER_EPS, Reason: Critical voltage, Mode: Nominal
2025-07-11 04:29:38,113 - INFO - [AUDIT] - Rule Activated: CRITICAL_VOLTAGE, Reason: Bus voltage below threshold: 0.18 < 25.50
2025-07-11 04:29:38,113 - INFO - [AUDIT] - Decision: RECOVER_EPS, Reason: Critical voltage, Mode: Nominal
2025-07-11 04:29:38,113 - INFO - [AUDIT] - Rule Activated: CRITICAL_VOLTAGE, Reason: Bus voltage below threshold: 0.18 < 25.50
2025-07-11 04:29:38,113 - INFO - [AUDIT] - Decision: RECOVER_EPS, Reason: Critical voltage, Mode: Nominal
2025-07-11 04:29:38,114 - INFO - [AUDIT] - Rule Activated: CRITICAL_VOLTAGE, Reason: Bus voltage below threshold: 0.18 < 25.50
2025-07-11 04:29:38,114 - INFO - [AUDIT] - Decision: RECOVER_EPS, Reason: Critical voltage, Mode: Nominal
2025-07-11 04:29:38,114 - INFO - [AUDIT] - Rule Activated: CRITICAL_VOLTAGE, Reason: Bus voltage below threshold: 0.18 < 25.50
2025-07-11 04:29:38,114 - INFO - [AUDIT] - Decision: RECOVER_EPS, Reason: Critical voltage, Mode: Nominal
2025-07-11 04:29:38,114 - INFO - [AUDIT] - Rule Activated: CRITICAL_VOLTAGE, Reason: Bus voltage below threshold: 0.18 < 25.50
2025-07-11 04:29:38,114 - INFO - [AUDIT] - Decision: RECOVER_EPS, Reason: Critical voltage, Mode: Nominal
2025-07-11 04:29:38,114 - INFO - [AUDIT] - Rule Activated: CRITICAL_VOLTAGE, Reason: Bus voltage below threshold: 0.18 < 25.50
2025-07-11 04:29:38,114 - INFO - [AUDIT] - Decision: RECOVER_EPS, Reason: Critical voltage, Mode: Nominal
2025-07-11 04:29:38,114 - INFO - [AUDIT] - Rule Activated: CRITICAL_VOLTAGE, Reason: Bus voltage below threshold: 0.18 < 25.50
2025-07-11 04:29:38,114 - INFO - [AUDIT] - Decision: RECOVER_EPS, Reason: Critical voltage, Mode: Nominal
2025-07-11 04:29:38,114 - INFO - [AUDIT] - Rule Activated: CRITICAL_VOLTAGE, Reason: Bus voltage below threshold: 0.18 < 25.50
2025-07-11 04:29:38,114 - INFO - [AUDIT] - Decision: RECOVER_EPS, Reason: Critical voltage, Mode: Nominal
2025-07-11 04:29:38,115 - INFO - [AUDIT] - Rule Activated: CRITICAL_VOLTAGE, Reason: Bus voltage below threshold: 0.18 < 25.50
2025-07-11 04:29:38,115 - INFO - [AUDIT] - Decision: RECOVER_EPS, Reason: Critical voltage, Mode: Nominal
2025-07-11 04:29:38,115 - INFO - [AUDIT] - Rule Activated: CRITICAL_VOLTAGE, Reason: Bus voltage below threshold: 0.18 < 25.50
2025-07-11 04:29:38,115 - INFO - [AUDIT] - Decision: RECOVER_EPS, Reason: Critical voltage, Mode: Nominal
2025-07-11 04:29:38,115 - INFO - [AUDIT] - Rule Activated: CRITICAL_VOLTAGE, Reason: Bus voltage below threshold: 0.18 < 25.50
2025-07-11 04:29:38,115 - INFO - [AUDIT] - Decision: RECOVER_EPS, Reason: Critical voltage, Mode: Nominal
2025-07-11 04:29:38,115 - INFO - [AUDIT] - Rule Activated: CRITICAL_VOLTAGE, Reason: Bus voltage below threshold: 0.18 < 25.50
2025-07-11 04:29:38,115 - INFO - [AUDIT] - Decision: RECOVER_EPS, Reason: Critical voltage, Mode: Nominal
2025-07-11 04:29:38,115 - INFO - [AUDIT] - Rule Activated: CRITICAL_VOLTAGE, Reason: Bus voltage below threshold: 0.18 < 25.50
2025-07-11 04:29:38,115 - INFO - [AUDIT] - Decision: RECOVER_EPS, Reason: Critical voltage, Mode: Nominal
2025-07-11 04:29:38,115 - INFO - [AUDIT] - Rule Activated: CRITICAL_VOLTAGE, Reason: Bus voltage below threshold: 0.18 < 25.50
2025-07-11 04:29:38,115 - INFO - [AUDIT] - Decision: RECOVER_EPS, Reason: Critical voltage, Mode: Nominal
2025-07-11 04:29:38,116 - INFO - [AUDIT] - Rule Activated: CRITICAL_VOLTAGE, Reason: Bus voltage below threshold: 0.18 < 25.50
2025-07-11 04:29:38,116 - INFO - [AUDIT] - Decision: RECOVER_EPS, Reason: Critical voltage, Mode: Nominal
2025-07-11 04:29:38,116 - INFO - [AUDIT] - Rule Activated: CRITICAL_VOLTAGE, Reason: Bus voltage below threshold: 0.18 < 25.50
2025-07-11 04:29:38,116 - INFO - [AUDIT] - Decision: RECOVER_EPS, Reason: Critical voltage, Mode: Nominal
2025-07-11 04:29:38,116 - INFO - [AUDIT] - Rule Activated: CRITICAL_VOLTAGE, Reason: Bus voltage below threshold: 0.18 < 25.50
2025-07-11 04:29:38,116 - INFO - [AUDIT] - Decision: RECOVER_EPS, Reason: Critical voltage, Mode: Nominal
2025-07-11 04:29:38,116 - INFO - [AUDIT] - Rule Activated: CRITICAL_VOLTAGE, Reason: Bus voltage below threshold: 0.18 < 25.50
2025-07-11 04:29:38,116 - INFO - [AUDIT] - Decision: RECOVER_EPS, Reason: Critical voltage, Mode: Nominal
2025-07-11 04:29:38,116 - INFO - [AUDIT] - Rule Activated: CRITICAL_VOLTAGE, Reason: Bus voltage below threshold: 0.18 < 25.50
2025-07-11 04:29:38,116 - INFO - [AUDIT] - Decision: RECOVER_EPS, Reason: Critical voltage, Mode: Nominal
2025-07-11 04:29:38,117 - INFO - [AUDIT] - Rule Activated: CRITICAL_VOLTAGE, Reason: Bus voltage below threshold: 0.18 < 25.50
2025-07-11 04:29:38,117 - INFO - [AUDIT] - Decision: RECOVER_EPS, Reason: Critical voltage, Mode: Nominal
2025-07-11 04:29:38,117 - INFO - [AUDIT] - Rule Activated: CRITICAL_VOLTAGE, Reason: Bus voltage below threshold: 0.18 < 25.50
2025-07-11 04:29:38,117 - INFO - [AUDIT] - Decision: RECOVER_EPS, Reason: Critical voltage, Mode: Nominal
2025-07-11 04:29:38,117 - INFO - [AUDIT] - Rule Activated: CRITICAL_VOLTAGE, Reason: Bus voltage below threshold: 0.18 < 25.50
2025-07-11 04:29:38,117 - INFO - [AUDIT] - Decision: RECOVER_EPS, Reason: Critical voltage, Mode: Nominal
2025-07-11 04:29:38,117 - INFO - [AUDIT] - Rule Activated: CRITICAL_VOLTAGE, Reason: Bus voltage below threshold: 0.18 < 25.50
2025-07-11 04:29:38,117 - INFO - [AUDIT] - Decision: RECOVER_EPS, Reason: Critical voltage, Mode: Nominal
2025-07-11 04:29:38,117 - INFO - [AUDIT] - Rule Activated: CRITICAL_VOLTAGE, Reason: Bus voltage below threshold: 0.18 < 25.50
2025-07-11 04:29:38,117 - INFO - [AUDIT] - Decision: RECOVER_EPS, Reason: Critical voltage, Mode: Nominal
2025-07-11 04:29:38,117 - INFO - [AUDIT] - Rule Activated: CRITICAL_VOLTAGE, Reason: Bus voltage below threshold: 0.18 < 25.50
2025-07-11 04:29:38,117 - INFO - [AUDIT] - Decision: RECOVER_EPS, Reason: Critical voltage, Mode: Nominal
2025-07-11 04:29:38,118 - INFO - [AUDIT] - Rule Activated: CRITICAL_VOLTAGE, Reason: Bus voltage below threshold: 0.18 < 25.50
2025-07-11 04:29:38,118 - INFO - [AUDIT] - Decision: RECOVER_EPS, Reason: Critical voltage, Mode: Nominal
2025-07-11 04:29:38,118 - INFO - [AUDIT] - Rule Activated: CRITICAL_VOLTAGE, Reason: Bus voltage below threshold: 0.18 < 25.50
2025-07-11 04:29:38,118 - INFO - [AUDIT] - Decision: RECOVER_EPS, Reason: Critical voltage, Mode: Nominal
2025-07-11 04:29:38,118 - INFO - [AUDIT] - Rule Activated: CRITICAL_VOLTAGE, Reason: Bus voltage below threshold: 0.18 < 25.50
2025-07-11 04:29:38,118 - INFO - [AUDIT] - Decision: RECOVER_EPS, Reason: Critical voltage, Mode: Nominal
2025-07-11 04:29:38,118 - INFO - [AUDIT] - Rule Activated: CRITICAL_VOLTAGE, Reason: Bus voltage below threshold: 0.18 < 25.50
2025-07-11 04:29:38,118 - INFO - [AUDIT] - Decision: RECOVER_EPS, Reason: Critical voltage, Mode: Nominal
2025-07-11 04:29:38,118 - INFO - [AUDIT] - Rule Activated: CRITICAL_VOLTAGE, Reason: Bus voltage below threshold: 0.18 < 25.50
2025-07-11 04:29:38,118 - INFO - [AUDIT] - Decision: RECOVER_EPS, Reason: Critical voltage, Mode: Nominal
2025-07-11 04:29:38,118 - INFO - [AUDIT] - Rule Activated: CRITICAL_VOLTAGE, Reason: Bus voltage below threshold: 0.18 < 25.50
2025-07-11 04:29:38,118 - INFO - [AUDIT] - Decision: RECOVER_EPS, Reason: Critical voltage, Mode: Nominal
2025-07-11 04:29:38,119 - INFO - [AUDIT] - Rule Activated: CRITICAL_VOLTAGE, Reason: Bus voltage below threshold: 0.18 < 25.50
2025-07-11 04:29:38,119 - INFO - [AUDIT] - Decision: RECOVER_EPS, Reason: Critical voltage, Mode: Nominal
2025-07-11 04:29:38,119 - INFO - [AUDIT] - Rule Activated: CRITICAL_VOLTAGE, Reason: Bus voltage below threshold: 0.18 < 25.50
2025-07-11 04:29:38,119 - INFO - [AUDIT] - Decision: RECOVER_EPS, Reason: Critical voltage, Mode: Nominal
2025-07-11 04:29:38,119 - INFO - [AUDIT] - Rule Activated: CRITICAL_VOLTAGE, Reason: Bus voltage below threshold: 0.18 < 25.50
2025-07-11 04:29:38,119 - INFO - [AUDIT] - Decision: RECOVER_EPS, Reason: Critical voltage, Mode: Nominal
2025-07-11 04:29:38,119 - INFO - [AUDIT] - Rule Activated: CRITICAL_VOLTAGE, Reason: Bus voltage below threshold: 0.18 < 25.50
2025-07-11 04:29:38,119 - INFO - [AUDIT] - Decision: RECOVER_EPS, Reason: Critical voltage, Mode: Nominal
2025-07-11 04:29:38,119 - INFO - [AUDIT] - Rule Activated: CRITICAL_VOLTAGE, Reason: Bus voltage below threshold: 0.18 < 25.50
2025-07-11 04:29:38,119 - INFO - [AUDIT] - Decision: RECOVER_EPS, Reason: Critical voltage, Mode: Nominal
2025-07-11 04:29:38,119 - INFO - [AUDIT] - Rule Activated: CRITICAL_VOLTAGE, Reason: Bus voltage below threshold: 0.18 < 25.50
2025-07-11 04:29:38,119 - INFO - [AUDIT] - Decision: RECOVER_EPS, Reason: Critical voltage, Mode: Nominal
2025-07-11 04:29:38,119 - INFO - [AUDIT] - Rule Activated: CRITICAL_VOLTAGE, Reason: Bus voltage below threshold: 0.18 < 25.50
2025-07-11 04:29:38,119 - INFO - [AUDIT] - Decision: RECOVER_EPS, Reason: Critical voltage, Mode: Nominal
2025-07-11 04:29:38,120 - INFO - [AUDIT] - Rule Activated: CRITICAL_VOLTAGE, Reason: Bus voltage below threshold: 0.18 < 25.50
2025-07-11 04:29:38,120 - INFO - [AUDIT] - Decision: RECOVER_EPS, Reason: Critical voltage, Mode: Nominal
2025-07-11 04:29:38,120 - INFO - [AUDIT] - Rule Activated: CRITICAL_VOLTAGE, Reason: Bus voltage below threshold: 0.18 < 25.50
2025-07-11 04:29:38,120 - INFO - [AUDIT] - Decision: RECOVER_EPS, Reason: Critical voltage, Mode: Nominal
2025-07-11 04:29:38,120 - INFO - [AUDIT] - Rule Activated: CRITICAL_VOLTAGE, Reason: Bus voltage below threshold: 0.18 < 25.50
2025-07-11 04:29:38,120 - INFO - [AUDIT] - Decision: RECOVER_EPS, Reason: Critical voltage, Mode: Nominal
2025-07-11 04:29:38,120 - INFO - [AUDIT] - Rule Activated: CRITICAL_VOLTAGE, Reason: Bus voltage below threshold: 0.18 < 25.50
2025-07-11 04:29:38,120 - INFO - [AUDIT] - Decision: RECOVER_EPS, Reason: Critical voltage, Mode: Nominal
2025-07-11 04:29:38,120 - INFO - [AUDIT] - Rule Activated: CRITICAL_VOLTAGE, Reason: Bus voltage below threshold: 0.18 < 25.50
2025-07-11 04:29:38,120 - INFO - [AUDIT] - Decision: RECOVER_EPS, Reason: Critical voltage, Mode: Nominal
2025-07-11 04:29:38,120 - INFO - [AUDIT] - Rule Activated: CRITICAL_VOLTAGE, Reason: Bus voltage below threshold: 0.18 < 25.50
2025-07-11 04:29:38,121 - INFO - [AUDIT] - Decision: RECOVER_EPS, Reason: Critical voltage, Mode: Nominal
2025-07-11 04:29:38,121 - INFO - [AUDIT] - Rule Activated: CRITICAL_VOLTAGE, Reason: Bus voltage below threshold: 0.18 < 25.50
2025-07-11 04:29:38,121 - INFO - [AUDIT] - Decision: RECOVER_EPS, Reason: Critical voltage, Mode: Nominal
2025-07-11 04:29:38,121 - INFO - [AUDIT] - Rule Activated: CRITICAL_VOLTAGE, Reason: Bus voltage below threshold: 0.18 < 25.50
2025-07-11 04:29:38,121 - INFO - [AUDIT] - Decision: RECOVER_EPS, Reason: Critical voltage, Mode: Nominal
2025-07-11 04:29:38,121 - INFO - [AUDIT] - Rule Activated: CRITICAL_VOLTAGE, Reason: Bus voltage below threshold: 0.18 < 25.50
2025-07-11 04:29:38,121 - INFO - [AUDIT] - Decision: RECOVER_EPS, Reason: Critical voltage, Mode: Nominal
2025-07-11 04:29:38,121 - INFO - [AUDIT] - Rule Activated: CRITICAL_VOLTAGE, Reason: Bus voltage below threshold: 0.18 < 25.50
2025-07-11 04:29:38,121 - INFO - [AUDIT] - Decision: RECOVER_EPS, Reason: Critical voltage, Mode: Nominal
2025-07-11 04:29:38,121 - INFO - [AUDIT] - Rule Activated: CRITICAL_VOLTAGE, Reason: Bus voltage below threshold: 0.18 < 25.50
2025-07-11 04:29:38,121 - INFO - [AUDIT] - Decision: RECOVER_EPS, Reason: Critical voltage, Mode: Nominal
2025-07-11 04:29:38,121 - INFO - [AUDIT] - Rule Activated: CRITICAL_VOLTAGE, Reason: Bus voltage below threshold: 0.18 < 25.50
2025-07-11 04:29:38,121 - INFO - [AUDIT] - Decision: RECOVER_EPS, Reason: Critical voltage, Mode: Nominal
2025-07-11 04:29:38,122 - INFO - [AUDIT] - Rule Activated: CRITICAL_VOLTAGE, Reason: Bus voltage below threshold: 0.18 < 25.50
2025-07-11 04:29:38,122 - INFO - [AUDIT] - Decision: RECOVER_EPS, Reason: Critical voltage, Mode: Nominal
2025-07-11 04:29:38,122 - INFO - [AUDIT] - Rule Activated: CRITICAL_VOLTAGE, Reason: Bus voltage below threshold: 0.18 < 25.50
2025-07-11 04:29:38,122 - INFO - [AUDIT] - Decision: RECOVER_EPS, Reason: Critical voltage, Mode: Nominal
2025-07-11 04:29:38,122 - INFO - [AUDIT] - Rule Activated: CRITICAL_VOLTAGE, Reason: Bus voltage below threshold: 0.18 < 25.50
2025-07-11 04:29:38,122 - INFO - [AUDIT] - Decision: RECOVER_EPS, Reason: Critical voltage, Mode: Nominal
2025-07-11 04:29:38,122 - INFO - [AUDIT] - Rule Activated: CRITICAL_VOLTAGE, Reason: Bus voltage below threshold: 0.18 < 25.50
2025-07-11 04:29:38,122 - INFO - [AUDIT] - Decision: RECOVER_EPS, Reason: Critical voltage, Mode: Nominal
2025-07-11 04:29:38,122 - INFO - [AUDIT] - Rule Activated: CRITICAL_VOLTAGE, Reason: Bus voltage below threshold: 0.18 < 25.50
2025-07-11 04:29:38,122 - INFO - [AUDIT] - Decision: RECOVER_EPS, Reason: Critical voltage, Mode: Nominal
2025-07-11 04:29:38,123 - INFO - [AUDIT] - Rule Activated: CRITICAL_VOLTAGE, Reason: Bus voltage below threshold: 0.18 < 25.50
2025-07-11 04:29:38,123 - INFO - [AUDIT] - Decision: RECOVER_EPS, Reason: Critical voltage, Mode: Nominal
2025-07-11 04:29:38,123 - INFO - [AUDIT] - Rule Activated: CRITICAL_VOLTAGE, Reason: Bus voltage below threshold: 0.18 < 25.50
2025-07-11 04:29:38,123 - INFO - [AUDIT] - Decision: RECOVER_EPS, Reason: Critical voltage, Mode: Nominal
2025-07-11 04:29:38,123 - INFO - [AUDIT] - Rule Activated: CRITICAL_VOLTAGE, Reason: Bus voltage below threshold: 0.18 < 25.50
2025-07-11 04:29:38,123 - INFO - [AUDIT] - Decision: RECOVER_EPS, Reason: Critical voltage, Mode: Nominal
2025-07-11 04:29:38,123 - INFO - [AUDIT] - Rule Activated: CRITICAL_VOLTAGE, Reason: Bus voltage below threshold: 0.18 < 25.50
2025-07-11 04:29:38,123 - INFO - [AUDIT] - Decision: RECOVER_EPS, Reason: Critical voltage, Mode: Nominal
2025-07-11 04:29:38,123 - INFO - [AUDIT] - Rule Activated: CRITICAL_VOLTAGE, Reason: Bus voltage below threshold: 0.18 < 25.50
2025-07-11 04:29:38,123 - INFO - [AUDIT] - Decision: RECOVER_EPS, Reason: Critical voltage, Mode: Nominal
2025-07-11 04:29:38,123 - INFO - [AUDIT] - Rule Activated: CRITICAL_VOLTAGE, Reason: Bus voltage below threshold: 0.18 < 25.50
2025-07-11 04:29:38,123 - INFO - [AUDIT] - Decision: RECOVER_EPS, Reason: Critical voltage, Mode: Nominal
2025-07-11 04:29:38,124 - INFO - [AUDIT] - Rule Activated: CRITICAL_VOLTAGE, Reason: Bus voltage below threshold: 0.18 < 25.50
2025-07-11 04:29:38,124 - INFO - [AUDIT] - Decision: RECOVER_EPS, Reason: Critical voltage, Mode: Nominal
2025-07-11 04:29:38,124 - INFO - [AUDIT] - Rule Activated: CRITICAL_VOLTAGE, Reason: Bus voltage below threshold: 0.18 < 25.50
2025-07-11 04:29:38,124 - INFO - [AUDIT] - Decision: RECOVER_EPS, Reason: Critical voltage, Mode: Nominal
2025-07-11 04:29:38,124 - INFO - [AUDIT] - Rule Activated: CRITICAL_VOLTAGE, Reason: Bus voltage below threshold: 0.18 < 25.50
2025-07-11 04:29:38,124 - INFO - [AUDIT] - Decision: RECOVER_EPS, Reason: Critical voltage, Mode: Nominal
2025-07-11 04:29:38,124 - INFO - [AUDIT] - Rule Activated: CRITICAL_VOLTAGE, Reason: Bus voltage below threshold: 0.18 < 25.50
2025-07-11 04:29:38,124 - INFO - [AUDIT] - Decision: RECOVER_EPS, Reason: Critical voltage, Mode: Nominal
2025-07-11 04:29:38,124 - INFO - [AUDIT] - Rule Activated: CRITICAL_VOLTAGE, Reason: Bus voltage below threshold: 0.18 < 25.50
2025-07-11 04:29:38,124 - INFO - [AUDIT] - Decision: RECOVER_EPS, Reason: Critical voltage, Mode: Nominal
2025-07-11 04:29:38,125 - INFO - [AUDIT] - Rule Activated: CRITICAL_VOLTAGE, Reason: Bus voltage below threshold: 0.18 < 25.50
2025-07-11 04:29:38,125 - INFO - [AUDIT] - Decision: RECOVER_EPS, Reason: Critical voltage, Mode: Nominal
2025-07-11 04:29:38,125 - INFO - [AUDIT] - Rule Activated: CRITICAL_VOLTAGE, Reason: Bus voltage below threshold: 0.18 < 25.50
2025-07-11 04:29:38,125 - INFO - [AUDIT] - Decision: RECOVER_EPS, Reason: Critical voltage, Mode: Nominal
2025-07-11 04:29:38,125 - INFO - [AUDIT] - Rule Activated: CRITICAL_VOLTAGE, Reason: Bus voltage below threshold: 0.18 < 25.50
2025-07-11 04:29:38,125 - INFO - [AUDIT] - Decision: RECOVER_EPS, Reason: Critical voltage, Mode: Nominal
2025-07-11 04:29:38,125 - INFO - [AUDIT] - Rule Activated: CRITICAL_VOLTAGE, Reason: Bus voltage below threshold: 0.18 < 25.50
2025-07-11 04:29:38,125 - INFO - [AUDIT] - Decision: RECOVER_EPS, Reason: Critical voltage, Mode: Nominal
2025-07-11 04:29:38,126 - INFO - [AUDIT] - Rule Activated: CRITICAL_VOLTAGE, Reason: Bus voltage below threshold: 0.00 < 25.50
2025-07-11 04:29:38,126 - INFO - [AUDIT] - Decision: RECOVER_EPS, Reason: Critical voltage, Mode: Nominal
2025-07-11 04:29:38,126 - INFO - [AUDIT] - Rule Activated: CRITICAL_VOLTAGE, Reason: Bus voltage below threshold: 0.18 < 25.50
2025-07-11 04:29:38,126 - INFO - [AUDIT] - Decision: RECOVER_EPS, Reason: Critical voltage, Mode: Nominal
2025-07-11 04:29:38,126 - INFO - [AUDIT] - Rule Activated: CRITICAL_VOLTAGE, Reason: Bus voltage below threshold: 0.18 < 25.50
2025-07-11 04:29:38,127 - INFO - [AUDIT] - Decision: RECOVER_EPS, Reason: Critical voltage, Mode: Nominal
2025-07-11 04:29:38,127 - INFO - [AUDIT] - Rule Activated: CRITICAL_VOLTAGE, Reason: Bus voltage below threshold: 0.18 < 25.50
2025-07-11 04:29:38,127 - INFO - [AUDIT] - Decision: RECOVER_EPS, Reason: Critical voltage, Mode: Nominal
2025-07-11 04:29:38,127 - INFO - [AUDIT] - Rule Activated: CRITICAL_VOLTAGE, Reason: Bus voltage below threshold: 0.18 < 25.50
2025-07-11 04:29:38,127 - INFO - [AUDIT] - Decision: RECOVER_EPS, Reason: Critical voltage, Mode: Nominal
2025-07-11 04:29:38,127 - INFO - [AUDIT] - Rule Activated: CRITICAL_VOLTAGE, Reason: Bus voltage below threshold: 0.18 < 25.50
2025-07-11 04:29:38,127 - INFO - [AUDIT] - Decision: RECOVER_EPS, Reason: Critical voltage, Mode: Nominal
2025-07-11 04:29:38,127 - INFO - [AUDIT] - Rule Activated: CRITICAL_VOLTAGE, Reason: Bus voltage below threshold: 0.18 < 25.50
2025-07-11 04:29:38,127 - INFO - [AUDIT] - Decision: RECOVER_EPS, Reason: Critical voltage, Mode: Nominal
2025-07-11 04:29:38,127 - INFO - [AUDIT] - Rule Activated: CRITICAL_VOLTAGE, Reason: Bus voltage below threshold: 0.18 < 25.50
2025-07-11 04:29:38,127 - INFO - [AUDIT] - Decision: RECOVER_EPS, Reason: Critical voltage, Mode: Nominal
2025-07-11 04:29:38,127 - INFO - [AUDIT] - Rule Activated: CRITICAL_VOLTAGE, Reason: Bus voltage below threshold: 0.18 < 25.50
2025-07-11 04:29:38,128 - INFO - [AUDIT] - Decision: RECOVER_EPS, Reason: Critical voltage, Mode: Nominal
2025-07-11 04:29:38,128 - INFO - [AUDIT] - Rule Activated: CRITICAL_VOLTAGE, Reason: Bus voltage below threshold: 0.18 < 25.50
2025-07-11 04:29:38,128 - INFO - [AUDIT] - Decision: RECOVER_EPS, Reason: Critical voltage, Mode: Nominal
2025-07-11 04:29:38,128 - INFO - [AUDIT] - Rule Activated: CRITICAL_VOLTAGE, Reason: Bus voltage below threshold: 0.18 < 25.50
2025-07-11 04:29:38,128 - INFO - [AUDIT] - Decision: RECOVER_EPS, Reason: Critical voltage, Mode: Nominal
2025-07-11 04:29:38,128 - INFO - [AUDIT] - Rule Activated: CRITICAL_VOLTAGE, Reason: Bus voltage below threshold: 0.18 < 25.50
2025-07-11 04:29:38,128 - INFO - [AUDIT] - Decision: RECOVER_EPS, Reason: Critical voltage, Mode: Nominal
2025-07-11 04:29:38,128 - INFO - [AUDIT] - Rule Activated: CRITICAL_VOLTAGE, Reason: Bus voltage below threshold: 0.18 < 25.50
2025-07-11 04:29:38,128 - INFO - [AUDIT] - Decision: RECOVER_EPS, Reason: Critical voltage, Mode: Nominal
2025-07-11 04:29:38,128 - INFO - [AUDIT] - Rule Activated: CRITICAL_VOLTAGE, Reason: Bus voltage below threshold: 0.18 < 25.50
2025-07-11 04:29:38,128 - INFO - [AUDIT] - Decision: RECOVER_EPS, Reason: Critical voltage, Mode: Nominal
2025-07-11 04:29:38,129 - INFO - [AUDIT] - Rule Activated: CRITICAL_VOLTAGE, Reason: Bus voltage below threshold: 0.18 < 25.50
2025-07-11 04:29:38,129 - INFO - [AUDIT] - Decision: RECOVER_EPS, Reason: Critical voltage, Mode: Nominal
2025-07-11 04:29:38,129 - INFO - [AUDIT] - Rule Activated: CRITICAL_VOLTAGE, Reason: Bus voltage below threshold: 0.18 < 25.50
2025-07-11 04:29:38,129 - INFO - [AUDIT] - Decision: RECOVER_EPS, Reason: Critical voltage, Mode: Nominal
2025-07-11 04:29:38,129 - INFO - [AUDIT] - Rule Activated: CRITICAL_VOLTAGE, Reason: Bus voltage below threshold: 0.18 < 25.50
2025-07-11 04:29:38,129 - INFO - [AUDIT] - Decision: RECOVER_EPS, Reason: Critical voltage, Mode: Nominal
2025-07-11 04:29:38,129 - INFO - [AUDIT] - Rule Activated: CRITICAL_VOLTAGE, Reason: Bus voltage below threshold: 0.18 < 25.50
2025-07-11 04:29:38,129 - INFO - [AUDIT] - Decision: RECOVER_EPS, Reason: Critical voltage, Mode: Nominal
2025-07-11 04:29:38,129 - INFO - [AUDIT] - Rule Activated: CRITICAL_VOLTAGE, Reason: Bus voltage below threshold: 0.18 < 25.50
2025-07-11 04:29:38,129 - INFO - [AUDIT] - Decision: RECOVER_EPS, Reason: Critical voltage, Mode: Nominal
2025-07-11 04:29:38,129 - INFO - [AUDIT] - Rule Activated: CRITICAL_VOLTAGE, Reason: Bus voltage below threshold: 0.18 < 25.50
2025-07-11 04:29:38,129 - INFO - [AUDIT] - Decision: RECOVER_EPS, Reason: Critical voltage, Mode: Nominal
2025-07-11 04:29:38,130 - INFO - [AUDIT] - Rule Activated: CRITICAL_VOLTAGE, Reason: Bus voltage below threshold: 0.18 < 25.50
2025-07-11 04:29:38,130 - INFO - [AUDIT] - Decision: RECOVER_EPS, Reason: Critical voltage, Mode: Nominal
2025-07-11 04:29:38,130 - INFO - [AUDIT] - Rule Activated: CRITICAL_VOLTAGE, Reason: Bus voltage below threshold: 0.18 < 25.50
2025-07-11 04:29:38,130 - INFO - [AUDIT] - Decision: RECOVER_EPS, Reason: Critical voltage, Mode: Nominal
2025-07-11 04:29:38,130 - INFO - [AUDIT] - Rule Activated: CRITICAL_VOLTAGE, Reason: Bus voltage below threshold: 0.18 < 25.50
2025-07-11 04:29:38,130 - INFO - [AUDIT] - Decision: RECOVER_EPS, Reason: Critical voltage, Mode: Nominal
2025-07-11 04:29:38,130 - INFO - [AUDIT] - Rule Activated: CRITICAL_VOLTAGE, Reason: Bus voltage below threshold: 0.18 < 25.50
2025-07-11 04:29:38,130 - INFO - [AUDIT] - Decision: RECOVER_EPS, Reason: Critical voltage, Mode: Nominal
2025-07-11 04:29:38,130 - INFO - [AUDIT] - Rule Activated: CRITICAL_VOLTAGE, Reason: Bus voltage below threshold: 0.18 < 25.50
2025-07-11 04:29:38,130 - INFO - [AUDIT] - Decision: RECOVER_EPS, Reason: Critical voltage, Mode: Nominal
2025-07-11 04:29:38,130 - INFO - [AUDIT] - Rule Activated: CRITICAL_VOLTAGE, Reason: Bus voltage below threshold: 0.18 < 25.50
2025-07-11 04:29:38,130 - INFO - [AUDIT] - Decision: RECOVER_EPS, Reason: Critical voltage, Mode: Nominal
2025-07-11 04:29:38,131 - INFO - [AUDIT] - Rule Activated: CRITICAL_VOLTAGE, Reason: Bus voltage below threshold: 0.18 < 25.50
2025-07-11 04:29:38,131 - INFO - [AUDIT] - Decision: RECOVER_EPS, Reason: Critical voltage, Mode: Nominal
2025-07-11 04:29:38,131 - INFO - [AUDIT] - Rule Activated: CRITICAL_VOLTAGE, Reason: Bus voltage below threshold: 0.18 < 25.50
2025-07-11 04:29:38,131 - INFO - [AUDIT] - Decision: RECOVER_EPS, Reason: Critical voltage, Mode: Nominal
2025-07-11 04:29:38,131 - INFO - [AUDIT] - Rule Activated: CRITICAL_VOLTAGE, Reason: Bus voltage below threshold: 0.18 < 25.50
2025-07-11 04:29:38,131 - INFO - [AUDIT] - Decision: RECOVER_EPS, Reason: Critical voltage, Mode: Nominal
2025-07-11 04:29:38,131 - INFO - [AUDIT] - Rule Activated: CRITICAL_VOLTAGE, Reason: Bus voltage below threshold: 0.18 < 25.50
2025-07-11 04:29:38,131 - INFO - [AUDIT] - Decision: RECOVER_EPS, Reason: Critical voltage, Mode: Nominal
2025-07-11 04:29:38,131 - INFO - [AUDIT] - Rule Activated: CRITICAL_VOLTAGE, Reason: Bus voltage below threshold: 0.18 < 25.50
2025-07-11 04:29:38,131 - INFO - [AUDIT] - Decision: RECOVER_EPS, Reason: Critical voltage, Mode: Nominal
2025-07-11 04:29:38,131 - INFO - [AUDIT] - Rule Activated: CRITICAL_VOLTAGE, Reason: Bus voltage below threshold: 0.18 < 25.50
2025-07-11 04:29:38,131 - INFO - [AUDIT] - Decision: RECOVER_EPS, Reason: Critical voltage, Mode: Nominal
2025-07-11 04:29:38,132 - INFO - [AUDIT] - Rule Activated: CRITICAL_VOLTAGE, Reason: Bus voltage below threshold: 0.18 < 25.50
2025-07-11 04:29:38,132 - INFO - [AUDIT] - Decision: RECOVER_EPS, Reason: Critical voltage, Mode: Nominal
2025-07-11 04:29:38,132 - INFO - [AUDIT] - Rule Activated: CRITICAL_VOLTAGE, Reason: Bus voltage below threshold: 0.18 < 25.50
2025-07-11 04:29:38,132 - INFO - [AUDIT] - Decision: RECOVER_EPS, Reason: Critical voltage, Mode: Nominal
2025-07-11 04:29:38,132 - INFO - [AUDIT] - Rule Activated: CRITICAL_VOLTAGE, Reason: Bus voltage below threshold: 0.18 < 25.50
2025-07-11 04:29:38,132 - INFO - [AUDIT] - Decision: RECOVER_EPS, Reason: Critical voltage, Mode: Nominal
2025-07-11 04:29:38,132 - INFO - [AUDIT] - Rule Activated: CRITICAL_VOLTAGE, Reason: Bus voltage below threshold: 0.18 < 25.50
2025-07-11 04:29:38,132 - INFO - [AUDIT] - Decision: RECOVER_EPS, Reason: Critical voltage, Mode: Nominal
2025-07-11 04:29:38,132 - INFO - [AUDIT] - Rule Activated: CRITICAL_VOLTAGE, Reason: Bus voltage below threshold: 0.18 < 25.50
2025-07-11 04:29:38,132 - INFO - [AUDIT] - Decision: RECOVER_EPS, Reason: Critical voltage, Mode: Nominal
2025-07-11 04:29:38,132 - INFO - [AUDIT] - Rule Activated: CRITICAL_VOLTAGE, Reason: Bus voltage below threshold: 0.18 < 25.50
2025-07-11 04:29:38,132 - INFO - [AUDIT] - Decision: RECOVER_EPS, Reason: Critical voltage, Mode: Nominal
2025-07-11 04:29:38,132 - INFO - [AUDIT] - Rule Activated: CRITICAL_VOLTAGE, Reason: Bus voltage below threshold: 0.18 < 25.50
2025-07-11 04:29:38,133 - INFO - [AUDIT] - Decision: RECOVER_EPS, Reason: Critical voltage, Mode: Nominal
2025-07-11 04:29:38,133 - INFO - [AUDIT] - Rule Activated: CRITICAL_VOLTAGE, Reason: Bus voltage below threshold: 0.18 < 25.50
2025-07-11 04:29:38,133 - INFO - [AUDIT] - Decision: RECOVER_EPS, Reason: Critical voltage, Mode: Nominal
2025-07-11 04:29:38,133 - INFO - [AUDIT] - Rule Activated: CRITICAL_VOLTAGE, Reason: Bus voltage below threshold: 0.18 < 25.50
2025-07-11 04:29:38,133 - INFO - [AUDIT] - Decision: RECOVER_EPS, Reason: Critical voltage, Mode: Nominal
2025-07-11 04:29:38,133 - INFO - [AUDIT] - Rule Activated: CRITICAL_VOLTAGE, Reason: Bus voltage below threshold: 0.18 < 25.50
2025-07-11 04:29:38,133 - INFO - [AUDIT] - Decision: RECOVER_EPS, Reason: Critical voltage, Mode: Nominal
2025-07-11 04:29:38,133 - INFO - [AUDIT] - Rule Activated: CRITICAL_VOLTAGE, Reason: Bus voltage below threshold: 0.18 < 25.50
2025-07-11 04:29:38,133 - INFO - [AUDIT] - Decision: RECOVER_EPS, Reason: Critical voltage, Mode: Nominal
2025-07-11 04:29:38,133 - INFO - [AUDIT] - Rule Activated: CRITICAL_VOLTAGE, Reason: Bus voltage below threshold: 0.18 < 25.50
2025-07-11 04:29:38,133 - INFO - [AUDIT] - Decision: RECOVER_EPS, Reason: Critical voltage, Mode: Nominal
2025-07-11 04:29:38,133 - INFO - [AUDIT] - Rule Activated: CRITICAL_VOLTAGE, Reason: Bus voltage below threshold: 0.18 < 25.50
2025-07-11 04:29:38,133 - INFO - [AUDIT] - Decision: RECOVER_EPS, Reason: Critical voltage, Mode: Nominal
2025-07-11 04:29:38,134 - INFO - [AUDIT] - Rule Activated: CRITICAL_VOLTAGE, Reason: Bus voltage below threshold: 0.18 < 25.50
2025-07-11 04:29:38,134 - INFO - [AUDIT] - Decision: RECOVER_EPS, Reason: Critical voltage, Mode: Nominal
2025-07-11 04:29:38,134 - INFO - [AUDIT] - Rule Activated: CRITICAL_VOLTAGE, Reason: Bus voltage below threshold: 0.18 < 25.50
2025-07-11 04:29:38,134 - INFO - [AUDIT] - Decision: RECOVER_EPS, Reason: Critical voltage, Mode: Nominal
2025-07-11 04:29:38,134 - INFO - [AUDIT] - Rule Activated: CRITICAL_VOLTAGE, Reason: Bus voltage below threshold: 0.18 < 25.50
2025-07-11 04:29:38,134 - INFO - [AUDIT] - Decision: RECOVER_EPS, Reason: Critical voltage, Mode: Nominal
2025-07-11 04:29:38,134 - INFO - [AUDIT] - Rule Activated: CRITICAL_VOLTAGE, Reason: Bus voltage below threshold: 0.18 < 25.50
2025-07-11 04:29:38,134 - INFO - [AUDIT] - Decision: RECOVER_EPS, Reason: Critical voltage, Mode: Nominal
2025-07-11 04:29:38,134 - INFO - [AUDIT] - Rule Activated: CRITICAL_VOLTAGE, Reason: Bus voltage below threshold: 0.18 < 25.50
2025-07-11 04:29:38,134 - INFO - [AUDIT] - Decision: RECOVER_EPS, Reason: Critical voltage, Mode: Nominal
2025-07-11 04:29:38,135 - INFO - [AUDIT] - Rule Activated: CRITICAL_VOLTAGE, Reason: Bus voltage below threshold: 0.18 < 25.50
2025-07-11 04:29:38,135 - INFO - [AUDIT] - Decision: RECOVER_EPS, Reason: Critical voltage, Mode: Nominal
2025-07-11 04:29:38,135 - INFO - [AUDIT] - Rule Activated: CRITICAL_VOLTAGE, Reason: Bus voltage below threshold: 0.18 < 25.50
2025-07-11 04:29:38,135 - INFO - [AUDIT] - Decision: RECOVER_EPS, Reason: Critical voltage, Mode: Nominal
2025-07-11 04:29:38,135 - INFO - [AUDIT] - Rule Activated: CRITICAL_VOLTAGE, Reason: Bus voltage below threshold: 0.18 < 25.50
2025-07-11 04:29:38,135 - INFO - [AUDIT] - Decision: RECOVER_EPS, Reason: Critical voltage, Mode: Nominal
2025-07-11 04:29:38,135 - INFO - [AUDIT] - Rule Activated: CRITICAL_VOLTAGE, Reason: Bus voltage below threshold: 0.18 < 25.50
2025-07-11 04:29:38,135 - INFO - [AUDIT] - Decision: RECOVER_EPS, Reason: Critical voltage, Mode: Nominal
2025-07-11 04:29:38,135 - INFO - [AUDIT] - Rule Activated: CRITICAL_VOLTAGE, Reason: Bus voltage below threshold: 0.18 < 25.50
2025-07-11 04:29:38,135 - INFO - [AUDIT] - Decision: RECOVER_EPS, Reason: Critical voltage, Mode: Nominal
2025-07-11 04:29:38,135 - INFO - [AUDIT] - Rule Activated: CRITICAL_VOLTAGE, Reason: Bus voltage below threshold: 0.18 < 25.50
2025-07-11 04:29:38,135 - INFO - [AUDIT] - Decision: RECOVER_EPS, Reason: Critical voltage, Mode: Nominal
2025-07-11 04:29:38,135 - INFO - [AUDIT] - Rule Activated: CRITICAL_VOLTAGE, Reason: Bus voltage below threshold: 0.18 < 25.50
2025-07-11 04:29:38,135 - INFO - [AUDIT] - Decision: RECOVER_EPS, Reason: Critical voltage, Mode: Nominal
2025-07-11 04:29:38,136 - INFO - [AUDIT] - Rule Activated: CRITICAL_VOLTAGE, Reason: Bus voltage below threshold: 0.18 < 25.50
2025-07-11 04:29:38,136 - INFO - [AUDIT] - Decision: RECOVER_EPS, Reason: Critical voltage, Mode: Nominal
2025-07-11 04:29:38,136 - INFO - [AUDIT] - Rule Activated: CRITICAL_VOLTAGE, Reason: Bus voltage below threshold: 0.18 < 25.50
2025-07-11 04:29:38,136 - INFO - [AUDIT] - Decision: RECOVER_EPS, Reason: Critical voltage, Mode: Nominal
2025-07-11 04:29:38,136 - INFO - [AUDIT] - Rule Activated: CRITICAL_VOLTAGE, Reason: Bus voltage below threshold: 0.18 < 25.50
2025-07-11 04:29:38,136 - INFO - [AUDIT] - Decision: RECOVER_EPS, Reason: Critical voltage, Mode: Nominal
2025-07-11 04:29:38,136 - INFO - [AUDIT] - Rule Activated: CRITICAL_VOLTAGE, Reason: Bus voltage below threshold: 0.18 < 25.50
2025-07-11 04:29:38,136 - INFO - [AUDIT] - Decision: RECOVER_EPS, Reason: Critical voltage, Mode: Nominal
2025-07-11 04:29:38,136 - INFO - [AUDIT] - Rule Activated: CRITICAL_VOLTAGE, Reason: Bus voltage below threshold: 0.18 < 25.50
2025-07-11 04:29:38,136 - INFO - [AUDIT] - Decision: RECOVER_EPS, Reason: Critical voltage, Mode: Nominal
2025-07-11 04:29:38,136 - INFO - [AUDIT] - Rule Activated: CRITICAL_VOLTAGE, Reason: Bus voltage below threshold: 0.18 < 25.50
2025-07-11 04:29:38,136 - INFO - [AUDIT] - Decision: RECOVER_EPS, Reason: Critical voltage, Mode: Nominal
2025-07-11 04:29:38,137 - INFO - [AUDIT] - Rule Activated: CRITICAL_VOLTAGE, Reason: Bus voltage below threshold: 0.18 < 25.50
2025-07-11 04:29:38,137 - INFO - [AUDIT] - Decision: RECOVER_EPS, Reason: Critical voltage, Mode: Nominal
2025-07-11 04:29:38,137 - INFO - [AUDIT] - Rule Activated: CRITICAL_VOLTAGE, Reason: Bus voltage below threshold: 0.18 < 25.50
2025-07-11 04:29:38,137 - INFO - [AUDIT] - Decision: RECOVER_EPS, Reason: Critical voltage, Mode: Nominal
2025-07-11 04:29:38,137 - INFO - [AUDIT] - Rule Activated: CRITICAL_VOLTAGE, Reason: Bus voltage below threshold: 0.18 < 25.50
2025-07-11 04:29:38,137 - INFO - [AUDIT] - Decision: RECOVER_EPS, Reason: Critical voltage, Mode: Nominal
2025-07-11 04:29:38,137 - INFO - [AUDIT] - Rule Activated: CRITICAL_VOLTAGE, Reason: Bus voltage below threshold: 0.18 < 25.50
2025-07-11 04:29:38,137 - INFO - [AUDIT] - Decision: RECOVER_EPS, Reason: Critical voltage, Mode: Nominal
2025-07-11 04:29:38,137 - INFO - [AUDIT] - Rule Activated: CRITICAL_VOLTAGE, Reason: Bus voltage below threshold: 0.18 < 25.50
2025-07-11 04:29:38,137 - INFO - [AUDIT] - Decision: RECOVER_EPS, Reason: Critical voltage, Mode: Nominal
2025-07-11 04:29:38,137 - INFO - [AUDIT] - Rule Activated: CRITICAL_VOLTAGE, Reason: Bus voltage below threshold: 0.18 < 25.50
2025-07-11 04:29:38,137 - INFO - [AUDIT] - Decision: RECOVER_EPS, Reason: Critical voltage, Mode: Nominal
2025-07-11 04:29:38,138 - INFO - [AUDIT] - Rule Activated: CRITICAL_VOLTAGE, Reason: Bus voltage below threshold: 0.18 < 25.50
2025-07-11 04:29:38,138 - INFO - [AUDIT] - Decision: RECOVER_EPS, Reason: Critical voltage, Mode: Nominal
2025-07-11 04:29:38,138 - INFO - [AUDIT] - Rule Activated: CRITICAL_VOLTAGE, Reason: Bus voltage below threshold: 0.18 < 25.50
2025-07-11 04:29:38,138 - INFO - [AUDIT] - Decision: RECOVER_EPS, Reason: Critical voltage, Mode: Nominal
2025-07-11 04:29:38,138 - INFO - [AUDIT] - Rule Activated: CRITICAL_VOLTAGE, Reason: Bus voltage below threshold: 0.18 < 25.50
2025-07-11 04:29:38,138 - INFO - [AUDIT] - Decision: RECOVER_EPS, Reason: Critical voltage, Mode: Nominal
2025-07-11 04:29:38,138 - INFO - [AUDIT] - Rule Activated: CRITICAL_VOLTAGE, Reason: Bus voltage below threshold: 0.18 < 25.50
2025-07-11 04:29:38,138 - INFO - [AUDIT] - Decision: RECOVER_EPS, Reason: Critical voltage, Mode: Nominal
2025-07-11 04:29:38,138 - INFO - [AUDIT] - Rule Activated: CRITICAL_VOLTAGE, Reason: Bus voltage below threshold: 0.18 < 25.50
2025-07-11 04:29:38,138 - INFO - [AUDIT] - Decision: RECOVER_EPS, Reason: Critical voltage, Mode: Nominal
2025-07-11 04:29:38,138 - INFO - [AUDIT] - Rule Activated: CRITICAL_VOLTAGE, Reason: Bus voltage below threshold: 0.18 < 25.50
2025-07-11 04:29:38,138 - INFO - [AUDIT] - Decision: RECOVER_EPS, Reason: Critical voltage, Mode: Nominal
2025-07-11 04:29:38,139 - INFO - [AUDIT] - Rule Activated: CRITICAL_VOLTAGE, Reason: Bus voltage below threshold: 0.18 < 25.50
2025-07-11 04:29:38,139 - INFO - [AUDIT] - Decision: RECOVER_EPS, Reason: Critical voltage, Mode: Nominal
2025-07-11 04:29:38,139 - INFO - [AUDIT] - Rule Activated: CRITICAL_VOLTAGE, Reason: Bus voltage below threshold: 0.18 < 25.50
2025-07-11 04:29:38,139 - INFO - [AUDIT] - Decision: RECOVER_EPS, Reason: Critical voltage, Mode: Nominal
2025-07-11 04:29:38,139 - INFO - [AUDIT] - Rule Activated: CRITICAL_VOLTAGE, Reason: Bus voltage below threshold: 0.18 < 25.50
2025-07-11 04:29:38,139 - INFO - [AUDIT] - Decision: RECOVER_EPS, Reason: Critical voltage, Mode: Nominal
2025-07-11 04:29:38,139 - INFO - [AUDIT] - Rule Activated: CRITICAL_VOLTAGE, Reason: Bus voltage below threshold: 0.18 < 25.50
2025-07-11 04:29:38,139 - INFO - [AUDIT] - Decision: RECOVER_EPS, Reason: Critical voltage, Mode: Nominal
2025-07-11 04:29:38,139 - INFO - [AUDIT] - Rule Activated: CRITICAL_VOLTAGE, Reason: Bus voltage below threshold: 0.18 < 25.50
2025-07-11 04:29:38,139 - INFO - [AUDIT] - Decision: RECOVER_EPS, Reason: Critical voltage, Mode: Nominal
2025-07-11 04:29:38,140 - INFO - [AUDIT] - Rule Activated: CRITICAL_VOLTAGE, Reason: Bus voltage below threshold: 0.18 < 25.50
2025-07-11 04:29:38,140 - INFO - [AUDIT] - Decision: RECOVER_EPS, Reason: Critical voltage, Mode: Nominal
2025-07-11 04:29:38,140 - INFO - [AUDIT] - Rule Activated: CRITICAL_VOLTAGE, Reason: Bus voltage below threshold: 0.18 < 25.50
2025-07-11 04:29:38,140 - INFO - [AUDIT] - Decision: RECOVER_EPS, Reason: Critical voltage, Mode: Nominal
2025-07-11 04:29:38,140 - INFO - [AUDIT] - Rule Activated: CRITICAL_VOLTAGE, Reason: Bus voltage below threshold: 0.18 < 25.50
2025-07-11 04:29:38,140 - INFO - [AUDIT] - Decision: RECOVER_EPS, Reason: Critical voltage, Mode: Nominal
2025-07-11 04:29:38,140 - INFO - [AUDIT] - Rule Activated: CRITICAL_VOLTAGE, Reason: Bus voltage below threshold: 0.18 < 25.50
2025-07-11 04:29:38,140 - INFO - [AUDIT] - Decision: RECOVER_EPS, Reason: Critical voltage, Mode: Nominal
2025-07-11 04:29:38,140 - INFO - [AUDIT] - Rule Activated: CRITICAL_VOLTAGE, Reason: Bus voltage below threshold: 0.18 < 25.50
2025-07-11 04:29:38,140 - INFO - [AUDIT] - Decision: RECOVER_EPS, Reason: Critical voltage, Mode: Nominal
2025-07-11 04:29:38,140 - INFO - [AUDIT] - Rule Activated: CRITICAL_VOLTAGE, Reason: Bus voltage below threshold: 0.18 < 25.50
2025-07-11 04:29:38,140 - INFO - [AUDIT] - Decision: RECOVER_EPS, Reason: Critical voltage, Mode: Nominal
2025-07-11 04:29:38,140 - INFO - [AUDIT] - Rule Activated: CRITICAL_VOLTAGE, Reason: Bus voltage below threshold: 0.18 < 25.50
2025-07-11 04:29:38,140 - INFO - [AUDIT] - Decision: RECOVER_EPS, Reason: Critical voltage, Mode: Nominal
2025-07-11 04:29:38,141 - INFO - [AUDIT] - Rule Activated: CRITICAL_VOLTAGE, Reason: Bus voltage below threshold: 0.18 < 25.50
2025-07-11 04:29:38,141 - INFO - [AUDIT] - Decision: RECOVER_EPS, Reason: Critical voltage, Mode: Nominal
2025-07-11 04:29:38,141 - INFO - [AUDIT] - Rule Activated: CRITICAL_VOLTAGE, Reason: Bus voltage below threshold: 0.18 < 25.50
2025-07-11 04:29:38,141 - INFO - [AUDIT] - Decision: RECOVER_EPS, Reason: Critical voltage, Mode: Nominal
2025-07-11 04:29:38,141 - INFO - [AUDIT] - Rule Activated: CRITICAL_VOLTAGE, Reason: Bus voltage below threshold: 0.18 < 25.50
2025-07-11 04:29:38,141 - INFO - [AUDIT] - Decision: RECOVER_EPS, Reason: Critical voltage, Mode: Nominal
2025-07-11 04:29:38,141 - INFO - [AUDIT] - Rule Activated: CRITICAL_VOLTAGE, Reason: Bus voltage below threshold: 0.18 < 25.50
2025-07-11 04:29:38,141 - INFO - [AUDIT] - Decision: RECOVER_EPS, Reason: Critical voltage, Mode: Nominal
2025-07-11 04:29:38,141 - INFO - [AUDIT] - Rule Activated: CRITICAL_VOLTAGE, Reason: Bus voltage below threshold: 0.18 < 25.50
2025-07-11 04:29:38,141 - INFO - [AUDIT] - Decision: RECOVER_EPS, Reason: Critical voltage, Mode: Nominal
2025-07-11 04:29:38,141 - INFO - [AUDIT] - Rule Activated: CRITICAL_VOLTAGE, Reason: Bus voltage below threshold: 0.18 < 25.50
2025-07-11 04:29:38,141 - INFO - [AUDIT] - Decision: RECOVER_EPS, Reason: Critical voltage, Mode: Nominal
2025-07-11 04:29:38,142 - INFO - [AUDIT] - Rule Activated: CRITICAL_VOLTAGE, Reason: Bus voltage below threshold: 0.18 < 25.50
2025-07-11 04:29:38,142 - INFO - [AUDIT] - Decision: RECOVER_EPS, Reason: Critical voltage, Mode: Nominal
2025-07-11 04:29:38,142 - INFO - [AUDIT] - Rule Activated: CRITICAL_VOLTAGE, Reason: Bus voltage below threshold: 0.18 < 25.50
2025-07-11 04:29:38,142 - INFO - [AUDIT] - Decision: RECOVER_EPS, Reason: Critical voltage, Mode: Nominal
2025-07-11 04:29:38,142 - INFO - [AUDIT] - Rule Activated: CRITICAL_VOLTAGE, Reason: Bus voltage below threshold: 0.18 < 25.50
2025-07-11 04:29:38,142 - INFO - [AUDIT] - Decision: RECOVER_EPS, Reason: Critical voltage, Mode: Nominal
2025-07-11 04:29:38,142 - INFO - [AUDIT] - Rule Activated: CRITICAL_VOLTAGE, Reason: Bus voltage below threshold: 0.18 < 25.50
2025-07-11 04:29:38,142 - INFO - [AUDIT] - Decision: RECOVER_EPS, Reason: Critical voltage, Mode: Nominal
2025-07-11 04:29:38,142 - INFO - [AUDIT] - Rule Activated: CRITICAL_VOLTAGE, Reason: Bus voltage below threshold: 0.18 < 25.50
2025-07-11 04:29:38,142 - INFO - [AUDIT] - Decision: RECOVER_EPS, Reason: Critical voltage, Mode: Nominal
2025-07-11 04:29:38,142 - INFO - [AUDIT] - Rule Activated: CRITICAL_VOLTAGE, Reason: Bus voltage below threshold: 0.18 < 25.50
2025-07-11 04:29:38,142 - INFO - [AUDIT] - Decision: RECOVER_EPS, Reason: Critical voltage, Mode: Nominal
2025-07-11 04:29:38,143 - INFO - [AUDIT] - Rule Activated: CRITICAL_VOLTAGE, Reason: Bus voltage below threshold: 0.18 < 25.50
2025-07-11 04:29:38,143 - INFO - [AUDIT] - Decision: RECOVER_EPS, Reason: Critical voltage, Mode: Nominal
2025-07-11 04:29:38,143 - INFO - [AUDIT] - Rule Activated: CRITICAL_VOLTAGE, Reason: Bus voltage below threshold: 0.18 < 25.50
2025-07-11 04:29:38,143 - INFO - [AUDIT] - Decision: RECOVER_EPS, Reason: Critical voltage, Mode: Nominal
2025-07-11 04:29:38,143 - INFO - [AUDIT] - Rule Activated: CRITICAL_VOLTAGE, Reason: Bus voltage below threshold: 0.18 < 25.50
2025-07-11 04:29:38,143 - INFO - [AUDIT] - Decision: RECOVER_EPS, Reason: Critical voltage, Mode: Nominal
2025-07-11 04:29:38,143 - INFO - [AUDIT] - Rule Activated: CRITICAL_VOLTAGE, Reason: Bus voltage below threshold: 0.18 < 25.50
2025-07-11 04:29:38,143 - INFO - [AUDIT] - Decision: RECOVER_EPS, Reason: Critical voltage, Mode: Nominal
2025-07-11 04:29:38,143 - INFO - [AUDIT] - Rule Activated: CRITICAL_VOLTAGE, Reason: Bus voltage below threshold: 0.18 < 25.50
2025-07-11 04:29:38,143 - INFO - [AUDIT] - Decision: RECOVER_EPS, Reason: Critical voltage, Mode: Nominal
2025-07-11 04:29:38,143 - INFO - [AUDIT] - Rule Activated: CRITICAL_VOLTAGE, Reason: Bus voltage below threshold: 0.18 < 25.50
2025-07-11 04:29:38,143 - INFO - [AUDIT] - Decision: RECOVER_EPS, Reason: Critical voltage, Mode: Nominal
2025-07-11 04:29:38,143 - INFO - [AUDIT] - Rule Activated: CRITICAL_VOLTAGE, Reason: Bus voltage below threshold: 0.18 < 25.50
2025-07-11 04:29:38,143 - INFO - [AUDIT] - Decision: RECOVER_EPS, Reason: Critical voltage, Mode: Nominal
2025-07-11 04:29:38,144 - INFO - [AUDIT] - Rule Activated: CRITICAL_VOLTAGE, Reason: Bus voltage below threshold: 0.18 < 25.50
2025-07-11 04:29:38,144 - INFO - [AUDIT] - Decision: RECOVER_EPS, Reason: Critical voltage, Mode: Nominal
2025-07-11 04:29:38,145 - INFO - [AUDIT] - Rule Activated: CRITICAL_VOLTAGE, Reason: Bus voltage below threshold: 0.18 < 25.50
2025-07-11 04:29:38,145 - INFO - [AUDIT] - Decision: RECOVER_EPS, Reason: Critical voltage, Mode: Nominal
2025-07-11 04:29:38,145 - INFO - [AUDIT] - Rule Activated: CRITICAL_VOLTAGE, Reason: Bus voltage below threshold: 0.18 < 25.50
2025-07-11 04:29:38,145 - INFO - [AUDIT] - Decision: RECOVER_EPS, Reason: Critical voltage, Mode: Nominal
2025-07-11 04:29:38,145 - INFO - [AUDIT] - Rule Activated: CRITICAL_VOLTAGE, Reason: Bus voltage below threshold: 0.18 < 25.50
2025-07-11 04:29:38,145 - INFO - [AUDIT] - Decision: RECOVER_EPS, Reason: Critical voltage, Mode: Nominal
2025-07-11 04:29:38,145 - INFO - [AUDIT] - Rule Activated: CRITICAL_VOLTAGE, Reason: Bus voltage below threshold: 0.18 < 25.50
2025-07-11 04:29:38,145 - INFO - [AUDIT] - Decision: RECOVER_EPS, Reason: Critical voltage, Mode: Nominal
2025-07-11 04:29:38,145 - INFO - [AUDIT] - Rule Activated: CRITICAL_VOLTAGE, Reason: Bus voltage below threshold: 0.18 < 25.50
2025-07-11 04:29:38,145 - INFO - [AUDIT] - Decision: RECOVER_EPS, Reason: Critical voltage, Mode: Nominal
2025-07-11 04:29:38,146 - INFO - [AUDIT] - Rule Activated: CRITICAL_VOLTAGE, Reason: Bus voltage below threshold: 0.18 < 25.50
2025-07-11 04:29:38,146 - INFO - [AUDIT] - Decision: RECOVER_EPS, Reason: Critical voltage, Mode: Nominal
2025-07-11 04:29:38,146 - INFO - [AUDIT] - Rule Activated: CRITICAL_VOLTAGE, Reason: Bus voltage below threshold: 0.18 < 25.50
2025-07-11 04:29:38,146 - INFO - [AUDIT] - Decision: RECOVER_EPS, Reason: Critical voltage, Mode: Nominal
2025-07-11 04:29:38,146 - INFO - [AUDIT] - Rule Activated: CRITICAL_VOLTAGE, Reason: Bus voltage below threshold: 0.18 < 25.50
2025-07-11 04:29:38,146 - INFO - [AUDIT] - Decision: RECOVER_EPS, Reason: Critical voltage, Mode: Nominal
2025-07-11 04:29:38,146 - INFO - [AUDIT] - Rule Activated: CRITICAL_VOLTAGE, Reason: Bus voltage below threshold: 0.18 < 25.50
2025-07-11 04:29:38,146 - INFO - [AUDIT] - Decision: RECOVER_EPS, Reason: Critical voltage, Mode: Nominal
2025-07-11 04:29:38,146 - INFO - [AUDIT] - Rule Activated: CRITICAL_VOLTAGE, Reason: Bus voltage below threshold: 0.18 < 25.50
2025-07-11 04:29:38,146 - INFO - [AUDIT] - Decision: RECOVER_EPS, Reason: Critical voltage, Mode: Nominal
2025-07-11 04:29:38,146 - INFO - [AUDIT] - Rule Activated: CRITICAL_VOLTAGE, Reason: Bus voltage below threshold: 0.18 < 25.50
2025-07-11 04:29:38,146 - INFO - [AUDIT] - Decision: RECOVER_EPS, Reason: Critical voltage, Mode: Nominal
2025-07-11 04:29:38,147 - INFO - [AUDIT] - Rule Activated: CRITICAL_VOLTAGE, Reason: Bus voltage below threshold: 0.18 < 25.50
2025-07-11 04:29:38,147 - INFO - [AUDIT] - Decision: RECOVER_EPS, Reason: Critical voltage, Mode: Nominal
2025-07-11 04:29:38,147 - INFO - [AUDIT] - Rule Activated: CRITICAL_VOLTAGE, Reason: Bus voltage below threshold: 0.18 < 25.50
2025-07-11 04:29:38,147 - INFO - [AUDIT] - Decision: RECOVER_EPS, Reason: Critical voltage, Mode: Nominal
2025-07-11 04:29:38,147 - INFO - [AUDIT] - Rule Activated: CRITICAL_VOLTAGE, Reason: Bus voltage below threshold: 0.18 < 25.50
2025-07-11 04:29:38,147 - INFO - [AUDIT] - Decision: RECOVER_EPS, Reason: Critical voltage, Mode: Nominal
2025-07-11 04:29:38,147 - INFO - [AUDIT] - Rule Activated: CRITICAL_VOLTAGE, Reason: Bus voltage below threshold: 0.18 < 25.50
2025-07-11 04:29:38,147 - INFO - [AUDIT] - Decision: RECOVER_EPS, Reason: Critical voltage, Mode: Nominal
2025-07-11 04:29:38,147 - INFO - [AUDIT] - Rule Activated: CRITICAL_VOLTAGE, Reason: Bus voltage below threshold: 0.18 < 25.50
2025-07-11 04:29:38,147 - INFO - [AUDIT] - Decision: RECOVER_EPS, Reason: Critical voltage, Mode: Nominal
2025-07-11 04:29:38,147 - INFO - [AUDIT] - Rule Activated: CRITICAL_VOLTAGE, Reason: Bus voltage below threshold: 0.18 < 25.50
2025-07-11 04:29:38,147 - INFO - [AUDIT] - Decision: RECOVER_EPS, Reason: Critical voltage, Mode: Nominal
2025-07-11 04:29:38,148 - INFO - [AUDIT] - Rule Activated: CRITICAL_VOLTAGE, Reason: Bus voltage below threshold: 0.18 < 25.50
2025-07-11 04:29:38,148 - INFO - [AUDIT] - Decision: RECOVER_EPS, Reason: Critical voltage, Mode: Nominal
2025-07-11 04:29:38,148 - INFO - [AUDIT] - Rule Activated: CRITICAL_VOLTAGE, Reason: Bus voltage below threshold: 0.18 < 25.50
2025-07-11 04:29:38,148 - INFO - [AUDIT] - Decision: RECOVER_EPS, Reason: Critical voltage, Mode: Nominal
2025-07-11 04:29:38,148 - INFO - [AUDIT] - Rule Activated: CRITICAL_VOLTAGE, Reason: Bus voltage below threshold: 0.18 < 25.50
2025-07-11 04:29:38,148 - INFO - [AUDIT] - Decision: RECOVER_EPS, Reason: Critical voltage, Mode: Nominal
2025-07-11 04:29:38,148 - INFO - [AUDIT] - Rule Activated: CRITICAL_VOLTAGE, Reason: Bus voltage below threshold: 0.18 < 25.50
2025-07-11 04:29:38,148 - INFO - [AUDIT] - Decision: RECOVER_EPS, Reason: Critical voltage, Mode: Nominal
2025-07-11 04:29:38,148 - INFO - [AUDIT] - Rule Activated: CRITICAL_VOLTAGE, Reason: Bus voltage below threshold: 0.18 < 25.50
2025-07-11 04:29:38,148 - INFO - [AUDIT] - Decision: RECOVER_EPS, Reason: Critical voltage, Mode: Nominal
2025-07-11 04:29:38,148 - INFO - [AUDIT] - Rule Activated: CRITICAL_VOLTAGE, Reason: Bus voltage below threshold: 0.18 < 25.50
2025-07-11 04:29:38,148 - INFO - [AUDIT] - Decision: RECOVER_EPS, Reason: Critical voltage, Mode: Nominal
2025-07-11 04:29:38,149 - INFO - [AUDIT] - Rule Activated: CRITICAL_VOLTAGE, Reason: Bus voltage below threshold: 0.18 < 25.50
2025-07-11 04:29:38,149 - INFO - [AUDIT] - Decision: RECOVER_EPS, Reason: Critical voltage, Mode: Nominal
2025-07-11 04:29:38,149 - INFO - [AUDIT] - Rule Activated: CRITICAL_VOLTAGE, Reason: Bus voltage below threshold: 0.18 < 25.50
2025-07-11 04:29:38,149 - INFO - [AUDIT] - Decision: RECOVER_EPS, Reason: Critical voltage, Mode: Nominal
2025-07-11 04:29:38,149 - INFO - [AUDIT] - Rule Activated: CRITICAL_VOLTAGE, Reason: Bus voltage below threshold: 0.18 < 25.50
2025-07-11 04:29:38,149 - INFO - [AUDIT] - Decision: RECOVER_EPS, Reason: Critical voltage, Mode: Nominal
2025-07-11 04:29:38,149 - INFO - [AUDIT] - Rule Activated: CRITICAL_VOLTAGE, Reason: Bus voltage below threshold: 0.18 < 25.50
2025-07-11 04:29:38,149 - INFO - [AUDIT] - Decision: RECOVER_EPS, Reason: Critical voltage, Mode: Nominal
2025-07-11 04:29:38,149 - INFO - [AUDIT] - Rule Activated: CRITICAL_VOLTAGE, Reason: Bus voltage below threshold: 0.18 < 25.50
2025-07-11 04:29:38,149 - INFO - [AUDIT] - Decision: RECOVER_EPS, Reason: Critical voltage, Mode: Nominal
2025-07-11 04:29:38,149 - INFO - [AUDIT] - Rule Activated: CRITICAL_VOLTAGE, Reason: Bus voltage below threshold: 0.18 < 25.50
2025-07-11 04:29:38,149 - INFO - [AUDIT] - Decision: RECOVER_EPS, Reason: Critical voltage, Mode: Nominal
2025-07-11 04:29:38,150 - INFO - [AUDIT] - Rule Activated: CRITICAL_VOLTAGE, Reason: Bus voltage below threshold: 0.18 < 25.50
2025-07-11 04:29:38,150 - INFO - [AUDIT] - Decision: RECOVER_EPS, Reason: Critical voltage, Mode: Nominal
2025-07-11 04:29:38,150 - INFO - [AUDIT] - Rule Activated: CRITICAL_VOLTAGE, Reason: Bus voltage below threshold: 0.18 < 25.50
2025-07-11 04:29:38,150 - INFO - [AUDIT] - Decision: RECOVER_EPS, Reason: Critical voltage, Mode: Nominal
2025-07-11 04:29:38,150 - INFO - [AUDIT] - Rule Activated: CRITICAL_VOLTAGE, Reason: Bus voltage below threshold: 0.18 < 25.50
2025-07-11 04:29:38,150 - INFO - [AUDIT] - Decision: RECOVER_EPS, Reason: Critical voltage, Mode: Nominal
2025-07-11 04:29:38,150 - INFO - [AUDIT] - Rule Activated: CRITICAL_VOLTAGE, Reason: Bus voltage below threshold: 0.18 < 25.50
2025-07-11 04:29:38,150 - INFO - [AUDIT] - Decision: RECOVER_EPS, Reason: Critical voltage, Mode: Nominal
2025-07-11 04:29:38,150 - INFO - [AUDIT] - Rule Activated: CRITICAL_VOLTAGE, Reason: Bus voltage below threshold: 0.18 < 25.50
2025-07-11 04:29:38,150 - INFO - [AUDIT] - Decision: RECOVER_EPS, Reason: Critical voltage, Mode: Nominal
2025-07-11 04:29:38,150 - INFO - [AUDIT] - Rule Activated: CRITICAL_VOLTAGE, Reason: Bus voltage below threshold: 0.18 < 25.50
2025-07-11 04:29:38,150 - INFO - [AUDIT] - Decision: RECOVER_EPS, Reason: Critical voltage, Mode: Nominal
2025-07-11 04:29:38,151 - INFO - [AUDIT] - Rule Activated: CRITICAL_VOLTAGE, Reason: Bus voltage below threshold: 0.18 < 25.50
2025-07-11 04:29:38,151 - INFO - [AUDIT] - Decision: RECOVER_EPS, Reason: Critical voltage, Mode: Nominal
2025-07-11 04:29:38,151 - INFO - [AUDIT] - Rule Activated: CRITICAL_VOLTAGE, Reason: Bus voltage below threshold: 0.18 < 25.50
2025-07-11 04:29:38,151 - INFO - [AUDIT] - Decision: RECOVER_EPS, Reason: Critical voltage, Mode: Nominal
2025-07-11 04:29:38,151 - INFO - [AUDIT] - Rule Activated: CRITICAL_VOLTAGE, Reason: Bus voltage below threshold: 0.18 < 25.50
2025-07-11 04:29:38,151 - INFO - [AUDIT] - Decision: RECOVER_EPS, Reason: Critical voltage, Mode: Nominal
2025-07-11 04:29:38,151 - INFO - [AUDIT] - Rule Activated: CRITICAL_VOLTAGE, Reason: Bus voltage below threshold: 0.18 < 25.50
2025-07-11 04:29:38,151 - INFO - [AUDIT] - Decision: RECOVER_EPS, Reason: Critical voltage, Mode: Nominal
2025-07-11 04:29:38,151 - INFO - [AUDIT] - Rule Activated: CRITICAL_VOLTAGE, Reason: Bus voltage below threshold: 0.18 < 25.50
2025-07-11 04:29:38,151 - INFO - [AUDIT] - Decision: RECOVER_EPS, Reason: Critical voltage, Mode: Nominal
2025-07-11 04:29:38,151 - INFO - [AUDIT] - Rule Activated: CRITICAL_VOLTAGE, Reason: Bus voltage below threshold: 0.18 < 25.50
2025-07-11 04:29:38,151 - INFO - [AUDIT] - Decision: RECOVER_EPS, Reason: Critical voltage, Mode: Nominal
2025-07-11 04:29:38,151 - INFO - [AUDIT] - Rule Activated: CRITICAL_VOLTAGE, Reason: Bus voltage below threshold: 0.18 < 25.50
2025-07-11 04:29:38,151 - INFO - [AUDIT] - Decision: RECOVER_EPS, Reason: Critical voltage, Mode: Nominal
2025-07-11 04:29:38,152 - INFO - [AUDIT] - Rule Activated: CRITICAL_VOLTAGE, Reason: Bus voltage below threshold: 0.18 < 25.50
2025-07-11 04:29:38,152 - INFO - [AUDIT] - Decision: RECOVER_EPS, Reason: Critical voltage, Mode: Nominal
2025-07-11 04:29:38,152 - INFO - [AUDIT] - Rule Activated: CRITICAL_VOLTAGE, Reason: Bus voltage below threshold: 0.18 < 25.50
2025-07-11 04:29:38,152 - INFO - [AUDIT] - Decision: RECOVER_EPS, Reason: Critical voltage, Mode: Nominal
2025-07-11 04:29:38,152 - INFO - [AUDIT] - Rule Activated: CRITICAL_VOLTAGE, Reason: Bus voltage below threshold: 0.18 < 25.50
2025-07-11 04:29:38,152 - INFO - [AUDIT] - Decision: RECOVER_EPS, Reason: Critical voltage, Mode: Nominal
2025-07-11 04:29:38,152 - INFO - [AUDIT] - Rule Activated: CRITICAL_VOLTAGE, Reason: Bus voltage below threshold: 0.18 < 25.50
2025-07-11 04:29:38,152 - INFO - [AUDIT] - Decision: RECOVER_EPS, Reason: Critical voltage, Mode: Nominal
2025-07-11 04:29:38,152 - INFO - [AUDIT] - Rule Activated: CRITICAL_VOLTAGE, Reason: Bus voltage below threshold: 0.18 < 25.50
2025-07-11 04:29:38,152 - INFO - [AUDIT] - Decision: RECOVER_EPS, Reason: Critical voltage, Mode: Nominal
2025-07-11 04:29:38,152 - INFO - [AUDIT] - Rule Activated: CRITICAL_VOLTAGE, Reason: Bus voltage below threshold: 0.18 < 25.50
2025-07-11 04:29:38,152 - INFO - [AUDIT] - Decision: RECOVER_EPS, Reason: Critical voltage, Mode: Nominal
2025-07-11 04:29:38,153 - INFO - [AUDIT] - Rule Activated: CRITICAL_VOLTAGE, Reason: Bus voltage below threshold: 0.18 < 25.50
2025-07-11 04:29:38,153 - INFO - [AUDIT] - Decision: RECOVER_EPS, Reason: Critical voltage, Mode: Nominal
2025-07-11 04:29:38,153 - INFO - [AUDIT] - Rule Activated: CRITICAL_VOLTAGE, Reason: Bus voltage below threshold: 0.18 < 25.50
2025-07-11 04:29:38,153 - INFO - [AUDIT] - Decision: RECOVER_EPS, Reason: Critical voltage, Mode: Nominal
2025-07-11 04:29:38,153 - INFO - [AUDIT] - Rule Activated: CRITICAL_VOLTAGE, Reason: Bus voltage below threshold: 0.18 < 25.50
2025-07-11 04:29:38,153 - INFO - [AUDIT] - Decision: RECOVER_EPS, Reason: Critical voltage, Mode: Nominal
2025-07-11 04:29:38,153 - INFO - [AUDIT] - Rule Activated: CRITICAL_VOLTAGE, Reason: Bus voltage below threshold: 0.18 < 25.50
2025-07-11 04:29:38,153 - INFO - [AUDIT] - Decision: RECOVER_EPS, Reason: Critical voltage, Mode: Nominal
2025-07-11 04:29:38,153 - INFO - [AUDIT] - Rule Activated: CRITICAL_VOLTAGE, Reason: Bus voltage below threshold: 0.18 < 25.50
2025-07-11 04:29:38,153 - INFO - [AUDIT] - Decision: RECOVER_EPS, Reason: Critical voltage, Mode: Nominal
2025-07-11 04:29:38,153 - INFO - [AUDIT] - Rule Activated: CRITICAL_VOLTAGE, Reason: Bus voltage below threshold: 0.18 < 25.50
2025-07-11 04:29:38,153 - INFO - [AUDIT] - Decision: RECOVER_EPS, Reason: Critical voltage, Mode: Nominal
2025-07-11 04:29:38,154 - INFO - [AUDIT] - Rule Activated: CRITICAL_VOLTAGE, Reason: Bus voltage below threshold: 0.18 < 25.50
2025-07-11 04:29:38,154 - INFO - [AUDIT] - Decision: RECOVER_EPS, Reason: Critical voltage, Mode: Nominal
2025-07-11 04:29:38,154 - INFO - [AUDIT] - Rule Activated: CRITICAL_VOLTAGE, Reason: Bus voltage below threshold: 0.18 < 25.50
2025-07-11 04:29:38,154 - INFO - [AUDIT] - Decision: RECOVER_EPS, Reason: Critical voltage, Mode: Nominal
2025-07-11 04:29:38,154 - INFO - [AUDIT] - Rule Activated: CRITICAL_VOLTAGE, Reason: Bus voltage below threshold: 0.18 < 25.50
2025-07-11 04:29:38,154 - INFO - [AUDIT] - Decision: RECOVER_EPS, Reason: Critical voltage, Mode: Nominal
2025-07-11 04:29:38,154 - INFO - [AUDIT] - Rule Activated: CRITICAL_VOLTAGE, Reason: Bus voltage below threshold: 0.18 < 25.50
2025-07-11 04:29:38,154 - INFO - [AUDIT] - Decision: RECOVER_EPS, Reason: Critical voltage, Mode: Nominal
2025-07-11 04:29:38,154 - INFO - [AUDIT] - Rule Activated: CRITICAL_VOLTAGE, Reason: Bus voltage below threshold: 0.18 < 25.50
2025-07-11 04:29:38,154 - INFO - [AUDIT] - Decision: RECOVER_EPS, Reason: Critical voltage, Mode: Nominal
2025-07-11 04:29:38,154 - INFO - [AUDIT] - Rule Activated: CRITICAL_VOLTAGE, Reason: Bus voltage below threshold: 0.18 < 25.50
2025-07-11 04:29:38,154 - INFO - [AUDIT] - Decision: RECOVER_EPS, Reason: Critical voltage, Mode: Nominal
2025-07-11 04:29:38,155 - INFO - [AUDIT] - Rule Activated: CRITICAL_VOLTAGE, Reason: Bus voltage below threshold: 0.18 < 25.50
2025-07-11 04:29:38,155 - INFO - [AUDIT] - Decision: RECOVER_EPS, Reason: Critical voltage, Mode: Nominal
2025-07-11 04:29:38,155 - INFO - [AUDIT] - Rule Activated: CRITICAL_VOLTAGE, Reason: Bus voltage below threshold: 0.18 < 25.50
2025-07-11 04:29:38,155 - INFO - [AUDIT] - Decision: RECOVER_EPS, Reason: Critical voltage, Mode: Nominal
2025-07-11 04:29:38,155 - INFO - [AUDIT] - Rule Activated: CRITICAL_VOLTAGE, Reason: Bus voltage below threshold: 0.18 < 25.50
2025-07-11 04:29:38,155 - INFO - [AUDIT] - Decision: RECOVER_EPS, Reason: Critical voltage, Mode: Nominal
2025-07-11 04:29:38,155 - INFO - [AUDIT] - Rule Activated: CRITICAL_VOLTAGE, Reason: Bus voltage below threshold: 0.18 < 25.50
2025-07-11 04:29:38,155 - INFO - [AUDIT] - Decision: RECOVER_EPS, Reason: Critical voltage, Mode: Nominal
2025-07-11 04:29:38,155 - INFO - [AUDIT] - Rule Activated: CRITICAL_VOLTAGE, Reason: Bus voltage below threshold: 0.18 < 25.50
2025-07-11 04:29:38,155 - INFO - [AUDIT] - Decision: RECOVER_EPS, Reason: Critical voltage, Mode: Nominal
2025-07-11 04:29:38,155 - INFO - [AUDIT] - Rule Activated: CRITICAL_VOLTAGE, Reason: Bus voltage below threshold: 0.18 < 25.50
2025-07-11 04:29:38,156 - INFO - [AUDIT] - Decision: RECOVER_EPS, Reason: Critical voltage, Mode: Nominal
2025-07-11 04:29:38,156 - INFO - [AUDIT] - Rule Activated: CRITICAL_VOLTAGE, Reason: Bus voltage below threshold: 0.18 < 25.50
2025-07-11 04:29:38,156 - INFO - [AUDIT] - Decision: RECOVER_EPS, Reason: Critical voltage, Mode: Nominal
2025-07-11 04:29:38,156 - INFO - [AUDIT] - Rule Activated: CRITICAL_VOLTAGE, Reason: Bus voltage below threshold: 0.18 < 25.50
2025-07-11 04:29:38,156 - INFO - [AUDIT] - Decision: RECOVER_EPS, Reason: Critical voltage, Mode: Nominal
2025-07-11 04:29:38,156 - INFO - [AUDIT] - Rule Activated: CRITICAL_VOLTAGE, Reason: Bus voltage below threshold: 0.18 < 25.50
2025-07-11 04:29:38,156 - INFO - [AUDIT] - Decision: RECOVER_EPS, Reason: Critical voltage, Mode: Nominal
2025-07-11 04:29:38,156 - INFO - [AUDIT] - Rule Activated: CRITICAL_VOLTAGE, Reason: Bus voltage below threshold: 0.18 < 25.50
2025-07-11 04:29:38,156 - INFO - [AUDIT] - Decision: RECOVER_EPS, Reason: Critical voltage, Mode: Nominal
2025-07-11 04:29:38,156 - INFO - [AUDIT] - Rule Activated: CRITICAL_VOLTAGE, Reason: Bus voltage below threshold: 0.18 < 25.50
2025-07-11 04:29:38,156 - INFO - [AUDIT] - Decision: RECOVER_EPS, Reason: Critical voltage, Mode: Nominal
2025-07-11 04:29:38,156 - INFO - [AUDIT] - Rule Activated: CRITICAL_VOLTAGE, Reason: Bus voltage below threshold: 0.18 < 25.50
2025-07-11 04:29:38,157 - INFO - [AUDIT] - Decision: RECOVER_EPS, Reason: Critical voltage, Mode: Nominal
2025-07-11 04:29:38,157 - INFO - [AUDIT] - Rule Activated: CRITICAL_VOLTAGE, Reason: Bus voltage below threshold: 0.18 < 25.50
2025-07-11 04:29:38,157 - INFO - [AUDIT] - Decision: RECOVER_EPS, Reason: Critical voltage, Mode: Nominal
2025-07-11 04:29:38,157 - INFO - [AUDIT] - Rule Activated: CRITICAL_VOLTAGE, Reason: Bus voltage below threshold: 0.18 < 25.50
2025-07-11 04:29:38,157 - INFO - [AUDIT] - Decision: RECOVER_EPS, Reason: Critical voltage, Mode: Nominal
2025-07-11 04:29:38,157 - INFO - [AUDIT] - Rule Activated: CRITICAL_VOLTAGE, Reason: Bus voltage below threshold: 0.18 < 25.50
2025-07-11 04:29:38,157 - INFO - [AUDIT] - Decision: RECOVER_EPS, Reason: Critical voltage, Mode: Nominal
2025-07-11 04:29:38,157 - INFO - [AUDIT] - Rule Activated: CRITICAL_VOLTAGE, Reason: Bus voltage below threshold: 0.18 < 25.50
2025-07-11 04:29:38,157 - INFO - [AUDIT] - Decision: RECOVER_EPS, Reason: Critical voltage, Mode: Nominal
2025-07-11 04:29:38,157 - INFO - [AUDIT] - Rule Activated: CRITICAL_VOLTAGE, Reason: Bus voltage below threshold: 0.18 < 25.50
2025-07-11 04:29:38,157 - INFO - [AUDIT] - Decision: RECOVER_EPS, Reason: Critical voltage, Mode: Nominal
2025-07-11 04:29:38,158 - INFO - [AUDIT] - Rule Activated: CRITICAL_VOLTAGE, Reason: Bus voltage below threshold: 0.18 < 25.50
2025-07-11 04:29:38,158 - INFO - [AUDIT] - Decision: RECOVER_EPS, Reason: Critical voltage, Mode: Nominal
2025-07-11 04:29:38,158 - INFO - [AUDIT] - Rule Activated: CRITICAL_VOLTAGE, Reason: Bus voltage below threshold: 0.18 < 25.50
2025-07-11 04:29:38,158 - INFO - [AUDIT] - Decision: RECOVER_EPS, Reason: Critical voltage, Mode: Nominal
2025-07-11 04:29:38,158 - INFO - [AUDIT] - Rule Activated: CRITICAL_VOLTAGE, Reason: Bus voltage below threshold: 0.18 < 25.50
2025-07-11 04:29:38,158 - INFO - [AUDIT] - Decision: RECOVER_EPS, Reason: Critical voltage, Mode: Nominal
2025-07-11 04:29:38,158 - INFO - [AUDIT] - Rule Activated: CRITICAL_VOLTAGE, Reason: Bus voltage below threshold: 0.18 < 25.50
2025-07-11 04:29:38,158 - INFO - [AUDIT] - Decision: RECOVER_EPS, Reason: Critical voltage, Mode: Nominal
2025-07-11 04:29:38,158 - INFO - [AUDIT] - Rule Activated: CRITICAL_VOLTAGE, Reason: Bus voltage below threshold: 0.18 < 25.50
2025-07-11 04:29:38,158 - INFO - [AUDIT] - Decision: RECOVER_EPS, Reason: Critical voltage, Mode: Nominal
2025-07-11 04:29:38,158 - INFO - [AUDIT] - Rule Activated: CRITICAL_VOLTAGE, Reason: Bus voltage below threshold: 0.18 < 25.50
2025-07-11 04:29:38,158 - INFO - [AUDIT] - Decision: RECOVER_EPS, Reason: Critical voltage, Mode: Nominal
2025-07-11 04:29:38,158 - INFO - [AUDIT] - Rule Activated: CRITICAL_VOLTAGE, Reason: Bus voltage below threshold: 0.18 < 25.50
2025-07-11 04:29:38,158 - INFO - [AUDIT] - Decision: RECOVER_EPS, Reason: Critical voltage, Mode: Nominal
2025-07-11 04:29:38,159 - INFO - [AUDIT] - Rule Activated: CRITICAL_VOLTAGE, Reason: Bus voltage below threshold: 0.18 < 25.50
2025-07-11 04:29:38,159 - INFO - [AUDIT] - Decision: RECOVER_EPS, Reason: Critical voltage, Mode: Nominal
2025-07-11 04:29:38,159 - INFO - [AUDIT] - Rule Activated: CRITICAL_VOLTAGE, Reason: Bus voltage below threshold: 0.18 < 25.50
2025-07-11 04:29:38,159 - INFO - [AUDIT] - Decision: RECOVER_EPS, Reason: Critical voltage, Mode: Nominal
2025-07-11 04:29:38,159 - INFO - [AUDIT] - Rule Activated: CRITICAL_VOLTAGE, Reason: Bus voltage below threshold: 0.18 < 25.50
2025-07-11 04:29:38,159 - INFO - [AUDIT] - Decision: RECOVER_EPS, Reason: Critical voltage, Mode: Nominal
2025-07-11 04:29:38,159 - INFO - [AUDIT] - Rule Activated: CRITICAL_VOLTAGE, Reason: Bus voltage below threshold: 0.18 < 25.50
2025-07-11 04:29:38,159 - INFO - [AUDIT] - Decision: RECOVER_EPS, Reason: Critical voltage, Mode: Nominal
2025-07-11 04:29:38,159 - INFO - [AUDIT] - Rule Activated: CRITICAL_VOLTAGE, Reason: Bus voltage below threshold: 0.18 < 25.50
2025-07-11 04:29:38,159 - INFO - [AUDIT] - Decision: RECOVER_EPS, Reason: Critical voltage, Mode: Nominal
2025-07-11 04:29:38,160 - INFO - [AUDIT] - Rule Activated: CRITICAL_VOLTAGE, Reason: Bus voltage below threshold: 0.18 < 25.50
2025-07-11 04:29:38,160 - INFO - [AUDIT] - Decision: RECOVER_EPS, Reason: Critical voltage, Mode: Nominal
2025-07-11 04:29:38,160 - INFO - [AUDIT] - Rule Activated: CRITICAL_VOLTAGE, Reason: Bus voltage below threshold: 0.18 < 25.50
2025-07-11 04:29:38,160 - INFO - [AUDIT] - Decision: RECOVER_EPS, Reason: Critical voltage, Mode: Nominal
2025-07-11 04:29:38,160 - INFO - [AUDIT] - Rule Activated: CRITICAL_VOLTAGE, Reason: Bus voltage below threshold: 0.18 < 25.50
2025-07-11 04:29:38,160 - INFO - [AUDIT] - Decision: RECOVER_EPS, Reason: Critical voltage, Mode: Nominal
2025-07-11 04:29:38,160 - INFO - [AUDIT] - Rule Activated: CRITICAL_VOLTAGE, Reason: Bus voltage below threshold: 0.18 < 25.50
2025-07-11 04:29:38,160 - INFO - [AUDIT] - Decision: RECOVER_EPS, Reason: Critical voltage, Mode: Nominal
2025-07-11 04:29:38,160 - INFO - [AUDIT] - Rule Activated: CRITICAL_VOLTAGE, Reason: Bus voltage below threshold: 0.00 < 25.50
2025-07-11 04:29:38,160 - INFO - [AUDIT] - Decision: RECOVER_EPS, Reason: Critical voltage, Mode: Nominal
2025-07-11 04:29:38,161 - INFO - [AUDIT] - Rule Activated: CRITICAL_VOLTAGE, Reason: Bus voltage below threshold: 0.18 < 25.50
2025-07-11 04:29:38,161 - INFO - [AUDIT] - Decision: RECOVER_EPS, Reason: Critical voltage, Mode: Nominal
2025-07-11 04:29:38,161 - INFO - [AUDIT] - Rule Activated: CRITICAL_VOLTAGE, Reason: Bus voltage below threshold: 0.18 < 25.50
2025-07-11 04:29:38,161 - INFO - [AUDIT] - Decision: RECOVER_EPS, Reason: Critical voltage, Mode: Nominal
2025-07-11 04:29:38,161 - INFO - [AUDIT] - Rule Activated: CRITICAL_VOLTAGE, Reason: Bus voltage below threshold: 0.18 < 25.50
2025-07-11 04:29:38,161 - INFO - [AUDIT] - Decision: RECOVER_EPS, Reason: Critical voltage, Mode: Nominal
2025-07-11 04:29:38,161 - INFO - [AUDIT] - Rule Activated: CRITICAL_VOLTAGE, Reason: Bus voltage below threshold: 0.18 < 25.50
2025-07-11 04:29:38,161 - INFO - [AUDIT] - Decision: RECOVER_EPS, Reason: Critical voltage, Mode: Nominal
2025-07-11 04:29:38,161 - INFO - [AUDIT] - Rule Activated: CRITICAL_VOLTAGE, Reason: Bus voltage below threshold: 0.18 < 25.50
2025-07-11 04:29:38,161 - INFO - [AUDIT] - Decision: RECOVER_EPS, Reason: Critical voltage, Mode: Nominal
2025-07-11 04:29:38,161 - INFO - [AUDIT] - Rule Activated: CRITICAL_VOLTAGE, Reason: Bus voltage below threshold: 0.18 < 25.50
2025-07-11 04:29:38,161 - INFO - [AUDIT] - Decision: RECOVER_EPS, Reason: Critical voltage, Mode: Nominal
2025-07-11 04:29:38,162 - INFO - [AUDIT] - Rule Activated: CRITICAL_VOLTAGE, Reason: Bus voltage below threshold: 0.18 < 25.50
2025-07-11 04:29:38,162 - INFO - [AUDIT] - Decision: RECOVER_EPS, Reason: Critical voltage, Mode: Nominal
2025-07-11 04:29:38,162 - INFO - [AUDIT] - Rule Activated: CRITICAL_VOLTAGE, Reason: Bus voltage below threshold: 0.18 < 25.50
2025-07-11 04:29:38,162 - INFO - [AUDIT] - Decision: RECOVER_EPS, Reason: Critical voltage, Mode: Nominal
2025-07-11 04:29:38,162 - INFO - [AUDIT] - Rule Activated: CRITICAL_VOLTAGE, Reason: Bus voltage below threshold: 0.18 < 25.50
2025-07-11 04:29:38,162 - INFO - [AUDIT] - Decision: RECOVER_EPS, Reason: Critical voltage, Mode: Nominal
2025-07-11 04:29:38,162 - INFO - [AUDIT] - Rule Activated: CRITICAL_VOLTAGE, Reason: Bus voltage below threshold: 0.18 < 25.50
2025-07-11 04:29:38,162 - INFO - [AUDIT] - Decision: RECOVER_EPS, Reason: Critical voltage, Mode: Nominal
2025-07-11 04:29:38,162 - INFO - [AUDIT] - Rule Activated: CRITICAL_VOLTAGE, Reason: Bus voltage below threshold: 0.18 < 25.50
2025-07-11 04:29:38,162 - INFO - [AUDIT] - Decision: RECOVER_EPS, Reason: Critical voltage, Mode: Nominal
2025-07-11 04:29:38,163 - INFO - [AUDIT] - Rule Activated: CRITICAL_VOLTAGE, Reason: Bus voltage below threshold: 0.18 < 25.50
2025-07-11 04:29:38,163 - INFO - [AUDIT] - Decision: RECOVER_EPS, Reason: Critical voltage, Mode: Nominal
2025-07-11 04:29:38,163 - INFO - [AUDIT] - Rule Activated: CRITICAL_VOLTAGE, Reason: Bus voltage below threshold: 0.18 < 25.50
2025-07-11 04:29:38,163 - INFO - [AUDIT] - Decision: RECOVER_EPS, Reason: Critical voltage, Mode: Nominal
2025-07-11 04:29:38,164 - INFO - [AUDIT] - Rule Activated: CRITICAL_VOLTAGE, Reason: Bus voltage below threshold: 0.18 < 25.50
2025-07-11 04:29:38,164 - INFO - [AUDIT] - Decision: RECOVER_EPS, Reason: Critical voltage, Mode: Nominal
2025-07-11 04:29:38,164 - INFO - [AUDIT] - Rule Activated: CRITICAL_VOLTAGE, Reason: Bus voltage below threshold: 0.18 < 25.50
2025-07-11 04:29:38,164 - INFO - [AUDIT] - Decision: RECOVER_EPS, Reason: Critical voltage, Mode: Nominal
2025-07-11 04:29:38,164 - INFO - [AUDIT] - Rule Activated: CRITICAL_VOLTAGE, Reason: Bus voltage below threshold: 0.18 < 25.50
2025-07-11 04:29:38,164 - INFO - [AUDIT] - Decision: RECOVER_EPS, Reason: Critical voltage, Mode: Nominal
2025-07-11 04:29:38,165 - INFO - [AUDIT] - Rule Activated: CRITICAL_VOLTAGE, Reason: Bus voltage below threshold: 0.18 < 25.50
2025-07-11 04:29:38,165 - INFO - [AUDIT] - Decision: RECOVER_EPS, Reason: Critical voltage, Mode: Nominal
2025-07-11 04:29:38,165 - INFO - [AUDIT] - Rule Activated: CRITICAL_VOLTAGE, Reason: Bus voltage below threshold: 0.18 < 25.50
2025-07-11 04:29:38,165 - INFO - [AUDIT] - Decision: RECOVER_EPS, Reason: Critical voltage, Mode: Nominal
2025-07-11 04:29:38,165 - INFO - [AUDIT] - Rule Activated: CRITICAL_VOLTAGE, Reason: Bus voltage below threshold: 0.18 < 25.50
2025-07-11 04:29:38,165 - INFO - [AUDIT] - Decision: RECOVER_EPS, Reason: Critical voltage, Mode: Nominal
2025-07-11 04:29:38,165 - INFO - [AUDIT] - Rule Activated: CRITICAL_VOLTAGE, Reason: Bus voltage below threshold: 0.18 < 25.50
2025-07-11 04:29:38,165 - INFO - [AUDIT] - Decision: RECOVER_EPS, Reason: Critical voltage, Mode: Nominal
2025-07-11 04:29:38,165 - INFO - [AUDIT] - Rule Activated: CRITICAL_VOLTAGE, Reason: Bus voltage below threshold: 0.18 < 25.50
2025-07-11 04:29:38,165 - INFO - [AUDIT] - Decision: RECOVER_EPS, Reason: Critical voltage, Mode: Nominal
2025-07-11 04:29:38,165 - INFO - [AUDIT] - Rule Activated: CRITICAL_VOLTAGE, Reason: Bus voltage below threshold: 0.18 < 25.50
2025-07-11 04:29:38,165 - INFO - [AUDIT] - Decision: RECOVER_EPS, Reason: Critical voltage, Mode: Nominal
2025-07-11 04:29:38,166 - INFO - [AUDIT] - Rule Activated: CRITICAL_VOLTAGE, Reason: Bus voltage below threshold: 0.18 < 25.50
2025-07-11 04:29:38,166 - INFO - [AUDIT] - Decision: RECOVER_EPS, Reason: Critical voltage, Mode: Nominal
2025-07-11 04:29:38,166 - INFO - [AUDIT] - Rule Activated: CRITICAL_VOLTAGE, Reason: Bus voltage below threshold: 0.18 < 25.50
2025-07-11 04:29:38,166 - INFO - [AUDIT] - Decision: RECOVER_EPS, Reason: Critical voltage, Mode: Nominal
2025-07-11 04:29:38,166 - INFO - [AUDIT] - Rule Activated: CRITICAL_VOLTAGE, Reason: Bus voltage below threshold: 0.18 < 25.50
2025-07-11 04:29:38,166 - INFO - [AUDIT] - Decision: RECOVER_EPS, Reason: Critical voltage, Mode: Nominal
2025-07-11 04:29:38,166 - INFO - [AUDIT] - Rule Activated: CRITICAL_VOLTAGE, Reason: Bus voltage below threshold: 0.18 < 25.50
2025-07-11 04:29:38,166 - INFO - [AUDIT] - Decision: RECOVER_EPS, Reason: Critical voltage, Mode: Nominal
2025-07-11 04:29:38,166 - INFO - [AUDIT] - Rule Activated: CRITICAL_VOLTAGE, Reason: Bus voltage below threshold: 0.18 < 25.50
2025-07-11 04:29:38,166 - INFO - [AUDIT] - Decision: RECOVER_EPS, Reason: Critical voltage, Mode: Nominal
2025-07-11 04:29:38,166 - INFO - [AUDIT] - Rule Activated: CRITICAL_VOLTAGE, Reason: Bus voltage below threshold: 0.18 < 25.50
2025-07-11 04:29:38,166 - INFO - [AUDIT] - Decision: RECOVER_EPS, Reason: Critical voltage, Mode: Nominal
2025-07-11 04:29:38,167 - INFO - [AUDIT] - Rule Activated: CRITICAL_VOLTAGE, Reason: Bus voltage below threshold: 0.18 < 25.50
2025-07-11 04:29:38,167 - INFO - [AUDIT] - Decision: RECOVER_EPS, Reason: Critical voltage, Mode: Nominal
2025-07-11 04:29:38,167 - INFO - [AUDIT] - Rule Activated: CRITICAL_VOLTAGE, Reason: Bus voltage below threshold: 0.18 < 25.50
2025-07-11 04:29:38,167 - INFO - [AUDIT] - Decision: RECOVER_EPS, Reason: Critical voltage, Mode: Nominal
2025-07-11 04:29:38,167 - INFO - [AUDIT] - Rule Activated: CRITICAL_VOLTAGE, Reason: Bus voltage below threshold: 0.18 < 25.50
2025-07-11 04:29:38,167 - INFO - [AUDIT] - Decision: RECOVER_EPS, Reason: Critical voltage, Mode: Nominal
2025-07-11 04:29:38,167 - INFO - [AUDIT] - Rule Activated: CRITICAL_VOLTAGE, Reason: Bus voltage below threshold: 0.18 < 25.50
2025-07-11 04:29:38,167 - INFO - [AUDIT] - Decision: RECOVER_EPS, Reason: Critical voltage, Mode: Nominal
2025-07-11 04:29:38,167 - INFO - [AUDIT] - Rule Activated: CRITICAL_VOLTAGE, Reason: Bus voltage below threshold: 0.18 < 25.50
2025-07-11 04:29:38,167 - INFO - [AUDIT] - Decision: RECOVER_EPS, Reason: Critical voltage, Mode: Nominal
2025-07-11 04:29:38,167 - INFO - [AUDIT] - Rule Activated: CRITICAL_VOLTAGE, Reason: Bus voltage below threshold: 0.18 < 25.50
2025-07-11 04:29:38,167 - INFO - [AUDIT] - Decision: RECOVER_EPS, Reason: Critical voltage, Mode: Nominal
2025-07-11 04:29:38,167 - INFO - [AUDIT] - Rule Activated: CRITICAL_VOLTAGE, Reason: Bus voltage below threshold: 0.18 < 25.50
2025-07-11 04:29:38,167 - INFO - [AUDIT] - Decision: RECOVER_EPS, Reason: Critical voltage, Mode: Nominal
2025-07-11 04:29:38,168 - INFO - [AUDIT] - Rule Activated: CRITICAL_VOLTAGE, Reason: Bus voltage below threshold: 0.18 < 25.50
2025-07-11 04:29:38,168 - INFO - [AUDIT] - Decision: RECOVER_EPS, Reason: Critical voltage, Mode: Nominal
2025-07-11 04:29:38,168 - INFO - [AUDIT] - Rule Activated: CRITICAL_VOLTAGE, Reason: Bus voltage below threshold: 0.18 < 25.50
2025-07-11 04:29:38,168 - INFO - [AUDIT] - Decision: RECOVER_EPS, Reason: Critical voltage, Mode: Nominal
2025-07-11 04:29:38,168 - INFO - [AUDIT] - Rule Activated: CRITICAL_VOLTAGE, Reason: Bus voltage below threshold: 0.18 < 25.50
2025-07-11 04:29:38,168 - INFO - [AUDIT] - Decision: RECOVER_EPS, Reason: Critical voltage, Mode: Nominal
2025-07-11 04:29:38,168 - INFO - [AUDIT] - Rule Activated: CRITICAL_VOLTAGE, Reason: Bus voltage below threshold: 0.18 < 25.50
2025-07-11 04:29:38,168 - INFO - [AUDIT] - Decision: RECOVER_EPS, Reason: Critical voltage, Mode: Nominal
2025-07-11 04:29:38,168 - INFO - [AUDIT] - Rule Activated: CRITICAL_VOLTAGE, Reason: Bus voltage below threshold: 0.18 < 25.50
2025-07-11 04:29:38,168 - INFO - [AUDIT] - Decision: RECOVER_EPS, Reason: Critical voltage, Mode: Nominal
2025-07-11 04:29:38,169 - INFO - [AUDIT] - Rule Activated: CRITICAL_VOLTAGE, Reason: Bus voltage below threshold: 0.18 < 25.50
2025-07-11 04:29:38,169 - INFO - [AUDIT] - Decision: RECOVER_EPS, Reason: Critical voltage, Mode: Nominal
2025-07-11 04:29:38,169 - INFO - [AUDIT] - Rule Activated: CRITICAL_VOLTAGE, Reason: Bus voltage below threshold: 0.18 < 25.50
2025-07-11 04:29:38,169 - INFO - [AUDIT] - Decision: RECOVER_EPS, Reason: Critical voltage, Mode: Nominal
2025-07-11 04:29:38,169 - INFO - [AUDIT] - Rule Activated: CRITICAL_VOLTAGE, Reason: Bus voltage below threshold: 0.18 < 25.50
2025-07-11 04:29:38,169 - INFO - [AUDIT] - Decision: RECOVER_EPS, Reason: Critical voltage, Mode: Nominal
2025-07-11 04:29:38,169 - INFO - [AUDIT] - Rule Activated: CRITICAL_VOLTAGE, Reason: Bus voltage below threshold: 0.18 < 25.50
2025-07-11 04:29:38,169 - INFO - [AUDIT] - Decision: RECOVER_EPS, Reason: Critical voltage, Mode: Nominal
2025-07-11 04:29:38,169 - INFO - [AUDIT] - Rule Activated: CRITICAL_VOLTAGE, Reason: Bus voltage below threshold: 0.18 < 25.50
2025-07-11 04:29:38,169 - INFO - [AUDIT] - Decision: RECOVER_EPS, Reason: Critical voltage, Mode: Nominal
2025-07-11 04:29:38,169 - INFO - [AUDIT] - Rule Activated: CRITICAL_VOLTAGE, Reason: Bus voltage below threshold: 0.18 < 25.50
2025-07-11 04:29:38,169 - INFO - [AUDIT] - Decision: RECOVER_EPS, Reason: Critical voltage, Mode: Nominal
2025-07-11 04:29:38,170 - INFO - [AUDIT] - Rule Activated: CRITICAL_VOLTAGE, Reason: Bus voltage below threshold: 0.18 < 25.50
2025-07-11 04:29:38,170 - INFO - [AUDIT] - Decision: RECOVER_EPS, Reason: Critical voltage, Mode: Nominal
2025-07-11 04:29:38,170 - INFO - [AUDIT] - Rule Activated: CRITICAL_VOLTAGE, Reason: Bus voltage below threshold: 0.18 < 25.50
2025-07-11 04:29:38,170 - INFO - [AUDIT] - Decision: RECOVER_EPS, Reason: Critical voltage, Mode: Nominal
2025-07-11 04:29:38,170 - INFO - [AUDIT] - Rule Activated: CRITICAL_VOLTAGE, Reason: Bus voltage below threshold: 0.18 < 25.50
2025-07-11 04:29:38,170 - INFO - [AUDIT] - Decision: RECOVER_EPS, Reason: Critical voltage, Mode: Nominal
2025-07-11 04:29:38,170 - INFO - [AUDIT] - Rule Activated: CRITICAL_VOLTAGE, Reason: Bus voltage below threshold: 0.18 < 25.50
2025-07-11 04:29:38,170 - INFO - [AUDIT] - Decision: RECOVER_EPS, Reason: Critical voltage, Mode: Nominal
2025-07-11 04:29:38,170 - INFO - [AUDIT] - Rule Activated: CRITICAL_VOLTAGE, Reason: Bus voltage below threshold: 0.18 < 25.50
2025-07-11 04:29:38,170 - INFO - [AUDIT] - Decision: RECOVER_EPS, Reason: Critical voltage, Mode: Nominal
2025-07-11 04:29:38,170 - INFO - [AUDIT] - Rule Activated: CRITICAL_VOLTAGE, Reason: Bus voltage below threshold: 0.18 < 25.50
2025-07-11 04:29:38,170 - INFO - [AUDIT] - Decision: RECOVER_EPS, Reason: Critical voltage, Mode: Nominal
2025-07-11 04:29:38,170 - INFO - [AUDIT] - Rule Activated: CRITICAL_VOLTAGE, Reason: Bus voltage below threshold: 0.18 < 25.50
2025-07-11 04:29:38,171 - INFO - [AUDIT] - Decision: RECOVER_EPS, Reason: Critical voltage, Mode: Nominal
2025-07-11 04:29:38,171 - INFO - [AUDIT] - Rule Activated: CRITICAL_VOLTAGE, Reason: Bus voltage below threshold: 0.18 < 25.50
2025-07-11 04:29:38,171 - INFO - [AUDIT] - Decision: RECOVER_EPS, Reason: Critical voltage, Mode: Nominal
2025-07-11 04:29:38,171 - INFO - [AUDIT] - Rule Activated: CRITICAL_VOLTAGE, Reason: Bus voltage below threshold: 0.18 < 25.50
2025-07-11 04:29:38,171 - INFO - [AUDIT] - Decision: RECOVER_EPS, Reason: Critical voltage, Mode: Nominal
2025-07-11 04:29:38,171 - INFO - [AUDIT] - Rule Activated: CRITICAL_VOLTAGE, Reason: Bus voltage below threshold: 0.18 < 25.50
2025-07-11 04:29:38,171 - INFO - [AUDIT] - Decision: RECOVER_EPS, Reason: Critical voltage, Mode: Nominal
2025-07-11 04:29:38,171 - INFO - [AUDIT] - Rule Activated: CRITICAL_VOLTAGE, Reason: Bus voltage below threshold: 0.18 < 25.50
2025-07-11 04:29:38,171 - INFO - [AUDIT] - Decision: RECOVER_EPS, Reason: Critical voltage, Mode: Nominal
2025-07-11 04:29:38,171 - INFO - [AUDIT] - Rule Activated: CRITICAL_VOLTAGE, Reason: Bus voltage below threshold: 0.18 < 25.50
2025-07-11 04:29:38,171 - INFO - [AUDIT] - Decision: RECOVER_EPS, Reason: Critical voltage, Mode: Nominal
2025-07-11 04:29:38,172 - INFO - [AUDIT] - Rule Activated: CRITICAL_VOLTAGE, Reason: Bus voltage below threshold: 0.18 < 25.50
2025-07-11 04:29:38,172 - INFO - [AUDIT] - Decision: RECOVER_EPS, Reason: Critical voltage, Mode: Nominal
2025-07-11 04:29:38,172 - INFO - [AUDIT] - Rule Activated: CRITICAL_VOLTAGE, Reason: Bus voltage below threshold: 0.18 < 25.50
2025-07-11 04:29:38,172 - INFO - [AUDIT] - Decision: RECOVER_EPS, Reason: Critical voltage, Mode: Nominal
2025-07-11 04:29:38,172 - INFO - [AUDIT] - Rule Activated: CRITICAL_VOLTAGE, Reason: Bus voltage below threshold: 0.18 < 25.50
2025-07-11 04:29:38,172 - INFO - [AUDIT] - Decision: RECOVER_EPS, Reason: Critical voltage, Mode: Nominal
2025-07-11 04:29:38,172 - INFO - [AUDIT] - Rule Activated: CRITICAL_VOLTAGE, Reason: Bus voltage below threshold: 0.18 < 25.50
2025-07-11 04:29:38,172 - INFO - [AUDIT] - Decision: RECOVER_EPS, Reason: Critical voltage, Mode: Nominal
2025-07-11 04:29:38,172 - INFO - [AUDIT] - Rule Activated: CRITICAL_VOLTAGE, Reason: Bus voltage below threshold: 0.18 < 25.50
2025-07-11 04:29:38,172 - INFO - [AUDIT] - Decision: RECOVER_EPS, Reason: Critical voltage, Mode: Nominal
2025-07-11 04:29:38,172 - INFO - [AUDIT] - Rule Activated: CRITICAL_VOLTAGE, Reason: Bus voltage below threshold: 0.18 < 25.50
2025-07-11 04:29:38,172 - INFO - [AUDIT] - Decision: RECOVER_EPS, Reason: Critical voltage, Mode: Nominal
2025-07-11 04:29:38,172 - INFO - [AUDIT] - Rule Activated: CRITICAL_VOLTAGE, Reason: Bus voltage below threshold: 0.18 < 25.50
2025-07-11 04:29:38,172 - INFO - [AUDIT] - Decision: RECOVER_EPS, Reason: Critical voltage, Mode: Nominal
2025-07-11 04:29:38,173 - INFO - [AUDIT] - Rule Activated: CRITICAL_VOLTAGE, Reason: Bus voltage below threshold: 0.18 < 25.50
2025-07-11 04:29:38,173 - INFO - [AUDIT] - Decision: RECOVER_EPS, Reason: Critical voltage, Mode: Nominal
2025-07-11 04:29:38,173 - INFO - [AUDIT] - Rule Activated: CRITICAL_VOLTAGE, Reason: Bus voltage below threshold: 0.18 < 25.50
2025-07-11 04:29:38,173 - INFO - [AUDIT] - Decision: RECOVER_EPS, Reason: Critical voltage, Mode: Nominal
2025-07-11 04:29:38,173 - INFO - [AUDIT] - Rule Activated: CRITICAL_VOLTAGE, Reason: Bus voltage below threshold: 0.18 < 25.50
2025-07-11 04:29:38,173 - INFO - [AUDIT] - Decision: RECOVER_EPS, Reason: Critical voltage, Mode: Nominal
2025-07-11 04:29:38,173 - INFO - [AUDIT] - Rule Activated: CRITICAL_VOLTAGE, Reason: Bus voltage below threshold: 0.18 < 25.50
2025-07-11 04:29:38,173 - INFO - [AUDIT] - Decision: RECOVER_EPS, Reason: Critical voltage, Mode: Nominal
2025-07-11 04:29:38,173 - INFO - [AUDIT] - Rule Activated: CRITICAL_VOLTAGE, Reason: Bus voltage below threshold: 0.18 < 25.50
2025-07-11 04:29:38,173 - INFO - [AUDIT] - Decision: RECOVER_EPS, Reason: Critical voltage, Mode: Nominal
2025-07-11 04:29:38,173 - INFO - [AUDIT] - Rule Activated: CRITICAL_VOLTAGE, Reason: Bus voltage below threshold: 0.18 < 25.50
2025-07-11 04:29:38,174 - INFO - [AUDIT] - Decision: RECOVER_EPS, Reason: Critical voltage, Mode: Nominal
2025-07-11 04:29:38,174 - INFO - [AUDIT] - Rule Activated: CRITICAL_VOLTAGE, Reason: Bus voltage below threshold: 0.18 < 25.50
2025-07-11 04:29:38,174 - INFO - [AUDIT] - Decision: RECOVER_EPS, Reason: Critical voltage, Mode: Nominal
2025-07-11 04:29:38,174 - INFO - [AUDIT] - Rule Activated: CRITICAL_VOLTAGE, Reason: Bus voltage below threshold: 0.18 < 25.50
2025-07-11 04:29:38,174 - INFO - [AUDIT] - Decision: RECOVER_EPS, Reason: Critical voltage, Mode: Nominal
2025-07-11 04:29:38,174 - INFO - [AUDIT] - Rule Activated: CRITICAL_VOLTAGE, Reason: Bus voltage below threshold: 0.18 < 25.50
2025-07-11 04:29:38,174 - INFO - [AUDIT] - Decision: RECOVER_EPS, Reason: Critical voltage, Mode: Nominal
2025-07-11 04:29:38,174 - INFO - [AUDIT] - Rule Activated: CRITICAL_VOLTAGE, Reason: Bus voltage below threshold: 0.18 < 25.50
2025-07-11 04:29:38,174 - INFO - [AUDIT] - Decision: RECOVER_EPS, Reason: Critical voltage, Mode: Nominal
2025-07-11 04:29:38,174 - INFO - [AUDIT] - Rule Activated: CRITICAL_VOLTAGE, Reason: Bus voltage below threshold: 0.18 < 25.50
2025-07-11 04:29:38,175 - INFO - [AUDIT] - Decision: RECOVER_EPS, Reason: Critical voltage, Mode: Nominal
2025-07-11 04:29:38,175 - INFO - [AUDIT] - Rule Activated: CRITICAL_VOLTAGE, Reason: Bus voltage below threshold: 0.18 < 25.50
2025-07-11 04:29:38,175 - INFO - [AUDIT] - Decision: RECOVER_EPS, Reason: Critical voltage, Mode: Nominal
2025-07-11 04:29:38,175 - INFO - [AUDIT] - Rule Activated: CRITICAL_VOLTAGE, Reason: Bus voltage below threshold: 0.18 < 25.50
2025-07-11 04:29:38,175 - INFO - [AUDIT] - Decision: RECOVER_EPS, Reason: Critical voltage, Mode: Nominal
2025-07-11 04:29:38,175 - INFO - [AUDIT] - Rule Activated: CRITICAL_VOLTAGE, Reason: Bus voltage below threshold: 0.18 < 25.50
2025-07-11 04:29:38,175 - INFO - [AUDIT] - Decision: RECOVER_EPS, Reason: Critical voltage, Mode: Nominal
2025-07-11 04:29:38,176 - INFO - [AUDIT] - Rule Activated: CRITICAL_VOLTAGE, Reason: Bus voltage below threshold: 0.18 < 25.50
2025-07-11 04:29:38,176 - INFO - [AUDIT] - Decision: RECOVER_EPS, Reason: Critical voltage, Mode: Nominal
2025-07-11 04:29:38,176 - INFO - [AUDIT] - Rule Activated: CRITICAL_VOLTAGE, Reason: Bus voltage below threshold: 0.18 < 25.50
2025-07-11 04:29:38,176 - INFO - [AUDIT] - Decision: RECOVER_EPS, Reason: Critical voltage, Mode: Nominal
2025-07-11 04:29:38,176 - INFO - [AUDIT] - Rule Activated: CRITICAL_VOLTAGE, Reason: Bus voltage below threshold: 0.18 < 25.50
2025-07-11 04:29:38,176 - INFO - [AUDIT] - Decision: RECOVER_EPS, Reason: Critical voltage, Mode: Nominal
2025-07-11 04:29:38,176 - INFO - [AUDIT] - Rule Activated: CRITICAL_VOLTAGE, Reason: Bus voltage below threshold: 0.18 < 25.50
2025-07-11 04:29:38,176 - INFO - [AUDIT] - Decision: RECOVER_EPS, Reason: Critical voltage, Mode: Nominal
2025-07-11 04:29:38,177 - INFO - [AUDIT] - Rule Activated: CRITICAL_VOLTAGE, Reason: Bus voltage below threshold: 0.18 < 25.50
2025-07-11 04:29:38,177 - INFO - [AUDIT] - Decision: RECOVER_EPS, Reason: Critical voltage, Mode: Nominal
2025-07-11 04:29:38,177 - INFO - [AUDIT] - Rule Activated: CRITICAL_VOLTAGE, Reason: Bus voltage below threshold: 0.18 < 25.50
2025-07-11 04:29:38,177 - INFO - [AUDIT] - Decision: RECOVER_EPS, Reason: Critical voltage, Mode: Nominal
2025-07-11 04:29:38,177 - INFO - [AUDIT] - Rule Activated: CRITICAL_VOLTAGE, Reason: Bus voltage below threshold: 0.18 < 25.50
2025-07-11 04:29:38,177 - INFO - [AUDIT] - Decision: RECOVER_EPS, Reason: Critical voltage, Mode: Nominal
2025-07-11 04:29:38,177 - INFO - [AUDIT] - Rule Activated: CRITICAL_VOLTAGE, Reason: Bus voltage below threshold: 0.18 < 25.50
2025-07-11 04:29:38,177 - INFO - [AUDIT] - Decision: RECOVER_EPS, Reason: Critical voltage, Mode: Nominal
2025-07-11 04:29:38,177 - INFO - [AUDIT] - Rule Activated: CRITICAL_VOLTAGE, Reason: Bus voltage below threshold: 0.18 < 25.50
2025-07-11 04:29:38,177 - INFO - [AUDIT] - Decision: RECOVER_EPS, Reason: Critical voltage, Mode: Nominal
2025-07-11 04:29:38,177 - INFO - [AUDIT] - Rule Activated: CRITICAL_VOLTAGE, Reason: Bus voltage below threshold: 0.18 < 25.50
2025-07-11 04:29:38,177 - INFO - [AUDIT] - Decision: RECOVER_EPS, Reason: Critical voltage, Mode: Nominal
2025-07-11 04:29:38,178 - INFO - [AUDIT] - Rule Activated: CRITICAL_VOLTAGE, Reason: Bus voltage below threshold: 0.18 < 25.50
2025-07-11 04:29:38,178 - INFO - [AUDIT] - Decision: RECOVER_EPS, Reason: Critical voltage, Mode: Nominal
2025-07-11 04:29:38,178 - INFO - [AUDIT] - Rule Activated: CRITICAL_VOLTAGE, Reason: Bus voltage below threshold: 0.18 < 25.50
2025-07-11 04:29:38,178 - INFO - [AUDIT] - Decision: RECOVER_EPS, Reason: Critical voltage, Mode: Nominal
2025-07-11 04:29:38,178 - INFO - [AUDIT] - Rule Activated: CRITICAL_VOLTAGE, Reason: Bus voltage below threshold: 0.18 < 25.50
2025-07-11 04:29:38,178 - INFO - [AUDIT] - Decision: RECOVER_EPS, Reason: Critical voltage, Mode: Nominal
2025-07-11 04:29:38,178 - INFO - [AUDIT] - Rule Activated: CRITICAL_VOLTAGE, Reason: Bus voltage below threshold: 0.18 < 25.50
2025-07-11 04:29:38,178 - INFO - [AUDIT] - Decision: RECOVER_EPS, Reason: Critical voltage, Mode: Nominal
2025-07-11 04:29:38,178 - INFO - [AUDIT] - Rule Activated: CRITICAL_VOLTAGE, Reason: Bus voltage below threshold: 0.18 < 25.50
2025-07-11 04:29:38,178 - INFO - [AUDIT] - Decision: RECOVER_EPS, Reason: Critical voltage, Mode: Nominal
2025-07-11 04:29:38,178 - INFO - [AUDIT] - Rule Activated: CRITICAL_VOLTAGE, Reason: Bus voltage below threshold: 0.18 < 25.50
2025-07-11 04:29:38,178 - INFO - [AUDIT] - Decision: RECOVER_EPS, Reason: Critical voltage, Mode: Nominal
2025-07-11 04:29:38,179 - INFO - [AUDIT] - Rule Activated: CRITICAL_VOLTAGE, Reason: Bus voltage below threshold: 0.18 < 25.50
2025-07-11 04:29:38,179 - INFO - [AUDIT] - Decision: RECOVER_EPS, Reason: Critical voltage, Mode: Nominal
2025-07-11 04:29:38,179 - INFO - [AUDIT] - Rule Activated: CRITICAL_VOLTAGE, Reason: Bus voltage below threshold: 0.18 < 25.50
2025-07-11 04:29:38,179 - INFO - [AUDIT] - Decision: RECOVER_EPS, Reason: Critical voltage, Mode: Nominal
2025-07-11 04:29:38,179 - INFO - [AUDIT] - Rule Activated: CRITICAL_VOLTAGE, Reason: Bus voltage below threshold: 0.18 < 25.50
2025-07-11 04:29:38,179 - INFO - [AUDIT] - Decision: RECOVER_EPS, Reason: Critical voltage, Mode: Nominal
2025-07-11 04:29:38,179 - INFO - [AUDIT] - Rule Activated: CRITICAL_VOLTAGE, Reason: Bus voltage below threshold: 0.18 < 25.50
2025-07-11 04:29:38,179 - INFO - [AUDIT] - Decision: RECOVER_EPS, Reason: Critical voltage, Mode: Nominal
2025-07-11 04:29:38,180 - INFO - [AUDIT] - Rule Activated: CRITICAL_VOLTAGE, Reason: Bus voltage below threshold: 0.18 < 25.50
2025-07-11 04:29:38,180 - INFO - [AUDIT] - Decision: RECOVER_EPS, Reason: Critical voltage, Mode: Nominal
2025-07-11 04:29:38,180 - INFO - [AUDIT] - Rule Activated: CRITICAL_VOLTAGE, Reason: Bus voltage below threshold: 0.18 < 25.50
2025-07-11 04:29:38,180 - INFO - [AUDIT] - Decision: RECOVER_EPS, Reason: Critical voltage, Mode: Nominal
2025-07-11 04:29:38,180 - INFO - [AUDIT] - Rule Activated: CRITICAL_VOLTAGE, Reason: Bus voltage below threshold: 0.18 < 25.50
2025-07-11 04:29:38,180 - INFO - [AUDIT] - Decision: RECOVER_EPS, Reason: Critical voltage, Mode: Nominal
2025-07-11 04:29:38,180 - INFO - [AUDIT] - Rule Activated: CRITICAL_VOLTAGE, Reason: Bus voltage below threshold: 0.18 < 25.50
2025-07-11 04:29:38,180 - INFO - [AUDIT] - Decision: RECOVER_EPS, Reason: Critical voltage, Mode: Nominal
2025-07-11 04:29:38,180 - INFO - [AUDIT] - Rule Activated: CRITICAL_VOLTAGE, Reason: Bus voltage below threshold: 0.18 < 25.50
2025-07-11 04:29:38,180 - INFO - [AUDIT] - Decision: RECOVER_EPS, Reason: Critical voltage, Mode: Nominal
2025-07-11 04:29:38,180 - INFO - [AUDIT] - Rule Activated: CRITICAL_VOLTAGE, Reason: Bus voltage below threshold: 0.18 < 25.50
2025-07-11 04:29:38,180 - INFO - [AUDIT] - Decision: RECOVER_EPS, Reason: Critical voltage, Mode: Nominal
2025-07-11 04:29:38,180 - INFO - [AUDIT] - Rule Activated: CRITICAL_VOLTAGE, Reason: Bus voltage below threshold: 0.18 < 25.50
2025-07-11 04:29:38,180 - INFO - [AUDIT] - Decision: RECOVER_EPS, Reason: Critical voltage, Mode: Nominal
2025-07-11 04:29:38,181 - INFO - [AUDIT] - Rule Activated: CRITICAL_VOLTAGE, Reason: Bus voltage below threshold: 0.18 < 25.50
2025-07-11 04:29:38,181 - INFO - [AUDIT] - Decision: RECOVER_EPS, Reason: Critical voltage, Mode: Nominal
2025-07-11 04:29:38,181 - INFO - [AUDIT] - Rule Activated: CRITICAL_VOLTAGE, Reason: Bus voltage below threshold: 0.18 < 25.50
2025-07-11 04:29:38,181 - INFO - [AUDIT] - Decision: RECOVER_EPS, Reason: Critical voltage, Mode: Nominal
2025-07-11 04:29:38,181 - INFO - [AUDIT] - Rule Activated: CRITICAL_VOLTAGE, Reason: Bus voltage below threshold: 0.18 < 25.50
2025-07-11 04:29:38,181 - INFO - [AUDIT] - Decision: RECOVER_EPS, Reason: Critical voltage, Mode: Nominal
2025-07-11 04:29:38,181 - INFO - [AUDIT] - Rule Activated: CRITICAL_VOLTAGE, Reason: Bus voltage below threshold: 0.18 < 25.50
2025-07-11 04:29:38,181 - INFO - [AUDIT] - Decision: RECOVER_EPS, Reason: Critical voltage, Mode: Nominal
2025-07-11 04:29:38,181 - INFO - [AUDIT] - Rule Activated: CRITICAL_VOLTAGE, Reason: Bus voltage below threshold: 0.18 < 25.50
2025-07-11 04:29:38,181 - INFO - [AUDIT] - Decision: RECOVER_EPS, Reason: Critical voltage, Mode: Nominal
2025-07-11 04:29:38,181 - INFO - [AUDIT] - Rule Activated: CRITICAL_VOLTAGE, Reason: Bus voltage below threshold: 0.18 < 25.50
2025-07-11 04:29:38,181 - INFO - [AUDIT] - Decision: RECOVER_EPS, Reason: Critical voltage, Mode: Nominal
2025-07-11 04:29:38,182 - INFO - [AUDIT] - Rule Activated: CRITICAL_VOLTAGE, Reason: Bus voltage below threshold: 0.18 < 25.50
2025-07-11 04:29:38,182 - INFO - [AUDIT] - Decision: RECOVER_EPS, Reason: Critical voltage, Mode: Nominal
2025-07-11 04:29:38,182 - INFO - [AUDIT] - Rule Activated: CRITICAL_VOLTAGE, Reason: Bus voltage below threshold: 0.18 < 25.50
2025-07-11 04:29:38,182 - INFO - [AUDIT] - Decision: RECOVER_EPS, Reason: Critical voltage, Mode: Nominal
2025-07-11 04:29:38,182 - INFO - [AUDIT] - Rule Activated: CRITICAL_VOLTAGE, Reason: Bus voltage below threshold: 0.18 < 25.50
2025-07-11 04:29:38,182 - INFO - [AUDIT] - Decision: RECOVER_EPS, Reason: Critical voltage, Mode: Nominal
2025-07-11 04:29:38,182 - INFO - [AUDIT] - Rule Activated: CRITICAL_VOLTAGE, Reason: Bus voltage below threshold: 0.18 < 25.50
2025-07-11 04:29:38,182 - INFO - [AUDIT] - Decision: RECOVER_EPS, Reason: Critical voltage, Mode: Nominal
2025-07-11 04:29:38,182 - INFO - [AUDIT] - Rule Activated: CRITICAL_VOLTAGE, Reason: Bus voltage below threshold: 0.18 < 25.50
2025-07-11 04:29:38,182 - INFO - [AUDIT] - Decision: RECOVER_EPS, Reason: Critical voltage, Mode: Nominal
2025-07-11 04:29:38,182 - INFO - [AUDIT] - Rule Activated: CRITICAL_VOLTAGE, Reason: Bus voltage below threshold: 0.18 < 25.50
2025-07-11 04:29:38,182 - INFO - [AUDIT] - Decision: RECOVER_EPS, Reason: Critical voltage, Mode: Nominal
2025-07-11 04:29:38,183 - INFO - [AUDIT] - Rule Activated: CRITICAL_VOLTAGE, Reason: Bus voltage below threshold: 0.18 < 25.50
2025-07-11 04:29:38,183 - INFO - [AUDIT] - Decision: RECOVER_EPS, Reason: Critical voltage, Mode: Nominal
2025-07-11 04:29:38,183 - INFO - [AUDIT] - Rule Activated: CRITICAL_VOLTAGE, Reason: Bus voltage below threshold: 0.18 < 25.50
2025-07-11 04:29:38,183 - INFO - [AUDIT] - Decision: RECOVER_EPS, Reason: Critical voltage, Mode: Nominal
2025-07-11 04:29:38,183 - INFO - [AUDIT] - Rule Activated: CRITICAL_VOLTAGE, Reason: Bus voltage below threshold: 0.18 < 25.50
2025-07-11 04:29:38,183 - INFO - [AUDIT] - Decision: RECOVER_EPS, Reason: Critical voltage, Mode: Nominal
2025-07-11 04:29:38,183 - INFO - [AUDIT] - Rule Activated: CRITICAL_VOLTAGE, Reason: Bus voltage below threshold: 0.18 < 25.50
2025-07-11 04:29:38,183 - INFO - [AUDIT] - Decision: RECOVER_EPS, Reason: Critical voltage, Mode: Nominal
2025-07-11 04:29:38,183 - INFO - [AUDIT] - Rule Activated: CRITICAL_VOLTAGE, Reason: Bus voltage below threshold: 0.18 < 25.50
2025-07-11 04:29:38,183 - INFO - [AUDIT] - Decision: RECOVER_EPS, Reason: Critical voltage, Mode: Nominal
2025-07-11 04:29:38,183 - INFO - [AUDIT] - Rule Activated: CRITICAL_VOLTAGE, Reason: Bus voltage below threshold: 0.18 < 25.50
2025-07-11 04:29:38,183 - INFO - [AUDIT] - Decision: RECOVER_EPS, Reason: Critical voltage, Mode: Nominal
2025-07-11 04:29:38,184 - INFO - [AUDIT] - Rule Activated: CRITICAL_VOLTAGE, Reason: Bus voltage below threshold: 0.18 < 25.50
2025-07-11 04:29:38,184 - INFO - [AUDIT] - Decision: RECOVER_EPS, Reason: Critical voltage, Mode: Nominal
2025-07-11 04:29:38,184 - INFO - [AUDIT] - Rule Activated: CRITICAL_VOLTAGE, Reason: Bus voltage below threshold: 0.18 < 25.50
2025-07-11 04:29:38,184 - INFO - [AUDIT] - Decision: RECOVER_EPS, Reason: Critical voltage, Mode: Nominal
2025-07-11 04:29:38,184 - INFO - [AUDIT] - Rule Activated: CRITICAL_VOLTAGE, Reason: Bus voltage below threshold: 0.18 < 25.50
2025-07-11 04:29:38,184 - INFO - [AUDIT] - Decision: RECOVER_EPS, Reason: Critical voltage, Mode: Nominal
2025-07-11 04:29:38,184 - INFO - [AUDIT] - Rule Activated: CRITICAL_VOLTAGE, Reason: Bus voltage below threshold: 0.18 < 25.50
2025-07-11 04:29:38,184 - INFO - [AUDIT] - Decision: RECOVER_EPS, Reason: Critical voltage, Mode: Nominal
2025-07-11 04:29:38,184 - INFO - [AUDIT] - Rule Activated: CRITICAL_VOLTAGE, Reason: Bus voltage below threshold: 0.18 < 25.50
2025-07-11 04:29:38,184 - INFO - [AUDIT] - Decision: RECOVER_EPS, Reason: Critical voltage, Mode: Nominal
2025-07-11 04:29:38,184 - INFO - [AUDIT] - Rule Activated: CRITICAL_VOLTAGE, Reason: Bus voltage below threshold: 0.18 < 25.50
2025-07-11 04:29:38,184 - INFO - [AUDIT] - Decision: RECOVER_EPS, Reason: Critical voltage, Mode: Nominal
2025-07-11 04:29:38,185 - INFO - [AUDIT] - Rule Activated: CRITICAL_VOLTAGE, Reason: Bus voltage below threshold: 0.18 < 25.50
2025-07-11 04:29:38,185 - INFO - [AUDIT] - Decision: RECOVER_EPS, Reason: Critical voltage, Mode: Nominal
2025-07-11 04:29:38,185 - INFO - [AUDIT] - Rule Activated: CRITICAL_VOLTAGE, Reason: Bus voltage below threshold: 0.18 < 25.50
2025-07-11 04:29:38,185 - INFO - [AUDIT] - Decision: RECOVER_EPS, Reason: Critical voltage, Mode: Nominal
2025-07-11 04:29:38,185 - INFO - [AUDIT] - Rule Activated: CRITICAL_VOLTAGE, Reason: Bus voltage below threshold: 0.18 < 25.50
2025-07-11 04:29:38,185 - INFO - [AUDIT] - Decision: RECOVER_EPS, Reason: Critical voltage, Mode: Nominal
2025-07-11 04:29:38,185 - INFO - [AUDIT] - Rule Activated: CRITICAL_VOLTAGE, Reason: Bus voltage below threshold: 0.18 < 25.50
2025-07-11 04:29:38,185 - INFO - [AUDIT] - Decision: RECOVER_EPS, Reason: Critical voltage, Mode: Nominal
2025-07-11 04:29:38,185 - INFO - [AUDIT] - Rule Activated: CRITICAL_VOLTAGE, Reason: Bus voltage below threshold: 0.18 < 25.50
2025-07-11 04:29:38,185 - INFO - [AUDIT] - Decision: RECOVER_EPS, Reason: Critical voltage, Mode: Nominal
2025-07-11 04:29:38,185 - INFO - [AUDIT] - Rule Activated: CRITICAL_VOLTAGE, Reason: Bus voltage below threshold: 0.18 < 25.50
2025-07-11 04:29:38,185 - INFO - [AUDIT] - Decision: RECOVER_EPS, Reason: Critical voltage, Mode: Nominal
2025-07-11 04:29:38,186 - INFO - [AUDIT] - Rule Activated: CRITICAL_VOLTAGE, Reason: Bus voltage below threshold: 0.18 < 25.50
2025-07-11 04:29:38,186 - INFO - [AUDIT] - Decision: RECOVER_EPS, Reason: Critical voltage, Mode: Nominal
2025-07-11 04:29:38,186 - INFO - [AUDIT] - Rule Activated: CRITICAL_VOLTAGE, Reason: Bus voltage below threshold: 0.18 < 25.50
2025-07-11 04:29:38,186 - INFO - [AUDIT] - Decision: RECOVER_EPS, Reason: Critical voltage, Mode: Nominal
2025-07-11 04:29:38,186 - INFO - [AUDIT] - Rule Activated: CRITICAL_VOLTAGE, Reason: Bus voltage below threshold: 0.18 < 25.50
2025-07-11 04:29:38,186 - INFO - [AUDIT] - Decision: RECOVER_EPS, Reason: Critical voltage, Mode: Nominal
2025-07-11 04:29:38,186 - INFO - [AUDIT] - Rule Activated: CRITICAL_VOLTAGE, Reason: Bus voltage below threshold: 0.18 < 25.50
2025-07-11 04:29:38,186 - INFO - [AUDIT] - Decision: RECOVER_EPS, Reason: Critical voltage, Mode: Nominal
2025-07-11 04:29:38,186 - INFO - [AUDIT] - Rule Activated: CRITICAL_VOLTAGE, Reason: Bus voltage below threshold: 0.18 < 25.50
2025-07-11 04:29:38,186 - INFO - [AUDIT] - Decision: RECOVER_EPS, Reason: Critical voltage, Mode: Nominal
2025-07-11 04:29:38,186 - INFO - [AUDIT] - Rule Activated: CRITICAL_VOLTAGE, Reason: Bus voltage below threshold: 0.18 < 25.50
2025-07-11 04:29:38,186 - INFO - [AUDIT] - Decision: RECOVER_EPS, Reason: Critical voltage, Mode: Nominal
2025-07-11 04:29:38,186 - INFO - [AUDIT] - Rule Activated: CRITICAL_VOLTAGE, Reason: Bus voltage below threshold: 0.18 < 25.50
2025-07-11 04:29:38,187 - INFO - [AUDIT] - Decision: RECOVER_EPS, Reason: Critical voltage, Mode: Nominal
2025-07-11 04:29:38,187 - INFO - [AUDIT] - Rule Activated: CRITICAL_VOLTAGE, Reason: Bus voltage below threshold: 0.18 < 25.50
2025-07-11 04:29:38,187 - INFO - [AUDIT] - Decision: RECOVER_EPS, Reason: Critical voltage, Mode: Nominal
2025-07-11 04:29:38,187 - INFO - [AUDIT] - Rule Activated: CRITICAL_VOLTAGE, Reason: Bus voltage below threshold: 0.18 < 25.50
2025-07-11 04:29:38,187 - INFO - [AUDIT] - Decision: RECOVER_EPS, Reason: Critical voltage, Mode: Nominal
2025-07-11 04:29:38,187 - INFO - [AUDIT] - Rule Activated: CRITICAL_VOLTAGE, Reason: Bus voltage below threshold: 0.18 < 25.50
2025-07-11 04:29:38,187 - INFO - [AUDIT] - Decision: RECOVER_EPS, Reason: Critical voltage, Mode: Nominal
2025-07-11 04:29:38,187 - INFO - [AUDIT] - Rule Activated: CRITICAL_VOLTAGE, Reason: Bus voltage below threshold: 0.18 < 25.50
2025-07-11 04:29:38,187 - INFO - [AUDIT] - Decision: RECOVER_EPS, Reason: Critical voltage, Mode: Nominal
2025-07-11 04:29:38,187 - INFO - [AUDIT] - Rule Activated: CRITICAL_VOLTAGE, Reason: Bus voltage below threshold: 0.18 < 25.50
2025-07-11 04:29:38,187 - INFO - [AUDIT] - Decision: RECOVER_EPS, Reason: Critical voltage, Mode: Nominal
2025-07-11 04:29:38,187 - INFO - [AUDIT] - Rule Activated: CRITICAL_VOLTAGE, Reason: Bus voltage below threshold: 0.18 < 25.50
2025-07-11 04:29:38,187 - INFO - [AUDIT] - Decision: RECOVER_EPS, Reason: Critical voltage, Mode: Nominal
2025-07-11 04:29:38,188 - INFO - [AUDIT] - Rule Activated: CRITICAL_VOLTAGE, Reason: Bus voltage below threshold: 0.18 < 25.50
2025-07-11 04:29:38,188 - INFO - [AUDIT] - Decision: RECOVER_EPS, Reason: Critical voltage, Mode: Nominal
2025-07-11 04:29:38,188 - INFO - [AUDIT] - Rule Activated: CRITICAL_VOLTAGE, Reason: Bus voltage below threshold: 0.18 < 25.50
2025-07-11 04:29:38,188 - INFO - [AUDIT] - Decision: RECOVER_EPS, Reason: Critical voltage, Mode: Nominal
2025-07-11 04:29:38,188 - INFO - [AUDIT] - Rule Activated: CRITICAL_VOLTAGE, Reason: Bus voltage below threshold: 0.18 < 25.50
2025-07-11 04:29:38,188 - INFO - [AUDIT] - Decision: RECOVER_EPS, Reason: Critical voltage, Mode: Nominal
2025-07-11 04:29:38,188 - INFO - [AUDIT] - Rule Activated: CRITICAL_VOLTAGE, Reason: Bus voltage below threshold: 0.18 < 25.50
2025-07-11 04:29:38,188 - INFO - [AUDIT] - Decision: RECOVER_EPS, Reason: Critical voltage, Mode: Nominal
2025-07-11 04:29:38,188 - INFO - [AUDIT] - Rule Activated: CRITICAL_VOLTAGE, Reason: Bus voltage below threshold: 0.18 < 25.50
2025-07-11 04:29:38,188 - INFO - [AUDIT] - Decision: RECOVER_EPS, Reason: Critical voltage, Mode: Nominal
2025-07-11 04:29:38,188 - INFO - [AUDIT] - Rule Activated: CRITICAL_VOLTAGE, Reason: Bus voltage below threshold: 0.18 < 25.50
2025-07-11 04:29:38,188 - INFO - [AUDIT] - Decision: RECOVER_EPS, Reason: Critical voltage, Mode: Nominal
2025-07-11 04:29:38,189 - INFO - [AUDIT] - Rule Activated: CRITICAL_VOLTAGE, Reason: Bus voltage below threshold: 0.18 < 25.50
2025-07-11 04:29:38,189 - INFO - [AUDIT] - Decision: RECOVER_EPS, Reason: Critical voltage, Mode: Nominal
2025-07-11 04:29:38,189 - INFO - [AUDIT] - Rule Activated: CRITICAL_VOLTAGE, Reason: Bus voltage below threshold: 0.18 < 25.50
2025-07-11 04:29:38,189 - INFO - [AUDIT] - Decision: RECOVER_EPS, Reason: Critical voltage, Mode: Nominal
2025-07-11 04:29:38,189 - INFO - [AUDIT] - Rule Activated: CRITICAL_VOLTAGE, Reason: Bus voltage below threshold: 0.18 < 25.50
2025-07-11 04:29:38,189 - INFO - [AUDIT] - Decision: RECOVER_EPS, Reason: Critical voltage, Mode: Nominal
2025-07-11 04:29:38,189 - INFO - [AUDIT] - Rule Activated: CRITICAL_VOLTAGE, Reason: Bus voltage below threshold: 0.18 < 25.50
2025-07-11 04:29:38,189 - INFO - [AUDIT] - Decision: RECOVER_EPS, Reason: Critical voltage, Mode: Nominal
2025-07-11 04:29:38,189 - INFO - [AUDIT] - Rule Activated: CRITICAL_VOLTAGE, Reason: Bus voltage below threshold: 0.18 < 25.50
2025-07-11 04:29:38,189 - INFO - [AUDIT] - Decision: RECOVER_EPS, Reason: Critical voltage, Mode: Nominal
2025-07-11 04:29:38,189 - INFO - [AUDIT] - Rule Activated: CRITICAL_VOLTAGE, Reason: Bus voltage below threshold: 0.18 < 25.50
2025-07-11 04:29:38,190 - INFO - [AUDIT] - Decision: RECOVER_EPS, Reason: Critical voltage, Mode: Nominal
2025-07-11 04:29:38,190 - INFO - [AUDIT] - Rule Activated: CRITICAL_VOLTAGE, Reason: Bus voltage below threshold: 0.18 < 25.50
2025-07-11 04:29:38,190 - INFO - [AUDIT] - Decision: RECOVER_EPS, Reason: Critical voltage, Mode: Nominal
2025-07-11 04:29:38,190 - INFO - [AUDIT] - Rule Activated: CRITICAL_VOLTAGE, Reason: Bus voltage below threshold: 0.18 < 25.50
2025-07-11 04:29:38,190 - INFO - [AUDIT] - Decision: RECOVER_EPS, Reason: Critical voltage, Mode: Nominal
2025-07-11 04:29:38,190 - INFO - [AUDIT] - Rule Activated: CRITICAL_VOLTAGE, Reason: Bus voltage below threshold: 0.18 < 25.50
2025-07-11 04:29:38,190 - INFO - [AUDIT] - Decision: RECOVER_EPS, Reason: Critical voltage, Mode: Nominal
2025-07-11 04:29:38,190 - INFO - [AUDIT] - Rule Activated: CRITICAL_VOLTAGE, Reason: Bus voltage below threshold: 0.18 < 25.50
2025-07-11 04:29:38,190 - INFO - [AUDIT] - Decision: RECOVER_EPS, Reason: Critical voltage, Mode: Nominal
2025-07-11 04:29:38,190 - INFO - [AUDIT] - Rule Activated: CRITICAL_VOLTAGE, Reason: Bus voltage below threshold: 0.18 < 25.50
2025-07-11 04:29:38,190 - INFO - [AUDIT] - Decision: RECOVER_EPS, Reason: Critical voltage, Mode: Nominal
2025-07-11 04:29:38,190 - INFO - [AUDIT] - Rule Activated: CRITICAL_VOLTAGE, Reason: Bus voltage below threshold: 0.18 < 25.50
2025-07-11 04:29:38,190 - INFO - [AUDIT] - Decision: RECOVER_EPS, Reason: Critical voltage, Mode: Nominal
2025-07-11 04:29:38,191 - INFO - [AUDIT] - Rule Activated: CRITICAL_VOLTAGE, Reason: Bus voltage below threshold: 0.18 < 25.50
2025-07-11 04:29:38,191 - INFO - [AUDIT] - Decision: RECOVER_EPS, Reason: Critical voltage, Mode: Nominal
2025-07-11 04:29:38,191 - INFO - [AUDIT] - Rule Activated: CRITICAL_VOLTAGE, Reason: Bus voltage below threshold: 0.18 < 25.50
2025-07-11 04:29:38,191 - INFO - [AUDIT] - Decision: RECOVER_EPS, Reason: Critical voltage, Mode: Nominal
2025-07-11 04:29:38,191 - INFO - [AUDIT] - Rule Activated: CRITICAL_VOLTAGE, Reason: Bus voltage below threshold: 0.18 < 25.50
2025-07-11 04:29:38,191 - INFO - [AUDIT] - Decision: RECOVER_EPS, Reason: Critical voltage, Mode: Nominal
2025-07-11 04:29:38,191 - INFO - [AUDIT] - Rule Activated: CRITICAL_VOLTAGE, Reason: Bus voltage below threshold: 0.18 < 25.50
2025-07-11 04:29:38,191 - INFO - [AUDIT] - Decision: RECOVER_EPS, Reason: Critical voltage, Mode: Nominal
2025-07-11 04:29:38,191 - INFO - [AUDIT] - Rule Activated: CRITICAL_VOLTAGE, Reason: Bus voltage below threshold: 0.18 < 25.50
2025-07-11 04:29:38,191 - INFO - [AUDIT] - Decision: RECOVER_EPS, Reason: Critical voltage, Mode: Nominal
2025-07-11 04:29:38,191 - INFO - [AUDIT] - Rule Activated: CRITICAL_VOLTAGE, Reason: Bus voltage below threshold: 0.18 < 25.50
2025-07-11 04:29:38,191 - INFO - [AUDIT] - Decision: RECOVER_EPS, Reason: Critical voltage, Mode: Nominal
2025-07-11 04:29:38,192 - INFO - [AUDIT] - Rule Activated: CRITICAL_VOLTAGE, Reason: Bus voltage below threshold: 0.18 < 25.50
2025-07-11 04:29:38,192 - INFO - [AUDIT] - Decision: RECOVER_EPS, Reason: Critical voltage, Mode: Nominal
2025-07-11 04:29:38,192 - INFO - [AUDIT] - Rule Activated: CRITICAL_VOLTAGE, Reason: Bus voltage below threshold: 0.18 < 25.50
2025-07-11 04:29:38,192 - INFO - [AUDIT] - Decision: RECOVER_EPS, Reason: Critical voltage, Mode: Nominal
2025-07-11 04:29:38,192 - INFO - [AUDIT] - Rule Activated: CRITICAL_VOLTAGE, Reason: Bus voltage below threshold: 0.18 < 25.50
2025-07-11 04:29:38,192 - INFO - [AUDIT] - Decision: RECOVER_EPS, Reason: Critical voltage, Mode: Nominal
2025-07-11 04:29:38,192 - INFO - [AUDIT] - Rule Activated: CRITICAL_VOLTAGE, Reason: Bus voltage below threshold: 0.18 < 25.50
2025-07-11 04:29:38,192 - INFO - [AUDIT] - Decision: RECOVER_EPS, Reason: Critical voltage, Mode: Nominal
2025-07-11 04:29:38,192 - INFO - [AUDIT] - Rule Activated: CRITICAL_VOLTAGE, Reason: Bus voltage below threshold: 0.18 < 25.50
2025-07-11 04:29:38,192 - INFO - [AUDIT] - Decision: RECOVER_EPS, Reason: Critical voltage, Mode: Nominal
2025-07-11 04:29:38,192 - INFO - [AUDIT] - Rule Activated: CRITICAL_VOLTAGE, Reason: Bus voltage below threshold: 0.18 < 25.50
2025-07-11 04:29:38,192 - INFO - [AUDIT] - Decision: RECOVER_EPS, Reason: Critical voltage, Mode: Nominal
2025-07-11 04:29:38,193 - INFO - [AUDIT] - Rule Activated: CRITICAL_VOLTAGE, Reason: Bus voltage below threshold: 0.18 < 25.50
2025-07-11 04:29:38,193 - INFO - [AUDIT] - Decision: RECOVER_EPS, Reason: Critical voltage, Mode: Nominal
2025-07-11 04:29:38,193 - INFO - [AUDIT] - Rule Activated: CRITICAL_VOLTAGE, Reason: Bus voltage below threshold: 0.18 < 25.50
2025-07-11 04:29:38,193 - INFO - [AUDIT] - Decision: RECOVER_EPS, Reason: Critical voltage, Mode: Nominal
2025-07-11 04:29:38,193 - INFO - [AUDIT] - Rule Activated: CRITICAL_VOLTAGE, Reason: Bus voltage below threshold: 0.18 < 25.50
2025-07-11 04:29:38,193 - INFO - [AUDIT] - Decision: RECOVER_EPS, Reason: Critical voltage, Mode: Nominal
2025-07-11 04:29:38,193 - INFO - [AUDIT] - Rule Activated: CRITICAL_VOLTAGE, Reason: Bus voltage below threshold: 0.18 < 25.50
2025-07-11 04:29:38,193 - INFO - [AUDIT] - Decision: RECOVER_EPS, Reason: Critical voltage, Mode: Nominal
2025-07-11 04:29:38,193 - INFO - [AUDIT] - Rule Activated: CRITICAL_VOLTAGE, Reason: Bus voltage below threshold: 0.18 < 25.50
2025-07-11 04:29:38,193 - INFO - [AUDIT] - Decision: RECOVER_EPS, Reason: Critical voltage, Mode: Nominal
2025-07-11 04:29:38,193 - INFO - [AUDIT] - Rule Activated: CRITICAL_VOLTAGE, Reason: Bus voltage below threshold: 0.18 < 25.50
2025-07-11 04:29:38,193 - INFO - [AUDIT] - Decision: RECOVER_EPS, Reason: Critical voltage, Mode: Nominal
2025-07-11 04:29:38,193 - INFO - [AUDIT] - Rule Activated: CRITICAL_VOLTAGE, Reason: Bus voltage below threshold: 0.18 < 25.50
2025-07-11 04:29:38,193 - INFO - [AUDIT] - Decision: RECOVER_EPS, Reason: Critical voltage, Mode: Nominal
2025-07-11 04:29:38,194 - INFO - [AUDIT] - Rule Activated: CRITICAL_VOLTAGE, Reason: Bus voltage below threshold: 0.18 < 25.50
2025-07-11 04:29:38,194 - INFO - [AUDIT] - Decision: RECOVER_EPS, Reason: Critical voltage, Mode: Nominal
2025-07-11 04:29:38,194 - INFO - [AUDIT] - Rule Activated: CRITICAL_VOLTAGE, Reason: Bus voltage below threshold: 0.18 < 25.50
2025-07-11 04:29:38,194 - INFO - [AUDIT] - Decision: RECOVER_EPS, Reason: Critical voltage, Mode: Nominal
2025-07-11 04:29:38,194 - INFO - [AUDIT] - Rule Activated: CRITICAL_VOLTAGE, Reason: Bus voltage below threshold: 0.18 < 25.50
2025-07-11 04:29:38,194 - INFO - [AUDIT] - Decision: RECOVER_EPS, Reason: Critical voltage, Mode: Nominal
2025-07-11 04:29:38,195 - INFO - [AUDIT] - Rule Activated: CRITICAL_VOLTAGE, Reason: Bus voltage below threshold: 0.18 < 25.50
2025-07-11 04:29:38,195 - INFO - [AUDIT] - Decision: RECOVER_EPS, Reason: Critical voltage, Mode: Nominal
2025-07-11 04:29:38,195 - INFO - [AUDIT] - Rule Activated: CRITICAL_VOLTAGE, Reason: Bus voltage below threshold: 0.18 < 25.50
2025-07-11 04:29:38,195 - INFO - [AUDIT] - Decision: RECOVER_EPS, Reason: Critical voltage, Mode: Nominal
2025-07-11 04:29:38,195 - INFO - [AUDIT] - Rule Activated: CRITICAL_VOLTAGE, Reason: Bus voltage below threshold: 0.18 < 25.50
2025-07-11 04:29:38,195 - INFO - [AUDIT] - Decision: RECOVER_EPS, Reason: Critical voltage, Mode: Nominal
2025-07-11 04:29:38,195 - INFO - [AUDIT] - Rule Activated: CRITICAL_VOLTAGE, Reason: Bus voltage below threshold: 0.18 < 25.50
2025-07-11 04:29:38,195 - INFO - [AUDIT] - Decision: RECOVER_EPS, Reason: Critical voltage, Mode: Nominal
2025-07-11 04:29:38,195 - INFO - [AUDIT] - Rule Activated: CRITICAL_VOLTAGE, Reason: Bus voltage below threshold: 0.18 < 25.50
2025-07-11 04:29:38,195 - INFO - [AUDIT] - Decision: RECOVER_EPS, Reason: Critical voltage, Mode: Nominal
2025-07-11 04:29:38,196 - INFO - [AUDIT] - Rule Activated: CRITICAL_VOLTAGE, Reason: Bus voltage below threshold: 0.18 < 25.50
2025-07-11 04:29:38,196 - INFO - [AUDIT] - Decision: RECOVER_EPS, Reason: Critical voltage, Mode: Nominal
2025-07-11 04:29:38,196 - INFO - [AUDIT] - Rule Activated: CRITICAL_VOLTAGE, Reason: Bus voltage below threshold: 0.18 < 25.50
2025-07-11 04:29:38,196 - INFO - [AUDIT] - Decision: RECOVER_EPS, Reason: Critical voltage, Mode: Nominal
2025-07-11 04:29:38,196 - INFO - [AUDIT] - Rule Activated: CRITICAL_VOLTAGE, Reason: Bus voltage below threshold: 0.18 < 25.50
2025-07-11 04:29:38,196 - INFO - [AUDIT] - Decision: RECOVER_EPS, Reason: Critical voltage, Mode: Nominal
2025-07-11 04:29:38,196 - INFO - [AUDIT] - Rule Activated: CRITICAL_VOLTAGE, Reason: Bus voltage below threshold: 0.18 < 25.50
2025-07-11 04:29:38,196 - INFO - [AUDIT] - Decision: RECOVER_EPS, Reason: Critical voltage, Mode: Nominal
2025-07-11 04:29:38,196 - INFO - [AUDIT] - Rule Activated: CRITICAL_VOLTAGE, Reason: Bus voltage below threshold: 0.18 < 25.50
2025-07-11 04:29:38,196 - INFO - [AUDIT] - Decision: RECOVER_EPS, Reason: Critical voltage, Mode: Nominal
2025-07-11 04:29:38,197 - INFO - [AUDIT] - Rule Activated: CRITICAL_VOLTAGE, Reason: Bus voltage below threshold: 0.00 < 25.50
2025-07-11 04:29:38,197 - INFO - [AUDIT] - Decision: RECOVER_EPS, Reason: Critical voltage, Mode: Nominal
2025-07-11 04:29:38,197 - INFO - [AUDIT] - Rule Activated: CRITICAL_VOLTAGE, Reason: Bus voltage below threshold: 0.18 < 25.50
2025-07-11 04:29:38,197 - INFO - [AUDIT] - Decision: RECOVER_EPS, Reason: Critical voltage, Mode: Nominal
2025-07-11 04:29:38,197 - INFO - [AUDIT] - Rule Activated: CRITICAL_VOLTAGE, Reason: Bus voltage below threshold: 0.18 < 25.50
2025-07-11 04:29:38,197 - INFO - [AUDIT] - Decision: RECOVER_EPS, Reason: Critical voltage, Mode: Nominal
2025-07-11 04:29:38,197 - INFO - [AUDIT] - Rule Activated: CRITICAL_VOLTAGE, Reason: Bus voltage below threshold: 0.18 < 25.50
2025-07-11 04:29:38,197 - INFO - [AUDIT] - Decision: RECOVER_EPS, Reason: Critical voltage, Mode: Nominal
2025-07-11 04:29:38,197 - INFO - [AUDIT] - Rule Activated: CRITICAL_VOLTAGE, Reason: Bus voltage below threshold: 0.18 < 25.50
2025-07-11 04:29:38,197 - INFO - [AUDIT] - Decision: RECOVER_EPS, Reason: Critical voltage, Mode: Nominal
2025-07-11 04:29:38,198 - INFO - [AUDIT] - Rule Activated: CRITICAL_VOLTAGE, Reason: Bus voltage below threshold: 0.18 < 25.50
2025-07-11 04:29:38,198 - INFO - [AUDIT] - Decision: RECOVER_EPS, Reason: Critical voltage, Mode: Nominal
2025-07-11 04:29:38,198 - INFO - [AUDIT] - Rule Activated: CRITICAL_VOLTAGE, Reason: Bus voltage below threshold: 0.18 < 25.50
2025-07-11 04:29:38,198 - INFO - [AUDIT] - Decision: RECOVER_EPS, Reason: Critical voltage, Mode: Nominal
2025-07-11 04:29:38,198 - INFO - [AUDIT] - Rule Activated: CRITICAL_VOLTAGE, Reason: Bus voltage below threshold: 0.18 < 25.50
2025-07-11 04:29:38,198 - INFO - [AUDIT] - Decision: RECOVER_EPS, Reason: Critical voltage, Mode: Nominal
2025-07-11 04:29:38,198 - INFO - [AUDIT] - Rule Activated: CRITICAL_VOLTAGE, Reason: Bus voltage below threshold: 0.18 < 25.50
2025-07-11 04:29:38,198 - INFO - [AUDIT] - Decision: RECOVER_EPS, Reason: Critical voltage, Mode: Nominal
2025-07-11 04:29:38,198 - INFO - [AUDIT] - Rule Activated: CRITICAL_VOLTAGE, Reason: Bus voltage below threshold: 0.18 < 25.50
2025-07-11 04:29:38,198 - INFO - [AUDIT] - Decision: RECOVER_EPS, Reason: Critical voltage, Mode: Nominal
2025-07-11 04:29:38,198 - INFO - [AUDIT] - Rule Activated: CRITICAL_VOLTAGE, Reason: Bus voltage below threshold: 0.18 < 25.50
2025-07-11 04:29:38,198 - INFO - [AUDIT] - Decision: RECOVER_EPS, Reason: Critical voltage, Mode: Nominal
2025-07-11 04:29:38,199 - INFO - [AUDIT] - Rule Activated: CRITICAL_VOLTAGE, Reason: Bus voltage below threshold: 0.18 < 25.50
2025-07-11 04:29:38,199 - INFO - [AUDIT] - Decision: RECOVER_EPS, Reason: Critical voltage, Mode: Nominal
2025-07-11 04:29:38,199 - INFO - [AUDIT] - Rule Activated: CRITICAL_VOLTAGE, Reason: Bus voltage below threshold: 0.18 < 25.50
2025-07-11 04:29:38,199 - INFO - [AUDIT] - Decision: RECOVER_EPS, Reason: Critical voltage, Mode: Nominal
2025-07-11 04:29:38,199 - INFO - [AUDIT] - Rule Activated: CRITICAL_VOLTAGE, Reason: Bus voltage below threshold: 0.18 < 25.50
2025-07-11 04:29:38,199 - INFO - [AUDIT] - Decision: RECOVER_EPS, Reason: Critical voltage, Mode: Nominal
2025-07-11 04:29:38,199 - INFO - [AUDIT] - Rule Activated: CRITICAL_VOLTAGE, Reason: Bus voltage below threshold: 0.18 < 25.50
2025-07-11 04:29:38,199 - INFO - [AUDIT] - Decision: RECOVER_EPS, Reason: Critical voltage, Mode: Nominal
2025-07-11 04:29:38,199 - INFO - [AUDIT] - Rule Activated: CRITICAL_VOLTAGE, Reason: Bus voltage below threshold: 0.18 < 25.50
2025-07-11 04:29:38,199 - INFO - [AUDIT] - Decision: RECOVER_EPS, Reason: Critical voltage, Mode: Nominal
2025-07-11 04:29:38,199 - INFO - [AUDIT] - Rule Activated: CRITICAL_VOLTAGE, Reason: Bus voltage below threshold: 0.18 < 25.50
2025-07-11 04:29:38,199 - INFO - [AUDIT] - Decision: RECOVER_EPS, Reason: Critical voltage, Mode: Nominal
2025-07-11 04:29:38,200 - INFO - [AUDIT] - Rule Activated: CRITICAL_VOLTAGE, Reason: Bus voltage below threshold: 0.18 < 25.50
2025-07-11 04:29:38,200 - INFO - [AUDIT] - Decision: RECOVER_EPS, Reason: Critical voltage, Mode: Nominal
2025-07-11 04:29:38,200 - INFO - [AUDIT] - Rule Activated: CRITICAL_VOLTAGE, Reason: Bus voltage below threshold: 0.18 < 25.50
2025-07-11 04:29:38,200 - INFO - [AUDIT] - Decision: RECOVER_EPS, Reason: Critical voltage, Mode: Nominal
2025-07-11 04:29:38,200 - INFO - [AUDIT] - Rule Activated: CRITICAL_VOLTAGE, Reason: Bus voltage below threshold: 0.18 < 25.50
2025-07-11 04:29:38,200 - INFO - [AUDIT] - Decision: RECOVER_EPS, Reason: Critical voltage, Mode: Nominal
2025-07-11 04:29:38,200 - INFO - [AUDIT] - Rule Activated: CRITICAL_VOLTAGE, Reason: Bus voltage below threshold: 0.18 < 25.50
2025-07-11 04:29:38,200 - INFO - [AUDIT] - Decision: RECOVER_EPS, Reason: Critical voltage, Mode: Nominal
2025-07-11 04:29:38,200 - INFO - [AUDIT] - Rule Activated: CRITICAL_VOLTAGE, Reason: Bus voltage below threshold: 0.18 < 25.50
2025-07-11 04:29:38,200 - INFO - [AUDIT] - Decision: RECOVER_EPS, Reason: Critical voltage, Mode: Nominal
2025-07-11 04:29:38,200 - INFO - [AUDIT] - Rule Activated: CRITICAL_VOLTAGE, Reason: Bus voltage below threshold: 0.18 < 25.50
2025-07-11 04:29:38,200 - INFO - [AUDIT] - Decision: RECOVER_EPS, Reason: Critical voltage, Mode: Nominal
2025-07-11 04:29:38,201 - INFO - [AUDIT] - Rule Activated: CRITICAL_VOLTAGE, Reason: Bus voltage below threshold: 0.18 < 25.50
2025-07-11 04:29:38,201 - INFO - [AUDIT] - Decision: RECOVER_EPS, Reason: Critical voltage, Mode: Nominal
2025-07-11 04:29:38,201 - INFO - [AUDIT] - Rule Activated: CRITICAL_VOLTAGE, Reason: Bus voltage below threshold: 0.18 < 25.50
2025-07-11 04:29:38,201 - INFO - [AUDIT] - Decision: RECOVER_EPS, Reason: Critical voltage, Mode: Nominal
2025-07-11 04:29:38,201 - INFO - [AUDIT] - Rule Activated: CRITICAL_VOLTAGE, Reason: Bus voltage below threshold: 0.18 < 25.50
2025-07-11 04:29:38,201 - INFO - [AUDIT] - Decision: RECOVER_EPS, Reason: Critical voltage, Mode: Nominal
2025-07-11 04:29:38,201 - INFO - [AUDIT] - Rule Activated: CRITICAL_VOLTAGE, Reason: Bus voltage below threshold: 0.18 < 25.50
2025-07-11 04:29:38,201 - INFO - [AUDIT] - Decision: RECOVER_EPS, Reason: Critical voltage, Mode: Nominal
2025-07-11 04:29:38,201 - INFO - [AUDIT] - Rule Activated: CRITICAL_VOLTAGE, Reason: Bus voltage below threshold: 0.18 < 25.50
2025-07-11 04:29:38,201 - INFO - [AUDIT] - Decision: RECOVER_EPS, Reason: Critical voltage, Mode: Nominal
2025-07-11 04:29:38,201 - INFO - [AUDIT] - Rule Activated: CRITICAL_VOLTAGE, Reason: Bus voltage below threshold: 0.18 < 25.50
2025-07-11 04:29:38,201 - INFO - [AUDIT] - Decision: RECOVER_EPS, Reason: Critical voltage, Mode: Nominal
2025-07-11 04:29:38,202 - INFO - [AUDIT] - Rule Activated: CRITICAL_VOLTAGE, Reason: Bus voltage below threshold: 0.18 < 25.50
2025-07-11 04:29:38,202 - INFO - [AUDIT] - Decision: RECOVER_EPS, Reason: Critical voltage, Mode: Nominal
2025-07-11 04:29:38,202 - INFO - [AUDIT] - Rule Activated: CRITICAL_VOLTAGE, Reason: Bus voltage below threshold: 0.18 < 25.50
2025-07-11 04:29:38,202 - INFO - [AUDIT] - Decision: RECOVER_EPS, Reason: Critical voltage, Mode: Nominal
2025-07-11 04:29:38,202 - INFO - [AUDIT] - Rule Activated: CRITICAL_VOLTAGE, Reason: Bus voltage below threshold: 0.18 < 25.50
2025-07-11 04:29:38,202 - INFO - [AUDIT] - Decision: RECOVER_EPS, Reason: Critical voltage, Mode: Nominal
2025-07-11 04:29:38,202 - INFO - [AUDIT] - Rule Activated: CRITICAL_VOLTAGE, Reason: Bus voltage below threshold: 0.18 < 25.50
2025-07-11 04:29:38,202 - INFO - [AUDIT] - Decision: RECOVER_EPS, Reason: Critical voltage, Mode: Nominal
2025-07-11 04:29:38,202 - INFO - [AUDIT] - Rule Activated: CRITICAL_VOLTAGE, Reason: Bus voltage below threshold: 0.18 < 25.50
2025-07-11 04:29:38,202 - INFO - [AUDIT] - Decision: RECOVER_EPS, Reason: Critical voltage, Mode: Nominal
2025-07-11 04:29:38,202 - INFO - [AUDIT] - Rule Activated: CRITICAL_VOLTAGE, Reason: Bus voltage below threshold: 0.18 < 25.50
2025-07-11 04:29:38,202 - INFO - [AUDIT] - Decision: RECOVER_EPS, Reason: Critical voltage, Mode: Nominal
2025-07-11 04:29:38,203 - INFO - [AUDIT] - Rule Activated: CRITICAL_VOLTAGE, Reason: Bus voltage below threshold: 0.18 < 25.50
2025-07-11 04:29:38,203 - INFO - [AUDIT] - Decision: RECOVER_EPS, Reason: Critical voltage, Mode: Nominal
2025-07-11 04:29:38,203 - INFO - [AUDIT] - Rule Activated: CRITICAL_VOLTAGE, Reason: Bus voltage below threshold: 0.18 < 25.50
2025-07-11 04:29:38,203 - INFO - [AUDIT] - Decision: RECOVER_EPS, Reason: Critical voltage, Mode: Nominal
2025-07-11 04:29:38,203 - INFO - [AUDIT] - Rule Activated: CRITICAL_VOLTAGE, Reason: Bus voltage below threshold: 0.18 < 25.50
2025-07-11 04:29:38,203 - INFO - [AUDIT] - Decision: RECOVER_EPS, Reason: Critical voltage, Mode: Nominal
2025-07-11 04:29:38,203 - INFO - [AUDIT] - Rule Activated: CRITICAL_VOLTAGE, Reason: Bus voltage below threshold: 0.18 < 25.50
2025-07-11 04:29:38,203 - INFO - [AUDIT] - Decision: RECOVER_EPS, Reason: Critical voltage, Mode: Nominal
2025-07-11 04:29:38,203 - INFO - [AUDIT] - Rule Activated: CRITICAL_VOLTAGE, Reason: Bus voltage below threshold: 0.18 < 25.50
2025-07-11 04:29:38,203 - INFO - [AUDIT] - Decision: RECOVER_EPS, Reason: Critical voltage, Mode: Nominal
2025-07-11 04:29:38,203 - INFO - [AUDIT] - Rule Activated: CRITICAL_VOLTAGE, Reason: Bus voltage below threshold: 0.18 < 25.50
2025-07-11 04:29:38,203 - INFO - [AUDIT] - Decision: RECOVER_EPS, Reason: Critical voltage, Mode: Nominal
2025-07-11 04:29:38,204 - INFO - [AUDIT] - Rule Activated: CRITICAL_VOLTAGE, Reason: Bus voltage below threshold: 0.18 < 25.50
2025-07-11 04:29:38,204 - INFO - [AUDIT] - Decision: RECOVER_EPS, Reason: Critical voltage, Mode: Nominal
2025-07-11 04:29:38,204 - INFO - [AUDIT] - Rule Activated: CRITICAL_VOLTAGE, Reason: Bus voltage below threshold: 0.18 < 25.50
2025-07-11 04:29:38,204 - INFO - [AUDIT] - Decision: RECOVER_EPS, Reason: Critical voltage, Mode: Nominal
2025-07-11 04:29:38,204 - INFO - [AUDIT] - Rule Activated: CRITICAL_VOLTAGE, Reason: Bus voltage below threshold: 0.18 < 25.50
2025-07-11 04:29:38,204 - INFO - [AUDIT] - Decision: RECOVER_EPS, Reason: Critical voltage, Mode: Nominal
2025-07-11 04:29:38,204 - INFO - [AUDIT] - Rule Activated: CRITICAL_VOLTAGE, Reason: Bus voltage below threshold: 0.18 < 25.50
2025-07-11 04:29:38,204 - INFO - [AUDIT] - Decision: RECOVER_EPS, Reason: Critical voltage, Mode: Nominal
2025-07-11 04:29:38,204 - INFO - [AUDIT] - Rule Activated: CRITICAL_VOLTAGE, Reason: Bus voltage below threshold: 0.18 < 25.50
2025-07-11 04:29:38,204 - INFO - [AUDIT] - Decision: RECOVER_EPS, Reason: Critical voltage, Mode: Nominal
2025-07-11 04:29:38,205 - INFO - [AUDIT] - Rule Activated: CRITICAL_VOLTAGE, Reason: Bus voltage below threshold: 0.18 < 25.50
2025-07-11 04:29:38,205 - INFO - [AUDIT] - Decision: RECOVER_EPS, Reason: Critical voltage, Mode: Nominal
2025-07-11 04:29:38,205 - INFO - [AUDIT] - Rule Activated: CRITICAL_VOLTAGE, Reason: Bus voltage below threshold: 0.18 < 25.50
2025-07-11 04:29:38,205 - INFO - [AUDIT] - Decision: RECOVER_EPS, Reason: Critical voltage, Mode: Nominal
2025-07-11 04:29:38,205 - INFO - [AUDIT] - Rule Activated: CRITICAL_VOLTAGE, Reason: Bus voltage below threshold: 0.18 < 25.50
2025-07-11 04:29:38,205 - INFO - [AUDIT] - Decision: RECOVER_EPS, Reason: Critical voltage, Mode: Nominal
2025-07-11 04:29:38,205 - INFO - [AUDIT] - Rule Activated: CRITICAL_VOLTAGE, Reason: Bus voltage below threshold: 0.18 < 25.50
2025-07-11 04:29:38,205 - INFO - [AUDIT] - Decision: RECOVER_EPS, Reason: Critical voltage, Mode: Nominal
2025-07-11 04:29:38,205 - INFO - [AUDIT] - Rule Activated: CRITICAL_VOLTAGE, Reason: Bus voltage below threshold: 0.18 < 25.50
2025-07-11 04:29:38,205 - INFO - [AUDIT] - Decision: RECOVER_EPS, Reason: Critical voltage, Mode: Nominal
2025-07-11 04:29:38,205 - INFO - [AUDIT] - Rule Activated: CRITICAL_VOLTAGE, Reason: Bus voltage below threshold: 0.18 < 25.50
2025-07-11 04:29:38,205 - INFO - [AUDIT] - Decision: RECOVER_EPS, Reason: Critical voltage, Mode: Nominal
2025-07-11 04:29:38,206 - INFO - [AUDIT] - Rule Activated: CRITICAL_VOLTAGE, Reason: Bus voltage below threshold: 0.18 < 25.50
2025-07-11 04:29:38,206 - INFO - [AUDIT] - Decision: RECOVER_EPS, Reason: Critical voltage, Mode: Nominal
2025-07-11 04:29:38,206 - INFO - [AUDIT] - Rule Activated: CRITICAL_VOLTAGE, Reason: Bus voltage below threshold: 0.18 < 25.50
2025-07-11 04:29:38,206 - INFO - [AUDIT] - Decision: RECOVER_EPS, Reason: Critical voltage, Mode: Nominal
2025-07-11 04:29:38,206 - INFO - [AUDIT] - Rule Activated: CRITICAL_VOLTAGE, Reason: Bus voltage below threshold: 0.18 < 25.50
2025-07-11 04:29:38,206 - INFO - [AUDIT] - Decision: RECOVER_EPS, Reason: Critical voltage, Mode: Nominal
2025-07-11 04:29:38,206 - INFO - [AUDIT] - Rule Activated: CRITICAL_VOLTAGE, Reason: Bus voltage below threshold: 0.18 < 25.50
2025-07-11 04:29:38,206 - INFO - [AUDIT] - Decision: RECOVER_EPS, Reason: Critical voltage, Mode: Nominal
2025-07-11 04:29:38,206 - INFO - [AUDIT] - Rule Activated: CRITICAL_VOLTAGE, Reason: Bus voltage below threshold: 0.18 < 25.50
2025-07-11 04:29:38,206 - INFO - [AUDIT] - Decision: RECOVER_EPS, Reason: Critical voltage, Mode: Nominal
2025-07-11 04:29:38,206 - INFO - [AUDIT] - Rule Activated: CRITICAL_VOLTAGE, Reason: Bus voltage below threshold: 0.18 < 25.50
2025-07-11 04:29:38,206 - INFO - [AUDIT] - Decision: RECOVER_EPS, Reason: Critical voltage, Mode: Nominal
2025-07-11 04:29:38,207 - INFO - [AUDIT] - Rule Activated: CRITICAL_VOLTAGE, Reason: Bus voltage below threshold: 0.18 < 25.50
2025-07-11 04:29:38,207 - INFO - [AUDIT] - Decision: RECOVER_EPS, Reason: Critical voltage, Mode: Nominal
2025-07-11 04:29:38,207 - INFO - [AUDIT] - Rule Activated: CRITICAL_VOLTAGE, Reason: Bus voltage below threshold: 0.18 < 25.50
2025-07-11 04:29:38,207 - INFO - [AUDIT] - Decision: RECOVER_EPS, Reason: Critical voltage, Mode: Nominal
2025-07-11 04:29:38,207 - INFO - [AUDIT] - Rule Activated: CRITICAL_VOLTAGE, Reason: Bus voltage below threshold: 0.18 < 25.50
2025-07-11 04:29:38,207 - INFO - [AUDIT] - Decision: RECOVER_EPS, Reason: Critical voltage, Mode: Nominal
2025-07-11 04:29:38,207 - INFO - [AUDIT] - Rule Activated: CRITICAL_VOLTAGE, Reason: Bus voltage below threshold: 0.18 < 25.50
2025-07-11 04:29:38,207 - INFO - [AUDIT] - Decision: RECOVER_EPS, Reason: Critical voltage, Mode: Nominal
2025-07-11 04:29:38,207 - INFO - [AUDIT] - Rule Activated: CRITICAL_VOLTAGE, Reason: Bus voltage below threshold: 0.18 < 25.50
2025-07-11 04:29:38,207 - INFO - [AUDIT] - Decision: RECOVER_EPS, Reason: Critical voltage, Mode: Nominal
2025-07-11 04:29:38,207 - INFO - [AUDIT] - Rule Activated: CRITICAL_VOLTAGE, Reason: Bus voltage below threshold: 0.18 < 25.50
2025-07-11 04:29:38,207 - INFO - [AUDIT] - Decision: RECOVER_EPS, Reason: Critical voltage, Mode: Nominal
2025-07-11 04:29:38,208 - INFO - [AUDIT] - Rule Activated: CRITICAL_VOLTAGE, Reason: Bus voltage below threshold: 0.18 < 25.50
2025-07-11 04:29:38,208 - INFO - [AUDIT] - Decision: RECOVER_EPS, Reason: Critical voltage, Mode: Nominal
2025-07-11 04:29:38,208 - INFO - [AUDIT] - Rule Activated: CRITICAL_VOLTAGE, Reason: Bus voltage below threshold: 0.18 < 25.50
2025-07-11 04:29:38,208 - INFO - [AUDIT] - Decision: RECOVER_EPS, Reason: Critical voltage, Mode: Nominal
2025-07-11 04:29:38,208 - INFO - [AUDIT] - Rule Activated: CRITICAL_VOLTAGE, Reason: Bus voltage below threshold: 0.18 < 25.50
2025-07-11 04:29:38,208 - INFO - [AUDIT] - Decision: RECOVER_EPS, Reason: Critical voltage, Mode: Nominal
2025-07-11 04:29:38,208 - INFO - [AUDIT] - Rule Activated: CRITICAL_VOLTAGE, Reason: Bus voltage below threshold: 0.18 < 25.50
2025-07-11 04:29:38,208 - INFO - [AUDIT] - Decision: RECOVER_EPS, Reason: Critical voltage, Mode: Nominal
2025-07-11 04:29:38,208 - INFO - [AUDIT] - Rule Activated: CRITICAL_VOLTAGE, Reason: Bus voltage below threshold: 0.18 < 25.50
2025-07-11 04:29:38,208 - INFO - [AUDIT] - Decision: RECOVER_EPS, Reason: Critical voltage, Mode: Nominal
2025-07-11 04:29:38,208 - INFO - [AUDIT] - Rule Activated: CRITICAL_VOLTAGE, Reason: Bus voltage below threshold: 0.18 < 25.50
2025-07-11 04:29:38,208 - INFO - [AUDIT] - Decision: RECOVER_EPS, Reason: Critical voltage, Mode: Nominal
2025-07-11 04:29:38,209 - INFO - [AUDIT] - Rule Activated: CRITICAL_VOLTAGE, Reason: Bus voltage below threshold: 0.18 < 25.50
2025-07-11 04:29:38,209 - INFO - [AUDIT] - Decision: RECOVER_EPS, Reason: Critical voltage, Mode: Nominal
2025-07-11 04:29:38,209 - INFO - [AUDIT] - Rule Activated: CRITICAL_VOLTAGE, Reason: Bus voltage below threshold: 0.18 < 25.50
2025-07-11 04:29:38,209 - INFO - [AUDIT] - Decision: RECOVER_EPS, Reason: Critical voltage, Mode: Nominal
2025-07-11 04:29:38,209 - INFO - [AUDIT] - Rule Activated: CRITICAL_VOLTAGE, Reason: Bus voltage below threshold: 0.18 < 25.50
2025-07-11 04:29:38,209 - INFO - [AUDIT] - Decision: RECOVER_EPS, Reason: Critical voltage, Mode: Nominal
2025-07-11 04:29:38,209 - INFO - [AUDIT] - Rule Activated: CRITICAL_VOLTAGE, Reason: Bus voltage below threshold: 0.18 < 25.50
2025-07-11 04:29:38,209 - INFO - [AUDIT] - Decision: RECOVER_EPS, Reason: Critical voltage, Mode: Nominal
2025-07-11 04:29:38,210 - INFO - [AUDIT] - Rule Activated: CRITICAL_VOLTAGE, Reason: Bus voltage below threshold: 0.18 < 25.50
2025-07-11 04:29:38,210 - INFO - [AUDIT] - Decision: RECOVER_EPS, Reason: Critical voltage, Mode: Nominal
2025-07-11 04:29:38,210 - INFO - [AUDIT] - Rule Activated: CRITICAL_VOLTAGE, Reason: Bus voltage below threshold: 0.18 < 25.50
2025-07-11 04:29:38,210 - INFO - [AUDIT] - Decision: RECOVER_EPS, Reason: Critical voltage, Mode: Nominal
2025-07-11 04:29:38,210 - INFO - [AUDIT] - Rule Activated: CRITICAL_VOLTAGE, Reason: Bus voltage below threshold: 0.18 < 25.50
2025-07-11 04:29:38,210 - INFO - [AUDIT] - Decision: RECOVER_EPS, Reason: Critical voltage, Mode: Nominal
2025-07-11 04:29:38,210 - INFO - [AUDIT] - Rule Activated: CRITICAL_VOLTAGE, Reason: Bus voltage below threshold: 0.18 < 25.50
2025-07-11 04:29:38,210 - INFO - [AUDIT] - Decision: RECOVER_EPS, Reason: Critical voltage, Mode: Nominal
2025-07-11 04:29:38,210 - INFO - [AUDIT] - Rule Activated: CRITICAL_VOLTAGE, Reason: Bus voltage below threshold: 0.18 < 25.50
2025-07-11 04:29:38,211 - INFO - [AUDIT] - Decision: RECOVER_EPS, Reason: Critical voltage, Mode: Nominal
2025-07-11 04:29:38,211 - INFO - [AUDIT] - Rule Activated: CRITICAL_VOLTAGE, Reason: Bus voltage below threshold: 0.18 < 25.50
2025-07-11 04:29:38,211 - INFO - [AUDIT] - Decision: RECOVER_EPS, Reason: Critical voltage, Mode: Nominal
2025-07-11 04:29:38,211 - INFO - [AUDIT] - Rule Activated: CRITICAL_VOLTAGE, Reason: Bus voltage below threshold: 0.18 < 25.50
2025-07-11 04:29:38,211 - INFO - [AUDIT] - Decision: RECOVER_EPS, Reason: Critical voltage, Mode: Nominal
2025-07-11 04:29:38,211 - INFO - [AUDIT] - Rule Activated: CRITICAL_VOLTAGE, Reason: Bus voltage below threshold: 0.18 < 25.50
2025-07-11 04:29:38,211 - INFO - [AUDIT] - Decision: RECOVER_EPS, Reason: Critical voltage, Mode: Nominal
2025-07-11 04:29:38,211 - INFO - [AUDIT] - Rule Activated: CRITICAL_VOLTAGE, Reason: Bus voltage below threshold: 0.18 < 25.50
2025-07-11 04:29:38,211 - INFO - [AUDIT] - Decision: RECOVER_EPS, Reason: Critical voltage, Mode: Nominal
2025-07-11 04:29:38,212 - INFO - [AUDIT] - Rule Activated: CRITICAL_VOLTAGE, Reason: Bus voltage below threshold: 0.18 < 25.50
2025-07-11 04:29:38,212 - INFO - [AUDIT] - Decision: RECOVER_EPS, Reason: Critical voltage, Mode: Nominal
2025-07-11 04:29:38,212 - INFO - [AUDIT] - Rule Activated: CRITICAL_VOLTAGE, Reason: Bus voltage below threshold: 0.18 < 25.50
2025-07-11 04:29:38,212 - INFO - [AUDIT] - Decision: RECOVER_EPS, Reason: Critical voltage, Mode: Nominal
2025-07-11 04:29:38,212 - INFO - [AUDIT] - Rule Activated: CRITICAL_VOLTAGE, Reason: Bus voltage below threshold: 0.18 < 25.50
2025-07-11 04:29:38,212 - INFO - [AUDIT] - Decision: RECOVER_EPS, Reason: Critical voltage, Mode: Nominal
2025-07-11 04:29:38,213 - INFO - [AUDIT] - Rule Activated: CRITICAL_VOLTAGE, Reason: Bus voltage below threshold: 0.18 < 25.50
2025-07-11 04:29:38,213 - INFO - [AUDIT] - Decision: RECOVER_EPS, Reason: Critical voltage, Mode: Nominal
2025-07-11 04:29:38,213 - INFO - [AUDIT] - Rule Activated: CRITICAL_VOLTAGE, Reason: Bus voltage below threshold: 0.18 < 25.50
2025-07-11 04:29:38,213 - INFO - [AUDIT] - Decision: RECOVER_EPS, Reason: Critical voltage, Mode: Nominal
2025-07-11 04:29:38,213 - INFO - [AUDIT] - Rule Activated: CRITICAL_VOLTAGE, Reason: Bus voltage below threshold: 0.18 < 25.50
2025-07-11 04:29:38,213 - INFO - [AUDIT] - Decision: RECOVER_EPS, Reason: Critical voltage, Mode: Nominal
2025-07-11 04:29:38,213 - INFO - [AUDIT] - Rule Activated: CRITICAL_VOLTAGE, Reason: Bus voltage below threshold: 0.18 < 25.50
2025-07-11 04:29:38,213 - INFO - [AUDIT] - Decision: RECOVER_EPS, Reason: Critical voltage, Mode: Nominal
2025-07-11 04:29:38,213 - INFO - [AUDIT] - Rule Activated: CRITICAL_VOLTAGE, Reason: Bus voltage below threshold: 0.18 < 25.50
2025-07-11 04:29:38,213 - INFO - [AUDIT] - Decision: RECOVER_EPS, Reason: Critical voltage, Mode: Nominal
2025-07-11 04:29:38,214 - INFO - [AUDIT] - Rule Activated: CRITICAL_VOLTAGE, Reason: Bus voltage below threshold: 0.18 < 25.50
2025-07-11 04:29:38,214 - INFO - [AUDIT] - Decision: RECOVER_EPS, Reason: Critical voltage, Mode: Nominal
2025-07-11 04:29:38,214 - INFO - [AUDIT] - Rule Activated: CRITICAL_VOLTAGE, Reason: Bus voltage below threshold: 0.18 < 25.50
2025-07-11 04:29:38,214 - INFO - [AUDIT] - Decision: RECOVER_EPS, Reason: Critical voltage, Mode: Nominal
2025-07-11 04:29:38,214 - INFO - [AUDIT] - Rule Activated: CRITICAL_VOLTAGE, Reason: Bus voltage below threshold: 0.18 < 25.50
2025-07-11 04:29:38,214 - INFO - [AUDIT] - Decision: RECOVER_EPS, Reason: Critical voltage, Mode: Nominal
2025-07-11 04:29:38,214 - INFO - [AUDIT] - Rule Activated: CRITICAL_VOLTAGE, Reason: Bus voltage below threshold: 0.18 < 25.50
2025-07-11 04:29:38,214 - INFO - [AUDIT] - Decision: RECOVER_EPS, Reason: Critical voltage, Mode: Nominal
2025-07-11 04:29:38,214 - INFO - [AUDIT] - Rule Activated: CRITICAL_VOLTAGE, Reason: Bus voltage below threshold: 0.18 < 25.50
2025-07-11 04:29:38,214 - INFO - [AUDIT] - Decision: RECOVER_EPS, Reason: Critical voltage, Mode: Nominal
2025-07-11 04:29:38,214 - INFO - [AUDIT] - Rule Activated: CRITICAL_VOLTAGE, Reason: Bus voltage below threshold: 0.18 < 25.50
2025-07-11 04:29:38,214 - INFO - [AUDIT] - Decision: RECOVER_EPS, Reason: Critical voltage, Mode: Nominal
2025-07-11 04:29:38,215 - INFO - [AUDIT] - Rule Activated: CRITICAL_VOLTAGE, Reason: Bus voltage below threshold: 0.18 < 25.50
2025-07-11 04:29:38,215 - INFO - [AUDIT] - Decision: RECOVER_EPS, Reason: Critical voltage, Mode: Nominal
2025-07-11 04:29:38,215 - INFO - [AUDIT] - Rule Activated: CRITICAL_VOLTAGE, Reason: Bus voltage below threshold: 0.18 < 25.50
2025-07-11 04:29:38,215 - INFO - [AUDIT] - Decision: RECOVER_EPS, Reason: Critical voltage, Mode: Nominal
2025-07-11 04:29:38,215 - INFO - [AUDIT] - Rule Activated: CRITICAL_VOLTAGE, Reason: Bus voltage below threshold: 0.18 < 25.50
2025-07-11 04:29:38,215 - INFO - [AUDIT] - Decision: RECOVER_EPS, Reason: Critical voltage, Mode: Nominal
2025-07-11 04:29:38,215 - INFO - [AUDIT] - Rule Activated: CRITICAL_VOLTAGE, Reason: Bus voltage below threshold: 0.18 < 25.50
2025-07-11 04:29:38,215 - INFO - [AUDIT] - Decision: RECOVER_EPS, Reason: Critical voltage, Mode: Nominal
2025-07-11 04:29:38,215 - INFO - [AUDIT] - Rule Activated: CRITICAL_VOLTAGE, Reason: Bus voltage below threshold: 0.18 < 25.50
2025-07-11 04:29:38,215 - INFO - [AUDIT] - Decision: RECOVER_EPS, Reason: Critical voltage, Mode: Nominal
2025-07-11 04:29:38,215 - INFO - [AUDIT] - Rule Activated: CRITICAL_VOLTAGE, Reason: Bus voltage below threshold: 0.18 < 25.50
2025-07-11 04:29:38,215 - INFO - [AUDIT] - Decision: RECOVER_EPS, Reason: Critical voltage, Mode: Nominal
2025-07-11 04:29:38,216 - INFO - [AUDIT] - Rule Activated: CRITICAL_VOLTAGE, Reason: Bus voltage below threshold: 0.18 < 25.50
2025-07-11 04:29:38,216 - INFO - [AUDIT] - Decision: RECOVER_EPS, Reason: Critical voltage, Mode: Nominal
2025-07-11 04:29:38,216 - INFO - [AUDIT] - Rule Activated: CRITICAL_VOLTAGE, Reason: Bus voltage below threshold: 0.18 < 25.50
2025-07-11 04:29:38,216 - INFO - [AUDIT] - Decision: RECOVER_EPS, Reason: Critical voltage, Mode: Nominal
2025-07-11 04:29:38,216 - INFO - [AUDIT] - Rule Activated: CRITICAL_VOLTAGE, Reason: Bus voltage below threshold: 0.18 < 25.50
2025-07-11 04:29:38,216 - INFO - [AUDIT] - Decision: RECOVER_EPS, Reason: Critical voltage, Mode: Nominal
2025-07-11 04:29:38,216 - INFO - [AUDIT] - Rule Activated: CRITICAL_VOLTAGE, Reason: Bus voltage below threshold: 0.18 < 25.50
2025-07-11 04:29:38,216 - INFO - [AUDIT] - Decision: RECOVER_EPS, Reason: Critical voltage, Mode: Nominal
2025-07-11 04:29:38,216 - INFO - [AUDIT] - Rule Activated: CRITICAL_VOLTAGE, Reason: Bus voltage below threshold: 0.18 < 25.50
2025-07-11 04:29:38,216 - INFO - [AUDIT] - Decision: RECOVER_EPS, Reason: Critical voltage, Mode: Nominal
2025-07-11 04:29:38,216 - INFO - [AUDIT] - Rule Activated: CRITICAL_VOLTAGE, Reason: Bus voltage below threshold: 0.18 < 25.50
2025-07-11 04:29:38,216 - INFO - [AUDIT] - Decision: RECOVER_EPS, Reason: Critical voltage, Mode: Nominal
2025-07-11 04:29:38,217 - INFO - [AUDIT] - Rule Activated: CRITICAL_VOLTAGE, Reason: Bus voltage below threshold: 0.18 < 25.50
2025-07-11 04:29:38,217 - INFO - [AUDIT] - Decision: RECOVER_EPS, Reason: Critical voltage, Mode: Nominal
2025-07-11 04:29:38,217 - INFO - [AUDIT] - Rule Activated: CRITICAL_VOLTAGE, Reason: Bus voltage below threshold: 0.18 < 25.50
2025-07-11 04:29:38,217 - INFO - [AUDIT] - Decision: RECOVER_EPS, Reason: Critical voltage, Mode: Nominal
2025-07-11 04:29:38,217 - INFO - [AUDIT] - Rule Activated: CRITICAL_VOLTAGE, Reason: Bus voltage below threshold: 0.18 < 25.50
2025-07-11 04:29:38,217 - INFO - [AUDIT] - Decision: RECOVER_EPS, Reason: Critical voltage, Mode: Nominal
2025-07-11 04:29:38,217 - INFO - [AUDIT] - Rule Activated: CRITICAL_VOLTAGE, Reason: Bus voltage below threshold: 0.18 < 25.50
2025-07-11 04:29:38,217 - INFO - [AUDIT] - Decision: RECOVER_EPS, Reason: Critical voltage, Mode: Nominal
2025-07-11 04:29:38,217 - INFO - [AUDIT] - Rule Activated: CRITICAL_VOLTAGE, Reason: Bus voltage below threshold: 0.18 < 25.50
2025-07-11 04:29:38,217 - INFO - [AUDIT] - Decision: RECOVER_EPS, Reason: Critical voltage, Mode: Nominal
2025-07-11 04:29:38,217 - INFO - [AUDIT] - Rule Activated: CRITICAL_VOLTAGE, Reason: Bus voltage below threshold: 0.18 < 25.50
2025-07-11 04:29:38,217 - INFO - [AUDIT] - Decision: RECOVER_EPS, Reason: Critical voltage, Mode: Nominal
2025-07-11 04:29:38,218 - INFO - [AUDIT] - Rule Activated: CRITICAL_VOLTAGE, Reason: Bus voltage below threshold: 0.18 < 25.50
2025-07-11 04:29:38,218 - INFO - [AUDIT] - Decision: RECOVER_EPS, Reason: Critical voltage, Mode: Nominal
2025-07-11 04:29:38,218 - INFO - [AUDIT] - Rule Activated: CRITICAL_VOLTAGE, Reason: Bus voltage below threshold: 0.18 < 25.50
2025-07-11 04:29:38,218 - INFO - [AUDIT] - Decision: RECOVER_EPS, Reason: Critical voltage, Mode: Nominal
2025-07-11 04:29:38,218 - INFO - [AUDIT] - Rule Activated: CRITICAL_VOLTAGE, Reason: Bus voltage below threshold: 0.18 < 25.50
2025-07-11 04:29:38,218 - INFO - [AUDIT] - Decision: RECOVER_EPS, Reason: Critical voltage, Mode: Nominal
2025-07-11 04:29:38,218 - INFO - [AUDIT] - Rule Activated: CRITICAL_VOLTAGE, Reason: Bus voltage below threshold: 0.18 < 25.50
2025-07-11 04:29:38,218 - INFO - [AUDIT] - Decision: RECOVER_EPS, Reason: Critical voltage, Mode: Nominal
2025-07-11 04:29:38,218 - INFO - [AUDIT] - Rule Activated: CRITICAL_VOLTAGE, Reason: Bus voltage below threshold: 0.18 < 25.50
2025-07-11 04:29:38,218 - INFO - [AUDIT] - Decision: RECOVER_EPS, Reason: Critical voltage, Mode: Nominal
2025-07-11 04:29:38,218 - INFO - [AUDIT] - Rule Activated: CRITICAL_VOLTAGE, Reason: Bus voltage below threshold: 0.18 < 25.50
2025-07-11 04:29:38,219 - INFO - [AUDIT] - Decision: RECOVER_EPS, Reason: Critical voltage, Mode: Nominal
2025-07-11 04:29:38,219 - INFO - [AUDIT] - Rule Activated: CRITICAL_VOLTAGE, Reason: Bus voltage below threshold: 0.18 < 25.50
2025-07-11 04:29:38,219 - INFO - [AUDIT] - Decision: RECOVER_EPS, Reason: Critical voltage, Mode: Nominal
2025-07-11 04:29:38,219 - INFO - [AUDIT] - Rule Activated: CRITICAL_VOLTAGE, Reason: Bus voltage below threshold: 0.18 < 25.50
2025-07-11 04:29:38,219 - INFO - [AUDIT] - Decision: RECOVER_EPS, Reason: Critical voltage, Mode: Nominal
2025-07-11 04:29:38,219 - INFO - [AUDIT] - Rule Activated: CRITICAL_VOLTAGE, Reason: Bus voltage below threshold: 0.18 < 25.50
2025-07-11 04:29:38,219 - INFO - [AUDIT] - Decision: RECOVER_EPS, Reason: Critical voltage, Mode: Nominal
2025-07-11 04:29:38,219 - INFO - [AUDIT] - Rule Activated: CRITICAL_VOLTAGE, Reason: Bus voltage below threshold: 0.18 < 25.50
2025-07-11 04:29:38,219 - INFO - [AUDIT] - Decision: RECOVER_EPS, Reason: Critical voltage, Mode: Nominal
2025-07-11 04:29:38,219 - INFO - [AUDIT] - Rule Activated: CRITICAL_VOLTAGE, Reason: Bus voltage below threshold: 0.18 < 25.50
2025-07-11 04:29:38,219 - INFO - [AUDIT] - Decision: RECOVER_EPS, Reason: Critical voltage, Mode: Nominal
2025-07-11 04:29:38,219 - INFO - [AUDIT] - Rule Activated: CRITICAL_VOLTAGE, Reason: Bus voltage below threshold: 0.18 < 25.50
2025-07-11 04:29:38,220 - INFO - [AUDIT] - Decision: RECOVER_EPS, Reason: Critical voltage, Mode: Nominal
2025-07-11 04:29:38,220 - INFO - [AUDIT] - Rule Activated: CRITICAL_VOLTAGE, Reason: Bus voltage below threshold: 0.18 < 25.50
2025-07-11 04:29:38,220 - INFO - [AUDIT] - Decision: RECOVER_EPS, Reason: Critical voltage, Mode: Nominal
2025-07-11 04:29:38,220 - INFO - [AUDIT] - Rule Activated: CRITICAL_VOLTAGE, Reason: Bus voltage below threshold: 0.18 < 25.50
2025-07-11 04:29:38,220 - INFO - [AUDIT] - Decision: RECOVER_EPS, Reason: Critical voltage, Mode: Nominal
2025-07-11 04:29:38,220 - INFO - [AUDIT] - Rule Activated: CRITICAL_VOLTAGE, Reason: Bus voltage below threshold: 0.18 < 25.50
2025-07-11 04:29:38,220 - INFO - [AUDIT] - Decision: RECOVER_EPS, Reason: Critical voltage, Mode: Nominal
2025-07-11 04:29:38,220 - INFO - [AUDIT] - Rule Activated: CRITICAL_VOLTAGE, Reason: Bus voltage below threshold: 0.18 < 25.50
2025-07-11 04:29:38,220 - INFO - [AUDIT] - Decision: RECOVER_EPS, Reason: Critical voltage, Mode: Nominal
2025-07-11 04:29:38,220 - INFO - [AUDIT] - Rule Activated: CRITICAL_VOLTAGE, Reason: Bus voltage below threshold: 0.18 < 25.50
2025-07-11 04:29:38,220 - INFO - [AUDIT] - Decision: RECOVER_EPS, Reason: Critical voltage, Mode: Nominal
2025-07-11 04:29:38,220 - INFO - [AUDIT] - Rule Activated: CRITICAL_VOLTAGE, Reason: Bus voltage below threshold: 0.18 < 25.50
2025-07-11 04:29:38,220 - INFO - [AUDIT] - Decision: RECOVER_EPS, Reason: Critical voltage, Mode: Nominal
2025-07-11 04:29:38,221 - INFO - [AUDIT] - Rule Activated: CRITICAL_VOLTAGE, Reason: Bus voltage below threshold: 0.18 < 25.50
2025-07-11 04:29:38,221 - INFO - [AUDIT] - Decision: RECOVER_EPS, Reason: Critical voltage, Mode: Nominal
2025-07-11 04:29:38,221 - INFO - [AUDIT] - Rule Activated: CRITICAL_VOLTAGE, Reason: Bus voltage below threshold: 0.18 < 25.50
2025-07-11 04:29:38,221 - INFO - [AUDIT] - Decision: RECOVER_EPS, Reason: Critical voltage, Mode: Nominal
2025-07-11 04:29:38,221 - INFO - [AUDIT] - Rule Activated: CRITICAL_VOLTAGE, Reason: Bus voltage below threshold: 0.18 < 25.50
2025-07-11 04:29:38,221 - INFO - [AUDIT] - Decision: RECOVER_EPS, Reason: Critical voltage, Mode: Nominal
2025-07-11 04:29:38,221 - INFO - [AUDIT] - Rule Activated: CRITICAL_VOLTAGE, Reason: Bus voltage below threshold: 0.18 < 25.50
2025-07-11 04:29:38,221 - INFO - [AUDIT] - Decision: RECOVER_EPS, Reason: Critical voltage, Mode: Nominal
2025-07-11 04:29:38,221 - INFO - [AUDIT] - Rule Activated: CRITICAL_VOLTAGE, Reason: Bus voltage below threshold: 0.18 < 25.50
2025-07-11 04:29:38,221 - INFO - [AUDIT] - Decision: RECOVER_EPS, Reason: Critical voltage, Mode: Nominal
2025-07-11 04:29:38,221 - INFO - [AUDIT] - Rule Activated: CRITICAL_VOLTAGE, Reason: Bus voltage below threshold: 0.18 < 25.50
2025-07-11 04:29:38,221 - INFO - [AUDIT] - Decision: RECOVER_EPS, Reason: Critical voltage, Mode: Nominal
2025-07-11 04:29:38,222 - INFO - [AUDIT] - Rule Activated: CRITICAL_VOLTAGE, Reason: Bus voltage below threshold: 0.18 < 25.50
2025-07-11 04:29:38,222 - INFO - [AUDIT] - Decision: RECOVER_EPS, Reason: Critical voltage, Mode: Nominal
2025-07-11 04:29:38,222 - INFO - [AUDIT] - Rule Activated: CRITICAL_VOLTAGE, Reason: Bus voltage below threshold: 0.18 < 25.50
2025-07-11 04:29:38,222 - INFO - [AUDIT] - Decision: RECOVER_EPS, Reason: Critical voltage, Mode: Nominal
2025-07-11 04:29:38,222 - INFO - [AUDIT] - Rule Activated: CRITICAL_VOLTAGE, Reason: Bus voltage below threshold: 0.18 < 25.50
2025-07-11 04:29:38,222 - INFO - [AUDIT] - Decision: RECOVER_EPS, Reason: Critical voltage, Mode: Nominal
2025-07-11 04:29:38,222 - INFO - [AUDIT] - Rule Activated: CRITICAL_VOLTAGE, Reason: Bus voltage below threshold: 0.18 < 25.50
2025-07-11 04:29:38,222 - INFO - [AUDIT] - Decision: RECOVER_EPS, Reason: Critical voltage, Mode: Nominal
2025-07-11 04:29:38,222 - INFO - [AUDIT] - Rule Activated: CRITICAL_VOLTAGE, Reason: Bus voltage below threshold: 0.18 < 25.50
2025-07-11 04:29:38,222 - INFO - [AUDIT] - Decision: RECOVER_EPS, Reason: Critical voltage, Mode: Nominal
2025-07-11 04:29:38,222 - INFO - [AUDIT] - Rule Activated: CRITICAL_VOLTAGE, Reason: Bus voltage below threshold: 0.18 < 25.50
2025-07-11 04:29:38,222 - INFO - [AUDIT] - Decision: RECOVER_EPS, Reason: Critical voltage, Mode: Nominal
2025-07-11 04:29:38,223 - INFO - [AUDIT] - Rule Activated: CRITICAL_VOLTAGE, Reason: Bus voltage below threshold: 0.18 < 25.50
2025-07-11 04:29:38,223 - INFO - [AUDIT] - Decision: RECOVER_EPS, Reason: Critical voltage, Mode: Nominal
2025-07-11 04:29:38,223 - INFO - [AUDIT] - Rule Activated: CRITICAL_VOLTAGE, Reason: Bus voltage below threshold: 0.18 < 25.50
2025-07-11 04:29:38,223 - INFO - [AUDIT] - Decision: RECOVER_EPS, Reason: Critical voltage, Mode: Nominal
2025-07-11 04:29:38,223 - INFO - [AUDIT] - Rule Activated: CRITICAL_VOLTAGE, Reason: Bus voltage below threshold: 0.18 < 25.50
2025-07-11 04:29:38,223 - INFO - [AUDIT] - Decision: RECOVER_EPS, Reason: Critical voltage, Mode: Nominal
2025-07-11 04:29:38,223 - INFO - [AUDIT] - Rule Activated: CRITICAL_VOLTAGE, Reason: Bus voltage below threshold: 0.18 < 25.50
2025-07-11 04:29:38,223 - INFO - [AUDIT] - Decision: RECOVER_EPS, Reason: Critical voltage, Mode: Nominal
2025-07-11 04:29:38,223 - INFO - [AUDIT] - Rule Activated: CRITICAL_VOLTAGE, Reason: Bus voltage below threshold: 0.18 < 25.50
2025-07-11 04:29:38,223 - INFO - [AUDIT] - Decision: RECOVER_EPS, Reason: Critical voltage, Mode: Nominal
2025-07-11 04:29:38,223 - INFO - [AUDIT] - Rule Activated: CRITICAL_VOLTAGE, Reason: Bus voltage below threshold: 0.18 < 25.50
2025-07-11 04:29:38,223 - INFO - [AUDIT] - Decision: RECOVER_EPS, Reason: Critical voltage, Mode: Nominal
2025-07-11 04:29:38,224 - INFO - [AUDIT] - Rule Activated: CRITICAL_VOLTAGE, Reason: Bus voltage below threshold: 0.18 < 25.50
2025-07-11 04:29:38,224 - INFO - [AUDIT] - Decision: RECOVER_EPS, Reason: Critical voltage, Mode: Nominal
2025-07-11 04:29:38,224 - INFO - [AUDIT] - Rule Activated: CRITICAL_VOLTAGE, Reason: Bus voltage below threshold: 0.18 < 25.50
2025-07-11 04:29:38,224 - INFO - [AUDIT] - Decision: RECOVER_EPS, Reason: Critical voltage, Mode: Nominal
2025-07-11 04:29:38,224 - INFO - [AUDIT] - Rule Activated: CRITICAL_VOLTAGE, Reason: Bus voltage below threshold: 0.18 < 25.50
2025-07-11 04:29:38,224 - INFO - [AUDIT] - Decision: RECOVER_EPS, Reason: Critical voltage, Mode: Nominal
2025-07-11 04:29:38,224 - INFO - [AUDIT] - Rule Activated: CRITICAL_VOLTAGE, Reason: Bus voltage below threshold: 0.18 < 25.50
2025-07-11 04:29:38,224 - INFO - [AUDIT] - Decision: RECOVER_EPS, Reason: Critical voltage, Mode: Nominal
2025-07-11 04:29:38,224 - INFO - [AUDIT] - Rule Activated: CRITICAL_VOLTAGE, Reason: Bus voltage below threshold: 0.18 < 25.50
2025-07-11 04:29:38,224 - INFO - [AUDIT] - Decision: RECOVER_EPS, Reason: Critical voltage, Mode: Nominal
2025-07-11 04:29:38,224 - INFO - [AUDIT] - Rule Activated: CRITICAL_VOLTAGE, Reason: Bus voltage below threshold: 0.18 < 25.50
2025-07-11 04:29:38,224 - INFO - [AUDIT] - Decision: RECOVER_EPS, Reason: Critical voltage, Mode: Nominal
2025-07-11 04:29:38,225 - INFO - [AUDIT] - Rule Activated: CRITICAL_VOLTAGE, Reason: Bus voltage below threshold: 0.18 < 25.50
2025-07-11 04:29:38,225 - INFO - [AUDIT] - Decision: RECOVER_EPS, Reason: Critical voltage, Mode: Nominal
2025-07-11 04:29:38,225 - INFO - [AUDIT] - Rule Activated: CRITICAL_VOLTAGE, Reason: Bus voltage below threshold: 0.18 < 25.50
2025-07-11 04:29:38,225 - INFO - [AUDIT] - Decision: RECOVER_EPS, Reason: Critical voltage, Mode: Nominal
2025-07-11 04:29:38,225 - INFO - [AUDIT] - Rule Activated: CRITICAL_VOLTAGE, Reason: Bus voltage below threshold: 0.18 < 25.50
2025-07-11 04:29:38,225 - INFO - [AUDIT] - Decision: RECOVER_EPS, Reason: Critical voltage, Mode: Nominal
2025-07-11 04:29:38,225 - INFO - [AUDIT] - Rule Activated: CRITICAL_VOLTAGE, Reason: Bus voltage below threshold: 0.18 < 25.50
2025-07-11 04:29:38,225 - INFO - [AUDIT] - Decision: RECOVER_EPS, Reason: Critical voltage, Mode: Nominal
2025-07-11 04:29:38,225 - INFO - [AUDIT] - Rule Activated: CRITICAL_VOLTAGE, Reason: Bus voltage below threshold: 0.18 < 25.50
2025-07-11 04:29:38,225 - INFO - [AUDIT] - Decision: RECOVER_EPS, Reason: Critical voltage, Mode: Nominal
2025-07-11 04:29:38,225 - INFO - [AUDIT] - Rule Activated: CRITICAL_VOLTAGE, Reason: Bus voltage below threshold: 0.18 < 25.50
2025-07-11 04:29:38,225 - INFO - [AUDIT] - Decision: RECOVER_EPS, Reason: Critical voltage, Mode: Nominal
2025-07-11 04:29:38,225 - INFO - [AUDIT] - Rule Activated: CRITICAL_VOLTAGE, Reason: Bus voltage below threshold: 0.18 < 25.50
2025-07-11 04:29:38,225 - INFO - [AUDIT] - Decision: RECOVER_EPS, Reason: Critical voltage, Mode: Nominal
2025-07-11 04:29:38,226 - INFO - [AUDIT] - Rule Activated: CRITICAL_VOLTAGE, Reason: Bus voltage below threshold: 0.18 < 25.50
2025-07-11 04:29:38,226 - INFO - [AUDIT] - Decision: RECOVER_EPS, Reason: Critical voltage, Mode: Nominal
2025-07-11 04:29:38,226 - INFO - [AUDIT] - Rule Activated: CRITICAL_VOLTAGE, Reason: Bus voltage below threshold: 0.18 < 25.50
2025-07-11 04:29:38,226 - INFO - [AUDIT] - Decision: RECOVER_EPS, Reason: Critical voltage, Mode: Nominal
2025-07-11 04:29:38,226 - INFO - [AUDIT] - Rule Activated: CRITICAL_VOLTAGE, Reason: Bus voltage below threshold: 0.18 < 25.50
2025-07-11 04:29:38,226 - INFO - [AUDIT] - Decision: RECOVER_EPS, Reason: Critical voltage, Mode: Nominal
2025-07-11 04:29:38,226 - INFO - [AUDIT] - Rule Activated: CRITICAL_VOLTAGE, Reason: Bus voltage below threshold: 0.18 < 25.50
2025-07-11 04:29:38,226 - INFO - [AUDIT] - Decision: RECOVER_EPS, Reason: Critical voltage, Mode: Nominal
2025-07-11 04:29:38,226 - INFO - [AUDIT] - Rule Activated: CRITICAL_VOLTAGE, Reason: Bus voltage below threshold: 0.18 < 25.50
2025-07-11 04:29:38,226 - INFO - [AUDIT] - Decision: RECOVER_EPS, Reason: Critical voltage, Mode: Nominal
2025-07-11 04:29:38,227 - INFO - [AUDIT] - Rule Activated: CRITICAL_VOLTAGE, Reason: Bus voltage below threshold: 0.18 < 25.50
2025-07-11 04:29:38,227 - INFO - [AUDIT] - Decision: RECOVER_EPS, Reason: Critical voltage, Mode: Nominal
2025-07-11 04:29:38,227 - INFO - [AUDIT] - Rule Activated: CRITICAL_VOLTAGE, Reason: Bus voltage below threshold: 0.18 < 25.50
2025-07-11 04:29:38,227 - INFO - [AUDIT] - Decision: RECOVER_EPS, Reason: Critical voltage, Mode: Nominal
2025-07-11 04:29:38,227 - INFO - [AUDIT] - Rule Activated: CRITICAL_VOLTAGE, Reason: Bus voltage below threshold: 0.18 < 25.50
2025-07-11 04:29:38,227 - INFO - [AUDIT] - Decision: RECOVER_EPS, Reason: Critical voltage, Mode: Nominal
2025-07-11 04:29:38,227 - INFO - [AUDIT] - Rule Activated: CRITICAL_VOLTAGE, Reason: Bus voltage below threshold: 0.18 < 25.50
2025-07-11 04:29:38,227 - INFO - [AUDIT] - Decision: RECOVER_EPS, Reason: Critical voltage, Mode: Nominal
2025-07-11 04:29:38,227 - INFO - [AUDIT] - Rule Activated: CRITICAL_VOLTAGE, Reason: Bus voltage below threshold: 0.18 < 25.50
2025-07-11 04:29:38,227 - INFO - [AUDIT] - Decision: RECOVER_EPS, Reason: Critical voltage, Mode: Nominal
2025-07-11 04:29:38,227 - INFO - [AUDIT] - Rule Activated: CRITICAL_VOLTAGE, Reason: Bus voltage below threshold: 0.18 < 25.50
2025-07-11 04:29:38,227 - INFO - [AUDIT] - Decision: RECOVER_EPS, Reason: Critical voltage, Mode: Nominal
2025-07-11 04:29:38,228 - INFO - [AUDIT] - Rule Activated: CRITICAL_VOLTAGE, Reason: Bus voltage below threshold: 0.18 < 25.50
2025-07-11 04:29:38,228 - INFO - [AUDIT] - Decision: RECOVER_EPS, Reason: Critical voltage, Mode: Nominal
2025-07-11 04:29:38,228 - INFO - [AUDIT] - Rule Activated: CRITICAL_VOLTAGE, Reason: Bus voltage below threshold: 0.18 < 25.50
2025-07-11 04:29:38,228 - INFO - [AUDIT] - Decision: RECOVER_EPS, Reason: Critical voltage, Mode: Nominal
2025-07-11 04:29:38,228 - INFO - [AUDIT] - Rule Activated: CRITICAL_VOLTAGE, Reason: Bus voltage below threshold: 0.18 < 25.50
2025-07-11 04:29:38,228 - INFO - [AUDIT] - Decision: RECOVER_EPS, Reason: Critical voltage, Mode: Nominal
2025-07-11 04:29:38,228 - INFO - [AUDIT] - Rule Activated: CRITICAL_VOLTAGE, Reason: Bus voltage below threshold: 0.18 < 25.50
2025-07-11 04:29:38,228 - INFO - [AUDIT] - Decision: RECOVER_EPS, Reason: Critical voltage, Mode: Nominal
2025-07-11 04:29:38,228 - INFO - [AUDIT] - Rule Activated: CRITICAL_VOLTAGE, Reason: Bus voltage below threshold: 0.18 < 25.50
2025-07-11 04:29:38,228 - INFO - [AUDIT] - Decision: RECOVER_EPS, Reason: Critical voltage, Mode: Nominal
2025-07-11 04:29:38,229 - INFO - [AUDIT] - Rule Activated: CRITICAL_VOLTAGE, Reason: Bus voltage below threshold: 0.18 < 25.50
2025-07-11 04:29:38,229 - INFO - [AUDIT] - Decision: RECOVER_EPS, Reason: Critical voltage, Mode: Nominal
2025-07-11 04:29:38,229 - INFO - [AUDIT] - Rule Activated: CRITICAL_VOLTAGE, Reason: Bus voltage below threshold: 0.18 < 25.50
2025-07-11 04:29:38,229 - INFO - [AUDIT] - Decision: RECOVER_EPS, Reason: Critical voltage, Mode: Nominal
2025-07-11 04:29:38,229 - INFO - [AUDIT] - Rule Activated: CRITICAL_VOLTAGE, Reason: Bus voltage below threshold: 0.18 < 25.50
2025-07-11 04:29:38,229 - INFO - [AUDIT] - Decision: RECOVER_EPS, Reason: Critical voltage, Mode: Nominal
2025-07-11 04:29:38,229 - INFO - [AUDIT] - Rule Activated: CRITICAL_VOLTAGE, Reason: Bus voltage below threshold: 0.18 < 25.50
2025-07-11 04:29:38,229 - INFO - [AUDIT] - Decision: RECOVER_EPS, Reason: Critical voltage, Mode: Nominal
2025-07-11 04:29:38,229 - INFO - [AUDIT] - Rule Activated: CRITICAL_VOLTAGE, Reason: Bus voltage below threshold: 0.18 < 25.50
2025-07-11 04:29:38,230 - INFO - [AUDIT] - Decision: RECOVER_EPS, Reason: Critical voltage, Mode: Nominal
2025-07-11 04:29:38,230 - INFO - [AUDIT] - Rule Activated: CRITICAL_VOLTAGE, Reason: Bus voltage below threshold: 0.18 < 25.50
2025-07-11 04:29:38,230 - INFO - [AUDIT] - Decision: RECOVER_EPS, Reason: Critical voltage, Mode: Nominal
2025-07-11 04:29:38,230 - INFO - [AUDIT] - Rule Activated: CRITICAL_VOLTAGE, Reason: Bus voltage below threshold: 0.18 < 25.50
2025-07-11 04:29:38,230 - INFO - [AUDIT] - Decision: RECOVER_EPS, Reason: Critical voltage, Mode: Nominal
2025-07-11 04:29:38,230 - INFO - [AUDIT] - Rule Activated: CRITICAL_VOLTAGE, Reason: Bus voltage below threshold: 0.18 < 25.50
2025-07-11 04:29:38,230 - INFO - [AUDIT] - Decision: RECOVER_EPS, Reason: Critical voltage, Mode: Nominal
2025-07-11 04:29:38,230 - INFO - [AUDIT] - Rule Activated: CRITICAL_VOLTAGE, Reason: Bus voltage below threshold: 0.18 < 25.50
2025-07-11 04:29:38,230 - INFO - [AUDIT] - Decision: RECOVER_EPS, Reason: Critical voltage, Mode: Nominal
2025-07-11 04:29:38,231 - INFO - [AUDIT] - Rule Activated: CRITICAL_VOLTAGE, Reason: Bus voltage below threshold: 0.18 < 25.50
2025-07-11 04:29:38,231 - INFO - [AUDIT] - Decision: RECOVER_EPS, Reason: Critical voltage, Mode: Nominal
2025-07-11 04:29:38,231 - INFO - [AUDIT] - Rule Activated: CRITICAL_VOLTAGE, Reason: Bus voltage below threshold: 0.18 < 25.50
2025-07-11 04:29:38,231 - INFO - [AUDIT] - Decision: RECOVER_EPS, Reason: Critical voltage, Mode: Nominal
2025-07-11 04:29:38,231 - INFO - [AUDIT] - Rule Activated: CRITICAL_VOLTAGE, Reason: Bus voltage below threshold: 0.18 < 25.50
2025-07-11 04:29:38,231 - INFO - [AUDIT] - Decision: RECOVER_EPS, Reason: Critical voltage, Mode: Nominal
2025-07-11 04:29:38,231 - INFO - [AUDIT] - Rule Activated: CRITICAL_VOLTAGE, Reason: Bus voltage below threshold: 0.18 < 25.50
2025-07-11 04:29:38,231 - INFO - [AUDIT] - Decision: RECOVER_EPS, Reason: Critical voltage, Mode: Nominal
2025-07-11 04:29:38,231 - INFO - [AUDIT] - Rule Activated: CRITICAL_VOLTAGE, Reason: Bus voltage below threshold: 0.18 < 25.50
2025-07-11 04:29:38,231 - INFO - [AUDIT] - Decision: RECOVER_EPS, Reason: Critical voltage, Mode: Nominal
2025-07-11 04:29:38,231 - INFO - [AUDIT] - Rule Activated: CRITICAL_VOLTAGE, Reason: Bus voltage below threshold: 0.18 < 25.50
2025-07-11 04:29:38,231 - INFO - [AUDIT] - Decision: RECOVER_EPS, Reason: Critical voltage, Mode: Nominal
2025-07-11 04:29:38,232 - INFO - [AUDIT] - Rule Activated: CRITICAL_VOLTAGE, Reason: Bus voltage below threshold: 0.18 < 25.50
2025-07-11 04:29:38,232 - INFO - [AUDIT] - Decision: RECOVER_EPS, Reason: Critical voltage, Mode: Nominal
2025-07-11 04:29:38,232 - INFO - [AUDIT] - Rule Activated: CRITICAL_VOLTAGE, Reason: Bus voltage below threshold: 0.18 < 25.50
2025-07-11 04:29:38,232 - INFO - [AUDIT] - Decision: RECOVER_EPS, Reason: Critical voltage, Mode: Nominal
2025-07-11 04:29:38,232 - INFO - [AUDIT] - Rule Activated: CRITICAL_VOLTAGE, Reason: Bus voltage below threshold: 0.18 < 25.50
2025-07-11 04:29:38,232 - INFO - [AUDIT] - Decision: RECOVER_EPS, Reason: Critical voltage, Mode: Nominal
2025-07-11 04:29:38,232 - INFO - [AUDIT] - Rule Activated: CRITICAL_VOLTAGE, Reason: Bus voltage below threshold: 0.18 < 25.50
2025-07-11 04:29:38,232 - INFO - [AUDIT] - Decision: RECOVER_EPS, Reason: Critical voltage, Mode: Nominal
2025-07-11 04:29:38,232 - INFO - [AUDIT] - Rule Activated: CRITICAL_VOLTAGE, Reason: Bus voltage below threshold: 0.18 < 25.50
2025-07-11 04:29:38,232 - INFO - [AUDIT] - Decision: RECOVER_EPS, Reason: Critical voltage, Mode: Nominal
2025-07-11 04:29:38,233 - INFO - [AUDIT] - Rule Activated: CRITICAL_VOLTAGE, Reason: Bus voltage below threshold: 0.00 < 25.50
2025-07-11 04:29:38,233 - INFO - [AUDIT] - Decision: RECOVER_EPS, Reason: Critical voltage, Mode: Nominal
2025-07-11 04:29:38,233 - INFO - [AUDIT] - Rule Activated: CRITICAL_VOLTAGE, Reason: Bus voltage below threshold: 0.18 < 25.50
2025-07-11 04:29:38,233 - INFO - [AUDIT] - Decision: RECOVER_EPS, Reason: Critical voltage, Mode: Nominal
2025-07-11 04:29:38,233 - INFO - [AUDIT] - Rule Activated: CRITICAL_VOLTAGE, Reason: Bus voltage below threshold: 0.18 < 25.50
2025-07-11 04:29:38,233 - INFO - [AUDIT] - Decision: RECOVER_EPS, Reason: Critical voltage, Mode: Nominal
2025-07-11 04:29:38,233 - INFO - [AUDIT] - Rule Activated: CRITICAL_VOLTAGE, Reason: Bus voltage below threshold: 0.18 < 25.50
2025-07-11 04:29:38,233 - INFO - [AUDIT] - Decision: RECOVER_EPS, Reason: Critical voltage, Mode: Nominal
2025-07-11 04:29:38,233 - INFO - [AUDIT] - Rule Activated: CRITICAL_VOLTAGE, Reason: Bus voltage below threshold: 0.18 < 25.50
2025-07-11 04:29:38,233 - INFO - [AUDIT] - Decision: RECOVER_EPS, Reason: Critical voltage, Mode: Nominal
2025-07-11 04:29:38,233 - INFO - [AUDIT] - Rule Activated: CRITICAL_VOLTAGE, Reason: Bus voltage below threshold: 0.18 < 25.50
2025-07-11 04:29:38,233 - INFO - [AUDIT] - Decision: RECOVER_EPS, Reason: Critical voltage, Mode: Nominal
2025-07-11 04:29:38,234 - INFO - [AUDIT] - Rule Activated: CRITICAL_VOLTAGE, Reason: Bus voltage below threshold: 0.18 < 25.50
2025-07-11 04:29:38,234 - INFO - [AUDIT] - Decision: RECOVER_EPS, Reason: Critical voltage, Mode: Nominal
2025-07-11 04:29:38,234 - INFO - [AUDIT] - Rule Activated: CRITICAL_VOLTAGE, Reason: Bus voltage below threshold: 0.18 < 25.50
2025-07-11 04:29:38,234 - INFO - [AUDIT] - Decision: RECOVER_EPS, Reason: Critical voltage, Mode: Nominal
2025-07-11 04:29:38,234 - INFO - [AUDIT] - Rule Activated: CRITICAL_VOLTAGE, Reason: Bus voltage below threshold: 0.18 < 25.50
2025-07-11 04:29:38,234 - INFO - [AUDIT] - Decision: RECOVER_EPS, Reason: Critical voltage, Mode: Nominal
2025-07-11 04:29:38,234 - INFO - [AUDIT] - Rule Activated: CRITICAL_VOLTAGE, Reason: Bus voltage below threshold: 0.18 < 25.50
2025-07-11 04:29:38,234 - INFO - [AUDIT] - Decision: RECOVER_EPS, Reason: Critical voltage, Mode: Nominal
2025-07-11 04:29:38,234 - INFO - [AUDIT] - Rule Activated: CRITICAL_VOLTAGE, Reason: Bus voltage below threshold: 0.18 < 25.50
2025-07-11 04:29:38,234 - INFO - [AUDIT] - Decision: RECOVER_EPS, Reason: Critical voltage, Mode: Nominal
2025-07-11 04:29:38,234 - INFO - [AUDIT] - Rule Activated: CRITICAL_VOLTAGE, Reason: Bus voltage below threshold: 0.18 < 25.50
2025-07-11 04:29:38,234 - INFO - [AUDIT] - Decision: RECOVER_EPS, Reason: Critical voltage, Mode: Nominal
2025-07-11 04:29:38,235 - INFO - [AUDIT] - Rule Activated: CRITICAL_VOLTAGE, Reason: Bus voltage below threshold: 0.18 < 25.50
2025-07-11 04:29:38,235 - INFO - [AUDIT] - Decision: RECOVER_EPS, Reason: Critical voltage, Mode: Nominal
2025-07-11 04:29:38,235 - INFO - [AUDIT] - Rule Activated: CRITICAL_VOLTAGE, Reason: Bus voltage below threshold: 0.18 < 25.50
2025-07-11 04:29:38,235 - INFO - [AUDIT] - Decision: RECOVER_EPS, Reason: Critical voltage, Mode: Nominal
2025-07-11 04:29:38,235 - INFO - [AUDIT] - Rule Activated: CRITICAL_VOLTAGE, Reason: Bus voltage below threshold: 0.18 < 25.50
2025-07-11 04:29:38,235 - INFO - [AUDIT] - Decision: RECOVER_EPS, Reason: Critical voltage, Mode: Nominal
2025-07-11 04:29:38,235 - INFO - [AUDIT] - Rule Activated: CRITICAL_VOLTAGE, Reason: Bus voltage below threshold: 0.18 < 25.50
2025-07-11 04:29:38,235 - INFO - [AUDIT] - Decision: RECOVER_EPS, Reason: Critical voltage, Mode: Nominal
2025-07-11 04:29:38,235 - INFO - [AUDIT] - Rule Activated: CRITICAL_VOLTAGE, Reason: Bus voltage below threshold: 0.18 < 25.50
2025-07-11 04:29:38,235 - INFO - [AUDIT] - Decision: RECOVER_EPS, Reason: Critical voltage, Mode: Nominal
2025-07-11 04:29:38,235 - INFO - [AUDIT] - Rule Activated: CRITICAL_VOLTAGE, Reason: Bus voltage below threshold: 0.18 < 25.50
2025-07-11 04:29:38,235 - INFO - [AUDIT] - Decision: RECOVER_EPS, Reason: Critical voltage, Mode: Nominal
2025-07-11 04:29:38,235 - INFO - [AUDIT] - Rule Activated: CRITICAL_VOLTAGE, Reason: Bus voltage below threshold: 0.18 < 25.50
2025-07-11 04:29:38,236 - INFO - [AUDIT] - Decision: RECOVER_EPS, Reason: Critical voltage, Mode: Nominal
2025-07-11 04:29:38,236 - INFO - [AUDIT] - Rule Activated: CRITICAL_VOLTAGE, Reason: Bus voltage below threshold: 0.18 < 25.50
2025-07-11 04:29:38,236 - INFO - [AUDIT] - Decision: RECOVER_EPS, Reason: Critical voltage, Mode: Nominal
2025-07-11 04:29:38,236 - INFO - [AUDIT] - Rule Activated: CRITICAL_VOLTAGE, Reason: Bus voltage below threshold: 0.18 < 25.50
2025-07-11 04:29:38,236 - INFO - [AUDIT] - Decision: RECOVER_EPS, Reason: Critical voltage, Mode: Nominal
2025-07-11 04:29:38,236 - INFO - [AUDIT] - Rule Activated: CRITICAL_VOLTAGE, Reason: Bus voltage below threshold: 0.18 < 25.50
2025-07-11 04:29:38,236 - INFO - [AUDIT] - Decision: RECOVER_EPS, Reason: Critical voltage, Mode: Nominal
2025-07-11 04:29:38,236 - INFO - [AUDIT] - Rule Activated: CRITICAL_VOLTAGE, Reason: Bus voltage below threshold: 0.18 < 25.50
2025-07-11 04:29:38,236 - INFO - [AUDIT] - Decision: RECOVER_EPS, Reason: Critical voltage, Mode: Nominal
2025-07-11 04:29:38,236 - INFO - [AUDIT] - Rule Activated: CRITICAL_VOLTAGE, Reason: Bus voltage below threshold: 0.18 < 25.50
2025-07-11 04:29:38,236 - INFO - [AUDIT] - Decision: RECOVER_EPS, Reason: Critical voltage, Mode: Nominal
2025-07-11 04:29:38,236 - INFO - [AUDIT] - Rule Activated: CRITICAL_VOLTAGE, Reason: Bus voltage below threshold: 0.18 < 25.50
2025-07-11 04:29:38,236 - INFO - [AUDIT] - Decision: RECOVER_EPS, Reason: Critical voltage, Mode: Nominal
2025-07-11 04:29:38,237 - INFO - [AUDIT] - Rule Activated: CRITICAL_VOLTAGE, Reason: Bus voltage below threshold: 0.18 < 25.50
2025-07-11 04:29:38,237 - INFO - [AUDIT] - Decision: RECOVER_EPS, Reason: Critical voltage, Mode: Nominal
2025-07-11 04:29:38,237 - INFO - [AUDIT] - Rule Activated: CRITICAL_VOLTAGE, Reason: Bus voltage below threshold: 0.18 < 25.50
2025-07-11 04:29:38,237 - INFO - [AUDIT] - Decision: RECOVER_EPS, Reason: Critical voltage, Mode: Nominal
2025-07-11 04:29:38,237 - INFO - [AUDIT] - Rule Activated: CRITICAL_VOLTAGE, Reason: Bus voltage below threshold: 0.18 < 25.50
2025-07-11 04:29:38,237 - INFO - [AUDIT] - Decision: RECOVER_EPS, Reason: Critical voltage, Mode: Nominal
2025-07-11 04:29:38,237 - INFO - [AUDIT] - Rule Activated: CRITICAL_VOLTAGE, Reason: Bus voltage below threshold: 0.18 < 25.50
2025-07-11 04:29:38,237 - INFO - [AUDIT] - Decision: RECOVER_EPS, Reason: Critical voltage, Mode: Nominal
2025-07-11 04:29:38,237 - INFO - [AUDIT] - Rule Activated: CRITICAL_VOLTAGE, Reason: Bus voltage below threshold: 0.18 < 25.50
2025-07-11 04:29:38,237 - INFO - [AUDIT] - Decision: RECOVER_EPS, Reason: Critical voltage, Mode: Nominal
2025-07-11 04:29:38,237 - INFO - [AUDIT] - Rule Activated: CRITICAL_VOLTAGE, Reason: Bus voltage below threshold: 0.18 < 25.50
2025-07-11 04:29:38,237 - INFO - [AUDIT] - Decision: RECOVER_EPS, Reason: Critical voltage, Mode: Nominal
2025-07-11 04:29:38,238 - INFO - [AUDIT] - Rule Activated: CRITICAL_VOLTAGE, Reason: Bus voltage below threshold: 0.18 < 25.50
2025-07-11 04:29:38,238 - INFO - [AUDIT] - Decision: RECOVER_EPS, Reason: Critical voltage, Mode: Nominal
2025-07-11 04:29:38,238 - INFO - [AUDIT] - Rule Activated: CRITICAL_VOLTAGE, Reason: Bus voltage below threshold: 0.18 < 25.50
2025-07-11 04:29:38,238 - INFO - [AUDIT] - Decision: RECOVER_EPS, Reason: Critical voltage, Mode: Nominal
2025-07-11 04:29:38,238 - INFO - [AUDIT] - Rule Activated: CRITICAL_VOLTAGE, Reason: Bus voltage below threshold: 0.18 < 25.50
2025-07-11 04:29:38,238 - INFO - [AUDIT] - Decision: RECOVER_EPS, Reason: Critical voltage, Mode: Nominal
2025-07-11 04:29:38,238 - INFO - [AUDIT] - Rule Activated: CRITICAL_VOLTAGE, Reason: Bus voltage below threshold: 0.18 < 25.50
2025-07-11 04:29:38,238 - INFO - [AUDIT] - Decision: RECOVER_EPS, Reason: Critical voltage, Mode: Nominal
2025-07-11 04:29:38,239 - INFO - [AUDIT] - Rule Activated: CRITICAL_VOLTAGE, Reason: Bus voltage below threshold: 0.18 < 25.50
2025-07-11 04:29:38,239 - INFO - [AUDIT] - Decision: RECOVER_EPS, Reason: Critical voltage, Mode: Nominal
2025-07-11 04:29:38,239 - INFO - [AUDIT] - Rule Activated: CRITICAL_VOLTAGE, Reason: Bus voltage below threshold: 0.18 < 25.50
2025-07-11 04:29:38,239 - INFO - [AUDIT] - Decision: RECOVER_EPS, Reason: Critical voltage, Mode: Nominal
2025-07-11 04:29:38,239 - INFO - [AUDIT] - Rule Activated: CRITICAL_VOLTAGE, Reason: Bus voltage below threshold: 0.18 < 25.50
2025-07-11 04:29:38,239 - INFO - [AUDIT] - Decision: RECOVER_EPS, Reason: Critical voltage, Mode: Nominal
2025-07-11 04:29:38,239 - INFO - [AUDIT] - Rule Activated: CRITICAL_VOLTAGE, Reason: Bus voltage below threshold: 0.18 < 25.50
2025-07-11 04:29:38,239 - INFO - [AUDIT] - Decision: RECOVER_EPS, Reason: Critical voltage, Mode: Nominal
2025-07-11 04:29:38,239 - INFO - [AUDIT] - Rule Activated: CRITICAL_VOLTAGE, Reason: Bus voltage below threshold: 0.18 < 25.50
2025-07-11 04:29:38,239 - INFO - [AUDIT] - Decision: RECOVER_EPS, Reason: Critical voltage, Mode: Nominal
2025-07-11 04:29:38,240 - INFO - [AUDIT] - Rule Activated: CRITICAL_VOLTAGE, Reason: Bus voltage below threshold: 0.18 < 25.50
2025-07-11 04:29:38,240 - INFO - [AUDIT] - Decision: RECOVER_EPS, Reason: Critical voltage, Mode: Nominal
2025-07-11 04:29:38,240 - INFO - [AUDIT] - Rule Activated: CRITICAL_VOLTAGE, Reason: Bus voltage below threshold: 0.18 < 25.50
2025-07-11 04:29:38,240 - INFO - [AUDIT] - Decision: RECOVER_EPS, Reason: Critical voltage, Mode: Nominal
2025-07-11 04:29:38,240 - INFO - [AUDIT] - Rule Activated: CRITICAL_VOLTAGE, Reason: Bus voltage below threshold: 0.18 < 25.50
2025-07-11 04:29:38,240 - INFO - [AUDIT] - Decision: RECOVER_EPS, Reason: Critical voltage, Mode: Nominal
2025-07-11 04:29:38,240 - INFO - [AUDIT] - Rule Activated: CRITICAL_VOLTAGE, Reason: Bus voltage below threshold: 0.18 < 25.50
2025-07-11 04:29:38,240 - INFO - [AUDIT] - Decision: RECOVER_EPS, Reason: Critical voltage, Mode: Nominal
2025-07-11 04:29:38,240 - INFO - [AUDIT] - Rule Activated: CRITICAL_VOLTAGE, Reason: Bus voltage below threshold: 0.18 < 25.50
2025-07-11 04:29:38,240 - INFO - [AUDIT] - Decision: RECOVER_EPS, Reason: Critical voltage, Mode: Nominal
2025-07-11 04:29:38,240 - INFO - [AUDIT] - Rule Activated: CRITICAL_VOLTAGE, Reason: Bus voltage below threshold: 0.18 < 25.50
2025-07-11 04:29:38,240 - INFO - [AUDIT] - Decision: RECOVER_EPS, Reason: Critical voltage, Mode: Nominal
2025-07-11 04:29:38,241 - INFO - [AUDIT] - Rule Activated: CRITICAL_VOLTAGE, Reason: Bus voltage below threshold: 0.18 < 25.50
2025-07-11 04:29:38,241 - INFO - [AUDIT] - Decision: RECOVER_EPS, Reason: Critical voltage, Mode: Nominal
2025-07-11 04:29:38,241 - INFO - [AUDIT] - Rule Activated: CRITICAL_VOLTAGE, Reason: Bus voltage below threshold: 0.18 < 25.50
2025-07-11 04:29:38,241 - INFO - [AUDIT] - Decision: RECOVER_EPS, Reason: Critical voltage, Mode: Nominal
2025-07-11 04:29:38,241 - INFO - [AUDIT] - Rule Activated: CRITICAL_VOLTAGE, Reason: Bus voltage below threshold: 0.18 < 25.50
2025-07-11 04:29:38,241 - INFO - [AUDIT] - Decision: RECOVER_EPS, Reason: Critical voltage, Mode: Nominal
2025-07-11 04:29:38,241 - INFO - [AUDIT] - Rule Activated: CRITICAL_VOLTAGE, Reason: Bus voltage below threshold: 0.18 < 25.50
2025-07-11 04:29:38,241 - INFO - [AUDIT] - Decision: RECOVER_EPS, Reason: Critical voltage, Mode: Nominal
2025-07-11 04:29:38,241 - INFO - [AUDIT] - Rule Activated: CRITICAL_VOLTAGE, Reason: Bus voltage below threshold: 0.18 < 25.50
2025-07-11 04:29:38,241 - INFO - [AUDIT] - Decision: RECOVER_EPS, Reason: Critical voltage, Mode: Nominal
2025-07-11 04:29:38,241 - INFO - [AUDIT] - Rule Activated: CRITICAL_VOLTAGE, Reason: Bus voltage below threshold: 0.18 < 25.50
2025-07-11 04:29:38,241 - INFO - [AUDIT] - Decision: RECOVER_EPS, Reason: Critical voltage, Mode: Nominal
2025-07-11 04:29:38,241 - INFO - [AUDIT] - Rule Activated: CRITICAL_VOLTAGE, Reason: Bus voltage below threshold: 0.18 < 25.50
2025-07-11 04:29:38,241 - INFO - [AUDIT] - Decision: RECOVER_EPS, Reason: Critical voltage, Mode: Nominal
2025-07-11 04:29:38,242 - INFO - [AUDIT] - Rule Activated: CRITICAL_VOLTAGE, Reason: Bus voltage below threshold: 0.18 < 25.50
2025-07-11 04:29:38,242 - INFO - [AUDIT] - Decision: RECOVER_EPS, Reason: Critical voltage, Mode: Nominal
2025-07-11 04:29:38,242 - INFO - [AUDIT] - Rule Activated: CRITICAL_VOLTAGE, Reason: Bus voltage below threshold: 0.18 < 25.50
2025-07-11 04:29:38,242 - INFO - [AUDIT] - Decision: RECOVER_EPS, Reason: Critical voltage, Mode: Nominal
2025-07-11 04:29:38,242 - INFO - [AUDIT] - Rule Activated: CRITICAL_VOLTAGE, Reason: Bus voltage below threshold: 0.18 < 25.50
2025-07-11 04:29:38,242 - INFO - [AUDIT] - Decision: RECOVER_EPS, Reason: Critical voltage, Mode: Nominal
2025-07-11 04:29:38,242 - INFO - [AUDIT] - Rule Activated: CRITICAL_VOLTAGE, Reason: Bus voltage below threshold: 0.18 < 25.50
2025-07-11 04:29:38,242 - INFO - [AUDIT] - Decision: RECOVER_EPS, Reason: Critical voltage, Mode: Nominal
2025-07-11 04:29:38,242 - INFO - [AUDIT] - Rule Activated: CRITICAL_VOLTAGE, Reason: Bus voltage below threshold: 0.18 < 25.50
2025-07-11 04:29:38,242 - INFO - [AUDIT] - Decision: RECOVER_EPS, Reason: Critical voltage, Mode: Nominal
2025-07-11 04:29:38,242 - INFO - [AUDIT] - Rule Activated: CRITICAL_VOLTAGE, Reason: Bus voltage below threshold: 0.18 < 25.50
2025-07-11 04:29:38,242 - INFO - [AUDIT] - Decision: RECOVER_EPS, Reason: Critical voltage, Mode: Nominal
2025-07-11 04:29:38,243 - INFO - [AUDIT] - Rule Activated: CRITICAL_VOLTAGE, Reason: Bus voltage below threshold: 0.18 < 25.50
2025-07-11 04:29:38,243 - INFO - [AUDIT] - Decision: RECOVER_EPS, Reason: Critical voltage, Mode: Nominal
2025-07-11 04:29:38,243 - INFO - [AUDIT] - Rule Activated: CRITICAL_VOLTAGE, Reason: Bus voltage below threshold: 0.18 < 25.50
2025-07-11 04:29:38,243 - INFO - [AUDIT] - Decision: RECOVER_EPS, Reason: Critical voltage, Mode: Nominal
2025-07-11 04:29:38,243 - INFO - [AUDIT] - Rule Activated: CRITICAL_VOLTAGE, Reason: Bus voltage below threshold: 0.18 < 25.50
2025-07-11 04:29:38,243 - INFO - [AUDIT] - Decision: RECOVER_EPS, Reason: Critical voltage, Mode: Nominal
2025-07-11 04:29:38,243 - INFO - [AUDIT] - Rule Activated: CRITICAL_VOLTAGE, Reason: Bus voltage below threshold: 0.18 < 25.50
2025-07-11 04:29:38,243 - INFO - [AUDIT] - Decision: RECOVER_EPS, Reason: Critical voltage, Mode: Nominal
2025-07-11 04:29:38,243 - INFO - [AUDIT] - Rule Activated: CRITICAL_VOLTAGE, Reason: Bus voltage below threshold: 0.18 < 25.50
2025-07-11 04:29:38,243 - INFO - [AUDIT] - Decision: RECOVER_EPS, Reason: Critical voltage, Mode: Nominal
2025-07-11 04:29:38,243 - INFO - [AUDIT] - Rule Activated: CRITICAL_VOLTAGE, Reason: Bus voltage below threshold: 0.18 < 25.50
2025-07-11 04:29:38,243 - INFO - [AUDIT] - Decision: RECOVER_EPS, Reason: Critical voltage, Mode: Nominal
2025-07-11 04:29:38,244 - INFO - [AUDIT] - Rule Activated: CRITICAL_VOLTAGE, Reason: Bus voltage below threshold: 0.18 < 25.50
2025-07-11 04:29:38,244 - INFO - [AUDIT] - Decision: RECOVER_EPS, Reason: Critical voltage, Mode: Nominal
2025-07-11 04:29:38,244 - INFO - [AUDIT] - Rule Activated: CRITICAL_VOLTAGE, Reason: Bus voltage below threshold: 0.18 < 25.50
2025-07-11 04:29:38,244 - INFO - [AUDIT] - Decision: RECOVER_EPS, Reason: Critical voltage, Mode: Nominal
2025-07-11 04:29:38,244 - INFO - [AUDIT] - Rule Activated: CRITICAL_VOLTAGE, Reason: Bus voltage below threshold: 0.18 < 25.50
2025-07-11 04:29:38,244 - INFO - [AUDIT] - Decision: RECOVER_EPS, Reason: Critical voltage, Mode: Nominal
2025-07-11 04:29:38,245 - INFO - [AUDIT] - Rule Activated: CRITICAL_VOLTAGE, Reason: Bus voltage below threshold: 0.18 < 25.50
2025-07-11 04:29:38,245 - INFO - [AUDIT] - Decision: RECOVER_EPS, Reason: Critical voltage, Mode: Nominal
2025-07-11 04:29:38,245 - INFO - [AUDIT] - Rule Activated: CRITICAL_VOLTAGE, Reason: Bus voltage below threshold: 0.18 < 25.50
2025-07-11 04:29:38,245 - INFO - [AUDIT] - Decision: RECOVER_EPS, Reason: Critical voltage, Mode: Nominal
2025-07-11 04:29:38,245 - INFO - [AUDIT] - Rule Activated: CRITICAL_VOLTAGE, Reason: Bus voltage below threshold: 0.18 < 25.50
2025-07-11 04:29:38,245 - INFO - [AUDIT] - Decision: RECOVER_EPS, Reason: Critical voltage, Mode: Nominal
2025-07-11 04:29:38,245 - INFO - [AUDIT] - Rule Activated: CRITICAL_VOLTAGE, Reason: Bus voltage below threshold: 0.18 < 25.50
2025-07-11 04:29:38,245 - INFO - [AUDIT] - Decision: RECOVER_EPS, Reason: Critical voltage, Mode: Nominal
2025-07-11 04:29:38,245 - INFO - [AUDIT] - Rule Activated: CRITICAL_VOLTAGE, Reason: Bus voltage below threshold: 0.18 < 25.50
2025-07-11 04:29:38,245 - INFO - [AUDIT] - Decision: RECOVER_EPS, Reason: Critical voltage, Mode: Nominal
2025-07-11 04:29:38,245 - INFO - [AUDIT] - Rule Activated: CRITICAL_VOLTAGE, Reason: Bus voltage below threshold: 0.18 < 25.50
2025-07-11 04:29:38,245 - INFO - [AUDIT] - Decision: RECOVER_EPS, Reason: Critical voltage, Mode: Nominal
2025-07-11 04:29:38,245 - INFO - [AUDIT] - Rule Activated: CRITICAL_VOLTAGE, Reason: Bus voltage below threshold: 0.18 < 25.50
2025-07-11 04:29:38,245 - INFO - [AUDIT] - Decision: RECOVER_EPS, Reason: Critical voltage, Mode: Nominal
2025-07-11 04:29:38,246 - INFO - [AUDIT] - Rule Activated: CRITICAL_VOLTAGE, Reason: Bus voltage below threshold: 0.18 < 25.50
2025-07-11 04:29:38,246 - INFO - [AUDIT] - Decision: RECOVER_EPS, Reason: Critical voltage, Mode: Nominal
2025-07-11 04:29:38,246 - INFO - [AUDIT] - Rule Activated: CRITICAL_VOLTAGE, Reason: Bus voltage below threshold: 0.18 < 25.50
2025-07-11 04:29:38,246 - INFO - [AUDIT] - Decision: RECOVER_EPS, Reason: Critical voltage, Mode: Nominal
2025-07-11 04:29:38,246 - INFO - [AUDIT] - Rule Activated: CRITICAL_VOLTAGE, Reason: Bus voltage below threshold: 0.18 < 25.50
2025-07-11 04:29:38,246 - INFO - [AUDIT] - Decision: RECOVER_EPS, Reason: Critical voltage, Mode: Nominal
2025-07-11 04:29:38,246 - INFO - [AUDIT] - Rule Activated: CRITICAL_VOLTAGE, Reason: Bus voltage below threshold: 0.18 < 25.50
2025-07-11 04:29:38,246 - INFO - [AUDIT] - Decision: RECOVER_EPS, Reason: Critical voltage, Mode: Nominal
2025-07-11 04:29:38,246 - INFO - [AUDIT] - Rule Activated: CRITICAL_VOLTAGE, Reason: Bus voltage below threshold: 0.18 < 25.50
2025-07-11 04:29:38,246 - INFO - [AUDIT] - Decision: RECOVER_EPS, Reason: Critical voltage, Mode: Nominal
2025-07-11 04:29:38,246 - INFO - [AUDIT] - Rule Activated: CRITICAL_VOLTAGE, Reason: Bus voltage below threshold: 0.18 < 25.50
2025-07-11 04:29:38,246 - INFO - [AUDIT] - Decision: RECOVER_EPS, Reason: Critical voltage, Mode: Nominal
2025-07-11 04:29:38,247 - INFO - [AUDIT] - Rule Activated: CRITICAL_VOLTAGE, Reason: Bus voltage below threshold: 0.18 < 25.50
2025-07-11 04:29:38,247 - INFO - [AUDIT] - Decision: RECOVER_EPS, Reason: Critical voltage, Mode: Nominal
2025-07-11 04:29:38,247 - INFO - [AUDIT] - Rule Activated: CRITICAL_VOLTAGE, Reason: Bus voltage below threshold: 0.18 < 25.50
2025-07-11 04:29:38,247 - INFO - [AUDIT] - Decision: RECOVER_EPS, Reason: Critical voltage, Mode: Nominal
2025-07-11 04:29:38,247 - INFO - [AUDIT] - Rule Activated: CRITICAL_VOLTAGE, Reason: Bus voltage below threshold: 0.18 < 25.50
2025-07-11 04:29:38,247 - INFO - [AUDIT] - Decision: RECOVER_EPS, Reason: Critical voltage, Mode: Nominal
2025-07-11 04:29:38,247 - INFO - [AUDIT] - Rule Activated: CRITICAL_VOLTAGE, Reason: Bus voltage below threshold: 0.18 < 25.50
2025-07-11 04:29:38,247 - INFO - [AUDIT] - Decision: RECOVER_EPS, Reason: Critical voltage, Mode: Nominal
2025-07-11 04:29:38,247 - INFO - [AUDIT] - Rule Activated: CRITICAL_VOLTAGE, Reason: Bus voltage below threshold: 0.18 < 25.50
2025-07-11 04:29:38,247 - INFO - [AUDIT] - Decision: RECOVER_EPS, Reason: Critical voltage, Mode: Nominal
2025-07-11 04:29:38,248 - INFO - [AUDIT] - Rule Activated: CRITICAL_VOLTAGE, Reason: Bus voltage below threshold: 0.18 < 25.50
2025-07-11 04:29:38,248 - INFO - [AUDIT] - Decision: RECOVER_EPS, Reason: Critical voltage, Mode: Nominal
2025-07-11 04:29:38,248 - INFO - [AUDIT] - Rule Activated: CRITICAL_VOLTAGE, Reason: Bus voltage below threshold: 0.18 < 25.50
2025-07-11 04:29:38,248 - INFO - [AUDIT] - Decision: RECOVER_EPS, Reason: Critical voltage, Mode: Nominal
2025-07-11 04:29:38,248 - INFO - [AUDIT] - Rule Activated: CRITICAL_VOLTAGE, Reason: Bus voltage below threshold: 0.18 < 25.50
2025-07-11 04:29:38,248 - INFO - [AUDIT] - Decision: RECOVER_EPS, Reason: Critical voltage, Mode: Nominal
2025-07-11 04:29:38,248 - INFO - [AUDIT] - Rule Activated: CRITICAL_VOLTAGE, Reason: Bus voltage below threshold: 0.18 < 25.50
2025-07-11 04:29:38,248 - INFO - [AUDIT] - Decision: RECOVER_EPS, Reason: Critical voltage, Mode: Nominal
2025-07-11 04:29:38,248 - INFO - [AUDIT] - Rule Activated: CRITICAL_VOLTAGE, Reason: Bus voltage below threshold: 0.18 < 25.50
2025-07-11 04:29:38,248 - INFO - [AUDIT] - Decision: RECOVER_EPS, Reason: Critical voltage, Mode: Nominal
2025-07-11 04:29:38,248 - INFO - [AUDIT] - Rule Activated: CRITICAL_VOLTAGE, Reason: Bus voltage below threshold: 0.18 < 25.50
2025-07-11 04:29:38,248 - INFO - [AUDIT] - Decision: RECOVER_EPS, Reason: Critical voltage, Mode: Nominal
2025-07-11 04:29:38,249 - INFO - [AUDIT] - Rule Activated: CRITICAL_VOLTAGE, Reason: Bus voltage below threshold: 0.18 < 25.50
2025-07-11 04:29:38,249 - INFO - [AUDIT] - Decision: RECOVER_EPS, Reason: Critical voltage, Mode: Nominal
2025-07-11 04:29:38,249 - INFO - [AUDIT] - Rule Activated: CRITICAL_VOLTAGE, Reason: Bus voltage below threshold: 0.18 < 25.50
2025-07-11 04:29:38,249 - INFO - [AUDIT] - Decision: RECOVER_EPS, Reason: Critical voltage, Mode: Nominal
2025-07-11 04:29:38,249 - INFO - [AUDIT] - Rule Activated: CRITICAL_VOLTAGE, Reason: Bus voltage below threshold: 0.18 < 25.50
2025-07-11 04:29:38,249 - INFO - [AUDIT] - Decision: RECOVER_EPS, Reason: Critical voltage, Mode: Nominal
2025-07-11 04:29:38,249 - INFO - [AUDIT] - Rule Activated: CRITICAL_VOLTAGE, Reason: Bus voltage below threshold: 0.18 < 25.50
2025-07-11 04:29:38,249 - INFO - [AUDIT] - Decision: RECOVER_EPS, Reason: Critical voltage, Mode: Nominal
2025-07-11 04:29:38,249 - INFO - [AUDIT] - Rule Activated: CRITICAL_VOLTAGE, Reason: Bus voltage below threshold: 0.18 < 25.50
2025-07-11 04:29:38,249 - INFO - [AUDIT] - Decision: RECOVER_EPS, Reason: Critical voltage, Mode: Nominal
2025-07-11 04:29:38,249 - INFO - [AUDIT] - Rule Activated: CRITICAL_VOLTAGE, Reason: Bus voltage below threshold: 0.18 < 25.50
2025-07-11 04:29:38,249 - INFO - [AUDIT] - Decision: RECOVER_EPS, Reason: Critical voltage, Mode: Nominal
2025-07-11 04:29:38,250 - INFO - [AUDIT] - Rule Activated: CRITICAL_VOLTAGE, Reason: Bus voltage below threshold: 0.18 < 25.50
2025-07-11 04:29:38,250 - INFO - [AUDIT] - Decision: RECOVER_EPS, Reason: Critical voltage, Mode: Nominal
2025-07-11 04:29:38,250 - INFO - [AUDIT] - Rule Activated: CRITICAL_VOLTAGE, Reason: Bus voltage below threshold: 0.18 < 25.50
2025-07-11 04:29:38,250 - INFO - [AUDIT] - Decision: RECOVER_EPS, Reason: Critical voltage, Mode: Nominal
2025-07-11 04:29:38,250 - INFO - [AUDIT] - Rule Activated: CRITICAL_VOLTAGE, Reason: Bus voltage below threshold: 0.18 < 25.50
2025-07-11 04:29:38,250 - INFO - [AUDIT] - Decision: RECOVER_EPS, Reason: Critical voltage, Mode: Nominal
2025-07-11 04:29:38,250 - INFO - [AUDIT] - Rule Activated: CRITICAL_VOLTAGE, Reason: Bus voltage below threshold: 0.18 < 25.50
2025-07-11 04:29:38,250 - INFO - [AUDIT] - Decision: RECOVER_EPS, Reason: Critical voltage, Mode: Nominal
2025-07-11 04:29:38,250 - INFO - [AUDIT] - Rule Activated: CRITICAL_VOLTAGE, Reason: Bus voltage below threshold: 0.18 < 25.50
2025-07-11 04:29:38,250 - INFO - [AUDIT] - Decision: RECOVER_EPS, Reason: Critical voltage, Mode: Nominal
2025-07-11 04:29:38,250 - INFO - [AUDIT] - Rule Activated: CRITICAL_VOLTAGE, Reason: Bus voltage below threshold: 0.18 < 25.50
2025-07-11 04:29:38,250 - INFO - [AUDIT] - Decision: RECOVER_EPS, Reason: Critical voltage, Mode: Nominal
2025-07-11 04:29:38,251 - INFO - [AUDIT] - Rule Activated: CRITICAL_VOLTAGE, Reason: Bus voltage below threshold: 0.18 < 25.50
2025-07-11 04:29:38,251 - INFO - [AUDIT] - Decision: RECOVER_EPS, Reason: Critical voltage, Mode: Nominal
2025-07-11 04:29:38,251 - INFO - [AUDIT] - Rule Activated: CRITICAL_VOLTAGE, Reason: Bus voltage below threshold: 0.18 < 25.50
2025-07-11 04:29:38,251 - INFO - [AUDIT] - Decision: RECOVER_EPS, Reason: Critical voltage, Mode: Nominal
2025-07-11 04:29:38,251 - INFO - [AUDIT] - Rule Activated: CRITICAL_VOLTAGE, Reason: Bus voltage below threshold: 0.18 < 25.50
2025-07-11 04:29:38,251 - INFO - [AUDIT] - Decision: RECOVER_EPS, Reason: Critical voltage, Mode: Nominal
2025-07-11 04:29:38,251 - INFO - [AUDIT] - Rule Activated: CRITICAL_VOLTAGE, Reason: Bus voltage below threshold: 0.18 < 25.50
2025-07-11 04:29:38,251 - INFO - [AUDIT] - Decision: RECOVER_EPS, Reason: Critical voltage, Mode: Nominal
2025-07-11 04:29:38,251 - INFO - [AUDIT] - Rule Activated: CRITICAL_VOLTAGE, Reason: Bus voltage below threshold: 0.18 < 25.50
2025-07-11 04:29:38,251 - INFO - [AUDIT] - Decision: RECOVER_EPS, Reason: Critical voltage, Mode: Nominal
2025-07-11 04:29:38,251 - INFO - [AUDIT] - Rule Activated: CRITICAL_VOLTAGE, Reason: Bus voltage below threshold: 0.18 < 25.50
2025-07-11 04:29:38,251 - INFO - [AUDIT] - Decision: RECOVER_EPS, Reason: Critical voltage, Mode: Nominal
2025-07-11 04:29:38,251 - INFO - [AUDIT] - Rule Activated: CRITICAL_VOLTAGE, Reason: Bus voltage below threshold: 0.18 < 25.50
2025-07-11 04:29:38,251 - INFO - [AUDIT] - Decision: RECOVER_EPS, Reason: Critical voltage, Mode: Nominal
2025-07-11 04:29:38,252 - INFO - [AUDIT] - Rule Activated: CRITICAL_VOLTAGE, Reason: Bus voltage below threshold: 0.18 < 25.50
2025-07-11 04:29:38,252 - INFO - [AUDIT] - Decision: RECOVER_EPS, Reason: Critical voltage, Mode: Nominal
2025-07-11 04:29:38,252 - INFO - [AUDIT] - Rule Activated: CRITICAL_VOLTAGE, Reason: Bus voltage below threshold: 0.18 < 25.50
2025-07-11 04:29:38,252 - INFO - [AUDIT] - Decision: RECOVER_EPS, Reason: Critical voltage, Mode: Nominal
2025-07-11 04:29:38,252 - INFO - [AUDIT] - Rule Activated: CRITICAL_VOLTAGE, Reason: Bus voltage below threshold: 0.18 < 25.50
2025-07-11 04:29:38,252 - INFO - [AUDIT] - Decision: RECOVER_EPS, Reason: Critical voltage, Mode: Nominal
2025-07-11 04:29:38,252 - INFO - [AUDIT] - Rule Activated: CRITICAL_VOLTAGE, Reason: Bus voltage below threshold: 0.18 < 25.50
2025-07-11 04:29:38,252 - INFO - [AUDIT] - Decision: RECOVER_EPS, Reason: Critical voltage, Mode: Nominal
2025-07-11 04:29:38,252 - INFO - [AUDIT] - Rule Activated: CRITICAL_VOLTAGE, Reason: Bus voltage below threshold: 0.18 < 25.50
2025-07-11 04:29:38,252 - INFO - [AUDIT] - Decision: RECOVER_EPS, Reason: Critical voltage, Mode: Nominal
2025-07-11 04:29:38,252 - INFO - [AUDIT] - Rule Activated: CRITICAL_VOLTAGE, Reason: Bus voltage below threshold: 0.18 < 25.50
2025-07-11 04:29:38,252 - INFO - [AUDIT] - Decision: RECOVER_EPS, Reason: Critical voltage, Mode: Nominal
2025-07-11 04:29:38,253 - INFO - [AUDIT] - Rule Activated: CRITICAL_VOLTAGE, Reason: Bus voltage below threshold: 0.18 < 25.50
2025-07-11 04:29:38,253 - INFO - [AUDIT] - Decision: RECOVER_EPS, Reason: Critical voltage, Mode: Nominal
2025-07-11 04:29:38,253 - INFO - [AUDIT] - Rule Activated: CRITICAL_VOLTAGE, Reason: Bus voltage below threshold: 0.18 < 25.50
2025-07-11 04:29:38,253 - INFO - [AUDIT] - Decision: RECOVER_EPS, Reason: Critical voltage, Mode: Nominal
2025-07-11 04:29:38,253 - INFO - [AUDIT] - Rule Activated: CRITICAL_VOLTAGE, Reason: Bus voltage below threshold: 0.18 < 25.50
2025-07-11 04:29:38,253 - INFO - [AUDIT] - Decision: RECOVER_EPS, Reason: Critical voltage, Mode: Nominal
2025-07-11 04:29:38,253 - INFO - [AUDIT] - Rule Activated: CRITICAL_VOLTAGE, Reason: Bus voltage below threshold: 0.18 < 25.50
2025-07-11 04:29:38,253 - INFO - [AUDIT] - Decision: RECOVER_EPS, Reason: Critical voltage, Mode: Nominal
2025-07-11 04:29:38,253 - INFO - [AUDIT] - Rule Activated: CRITICAL_VOLTAGE, Reason: Bus voltage below threshold: 0.18 < 25.50
2025-07-11 04:29:38,253 - INFO - [AUDIT] - Decision: RECOVER_EPS, Reason: Critical voltage, Mode: Nominal
2025-07-11 04:29:38,253 - INFO - [AUDIT] - Rule Activated: CRITICAL_VOLTAGE, Reason: Bus voltage below threshold: 0.18 < 25.50
2025-07-11 04:29:38,253 - INFO - [AUDIT] - Decision: RECOVER_EPS, Reason: Critical voltage, Mode: Nominal
2025-07-11 04:29:38,254 - INFO - [AUDIT] - Rule Activated: CRITICAL_VOLTAGE, Reason: Bus voltage below threshold: 0.18 < 25.50
2025-07-11 04:29:38,254 - INFO - [AUDIT] - Decision: RECOVER_EPS, Reason: Critical voltage, Mode: Nominal
2025-07-11 04:29:38,254 - INFO - [AUDIT] - Rule Activated: CRITICAL_VOLTAGE, Reason: Bus voltage below threshold: 0.18 < 25.50
2025-07-11 04:29:38,254 - INFO - [AUDIT] - Decision: RECOVER_EPS, Reason: Critical voltage, Mode: Nominal
2025-07-11 04:29:38,254 - INFO - [AUDIT] - Rule Activated: CRITICAL_VOLTAGE, Reason: Bus voltage below threshold: 0.18 < 25.50
2025-07-11 04:29:38,254 - INFO - [AUDIT] - Decision: RECOVER_EPS, Reason: Critical voltage, Mode: Nominal
2025-07-11 04:29:38,254 - INFO - [AUDIT] - Rule Activated: CRITICAL_VOLTAGE, Reason: Bus voltage below threshold: 0.18 < 25.50
2025-07-11 04:29:38,254 - INFO - [AUDIT] - Decision: RECOVER_EPS, Reason: Critical voltage, Mode: Nominal
2025-07-11 04:29:38,254 - INFO - [AUDIT] - Rule Activated: CRITICAL_VOLTAGE, Reason: Bus voltage below threshold: 0.18 < 25.50
2025-07-11 04:29:38,254 - INFO - [AUDIT] - Decision: RECOVER_EPS, Reason: Critical voltage, Mode: Nominal
2025-07-11 04:29:38,254 - INFO - [AUDIT] - Rule Activated: CRITICAL_VOLTAGE, Reason: Bus voltage below threshold: 0.18 < 25.50
2025-07-11 04:29:38,254 - INFO - [AUDIT] - Decision: RECOVER_EPS, Reason: Critical voltage, Mode: Nominal
2025-07-11 04:29:38,255 - INFO - [AUDIT] - Rule Activated: CRITICAL_VOLTAGE, Reason: Bus voltage below threshold: 0.18 < 25.50
2025-07-11 04:29:38,255 - INFO - [AUDIT] - Decision: RECOVER_EPS, Reason: Critical voltage, Mode: Nominal
2025-07-11 04:29:38,255 - INFO - [AUDIT] - Rule Activated: CRITICAL_VOLTAGE, Reason: Bus voltage below threshold: 0.18 < 25.50
2025-07-11 04:29:38,255 - INFO - [AUDIT] - Decision: RECOVER_EPS, Reason: Critical voltage, Mode: Nominal
2025-07-11 04:29:38,255 - INFO - [AUDIT] - Rule Activated: CRITICAL_VOLTAGE, Reason: Bus voltage below threshold: 0.18 < 25.50
2025-07-11 04:29:38,255 - INFO - [AUDIT] - Decision: RECOVER_EPS, Reason: Critical voltage, Mode: Nominal
2025-07-11 04:29:38,255 - INFO - [AUDIT] - Rule Activated: CRITICAL_VOLTAGE, Reason: Bus voltage below threshold: 0.18 < 25.50
2025-07-11 04:29:38,255 - INFO - [AUDIT] - Decision: RECOVER_EPS, Reason: Critical voltage, Mode: Nominal
2025-07-11 04:29:38,255 - INFO - [AUDIT] - Rule Activated: CRITICAL_VOLTAGE, Reason: Bus voltage below threshold: 0.18 < 25.50
2025-07-11 04:29:38,255 - INFO - [AUDIT] - Decision: RECOVER_EPS, Reason: Critical voltage, Mode: Nominal
2025-07-11 04:29:38,255 - INFO - [AUDIT] - Rule Activated: CRITICAL_VOLTAGE, Reason: Bus voltage below threshold: 0.18 < 25.50
2025-07-11 04:29:38,255 - INFO - [AUDIT] - Decision: RECOVER_EPS, Reason: Critical voltage, Mode: Nominal
2025-07-11 04:29:38,256 - INFO - [AUDIT] - Rule Activated: CRITICAL_VOLTAGE, Reason: Bus voltage below threshold: 0.18 < 25.50
2025-07-11 04:29:38,256 - INFO - [AUDIT] - Decision: RECOVER_EPS, Reason: Critical voltage, Mode: Nominal
2025-07-11 04:29:38,256 - INFO - [AUDIT] - Rule Activated: CRITICAL_VOLTAGE, Reason: Bus voltage below threshold: 0.18 < 25.50
2025-07-11 04:29:38,256 - INFO - [AUDIT] - Decision: RECOVER_EPS, Reason: Critical voltage, Mode: Nominal
2025-07-11 04:29:38,256 - INFO - [AUDIT] - Rule Activated: CRITICAL_VOLTAGE, Reason: Bus voltage below threshold: 0.18 < 25.50
2025-07-11 04:29:38,256 - INFO - [AUDIT] - Decision: RECOVER_EPS, Reason: Critical voltage, Mode: Nominal
2025-07-11 04:29:38,256 - INFO - [AUDIT] - Rule Activated: CRITICAL_VOLTAGE, Reason: Bus voltage below threshold: 0.18 < 25.50
2025-07-11 04:29:38,256 - INFO - [AUDIT] - Decision: RECOVER_EPS, Reason: Critical voltage, Mode: Nominal
2025-07-11 04:29:38,256 - INFO - [AUDIT] - Rule Activated: CRITICAL_VOLTAGE, Reason: Bus voltage below threshold: 0.18 < 25.50
2025-07-11 04:29:38,256 - INFO - [AUDIT] - Decision: RECOVER_EPS, Reason: Critical voltage, Mode: Nominal
2025-07-11 04:29:38,256 - INFO - [AUDIT] - Rule Activated: CRITICAL_VOLTAGE, Reason: Bus voltage below threshold: 0.18 < 25.50
2025-07-11 04:29:38,256 - INFO - [AUDIT] - Decision: RECOVER_EPS, Reason: Critical voltage, Mode: Nominal
2025-07-11 04:29:38,257 - INFO - [AUDIT] - Rule Activated: CRITICAL_VOLTAGE, Reason: Bus voltage below threshold: 0.18 < 25.50
2025-07-11 04:29:38,257 - INFO - [AUDIT] - Decision: RECOVER_EPS, Reason: Critical voltage, Mode: Nominal
2025-07-11 04:29:38,257 - INFO - [AUDIT] - Rule Activated: CRITICAL_VOLTAGE, Reason: Bus voltage below threshold: 0.18 < 25.50
2025-07-11 04:29:38,257 - INFO - [AUDIT] - Decision: RECOVER_EPS, Reason: Critical voltage, Mode: Nominal
2025-07-11 04:29:38,257 - INFO - [AUDIT] - Rule Activated: CRITICAL_VOLTAGE, Reason: Bus voltage below threshold: 0.18 < 25.50
2025-07-11 04:29:38,257 - INFO - [AUDIT] - Decision: RECOVER_EPS, Reason: Critical voltage, Mode: Nominal
2025-07-11 04:29:38,257 - INFO - [AUDIT] - Rule Activated: CRITICAL_VOLTAGE, Reason: Bus voltage below threshold: 0.18 < 25.50
2025-07-11 04:29:38,257 - INFO - [AUDIT] - Decision: RECOVER_EPS, Reason: Critical voltage, Mode: Nominal
2025-07-11 04:29:38,257 - INFO - [AUDIT] - Rule Activated: CRITICAL_VOLTAGE, Reason: Bus voltage below threshold: 0.18 < 25.50
2025-07-11 04:29:38,257 - INFO - [AUDIT] - Decision: RECOVER_EPS, Reason: Critical voltage, Mode: Nominal
2025-07-11 04:29:38,257 - INFO - [AUDIT] - Rule Activated: CRITICAL_VOLTAGE, Reason: Bus voltage below threshold: 0.18 < 25.50
2025-07-11 04:29:38,257 - INFO - [AUDIT] - Decision: RECOVER_EPS, Reason: Critical voltage, Mode: Nominal
2025-07-11 04:29:38,258 - INFO - [AUDIT] - Rule Activated: CRITICAL_VOLTAGE, Reason: Bus voltage below threshold: 0.18 < 25.50
2025-07-11 04:29:38,258 - INFO - [AUDIT] - Decision: RECOVER_EPS, Reason: Critical voltage, Mode: Nominal
2025-07-11 04:29:38,258 - INFO - [AUDIT] - Rule Activated: CRITICAL_VOLTAGE, Reason: Bus voltage below threshold: 0.18 < 25.50
2025-07-11 04:29:38,258 - INFO - [AUDIT] - Decision: RECOVER_EPS, Reason: Critical voltage, Mode: Nominal
2025-07-11 04:29:38,258 - INFO - [AUDIT] - Rule Activated: CRITICAL_VOLTAGE, Reason: Bus voltage below threshold: 0.18 < 25.50
2025-07-11 04:29:38,258 - INFO - [AUDIT] - Decision: RECOVER_EPS, Reason: Critical voltage, Mode: Nominal
2025-07-11 04:29:38,258 - INFO - [AUDIT] - Rule Activated: CRITICAL_VOLTAGE, Reason: Bus voltage below threshold: 0.18 < 25.50
2025-07-11 04:29:38,258 - INFO - [AUDIT] - Decision: RECOVER_EPS, Reason: Critical voltage, Mode: Nominal
2025-07-11 04:29:38,258 - INFO - [AUDIT] - Rule Activated: CRITICAL_VOLTAGE, Reason: Bus voltage below threshold: 0.18 < 25.50
2025-07-11 04:29:38,258 - INFO - [AUDIT] - Decision: RECOVER_EPS, Reason: Critical voltage, Mode: Nominal
2025-07-11 04:29:38,258 - INFO - [AUDIT] - Rule Activated: CRITICAL_VOLTAGE, Reason: Bus voltage below threshold: 0.18 < 25.50
2025-07-11 04:29:38,258 - INFO - [AUDIT] - Decision: RECOVER_EPS, Reason: Critical voltage, Mode: Nominal
2025-07-11 04:29:38,259 - INFO - [AUDIT] - Rule Activated: CRITICAL_VOLTAGE, Reason: Bus voltage below threshold: 0.18 < 25.50
2025-07-11 04:29:38,259 - INFO - [AUDIT] - Decision: RECOVER_EPS, Reason: Critical voltage, Mode: Nominal
2025-07-11 04:29:38,259 - INFO - [AUDIT] - Rule Activated: CRITICAL_VOLTAGE, Reason: Bus voltage below threshold: 0.18 < 25.50
2025-07-11 04:29:38,259 - INFO - [AUDIT] - Decision: RECOVER_EPS, Reason: Critical voltage, Mode: Nominal
2025-07-11 04:29:38,259 - INFO - [AUDIT] - Rule Activated: CRITICAL_VOLTAGE, Reason: Bus voltage below threshold: 0.18 < 25.50
2025-07-11 04:29:38,259 - INFO - [AUDIT] - Decision: RECOVER_EPS, Reason: Critical voltage, Mode: Nominal
2025-07-11 04:29:38,259 - INFO - [AUDIT] - Rule Activated: CRITICAL_VOLTAGE, Reason: Bus voltage below threshold: 0.18 < 25.50
2025-07-11 04:29:38,259 - INFO - [AUDIT] - Decision: RECOVER_EPS, Reason: Critical voltage, Mode: Nominal
2025-07-11 04:29:38,260 - INFO - [AUDIT] - Rule Activated: CRITICAL_VOLTAGE, Reason: Bus voltage below threshold: 0.18 < 25.50
2025-07-11 04:29:38,260 - INFO - [AUDIT] - Decision: RECOVER_EPS, Reason: Critical voltage, Mode: Nominal
2025-07-11 04:29:38,260 - INFO - [AUDIT] - Rule Activated: CRITICAL_VOLTAGE, Reason: Bus voltage below threshold: 0.18 < 25.50
2025-07-11 04:29:38,260 - INFO - [AUDIT] - Decision: RECOVER_EPS, Reason: Critical voltage, Mode: Nominal
2025-07-11 04:29:38,260 - INFO - [AUDIT] - Rule Activated: CRITICAL_VOLTAGE, Reason: Bus voltage below threshold: 0.18 < 25.50
2025-07-11 04:29:38,260 - INFO - [AUDIT] - Decision: RECOVER_EPS, Reason: Critical voltage, Mode: Nominal
2025-07-11 04:29:38,260 - INFO - [AUDIT] - Rule Activated: CRITICAL_VOLTAGE, Reason: Bus voltage below threshold: 0.18 < 25.50
2025-07-11 04:29:38,260 - INFO - [AUDIT] - Decision: RECOVER_EPS, Reason: Critical voltage, Mode: Nominal
2025-07-11 04:29:38,260 - INFO - [AUDIT] - Rule Activated: CRITICAL_VOLTAGE, Reason: Bus voltage below threshold: 0.18 < 25.50
2025-07-11 04:29:38,260 - INFO - [AUDIT] - Decision: RECOVER_EPS, Reason: Critical voltage, Mode: Nominal
2025-07-11 04:29:38,261 - INFO - [AUDIT] - Rule Activated: CRITICAL_VOLTAGE, Reason: Bus voltage below threshold: 0.18 < 25.50
2025-07-11 04:29:38,261 - INFO - [AUDIT] - Decision: RECOVER_EPS, Reason: Critical voltage, Mode: Nominal
2025-07-11 04:29:38,262 - INFO - [AUDIT] - Rule Activated: CRITICAL_VOLTAGE, Reason: Bus voltage below threshold: 0.18 < 25.50
2025-07-11 04:29:38,262 - INFO - [AUDIT] - Decision: RECOVER_EPS, Reason: Critical voltage, Mode: Nominal
2025-07-11 04:29:38,273 - INFO - [AUDIT] - Rule Activated: CRITICAL_VOLTAGE, Reason: Bus voltage below threshold: 0.18 < 25.50
2025-07-11 04:29:38,273 - INFO - [AUDIT] - Decision: RECOVER_EPS, Reason: Critical voltage, Mode: Nominal
2025-07-11 04:29:38,288 - INFO - [AUDIT] - Rule Activated: CRITICAL_VOLTAGE, Reason: Bus voltage below threshold: 0.18 < 25.50
2025-07-11 04:29:38,299 - INFO - [AUDIT] - Decision: RECOVER_EPS, Reason: Critical voltage, Mode: Nominal
2025-07-11 04:29:38,300 - INFO - [AUDIT] - Rule Activated: CRITICAL_VOLTAGE, Reason: Bus voltage below threshold: 0.18 < 25.50
2025-07-11 04:29:38,305 - INFO - [AUDIT] - Decision: RECOVER_EPS, Reason: Critical voltage, Mode: Nominal
2025-07-11 04:29:38,306 - INFO - [AUDIT] - Rule Activated: CRITICAL_VOLTAGE, Reason: Bus voltage below threshold: 0.18 < 25.50
2025-07-11 04:29:38,306 - INFO - [AUDIT] - Decision: RECOVER_EPS, Reason: Critical voltage, Mode: Nominal
2025-07-11 04:29:38,309 - INFO - [AUDIT] - Rule Activated: CRITICAL_VOLTAGE, Reason: Bus voltage below threshold: 0.18 < 25.50
2025-07-11 04:29:38,309 - INFO - [AUDIT] - Decision: RECOVER_EPS, Reason: Critical voltage, Mode: Nominal
2025-07-11 04:29:38,309 - INFO - [AUDIT] - Rule Activated: CRITICAL_VOLTAGE, Reason: Bus voltage below threshold: 0.18 < 25.50
2025-07-11 04:29:38,309 - INFO - [AUDIT] - Decision: RECOVER_EPS, Reason: Critical voltage, Mode: Nominal
2025-07-11 04:29:38,309 - INFO - [AUDIT] - Rule Activated: CRITICAL_VOLTAGE, Reason: Bus voltage below threshold: 0.18 < 25.50
2025-07-11 04:29:38,309 - INFO - [AUDIT] - Decision: RECOVER_EPS, Reason: Critical voltage, Mode: Nominal
2025-07-11 04:29:38,309 - INFO - [AUDIT] - Rule Activated: CRITICAL_VOLTAGE, Reason: Bus voltage below threshold: 0.18 < 25.50
2025-07-11 04:29:38,309 - INFO - [AUDIT] - Decision: RECOVER_EPS, Reason: Critical voltage, Mode: Nominal
2025-07-11 04:29:38,310 - INFO - [AUDIT] - Rule Activated: CRITICAL_VOLTAGE, Reason: Bus voltage below threshold: 0.18 < 25.50
2025-07-11 04:29:38,310 - INFO - [AUDIT] - Decision: RECOVER_EPS, Reason: Critical voltage, Mode: Nominal
2025-07-11 04:29:38,310 - INFO - [AUDIT] - Rule Activated: CRITICAL_VOLTAGE, Reason: Bus voltage below threshold: 0.18 < 25.50
2025-07-11 04:29:38,310 - INFO - [AUDIT] - Decision: RECOVER_EPS, Reason: Critical voltage, Mode: Nominal
2025-07-11 04:29:38,310 - INFO - [AUDIT] - Rule Activated: CRITICAL_VOLTAGE, Reason: Bus voltage below threshold: 0.18 < 25.50
2025-07-11 04:29:38,310 - INFO - [AUDIT] - Decision: RECOVER_EPS, Reason: Critical voltage, Mode: Nominal
2025-07-11 04:29:38,310 - INFO - [AUDIT] - Rule Activated: CRITICAL_VOLTAGE, Reason: Bus voltage below threshold: 0.18 < 25.50
2025-07-11 04:29:38,310 - INFO - [AUDIT] - Decision: RECOVER_EPS, Reason: Critical voltage, Mode: Nominal
2025-07-11 04:29:38,311 - INFO - [AUDIT] - Rule Activated: CRITICAL_VOLTAGE, Reason: Bus voltage below threshold: 0.18 < 25.50
2025-07-11 04:29:38,311 - INFO - [AUDIT] - Decision: RECOVER_EPS, Reason: Critical voltage, Mode: Nominal
2025-07-11 04:29:38,311 - INFO - [AUDIT] - Rule Activated: CRITICAL_VOLTAGE, Reason: Bus voltage below threshold: 0.18 < 25.50
2025-07-11 04:29:38,311 - INFO - [AUDIT] - Decision: RECOVER_EPS, Reason: Critical voltage, Mode: Nominal
2025-07-11 04:29:38,311 - INFO - [AUDIT] - Rule Activated: CRITICAL_VOLTAGE, Reason: Bus voltage below threshold: 0.18 < 25.50
2025-07-11 04:29:38,311 - INFO - [AUDIT] - Decision: RECOVER_EPS, Reason: Critical voltage, Mode: Nominal
2025-07-11 04:29:38,311 - INFO - [AUDIT] - Rule Activated: CRITICAL_VOLTAGE, Reason: Bus voltage below threshold: 0.18 < 25.50
2025-07-11 04:29:38,311 - INFO - [AUDIT] - Decision: RECOVER_EPS, Reason: Critical voltage, Mode: Nominal
2025-07-11 04:29:38,311 - INFO - [AUDIT] - Rule Activated: CRITICAL_VOLTAGE, Reason: Bus voltage below threshold: 0.18 < 25.50
2025-07-11 04:29:38,311 - INFO - [AUDIT] - Decision: RECOVER_EPS, Reason: Critical voltage, Mode: Nominal
2025-07-11 04:29:38,312 - INFO - [AUDIT] - Rule Activated: CRITICAL_VOLTAGE, Reason: Bus voltage below threshold: 0.18 < 25.50
2025-07-11 04:29:38,312 - INFO - [AUDIT] - Decision: RECOVER_EPS, Reason: Critical voltage, Mode: Nominal
2025-07-11 04:29:38,313 - INFO - [AUDIT] - Rule Activated: CRITICAL_VOLTAGE, Reason: Bus voltage below threshold: 0.18 < 25.50
2025-07-11 04:29:38,313 - INFO - [AUDIT] - Decision: RECOVER_EPS, Reason: Critical voltage, Mode: Nominal
2025-07-11 04:29:38,320 - INFO - [AUDIT] - Rule Activated: CRITICAL_VOLTAGE, Reason: Bus voltage below threshold: 0.18 < 25.50
2025-07-11 04:29:38,320 - INFO - [AUDIT] - Decision: RECOVER_EPS, Reason: Critical voltage, Mode: Nominal
2025-07-11 04:29:38,321 - INFO - [AUDIT] - Rule Activated: CRITICAL_VOLTAGE, Reason: Bus voltage below threshold: 0.18 < 25.50
2025-07-11 04:29:38,321 - INFO - [AUDIT] - Decision: RECOVER_EPS, Reason: Critical voltage, Mode: Nominal
2025-07-11 04:29:38,321 - INFO - [AUDIT] - Rule Activated: CRITICAL_VOLTAGE, Reason: Bus voltage below threshold: 0.18 < 25.50
2025-07-11 04:29:38,321 - INFO - [AUDIT] - Decision: RECOVER_EPS, Reason: Critical voltage, Mode: Nominal
2025-07-11 04:29:38,321 - INFO - [AUDIT] - Rule Activated: CRITICAL_VOLTAGE, Reason: Bus voltage below threshold: 0.18 < 25.50
2025-07-11 04:29:38,321 - INFO - [AUDIT] - Decision: RECOVER_EPS, Reason: Critical voltage, Mode: Nominal
2025-07-11 04:29:38,321 - INFO - [AUDIT] - Rule Activated: CRITICAL_VOLTAGE, Reason: Bus voltage below threshold: 0.18 < 25.50
2025-07-11 04:29:38,321 - INFO - [AUDIT] - Decision: RECOVER_EPS, Reason: Critical voltage, Mode: Nominal
2025-07-11 04:29:38,321 - INFO - [AUDIT] - Rule Activated: CRITICAL_VOLTAGE, Reason: Bus voltage below threshold: 0.18 < 25.50
2025-07-11 04:29:38,321 - INFO - [AUDIT] - Decision: RECOVER_EPS, Reason: Critical voltage, Mode: Nominal
2025-07-11 04:29:38,322 - INFO - [AUDIT] - Rule Activated: CRITICAL_VOLTAGE, Reason: Bus voltage below threshold: 0.18 < 25.50
2025-07-11 04:29:38,322 - INFO - [AUDIT] - Decision: RECOVER_EPS, Reason: Critical voltage, Mode: Nominal
2025-07-11 04:29:38,322 - INFO - [AUDIT] - Rule Activated: CRITICAL_VOLTAGE, Reason: Bus voltage below threshold: 0.18 < 25.50
2025-07-11 04:29:38,322 - INFO - [AUDIT] - Decision: RECOVER_EPS, Reason: Critical voltage, Mode: Nominal
2025-07-11 04:29:38,322 - INFO - [AUDIT] - Rule Activated: CRITICAL_VOLTAGE, Reason: Bus voltage below threshold: 0.18 < 25.50
2025-07-11 04:29:38,322 - INFO - [AUDIT] - Decision: RECOVER_EPS, Reason: Critical voltage, Mode: Nominal
2025-07-11 04:29:38,322 - INFO - [AUDIT] - Rule Activated: CRITICAL_VOLTAGE, Reason: Bus voltage below threshold: 0.18 < 25.50
2025-07-11 04:29:38,322 - INFO - [AUDIT] - Decision: RECOVER_EPS, Reason: Critical voltage, Mode: Nominal
2025-07-11 04:29:38,323 - INFO - [AUDIT] - Rule Activated: CRITICAL_VOLTAGE, Reason: Bus voltage below threshold: 0.18 < 25.50
2025-07-11 04:29:38,323 - INFO - [AUDIT] - Decision: RECOVER_EPS, Reason: Critical voltage, Mode: Nominal
2025-07-11 04:29:38,323 - INFO - [AUDIT] - Rule Activated: CRITICAL_VOLTAGE, Reason: Bus voltage below threshold: 0.18 < 25.50
2025-07-11 04:29:38,323 - INFO - [AUDIT] - Decision: RECOVER_EPS, Reason: Critical voltage, Mode: Nominal
2025-07-11 04:29:38,323 - INFO - [AUDIT] - Rule Activated: CRITICAL_VOLTAGE, Reason: Bus voltage below threshold: 0.18 < 25.50
2025-07-11 04:29:38,323 - INFO - [AUDIT] - Decision: RECOVER_EPS, Reason: Critical voltage, Mode: Nominal
2025-07-11 04:29:38,353 - INFO - [AUDIT] - Rule Activated: CRITICAL_VOLTAGE, Reason: Bus voltage below threshold: 0.18 < 25.50
2025-07-11 04:29:38,353 - INFO - [AUDIT] - Decision: RECOVER_EPS, Reason: Critical voltage, Mode: Nominal
2025-07-11 04:29:38,359 - INFO - [AUDIT] - Rule Activated: CRITICAL_VOLTAGE, Reason: Bus voltage below threshold: 0.18 < 25.50
2025-07-11 04:29:38,359 - INFO - [AUDIT] - Decision: RECOVER_EPS, Reason: Critical voltage, Mode: Nominal
2025-07-11 04:29:38,360 - INFO - [AUDIT] - Rule Activated: CRITICAL_VOLTAGE, Reason: Bus voltage below threshold: 0.18 < 25.50
2025-07-11 04:29:38,360 - INFO - [AUDIT] - Decision: RECOVER_EPS, Reason: Critical voltage, Mode: Nominal
2025-07-11 04:29:38,360 - INFO - [AUDIT] - Rule Activated: CRITICAL_VOLTAGE, Reason: Bus voltage below threshold: 0.18 < 25.50
2025-07-11 04:29:38,360 - INFO - [AUDIT] - Decision: RECOVER_EPS, Reason: Critical voltage, Mode: Nominal
2025-07-11 04:29:38,361 - INFO - [AUDIT] - Rule Activated: CRITICAL_VOLTAGE, Reason: Bus voltage below threshold: 0.00 < 25.50
2025-07-11 04:29:38,361 - INFO - [AUDIT] - Decision: RECOVER_EPS, Reason: Critical voltage, Mode: Nominal
2025-07-11 04:29:38,361 - INFO - [AUDIT] - Rule Activated: CRITICAL_VOLTAGE, Reason: Bus voltage below threshold: 0.18 < 25.50
2025-07-11 04:29:38,362 - INFO - [AUDIT] - Decision: RECOVER_EPS, Reason: Critical voltage, Mode: Nominal
2025-07-11 04:29:38,362 - INFO - [AUDIT] - Rule Activated: CRITICAL_VOLTAGE, Reason: Bus voltage below threshold: 0.18 < 25.50
2025-07-11 04:29:38,362 - INFO - [AUDIT] - Decision: RECOVER_EPS, Reason: Critical voltage, Mode: Nominal
2025-07-11 04:29:38,363 - INFO - [AUDIT] - Rule Activated: CRITICAL_VOLTAGE, Reason: Bus voltage below threshold: 0.18 < 25.50
2025-07-11 04:29:38,363 - INFO - [AUDIT] - Decision: RECOVER_EPS, Reason: Critical voltage, Mode: Nominal
2025-07-11 04:29:38,364 - INFO - [AUDIT] - Rule Activated: CRITICAL_VOLTAGE, Reason: Bus voltage below threshold: 0.18 < 25.50
2025-07-11 04:29:38,364 - INFO - [AUDIT] - Decision: RECOVER_EPS, Reason: Critical voltage, Mode: Nominal
2025-07-11 04:29:38,364 - INFO - [AUDIT] - Rule Activated: CRITICAL_VOLTAGE, Reason: Bus voltage below threshold: 0.18 < 25.50
2025-07-11 04:29:38,364 - INFO - [AUDIT] - Decision: RECOVER_EPS, Reason: Critical voltage, Mode: Nominal
2025-07-11 04:29:38,365 - INFO - [AUDIT] - Rule Activated: CRITICAL_VOLTAGE, Reason: Bus voltage below threshold: 0.18 < 25.50
2025-07-11 04:29:38,365 - INFO - [AUDIT] - Decision: RECOVER_EPS, Reason: Critical voltage, Mode: Nominal
2025-07-11 04:29:38,365 - INFO - [AUDIT] - Rule Activated: CRITICAL_VOLTAGE, Reason: Bus voltage below threshold: 0.18 < 25.50
2025-07-11 04:29:38,365 - INFO - [AUDIT] - Decision: RECOVER_EPS, Reason: Critical voltage, Mode: Nominal
2025-07-11 04:29:38,365 - INFO - [AUDIT] - Rule Activated: CRITICAL_VOLTAGE, Reason: Bus voltage below threshold: 0.18 < 25.50
2025-07-11 04:29:38,365 - INFO - [AUDIT] - Decision: RECOVER_EPS, Reason: Critical voltage, Mode: Nominal
2025-07-11 04:29:38,365 - INFO - [AUDIT] - Rule Activated: CRITICAL_VOLTAGE, Reason: Bus voltage below threshold: 0.18 < 25.50
2025-07-11 04:29:38,365 - INFO - [AUDIT] - Decision: RECOVER_EPS, Reason: Critical voltage, Mode: Nominal
2025-07-11 04:29:38,365 - INFO - [AUDIT] - Rule Activated: CRITICAL_VOLTAGE, Reason: Bus voltage below threshold: 0.18 < 25.50
2025-07-11 04:29:38,365 - INFO - [AUDIT] - Decision: RECOVER_EPS, Reason: Critical voltage, Mode: Nominal
2025-07-11 04:29:38,366 - INFO - [AUDIT] - Rule Activated: CRITICAL_VOLTAGE, Reason: Bus voltage below threshold: 0.18 < 25.50
2025-07-11 04:29:38,366 - INFO - [AUDIT] - Decision: RECOVER_EPS, Reason: Critical voltage, Mode: Nominal
2025-07-11 04:29:38,367 - INFO - [AUDIT] - Rule Activated: CRITICAL_VOLTAGE, Reason: Bus voltage below threshold: 0.18 < 25.50
2025-07-11 04:29:38,367 - INFO - [AUDIT] - Decision: RECOVER_EPS, Reason: Critical voltage, Mode: Nominal
2025-07-11 04:29:38,368 - INFO - [AUDIT] - Rule Activated: CRITICAL_VOLTAGE, Reason: Bus voltage below threshold: 0.18 < 25.50
2025-07-11 04:29:38,368 - INFO - [AUDIT] - Decision: RECOVER_EPS, Reason: Critical voltage, Mode: Nominal
2025-07-11 04:29:38,368 - INFO - [AUDIT] - Rule Activated: CRITICAL_VOLTAGE, Reason: Bus voltage below threshold: 0.18 < 25.50
2025-07-11 04:29:38,368 - INFO - [AUDIT] - Decision: RECOVER_EPS, Reason: Critical voltage, Mode: Nominal
2025-07-11 04:29:38,369 - INFO - [AUDIT] - Rule Activated: CRITICAL_VOLTAGE, Reason: Bus voltage below threshold: 0.18 < 25.50
2025-07-11 04:29:38,369 - INFO - [AUDIT] - Decision: RECOVER_EPS, Reason: Critical voltage, Mode: Nominal
2025-07-11 04:29:38,369 - INFO - [AUDIT] - Rule Activated: CRITICAL_VOLTAGE, Reason: Bus voltage below threshold: 0.18 < 25.50
2025-07-11 04:29:38,369 - INFO - [AUDIT] - Decision: RECOVER_EPS, Reason: Critical voltage, Mode: Nominal
2025-07-11 04:29:38,369 - INFO - [AUDIT] - Rule Activated: CRITICAL_VOLTAGE, Reason: Bus voltage below threshold: 0.18 < 25.50
2025-07-11 04:29:38,369 - INFO - [AUDIT] - Decision: RECOVER_EPS, Reason: Critical voltage, Mode: Nominal
2025-07-11 04:29:38,369 - INFO - [AUDIT] - Rule Activated: CRITICAL_VOLTAGE, Reason: Bus voltage below threshold: 0.18 < 25.50
2025-07-11 04:29:38,369 - INFO - [AUDIT] - Decision: RECOVER_EPS, Reason: Critical voltage, Mode: Nominal
2025-07-11 04:29:38,369 - INFO - [AUDIT] - Rule Activated: CRITICAL_VOLTAGE, Reason: Bus voltage below threshold: 0.18 < 25.50
2025-07-11 04:29:38,370 - INFO - [AUDIT] - Decision: RECOVER_EPS, Reason: Critical voltage, Mode: Nominal
2025-07-11 04:29:38,371 - INFO - [AUDIT] - Rule Activated: CRITICAL_VOLTAGE, Reason: Bus voltage below threshold: 0.18 < 25.50
2025-07-11 04:29:38,371 - INFO - [AUDIT] - Decision: RECOVER_EPS, Reason: Critical voltage, Mode: Nominal
2025-07-11 04:29:38,371 - INFO - [AUDIT] - Rule Activated: CRITICAL_VOLTAGE, Reason: Bus voltage below threshold: 0.18 < 25.50
2025-07-11 04:29:38,371 - INFO - [AUDIT] - Decision: RECOVER_EPS, Reason: Critical voltage, Mode: Nominal
2025-07-11 04:29:38,371 - INFO - [AUDIT] - Rule Activated: CRITICAL_VOLTAGE, Reason: Bus voltage below threshold: 0.18 < 25.50
2025-07-11 04:29:38,371 - INFO - [AUDIT] - Decision: RECOVER_EPS, Reason: Critical voltage, Mode: Nominal
2025-07-11 04:29:38,371 - INFO - [AUDIT] - Rule Activated: CRITICAL_VOLTAGE, Reason: Bus voltage below threshold: 0.18 < 25.50
2025-07-11 04:29:38,371 - INFO - [AUDIT] - Decision: RECOVER_EPS, Reason: Critical voltage, Mode: Nominal
2025-07-11 04:29:38,372 - INFO - [AUDIT] - Rule Activated: CRITICAL_VOLTAGE, Reason: Bus voltage below threshold: 0.18 < 25.50
2025-07-11 04:29:38,372 - INFO - [AUDIT] - Decision: RECOVER_EPS, Reason: Critical voltage, Mode: Nominal
2025-07-11 04:29:38,372 - INFO - [AUDIT] - Rule Activated: CRITICAL_VOLTAGE, Reason: Bus voltage below threshold: 0.18 < 25.50
2025-07-11 04:29:38,372 - INFO - [AUDIT] - Decision: RECOVER_EPS, Reason: Critical voltage, Mode: Nominal
2025-07-11 04:29:38,372 - INFO - [AUDIT] - Rule Activated: CRITICAL_VOLTAGE, Reason: Bus voltage below threshold: 0.18 < 25.50
2025-07-11 04:29:38,372 - INFO - [AUDIT] - Decision: RECOVER_EPS, Reason: Critical voltage, Mode: Nominal
2025-07-11 04:29:38,374 - INFO - [AUDIT] - Rule Activated: CRITICAL_VOLTAGE, Reason: Bus voltage below threshold: 0.18 < 25.50
2025-07-11 04:29:38,374 - INFO - [AUDIT] - Decision: RECOVER_EPS, Reason: Critical voltage, Mode: Nominal
2025-07-11 04:29:38,375 - INFO - [AUDIT] - Rule Activated: CRITICAL_VOLTAGE, Reason: Bus voltage below threshold: 0.18 < 25.50
2025-07-11 04:29:38,375 - INFO - [AUDIT] - Decision: RECOVER_EPS, Reason: Critical voltage, Mode: Nominal
2025-07-11 04:29:38,375 - INFO - [AUDIT] - Rule Activated: CRITICAL_VOLTAGE, Reason: Bus voltage below threshold: 0.18 < 25.50
2025-07-11 04:29:38,375 - INFO - [AUDIT] - Decision: RECOVER_EPS, Reason: Critical voltage, Mode: Nominal
2025-07-11 04:29:38,375 - INFO - [AUDIT] - Rule Activated: CRITICAL_VOLTAGE, Reason: Bus voltage below threshold: 0.18 < 25.50
2025-07-11 04:29:38,375 - INFO - [AUDIT] - Decision: RECOVER_EPS, Reason: Critical voltage, Mode: Nominal
2025-07-11 04:29:38,376 - INFO - [AUDIT] - Rule Activated: CRITICAL_VOLTAGE, Reason: Bus voltage below threshold: 0.18 < 25.50
2025-07-11 04:29:38,376 - INFO - [AUDIT] - Decision: RECOVER_EPS, Reason: Critical voltage, Mode: Nominal
2025-07-11 04:29:38,376 - INFO - [AUDIT] - Rule Activated: CRITICAL_VOLTAGE, Reason: Bus voltage below threshold: 0.18 < 25.50
2025-07-11 04:29:38,376 - INFO - [AUDIT] - Decision: RECOVER_EPS, Reason: Critical voltage, Mode: Nominal
2025-07-11 04:29:38,376 - INFO - [AUDIT] - Rule Activated: CRITICAL_VOLTAGE, Reason: Bus voltage below threshold: 0.18 < 25.50
2025-07-11 04:29:38,376 - INFO - [AUDIT] - Decision: RECOVER_EPS, Reason: Critical voltage, Mode: Nominal
2025-07-11 04:29:38,376 - INFO - [AUDIT] - Rule Activated: CRITICAL_VOLTAGE, Reason: Bus voltage below threshold: 0.18 < 25.50
2025-07-11 04:29:38,376 - INFO - [AUDIT] - Decision: RECOVER_EPS, Reason: Critical voltage, Mode: Nominal
2025-07-11 04:29:38,376 - INFO - [AUDIT] - Rule Activated: CRITICAL_VOLTAGE, Reason: Bus voltage below threshold: 0.18 < 25.50
2025-07-11 04:29:38,376 - INFO - [AUDIT] - Decision: RECOVER_EPS, Reason: Critical voltage, Mode: Nominal
2025-07-11 04:29:38,379 - INFO - [AUDIT] - Rule Activated: CRITICAL_VOLTAGE, Reason: Bus voltage below threshold: 0.18 < 25.50
2025-07-11 04:29:38,379 - INFO - [AUDIT] - Decision: RECOVER_EPS, Reason: Critical voltage, Mode: Nominal
2025-07-11 04:29:38,384 - INFO - [AUDIT] - Rule Activated: CRITICAL_VOLTAGE, Reason: Bus voltage below threshold: 0.18 < 25.50
2025-07-11 04:29:38,384 - INFO - [AUDIT] - Decision: RECOVER_EPS, Reason: Critical voltage, Mode: Nominal
2025-07-11 04:29:38,385 - INFO - [AUDIT] - Rule Activated: CRITICAL_VOLTAGE, Reason: Bus voltage below threshold: 0.18 < 25.50
2025-07-11 04:29:38,385 - INFO - [AUDIT] - Decision: RECOVER_EPS, Reason: Critical voltage, Mode: Nominal
2025-07-11 04:29:38,388 - INFO - [AUDIT] - Rule Activated: CRITICAL_VOLTAGE, Reason: Bus voltage below threshold: 0.18 < 25.50
2025-07-11 04:29:38,388 - INFO - [AUDIT] - Decision: RECOVER_EPS, Reason: Critical voltage, Mode: Nominal
2025-07-11 04:29:38,388 - INFO - [AUDIT] - Rule Activated: CRITICAL_VOLTAGE, Reason: Bus voltage below threshold: 0.18 < 25.50
2025-07-11 04:29:38,388 - INFO - [AUDIT] - Decision: RECOVER_EPS, Reason: Critical voltage, Mode: Nominal
2025-07-11 04:29:38,389 - INFO - [AUDIT] - Rule Activated: CRITICAL_VOLTAGE, Reason: Bus voltage below threshold: 0.18 < 25.50
2025-07-11 04:29:38,389 - INFO - [AUDIT] - Decision: RECOVER_EPS, Reason: Critical voltage, Mode: Nominal
2025-07-11 04:29:38,389 - INFO - [AUDIT] - Rule Activated: CRITICAL_VOLTAGE, Reason: Bus voltage below threshold: 0.18 < 25.50
2025-07-11 04:29:38,389 - INFO - [AUDIT] - Decision: RECOVER_EPS, Reason: Critical voltage, Mode: Nominal
2025-07-11 04:29:38,390 - INFO - [AUDIT] - Rule Activated: CRITICAL_VOLTAGE, Reason: Bus voltage below threshold: 0.18 < 25.50
2025-07-11 04:29:38,390 - INFO - [AUDIT] - Decision: RECOVER_EPS, Reason: Critical voltage, Mode: Nominal
2025-07-11 04:29:38,390 - INFO - [AUDIT] - Rule Activated: CRITICAL_VOLTAGE, Reason: Bus voltage below threshold: 0.18 < 25.50
2025-07-11 04:29:38,390 - INFO - [AUDIT] - Decision: RECOVER_EPS, Reason: Critical voltage, Mode: Nominal
2025-07-11 04:29:38,390 - INFO - [AUDIT] - Rule Activated: CRITICAL_VOLTAGE, Reason: Bus voltage below threshold: 0.18 < 25.50
2025-07-11 04:29:38,390 - INFO - [AUDIT] - Decision: RECOVER_EPS, Reason: Critical voltage, Mode: Nominal
2025-07-11 04:29:38,390 - INFO - [AUDIT] - Rule Activated: CRITICAL_VOLTAGE, Reason: Bus voltage below threshold: 0.18 < 25.50
2025-07-11 04:29:38,390 - INFO - [AUDIT] - Decision: RECOVER_EPS, Reason: Critical voltage, Mode: Nominal
2025-07-11 04:29:38,391 - INFO - [AUDIT] - Rule Activated: CRITICAL_VOLTAGE, Reason: Bus voltage below threshold: 0.18 < 25.50
2025-07-11 04:29:38,391 - INFO - [AUDIT] - Decision: RECOVER_EPS, Reason: Critical voltage, Mode: Nominal
2025-07-11 04:29:38,391 - INFO - [AUDIT] - Rule Activated: CRITICAL_VOLTAGE, Reason: Bus voltage below threshold: 0.18 < 25.50
2025-07-11 04:29:38,391 - INFO - [AUDIT] - Decision: RECOVER_EPS, Reason: Critical voltage, Mode: Nominal
2025-07-11 04:29:38,391 - INFO - [AUDIT] - Rule Activated: CRITICAL_VOLTAGE, Reason: Bus voltage below threshold: 0.18 < 25.50
2025-07-11 04:29:38,391 - INFO - [AUDIT] - Decision: RECOVER_EPS, Reason: Critical voltage, Mode: Nominal
2025-07-11 04:29:38,391 - INFO - [AUDIT] - Rule Activated: CRITICAL_VOLTAGE, Reason: Bus voltage below threshold: 0.18 < 25.50
2025-07-11 04:29:38,391 - INFO - [AUDIT] - Decision: RECOVER_EPS, Reason: Critical voltage, Mode: Nominal
2025-07-11 04:29:38,392 - INFO - [AUDIT] - Rule Activated: CRITICAL_VOLTAGE, Reason: Bus voltage below threshold: 0.18 < 25.50
2025-07-11 04:29:38,392 - INFO - [AUDIT] - Decision: RECOVER_EPS, Reason: Critical voltage, Mode: Nominal
2025-07-11 04:29:38,393 - INFO - [AUDIT] - Rule Activated: CRITICAL_VOLTAGE, Reason: Bus voltage below threshold: 0.18 < 25.50
2025-07-11 04:29:38,393 - INFO - [AUDIT] - Decision: RECOVER_EPS, Reason: Critical voltage, Mode: Nominal
2025-07-11 04:29:38,393 - INFO - [AUDIT] - Rule Activated: CRITICAL_VOLTAGE, Reason: Bus voltage below threshold: 0.18 < 25.50
2025-07-11 04:29:38,393 - INFO - [AUDIT] - Decision: RECOVER_EPS, Reason: Critical voltage, Mode: Nominal
2025-07-11 04:29:38,393 - INFO - [AUDIT] - Rule Activated: CRITICAL_VOLTAGE, Reason: Bus voltage below threshold: 0.18 < 25.50
2025-07-11 04:29:38,393 - INFO - [AUDIT] - Decision: RECOVER_EPS, Reason: Critical voltage, Mode: Nominal
2025-07-11 04:29:38,394 - INFO - [AUDIT] - Rule Activated: CRITICAL_VOLTAGE, Reason: Bus voltage below threshold: 0.18 < 25.50
2025-07-11 04:29:38,394 - INFO - [AUDIT] - Decision: RECOVER_EPS, Reason: Critical voltage, Mode: Nominal
2025-07-11 04:29:38,394 - INFO - [AUDIT] - Rule Activated: CRITICAL_VOLTAGE, Reason: Bus voltage below threshold: 0.18 < 25.50
2025-07-11 04:29:38,395 - INFO - [AUDIT] - Decision: RECOVER_EPS, Reason: Critical voltage, Mode: Nominal
2025-07-11 04:29:38,395 - INFO - [AUDIT] - Rule Activated: CRITICAL_VOLTAGE, Reason: Bus voltage below threshold: 0.18 < 25.50
2025-07-11 04:29:38,395 - INFO - [AUDIT] - Decision: RECOVER_EPS, Reason: Critical voltage, Mode: Nominal
2025-07-11 04:29:38,396 - INFO - [AUDIT] - Rule Activated: CRITICAL_VOLTAGE, Reason: Bus voltage below threshold: 0.18 < 25.50
2025-07-11 04:29:38,396 - INFO - [AUDIT] - Decision: RECOVER_EPS, Reason: Critical voltage, Mode: Nominal
2025-07-11 04:29:38,397 - INFO - [AUDIT] - Rule Activated: CRITICAL_VOLTAGE, Reason: Bus voltage below threshold: 0.18 < 25.50
2025-07-11 04:29:38,397 - INFO - [AUDIT] - Decision: RECOVER_EPS, Reason: Critical voltage, Mode: Nominal
2025-07-11 04:29:38,398 - INFO - [AUDIT] - Rule Activated: CRITICAL_VOLTAGE, Reason: Bus voltage below threshold: 0.18 < 25.50
2025-07-11 04:29:38,398 - INFO - [AUDIT] - Decision: RECOVER_EPS, Reason: Critical voltage, Mode: Nominal
2025-07-11 04:29:38,398 - INFO - [AUDIT] - Rule Activated: CRITICAL_VOLTAGE, Reason: Bus voltage below threshold: 0.18 < 25.50
2025-07-11 04:29:38,398 - INFO - [AUDIT] - Decision: RECOVER_EPS, Reason: Critical voltage, Mode: Nominal
2025-07-11 04:29:38,398 - INFO - [AUDIT] - Rule Activated: CRITICAL_VOLTAGE, Reason: Bus voltage below threshold: 0.18 < 25.50
2025-07-11 04:29:38,398 - INFO - [AUDIT] - Decision: RECOVER_EPS, Reason: Critical voltage, Mode: Nominal
2025-07-11 04:29:38,399 - INFO - [AUDIT] - Rule Activated: CRITICAL_VOLTAGE, Reason: Bus voltage below threshold: 0.18 < 25.50
2025-07-11 04:29:38,399 - INFO - [AUDIT] - Decision: RECOVER_EPS, Reason: Critical voltage, Mode: Nominal
2025-07-11 04:29:38,399 - INFO - [AUDIT] - Rule Activated: CRITICAL_VOLTAGE, Reason: Bus voltage below threshold: 0.18 < 25.50
2025-07-11 04:29:38,399 - INFO - [AUDIT] - Decision: RECOVER_EPS, Reason: Critical voltage, Mode: Nominal
2025-07-11 04:29:38,400 - INFO - [AUDIT] - Rule Activated: CRITICAL_VOLTAGE, Reason: Bus voltage below threshold: 0.18 < 25.50
2025-07-11 04:29:38,400 - INFO - [AUDIT] - Decision: RECOVER_EPS, Reason: Critical voltage, Mode: Nominal
2025-07-11 04:29:38,400 - INFO - [AUDIT] - Rule Activated: CRITICAL_VOLTAGE, Reason: Bus voltage below threshold: 0.18 < 25.50
2025-07-11 04:29:38,400 - INFO - [AUDIT] - Decision: RECOVER_EPS, Reason: Critical voltage, Mode: Nominal
2025-07-11 04:29:38,400 - INFO - [AUDIT] - Rule Activated: CRITICAL_VOLTAGE, Reason: Bus voltage below threshold: 0.18 < 25.50
2025-07-11 04:29:38,401 - INFO - [AUDIT] - Decision: RECOVER_EPS, Reason: Critical voltage, Mode: Nominal
2025-07-11 04:29:38,401 - INFO - [AUDIT] - Rule Activated: CRITICAL_VOLTAGE, Reason: Bus voltage below threshold: 0.18 < 25.50
2025-07-11 04:29:38,401 - INFO - [AUDIT] - Decision: RECOVER_EPS, Reason: Critical voltage, Mode: Nominal
2025-07-11 04:29:38,401 - INFO - [AUDIT] - Rule Activated: CRITICAL_VOLTAGE, Reason: Bus voltage below threshold: 0.18 < 25.50
2025-07-11 04:29:38,401 - INFO - [AUDIT] - Decision: RECOVER_EPS, Reason: Critical voltage, Mode: Nominal
2025-07-11 04:29:38,401 - INFO - [AUDIT] - Rule Activated: CRITICAL_VOLTAGE, Reason: Bus voltage below threshold: 0.18 < 25.50
2025-07-11 04:29:38,401 - INFO - [AUDIT] - Decision: RECOVER_EPS, Reason: Critical voltage, Mode: Nominal
2025-07-11 04:29:38,401 - INFO - [AUDIT] - Rule Activated: CRITICAL_VOLTAGE, Reason: Bus voltage below threshold: 0.18 < 25.50
2025-07-11 04:29:38,401 - INFO - [AUDIT] - Decision: RECOVER_EPS, Reason: Critical voltage, Mode: Nominal
2025-07-11 04:29:38,402 - INFO - [AUDIT] - Rule Activated: CRITICAL_VOLTAGE, Reason: Bus voltage below threshold: 0.18 < 25.50
2025-07-11 04:29:38,402 - INFO - [AUDIT] - Decision: RECOVER_EPS, Reason: Critical voltage, Mode: Nominal
2025-07-11 04:29:38,402 - INFO - [AUDIT] - Rule Activated: CRITICAL_VOLTAGE, Reason: Bus voltage below threshold: 0.18 < 25.50
2025-07-11 04:29:38,402 - INFO - [AUDIT] - Decision: RECOVER_EPS, Reason: Critical voltage, Mode: Nominal
2025-07-11 04:29:38,402 - INFO - [AUDIT] - Rule Activated: CRITICAL_VOLTAGE, Reason: Bus voltage below threshold: 0.18 < 25.50
2025-07-11 04:29:38,402 - INFO - [AUDIT] - Decision: RECOVER_EPS, Reason: Critical voltage, Mode: Nominal
2025-07-11 04:29:38,402 - INFO - [AUDIT] - Rule Activated: CRITICAL_VOLTAGE, Reason: Bus voltage below threshold: 0.18 < 25.50
2025-07-11 04:29:38,402 - INFO - [AUDIT] - Decision: RECOVER_EPS, Reason: Critical voltage, Mode: Nominal
2025-07-11 04:29:38,403 - INFO - [AUDIT] - Rule Activated: CRITICAL_VOLTAGE, Reason: Bus voltage below threshold: 0.18 < 25.50
2025-07-11 04:29:38,403 - INFO - [AUDIT] - Decision: RECOVER_EPS, Reason: Critical voltage, Mode: Nominal
2025-07-11 04:29:38,403 - INFO - [AUDIT] - Rule Activated: CRITICAL_VOLTAGE, Reason: Bus voltage below threshold: 0.18 < 25.50
2025-07-11 04:29:38,403 - INFO - [AUDIT] - Decision: RECOVER_EPS, Reason: Critical voltage, Mode: Nominal
2025-07-11 04:29:38,403 - INFO - [AUDIT] - Rule Activated: CRITICAL_VOLTAGE, Reason: Bus voltage below threshold: 0.18 < 25.50
2025-07-11 04:29:38,403 - INFO - [AUDIT] - Decision: RECOVER_EPS, Reason: Critical voltage, Mode: Nominal
2025-07-11 04:29:38,403 - INFO - [AUDIT] - Rule Activated: CRITICAL_VOLTAGE, Reason: Bus voltage below threshold: 0.18 < 25.50
2025-07-11 04:29:38,403 - INFO - [AUDIT] - Decision: RECOVER_EPS, Reason: Critical voltage, Mode: Nominal
2025-07-11 04:29:38,403 - INFO - [AUDIT] - Rule Activated: CRITICAL_VOLTAGE, Reason: Bus voltage below threshold: 0.18 < 25.50
2025-07-11 04:29:38,403 - INFO - [AUDIT] - Decision: RECOVER_EPS, Reason: Critical voltage, Mode: Nominal
2025-07-11 04:29:38,404 - INFO - [AUDIT] - Rule Activated: CRITICAL_VOLTAGE, Reason: Bus voltage below threshold: 0.18 < 25.50
2025-07-11 04:29:38,404 - INFO - [AUDIT] - Decision: RECOVER_EPS, Reason: Critical voltage, Mode: Nominal
2025-07-11 04:29:38,404 - INFO - [AUDIT] - Rule Activated: CRITICAL_VOLTAGE, Reason: Bus voltage below threshold: 0.18 < 25.50
2025-07-11 04:29:38,404 - INFO - [AUDIT] - Decision: RECOVER_EPS, Reason: Critical voltage, Mode: Nominal
2025-07-11 04:29:38,404 - INFO - [AUDIT] - Rule Activated: CRITICAL_VOLTAGE, Reason: Bus voltage below threshold: 0.18 < 25.50
2025-07-11 04:29:38,404 - INFO - [AUDIT] - Decision: RECOVER_EPS, Reason: Critical voltage, Mode: Nominal
2025-07-11 04:29:38,404 - INFO - [AUDIT] - Rule Activated: CRITICAL_VOLTAGE, Reason: Bus voltage below threshold: 0.18 < 25.50
2025-07-11 04:29:38,404 - INFO - [AUDIT] - Decision: RECOVER_EPS, Reason: Critical voltage, Mode: Nominal
2025-07-11 04:29:38,404 - INFO - [AUDIT] - Rule Activated: CRITICAL_VOLTAGE, Reason: Bus voltage below threshold: 0.18 < 25.50
2025-07-11 04:29:38,404 - INFO - [AUDIT] - Decision: RECOVER_EPS, Reason: Critical voltage, Mode: Nominal
2025-07-11 04:29:38,405 - INFO - [AUDIT] - Rule Activated: CRITICAL_VOLTAGE, Reason: Bus voltage below threshold: 0.18 < 25.50
2025-07-11 04:29:38,405 - INFO - [AUDIT] - Decision: RECOVER_EPS, Reason: Critical voltage, Mode: Nominal
2025-07-11 04:29:38,405 - INFO - [AUDIT] - Rule Activated: CRITICAL_VOLTAGE, Reason: Bus voltage below threshold: 0.18 < 25.50
2025-07-11 04:29:38,405 - INFO - [AUDIT] - Decision: RECOVER_EPS, Reason: Critical voltage, Mode: Nominal
2025-07-11 04:29:38,405 - INFO - [AUDIT] - Rule Activated: CRITICAL_VOLTAGE, Reason: Bus voltage below threshold: 0.18 < 25.50
2025-07-11 04:29:38,405 - INFO - [AUDIT] - Decision: RECOVER_EPS, Reason: Critical voltage, Mode: Nominal
2025-07-11 04:29:38,405 - INFO - [AUDIT] - Rule Activated: CRITICAL_VOLTAGE, Reason: Bus voltage below threshold: 0.18 < 25.50
2025-07-11 04:29:38,405 - INFO - [AUDIT] - Decision: RECOVER_EPS, Reason: Critical voltage, Mode: Nominal
2025-07-11 04:29:38,405 - INFO - [AUDIT] - Rule Activated: CRITICAL_VOLTAGE, Reason: Bus voltage below threshold: 0.18 < 25.50
2025-07-11 04:29:38,405 - INFO - [AUDIT] - Decision: RECOVER_EPS, Reason: Critical voltage, Mode: Nominal
2025-07-11 04:29:38,405 - INFO - [AUDIT] - Rule Activated: CRITICAL_VOLTAGE, Reason: Bus voltage below threshold: 0.18 < 25.50
2025-07-11 04:29:38,405 - INFO - [AUDIT] - Decision: RECOVER_EPS, Reason: Critical voltage, Mode: Nominal
2025-07-11 04:29:38,406 - INFO - [AUDIT] - Rule Activated: CRITICAL_VOLTAGE, Reason: Bus voltage below threshold: 0.18 < 25.50
2025-07-11 04:29:38,406 - INFO - [AUDIT] - Decision: RECOVER_EPS, Reason: Critical voltage, Mode: Nominal
2025-07-11 04:29:38,406 - INFO - [AUDIT] - Rule Activated: CRITICAL_VOLTAGE, Reason: Bus voltage below threshold: 0.18 < 25.50
2025-07-11 04:29:38,406 - INFO - [AUDIT] - Decision: RECOVER_EPS, Reason: Critical voltage, Mode: Nominal
2025-07-11 04:29:38,406 - INFO - [AUDIT] - Rule Activated: CRITICAL_VOLTAGE, Reason: Bus voltage below threshold: 0.18 < 25.50
2025-07-11 04:29:38,406 - INFO - [AUDIT] - Decision: RECOVER_EPS, Reason: Critical voltage, Mode: Nominal
2025-07-11 04:29:38,406 - INFO - [AUDIT] - Rule Activated: CRITICAL_VOLTAGE, Reason: Bus voltage below threshold: 0.18 < 25.50
2025-07-11 04:29:38,406 - INFO - [AUDIT] - Decision: RECOVER_EPS, Reason: Critical voltage, Mode: Nominal
2025-07-11 04:29:38,406 - INFO - [AUDIT] - Rule Activated: CRITICAL_VOLTAGE, Reason: Bus voltage below threshold: 0.18 < 25.50
2025-07-11 04:29:38,406 - INFO - [AUDIT] - Decision: RECOVER_EPS, Reason: Critical voltage, Mode: Nominal
2025-07-11 04:29:38,406 - INFO - [AUDIT] - Rule Activated: CRITICAL_VOLTAGE, Reason: Bus voltage below threshold: 0.18 < 25.50
2025-07-11 04:29:38,406 - INFO - [AUDIT] - Decision: RECOVER_EPS, Reason: Critical voltage, Mode: Nominal
2025-07-11 04:29:38,407 - INFO - [AUDIT] - Rule Activated: CRITICAL_VOLTAGE, Reason: Bus voltage below threshold: 0.18 < 25.50
2025-07-11 04:29:38,407 - INFO - [AUDIT] - Decision: RECOVER_EPS, Reason: Critical voltage, Mode: Nominal
2025-07-11 04:29:38,407 - INFO - [AUDIT] - Rule Activated: CRITICAL_VOLTAGE, Reason: Bus voltage below threshold: 0.18 < 25.50
2025-07-11 04:29:38,407 - INFO - [AUDIT] - Decision: RECOVER_EPS, Reason: Critical voltage, Mode: Nominal
2025-07-11 04:29:38,407 - INFO - [AUDIT] - Rule Activated: CRITICAL_VOLTAGE, Reason: Bus voltage below threshold: 0.18 < 25.50
2025-07-11 04:29:38,407 - INFO - [AUDIT] - Decision: RECOVER_EPS, Reason: Critical voltage, Mode: Nominal
2025-07-11 04:29:38,407 - INFO - [AUDIT] - Rule Activated: CRITICAL_VOLTAGE, Reason: Bus voltage below threshold: 0.18 < 25.50
2025-07-11 04:29:38,407 - INFO - [AUDIT] - Decision: RECOVER_EPS, Reason: Critical voltage, Mode: Nominal
2025-07-11 04:29:38,407 - INFO - [AUDIT] - Rule Activated: CRITICAL_VOLTAGE, Reason: Bus voltage below threshold: 0.18 < 25.50
2025-07-11 04:29:38,407 - INFO - [AUDIT] - Decision: RECOVER_EPS, Reason: Critical voltage, Mode: Nominal
2025-07-11 04:29:38,407 - INFO - [AUDIT] - Rule Activated: CRITICAL_VOLTAGE, Reason: Bus voltage below threshold: 0.18 < 25.50
2025-07-11 04:29:38,407 - INFO - [AUDIT] - Decision: RECOVER_EPS, Reason: Critical voltage, Mode: Nominal
2025-07-11 04:29:38,408 - INFO - [AUDIT] - Rule Activated: CRITICAL_VOLTAGE, Reason: Bus voltage below threshold: 0.18 < 25.50
2025-07-11 04:29:38,408 - INFO - [AUDIT] - Decision: RECOVER_EPS, Reason: Critical voltage, Mode: Nominal
2025-07-11 04:29:38,408 - INFO - [AUDIT] - Rule Activated: CRITICAL_VOLTAGE, Reason: Bus voltage below threshold: 0.18 < 25.50
2025-07-11 04:29:38,408 - INFO - [AUDIT] - Decision: RECOVER_EPS, Reason: Critical voltage, Mode: Nominal
2025-07-11 04:29:38,408 - INFO - [AUDIT] - Rule Activated: CRITICAL_VOLTAGE, Reason: Bus voltage below threshold: 0.18 < 25.50
2025-07-11 04:29:38,408 - INFO - [AUDIT] - Decision: RECOVER_EPS, Reason: Critical voltage, Mode: Nominal
2025-07-11 04:29:38,408 - INFO - [AUDIT] - Rule Activated: CRITICAL_VOLTAGE, Reason: Bus voltage below threshold: 0.18 < 25.50
2025-07-11 04:29:38,408 - INFO - [AUDIT] - Decision: RECOVER_EPS, Reason: Critical voltage, Mode: Nominal
2025-07-11 04:29:38,408 - INFO - [AUDIT] - Rule Activated: CRITICAL_VOLTAGE, Reason: Bus voltage below threshold: 0.18 < 25.50
2025-07-11 04:29:38,408 - INFO - [AUDIT] - Decision: RECOVER_EPS, Reason: Critical voltage, Mode: Nominal
2025-07-11 04:29:38,408 - INFO - [AUDIT] - Rule Activated: CRITICAL_VOLTAGE, Reason: Bus voltage below threshold: 0.18 < 25.50
2025-07-11 04:29:38,408 - INFO - [AUDIT] - Decision: RECOVER_EPS, Reason: Critical voltage, Mode: Nominal
2025-07-11 04:29:38,409 - INFO - [AUDIT] - Rule Activated: CRITICAL_VOLTAGE, Reason: Bus voltage below threshold: 0.18 < 25.50
2025-07-11 04:29:38,409 - INFO - [AUDIT] - Decision: RECOVER_EPS, Reason: Critical voltage, Mode: Nominal
2025-07-11 04:29:38,409 - INFO - [AUDIT] - Rule Activated: CRITICAL_VOLTAGE, Reason: Bus voltage below threshold: 0.18 < 25.50
2025-07-11 04:29:38,409 - INFO - [AUDIT] - Decision: RECOVER_EPS, Reason: Critical voltage, Mode: Nominal
2025-07-11 04:29:38,409 - INFO - [AUDIT] - Rule Activated: CRITICAL_VOLTAGE, Reason: Bus voltage below threshold: 0.18 < 25.50
2025-07-11 04:29:38,409 - INFO - [AUDIT] - Decision: RECOVER_EPS, Reason: Critical voltage, Mode: Nominal
2025-07-11 04:29:38,409 - INFO - [AUDIT] - Rule Activated: CRITICAL_VOLTAGE, Reason: Bus voltage below threshold: 0.18 < 25.50
2025-07-11 04:29:38,409 - INFO - [AUDIT] - Decision: RECOVER_EPS, Reason: Critical voltage, Mode: Nominal
2025-07-11 04:29:38,409 - INFO - [AUDIT] - Rule Activated: CRITICAL_VOLTAGE, Reason: Bus voltage below threshold: 0.18 < 25.50
2025-07-11 04:29:38,409 - INFO - [AUDIT] - Decision: RECOVER_EPS, Reason: Critical voltage, Mode: Nominal
2025-07-11 04:29:38,409 - INFO - [AUDIT] - Rule Activated: CRITICAL_VOLTAGE, Reason: Bus voltage below threshold: 0.18 < 25.50
2025-07-11 04:29:38,409 - INFO - [AUDIT] - Decision: RECOVER_EPS, Reason: Critical voltage, Mode: Nominal
2025-07-11 04:29:38,410 - INFO - [AUDIT] - Rule Activated: CRITICAL_VOLTAGE, Reason: Bus voltage below threshold: 0.18 < 25.50
2025-07-11 04:29:38,410 - INFO - [AUDIT] - Decision: RECOVER_EPS, Reason: Critical voltage, Mode: Nominal
2025-07-11 04:29:38,410 - INFO - [AUDIT] - Rule Activated: CRITICAL_VOLTAGE, Reason: Bus voltage below threshold: 0.18 < 25.50
2025-07-11 04:29:38,410 - INFO - [AUDIT] - Decision: RECOVER_EPS, Reason: Critical voltage, Mode: Nominal
2025-07-11 04:29:38,410 - INFO - [AUDIT] - Rule Activated: CRITICAL_VOLTAGE, Reason: Bus voltage below threshold: 0.18 < 25.50
2025-07-11 04:29:38,410 - INFO - [AUDIT] - Decision: RECOVER_EPS, Reason: Critical voltage, Mode: Nominal
2025-07-11 04:29:38,410 - INFO - [AUDIT] - Rule Activated: CRITICAL_VOLTAGE, Reason: Bus voltage below threshold: 0.18 < 25.50
2025-07-11 04:29:38,410 - INFO - [AUDIT] - Decision: RECOVER_EPS, Reason: Critical voltage, Mode: Nominal
2025-07-11 04:29:38,410 - INFO - [AUDIT] - Rule Activated: CRITICAL_VOLTAGE, Reason: Bus voltage below threshold: 0.18 < 25.50
2025-07-11 04:29:38,410 - INFO - [AUDIT] - Decision: RECOVER_EPS, Reason: Critical voltage, Mode: Nominal
2025-07-11 04:29:38,410 - INFO - [AUDIT] - Rule Activated: CRITICAL_VOLTAGE, Reason: Bus voltage below threshold: 0.18 < 25.50
2025-07-11 04:29:38,410 - INFO - [AUDIT] - Decision: RECOVER_EPS, Reason: Critical voltage, Mode: Nominal
2025-07-11 04:29:38,410 - INFO - [AUDIT] - Rule Activated: CRITICAL_VOLTAGE, Reason: Bus voltage below threshold: 0.18 < 25.50
2025-07-11 04:29:38,411 - INFO - [AUDIT] - Decision: RECOVER_EPS, Reason: Critical voltage, Mode: Nominal
2025-07-11 04:29:38,411 - INFO - [AUDIT] - Rule Activated: CRITICAL_VOLTAGE, Reason: Bus voltage below threshold: 0.18 < 25.50
2025-07-11 04:29:38,411 - INFO - [AUDIT] - Decision: RECOVER_EPS, Reason: Critical voltage, Mode: Nominal
2025-07-11 04:29:38,411 - INFO - [AUDIT] - Rule Activated: CRITICAL_VOLTAGE, Reason: Bus voltage below threshold: 0.18 < 25.50
2025-07-11 04:29:38,411 - INFO - [AUDIT] - Decision: RECOVER_EPS, Reason: Critical voltage, Mode: Nominal
2025-07-11 04:29:38,411 - INFO - [AUDIT] - Rule Activated: CRITICAL_VOLTAGE, Reason: Bus voltage below threshold: 0.18 < 25.50
2025-07-11 04:29:38,411 - INFO - [AUDIT] - Decision: RECOVER_EPS, Reason: Critical voltage, Mode: Nominal
2025-07-11 04:29:38,411 - INFO - [AUDIT] - Rule Activated: CRITICAL_VOLTAGE, Reason: Bus voltage below threshold: 0.18 < 25.50
2025-07-11 04:29:38,411 - INFO - [AUDIT] - Decision: RECOVER_EPS, Reason: Critical voltage, Mode: Nominal
2025-07-11 04:29:38,411 - INFO - [AUDIT] - Rule Activated: CRITICAL_VOLTAGE, Reason: Bus voltage below threshold: 0.18 < 25.50
2025-07-11 04:29:38,411 - INFO - [AUDIT] - Decision: RECOVER_EPS, Reason: Critical voltage, Mode: Nominal
2025-07-11 04:29:38,411 - INFO - [AUDIT] - Rule Activated: CRITICAL_VOLTAGE, Reason: Bus voltage below threshold: 0.18 < 25.50
2025-07-11 04:29:38,411 - INFO - [AUDIT] - Decision: RECOVER_EPS, Reason: Critical voltage, Mode: Nominal
2025-07-11 04:29:38,412 - INFO - [AUDIT] - Rule Activated: CRITICAL_VOLTAGE, Reason: Bus voltage below threshold: 0.18 < 25.50
2025-07-11 04:29:38,412 - INFO - [AUDIT] - Decision: RECOVER_EPS, Reason: Critical voltage, Mode: Nominal
2025-07-11 04:29:38,412 - INFO - [AUDIT] - Rule Activated: CRITICAL_VOLTAGE, Reason: Bus voltage below threshold: 0.18 < 25.50
2025-07-11 04:29:38,412 - INFO - [AUDIT] - Decision: RECOVER_EPS, Reason: Critical voltage, Mode: Nominal
2025-07-11 04:29:38,412 - INFO - [AUDIT] - Rule Activated: CRITICAL_VOLTAGE, Reason: Bus voltage below threshold: 0.18 < 25.50
2025-07-11 04:29:38,412 - INFO - [AUDIT] - Decision: RECOVER_EPS, Reason: Critical voltage, Mode: Nominal
2025-07-11 04:29:38,412 - INFO - [AUDIT] - Rule Activated: CRITICAL_VOLTAGE, Reason: Bus voltage below threshold: 0.18 < 25.50
2025-07-11 04:29:38,413 - INFO - [AUDIT] - Decision: RECOVER_EPS, Reason: Critical voltage, Mode: Nominal
2025-07-11 04:29:38,413 - INFO - [AUDIT] - Rule Activated: CRITICAL_VOLTAGE, Reason: Bus voltage below threshold: 0.18 < 25.50
2025-07-11 04:29:38,413 - INFO - [AUDIT] - Decision: RECOVER_EPS, Reason: Critical voltage, Mode: Nominal
2025-07-11 04:29:38,413 - INFO - [AUDIT] - Rule Activated: CRITICAL_VOLTAGE, Reason: Bus voltage below threshold: 0.18 < 25.50
2025-07-11 04:29:38,413 - INFO - [AUDIT] - Decision: RECOVER_EPS, Reason: Critical voltage, Mode: Nominal
2025-07-11 04:29:38,414 - INFO - [AUDIT] - Rule Activated: CRITICAL_VOLTAGE, Reason: Bus voltage below threshold: 0.18 < 25.50
2025-07-11 04:29:38,414 - INFO - [AUDIT] - Decision: RECOVER_EPS, Reason: Critical voltage, Mode: Nominal
2025-07-11 04:29:38,414 - INFO - [AUDIT] - Rule Activated: CRITICAL_VOLTAGE, Reason: Bus voltage below threshold: 0.18 < 25.50
2025-07-11 04:29:38,414 - INFO - [AUDIT] - Decision: RECOVER_EPS, Reason: Critical voltage, Mode: Nominal
2025-07-11 04:29:38,414 - INFO - [AUDIT] - Rule Activated: CRITICAL_VOLTAGE, Reason: Bus voltage below threshold: 0.18 < 25.50
2025-07-11 04:29:38,414 - INFO - [AUDIT] - Decision: RECOVER_EPS, Reason: Critical voltage, Mode: Nominal
2025-07-11 04:29:38,414 - INFO - [AUDIT] - Rule Activated: CRITICAL_VOLTAGE, Reason: Bus voltage below threshold: 0.18 < 25.50
2025-07-11 04:29:38,414 - INFO - [AUDIT] - Decision: RECOVER_EPS, Reason: Critical voltage, Mode: Nominal
2025-07-11 04:29:38,414 - INFO - [AUDIT] - Rule Activated: CRITICAL_VOLTAGE, Reason: Bus voltage below threshold: 0.18 < 25.50
2025-07-11 04:29:38,414 - INFO - [AUDIT] - Decision: RECOVER_EPS, Reason: Critical voltage, Mode: Nominal
2025-07-11 04:29:38,414 - INFO - [AUDIT] - Rule Activated: CRITICAL_VOLTAGE, Reason: Bus voltage below threshold: 0.18 < 25.50
2025-07-11 04:29:38,414 - INFO - [AUDIT] - Decision: RECOVER_EPS, Reason: Critical voltage, Mode: Nominal
2025-07-11 04:29:38,415 - INFO - [AUDIT] - Rule Activated: CRITICAL_VOLTAGE, Reason: Bus voltage below threshold: 0.18 < 25.50
2025-07-11 04:29:38,415 - INFO - [AUDIT] - Decision: RECOVER_EPS, Reason: Critical voltage, Mode: Nominal
2025-07-11 04:29:38,415 - INFO - [AUDIT] - Rule Activated: CRITICAL_VOLTAGE, Reason: Bus voltage below threshold: 0.18 < 25.50
2025-07-11 04:29:38,415 - INFO - [AUDIT] - Decision: RECOVER_EPS, Reason: Critical voltage, Mode: Nominal
2025-07-11 04:29:38,415 - INFO - [AUDIT] - Rule Activated: CRITICAL_VOLTAGE, Reason: Bus voltage below threshold: 0.18 < 25.50
2025-07-11 04:29:38,415 - INFO - [AUDIT] - Decision: RECOVER_EPS, Reason: Critical voltage, Mode: Nominal
2025-07-11 04:29:38,415 - INFO - [AUDIT] - Rule Activated: CRITICAL_VOLTAGE, Reason: Bus voltage below threshold: 0.18 < 25.50
2025-07-11 04:29:38,415 - INFO - [AUDIT] - Decision: RECOVER_EPS, Reason: Critical voltage, Mode: Nominal
2025-07-11 04:29:38,415 - INFO - [AUDIT] - Rule Activated: CRITICAL_VOLTAGE, Reason: Bus voltage below threshold: 0.18 < 25.50
2025-07-11 04:29:38,415 - INFO - [AUDIT] - Decision: RECOVER_EPS, Reason: Critical voltage, Mode: Nominal
2025-07-11 04:29:38,416 - INFO - [AUDIT] - Rule Activated: CRITICAL_VOLTAGE, Reason: Bus voltage below threshold: 0.18 < 25.50
2025-07-11 04:29:38,416 - INFO - [AUDIT] - Decision: RECOVER_EPS, Reason: Critical voltage, Mode: Nominal
2025-07-11 04:29:38,416 - INFO - [AUDIT] - Rule Activated: CRITICAL_VOLTAGE, Reason: Bus voltage below threshold: 0.18 < 25.50
2025-07-11 04:29:38,416 - INFO - [AUDIT] - Decision: RECOVER_EPS, Reason: Critical voltage, Mode: Nominal
2025-07-11 04:29:38,416 - INFO - [AUDIT] - Rule Activated: CRITICAL_VOLTAGE, Reason: Bus voltage below threshold: 0.18 < 25.50
2025-07-11 04:29:38,416 - INFO - [AUDIT] - Decision: RECOVER_EPS, Reason: Critical voltage, Mode: Nominal
2025-07-11 04:29:38,417 - INFO - [AUDIT] - Rule Activated: CRITICAL_VOLTAGE, Reason: Bus voltage below threshold: 0.18 < 25.50
2025-07-11 04:29:38,417 - INFO - [AUDIT] - Decision: RECOVER_EPS, Reason: Critical voltage, Mode: Nominal
2025-07-11 04:29:38,417 - INFO - [AUDIT] - Rule Activated: CRITICAL_VOLTAGE, Reason: Bus voltage below threshold: 0.18 < 25.50
2025-07-11 04:29:38,417 - INFO - [AUDIT] - Decision: RECOVER_EPS, Reason: Critical voltage, Mode: Nominal
2025-07-11 04:29:38,417 - INFO - [AUDIT] - Rule Activated: CRITICAL_VOLTAGE, Reason: Bus voltage below threshold: 0.18 < 25.50
2025-07-11 04:29:38,417 - INFO - [AUDIT] - Decision: RECOVER_EPS, Reason: Critical voltage, Mode: Nominal
2025-07-11 04:29:38,417 - INFO - [AUDIT] - Rule Activated: CRITICAL_VOLTAGE, Reason: Bus voltage below threshold: 0.18 < 25.50
2025-07-11 04:29:38,417 - INFO - [AUDIT] - Decision: RECOVER_EPS, Reason: Critical voltage, Mode: Nominal
2025-07-11 04:29:38,417 - INFO - [AUDIT] - Rule Activated: CRITICAL_VOLTAGE, Reason: Bus voltage below threshold: 0.18 < 25.50
2025-07-11 04:29:38,417 - INFO - [AUDIT] - Decision: RECOVER_EPS, Reason: Critical voltage, Mode: Nominal
2025-07-11 04:29:38,418 - INFO - [AUDIT] - Rule Activated: CRITICAL_VOLTAGE, Reason: Bus voltage below threshold: 0.18 < 25.50
2025-07-11 04:29:38,418 - INFO - [AUDIT] - Decision: RECOVER_EPS, Reason: Critical voltage, Mode: Nominal
2025-07-11 04:29:38,418 - INFO - [AUDIT] - Rule Activated: CRITICAL_VOLTAGE, Reason: Bus voltage below threshold: 0.18 < 25.50
2025-07-11 04:29:38,418 - INFO - [AUDIT] - Decision: RECOVER_EPS, Reason: Critical voltage, Mode: Nominal
2025-07-11 04:29:38,418 - INFO - [AUDIT] - Rule Activated: CRITICAL_VOLTAGE, Reason: Bus voltage below threshold: 0.18 < 25.50
2025-07-11 04:29:38,418 - INFO - [AUDIT] - Decision: RECOVER_EPS, Reason: Critical voltage, Mode: Nominal
2025-07-11 04:29:38,419 - INFO - [AUDIT] - Rule Activated: CRITICAL_VOLTAGE, Reason: Bus voltage below threshold: 0.18 < 25.50
2025-07-11 04:29:38,419 - INFO - [AUDIT] - Decision: RECOVER_EPS, Reason: Critical voltage, Mode: Nominal
2025-07-11 04:29:38,419 - INFO - [AUDIT] - Rule Activated: CRITICAL_VOLTAGE, Reason: Bus voltage below threshold: 0.18 < 25.50
2025-07-11 04:29:38,419 - INFO - [AUDIT] - Decision: RECOVER_EPS, Reason: Critical voltage, Mode: Nominal
2025-07-11 04:29:38,419 - INFO - [AUDIT] - Rule Activated: CRITICAL_VOLTAGE, Reason: Bus voltage below threshold: 0.18 < 25.50
2025-07-11 04:29:38,419 - INFO - [AUDIT] - Decision: RECOVER_EPS, Reason: Critical voltage, Mode: Nominal
2025-07-11 04:29:38,419 - INFO - [AUDIT] - Rule Activated: CRITICAL_VOLTAGE, Reason: Bus voltage below threshold: 0.18 < 25.50
2025-07-11 04:29:38,419 - INFO - [AUDIT] - Decision: RECOVER_EPS, Reason: Critical voltage, Mode: Nominal
2025-07-11 04:29:38,419 - INFO - [AUDIT] - Rule Activated: CRITICAL_VOLTAGE, Reason: Bus voltage below threshold: 0.18 < 25.50
2025-07-11 04:29:38,420 - INFO - [AUDIT] - Decision: RECOVER_EPS, Reason: Critical voltage, Mode: Nominal
2025-07-11 04:29:38,420 - INFO - [AUDIT] - Rule Activated: CRITICAL_VOLTAGE, Reason: Bus voltage below threshold: 0.18 < 25.50
2025-07-11 04:29:38,420 - INFO - [AUDIT] - Decision: RECOVER_EPS, Reason: Critical voltage, Mode: Nominal
2025-07-11 04:29:38,420 - INFO - [AUDIT] - Rule Activated: CRITICAL_VOLTAGE, Reason: Bus voltage below threshold: 0.18 < 25.50
2025-07-11 04:29:38,420 - INFO - [AUDIT] - Decision: RECOVER_EPS, Reason: Critical voltage, Mode: Nominal
2025-07-11 04:29:38,420 - INFO - [AUDIT] - Rule Activated: CRITICAL_VOLTAGE, Reason: Bus voltage below threshold: 0.18 < 25.50
2025-07-11 04:29:38,420 - INFO - [AUDIT] - Decision: RECOVER_EPS, Reason: Critical voltage, Mode: Nominal
2025-07-11 04:29:38,420 - INFO - [AUDIT] - Rule Activated: CRITICAL_VOLTAGE, Reason: Bus voltage below threshold: 0.18 < 25.50
2025-07-11 04:29:38,420 - INFO - [AUDIT] - Decision: RECOVER_EPS, Reason: Critical voltage, Mode: Nominal
2025-07-11 04:29:38,420 - INFO - [AUDIT] - Rule Activated: CRITICAL_VOLTAGE, Reason: Bus voltage below threshold: 0.18 < 25.50
2025-07-11 04:29:38,420 - INFO - [AUDIT] - Decision: RECOVER_EPS, Reason: Critical voltage, Mode: Nominal
2025-07-11 04:29:38,421 - INFO - [AUDIT] - Rule Activated: CRITICAL_VOLTAGE, Reason: Bus voltage below threshold: 0.18 < 25.50
2025-07-11 04:29:38,421 - INFO - [AUDIT] - Decision: RECOVER_EPS, Reason: Critical voltage, Mode: Nominal
2025-07-11 04:29:38,421 - INFO - [AUDIT] - Rule Activated: CRITICAL_VOLTAGE, Reason: Bus voltage below threshold: 0.18 < 25.50
2025-07-11 04:29:38,421 - INFO - [AUDIT] - Decision: RECOVER_EPS, Reason: Critical voltage, Mode: Nominal
2025-07-11 04:29:38,421 - INFO - [AUDIT] - Rule Activated: CRITICAL_VOLTAGE, Reason: Bus voltage below threshold: 0.18 < 25.50
2025-07-11 04:29:38,421 - INFO - [AUDIT] - Decision: RECOVER_EPS, Reason: Critical voltage, Mode: Nominal
2025-07-11 04:29:38,421 - INFO - [AUDIT] - Rule Activated: CRITICAL_VOLTAGE, Reason: Bus voltage below threshold: 0.18 < 25.50
2025-07-11 04:29:38,421 - INFO - [AUDIT] - Decision: RECOVER_EPS, Reason: Critical voltage, Mode: Nominal
2025-07-11 04:29:38,421 - INFO - [AUDIT] - Rule Activated: CRITICAL_VOLTAGE, Reason: Bus voltage below threshold: 0.18 < 25.50
2025-07-11 04:29:38,421 - INFO - [AUDIT] - Decision: RECOVER_EPS, Reason: Critical voltage, Mode: Nominal
2025-07-11 04:29:38,422 - INFO - [AUDIT] - Rule Activated: CRITICAL_VOLTAGE, Reason: Bus voltage below threshold: 0.18 < 25.50
2025-07-11 04:29:38,422 - INFO - [AUDIT] - Decision: RECOVER_EPS, Reason: Critical voltage, Mode: Nominal
2025-07-11 04:29:38,422 - INFO - [AUDIT] - Rule Activated: CRITICAL_VOLTAGE, Reason: Bus voltage below threshold: 0.18 < 25.50
2025-07-11 04:29:38,422 - INFO - [AUDIT] - Decision: RECOVER_EPS, Reason: Critical voltage, Mode: Nominal
2025-07-11 04:29:38,422 - INFO - [AUDIT] - Rule Activated: CRITICAL_VOLTAGE, Reason: Bus voltage below threshold: 0.18 < 25.50
2025-07-11 04:29:38,422 - INFO - [AUDIT] - Decision: RECOVER_EPS, Reason: Critical voltage, Mode: Nominal
2025-07-11 04:29:38,422 - INFO - [AUDIT] - Rule Activated: CRITICAL_VOLTAGE, Reason: Bus voltage below threshold: 0.18 < 25.50
2025-07-11 04:29:38,422 - INFO - [AUDIT] - Decision: RECOVER_EPS, Reason: Critical voltage, Mode: Nominal
2025-07-11 04:29:38,422 - INFO - [AUDIT] - Rule Activated: CRITICAL_VOLTAGE, Reason: Bus voltage below threshold: 0.18 < 25.50
2025-07-11 04:29:38,422 - INFO - [AUDIT] - Decision: RECOVER_EPS, Reason: Critical voltage, Mode: Nominal
2025-07-11 04:29:38,422 - INFO - [AUDIT] - Rule Activated: CRITICAL_VOLTAGE, Reason: Bus voltage below threshold: 0.18 < 25.50
2025-07-11 04:29:38,422 - INFO - [AUDIT] - Decision: RECOVER_EPS, Reason: Critical voltage, Mode: Nominal
2025-07-11 04:29:38,423 - INFO - [AUDIT] - Rule Activated: CRITICAL_VOLTAGE, Reason: Bus voltage below threshold: 0.18 < 25.50
2025-07-11 04:29:38,423 - INFO - [AUDIT] - Decision: RECOVER_EPS, Reason: Critical voltage, Mode: Nominal
2025-07-11 04:29:38,423 - INFO - [AUDIT] - Rule Activated: CRITICAL_VOLTAGE, Reason: Bus voltage below threshold: 0.18 < 25.50
2025-07-11 04:29:38,423 - INFO - [AUDIT] - Decision: RECOVER_EPS, Reason: Critical voltage, Mode: Nominal
2025-07-11 04:29:38,423 - INFO - [AUDIT] - Rule Activated: CRITICAL_VOLTAGE, Reason: Bus voltage below threshold: 0.18 < 25.50
2025-07-11 04:29:38,423 - INFO - [AUDIT] - Decision: RECOVER_EPS, Reason: Critical voltage, Mode: Nominal
2025-07-11 04:29:38,423 - INFO - [AUDIT] - Rule Activated: CRITICAL_VOLTAGE, Reason: Bus voltage below threshold: 0.18 < 25.50
2025-07-11 04:29:38,423 - INFO - [AUDIT] - Decision: RECOVER_EPS, Reason: Critical voltage, Mode: Nominal
2025-07-11 04:29:38,423 - INFO - [AUDIT] - Rule Activated: CRITICAL_VOLTAGE, Reason: Bus voltage below threshold: 0.18 < 25.50
2025-07-11 04:29:38,423 - INFO - [AUDIT] - Decision: RECOVER_EPS, Reason: Critical voltage, Mode: Nominal
2025-07-11 04:29:38,424 - INFO - [AUDIT] - Rule Activated: CRITICAL_VOLTAGE, Reason: Bus voltage below threshold: 0.18 < 25.50
2025-07-11 04:29:38,424 - INFO - [AUDIT] - Decision: RECOVER_EPS, Reason: Critical voltage, Mode: Nominal
2025-07-11 04:29:38,424 - INFO - [AUDIT] - Rule Activated: CRITICAL_VOLTAGE, Reason: Bus voltage below threshold: 0.18 < 25.50
2025-07-11 04:29:38,424 - INFO - [AUDIT] - Decision: RECOVER_EPS, Reason: Critical voltage, Mode: Nominal
2025-07-11 04:29:38,424 - INFO - [AUDIT] - Rule Activated: CRITICAL_VOLTAGE, Reason: Bus voltage below threshold: 0.18 < 25.50
2025-07-11 04:29:38,424 - INFO - [AUDIT] - Decision: RECOVER_EPS, Reason: Critical voltage, Mode: Nominal
2025-07-11 04:29:38,424 - INFO - [AUDIT] - Rule Activated: CRITICAL_VOLTAGE, Reason: Bus voltage below threshold: 0.18 < 25.50
2025-07-11 04:29:38,424 - INFO - [AUDIT] - Decision: RECOVER_EPS, Reason: Critical voltage, Mode: Nominal
2025-07-11 04:29:38,424 - INFO - [AUDIT] - Rule Activated: CRITICAL_VOLTAGE, Reason: Bus voltage below threshold: 0.18 < 25.50
2025-07-11 04:29:38,424 - INFO - [AUDIT] - Decision: RECOVER_EPS, Reason: Critical voltage, Mode: Nominal
2025-07-11 04:29:38,424 - INFO - [AUDIT] - Rule Activated: CRITICAL_VOLTAGE, Reason: Bus voltage below threshold: 0.18 < 25.50
2025-07-11 04:29:38,424 - INFO - [AUDIT] - Decision: RECOVER_EPS, Reason: Critical voltage, Mode: Nominal
2025-07-11 04:29:38,425 - INFO - [AUDIT] - Rule Activated: CRITICAL_VOLTAGE, Reason: Bus voltage below threshold: 0.18 < 25.50
2025-07-11 04:29:38,425 - INFO - [AUDIT] - Decision: RECOVER_EPS, Reason: Critical voltage, Mode: Nominal
2025-07-11 04:29:38,425 - INFO - [AUDIT] - Rule Activated: CRITICAL_VOLTAGE, Reason: Bus voltage below threshold: 0.18 < 25.50
2025-07-11 04:29:38,425 - INFO - [AUDIT] - Decision: RECOVER_EPS, Reason: Critical voltage, Mode: Nominal
2025-07-11 04:29:38,425 - INFO - [AUDIT] - Rule Activated: CRITICAL_VOLTAGE, Reason: Bus voltage below threshold: 0.18 < 25.50
2025-07-11 04:29:38,425 - INFO - [AUDIT] - Decision: RECOVER_EPS, Reason: Critical voltage, Mode: Nominal
2025-07-11 04:29:38,425 - INFO - [AUDIT] - Rule Activated: CRITICAL_VOLTAGE, Reason: Bus voltage below threshold: 0.18 < 25.50
2025-07-11 04:29:38,425 - INFO - [AUDIT] - Decision: RECOVER_EPS, Reason: Critical voltage, Mode: Nominal
2025-07-11 04:29:38,426 - INFO - [AUDIT] - Rule Activated: CRITICAL_VOLTAGE, Reason: Bus voltage below threshold: 0.18 < 25.50
2025-07-11 04:29:38,426 - INFO - [AUDIT] - Decision: RECOVER_EPS, Reason: Critical voltage, Mode: Nominal
2025-07-11 04:29:38,426 - INFO - [AUDIT] - Rule Activated: CRITICAL_VOLTAGE, Reason: Bus voltage below threshold: 0.18 < 25.50
2025-07-11 04:29:38,426 - INFO - [AUDIT] - Decision: RECOVER_EPS, Reason: Critical voltage, Mode: Nominal
2025-07-11 04:29:38,426 - INFO - [AUDIT] - Rule Activated: CRITICAL_VOLTAGE, Reason: Bus voltage below threshold: 0.18 < 25.50
2025-07-11 04:29:38,426 - INFO - [AUDIT] - Decision: RECOVER_EPS, Reason: Critical voltage, Mode: Nominal
2025-07-11 04:29:38,426 - INFO - [AUDIT] - Rule Activated: CRITICAL_VOLTAGE, Reason: Bus voltage below threshold: 0.18 < 25.50
2025-07-11 04:29:38,426 - INFO - [AUDIT] - Decision: RECOVER_EPS, Reason: Critical voltage, Mode: Nominal
2025-07-11 04:29:38,427 - INFO - [AUDIT] - Rule Activated: CRITICAL_VOLTAGE, Reason: Bus voltage below threshold: 0.18 < 25.50
2025-07-11 04:29:38,427 - INFO - [AUDIT] - Decision: RECOVER_EPS, Reason: Critical voltage, Mode: Nominal
2025-07-11 04:29:38,427 - INFO - [AUDIT] - Rule Activated: CRITICAL_VOLTAGE, Reason: Bus voltage below threshold: 0.18 < 25.50
2025-07-11 04:29:38,427 - INFO - [AUDIT] - Decision: RECOVER_EPS, Reason: Critical voltage, Mode: Nominal
2025-07-11 04:29:38,427 - INFO - [AUDIT] - Rule Activated: CRITICAL_VOLTAGE, Reason: Bus voltage below threshold: 0.18 < 25.50
2025-07-11 04:29:38,427 - INFO - [AUDIT] - Decision: RECOVER_EPS, Reason: Critical voltage, Mode: Nominal
2025-07-11 04:29:38,427 - INFO - [AUDIT] - Rule Activated: CRITICAL_VOLTAGE, Reason: Bus voltage below threshold: 0.00 < 25.50
2025-07-11 04:29:38,427 - INFO - [AUDIT] - Decision: RECOVER_EPS, Reason: Critical voltage, Mode: Nominal
2025-07-11 04:29:38,428 - INFO - [AUDIT] - Rule Activated: CRITICAL_VOLTAGE, Reason: Bus voltage below threshold: 0.18 < 25.50
2025-07-11 04:29:38,428 - INFO - [AUDIT] - Decision: RECOVER_EPS, Reason: Critical voltage, Mode: Nominal
2025-07-11 04:29:38,428 - INFO - [AUDIT] - Rule Activated: CRITICAL_VOLTAGE, Reason: Bus voltage below threshold: 0.18 < 25.50
2025-07-11 04:29:38,428 - INFO - [AUDIT] - Decision: RECOVER_EPS, Reason: Critical voltage, Mode: Nominal
2025-07-11 04:29:38,428 - INFO - [AUDIT] - Rule Activated: CRITICAL_VOLTAGE, Reason: Bus voltage below threshold: 0.18 < 25.50
2025-07-11 04:29:38,428 - INFO - [AUDIT] - Decision: RECOVER_EPS, Reason: Critical voltage, Mode: Nominal
2025-07-11 04:29:38,428 - INFO - [AUDIT] - Rule Activated: CRITICAL_VOLTAGE, Reason: Bus voltage below threshold: 0.18 < 25.50
2025-07-11 04:29:38,428 - INFO - [AUDIT] - Decision: RECOVER_EPS, Reason: Critical voltage, Mode: Nominal
2025-07-11 04:29:38,429 - INFO - [AUDIT] - Rule Activated: CRITICAL_VOLTAGE, Reason: Bus voltage below threshold: 0.18 < 25.50
2025-07-11 04:29:38,429 - INFO - [AUDIT] - Decision: RECOVER_EPS, Reason: Critical voltage, Mode: Nominal
2025-07-11 04:29:38,429 - INFO - [AUDIT] - Rule Activated: CRITICAL_VOLTAGE, Reason: Bus voltage below threshold: 0.18 < 25.50
2025-07-11 04:29:38,429 - INFO - [AUDIT] - Decision: RECOVER_EPS, Reason: Critical voltage, Mode: Nominal
2025-07-11 04:29:38,429 - INFO - [AUDIT] - Rule Activated: CRITICAL_VOLTAGE, Reason: Bus voltage below threshold: 0.18 < 25.50
2025-07-11 04:29:38,429 - INFO - [AUDIT] - Decision: RECOVER_EPS, Reason: Critical voltage, Mode: Nominal
2025-07-11 04:29:38,429 - INFO - [AUDIT] - Rule Activated: CRITICAL_VOLTAGE, Reason: Bus voltage below threshold: 0.18 < 25.50
2025-07-11 04:29:38,429 - INFO - [AUDIT] - Decision: RECOVER_EPS, Reason: Critical voltage, Mode: Nominal
2025-07-11 04:29:38,429 - INFO - [AUDIT] - Rule Activated: CRITICAL_VOLTAGE, Reason: Bus voltage below threshold: 0.18 < 25.50
2025-07-11 04:29:38,429 - INFO - [AUDIT] - Decision: RECOVER_EPS, Reason: Critical voltage, Mode: Nominal
2025-07-11 04:29:38,429 - INFO - [AUDIT] - Rule Activated: CRITICAL_VOLTAGE, Reason: Bus voltage below threshold: 0.18 < 25.50
2025-07-11 04:29:38,429 - INFO - [AUDIT] - Decision: RECOVER_EPS, Reason: Critical voltage, Mode: Nominal
2025-07-11 04:29:38,430 - INFO - [AUDIT] - Rule Activated: CRITICAL_VOLTAGE, Reason: Bus voltage below threshold: 0.18 < 25.50
2025-07-11 04:29:38,430 - INFO - [AUDIT] - Decision: RECOVER_EPS, Reason: Critical voltage, Mode: Nominal
2025-07-11 04:29:38,430 - INFO - [AUDIT] - Rule Activated: CRITICAL_VOLTAGE, Reason: Bus voltage below threshold: 0.18 < 25.50
2025-07-11 04:29:38,430 - INFO - [AUDIT] - Decision: RECOVER_EPS, Reason: Critical voltage, Mode: Nominal
2025-07-11 04:29:38,430 - INFO - [AUDIT] - Rule Activated: CRITICAL_VOLTAGE, Reason: Bus voltage below threshold: 0.18 < 25.50
2025-07-11 04:29:38,430 - INFO - [AUDIT] - Decision: RECOVER_EPS, Reason: Critical voltage, Mode: Nominal
2025-07-11 04:29:38,430 - INFO - [AUDIT] - Rule Activated: CRITICAL_VOLTAGE, Reason: Bus voltage below threshold: 0.18 < 25.50
2025-07-11 04:29:38,430 - INFO - [AUDIT] - Decision: RECOVER_EPS, Reason: Critical voltage, Mode: Nominal
2025-07-11 04:29:38,430 - INFO - [AUDIT] - Rule Activated: CRITICAL_VOLTAGE, Reason: Bus voltage below threshold: 0.18 < 25.50
2025-07-11 04:29:38,430 - INFO - [AUDIT] - Decision: RECOVER_EPS, Reason: Critical voltage, Mode: Nominal
2025-07-11 04:29:38,430 - INFO - [AUDIT] - Rule Activated: CRITICAL_VOLTAGE, Reason: Bus voltage below threshold: 0.18 < 25.50
2025-07-11 04:29:38,430 - INFO - [AUDIT] - Decision: RECOVER_EPS, Reason: Critical voltage, Mode: Nominal
2025-07-11 04:29:38,431 - INFO - [AUDIT] - Rule Activated: CRITICAL_VOLTAGE, Reason: Bus voltage below threshold: 0.18 < 25.50
2025-07-11 04:29:38,431 - INFO - [AUDIT] - Decision: RECOVER_EPS, Reason: Critical voltage, Mode: Nominal
2025-07-11 04:29:38,431 - INFO - [AUDIT] - Rule Activated: CRITICAL_VOLTAGE, Reason: Bus voltage below threshold: 0.18 < 25.50
2025-07-11 04:29:38,431 - INFO - [AUDIT] - Decision: RECOVER_EPS, Reason: Critical voltage, Mode: Nominal
2025-07-11 04:29:38,431 - INFO - [AUDIT] - Rule Activated: CRITICAL_VOLTAGE, Reason: Bus voltage below threshold: 0.18 < 25.50
2025-07-11 04:29:38,431 - INFO - [AUDIT] - Decision: RECOVER_EPS, Reason: Critical voltage, Mode: Nominal
2025-07-11 04:29:38,431 - INFO - [AUDIT] - Rule Activated: CRITICAL_VOLTAGE, Reason: Bus voltage below threshold: 0.18 < 25.50
2025-07-11 04:29:38,431 - INFO - [AUDIT] - Decision: RECOVER_EPS, Reason: Critical voltage, Mode: Nominal
2025-07-11 04:29:38,431 - INFO - [AUDIT] - Rule Activated: CRITICAL_VOLTAGE, Reason: Bus voltage below threshold: 0.18 < 25.50
2025-07-11 04:29:38,431 - INFO - [AUDIT] - Decision: RECOVER_EPS, Reason: Critical voltage, Mode: Nominal
2025-07-11 04:29:38,431 - INFO - [AUDIT] - Rule Activated: CRITICAL_VOLTAGE, Reason: Bus voltage below threshold: 0.18 < 25.50
2025-07-11 04:29:38,431 - INFO - [AUDIT] - Decision: RECOVER_EPS, Reason: Critical voltage, Mode: Nominal
2025-07-11 04:29:38,432 - INFO - [AUDIT] - Rule Activated: CRITICAL_VOLTAGE, Reason: Bus voltage below threshold: 0.18 < 25.50
2025-07-11 04:29:38,432 - INFO - [AUDIT] - Decision: RECOVER_EPS, Reason: Critical voltage, Mode: Nominal
2025-07-11 04:29:38,432 - INFO - [AUDIT] - Rule Activated: CRITICAL_VOLTAGE, Reason: Bus voltage below threshold: 0.18 < 25.50
2025-07-11 04:29:38,432 - INFO - [AUDIT] - Decision: RECOVER_EPS, Reason: Critical voltage, Mode: Nominal
2025-07-11 04:29:38,432 - INFO - [AUDIT] - Rule Activated: CRITICAL_VOLTAGE, Reason: Bus voltage below threshold: 0.18 < 25.50
2025-07-11 04:29:38,432 - INFO - [AUDIT] - Decision: RECOVER_EPS, Reason: Critical voltage, Mode: Nominal
2025-07-11 04:29:38,432 - INFO - [AUDIT] - Rule Activated: CRITICAL_VOLTAGE, Reason: Bus voltage below threshold: 0.18 < 25.50
2025-07-11 04:29:38,432 - INFO - [AUDIT] - Decision: RECOVER_EPS, Reason: Critical voltage, Mode: Nominal
2025-07-11 04:29:38,432 - INFO - [AUDIT] - Rule Activated: CRITICAL_VOLTAGE, Reason: Bus voltage below threshold: 0.18 < 25.50
2025-07-11 04:29:38,432 - INFO - [AUDIT] - Decision: RECOVER_EPS, Reason: Critical voltage, Mode: Nominal
2025-07-11 04:29:38,432 - INFO - [AUDIT] - Rule Activated: CRITICAL_VOLTAGE, Reason: Bus voltage below threshold: 0.18 < 25.50
2025-07-11 04:29:38,432 - INFO - [AUDIT] - Decision: RECOVER_EPS, Reason: Critical voltage, Mode: Nominal
2025-07-11 04:29:38,433 - INFO - [AUDIT] - Rule Activated: CRITICAL_VOLTAGE, Reason: Bus voltage below threshold: 0.18 < 25.50
2025-07-11 04:29:38,433 - INFO - [AUDIT] - Decision: RECOVER_EPS, Reason: Critical voltage, Mode: Nominal
2025-07-11 04:29:38,433 - INFO - [AUDIT] - Rule Activated: CRITICAL_VOLTAGE, Reason: Bus voltage below threshold: 0.18 < 25.50
2025-07-11 04:29:38,433 - INFO - [AUDIT] - Decision: RECOVER_EPS, Reason: Critical voltage, Mode: Nominal
2025-07-11 04:29:38,433 - INFO - [AUDIT] - Rule Activated: CRITICAL_VOLTAGE, Reason: Bus voltage below threshold: 0.18 < 25.50
2025-07-11 04:29:38,433 - INFO - [AUDIT] - Decision: RECOVER_EPS, Reason: Critical voltage, Mode: Nominal
2025-07-11 04:29:38,433 - INFO - [AUDIT] - Rule Activated: CRITICAL_VOLTAGE, Reason: Bus voltage below threshold: 0.18 < 25.50
2025-07-11 04:29:38,433 - INFO - [AUDIT] - Decision: RECOVER_EPS, Reason: Critical voltage, Mode: Nominal
2025-07-11 04:29:38,433 - INFO - [AUDIT] - Rule Activated: CRITICAL_VOLTAGE, Reason: Bus voltage below threshold: 0.18 < 25.50
2025-07-11 04:29:38,433 - INFO - [AUDIT] - Decision: RECOVER_EPS, Reason: Critical voltage, Mode: Nominal
2025-07-11 04:29:38,433 - INFO - [AUDIT] - Rule Activated: CRITICAL_VOLTAGE, Reason: Bus voltage below threshold: 0.18 < 25.50
2025-07-11 04:29:38,433 - INFO - [AUDIT] - Decision: RECOVER_EPS, Reason: Critical voltage, Mode: Nominal
2025-07-11 04:29:38,434 - INFO - [AUDIT] - Rule Activated: CRITICAL_VOLTAGE, Reason: Bus voltage below threshold: 0.18 < 25.50
2025-07-11 04:29:38,434 - INFO - [AUDIT] - Decision: RECOVER_EPS, Reason: Critical voltage, Mode: Nominal
2025-07-11 04:29:38,434 - INFO - [AUDIT] - Rule Activated: CRITICAL_VOLTAGE, Reason: Bus voltage below threshold: 0.18 < 25.50
2025-07-11 04:29:38,434 - INFO - [AUDIT] - Decision: RECOVER_EPS, Reason: Critical voltage, Mode: Nominal
2025-07-11 04:29:38,434 - INFO - [AUDIT] - Rule Activated: CRITICAL_VOLTAGE, Reason: Bus voltage below threshold: 0.18 < 25.50
2025-07-11 04:29:38,434 - INFO - [AUDIT] - Decision: RECOVER_EPS, Reason: Critical voltage, Mode: Nominal
2025-07-11 04:29:38,434 - INFO - [AUDIT] - Rule Activated: CRITICAL_VOLTAGE, Reason: Bus voltage below threshold: 0.18 < 25.50
2025-07-11 04:29:38,434 - INFO - [AUDIT] - Decision: RECOVER_EPS, Reason: Critical voltage, Mode: Nominal
2025-07-11 04:29:38,434 - INFO - [AUDIT] - Rule Activated: CRITICAL_VOLTAGE, Reason: Bus voltage below threshold: 0.18 < 25.50
2025-07-11 04:29:38,434 - INFO - [AUDIT] - Decision: RECOVER_EPS, Reason: Critical voltage, Mode: Nominal
2025-07-11 04:29:38,434 - INFO - [AUDIT] - Rule Activated: CRITICAL_VOLTAGE, Reason: Bus voltage below threshold: 0.18 < 25.50
2025-07-11 04:29:38,434 - INFO - [AUDIT] - Decision: RECOVER_EPS, Reason: Critical voltage, Mode: Nominal
2025-07-11 04:29:38,435 - INFO - [AUDIT] - Rule Activated: CRITICAL_VOLTAGE, Reason: Bus voltage below threshold: 0.18 < 25.50
2025-07-11 04:29:38,435 - INFO - [AUDIT] - Decision: RECOVER_EPS, Reason: Critical voltage, Mode: Nominal
2025-07-11 04:29:38,435 - INFO - [AUDIT] - Rule Activated: CRITICAL_VOLTAGE, Reason: Bus voltage below threshold: 0.18 < 25.50
2025-07-11 04:29:38,435 - INFO - [AUDIT] - Decision: RECOVER_EPS, Reason: Critical voltage, Mode: Nominal
2025-07-11 04:29:38,435 - INFO - [AUDIT] - Rule Activated: CRITICAL_VOLTAGE, Reason: Bus voltage below threshold: 0.18 < 25.50
2025-07-11 04:29:38,435 - INFO - [AUDIT] - Decision: RECOVER_EPS, Reason: Critical voltage, Mode: Nominal
2025-07-11 04:29:38,435 - INFO - [AUDIT] - Rule Activated: CRITICAL_VOLTAGE, Reason: Bus voltage below threshold: 0.18 < 25.50
2025-07-11 04:29:38,435 - INFO - [AUDIT] - Decision: RECOVER_EPS, Reason: Critical voltage, Mode: Nominal
2025-07-11 04:29:38,435 - INFO - [AUDIT] - Rule Activated: CRITICAL_VOLTAGE, Reason: Bus voltage below threshold: 0.18 < 25.50
2025-07-11 04:29:38,435 - INFO - [AUDIT] - Decision: RECOVER_EPS, Reason: Critical voltage, Mode: Nominal
2025-07-11 04:29:38,435 - INFO - [AUDIT] - Rule Activated: CRITICAL_VOLTAGE, Reason: Bus voltage below threshold: 0.18 < 25.50
2025-07-11 04:29:38,436 - INFO - [AUDIT] - Decision: RECOVER_EPS, Reason: Critical voltage, Mode: Nominal
2025-07-11 04:29:38,436 - INFO - [AUDIT] - Rule Activated: CRITICAL_VOLTAGE, Reason: Bus voltage below threshold: 0.18 < 25.50
2025-07-11 04:29:38,436 - INFO - [AUDIT] - Decision: RECOVER_EPS, Reason: Critical voltage, Mode: Nominal
2025-07-11 04:29:38,436 - INFO - [AUDIT] - Rule Activated: CRITICAL_VOLTAGE, Reason: Bus voltage below threshold: 0.18 < 25.50
2025-07-11 04:29:38,436 - INFO - [AUDIT] - Decision: RECOVER_EPS, Reason: Critical voltage, Mode: Nominal
2025-07-11 04:29:38,436 - INFO - [AUDIT] - Rule Activated: CRITICAL_VOLTAGE, Reason: Bus voltage below threshold: 0.18 < 25.50
2025-07-11 04:29:38,436 - INFO - [AUDIT] - Decision: RECOVER_EPS, Reason: Critical voltage, Mode: Nominal
2025-07-11 04:29:38,436 - INFO - [AUDIT] - Rule Activated: CRITICAL_VOLTAGE, Reason: Bus voltage below threshold: 0.18 < 25.50
2025-07-11 04:29:38,436 - INFO - [AUDIT] - Decision: RECOVER_EPS, Reason: Critical voltage, Mode: Nominal
2025-07-11 04:29:38,436 - INFO - [AUDIT] - Rule Activated: CRITICAL_VOLTAGE, Reason: Bus voltage below threshold: 0.18 < 25.50
2025-07-11 04:29:38,436 - INFO - [AUDIT] - Decision: RECOVER_EPS, Reason: Critical voltage, Mode: Nominal
2025-07-11 04:29:38,436 - INFO - [AUDIT] - Rule Activated: CRITICAL_VOLTAGE, Reason: Bus voltage below threshold: 0.18 < 25.50
2025-07-11 04:29:38,437 - INFO - [AUDIT] - Decision: RECOVER_EPS, Reason: Critical voltage, Mode: Nominal
2025-07-11 04:29:38,437 - INFO - [AUDIT] - Rule Activated: CRITICAL_VOLTAGE, Reason: Bus voltage below threshold: 0.18 < 25.50
2025-07-11 04:29:38,437 - INFO - [AUDIT] - Decision: RECOVER_EPS, Reason: Critical voltage, Mode: Nominal
2025-07-11 04:29:38,437 - INFO - [AUDIT] - Rule Activated: CRITICAL_VOLTAGE, Reason: Bus voltage below threshold: 0.18 < 25.50
2025-07-11 04:29:38,437 - INFO - [AUDIT] - Decision: RECOVER_EPS, Reason: Critical voltage, Mode: Nominal
2025-07-11 04:29:38,437 - INFO - [AUDIT] - Rule Activated: CRITICAL_VOLTAGE, Reason: Bus voltage below threshold: 0.18 < 25.50
2025-07-11 04:29:38,437 - INFO - [AUDIT] - Decision: RECOVER_EPS, Reason: Critical voltage, Mode: Nominal
2025-07-11 04:29:38,437 - INFO - [AUDIT] - Rule Activated: CRITICAL_VOLTAGE, Reason: Bus voltage below threshold: 0.18 < 25.50
2025-07-11 04:29:38,437 - INFO - [AUDIT] - Decision: RECOVER_EPS, Reason: Critical voltage, Mode: Nominal
2025-07-11 04:29:38,437 - INFO - [AUDIT] - Rule Activated: CRITICAL_VOLTAGE, Reason: Bus voltage below threshold: 0.18 < 25.50
2025-07-11 04:29:38,437 - INFO - [AUDIT] - Decision: RECOVER_EPS, Reason: Critical voltage, Mode: Nominal
2025-07-11 04:29:38,438 - INFO - [AUDIT] - Rule Activated: CRITICAL_VOLTAGE, Reason: Bus voltage below threshold: 0.18 < 25.50
2025-07-11 04:29:38,438 - INFO - [AUDIT] - Decision: RECOVER_EPS, Reason: Critical voltage, Mode: Nominal
2025-07-11 04:29:38,438 - INFO - [AUDIT] - Rule Activated: CRITICAL_VOLTAGE, Reason: Bus voltage below threshold: 0.18 < 25.50
2025-07-11 04:29:38,438 - INFO - [AUDIT] - Decision: RECOVER_EPS, Reason: Critical voltage, Mode: Nominal
2025-07-11 04:29:38,438 - INFO - [AUDIT] - Rule Activated: CRITICAL_VOLTAGE, Reason: Bus voltage below threshold: 0.18 < 25.50
2025-07-11 04:29:38,438 - INFO - [AUDIT] - Decision: RECOVER_EPS, Reason: Critical voltage, Mode: Nominal
2025-07-11 04:29:38,438 - INFO - [AUDIT] - Rule Activated: CRITICAL_VOLTAGE, Reason: Bus voltage below threshold: 0.18 < 25.50
2025-07-11 04:29:38,438 - INFO - [AUDIT] - Decision: RECOVER_EPS, Reason: Critical voltage, Mode: Nominal
2025-07-11 04:29:38,438 - INFO - [AUDIT] - Rule Activated: CRITICAL_VOLTAGE, Reason: Bus voltage below threshold: 0.18 < 25.50
2025-07-11 04:29:38,438 - INFO - [AUDIT] - Decision: RECOVER_EPS, Reason: Critical voltage, Mode: Nominal
2025-07-11 04:29:38,438 - INFO - [AUDIT] - Rule Activated: CRITICAL_VOLTAGE, Reason: Bus voltage below threshold: 0.18 < 25.50
2025-07-11 04:29:38,438 - INFO - [AUDIT] - Decision: RECOVER_EPS, Reason: Critical voltage, Mode: Nominal
2025-07-11 04:29:38,439 - INFO - [AUDIT] - Rule Activated: CRITICAL_VOLTAGE, Reason: Bus voltage below threshold: 0.18 < 25.50
2025-07-11 04:29:38,439 - INFO - [AUDIT] - Decision: RECOVER_EPS, Reason: Critical voltage, Mode: Nominal
2025-07-11 04:29:38,439 - INFO - [AUDIT] - Rule Activated: CRITICAL_VOLTAGE, Reason: Bus voltage below threshold: 0.18 < 25.50
2025-07-11 04:29:38,439 - INFO - [AUDIT] - Decision: RECOVER_EPS, Reason: Critical voltage, Mode: Nominal
2025-07-11 04:29:38,439 - INFO - [AUDIT] - Rule Activated: CRITICAL_VOLTAGE, Reason: Bus voltage below threshold: 0.18 < 25.50
2025-07-11 04:29:38,439 - INFO - [AUDIT] - Decision: RECOVER_EPS, Reason: Critical voltage, Mode: Nominal
2025-07-11 04:29:38,439 - INFO - [AUDIT] - Rule Activated: CRITICAL_VOLTAGE, Reason: Bus voltage below threshold: 0.18 < 25.50
2025-07-11 04:29:38,439 - INFO - [AUDIT] - Decision: RECOVER_EPS, Reason: Critical voltage, Mode: Nominal
2025-07-11 04:29:38,439 - INFO - [AUDIT] - Rule Activated: CRITICAL_VOLTAGE, Reason: Bus voltage below threshold: 0.18 < 25.50
2025-07-11 04:29:38,439 - INFO - [AUDIT] - Decision: RECOVER_EPS, Reason: Critical voltage, Mode: Nominal
2025-07-11 04:29:38,439 - INFO - [AUDIT] - Rule Activated: CRITICAL_VOLTAGE, Reason: Bus voltage below threshold: 0.18 < 25.50
2025-07-11 04:29:38,439 - INFO - [AUDIT] - Decision: RECOVER_EPS, Reason: Critical voltage, Mode: Nominal
2025-07-11 04:29:38,440 - INFO - [AUDIT] - Rule Activated: CRITICAL_VOLTAGE, Reason: Bus voltage below threshold: 0.18 < 25.50
2025-07-11 04:29:38,440 - INFO - [AUDIT] - Decision: RECOVER_EPS, Reason: Critical voltage, Mode: Nominal
2025-07-11 04:29:38,440 - INFO - [AUDIT] - Rule Activated: CRITICAL_VOLTAGE, Reason: Bus voltage below threshold: 0.18 < 25.50
2025-07-11 04:29:38,440 - INFO - [AUDIT] - Decision: RECOVER_EPS, Reason: Critical voltage, Mode: Nominal
2025-07-11 04:29:38,440 - INFO - [AUDIT] - Rule Activated: CRITICAL_VOLTAGE, Reason: Bus voltage below threshold: 0.18 < 25.50
2025-07-11 04:29:38,440 - INFO - [AUDIT] - Decision: RECOVER_EPS, Reason: Critical voltage, Mode: Nominal
2025-07-11 04:29:38,440 - INFO - [AUDIT] - Rule Activated: CRITICAL_VOLTAGE, Reason: Bus voltage below threshold: 0.18 < 25.50
2025-07-11 04:29:38,440 - INFO - [AUDIT] - Decision: RECOVER_EPS, Reason: Critical voltage, Mode: Nominal
2025-07-11 04:29:38,440 - INFO - [AUDIT] - Rule Activated: CRITICAL_VOLTAGE, Reason: Bus voltage below threshold: 0.18 < 25.50
2025-07-11 04:29:38,440 - INFO - [AUDIT] - Decision: RECOVER_EPS, Reason: Critical voltage, Mode: Nominal
2025-07-11 04:29:38,440 - INFO - [AUDIT] - Rule Activated: CRITICAL_VOLTAGE, Reason: Bus voltage below threshold: 0.18 < 25.50
2025-07-11 04:29:38,440 - INFO - [AUDIT] - Decision: RECOVER_EPS, Reason: Critical voltage, Mode: Nominal
2025-07-11 04:29:38,441 - INFO - [AUDIT] - Rule Activated: CRITICAL_VOLTAGE, Reason: Bus voltage below threshold: 0.18 < 25.50
2025-07-11 04:29:38,441 - INFO - [AUDIT] - Decision: RECOVER_EPS, Reason: Critical voltage, Mode: Nominal
2025-07-11 04:29:38,441 - INFO - [AUDIT] - Rule Activated: CRITICAL_VOLTAGE, Reason: Bus voltage below threshold: 0.18 < 25.50
2025-07-11 04:29:38,441 - INFO - [AUDIT] - Decision: RECOVER_EPS, Reason: Critical voltage, Mode: Nominal
2025-07-11 04:29:38,441 - INFO - [AUDIT] - Rule Activated: CRITICAL_VOLTAGE, Reason: Bus voltage below threshold: 0.18 < 25.50
2025-07-11 04:29:38,441 - INFO - [AUDIT] - Decision: RECOVER_EPS, Reason: Critical voltage, Mode: Nominal
2025-07-11 04:29:38,441 - INFO - [AUDIT] - Rule Activated: CRITICAL_VOLTAGE, Reason: Bus voltage below threshold: 0.18 < 25.50
2025-07-11 04:29:38,441 - INFO - [AUDIT] - Decision: RECOVER_EPS, Reason: Critical voltage, Mode: Nominal
2025-07-11 04:29:38,441 - INFO - [AUDIT] - Rule Activated: CRITICAL_VOLTAGE, Reason: Bus voltage below threshold: 0.18 < 25.50
2025-07-11 04:29:38,441 - INFO - [AUDIT] - Decision: RECOVER_EPS, Reason: Critical voltage, Mode: Nominal
2025-07-11 04:29:38,441 - INFO - [AUDIT] - Rule Activated: CRITICAL_VOLTAGE, Reason: Bus voltage below threshold: 0.18 < 25.50
2025-07-11 04:29:38,441 - INFO - [AUDIT] - Decision: RECOVER_EPS, Reason: Critical voltage, Mode: Nominal
2025-07-11 04:29:38,442 - INFO - [AUDIT] - Rule Activated: CRITICAL_VOLTAGE, Reason: Bus voltage below threshold: 0.18 < 25.50
2025-07-11 04:29:38,442 - INFO - [AUDIT] - Decision: RECOVER_EPS, Reason: Critical voltage, Mode: Nominal
2025-07-11 04:29:38,442 - INFO - [AUDIT] - Rule Activated: CRITICAL_VOLTAGE, Reason: Bus voltage below threshold: 0.18 < 25.50
2025-07-11 04:29:38,442 - INFO - [AUDIT] - Decision: RECOVER_EPS, Reason: Critical voltage, Mode: Nominal
2025-07-11 04:29:38,442 - INFO - [AUDIT] - Rule Activated: CRITICAL_VOLTAGE, Reason: Bus voltage below threshold: 0.18 < 25.50
2025-07-11 04:29:38,442 - INFO - [AUDIT] - Decision: RECOVER_EPS, Reason: Critical voltage, Mode: Nominal
2025-07-11 04:29:38,442 - INFO - [AUDIT] - Rule Activated: CRITICAL_VOLTAGE, Reason: Bus voltage below threshold: 0.18 < 25.50
2025-07-11 04:29:38,442 - INFO - [AUDIT] - Decision: RECOVER_EPS, Reason: Critical voltage, Mode: Nominal
2025-07-11 04:29:38,442 - INFO - [AUDIT] - Rule Activated: CRITICAL_VOLTAGE, Reason: Bus voltage below threshold: 0.18 < 25.50
2025-07-11 04:29:38,442 - INFO - [AUDIT] - Decision: RECOVER_EPS, Reason: Critical voltage, Mode: Nominal
2025-07-11 04:29:38,442 - INFO - [AUDIT] - Rule Activated: CRITICAL_VOLTAGE, Reason: Bus voltage below threshold: 0.18 < 25.50
2025-07-11 04:29:38,442 - INFO - [AUDIT] - Decision: RECOVER_EPS, Reason: Critical voltage, Mode: Nominal
2025-07-11 04:29:38,443 - INFO - [AUDIT] - Rule Activated: CRITICAL_VOLTAGE, Reason: Bus voltage below threshold: 0.18 < 25.50
2025-07-11 04:29:38,443 - INFO - [AUDIT] - Decision: RECOVER_EPS, Reason: Critical voltage, Mode: Nominal
2025-07-11 04:29:38,443 - INFO - [AUDIT] - Rule Activated: CRITICAL_VOLTAGE, Reason: Bus voltage below threshold: 0.18 < 25.50
2025-07-11 04:29:38,443 - INFO - [AUDIT] - Decision: RECOVER_EPS, Reason: Critical voltage, Mode: Nominal
2025-07-11 04:29:38,443 - INFO - [AUDIT] - Rule Activated: CRITICAL_VOLTAGE, Reason: Bus voltage below threshold: 0.18 < 25.50
2025-07-11 04:29:38,443 - INFO - [AUDIT] - Decision: RECOVER_EPS, Reason: Critical voltage, Mode: Nominal
2025-07-11 04:29:38,443 - INFO - [AUDIT] - Rule Activated: CRITICAL_VOLTAGE, Reason: Bus voltage below threshold: 0.18 < 25.50
2025-07-11 04:29:38,443 - INFO - [AUDIT] - Decision: RECOVER_EPS, Reason: Critical voltage, Mode: Nominal
2025-07-11 04:29:38,444 - INFO - [AUDIT] - Rule Activated: CRITICAL_VOLTAGE, Reason: Bus voltage below threshold: 0.18 < 25.50
2025-07-11 04:29:38,444 - INFO - [AUDIT] - Decision: RECOVER_EPS, Reason: Critical voltage, Mode: Nominal
2025-07-11 04:29:38,444 - INFO - [AUDIT] - Rule Activated: CRITICAL_VOLTAGE, Reason: Bus voltage below threshold: 0.18 < 25.50
2025-07-11 04:29:38,444 - INFO - [AUDIT] - Decision: RECOVER_EPS, Reason: Critical voltage, Mode: Nominal
2025-07-11 04:29:38,444 - INFO - [AUDIT] - Rule Activated: CRITICAL_VOLTAGE, Reason: Bus voltage below threshold: 0.18 < 25.50
2025-07-11 04:29:38,444 - INFO - [AUDIT] - Decision: RECOVER_EPS, Reason: Critical voltage, Mode: Nominal
2025-07-11 04:29:38,444 - INFO - [AUDIT] - Rule Activated: CRITICAL_VOLTAGE, Reason: Bus voltage below threshold: 0.18 < 25.50
2025-07-11 04:29:38,444 - INFO - [AUDIT] - Decision: RECOVER_EPS, Reason: Critical voltage, Mode: Nominal
2025-07-11 04:29:38,444 - INFO - [AUDIT] - Rule Activated: CRITICAL_VOLTAGE, Reason: Bus voltage below threshold: 0.18 < 25.50
2025-07-11 04:29:38,444 - INFO - [AUDIT] - Decision: RECOVER_EPS, Reason: Critical voltage, Mode: Nominal
2025-07-11 04:29:38,444 - INFO - [AUDIT] - Rule Activated: CRITICAL_VOLTAGE, Reason: Bus voltage below threshold: 0.18 < 25.50
2025-07-11 04:29:38,444 - INFO - [AUDIT] - Decision: RECOVER_EPS, Reason: Critical voltage, Mode: Nominal
2025-07-11 04:29:38,445 - INFO - [AUDIT] - Rule Activated: CRITICAL_VOLTAGE, Reason: Bus voltage below threshold: 0.18 < 25.50
2025-07-11 04:29:38,445 - INFO - [AUDIT] - Decision: RECOVER_EPS, Reason: Critical voltage, Mode: Nominal
2025-07-11 04:29:38,445 - INFO - [AUDIT] - Rule Activated: CRITICAL_VOLTAGE, Reason: Bus voltage below threshold: 0.18 < 25.50
2025-07-11 04:29:38,445 - INFO - [AUDIT] - Decision: RECOVER_EPS, Reason: Critical voltage, Mode: Nominal
2025-07-11 04:29:38,445 - INFO - [AUDIT] - Rule Activated: CRITICAL_VOLTAGE, Reason: Bus voltage below threshold: 0.18 < 25.50
2025-07-11 04:29:38,445 - INFO - [AUDIT] - Decision: RECOVER_EPS, Reason: Critical voltage, Mode: Nominal
2025-07-11 04:29:38,445 - INFO - [AUDIT] - Rule Activated: CRITICAL_VOLTAGE, Reason: Bus voltage below threshold: 0.18 < 25.50
2025-07-11 04:29:38,445 - INFO - [AUDIT] - Decision: RECOVER_EPS, Reason: Critical voltage, Mode: Nominal
2025-07-11 04:29:38,445 - INFO - [AUDIT] - Rule Activated: CRITICAL_VOLTAGE, Reason: Bus voltage below threshold: 0.18 < 25.50
2025-07-11 04:29:38,445 - INFO - [AUDIT] - Decision: RECOVER_EPS, Reason: Critical voltage, Mode: Nominal
2025-07-11 04:29:38,445 - INFO - [AUDIT] - Rule Activated: CRITICAL_VOLTAGE, Reason: Bus voltage below threshold: 0.18 < 25.50
2025-07-11 04:29:38,445 - INFO - [AUDIT] - Decision: RECOVER_EPS, Reason: Critical voltage, Mode: Nominal
2025-07-11 04:29:38,446 - INFO - [AUDIT] - Rule Activated: CRITICAL_VOLTAGE, Reason: Bus voltage below threshold: 0.18 < 25.50
2025-07-11 04:29:38,446 - INFO - [AUDIT] - Decision: RECOVER_EPS, Reason: Critical voltage, Mode: Nominal
2025-07-11 04:29:38,446 - INFO - [AUDIT] - Rule Activated: CRITICAL_VOLTAGE, Reason: Bus voltage below threshold: 0.18 < 25.50
2025-07-11 04:29:38,446 - INFO - [AUDIT] - Decision: RECOVER_EPS, Reason: Critical voltage, Mode: Nominal
2025-07-11 04:29:38,446 - INFO - [AUDIT] - Rule Activated: CRITICAL_VOLTAGE, Reason: Bus voltage below threshold: 0.18 < 25.50
2025-07-11 04:29:38,446 - INFO - [AUDIT] - Decision: RECOVER_EPS, Reason: Critical voltage, Mode: Nominal
2025-07-11 04:29:38,446 - INFO - [AUDIT] - Rule Activated: CRITICAL_VOLTAGE, Reason: Bus voltage below threshold: 0.18 < 25.50
2025-07-11 04:29:38,446 - INFO - [AUDIT] - Decision: RECOVER_EPS, Reason: Critical voltage, Mode: Nominal
2025-07-11 04:29:38,446 - INFO - [AUDIT] - Rule Activated: CRITICAL_VOLTAGE, Reason: Bus voltage below threshold: 0.18 < 25.50
2025-07-11 04:29:38,446 - INFO - [AUDIT] - Decision: RECOVER_EPS, Reason: Critical voltage, Mode: Nominal
2025-07-11 04:29:38,446 - INFO - [AUDIT] - Rule Activated: CRITICAL_VOLTAGE, Reason: Bus voltage below threshold: 0.18 < 25.50
2025-07-11 04:29:38,446 - INFO - [AUDIT] - Decision: RECOVER_EPS, Reason: Critical voltage, Mode: Nominal
2025-07-11 04:29:38,447 - INFO - [AUDIT] - Rule Activated: CRITICAL_VOLTAGE, Reason: Bus voltage below threshold: 0.18 < 25.50
2025-07-11 04:29:38,447 - INFO - [AUDIT] - Decision: RECOVER_EPS, Reason: Critical voltage, Mode: Nominal
2025-07-11 04:29:38,447 - INFO - [AUDIT] - Rule Activated: CRITICAL_VOLTAGE, Reason: Bus voltage below threshold: 0.18 < 25.50
2025-07-11 04:29:38,447 - INFO - [AUDIT] - Decision: RECOVER_EPS, Reason: Critical voltage, Mode: Nominal
2025-07-11 04:29:38,447 - INFO - [AUDIT] - Rule Activated: CRITICAL_VOLTAGE, Reason: Bus voltage below threshold: 0.18 < 25.50
2025-07-11 04:29:38,447 - INFO - [AUDIT] - Decision: RECOVER_EPS, Reason: Critical voltage, Mode: Nominal
2025-07-11 04:29:38,447 - INFO - [AUDIT] - Rule Activated: CRITICAL_VOLTAGE, Reason: Bus voltage below threshold: 0.18 < 25.50
2025-07-11 04:29:38,447 - INFO - [AUDIT] - Decision: RECOVER_EPS, Reason: Critical voltage, Mode: Nominal
2025-07-11 04:29:38,447 - INFO - [AUDIT] - Rule Activated: CRITICAL_VOLTAGE, Reason: Bus voltage below threshold: 0.18 < 25.50
2025-07-11 04:29:38,447 - INFO - [AUDIT] - Decision: RECOVER_EPS, Reason: Critical voltage, Mode: Nominal
2025-07-11 04:29:38,447 - INFO - [AUDIT] - Rule Activated: CRITICAL_VOLTAGE, Reason: Bus voltage below threshold: 0.18 < 25.50
2025-07-11 04:29:38,447 - INFO - [AUDIT] - Decision: RECOVER_EPS, Reason: Critical voltage, Mode: Nominal
2025-07-11 04:29:38,448 - INFO - [AUDIT] - Rule Activated: CRITICAL_VOLTAGE, Reason: Bus voltage below threshold: 0.18 < 25.50
2025-07-11 04:29:38,448 - INFO - [AUDIT] - Decision: RECOVER_EPS, Reason: Critical voltage, Mode: Nominal
2025-07-11 04:29:38,448 - INFO - [AUDIT] - Rule Activated: CRITICAL_VOLTAGE, Reason: Bus voltage below threshold: 0.18 < 25.50
2025-07-11 04:29:38,448 - INFO - [AUDIT] - Decision: RECOVER_EPS, Reason: Critical voltage, Mode: Nominal
2025-07-11 04:29:38,448 - INFO - [AUDIT] - Rule Activated: CRITICAL_VOLTAGE, Reason: Bus voltage below threshold: 0.18 < 25.50
2025-07-11 04:29:38,448 - INFO - [AUDIT] - Decision: RECOVER_EPS, Reason: Critical voltage, Mode: Nominal
2025-07-11 04:29:38,448 - INFO - [AUDIT] - Rule Activated: CRITICAL_VOLTAGE, Reason: Bus voltage below threshold: 0.18 < 25.50
2025-07-11 04:29:38,448 - INFO - [AUDIT] - Decision: RECOVER_EPS, Reason: Critical voltage, Mode: Nominal
2025-07-11 04:29:38,448 - INFO - [AUDIT] - Rule Activated: CRITICAL_VOLTAGE, Reason: Bus voltage below threshold: 0.18 < 25.50
2025-07-11 04:29:38,448 - INFO - [AUDIT] - Decision: RECOVER_EPS, Reason: Critical voltage, Mode: Nominal
2025-07-11 04:29:38,448 - INFO - [AUDIT] - Rule Activated: CRITICAL_VOLTAGE, Reason: Bus voltage below threshold: 0.18 < 25.50
2025-07-11 04:29:38,448 - INFO - [AUDIT] - Decision: RECOVER_EPS, Reason: Critical voltage, Mode: Nominal
2025-07-11 04:29:38,449 - INFO - [AUDIT] - Rule Activated: CRITICAL_VOLTAGE, Reason: Bus voltage below threshold: 0.18 < 25.50
2025-07-11 04:29:38,449 - INFO - [AUDIT] - Decision: RECOVER_EPS, Reason: Critical voltage, Mode: Nominal
2025-07-11 04:29:38,449 - INFO - [AUDIT] - Rule Activated: CRITICAL_VOLTAGE, Reason: Bus voltage below threshold: 0.18 < 25.50
2025-07-11 04:29:38,449 - INFO - [AUDIT] - Decision: RECOVER_EPS, Reason: Critical voltage, Mode: Nominal
2025-07-11 04:29:38,449 - INFO - [AUDIT] - Rule Activated: CRITICAL_VOLTAGE, Reason: Bus voltage below threshold: 0.18 < 25.50
2025-07-11 04:29:38,449 - INFO - [AUDIT] - Decision: RECOVER_EPS, Reason: Critical voltage, Mode: Nominal
2025-07-11 04:29:38,449 - INFO - [AUDIT] - Rule Activated: CRITICAL_VOLTAGE, Reason: Bus voltage below threshold: 0.18 < 25.50
2025-07-11 04:29:38,449 - INFO - [AUDIT] - Decision: RECOVER_EPS, Reason: Critical voltage, Mode: Nominal
2025-07-11 04:29:38,449 - INFO - [AUDIT] - Rule Activated: CRITICAL_VOLTAGE, Reason: Bus voltage below threshold: 0.18 < 25.50
2025-07-11 04:29:38,449 - INFO - [AUDIT] - Decision: RECOVER_EPS, Reason: Critical voltage, Mode: Nominal
2025-07-11 04:29:38,449 - INFO - [AUDIT] - Rule Activated: CRITICAL_VOLTAGE, Reason: Bus voltage below threshold: 0.18 < 25.50
2025-07-11 04:29:38,449 - INFO - [AUDIT] - Decision: RECOVER_EPS, Reason: Critical voltage, Mode: Nominal
2025-07-11 04:29:38,449 - INFO - [AUDIT] - Rule Activated: CRITICAL_VOLTAGE, Reason: Bus voltage below threshold: 0.18 < 25.50
2025-07-11 04:29:38,450 - INFO - [AUDIT] - Decision: RECOVER_EPS, Reason: Critical voltage, Mode: Nominal
2025-07-11 04:29:38,450 - INFO - [AUDIT] - Rule Activated: CRITICAL_VOLTAGE, Reason: Bus voltage below threshold: 0.18 < 25.50
2025-07-11 04:29:38,450 - INFO - [AUDIT] - Decision: RECOVER_EPS, Reason: Critical voltage, Mode: Nominal
2025-07-11 04:29:38,450 - INFO - [AUDIT] - Rule Activated: CRITICAL_VOLTAGE, Reason: Bus voltage below threshold: 0.18 < 25.50
2025-07-11 04:29:38,450 - INFO - [AUDIT] - Decision: RECOVER_EPS, Reason: Critical voltage, Mode: Nominal
2025-07-11 04:29:38,450 - INFO - [AUDIT] - Rule Activated: CRITICAL_VOLTAGE, Reason: Bus voltage below threshold: 0.18 < 25.50
2025-07-11 04:29:38,450 - INFO - [AUDIT] - Decision: RECOVER_EPS, Reason: Critical voltage, Mode: Nominal
2025-07-11 04:29:38,450 - INFO - [AUDIT] - Rule Activated: CRITICAL_VOLTAGE, Reason: Bus voltage below threshold: 0.18 < 25.50
2025-07-11 04:29:38,450 - INFO - [AUDIT] - Decision: RECOVER_EPS, Reason: Critical voltage, Mode: Nominal
2025-07-11 04:29:38,450 - INFO - [AUDIT] - Rule Activated: CRITICAL_VOLTAGE, Reason: Bus voltage below threshold: 0.18 < 25.50
2025-07-11 04:29:38,450 - INFO - [AUDIT] - Decision: RECOVER_EPS, Reason: Critical voltage, Mode: Nominal
2025-07-11 04:29:38,451 - INFO - [AUDIT] - Rule Activated: CRITICAL_VOLTAGE, Reason: Bus voltage below threshold: 0.18 < 25.50
2025-07-11 04:29:38,451 - INFO - [AUDIT] - Decision: RECOVER_EPS, Reason: Critical voltage, Mode: Nominal
2025-07-11 04:29:38,451 - INFO - [AUDIT] - Rule Activated: CRITICAL_VOLTAGE, Reason: Bus voltage below threshold: 0.18 < 25.50
2025-07-11 04:29:38,451 - INFO - [AUDIT] - Decision: RECOVER_EPS, Reason: Critical voltage, Mode: Nominal
2025-07-11 04:29:38,451 - INFO - [AUDIT] - Rule Activated: CRITICAL_VOLTAGE, Reason: Bus voltage below threshold: 0.18 < 25.50
2025-07-11 04:29:38,451 - INFO - [AUDIT] - Decision: RECOVER_EPS, Reason: Critical voltage, Mode: Nominal
2025-07-11 04:29:38,451 - INFO - [AUDIT] - Rule Activated: CRITICAL_VOLTAGE, Reason: Bus voltage below threshold: 0.18 < 25.50
2025-07-11 04:29:38,451 - INFO - [AUDIT] - Decision: RECOVER_EPS, Reason: Critical voltage, Mode: Nominal
2025-07-11 04:29:38,451 - INFO - [AUDIT] - Rule Activated: CRITICAL_VOLTAGE, Reason: Bus voltage below threshold: 0.18 < 25.50
2025-07-11 04:29:38,451 - INFO - [AUDIT] - Decision: RECOVER_EPS, Reason: Critical voltage, Mode: Nominal
2025-07-11 04:29:38,451 - INFO - [AUDIT] - Rule Activated: CRITICAL_VOLTAGE, Reason: Bus voltage below threshold: 0.18 < 25.50
2025-07-11 04:29:38,451 - INFO - [AUDIT] - Decision: RECOVER_EPS, Reason: Critical voltage, Mode: Nominal
2025-07-11 04:29:38,452 - INFO - [AUDIT] - Rule Activated: CRITICAL_VOLTAGE, Reason: Bus voltage below threshold: 0.18 < 25.50
2025-07-11 04:29:38,452 - INFO - [AUDIT] - Decision: RECOVER_EPS, Reason: Critical voltage, Mode: Nominal
2025-07-11 04:29:38,452 - INFO - [AUDIT] - Rule Activated: CRITICAL_VOLTAGE, Reason: Bus voltage below threshold: 0.18 < 25.50
2025-07-11 04:29:38,452 - INFO - [AUDIT] - Decision: RECOVER_EPS, Reason: Critical voltage, Mode: Nominal
2025-07-11 04:29:38,452 - INFO - [AUDIT] - Rule Activated: CRITICAL_VOLTAGE, Reason: Bus voltage below threshold: 0.18 < 25.50
2025-07-11 04:29:38,452 - INFO - [AUDIT] - Decision: RECOVER_EPS, Reason: Critical voltage, Mode: Nominal
2025-07-11 04:29:38,452 - INFO - [AUDIT] - Rule Activated: CRITICAL_VOLTAGE, Reason: Bus voltage below threshold: 0.18 < 25.50
2025-07-11 04:29:38,452 - INFO - [AUDIT] - Decision: RECOVER_EPS, Reason: Critical voltage, Mode: Nominal
2025-07-11 04:29:38,452 - INFO - [AUDIT] - Rule Activated: CRITICAL_VOLTAGE, Reason: Bus voltage below threshold: 0.18 < 25.50
2025-07-11 04:29:38,452 - INFO - [AUDIT] - Decision: RECOVER_EPS, Reason: Critical voltage, Mode: Nominal
2025-07-11 04:29:38,452 - INFO - [AUDIT] - Rule Activated: CRITICAL_VOLTAGE, Reason: Bus voltage below threshold: 0.18 < 25.50
2025-07-11 04:29:38,452 - INFO - [AUDIT] - Decision: RECOVER_EPS, Reason: Critical voltage, Mode: Nominal
2025-07-11 04:29:38,453 - INFO - [AUDIT] - Rule Activated: CRITICAL_VOLTAGE, Reason: Bus voltage below threshold: 0.18 < 25.50
2025-07-11 04:29:38,453 - INFO - [AUDIT] - Decision: RECOVER_EPS, Reason: Critical voltage, Mode: Nominal
2025-07-11 04:29:38,453 - INFO - [AUDIT] - Rule Activated: CRITICAL_VOLTAGE, Reason: Bus voltage below threshold: 0.18 < 25.50
2025-07-11 04:29:38,453 - INFO - [AUDIT] - Decision: RECOVER_EPS, Reason: Critical voltage, Mode: Nominal
2025-07-11 04:29:38,453 - INFO - [AUDIT] - Rule Activated: CRITICAL_VOLTAGE, Reason: Bus voltage below threshold: 0.18 < 25.50
2025-07-11 04:29:38,453 - INFO - [AUDIT] - Decision: RECOVER_EPS, Reason: Critical voltage, Mode: Nominal
2025-07-11 04:29:38,453 - INFO - [AUDIT] - Rule Activated: CRITICAL_VOLTAGE, Reason: Bus voltage below threshold: 0.18 < 25.50
2025-07-11 04:29:38,453 - INFO - [AUDIT] - Decision: RECOVER_EPS, Reason: Critical voltage, Mode: Nominal
2025-07-11 04:29:38,453 - INFO - [AUDIT] - Rule Activated: CRITICAL_VOLTAGE, Reason: Bus voltage below threshold: 0.18 < 25.50
2025-07-11 04:29:38,453 - INFO - [AUDIT] - Decision: RECOVER_EPS, Reason: Critical voltage, Mode: Nominal
2025-07-11 04:29:38,453 - INFO - [AUDIT] - Rule Activated: CRITICAL_VOLTAGE, Reason: Bus voltage below threshold: 0.18 < 25.50
2025-07-11 04:29:38,454 - INFO - [AUDIT] - Decision: RECOVER_EPS, Reason: Critical voltage, Mode: Nominal
2025-07-11 04:29:38,454 - INFO - [AUDIT] - Rule Activated: CRITICAL_VOLTAGE, Reason: Bus voltage below threshold: 0.18 < 25.50
2025-07-11 04:29:38,454 - INFO - [AUDIT] - Decision: RECOVER_EPS, Reason: Critical voltage, Mode: Nominal
2025-07-11 04:29:38,454 - INFO - [AUDIT] - Rule Activated: CRITICAL_VOLTAGE, Reason: Bus voltage below threshold: 0.18 < 25.50
2025-07-11 04:29:38,454 - INFO - [AUDIT] - Decision: RECOVER_EPS, Reason: Critical voltage, Mode: Nominal
2025-07-11 04:29:38,454 - INFO - [AUDIT] - Rule Activated: CRITICAL_VOLTAGE, Reason: Bus voltage below threshold: 0.18 < 25.50
2025-07-11 04:29:38,454 - INFO - [AUDIT] - Decision: RECOVER_EPS, Reason: Critical voltage, Mode: Nominal
2025-07-11 04:29:38,454 - INFO - [AUDIT] - Rule Activated: CRITICAL_VOLTAGE, Reason: Bus voltage below threshold: 0.18 < 25.50
2025-07-11 04:29:38,454 - INFO - [AUDIT] - Decision: RECOVER_EPS, Reason: Critical voltage, Mode: Nominal
2025-07-11 04:29:38,454 - INFO - [AUDIT] - Rule Activated: CRITICAL_VOLTAGE, Reason: Bus voltage below threshold: 0.18 < 25.50
2025-07-11 04:29:38,454 - INFO - [AUDIT] - Decision: RECOVER_EPS, Reason: Critical voltage, Mode: Nominal
2025-07-11 04:29:38,454 - INFO - [AUDIT] - Rule Activated: CRITICAL_VOLTAGE, Reason: Bus voltage below threshold: 0.18 < 25.50
2025-07-11 04:29:38,454 - INFO - [AUDIT] - Decision: RECOVER_EPS, Reason: Critical voltage, Mode: Nominal
2025-07-11 04:29:38,455 - INFO - [AUDIT] - Rule Activated: CRITICAL_VOLTAGE, Reason: Bus voltage below threshold: 0.18 < 25.50
2025-07-11 04:29:38,455 - INFO - [AUDIT] - Decision: RECOVER_EPS, Reason: Critical voltage, Mode: Nominal
2025-07-11 04:29:38,455 - INFO - [AUDIT] - Rule Activated: CRITICAL_VOLTAGE, Reason: Bus voltage below threshold: 0.18 < 25.50
2025-07-11 04:29:38,455 - INFO - [AUDIT] - Decision: RECOVER_EPS, Reason: Critical voltage, Mode: Nominal
2025-07-11 04:29:38,455 - INFO - [AUDIT] - Rule Activated: CRITICAL_VOLTAGE, Reason: Bus voltage below threshold: 0.18 < 25.50
2025-07-11 04:29:38,455 - INFO - [AUDIT] - Decision: RECOVER_EPS, Reason: Critical voltage, Mode: Nominal
2025-07-11 04:29:38,455 - INFO - [AUDIT] - Rule Activated: CRITICAL_VOLTAGE, Reason: Bus voltage below threshold: 0.18 < 25.50
2025-07-11 04:29:38,455 - INFO - [AUDIT] - Decision: RECOVER_EPS, Reason: Critical voltage, Mode: Nominal
2025-07-11 04:29:38,455 - INFO - [AUDIT] - Rule Activated: CRITICAL_VOLTAGE, Reason: Bus voltage below threshold: 0.18 < 25.50
2025-07-11 04:29:38,455 - INFO - [AUDIT] - Decision: RECOVER_EPS, Reason: Critical voltage, Mode: Nominal
2025-07-11 04:29:38,455 - INFO - [AUDIT] - Rule Activated: CRITICAL_VOLTAGE, Reason: Bus voltage below threshold: 0.18 < 25.50
2025-07-11 04:29:38,455 - INFO - [AUDIT] - Decision: RECOVER_EPS, Reason: Critical voltage, Mode: Nominal
2025-07-11 04:29:38,456 - INFO - [AUDIT] - Rule Activated: CRITICAL_VOLTAGE, Reason: Bus voltage below threshold: 0.18 < 25.50
2025-07-11 04:29:38,456 - INFO - [AUDIT] - Decision: RECOVER_EPS, Reason: Critical voltage, Mode: Nominal
2025-07-11 04:29:38,456 - INFO - [AUDIT] - Rule Activated: CRITICAL_VOLTAGE, Reason: Bus voltage below threshold: 0.18 < 25.50
2025-07-11 04:29:38,456 - INFO - [AUDIT] - Decision: RECOVER_EPS, Reason: Critical voltage, Mode: Nominal
2025-07-11 04:29:38,456 - INFO - [AUDIT] - Rule Activated: CRITICAL_VOLTAGE, Reason: Bus voltage below threshold: 0.18 < 25.50
2025-07-11 04:29:38,456 - INFO - [AUDIT] - Decision: RECOVER_EPS, Reason: Critical voltage, Mode: Nominal
2025-07-11 04:29:38,456 - INFO - [AUDIT] - Rule Activated: CRITICAL_VOLTAGE, Reason: Bus voltage below threshold: 0.18 < 25.50
2025-07-11 04:29:38,456 - INFO - [AUDIT] - Decision: RECOVER_EPS, Reason: Critical voltage, Mode: Nominal
2025-07-11 04:29:38,456 - INFO - [AUDIT] - Rule Activated: CRITICAL_VOLTAGE, Reason: Bus voltage below threshold: 0.18 < 25.50
2025-07-11 04:29:38,456 - INFO - [AUDIT] - Decision: RECOVER_EPS, Reason: Critical voltage, Mode: Nominal
2025-07-11 04:29:38,457 - INFO - [AUDIT] - Rule Activated: CRITICAL_VOLTAGE, Reason: Bus voltage below threshold: 0.18 < 25.50
2025-07-11 04:29:38,457 - INFO - [AUDIT] - Decision: RECOVER_EPS, Reason: Critical voltage, Mode: Nominal
2025-07-11 04:29:38,457 - INFO - [AUDIT] - Rule Activated: CRITICAL_VOLTAGE, Reason: Bus voltage below threshold: 0.18 < 25.50
2025-07-11 04:29:38,457 - INFO - [AUDIT] - Decision: RECOVER_EPS, Reason: Critical voltage, Mode: Nominal
2025-07-11 04:29:38,457 - INFO - [AUDIT] - Rule Activated: CRITICAL_VOLTAGE, Reason: Bus voltage below threshold: 0.18 < 25.50
2025-07-11 04:29:38,457 - INFO - [AUDIT] - Decision: RECOVER_EPS, Reason: Critical voltage, Mode: Nominal
2025-07-11 04:29:38,457 - INFO - [AUDIT] - Rule Activated: CRITICAL_VOLTAGE, Reason: Bus voltage below threshold: 0.18 < 25.50
2025-07-11 04:29:38,457 - INFO - [AUDIT] - Decision: RECOVER_EPS, Reason: Critical voltage, Mode: Nominal
2025-07-11 04:29:38,457 - INFO - [AUDIT] - Rule Activated: CRITICAL_VOLTAGE, Reason: Bus voltage below threshold: 0.18 < 25.50
2025-07-11 04:29:38,457 - INFO - [AUDIT] - Decision: RECOVER_EPS, Reason: Critical voltage, Mode: Nominal
2025-07-11 04:29:38,457 - INFO - [AUDIT] - Rule Activated: CRITICAL_VOLTAGE, Reason: Bus voltage below threshold: 0.18 < 25.50
2025-07-11 04:29:38,457 - INFO - [AUDIT] - Decision: RECOVER_EPS, Reason: Critical voltage, Mode: Nominal
2025-07-11 04:29:38,458 - INFO - [AUDIT] - Rule Activated: CRITICAL_VOLTAGE, Reason: Bus voltage below threshold: 0.18 < 25.50
2025-07-11 04:29:38,458 - INFO - [AUDIT] - Decision: RECOVER_EPS, Reason: Critical voltage, Mode: Nominal
2025-07-11 04:29:38,458 - INFO - [AUDIT] - Rule Activated: CRITICAL_VOLTAGE, Reason: Bus voltage below threshold: 0.18 < 25.50
2025-07-11 04:29:38,458 - INFO - [AUDIT] - Decision: RECOVER_EPS, Reason: Critical voltage, Mode: Nominal
2025-07-11 04:29:38,458 - INFO - [AUDIT] - Rule Activated: CRITICAL_VOLTAGE, Reason: Bus voltage below threshold: 0.18 < 25.50
2025-07-11 04:29:38,458 - INFO - [AUDIT] - Decision: RECOVER_EPS, Reason: Critical voltage, Mode: Nominal
2025-07-11 04:29:38,458 - INFO - [AUDIT] - Rule Activated: CRITICAL_VOLTAGE, Reason: Bus voltage below threshold: 0.18 < 25.50
2025-07-11 04:29:38,458 - INFO - [AUDIT] - Decision: RECOVER_EPS, Reason: Critical voltage, Mode: Nominal
2025-07-11 04:29:38,458 - INFO - [AUDIT] - Rule Activated: CRITICAL_VOLTAGE, Reason: Bus voltage below threshold: 0.18 < 25.50
2025-07-11 04:29:38,458 - INFO - [AUDIT] - Decision: RECOVER_EPS, Reason: Critical voltage, Mode: Nominal
2025-07-11 04:29:38,459 - INFO - [AUDIT] - Rule Activated: CRITICAL_VOLTAGE, Reason: Bus voltage below threshold: 0.18 < 25.50
2025-07-11 04:29:38,459 - INFO - [AUDIT] - Decision: RECOVER_EPS, Reason: Critical voltage, Mode: Nominal
2025-07-11 04:29:38,459 - INFO - [AUDIT] - Rule Activated: CRITICAL_VOLTAGE, Reason: Bus voltage below threshold: 0.18 < 25.50
2025-07-11 04:29:38,459 - INFO - [AUDIT] - Decision: RECOVER_EPS, Reason: Critical voltage, Mode: Nominal
2025-07-11 04:29:38,459 - INFO - [AUDIT] - Rule Activated: CRITICAL_VOLTAGE, Reason: Bus voltage below threshold: 0.18 < 25.50
2025-07-11 04:29:38,459 - INFO - [AUDIT] - Decision: RECOVER_EPS, Reason: Critical voltage, Mode: Nominal
2025-07-11 04:29:38,459 - INFO - [AUDIT] - Rule Activated: CRITICAL_VOLTAGE, Reason: Bus voltage below threshold: 0.18 < 25.50
2025-07-11 04:29:38,459 - INFO - [AUDIT] - Decision: RECOVER_EPS, Reason: Critical voltage, Mode: Nominal
2025-07-11 04:29:38,459 - INFO - [AUDIT] - Rule Activated: CRITICAL_VOLTAGE, Reason: Bus voltage below threshold: 0.18 < 25.50
2025-07-11 04:29:38,459 - INFO - [AUDIT] - Decision: RECOVER_EPS, Reason: Critical voltage, Mode: Nominal
2025-07-11 04:29:38,459 - INFO - [AUDIT] - Rule Activated: CRITICAL_VOLTAGE, Reason: Bus voltage below threshold: 0.18 < 25.50
2025-07-11 04:29:38,460 - INFO - [AUDIT] - Decision: RECOVER_EPS, Reason: Critical voltage, Mode: Nominal
2025-07-11 04:29:38,460 - INFO - [AUDIT] - Rule Activated: CRITICAL_VOLTAGE, Reason: Bus voltage below threshold: 0.18 < 25.50
2025-07-11 04:29:38,460 - INFO - [AUDIT] - Decision: RECOVER_EPS, Reason: Critical voltage, Mode: Nominal
2025-07-11 04:29:38,460 - INFO - [AUDIT] - Rule Activated: CRITICAL_VOLTAGE, Reason: Bus voltage below threshold: 0.18 < 25.50
2025-07-11 04:29:38,460 - INFO - [AUDIT] - Decision: RECOVER_EPS, Reason: Critical voltage, Mode: Nominal
2025-07-11 04:29:38,460 - INFO - [AUDIT] - Rule Activated: CRITICAL_VOLTAGE, Reason: Bus voltage below threshold: 0.18 < 25.50
2025-07-11 04:29:38,460 - INFO - [AUDIT] - Decision: RECOVER_EPS, Reason: Critical voltage, Mode: Nominal
2025-07-11 04:29:38,460 - INFO - [AUDIT] - Rule Activated: CRITICAL_VOLTAGE, Reason: Bus voltage below threshold: 0.18 < 25.50
2025-07-11 04:29:38,460 - INFO - [AUDIT] - Decision: RECOVER_EPS, Reason: Critical voltage, Mode: Nominal
2025-07-11 04:29:38,460 - INFO - [AUDIT] - Rule Activated: CRITICAL_VOLTAGE, Reason: Bus voltage below threshold: 0.18 < 25.50
2025-07-11 04:29:38,460 - INFO - [AUDIT] - Decision: RECOVER_EPS, Reason: Critical voltage, Mode: Nominal
2025-07-11 04:29:38,460 - INFO - [AUDIT] - Rule Activated: CRITICAL_VOLTAGE, Reason: Bus voltage below threshold: 0.18 < 25.50
2025-07-11 04:29:38,460 - INFO - [AUDIT] - Decision: RECOVER_EPS, Reason: Critical voltage, Mode: Nominal
2025-07-11 04:29:38,461 - INFO - [AUDIT] - Rule Activated: CRITICAL_VOLTAGE, Reason: Bus voltage below threshold: 0.18 < 25.50
2025-07-11 04:29:38,461 - INFO - [AUDIT] - Decision: RECOVER_EPS, Reason: Critical voltage, Mode: Nominal
2025-07-11 04:29:38,461 - INFO - [AUDIT] - Rule Activated: CRITICAL_VOLTAGE, Reason: Bus voltage below threshold: 0.18 < 25.50
2025-07-11 04:29:38,461 - INFO - [AUDIT] - Decision: RECOVER_EPS, Reason: Critical voltage, Mode: Nominal
2025-07-11 04:29:38,461 - INFO - [AUDIT] - Rule Activated: CRITICAL_VOLTAGE, Reason: Bus voltage below threshold: 0.18 < 25.50
2025-07-11 04:29:38,461 - INFO - [AUDIT] - Decision: RECOVER_EPS, Reason: Critical voltage, Mode: Nominal
2025-07-11 04:29:38,461 - INFO - [AUDIT] - Rule Activated: CRITICAL_VOLTAGE, Reason: Bus voltage below threshold: 0.18 < 25.50
2025-07-11 04:29:38,461 - INFO - [AUDIT] - Decision: RECOVER_EPS, Reason: Critical voltage, Mode: Nominal
2025-07-11 04:29:38,461 - INFO - [AUDIT] - Rule Activated: CRITICAL_VOLTAGE, Reason: Bus voltage below threshold: 0.18 < 25.50
2025-07-11 04:29:38,461 - INFO - [AUDIT] - Decision: RECOVER_EPS, Reason: Critical voltage, Mode: Nominal
2025-07-11 04:29:38,461 - INFO - [AUDIT] - Rule Activated: CRITICAL_VOLTAGE, Reason: Bus voltage below threshold: 0.18 < 25.50
2025-07-11 04:29:38,461 - INFO - [AUDIT] - Decision: RECOVER_EPS, Reason: Critical voltage, Mode: Nominal
2025-07-11 04:29:38,462 - INFO - [AUDIT] - Rule Activated: CRITICAL_VOLTAGE, Reason: Bus voltage below threshold: 0.18 < 25.50
2025-07-11 04:29:38,462 - INFO - [AUDIT] - Decision: RECOVER_EPS, Reason: Critical voltage, Mode: Nominal
2025-07-11 04:29:38,462 - INFO - [AUDIT] - Rule Activated: CRITICAL_VOLTAGE, Reason: Bus voltage below threshold: 0.18 < 25.50
2025-07-11 04:29:38,462 - INFO - [AUDIT] - Decision: RECOVER_EPS, Reason: Critical voltage, Mode: Nominal
2025-07-11 04:29:38,462 - INFO - [AUDIT] - Rule Activated: CRITICAL_VOLTAGE, Reason: Bus voltage below threshold: 0.00 < 25.50
2025-07-11 04:29:38,462 - INFO - [AUDIT] - Decision: RECOVER_EPS, Reason: Critical voltage, Mode: Nominal
2025-07-11 04:29:38,462 - INFO - [AUDIT] - Rule Activated: CRITICAL_VOLTAGE, Reason: Bus voltage below threshold: 0.18 < 25.50
2025-07-11 04:29:38,462 - INFO - [AUDIT] - Decision: RECOVER_EPS, Reason: Critical voltage, Mode: Nominal
2025-07-11 04:29:38,463 - INFO - [AUDIT] - Rule Activated: CRITICAL_VOLTAGE, Reason: Bus voltage below threshold: 0.18 < 25.50
2025-07-11 04:29:38,463 - INFO - [AUDIT] - Decision: RECOVER_EPS, Reason: Critical voltage, Mode: Nominal
2025-07-11 04:29:38,463 - INFO - [AUDIT] - Rule Activated: CRITICAL_VOLTAGE, Reason: Bus voltage below threshold: 0.18 < 25.50
2025-07-11 04:29:38,463 - INFO - [AUDIT] - Decision: RECOVER_EPS, Reason: Critical voltage, Mode: Nominal
2025-07-11 04:29:38,463 - INFO - [AUDIT] - Rule Activated: CRITICAL_VOLTAGE, Reason: Bus voltage below threshold: 0.18 < 25.50
2025-07-11 04:29:38,463 - INFO - [AUDIT] - Decision: RECOVER_EPS, Reason: Critical voltage, Mode: Nominal
2025-07-11 04:29:38,463 - INFO - [AUDIT] - Rule Activated: CRITICAL_VOLTAGE, Reason: Bus voltage below threshold: 0.18 < 25.50
2025-07-11 04:29:38,463 - INFO - [AUDIT] - Decision: RECOVER_EPS, Reason: Critical voltage, Mode: Nominal
2025-07-11 04:29:38,463 - INFO - [AUDIT] - Rule Activated: CRITICAL_VOLTAGE, Reason: Bus voltage below threshold: 0.18 < 25.50
2025-07-11 04:29:38,463 - INFO - [AUDIT] - Decision: RECOVER_EPS, Reason: Critical voltage, Mode: Nominal
2025-07-11 04:29:38,463 - INFO - [AUDIT] - Rule Activated: CRITICAL_VOLTAGE, Reason: Bus voltage below threshold: 0.18 < 25.50
2025-07-11 04:29:38,463 - INFO - [AUDIT] - Decision: RECOVER_EPS, Reason: Critical voltage, Mode: Nominal
2025-07-11 04:29:38,464 - INFO - [AUDIT] - Rule Activated: CRITICAL_VOLTAGE, Reason: Bus voltage below threshold: 0.18 < 25.50
2025-07-11 04:29:38,464 - INFO - [AUDIT] - Decision: RECOVER_EPS, Reason: Critical voltage, Mode: Nominal
2025-07-11 04:29:38,464 - INFO - [AUDIT] - Rule Activated: CRITICAL_VOLTAGE, Reason: Bus voltage below threshold: 0.18 < 25.50
2025-07-11 04:29:38,464 - INFO - [AUDIT] - Decision: RECOVER_EPS, Reason: Critical voltage, Mode: Nominal
2025-07-11 04:29:38,464 - INFO - [AUDIT] - Rule Activated: CRITICAL_VOLTAGE, Reason: Bus voltage below threshold: 0.18 < 25.50
2025-07-11 04:29:38,464 - INFO - [AUDIT] - Decision: RECOVER_EPS, Reason: Critical voltage, Mode: Nominal
2025-07-11 04:29:38,464 - INFO - [AUDIT] - Rule Activated: CRITICAL_VOLTAGE, Reason: Bus voltage below threshold: 0.18 < 25.50
2025-07-11 04:29:38,464 - INFO - [AUDIT] - Decision: RECOVER_EPS, Reason: Critical voltage, Mode: Nominal
2025-07-11 04:29:38,464 - INFO - [AUDIT] - Rule Activated: CRITICAL_VOLTAGE, Reason: Bus voltage below threshold: 0.18 < 25.50
2025-07-11 04:29:38,464 - INFO - [AUDIT] - Decision: RECOVER_EPS, Reason: Critical voltage, Mode: Nominal
2025-07-11 04:29:38,464 - INFO - [AUDIT] - Rule Activated: CRITICAL_VOLTAGE, Reason: Bus voltage below threshold: 0.18 < 25.50
2025-07-11 04:29:38,464 - INFO - [AUDIT] - Decision: RECOVER_EPS, Reason: Critical voltage, Mode: Nominal
2025-07-11 04:29:38,464 - INFO - [AUDIT] - Rule Activated: CRITICAL_VOLTAGE, Reason: Bus voltage below threshold: 0.18 < 25.50
2025-07-11 04:29:38,464 - INFO - [AUDIT] - Decision: RECOVER_EPS, Reason: Critical voltage, Mode: Nominal
2025-07-11 04:29:38,465 - INFO - [AUDIT] - Rule Activated: CRITICAL_VOLTAGE, Reason: Bus voltage below threshold: 0.18 < 25.50
2025-07-11 04:29:38,465 - INFO - [AUDIT] - Decision: RECOVER_EPS, Reason: Critical voltage, Mode: Nominal
2025-07-11 04:29:38,465 - INFO - [AUDIT] - Rule Activated: CRITICAL_VOLTAGE, Reason: Bus voltage below threshold: 0.18 < 25.50
2025-07-11 04:29:38,465 - INFO - [AUDIT] - Decision: RECOVER_EPS, Reason: Critical voltage, Mode: Nominal
2025-07-11 04:29:38,465 - INFO - [AUDIT] - Rule Activated: CRITICAL_VOLTAGE, Reason: Bus voltage below threshold: 0.18 < 25.50
2025-07-11 04:29:38,465 - INFO - [AUDIT] - Decision: RECOVER_EPS, Reason: Critical voltage, Mode: Nominal
2025-07-11 04:29:38,465 - INFO - [AUDIT] - Rule Activated: CRITICAL_VOLTAGE, Reason: Bus voltage below threshold: 0.18 < 25.50
2025-07-11 04:29:38,465 - INFO - [AUDIT] - Decision: RECOVER_EPS, Reason: Critical voltage, Mode: Nominal
2025-07-11 04:29:38,465 - INFO - [AUDIT] - Rule Activated: CRITICAL_VOLTAGE, Reason: Bus voltage below threshold: 0.18 < 25.50
2025-07-11 04:29:38,465 - INFO - [AUDIT] - Decision: RECOVER_EPS, Reason: Critical voltage, Mode: Nominal
2025-07-11 04:29:38,466 - INFO - [AUDIT] - Rule Activated: CRITICAL_VOLTAGE, Reason: Bus voltage below threshold: 0.18 < 25.50
2025-07-11 04:29:38,466 - INFO - [AUDIT] - Decision: RECOVER_EPS, Reason: Critical voltage, Mode: Nominal
2025-07-11 04:29:38,466 - INFO - [AUDIT] - Rule Activated: CRITICAL_VOLTAGE, Reason: Bus voltage below threshold: 0.18 < 25.50
2025-07-11 04:29:38,466 - INFO - [AUDIT] - Decision: RECOVER_EPS, Reason: Critical voltage, Mode: Nominal
2025-07-11 04:29:38,466 - INFO - [AUDIT] - Rule Activated: CRITICAL_VOLTAGE, Reason: Bus voltage below threshold: 0.18 < 25.50
2025-07-11 04:29:38,466 - INFO - [AUDIT] - Decision: RECOVER_EPS, Reason: Critical voltage, Mode: Nominal
2025-07-11 04:29:38,466 - INFO - [AUDIT] - Rule Activated: CRITICAL_VOLTAGE, Reason: Bus voltage below threshold: 0.18 < 25.50
2025-07-11 04:29:38,466 - INFO - [AUDIT] - Decision: RECOVER_EPS, Reason: Critical voltage, Mode: Nominal
2025-07-11 04:29:38,466 - INFO - [AUDIT] - Rule Activated: CRITICAL_VOLTAGE, Reason: Bus voltage below threshold: 0.18 < 25.50
2025-07-11 04:29:38,466 - INFO - [AUDIT] - Decision: RECOVER_EPS, Reason: Critical voltage, Mode: Nominal
2025-07-11 04:29:38,466 - INFO - [AUDIT] - Rule Activated: CRITICAL_VOLTAGE, Reason: Bus voltage below threshold: 0.18 < 25.50
2025-07-11 04:29:38,466 - INFO - [AUDIT] - Decision: RECOVER_EPS, Reason: Critical voltage, Mode: Nominal
2025-07-11 04:29:38,467 - INFO - [AUDIT] - Rule Activated: CRITICAL_VOLTAGE, Reason: Bus voltage below threshold: 0.18 < 25.50
2025-07-11 04:29:38,467 - INFO - [AUDIT] - Decision: RECOVER_EPS, Reason: Critical voltage, Mode: Nominal
2025-07-11 04:29:38,467 - INFO - [AUDIT] - Rule Activated: CRITICAL_VOLTAGE, Reason: Bus voltage below threshold: 0.18 < 25.50
2025-07-11 04:29:38,467 - INFO - [AUDIT] - Decision: RECOVER_EPS, Reason: Critical voltage, Mode: Nominal
2025-07-11 04:29:38,467 - INFO - [AUDIT] - Rule Activated: CRITICAL_VOLTAGE, Reason: Bus voltage below threshold: 0.18 < 25.50
2025-07-11 04:29:38,467 - INFO - [AUDIT] - Decision: RECOVER_EPS, Reason: Critical voltage, Mode: Nominal
2025-07-11 04:29:38,467 - INFO - [AUDIT] - Rule Activated: CRITICAL_VOLTAGE, Reason: Bus voltage below threshold: 0.18 < 25.50
2025-07-11 04:29:38,467 - INFO - [AUDIT] - Decision: RECOVER_EPS, Reason: Critical voltage, Mode: Nominal
2025-07-11 04:29:38,467 - INFO - [AUDIT] - Rule Activated: CRITICAL_VOLTAGE, Reason: Bus voltage below threshold: 0.18 < 25.50
2025-07-11 04:29:38,467 - INFO - [AUDIT] - Decision: RECOVER_EPS, Reason: Critical voltage, Mode: Nominal
2025-07-11 04:29:38,467 - INFO - [AUDIT] - Rule Activated: CRITICAL_VOLTAGE, Reason: Bus voltage below threshold: 0.18 < 25.50
2025-07-11 04:29:38,467 - INFO - [AUDIT] - Decision: RECOVER_EPS, Reason: Critical voltage, Mode: Nominal
2025-07-11 04:29:38,468 - INFO - [AUDIT] - Rule Activated: CRITICAL_VOLTAGE, Reason: Bus voltage below threshold: 0.18 < 25.50
2025-07-11 04:29:38,468 - INFO - [AUDIT] - Decision: RECOVER_EPS, Reason: Critical voltage, Mode: Nominal
2025-07-11 04:29:38,468 - INFO - [AUDIT] - Rule Activated: CRITICAL_VOLTAGE, Reason: Bus voltage below threshold: 0.18 < 25.50
2025-07-11 04:29:38,468 - INFO - [AUDIT] - Decision: RECOVER_EPS, Reason: Critical voltage, Mode: Nominal
2025-07-11 04:29:38,468 - INFO - [AUDIT] - Rule Activated: CRITICAL_VOLTAGE, Reason: Bus voltage below threshold: 0.18 < 25.50
2025-07-11 04:29:38,468 - INFO - [AUDIT] - Decision: RECOVER_EPS, Reason: Critical voltage, Mode: Nominal
2025-07-11 04:29:38,468 - INFO - [AUDIT] - Rule Activated: CRITICAL_VOLTAGE, Reason: Bus voltage below threshold: 0.18 < 25.50
2025-07-11 04:29:38,468 - INFO - [AUDIT] - Decision: RECOVER_EPS, Reason: Critical voltage, Mode: Nominal
2025-07-11 04:29:38,468 - INFO - [AUDIT] - Rule Activated: CRITICAL_VOLTAGE, Reason: Bus voltage below threshold: 0.18 < 25.50
2025-07-11 04:29:38,468 - INFO - [AUDIT] - Decision: RECOVER_EPS, Reason: Critical voltage, Mode: Nominal
2025-07-11 04:29:38,468 - INFO - [AUDIT] - Rule Activated: CRITICAL_VOLTAGE, Reason: Bus voltage below threshold: 0.18 < 25.50
2025-07-11 04:29:38,468 - INFO - [AUDIT] - Decision: RECOVER_EPS, Reason: Critical voltage, Mode: Nominal
2025-07-11 04:29:38,469 - INFO - [AUDIT] - Rule Activated: CRITICAL_VOLTAGE, Reason: Bus voltage below threshold: 0.18 < 25.50
2025-07-11 04:29:38,469 - INFO - [AUDIT] - Decision: RECOVER_EPS, Reason: Critical voltage, Mode: Nominal
2025-07-11 04:29:38,469 - INFO - [AUDIT] - Rule Activated: CRITICAL_VOLTAGE, Reason: Bus voltage below threshold: 0.18 < 25.50
2025-07-11 04:29:38,469 - INFO - [AUDIT] - Decision: RECOVER_EPS, Reason: Critical voltage, Mode: Nominal
2025-07-11 04:29:38,469 - INFO - [AUDIT] - Rule Activated: CRITICAL_VOLTAGE, Reason: Bus voltage below threshold: 0.18 < 25.50
2025-07-11 04:29:38,469 - INFO - [AUDIT] - Decision: RECOVER_EPS, Reason: Critical voltage, Mode: Nominal
2025-07-11 04:29:38,469 - INFO - [AUDIT] - Rule Activated: CRITICAL_VOLTAGE, Reason: Bus voltage below threshold: 0.18 < 25.50
2025-07-11 04:29:38,469 - INFO - [AUDIT] - Decision: RECOVER_EPS, Reason: Critical voltage, Mode: Nominal
2025-07-11 04:29:38,469 - INFO - [AUDIT] - Rule Activated: CRITICAL_VOLTAGE, Reason: Bus voltage below threshold: 0.18 < 25.50
2025-07-11 04:29:38,469 - INFO - [AUDIT] - Decision: RECOVER_EPS, Reason: Critical voltage, Mode: Nominal
2025-07-11 04:29:38,469 - INFO - [AUDIT] - Rule Activated: CRITICAL_VOLTAGE, Reason: Bus voltage below threshold: 0.18 < 25.50
2025-07-11 04:29:38,469 - INFO - [AUDIT] - Decision: RECOVER_EPS, Reason: Critical voltage, Mode: Nominal
2025-07-11 04:29:38,470 - INFO - [AUDIT] - Rule Activated: CRITICAL_VOLTAGE, Reason: Bus voltage below threshold: 0.18 < 25.50
2025-07-11 04:29:38,470 - INFO - [AUDIT] - Decision: RECOVER_EPS, Reason: Critical voltage, Mode: Nominal
2025-07-11 04:29:38,470 - INFO - [AUDIT] - Rule Activated: CRITICAL_VOLTAGE, Reason: Bus voltage below threshold: 0.18 < 25.50
2025-07-11 04:29:38,470 - INFO - [AUDIT] - Decision: RECOVER_EPS, Reason: Critical voltage, Mode: Nominal
2025-07-11 04:29:38,470 - INFO - [AUDIT] - Rule Activated: CRITICAL_VOLTAGE, Reason: Bus voltage below threshold: 0.18 < 25.50
2025-07-11 04:29:38,470 - INFO - [AUDIT] - Decision: RECOVER_EPS, Reason: Critical voltage, Mode: Nominal
2025-07-11 04:29:38,470 - INFO - [AUDIT] - Rule Activated: CRITICAL_VOLTAGE, Reason: Bus voltage below threshold: 0.18 < 25.50
2025-07-11 04:29:38,470 - INFO - [AUDIT] - Decision: RECOVER_EPS, Reason: Critical voltage, Mode: Nominal
2025-07-11 04:29:38,470 - INFO - [AUDIT] - Rule Activated: CRITICAL_VOLTAGE, Reason: Bus voltage below threshold: 0.18 < 25.50
2025-07-11 04:29:38,470 - INFO - [AUDIT] - Decision: RECOVER_EPS, Reason: Critical voltage, Mode: Nominal
2025-07-11 04:29:38,470 - INFO - [AUDIT] - Rule Activated: CRITICAL_VOLTAGE, Reason: Bus voltage below threshold: 0.18 < 25.50
2025-07-11 04:29:38,470 - INFO - [AUDIT] - Decision: RECOVER_EPS, Reason: Critical voltage, Mode: Nominal
2025-07-11 04:29:38,470 - INFO - [AUDIT] - Rule Activated: CRITICAL_VOLTAGE, Reason: Bus voltage below threshold: 0.18 < 25.50
2025-07-11 04:29:38,470 - INFO - [AUDIT] - Decision: RECOVER_EPS, Reason: Critical voltage, Mode: Nominal
2025-07-11 04:29:38,471 - INFO - [AUDIT] - Rule Activated: CRITICAL_VOLTAGE, Reason: Bus voltage below threshold: 0.18 < 25.50
2025-07-11 04:29:38,471 - INFO - [AUDIT] - Decision: RECOVER_EPS, Reason: Critical voltage, Mode: Nominal
2025-07-11 04:29:38,471 - INFO - [AUDIT] - Rule Activated: CRITICAL_VOLTAGE, Reason: Bus voltage below threshold: 0.18 < 25.50
2025-07-11 04:29:38,471 - INFO - [AUDIT] - Decision: RECOVER_EPS, Reason: Critical voltage, Mode: Nominal
2025-07-11 04:29:38,471 - INFO - [AUDIT] - Rule Activated: CRITICAL_VOLTAGE, Reason: Bus voltage below threshold: 0.18 < 25.50
2025-07-11 04:29:38,471 - INFO - [AUDIT] - Decision: RECOVER_EPS, Reason: Critical voltage, Mode: Nominal
2025-07-11 04:29:38,471 - INFO - [AUDIT] - Rule Activated: CRITICAL_VOLTAGE, Reason: Bus voltage below threshold: 0.18 < 25.50
2025-07-11 04:29:38,471 - INFO - [AUDIT] - Decision: RECOVER_EPS, Reason: Critical voltage, Mode: Nominal
2025-07-11 04:29:38,471 - INFO - [AUDIT] - Rule Activated: CRITICAL_VOLTAGE, Reason: Bus voltage below threshold: 0.18 < 25.50
2025-07-11 04:29:38,471 - INFO - [AUDIT] - Decision: RECOVER_EPS, Reason: Critical voltage, Mode: Nominal
2025-07-11 04:29:38,471 - INFO - [AUDIT] - Rule Activated: CRITICAL_VOLTAGE, Reason: Bus voltage below threshold: 0.18 < 25.50
2025-07-11 04:29:38,471 - INFO - [AUDIT] - Decision: RECOVER_EPS, Reason: Critical voltage, Mode: Nominal
2025-07-11 04:29:38,472 - INFO - [AUDIT] - Rule Activated: CRITICAL_VOLTAGE, Reason: Bus voltage below threshold: 0.18 < 25.50
2025-07-11 04:29:38,472 - INFO - [AUDIT] - Decision: RECOVER_EPS, Reason: Critical voltage, Mode: Nominal
2025-07-11 04:29:38,472 - INFO - [AUDIT] - Rule Activated: CRITICAL_VOLTAGE, Reason: Bus voltage below threshold: 0.18 < 25.50
2025-07-11 04:29:38,472 - INFO - [AUDIT] - Decision: RECOVER_EPS, Reason: Critical voltage, Mode: Nominal
2025-07-11 04:29:38,472 - INFO - [AUDIT] - Rule Activated: CRITICAL_VOLTAGE, Reason: Bus voltage below threshold: 0.18 < 25.50
2025-07-11 04:29:38,472 - INFO - [AUDIT] - Decision: RECOVER_EPS, Reason: Critical voltage, Mode: Nominal
2025-07-11 04:29:38,472 - INFO - [AUDIT] - Rule Activated: CRITICAL_VOLTAGE, Reason: Bus voltage below threshold: 0.18 < 25.50
2025-07-11 04:29:38,472 - INFO - [AUDIT] - Decision: RECOVER_EPS, Reason: Critical voltage, Mode: Nominal
2025-07-11 04:29:38,472 - INFO - [AUDIT] - Rule Activated: CRITICAL_VOLTAGE, Reason: Bus voltage below threshold: 0.18 < 25.50
2025-07-11 04:29:38,472 - INFO - [AUDIT] - Decision: RECOVER_EPS, Reason: Critical voltage, Mode: Nominal
2025-07-11 04:29:38,473 - INFO - [AUDIT] - Rule Activated: CRITICAL_VOLTAGE, Reason: Bus voltage below threshold: 0.18 < 25.50
2025-07-11 04:29:38,473 - INFO - [AUDIT] - Decision: RECOVER_EPS, Reason: Critical voltage, Mode: Nominal
2025-07-11 04:29:38,473 - INFO - [AUDIT] - Rule Activated: CRITICAL_VOLTAGE, Reason: Bus voltage below threshold: 0.18 < 25.50
2025-07-11 04:29:38,473 - INFO - [AUDIT] - Decision: RECOVER_EPS, Reason: Critical voltage, Mode: Nominal
2025-07-11 04:29:38,473 - INFO - [AUDIT] - Rule Activated: CRITICAL_VOLTAGE, Reason: Bus voltage below threshold: 0.18 < 25.50
2025-07-11 04:29:38,473 - INFO - [AUDIT] - Decision: RECOVER_EPS, Reason: Critical voltage, Mode: Nominal
2025-07-11 04:29:38,473 - INFO - [AUDIT] - Rule Activated: CRITICAL_VOLTAGE, Reason: Bus voltage below threshold: 0.18 < 25.50
2025-07-11 04:29:38,473 - INFO - [AUDIT] - Decision: RECOVER_EPS, Reason: Critical voltage, Mode: Nominal
2025-07-11 04:29:38,473 - INFO - [AUDIT] - Rule Activated: CRITICAL_VOLTAGE, Reason: Bus voltage below threshold: 0.18 < 25.50
2025-07-11 04:29:38,473 - INFO - [AUDIT] - Decision: RECOVER_EPS, Reason: Critical voltage, Mode: Nominal
2025-07-11 04:29:38,473 - INFO - [AUDIT] - Rule Activated: CRITICAL_VOLTAGE, Reason: Bus voltage below threshold: 0.18 < 25.50
2025-07-11 04:29:38,474 - INFO - [AUDIT] - Decision: RECOVER_EPS, Reason: Critical voltage, Mode: Nominal
2025-07-11 04:29:38,474 - INFO - [AUDIT] - Rule Activated: CRITICAL_VOLTAGE, Reason: Bus voltage below threshold: 0.18 < 25.50
2025-07-11 04:29:38,474 - INFO - [AUDIT] - Decision: RECOVER_EPS, Reason: Critical voltage, Mode: Nominal
2025-07-11 04:29:38,474 - INFO - [AUDIT] - Rule Activated: CRITICAL_VOLTAGE, Reason: Bus voltage below threshold: 0.18 < 25.50
2025-07-11 04:29:38,474 - INFO - [AUDIT] - Decision: RECOVER_EPS, Reason: Critical voltage, Mode: Nominal
2025-07-11 04:29:38,474 - INFO - [AUDIT] - Rule Activated: CRITICAL_VOLTAGE, Reason: Bus voltage below threshold: 0.18 < 25.50
2025-07-11 04:29:38,474 - INFO - [AUDIT] - Decision: RECOVER_EPS, Reason: Critical voltage, Mode: Nominal
2025-07-11 04:29:38,474 - INFO - [AUDIT] - Rule Activated: CRITICAL_VOLTAGE, Reason: Bus voltage below threshold: 0.18 < 25.50
2025-07-11 04:29:38,474 - INFO - [AUDIT] - Decision: RECOVER_EPS, Reason: Critical voltage, Mode: Nominal
2025-07-11 04:29:38,474 - INFO - [AUDIT] - Rule Activated: CRITICAL_VOLTAGE, Reason: Bus voltage below threshold: 0.18 < 25.50
2025-07-11 04:29:38,474 - INFO - [AUDIT] - Decision: RECOVER_EPS, Reason: Critical voltage, Mode: Nominal
2025-07-11 04:29:38,474 - INFO - [AUDIT] - Rule Activated: CRITICAL_VOLTAGE, Reason: Bus voltage below threshold: 0.18 < 25.50
2025-07-11 04:29:38,474 - INFO - [AUDIT] - Decision: RECOVER_EPS, Reason: Critical voltage, Mode: Nominal
2025-07-11 04:29:38,475 - INFO - [AUDIT] - Rule Activated: CRITICAL_VOLTAGE, Reason: Bus voltage below threshold: 0.18 < 25.50
2025-07-11 04:29:38,475 - INFO - [AUDIT] - Decision: RECOVER_EPS, Reason: Critical voltage, Mode: Nominal
2025-07-11 04:29:38,475 - INFO - [AUDIT] - Rule Activated: CRITICAL_VOLTAGE, Reason: Bus voltage below threshold: 0.18 < 25.50
2025-07-11 04:29:38,475 - INFO - [AUDIT] - Decision: RECOVER_EPS, Reason: Critical voltage, Mode: Nominal
2025-07-11 04:29:38,475 - INFO - [AUDIT] - Rule Activated: CRITICAL_VOLTAGE, Reason: Bus voltage below threshold: 0.18 < 25.50
2025-07-11 04:29:38,475 - INFO - [AUDIT] - Decision: RECOVER_EPS, Reason: Critical voltage, Mode: Nominal
2025-07-11 04:29:38,475 - INFO - [AUDIT] - Rule Activated: CRITICAL_VOLTAGE, Reason: Bus voltage below threshold: 0.18 < 25.50
2025-07-11 04:29:38,475 - INFO - [AUDIT] - Decision: RECOVER_EPS, Reason: Critical voltage, Mode: Nominal
2025-07-11 04:29:38,476 - INFO - [AUDIT] - Rule Activated: CRITICAL_VOLTAGE, Reason: Bus voltage below threshold: 0.18 < 25.50
2025-07-11 04:29:38,476 - INFO - [AUDIT] - Decision: RECOVER_EPS, Reason: Critical voltage, Mode: Nominal
2025-07-11 04:29:38,476 - INFO - [AUDIT] - Rule Activated: CRITICAL_VOLTAGE, Reason: Bus voltage below threshold: 0.18 < 25.50
2025-07-11 04:29:38,476 - INFO - [AUDIT] - Decision: RECOVER_EPS, Reason: Critical voltage, Mode: Nominal
2025-07-11 04:29:38,476 - INFO - [AUDIT] - Rule Activated: CRITICAL_VOLTAGE, Reason: Bus voltage below threshold: 0.18 < 25.50
2025-07-11 04:29:38,476 - INFO - [AUDIT] - Decision: RECOVER_EPS, Reason: Critical voltage, Mode: Nominal
2025-07-11 04:29:38,476 - INFO - [AUDIT] - Rule Activated: CRITICAL_VOLTAGE, Reason: Bus voltage below threshold: 0.18 < 25.50
2025-07-11 04:29:38,476 - INFO - [AUDIT] - Decision: RECOVER_EPS, Reason: Critical voltage, Mode: Nominal
2025-07-11 04:29:38,476 - INFO - [AUDIT] - Rule Activated: CRITICAL_VOLTAGE, Reason: Bus voltage below threshold: 0.18 < 25.50
2025-07-11 04:29:38,476 - INFO - [AUDIT] - Decision: RECOVER_EPS, Reason: Critical voltage, Mode: Nominal
2025-07-11 04:29:38,476 - INFO - [AUDIT] - Rule Activated: CRITICAL_VOLTAGE, Reason: Bus voltage below threshold: 0.18 < 25.50
2025-07-11 04:29:38,476 - INFO - [AUDIT] - Decision: RECOVER_EPS, Reason: Critical voltage, Mode: Nominal
2025-07-11 04:29:38,477 - INFO - [AUDIT] - Rule Activated: CRITICAL_VOLTAGE, Reason: Bus voltage below threshold: 0.18 < 25.50
2025-07-11 04:29:38,477 - INFO - [AUDIT] - Decision: RECOVER_EPS, Reason: Critical voltage, Mode: Nominal
2025-07-11 04:29:38,477 - INFO - [AUDIT] - Rule Activated: CRITICAL_VOLTAGE, Reason: Bus voltage below threshold: 0.18 < 25.50
2025-07-11 04:29:38,477 - INFO - [AUDIT] - Decision: RECOVER_EPS, Reason: Critical voltage, Mode: Nominal
2025-07-11 04:29:38,477 - INFO - [AUDIT] - Rule Activated: CRITICAL_VOLTAGE, Reason: Bus voltage below threshold: 0.18 < 25.50
2025-07-11 04:29:38,477 - INFO - [AUDIT] - Decision: RECOVER_EPS, Reason: Critical voltage, Mode: Nominal
2025-07-11 04:29:38,477 - INFO - [AUDIT] - Rule Activated: CRITICAL_VOLTAGE, Reason: Bus voltage below threshold: 0.18 < 25.50
2025-07-11 04:29:38,477 - INFO - [AUDIT] - Decision: RECOVER_EPS, Reason: Critical voltage, Mode: Nominal
2025-07-11 04:29:38,477 - INFO - [AUDIT] - Rule Activated: CRITICAL_VOLTAGE, Reason: Bus voltage below threshold: 0.18 < 25.50
2025-07-11 04:29:38,477 - INFO - [AUDIT] - Decision: RECOVER_EPS, Reason: Critical voltage, Mode: Nominal
2025-07-11 04:29:38,477 - INFO - [AUDIT] - Rule Activated: CRITICAL_VOLTAGE, Reason: Bus voltage below threshold: 0.18 < 25.50
2025-07-11 04:29:38,477 - INFO - [AUDIT] - Decision: RECOVER_EPS, Reason: Critical voltage, Mode: Nominal
2025-07-11 04:29:38,477 - INFO - [AUDIT] - Rule Activated: CRITICAL_VOLTAGE, Reason: Bus voltage below threshold: 0.18 < 25.50
2025-07-11 04:29:38,478 - INFO - [AUDIT] - Decision: RECOVER_EPS, Reason: Critical voltage, Mode: Nominal
2025-07-11 04:29:38,478 - INFO - [AUDIT] - Rule Activated: CRITICAL_VOLTAGE, Reason: Bus voltage below threshold: 0.18 < 25.50
2025-07-11 04:29:38,478 - INFO - [AUDIT] - Decision: RECOVER_EPS, Reason: Critical voltage, Mode: Nominal
2025-07-11 04:29:38,478 - INFO - [AUDIT] - Rule Activated: CRITICAL_VOLTAGE, Reason: Bus voltage below threshold: 0.18 < 25.50
2025-07-11 04:29:38,478 - INFO - [AUDIT] - Decision: RECOVER_EPS, Reason: Critical voltage, Mode: Nominal
2025-07-11 04:29:38,478 - INFO - [AUDIT] - Rule Activated: CRITICAL_VOLTAGE, Reason: Bus voltage below threshold: 0.18 < 25.50
2025-07-11 04:29:38,478 - INFO - [AUDIT] - Decision: RECOVER_EPS, Reason: Critical voltage, Mode: Nominal
2025-07-11 04:29:38,478 - INFO - [AUDIT] - Rule Activated: CRITICAL_VOLTAGE, Reason: Bus voltage below threshold: 0.18 < 25.50
2025-07-11 04:29:38,478 - INFO - [AUDIT] - Decision: RECOVER_EPS, Reason: Critical voltage, Mode: Nominal
2025-07-11 04:29:38,479 - INFO - [AUDIT] - Rule Activated: CRITICAL_VOLTAGE, Reason: Bus voltage below threshold: 0.18 < 25.50
2025-07-11 04:29:38,479 - INFO - [AUDIT] - Decision: RECOVER_EPS, Reason: Critical voltage, Mode: Nominal
2025-07-11 04:29:38,479 - INFO - [AUDIT] - Rule Activated: CRITICAL_VOLTAGE, Reason: Bus voltage below threshold: 0.18 < 25.50
2025-07-11 04:29:38,479 - INFO - [AUDIT] - Decision: RECOVER_EPS, Reason: Critical voltage, Mode: Nominal
2025-07-11 04:29:38,479 - INFO - [AUDIT] - Rule Activated: CRITICAL_VOLTAGE, Reason: Bus voltage below threshold: 0.18 < 25.50
2025-07-11 04:29:38,479 - INFO - [AUDIT] - Decision: RECOVER_EPS, Reason: Critical voltage, Mode: Nominal
2025-07-11 04:29:38,479 - INFO - [AUDIT] - Rule Activated: CRITICAL_VOLTAGE, Reason: Bus voltage below threshold: 0.18 < 25.50
2025-07-11 04:29:38,479 - INFO - [AUDIT] - Decision: RECOVER_EPS, Reason: Critical voltage, Mode: Nominal
2025-07-11 04:29:38,479 - INFO - [AUDIT] - Rule Activated: CRITICAL_VOLTAGE, Reason: Bus voltage below threshold: 0.18 < 25.50
2025-07-11 04:29:38,479 - INFO - [AUDIT] - Decision: RECOVER_EPS, Reason: Critical voltage, Mode: Nominal
2025-07-11 04:29:38,479 - INFO - [AUDIT] - Rule Activated: CRITICAL_VOLTAGE, Reason: Bus voltage below threshold: 0.18 < 25.50
2025-07-11 04:29:38,479 - INFO - [AUDIT] - Decision: RECOVER_EPS, Reason: Critical voltage, Mode: Nominal
2025-07-11 04:29:38,480 - INFO - [AUDIT] - Rule Activated: CRITICAL_VOLTAGE, Reason: Bus voltage below threshold: 0.18 < 25.50
2025-07-11 04:29:38,480 - INFO - [AUDIT] - Decision: RECOVER_EPS, Reason: Critical voltage, Mode: Nominal
2025-07-11 04:29:38,480 - INFO - [AUDIT] - Rule Activated: CRITICAL_VOLTAGE, Reason: Bus voltage below threshold: 0.18 < 25.50
2025-07-11 04:29:38,480 - INFO - [AUDIT] - Decision: RECOVER_EPS, Reason: Critical voltage, Mode: Nominal
2025-07-11 04:29:38,480 - INFO - [AUDIT] - Rule Activated: CRITICAL_VOLTAGE, Reason: Bus voltage below threshold: 0.18 < 25.50
2025-07-11 04:29:38,480 - INFO - [AUDIT] - Decision: RECOVER_EPS, Reason: Critical voltage, Mode: Nominal
2025-07-11 04:29:38,480 - INFO - [AUDIT] - Rule Activated: CRITICAL_VOLTAGE, Reason: Bus voltage below threshold: 0.18 < 25.50
2025-07-11 04:29:38,480 - INFO - [AUDIT] - Decision: RECOVER_EPS, Reason: Critical voltage, Mode: Nominal
2025-07-11 04:29:38,480 - INFO - [AUDIT] - Rule Activated: CRITICAL_VOLTAGE, Reason: Bus voltage below threshold: 0.18 < 25.50
2025-07-11 04:29:38,480 - INFO - [AUDIT] - Decision: RECOVER_EPS, Reason: Critical voltage, Mode: Nominal
2025-07-11 04:29:38,480 - INFO - [AUDIT] - Rule Activated: CRITICAL_VOLTAGE, Reason: Bus voltage below threshold: 0.18 < 25.50
2025-07-11 04:29:38,480 - INFO - [AUDIT] - Decision: RECOVER_EPS, Reason: Critical voltage, Mode: Nominal
2025-07-11 04:29:38,480 - INFO - [AUDIT] - Rule Activated: CRITICAL_VOLTAGE, Reason: Bus voltage below threshold: 0.18 < 25.50
2025-07-11 04:29:38,480 - INFO - [AUDIT] - Decision: RECOVER_EPS, Reason: Critical voltage, Mode: Nominal
2025-07-11 04:29:38,481 - INFO - [AUDIT] - Rule Activated: CRITICAL_VOLTAGE, Reason: Bus voltage below threshold: 0.18 < 25.50
2025-07-11 04:29:38,481 - INFO - [AUDIT] - Decision: RECOVER_EPS, Reason: Critical voltage, Mode: Nominal
2025-07-11 04:29:38,481 - INFO - [AUDIT] - Rule Activated: CRITICAL_VOLTAGE, Reason: Bus voltage below threshold: 0.18 < 25.50
2025-07-11 04:29:38,481 - INFO - [AUDIT] - Decision: RECOVER_EPS, Reason: Critical voltage, Mode: Nominal
2025-07-11 04:29:38,481 - INFO - [AUDIT] - Rule Activated: CRITICAL_VOLTAGE, Reason: Bus voltage below threshold: 0.18 < 25.50
2025-07-11 04:29:38,481 - INFO - [AUDIT] - Decision: RECOVER_EPS, Reason: Critical voltage, Mode: Nominal
2025-07-11 04:29:38,481 - INFO - [AUDIT] - Rule Activated: CRITICAL_VOLTAGE, Reason: Bus voltage below threshold: 0.18 < 25.50
2025-07-11 04:29:38,481 - INFO - [AUDIT] - Decision: RECOVER_EPS, Reason: Critical voltage, Mode: Nominal
2025-07-11 04:29:38,481 - INFO - [AUDIT] - Rule Activated: CRITICAL_VOLTAGE, Reason: Bus voltage below threshold: 0.18 < 25.50
2025-07-11 04:29:38,481 - INFO - [AUDIT] - Decision: RECOVER_EPS, Reason: Critical voltage, Mode: Nominal
2025-07-11 04:29:38,481 - INFO - [AUDIT] - Rule Activated: CRITICAL_VOLTAGE, Reason: Bus voltage below threshold: 0.18 < 25.50
2025-07-11 04:29:38,481 - INFO - [AUDIT] - Decision: RECOVER_EPS, Reason: Critical voltage, Mode: Nominal
2025-07-11 04:29:38,482 - INFO - [AUDIT] - Rule Activated: CRITICAL_VOLTAGE, Reason: Bus voltage below threshold: 0.18 < 25.50
2025-07-11 04:29:38,482 - INFO - [AUDIT] - Decision: RECOVER_EPS, Reason: Critical voltage, Mode: Nominal
2025-07-11 04:29:38,482 - INFO - [AUDIT] - Rule Activated: CRITICAL_VOLTAGE, Reason: Bus voltage below threshold: 0.18 < 25.50
2025-07-11 04:29:38,482 - INFO - [AUDIT] - Decision: RECOVER_EPS, Reason: Critical voltage, Mode: Nominal
2025-07-11 04:29:38,482 - INFO - [AUDIT] - Rule Activated: CRITICAL_VOLTAGE, Reason: Bus voltage below threshold: 0.18 < 25.50
2025-07-11 04:29:38,482 - INFO - [AUDIT] - Decision: RECOVER_EPS, Reason: Critical voltage, Mode: Nominal
2025-07-11 04:29:38,482 - INFO - [AUDIT] - Rule Activated: CRITICAL_VOLTAGE, Reason: Bus voltage below threshold: 0.18 < 25.50
2025-07-11 04:29:38,482 - INFO - [AUDIT] - Decision: RECOVER_EPS, Reason: Critical voltage, Mode: Nominal
2025-07-11 04:29:38,482 - INFO - [AUDIT] - Rule Activated: CRITICAL_VOLTAGE, Reason: Bus voltage below threshold: 0.18 < 25.50
2025-07-11 04:29:38,482 - INFO - [AUDIT] - Decision: RECOVER_EPS, Reason: Critical voltage, Mode: Nominal
2025-07-11 04:29:38,482 - INFO - [AUDIT] - Rule Activated: CRITICAL_VOLTAGE, Reason: Bus voltage below threshold: 0.18 < 25.50
2025-07-11 04:29:38,482 - INFO - [AUDIT] - Decision: RECOVER_EPS, Reason: Critical voltage, Mode: Nominal
2025-07-11 04:29:38,483 - INFO - [AUDIT] - Rule Activated: CRITICAL_VOLTAGE, Reason: Bus voltage below threshold: 0.18 < 25.50
2025-07-11 04:29:38,483 - INFO - [AUDIT] - Decision: RECOVER_EPS, Reason: Critical voltage, Mode: Nominal
2025-07-11 04:29:38,483 - INFO - [AUDIT] - Rule Activated: CRITICAL_VOLTAGE, Reason: Bus voltage below threshold: 0.18 < 25.50
2025-07-11 04:29:38,483 - INFO - [AUDIT] - Decision: RECOVER_EPS, Reason: Critical voltage, Mode: Nominal
2025-07-11 04:29:38,483 - INFO - [AUDIT] - Rule Activated: CRITICAL_VOLTAGE, Reason: Bus voltage below threshold: 0.18 < 25.50
2025-07-11 04:29:38,483 - INFO - [AUDIT] - Decision: RECOVER_EPS, Reason: Critical voltage, Mode: Nominal
2025-07-11 04:29:38,483 - INFO - [AUDIT] - Rule Activated: CRITICAL_VOLTAGE, Reason: Bus voltage below threshold: 0.18 < 25.50
2025-07-11 04:29:38,483 - INFO - [AUDIT] - Decision: RECOVER_EPS, Reason: Critical voltage, Mode: Nominal
2025-07-11 04:29:38,483 - INFO - [AUDIT] - Rule Activated: CRITICAL_VOLTAGE, Reason: Bus voltage below threshold: 0.18 < 25.50
2025-07-11 04:29:38,483 - INFO - [AUDIT] - Decision: RECOVER_EPS, Reason: Critical voltage, Mode: Nominal
2025-07-11 04:29:38,483 - INFO - [AUDIT] - Rule Activated: CRITICAL_VOLTAGE, Reason: Bus voltage below threshold: 0.18 < 25.50
2025-07-11 04:29:38,483 - INFO - [AUDIT] - Decision: RECOVER_EPS, Reason: Critical voltage, Mode: Nominal
2025-07-11 04:29:38,484 - INFO - [AUDIT] - Rule Activated: CRITICAL_VOLTAGE, Reason: Bus voltage below threshold: 0.18 < 25.50
2025-07-11 04:29:38,484 - INFO - [AUDIT] - Decision: RECOVER_EPS, Reason: Critical voltage, Mode: Nominal
2025-07-11 04:29:38,484 - INFO - [AUDIT] - Rule Activated: CRITICAL_VOLTAGE, Reason: Bus voltage below threshold: 0.18 < 25.50
2025-07-11 04:29:38,484 - INFO - [AUDIT] - Decision: RECOVER_EPS, Reason: Critical voltage, Mode: Nominal
2025-07-11 04:29:38,484 - INFO - [AUDIT] - Rule Activated: CRITICAL_VOLTAGE, Reason: Bus voltage below threshold: 0.18 < 25.50
2025-07-11 04:29:38,484 - INFO - [AUDIT] - Decision: RECOVER_EPS, Reason: Critical voltage, Mode: Nominal
2025-07-11 04:29:38,484 - INFO - [AUDIT] - Rule Activated: CRITICAL_VOLTAGE, Reason: Bus voltage below threshold: 0.18 < 25.50
2025-07-11 04:29:38,484 - INFO - [AUDIT] - Decision: RECOVER_EPS, Reason: Critical voltage, Mode: Nominal
2025-07-11 04:29:38,484 - INFO - [AUDIT] - Rule Activated: CRITICAL_VOLTAGE, Reason: Bus voltage below threshold: 0.18 < 25.50
2025-07-11 04:29:38,484 - INFO - [AUDIT] - Decision: RECOVER_EPS, Reason: Critical voltage, Mode: Nominal
2025-07-11 04:29:38,484 - INFO - [AUDIT] - Rule Activated: CRITICAL_VOLTAGE, Reason: Bus voltage below threshold: 0.18 < 25.50
2025-07-11 04:29:38,484 - INFO - [AUDIT] - Decision: RECOVER_EPS, Reason: Critical voltage, Mode: Nominal
2025-07-11 04:29:38,485 - INFO - [AUDIT] - Rule Activated: CRITICAL_VOLTAGE, Reason: Bus voltage below threshold: 0.18 < 25.50
2025-07-11 04:29:38,485 - INFO - [AUDIT] - Decision: RECOVER_EPS, Reason: Critical voltage, Mode: Nominal
2025-07-11 04:29:38,485 - INFO - [AUDIT] - Rule Activated: CRITICAL_VOLTAGE, Reason: Bus voltage below threshold: 0.18 < 25.50
2025-07-11 04:29:38,485 - INFO - [AUDIT] - Decision: RECOVER_EPS, Reason: Critical voltage, Mode: Nominal
2025-07-11 04:29:38,485 - INFO - [AUDIT] - Rule Activated: CRITICAL_VOLTAGE, Reason: Bus voltage below threshold: 0.18 < 25.50
2025-07-11 04:29:38,485 - INFO - [AUDIT] - Decision: RECOVER_EPS, Reason: Critical voltage, Mode: Nominal
2025-07-11 04:29:38,485 - INFO - [AUDIT] - Rule Activated: CRITICAL_VOLTAGE, Reason: Bus voltage below threshold: 0.18 < 25.50
2025-07-11 04:29:38,485 - INFO - [AUDIT] - Decision: RECOVER_EPS, Reason: Critical voltage, Mode: Nominal
2025-07-11 04:29:38,485 - INFO - [AUDIT] - Rule Activated: CRITICAL_VOLTAGE, Reason: Bus voltage below threshold: 0.18 < 25.50
2025-07-11 04:29:38,485 - INFO - [AUDIT] - Decision: RECOVER_EPS, Reason: Critical voltage, Mode: Nominal
2025-07-11 04:29:38,485 - INFO - [AUDIT] - Rule Activated: CRITICAL_VOLTAGE, Reason: Bus voltage below threshold: 0.18 < 25.50
2025-07-11 04:29:38,485 - INFO - [AUDIT] - Decision: RECOVER_EPS, Reason: Critical voltage, Mode: Nominal
2025-07-11 04:29:38,485 - INFO - [AUDIT] - Rule Activated: CRITICAL_VOLTAGE, Reason: Bus voltage below threshold: 0.18 < 25.50
2025-07-11 04:29:38,486 - INFO - [AUDIT] - Decision: RECOVER_EPS, Reason: Critical voltage, Mode: Nominal
2025-07-11 04:29:38,486 - INFO - [AUDIT] - Rule Activated: CRITICAL_VOLTAGE, Reason: Bus voltage below threshold: 0.18 < 25.50
2025-07-11 04:29:38,486 - INFO - [AUDIT] - Decision: RECOVER_EPS, Reason: Critical voltage, Mode: Nominal
2025-07-11 04:29:38,486 - INFO - [AUDIT] - Rule Activated: CRITICAL_VOLTAGE, Reason: Bus voltage below threshold: 0.18 < 25.50
2025-07-11 04:29:38,486 - INFO - [AUDIT] - Decision: RECOVER_EPS, Reason: Critical voltage, Mode: Nominal
2025-07-11 04:29:38,486 - INFO - [AUDIT] - Rule Activated: CRITICAL_VOLTAGE, Reason: Bus voltage below threshold: 0.18 < 25.50
2025-07-11 04:29:38,486 - INFO - [AUDIT] - Decision: RECOVER_EPS, Reason: Critical voltage, Mode: Nominal
2025-07-11 04:29:38,486 - INFO - [AUDIT] - Rule Activated: CRITICAL_VOLTAGE, Reason: Bus voltage below threshold: 0.18 < 25.50
2025-07-11 04:29:38,486 - INFO - [AUDIT] - Decision: RECOVER_EPS, Reason: Critical voltage, Mode: Nominal
2025-07-11 04:29:38,486 - INFO - [AUDIT] - Rule Activated: CRITICAL_VOLTAGE, Reason: Bus voltage below threshold: 0.18 < 25.50
2025-07-11 04:29:38,486 - INFO - [AUDIT] - Decision: RECOVER_EPS, Reason: Critical voltage, Mode: Nominal
2025-07-11 04:29:38,487 - INFO - [AUDIT] - Rule Activated: CRITICAL_VOLTAGE, Reason: Bus voltage below threshold: 0.18 < 25.50
2025-07-11 04:29:38,487 - INFO - [AUDIT] - Decision: RECOVER_EPS, Reason: Critical voltage, Mode: Nominal
2025-07-11 04:29:38,487 - INFO - [AUDIT] - Rule Activated: CRITICAL_VOLTAGE, Reason: Bus voltage below threshold: 0.18 < 25.50
2025-07-11 04:29:38,487 - INFO - [AUDIT] - Decision: RECOVER_EPS, Reason: Critical voltage, Mode: Nominal
2025-07-11 04:29:38,487 - INFO - [AUDIT] - Rule Activated: CRITICAL_VOLTAGE, Reason: Bus voltage below threshold: 0.18 < 25.50
2025-07-11 04:29:38,487 - INFO - [AUDIT] - Decision: RECOVER_EPS, Reason: Critical voltage, Mode: Nominal
2025-07-11 04:29:38,487 - INFO - [AUDIT] - Rule Activated: CRITICAL_VOLTAGE, Reason: Bus voltage below threshold: 0.18 < 25.50
2025-07-11 04:29:38,487 - INFO - [AUDIT] - Decision: RECOVER_EPS, Reason: Critical voltage, Mode: Nominal
2025-07-11 04:29:38,487 - INFO - [AUDIT] - Rule Activated: CRITICAL_VOLTAGE, Reason: Bus voltage below threshold: 0.18 < 25.50
2025-07-11 04:29:38,487 - INFO - [AUDIT] - Decision: RECOVER_EPS, Reason: Critical voltage, Mode: Nominal
2025-07-11 04:29:38,487 - INFO - [AUDIT] - Rule Activated: CRITICAL_VOLTAGE, Reason: Bus voltage below threshold: 0.18 < 25.50
2025-07-11 04:29:38,487 - INFO - [AUDIT] - Decision: RECOVER_EPS, Reason: Critical voltage, Mode: Nominal
2025-07-11 04:29:38,488 - INFO - [AUDIT] - Rule Activated: CRITICAL_VOLTAGE, Reason: Bus voltage below threshold: 0.18 < 25.50
2025-07-11 04:29:38,488 - INFO - [AUDIT] - Decision: RECOVER_EPS, Reason: Critical voltage, Mode: Nominal
2025-07-11 04:29:38,488 - INFO - [AUDIT] - Rule Activated: CRITICAL_VOLTAGE, Reason: Bus voltage below threshold: 0.18 < 25.50
2025-07-11 04:29:38,488 - INFO - [AUDIT] - Decision: RECOVER_EPS, Reason: Critical voltage, Mode: Nominal
2025-07-11 04:29:38,488 - INFO - [AUDIT] - Rule Activated: CRITICAL_VOLTAGE, Reason: Bus voltage below threshold: 0.18 < 25.50
2025-07-11 04:29:38,488 - INFO - [AUDIT] - Decision: RECOVER_EPS, Reason: Critical voltage, Mode: Nominal
2025-07-11 04:29:38,488 - INFO - [AUDIT] - Rule Activated: CRITICAL_VOLTAGE, Reason: Bus voltage below threshold: 0.18 < 25.50
2025-07-11 04:29:38,488 - INFO - [AUDIT] - Decision: RECOVER_EPS, Reason: Critical voltage, Mode: Nominal
2025-07-11 04:29:38,488 - INFO - [AUDIT] - Rule Activated: CRITICAL_VOLTAGE, Reason: Bus voltage below threshold: 0.18 < 25.50
2025-07-11 04:29:38,488 - INFO - [AUDIT] - Decision: RECOVER_EPS, Reason: Critical voltage, Mode: Nominal
2025-07-11 04:29:38,488 - INFO - [AUDIT] - Rule Activated: CRITICAL_VOLTAGE, Reason: Bus voltage below threshold: 0.18 < 25.50
2025-07-11 04:29:38,488 - INFO - [AUDIT] - Decision: RECOVER_EPS, Reason: Critical voltage, Mode: Nominal
2025-07-11 04:29:38,489 - INFO - [AUDIT] - Rule Activated: CRITICAL_VOLTAGE, Reason: Bus voltage below threshold: 0.18 < 25.50
2025-07-11 04:29:38,489 - INFO - [AUDIT] - Decision: RECOVER_EPS, Reason: Critical voltage, Mode: Nominal
2025-07-11 04:29:38,489 - INFO - [AUDIT] - Rule Activated: CRITICAL_VOLTAGE, Reason: Bus voltage below threshold: 0.18 < 25.50
2025-07-11 04:29:38,489 - INFO - [AUDIT] - Decision: RECOVER_EPS, Reason: Critical voltage, Mode: Nominal
2025-07-11 04:29:38,489 - INFO - [AUDIT] - Rule Activated: CRITICAL_VOLTAGE, Reason: Bus voltage below threshold: 0.18 < 25.50
2025-07-11 04:29:38,489 - INFO - [AUDIT] - Decision: RECOVER_EPS, Reason: Critical voltage, Mode: Nominal
2025-07-11 04:29:38,489 - INFO - [AUDIT] - Rule Activated: CRITICAL_VOLTAGE, Reason: Bus voltage below threshold: 0.18 < 25.50
2025-07-11 04:29:38,489 - INFO - [AUDIT] - Decision: RECOVER_EPS, Reason: Critical voltage, Mode: Nominal
2025-07-11 04:29:38,489 - INFO - [AUDIT] - Rule Activated: CRITICAL_VOLTAGE, Reason: Bus voltage below threshold: 0.18 < 25.50
2025-07-11 04:29:38,489 - INFO - [AUDIT] - Decision: RECOVER_EPS, Reason: Critical voltage, Mode: Nominal
2025-07-11 04:29:38,489 - INFO - [AUDIT] - Rule Activated: CRITICAL_VOLTAGE, Reason: Bus voltage below threshold: 0.18 < 25.50
2025-07-11 04:29:38,489 - INFO - [AUDIT] - Decision: RECOVER_EPS, Reason: Critical voltage, Mode: Nominal
2025-07-11 04:29:38,489 - INFO - [AUDIT] - Rule Activated: CRITICAL_VOLTAGE, Reason: Bus voltage below threshold: 0.18 < 25.50
2025-07-11 04:29:38,490 - INFO - [AUDIT] - Decision: RECOVER_EPS, Reason: Critical voltage, Mode: Nominal
2025-07-11 04:29:38,490 - INFO - [AUDIT] - Rule Activated: CRITICAL_VOLTAGE, Reason: Bus voltage below threshold: 0.18 < 25.50
2025-07-11 04:29:38,490 - INFO - [AUDIT] - Decision: RECOVER_EPS, Reason: Critical voltage, Mode: Nominal
2025-07-11 04:29:38,490 - INFO - [AUDIT] - Rule Activated: CRITICAL_VOLTAGE, Reason: Bus voltage below threshold: 0.18 < 25.50
2025-07-11 04:29:38,490 - INFO - [AUDIT] - Decision: RECOVER_EPS, Reason: Critical voltage, Mode: Nominal
2025-07-11 04:29:38,490 - INFO - [AUDIT] - Rule Activated: CRITICAL_VOLTAGE, Reason: Bus voltage below threshold: 0.18 < 25.50
2025-07-11 04:29:38,490 - INFO - [AUDIT] - Decision: RECOVER_EPS, Reason: Critical voltage, Mode: Nominal
2025-07-11 04:29:38,490 - INFO - [AUDIT] - Rule Activated: CRITICAL_VOLTAGE, Reason: Bus voltage below threshold: 0.18 < 25.50
2025-07-11 04:29:38,490 - INFO - [AUDIT] - Decision: RECOVER_EPS, Reason: Critical voltage, Mode: Nominal
2025-07-11 04:29:38,490 - INFO - [AUDIT] - Rule Activated: CRITICAL_VOLTAGE, Reason: Bus voltage below threshold: 0.18 < 25.50
2025-07-11 04:29:38,490 - INFO - [AUDIT] - Decision: RECOVER_EPS, Reason: Critical voltage, Mode: Nominal
2025-07-11 04:29:38,490 - INFO - [AUDIT] - Rule Activated: CRITICAL_VOLTAGE, Reason: Bus voltage below threshold: 0.18 < 25.50
2025-07-11 04:29:38,491 - INFO - [AUDIT] - Decision: RECOVER_EPS, Reason: Critical voltage, Mode: Nominal
2025-07-11 04:29:38,491 - INFO - [AUDIT] - Rule Activated: CRITICAL_VOLTAGE, Reason: Bus voltage below threshold: 0.18 < 25.50
2025-07-11 04:29:38,491 - INFO - [AUDIT] - Decision: RECOVER_EPS, Reason: Critical voltage, Mode: Nominal
2025-07-11 04:29:38,491 - INFO - [AUDIT] - Rule Activated: CRITICAL_VOLTAGE, Reason: Bus voltage below threshold: 0.18 < 25.50
2025-07-11 04:29:38,491 - INFO - [AUDIT] - Decision: RECOVER_EPS, Reason: Critical voltage, Mode: Nominal
2025-07-11 04:29:38,491 - INFO - [AUDIT] - Rule Activated: CRITICAL_VOLTAGE, Reason: Bus voltage below threshold: 0.18 < 25.50
2025-07-11 04:29:38,491 - INFO - [AUDIT] - Decision: RECOVER_EPS, Reason: Critical voltage, Mode: Nominal
2025-07-11 04:29:38,491 - INFO - [AUDIT] - Rule Activated: CRITICAL_VOLTAGE, Reason: Bus voltage below threshold: 0.18 < 25.50
2025-07-11 04:29:38,491 - INFO - [AUDIT] - Decision: RECOVER_EPS, Reason: Critical voltage, Mode: Nominal
2025-07-11 04:29:38,491 - INFO - [AUDIT] - Rule Activated: CRITICAL_VOLTAGE, Reason: Bus voltage below threshold: 0.18 < 25.50
2025-07-11 04:29:38,491 - INFO - [AUDIT] - Decision: RECOVER_EPS, Reason: Critical voltage, Mode: Nominal
2025-07-11 04:29:38,491 - INFO - [AUDIT] - Rule Activated: CRITICAL_VOLTAGE, Reason: Bus voltage below threshold: 0.18 < 25.50
2025-07-11 04:29:38,491 - INFO - [AUDIT] - Decision: RECOVER_EPS, Reason: Critical voltage, Mode: Nominal
2025-07-11 04:29:38,492 - INFO - [AUDIT] - Rule Activated: CRITICAL_VOLTAGE, Reason: Bus voltage below threshold: 0.18 < 25.50
2025-07-11 04:29:38,492 - INFO - [AUDIT] - Decision: RECOVER_EPS, Reason: Critical voltage, Mode: Nominal
2025-07-11 04:29:38,492 - INFO - [AUDIT] - Rule Activated: CRITICAL_VOLTAGE, Reason: Bus voltage below threshold: 0.18 < 25.50
2025-07-11 04:29:38,492 - INFO - [AUDIT] - Decision: RECOVER_EPS, Reason: Critical voltage, Mode: Nominal
2025-07-11 04:29:38,492 - INFO - [AUDIT] - Rule Activated: CRITICAL_VOLTAGE, Reason: Bus voltage below threshold: 0.18 < 25.50
2025-07-11 04:29:38,492 - INFO - [AUDIT] - Decision: RECOVER_EPS, Reason: Critical voltage, Mode: Nominal
2025-07-11 04:29:38,492 - INFO - [AUDIT] - Rule Activated: CRITICAL_VOLTAGE, Reason: Bus voltage below threshold: 0.18 < 25.50
2025-07-11 04:29:38,492 - INFO - [AUDIT] - Decision: RECOVER_EPS, Reason: Critical voltage, Mode: Nominal
2025-07-11 04:29:38,492 - INFO - [AUDIT] - Rule Activated: CRITICAL_VOLTAGE, Reason: Bus voltage below threshold: 0.18 < 25.50
2025-07-11 04:29:38,492 - INFO - [AUDIT] - Decision: RECOVER_EPS, Reason: Critical voltage, Mode: Nominal
2025-07-11 04:29:38,493 - INFO - [AUDIT] - Rule Activated: CRITICAL_VOLTAGE, Reason: Bus voltage below threshold: 0.18 < 25.50
2025-07-11 04:29:38,493 - INFO - [AUDIT] - Decision: RECOVER_EPS, Reason: Critical voltage, Mode: Nominal
2025-07-11 04:29:38,493 - INFO - [AUDIT] - Rule Activated: CRITICAL_VOLTAGE, Reason: Bus voltage below threshold: 0.18 < 25.50
2025-07-11 04:29:38,493 - INFO - [AUDIT] - Decision: RECOVER_EPS, Reason: Critical voltage, Mode: Nominal
2025-07-11 04:29:38,493 - INFO - [AUDIT] - Rule Activated: CRITICAL_VOLTAGE, Reason: Bus voltage below threshold: 0.18 < 25.50
2025-07-11 04:29:38,493 - INFO - [AUDIT] - Decision: RECOVER_EPS, Reason: Critical voltage, Mode: Nominal
2025-07-11 04:29:38,493 - INFO - [AUDIT] - Rule Activated: CRITICAL_VOLTAGE, Reason: Bus voltage below threshold: 0.18 < 25.50
2025-07-11 04:29:38,493 - INFO - [AUDIT] - Decision: RECOVER_EPS, Reason: Critical voltage, Mode: Nominal
2025-07-11 04:29:38,493 - INFO - [AUDIT] - Rule Activated: CRITICAL_VOLTAGE, Reason: Bus voltage below threshold: 0.18 < 25.50
2025-07-11 04:29:38,494 - INFO - [AUDIT] - Decision: RECOVER_EPS, Reason: Critical voltage, Mode: Nominal
2025-07-11 04:29:38,494 - INFO - [AUDIT] - Rule Activated: CRITICAL_VOLTAGE, Reason: Bus voltage below threshold: 0.18 < 25.50
2025-07-11 04:29:38,494 - INFO - [AUDIT] - Decision: RECOVER_EPS, Reason: Critical voltage, Mode: Nominal
2025-07-11 04:29:38,494 - INFO - [AUDIT] - Rule Activated: CRITICAL_VOLTAGE, Reason: Bus voltage below threshold: 0.18 < 25.50
2025-07-11 04:29:38,494 - INFO - [AUDIT] - Decision: RECOVER_EPS, Reason: Critical voltage, Mode: Nominal
2025-07-11 04:29:38,494 - INFO - [AUDIT] - Rule Activated: CRITICAL_VOLTAGE, Reason: Bus voltage below threshold: 0.18 < 25.50
2025-07-11 04:29:38,494 - INFO - [AUDIT] - Decision: RECOVER_EPS, Reason: Critical voltage, Mode: Nominal
2025-07-11 04:29:38,494 - INFO - [AUDIT] - Rule Activated: CRITICAL_VOLTAGE, Reason: Bus voltage below threshold: 0.18 < 25.50
2025-07-11 04:29:38,494 - INFO - [AUDIT] - Decision: RECOVER_EPS, Reason: Critical voltage, Mode: Nominal
2025-07-11 04:29:38,494 - INFO - [AUDIT] - Rule Activated: CRITICAL_VOLTAGE, Reason: Bus voltage below threshold: 0.18 < 25.50
2025-07-11 04:29:38,494 - INFO - [AUDIT] - Decision: RECOVER_EPS, Reason: Critical voltage, Mode: Nominal
2025-07-11 04:29:38,494 - INFO - [AUDIT] - Rule Activated: CRITICAL_VOLTAGE, Reason: Bus voltage below threshold: 0.18 < 25.50
2025-07-11 04:29:38,494 - INFO - [AUDIT] - Decision: RECOVER_EPS, Reason: Critical voltage, Mode: Nominal
2025-07-11 04:29:38,495 - INFO - [AUDIT] - Rule Activated: CRITICAL_VOLTAGE, Reason: Bus voltage below threshold: 0.18 < 25.50
2025-07-11 04:29:38,495 - INFO - [AUDIT] - Decision: RECOVER_EPS, Reason: Critical voltage, Mode: Nominal
2025-07-11 04:29:38,495 - INFO - [AUDIT] - Rule Activated: CRITICAL_VOLTAGE, Reason: Bus voltage below threshold: 0.18 < 25.50
2025-07-11 04:29:38,495 - INFO - [AUDIT] - Decision: RECOVER_EPS, Reason: Critical voltage, Mode: Nominal
2025-07-11 04:29:38,495 - INFO - [AUDIT] - Rule Activated: CRITICAL_VOLTAGE, Reason: Bus voltage below threshold: 0.18 < 25.50
2025-07-11 04:29:38,495 - INFO - [AUDIT] - Decision: RECOVER_EPS, Reason: Critical voltage, Mode: Nominal
2025-07-11 04:29:38,495 - INFO - [AUDIT] - Rule Activated: CRITICAL_VOLTAGE, Reason: Bus voltage below threshold: 0.18 < 25.50
2025-07-11 04:29:38,495 - INFO - [AUDIT] - Decision: RECOVER_EPS, Reason: Critical voltage, Mode: Nominal
2025-07-11 04:29:38,495 - INFO - [AUDIT] - Rule Activated: CRITICAL_VOLTAGE, Reason: Bus voltage below threshold: 0.18 < 25.50
2025-07-11 04:29:38,495 - INFO - [AUDIT] - Decision: RECOVER_EPS, Reason: Critical voltage, Mode: Nominal
2025-07-11 04:29:38,495 - INFO - [AUDIT] - Rule Activated: CRITICAL_VOLTAGE, Reason: Bus voltage below threshold: 0.18 < 25.50
2025-07-11 04:29:38,495 - INFO - [AUDIT] - Decision: RECOVER_EPS, Reason: Critical voltage, Mode: Nominal
2025-07-11 04:29:38,495 - INFO - [AUDIT] - Rule Activated: CRITICAL_VOLTAGE, Reason: Bus voltage below threshold: 0.18 < 25.50
2025-07-11 04:29:38,496 - INFO - [AUDIT] - Decision: RECOVER_EPS, Reason: Critical voltage, Mode: Nominal
2025-07-11 04:29:38,496 - INFO - [AUDIT] - Rule Activated: CRITICAL_VOLTAGE, Reason: Bus voltage below threshold: 0.18 < 25.50
2025-07-11 04:29:38,496 - INFO - [AUDIT] - Decision: RECOVER_EPS, Reason: Critical voltage, Mode: Nominal
2025-07-11 04:29:38,496 - INFO - [AUDIT] - Rule Activated: CRITICAL_VOLTAGE, Reason: Bus voltage below threshold: 0.18 < 25.50
2025-07-11 04:29:38,496 - INFO - [AUDIT] - Decision: RECOVER_EPS, Reason: Critical voltage, Mode: Nominal
2025-07-11 04:29:38,496 - INFO - [AUDIT] - Rule Activated: CRITICAL_VOLTAGE, Reason: Bus voltage below threshold: 0.00 < 25.50
2025-07-11 04:29:38,496 - INFO - [AUDIT] - Decision: RECOVER_EPS, Reason: Critical voltage, Mode: Nominal
2025-07-11 04:29:38,497 - INFO - [AUDIT] - Rule Activated: CRITICAL_VOLTAGE, Reason: Bus voltage below threshold: 0.18 < 25.50
2025-07-11 04:29:38,497 - INFO - [AUDIT] - Decision: RECOVER_EPS, Reason: Critical voltage, Mode: Nominal
2025-07-11 04:29:38,497 - INFO - [AUDIT] - Rule Activated: CRITICAL_VOLTAGE, Reason: Bus voltage below threshold: 0.18 < 25.50
2025-07-11 04:29:38,497 - INFO - [AUDIT] - Decision: RECOVER_EPS, Reason: Critical voltage, Mode: Nominal
2025-07-11 04:29:38,497 - INFO - [AUDIT] - Rule Activated: CRITICAL_VOLTAGE, Reason: Bus voltage below threshold: 0.18 < 25.50
2025-07-11 04:29:38,497 - INFO - [AUDIT] - Decision: RECOVER_EPS, Reason: Critical voltage, Mode: Nominal
2025-07-11 04:29:38,497 - INFO - [AUDIT] - Rule Activated: CRITICAL_VOLTAGE, Reason: Bus voltage below threshold: 0.18 < 25.50
2025-07-11 04:29:38,497 - INFO - [AUDIT] - Decision: RECOVER_EPS, Reason: Critical voltage, Mode: Nominal
2025-07-11 04:29:38,497 - INFO - [AUDIT] - Rule Activated: CRITICAL_VOLTAGE, Reason: Bus voltage below threshold: 0.18 < 25.50
2025-07-11 04:29:38,497 - INFO - [AUDIT] - Decision: RECOVER_EPS, Reason: Critical voltage, Mode: Nominal
2025-07-11 04:29:38,498 - INFO - [AUDIT] - Rule Activated: CRITICAL_VOLTAGE, Reason: Bus voltage below threshold: 0.18 < 25.50
2025-07-11 04:29:38,498 - INFO - [AUDIT] - Decision: RECOVER_EPS, Reason: Critical voltage, Mode: Nominal
2025-07-11 04:29:38,498 - INFO - [AUDIT] - Rule Activated: CRITICAL_VOLTAGE, Reason: Bus voltage below threshold: 0.18 < 25.50
2025-07-11 04:29:38,498 - INFO - [AUDIT] - Decision: RECOVER_EPS, Reason: Critical voltage, Mode: Nominal
2025-07-11 04:29:38,498 - INFO - [AUDIT] - Rule Activated: CRITICAL_VOLTAGE, Reason: Bus voltage below threshold: 0.18 < 25.50
2025-07-11 04:29:38,498 - INFO - [AUDIT] - Decision: RECOVER_EPS, Reason: Critical voltage, Mode: Nominal
2025-07-11 04:29:38,498 - INFO - [AUDIT] - Rule Activated: CRITICAL_VOLTAGE, Reason: Bus voltage below threshold: 0.18 < 25.50
2025-07-11 04:29:38,498 - INFO - [AUDIT] - Decision: RECOVER_EPS, Reason: Critical voltage, Mode: Nominal
2025-07-11 04:29:38,498 - INFO - [AUDIT] - Rule Activated: CRITICAL_VOLTAGE, Reason: Bus voltage below threshold: 0.18 < 25.50
2025-07-11 04:29:38,498 - INFO - [AUDIT] - Decision: RECOVER_EPS, Reason: Critical voltage, Mode: Nominal
2025-07-11 04:29:38,498 - INFO - [AUDIT] - Rule Activated: CRITICAL_VOLTAGE, Reason: Bus voltage below threshold: 0.18 < 25.50
2025-07-11 04:29:38,498 - INFO - [AUDIT] - Decision: RECOVER_EPS, Reason: Critical voltage, Mode: Nominal
2025-07-11 04:29:38,499 - INFO - [AUDIT] - Rule Activated: CRITICAL_VOLTAGE, Reason: Bus voltage below threshold: 0.18 < 25.50
2025-07-11 04:29:38,499 - INFO - [AUDIT] - Decision: RECOVER_EPS, Reason: Critical voltage, Mode: Nominal
2025-07-11 04:29:38,499 - INFO - [AUDIT] - Rule Activated: CRITICAL_VOLTAGE, Reason: Bus voltage below threshold: 0.18 < 25.50
2025-07-11 04:29:38,499 - INFO - [AUDIT] - Decision: RECOVER_EPS, Reason: Critical voltage, Mode: Nominal
2025-07-11 04:29:38,499 - INFO - [AUDIT] - Rule Activated: CRITICAL_VOLTAGE, Reason: Bus voltage below threshold: 0.18 < 25.50
2025-07-11 04:29:38,499 - INFO - [AUDIT] - Decision: RECOVER_EPS, Reason: Critical voltage, Mode: Nominal
2025-07-11 04:29:38,499 - INFO - [AUDIT] - Rule Activated: CRITICAL_VOLTAGE, Reason: Bus voltage below threshold: 0.18 < 25.50
2025-07-11 04:29:38,499 - INFO - [AUDIT] - Decision: RECOVER_EPS, Reason: Critical voltage, Mode: Nominal
2025-07-11 04:29:38,499 - INFO - [AUDIT] - Rule Activated: CRITICAL_VOLTAGE, Reason: Bus voltage below threshold: 0.18 < 25.50
2025-07-11 04:29:38,499 - INFO - [AUDIT] - Decision: RECOVER_EPS, Reason: Critical voltage, Mode: Nominal
2025-07-11 04:29:38,499 - INFO - [AUDIT] - Rule Activated: CRITICAL_VOLTAGE, Reason: Bus voltage below threshold: 0.18 < 25.50
2025-07-11 04:29:38,499 - INFO - [AUDIT] - Decision: RECOVER_EPS, Reason: Critical voltage, Mode: Nominal
2025-07-11 04:29:38,499 - INFO - [AUDIT] - Rule Activated: CRITICAL_VOLTAGE, Reason: Bus voltage below threshold: 0.18 < 25.50
2025-07-11 04:29:38,500 - INFO - [AUDIT] - Decision: RECOVER_EPS, Reason: Critical voltage, Mode: Nominal
2025-07-11 04:29:38,500 - INFO - [AUDIT] - Rule Activated: CRITICAL_VOLTAGE, Reason: Bus voltage below threshold: 0.18 < 25.50
2025-07-11 04:29:38,500 - INFO - [AUDIT] - Decision: RECOVER_EPS, Reason: Critical voltage, Mode: Nominal
2025-07-11 04:29:38,500 - INFO - [AUDIT] - Rule Activated: CRITICAL_VOLTAGE, Reason: Bus voltage below threshold: 0.18 < 25.50
2025-07-11 04:29:38,500 - INFO - [AUDIT] - Decision: RECOVER_EPS, Reason: Critical voltage, Mode: Nominal
2025-07-11 04:29:38,500 - INFO - [AUDIT] - Rule Activated: CRITICAL_VOLTAGE, Reason: Bus voltage below threshold: 0.18 < 25.50
2025-07-11 04:29:38,500 - INFO - [AUDIT] - Decision: RECOVER_EPS, Reason: Critical voltage, Mode: Nominal
2025-07-11 04:29:38,500 - INFO - [AUDIT] - Rule Activated: CRITICAL_VOLTAGE, Reason: Bus voltage below threshold: 0.18 < 25.50
2025-07-11 04:29:38,500 - INFO - [AUDIT] - Decision: RECOVER_EPS, Reason: Critical voltage, Mode: Nominal
2025-07-11 04:29:38,500 - INFO - [AUDIT] - Rule Activated: CRITICAL_VOLTAGE, Reason: Bus voltage below threshold: 0.18 < 25.50
2025-07-11 04:29:38,500 - INFO - [AUDIT] - Decision: RECOVER_EPS, Reason: Critical voltage, Mode: Nominal
2025-07-11 04:29:38,500 - INFO - [AUDIT] - Rule Activated: CRITICAL_VOLTAGE, Reason: Bus voltage below threshold: 0.18 < 25.50
2025-07-11 04:29:38,500 - INFO - [AUDIT] - Decision: RECOVER_EPS, Reason: Critical voltage, Mode: Nominal
2025-07-11 04:29:38,501 - INFO - [AUDIT] - Rule Activated: CRITICAL_VOLTAGE, Reason: Bus voltage below threshold: 0.18 < 25.50
2025-07-11 04:29:38,501 - INFO - [AUDIT] - Decision: RECOVER_EPS, Reason: Critical voltage, Mode: Nominal
2025-07-11 04:29:38,501 - INFO - [AUDIT] - Rule Activated: CRITICAL_VOLTAGE, Reason: Bus voltage below threshold: 0.18 < 25.50
2025-07-11 04:29:38,501 - INFO - [AUDIT] - Decision: RECOVER_EPS, Reason: Critical voltage, Mode: Nominal
2025-07-11 04:29:38,501 - INFO - [AUDIT] - Rule Activated: CRITICAL_VOLTAGE, Reason: Bus voltage below threshold: 0.18 < 25.50
2025-07-11 04:29:38,501 - INFO - [AUDIT] - Decision: RECOVER_EPS, Reason: Critical voltage, Mode: Nominal
2025-07-11 04:29:38,501 - INFO - [AUDIT] - Rule Activated: CRITICAL_VOLTAGE, Reason: Bus voltage below threshold: 0.18 < 25.50
2025-07-11 04:29:38,501 - INFO - [AUDIT] - Decision: RECOVER_EPS, Reason: Critical voltage, Mode: Nominal
2025-07-11 04:29:38,501 - INFO - [AUDIT] - Rule Activated: CRITICAL_VOLTAGE, Reason: Bus voltage below threshold: 0.18 < 25.50
2025-07-11 04:29:38,501 - INFO - [AUDIT] - Decision: RECOVER_EPS, Reason: Critical voltage, Mode: Nominal
2025-07-11 04:29:38,502 - INFO - [AUDIT] - Rule Activated: CRITICAL_VOLTAGE, Reason: Bus voltage below threshold: 0.18 < 25.50
2025-07-11 04:29:38,502 - INFO - [AUDIT] - Decision: RECOVER_EPS, Reason: Critical voltage, Mode: Nominal
2025-07-11 04:29:38,502 - INFO - [AUDIT] - Rule Activated: CRITICAL_VOLTAGE, Reason: Bus voltage below threshold: 0.18 < 25.50
2025-07-11 04:29:38,502 - INFO - [AUDIT] - Decision: RECOVER_EPS, Reason: Critical voltage, Mode: Nominal
2025-07-11 04:29:38,502 - INFO - [AUDIT] - Rule Activated: CRITICAL_VOLTAGE, Reason: Bus voltage below threshold: 0.18 < 25.50
2025-07-11 04:29:38,502 - INFO - [AUDIT] - Decision: RECOVER_EPS, Reason: Critical voltage, Mode: Nominal
2025-07-11 04:29:38,502 - INFO - [AUDIT] - Rule Activated: CRITICAL_VOLTAGE, Reason: Bus voltage below threshold: 0.18 < 25.50
2025-07-11 04:29:38,502 - INFO - [AUDIT] - Decision: RECOVER_EPS, Reason: Critical voltage, Mode: Nominal
2025-07-11 04:29:38,502 - INFO - [AUDIT] - Rule Activated: CRITICAL_VOLTAGE, Reason: Bus voltage below threshold: 0.18 < 25.50
2025-07-11 04:29:38,502 - INFO - [AUDIT] - Decision: RECOVER_EPS, Reason: Critical voltage, Mode: Nominal
2025-07-11 04:29:38,502 - INFO - [AUDIT] - Rule Activated: CRITICAL_VOLTAGE, Reason: Bus voltage below threshold: 0.18 < 25.50
2025-07-11 04:29:38,502 - INFO - [AUDIT] - Decision: RECOVER_EPS, Reason: Critical voltage, Mode: Nominal
2025-07-11 04:29:38,503 - INFO - [AUDIT] - Rule Activated: CRITICAL_VOLTAGE, Reason: Bus voltage below threshold: 0.18 < 25.50
2025-07-11 04:29:38,503 - INFO - [AUDIT] - Decision: RECOVER_EPS, Reason: Critical voltage, Mode: Nominal
2025-07-11 04:29:38,503 - INFO - [AUDIT] - Rule Activated: CRITICAL_VOLTAGE, Reason: Bus voltage below threshold: 0.18 < 25.50
2025-07-11 04:29:38,503 - INFO - [AUDIT] - Decision: RECOVER_EPS, Reason: Critical voltage, Mode: Nominal
2025-07-11 04:29:38,503 - INFO - [AUDIT] - Rule Activated: CRITICAL_VOLTAGE, Reason: Bus voltage below threshold: 0.18 < 25.50
2025-07-11 04:29:38,503 - INFO - [AUDIT] - Decision: RECOVER_EPS, Reason: Critical voltage, Mode: Nominal
2025-07-11 04:29:38,503 - INFO - [AUDIT] - Rule Activated: CRITICAL_VOLTAGE, Reason: Bus voltage below threshold: 0.18 < 25.50
2025-07-11 04:29:38,503 - INFO - [AUDIT] - Decision: RECOVER_EPS, Reason: Critical voltage, Mode: Nominal
2025-07-11 04:29:38,503 - INFO - [AUDIT] - Rule Activated: CRITICAL_VOLTAGE, Reason: Bus voltage below threshold: 0.18 < 25.50
2025-07-11 04:29:38,503 - INFO - [AUDIT] - Decision: RECOVER_EPS, Reason: Critical voltage, Mode: Nominal
2025-07-11 04:29:38,503 - INFO - [AUDIT] - Rule Activated: CRITICAL_VOLTAGE, Reason: Bus voltage below threshold: 0.18 < 25.50
2025-07-11 04:29:38,503 - INFO - [AUDIT] - Decision: RECOVER_EPS, Reason: Critical voltage, Mode: Nominal
2025-07-11 04:29:38,504 - INFO - [AUDIT] - Rule Activated: CRITICAL_VOLTAGE, Reason: Bus voltage below threshold: 0.18 < 25.50
2025-07-11 04:29:38,504 - INFO - [AUDIT] - Decision: RECOVER_EPS, Reason: Critical voltage, Mode: Nominal
2025-07-11 04:29:38,504 - INFO - [AUDIT] - Rule Activated: CRITICAL_VOLTAGE, Reason: Bus voltage below threshold: 0.18 < 25.50
2025-07-11 04:29:38,504 - INFO - [AUDIT] - Decision: RECOVER_EPS, Reason: Critical voltage, Mode: Nominal
2025-07-11 04:29:38,504 - INFO - [AUDIT] - Rule Activated: CRITICAL_VOLTAGE, Reason: Bus voltage below threshold: 0.18 < 25.50
2025-07-11 04:29:38,504 - INFO - [AUDIT] - Decision: RECOVER_EPS, Reason: Critical voltage, Mode: Nominal
2025-07-11 04:29:38,504 - INFO - [AUDIT] - Rule Activated: CRITICAL_VOLTAGE, Reason: Bus voltage below threshold: 0.18 < 25.50
2025-07-11 04:29:38,504 - INFO - [AUDIT] - Decision: RECOVER_EPS, Reason: Critical voltage, Mode: Nominal
2025-07-11 04:29:38,504 - INFO - [AUDIT] - Rule Activated: CRITICAL_VOLTAGE, Reason: Bus voltage below threshold: 0.18 < 25.50
2025-07-11 04:29:38,504 - INFO - [AUDIT] - Decision: RECOVER_EPS, Reason: Critical voltage, Mode: Nominal
2025-07-11 04:29:38,504 - INFO - [AUDIT] - Rule Activated: CRITICAL_VOLTAGE, Reason: Bus voltage below threshold: 0.18 < 25.50
2025-07-11 04:29:38,504 - INFO - [AUDIT] - Decision: RECOVER_EPS, Reason: Critical voltage, Mode: Nominal
2025-07-11 04:29:38,504 - INFO - [AUDIT] - Rule Activated: CRITICAL_VOLTAGE, Reason: Bus voltage below threshold: 0.18 < 25.50
2025-07-11 04:29:38,504 - INFO - [AUDIT] - Decision: RECOVER_EPS, Reason: Critical voltage, Mode: Nominal
2025-07-11 04:29:38,505 - INFO - [AUDIT] - Rule Activated: CRITICAL_VOLTAGE, Reason: Bus voltage below threshold: 0.18 < 25.50
2025-07-11 04:29:38,505 - INFO - [AUDIT] - Decision: RECOVER_EPS, Reason: Critical voltage, Mode: Nominal
2025-07-11 04:29:38,505 - INFO - [AUDIT] - Rule Activated: CRITICAL_VOLTAGE, Reason: Bus voltage below threshold: 0.18 < 25.50
2025-07-11 04:29:38,505 - INFO - [AUDIT] - Decision: RECOVER_EPS, Reason: Critical voltage, Mode: Nominal
2025-07-11 04:29:38,505 - INFO - [AUDIT] - Rule Activated: CRITICAL_VOLTAGE, Reason: Bus voltage below threshold: 0.18 < 25.50
2025-07-11 04:29:38,505 - INFO - [AUDIT] - Decision: RECOVER_EPS, Reason: Critical voltage, Mode: Nominal
2025-07-11 04:29:38,505 - INFO - [AUDIT] - Rule Activated: CRITICAL_VOLTAGE, Reason: Bus voltage below threshold: 0.18 < 25.50
2025-07-11 04:29:38,505 - INFO - [AUDIT] - Decision: RECOVER_EPS, Reason: Critical voltage, Mode: Nominal
2025-07-11 04:29:38,505 - INFO - [AUDIT] - Rule Activated: CRITICAL_VOLTAGE, Reason: Bus voltage below threshold: 0.18 < 25.50
2025-07-11 04:29:38,505 - INFO - [AUDIT] - Decision: RECOVER_EPS, Reason: Critical voltage, Mode: Nominal
2025-07-11 04:29:38,505 - INFO - [AUDIT] - Rule Activated: CRITICAL_VOLTAGE, Reason: Bus voltage below threshold: 0.18 < 25.50
2025-07-11 04:29:38,505 - INFO - [AUDIT] - Decision: RECOVER_EPS, Reason: Critical voltage, Mode: Nominal
2025-07-11 04:29:38,506 - INFO - [AUDIT] - Rule Activated: CRITICAL_VOLTAGE, Reason: Bus voltage below threshold: 0.18 < 25.50
2025-07-11 04:29:38,506 - INFO - [AUDIT] - Decision: RECOVER_EPS, Reason: Critical voltage, Mode: Nominal
2025-07-11 04:29:38,506 - INFO - [AUDIT] - Rule Activated: CRITICAL_VOLTAGE, Reason: Bus voltage below threshold: 0.18 < 25.50
2025-07-11 04:29:38,506 - INFO - [AUDIT] - Decision: RECOVER_EPS, Reason: Critical voltage, Mode: Nominal
2025-07-11 04:29:38,506 - INFO - [AUDIT] - Rule Activated: CRITICAL_VOLTAGE, Reason: Bus voltage below threshold: 0.18 < 25.50
2025-07-11 04:29:38,506 - INFO - [AUDIT] - Decision: RECOVER_EPS, Reason: Critical voltage, Mode: Nominal
2025-07-11 04:29:38,506 - INFO - [AUDIT] - Rule Activated: CRITICAL_VOLTAGE, Reason: Bus voltage below threshold: 0.18 < 25.50
2025-07-11 04:29:38,506 - INFO - [AUDIT] - Decision: RECOVER_EPS, Reason: Critical voltage, Mode: Nominal
2025-07-11 04:29:38,506 - INFO - [AUDIT] - Rule Activated: CRITICAL_VOLTAGE, Reason: Bus voltage below threshold: 0.18 < 25.50
2025-07-11 04:29:38,506 - INFO - [AUDIT] - Decision: RECOVER_EPS, Reason: Critical voltage, Mode: Nominal
2025-07-11 04:29:38,507 - INFO - [AUDIT] - Rule Activated: CRITICAL_VOLTAGE, Reason: Bus voltage below threshold: 0.18 < 25.50
2025-07-11 04:29:38,507 - INFO - [AUDIT] - Decision: RECOVER_EPS, Reason: Critical voltage, Mode: Nominal
2025-07-11 04:29:38,507 - INFO - [AUDIT] - Rule Activated: CRITICAL_VOLTAGE, Reason: Bus voltage below threshold: 0.18 < 25.50
2025-07-11 04:29:38,507 - INFO - [AUDIT] - Decision: RECOVER_EPS, Reason: Critical voltage, Mode: Nominal
2025-07-11 04:29:38,507 - INFO - [AUDIT] - Rule Activated: CRITICAL_VOLTAGE, Reason: Bus voltage below threshold: 0.18 < 25.50
2025-07-11 04:29:38,507 - INFO - [AUDIT] - Decision: RECOVER_EPS, Reason: Critical voltage, Mode: Nominal
2025-07-11 04:29:38,507 - INFO - [AUDIT] - Rule Activated: CRITICAL_VOLTAGE, Reason: Bus voltage below threshold: 0.18 < 25.50
2025-07-11 04:29:38,507 - INFO - [AUDIT] - Decision: RECOVER_EPS, Reason: Critical voltage, Mode: Nominal
2025-07-11 04:29:38,507 - INFO - [AUDIT] - Rule Activated: CRITICAL_VOLTAGE, Reason: Bus voltage below threshold: 0.18 < 25.50
2025-07-11 04:29:38,507 - INFO - [AUDIT] - Decision: RECOVER_EPS, Reason: Critical voltage, Mode: Nominal
2025-07-11 04:29:38,507 - INFO - [AUDIT] - Rule Activated: CRITICAL_VOLTAGE, Reason: Bus voltage below threshold: 0.18 < 25.50
2025-07-11 04:29:38,507 - INFO - [AUDIT] - Decision: RECOVER_EPS, Reason: Critical voltage, Mode: Nominal
2025-07-11 04:29:38,508 - INFO - [AUDIT] - Rule Activated: CRITICAL_VOLTAGE, Reason: Bus voltage below threshold: 0.18 < 25.50
2025-07-11 04:29:38,508 - INFO - [AUDIT] - Decision: RECOVER_EPS, Reason: Critical voltage, Mode: Nominal
2025-07-11 04:29:38,508 - INFO - [AUDIT] - Rule Activated: CRITICAL_VOLTAGE, Reason: Bus voltage below threshold: 0.18 < 25.50
2025-07-11 04:29:38,508 - INFO - [AUDIT] - Decision: RECOVER_EPS, Reason: Critical voltage, Mode: Nominal
2025-07-11 04:29:38,508 - INFO - [AUDIT] - Rule Activated: CRITICAL_VOLTAGE, Reason: Bus voltage below threshold: 0.18 < 25.50
2025-07-11 04:29:38,508 - INFO - [AUDIT] - Decision: RECOVER_EPS, Reason: Critical voltage, Mode: Nominal
2025-07-11 04:29:38,508 - INFO - [AUDIT] - Rule Activated: CRITICAL_VOLTAGE, Reason: Bus voltage below threshold: 0.18 < 25.50
2025-07-11 04:29:38,508 - INFO - [AUDIT] - Decision: RECOVER_EPS, Reason: Critical voltage, Mode: Nominal
2025-07-11 04:29:38,508 - INFO - [AUDIT] - Rule Activated: CRITICAL_VOLTAGE, Reason: Bus voltage below threshold: 0.18 < 25.50
2025-07-11 04:29:38,508 - INFO - [AUDIT] - Decision: RECOVER_EPS, Reason: Critical voltage, Mode: Nominal
2025-07-11 04:29:38,508 - INFO - [AUDIT] - Rule Activated: CRITICAL_VOLTAGE, Reason: Bus voltage below threshold: 0.18 < 25.50
2025-07-11 04:29:38,509 - INFO - [AUDIT] - Decision: RECOVER_EPS, Reason: Critical voltage, Mode: Nominal
2025-07-11 04:29:38,509 - INFO - [AUDIT] - Rule Activated: CRITICAL_VOLTAGE, Reason: Bus voltage below threshold: 0.18 < 25.50
2025-07-11 04:29:38,509 - INFO - [AUDIT] - Decision: RECOVER_EPS, Reason: Critical voltage, Mode: Nominal
2025-07-11 04:29:38,509 - INFO - [AUDIT] - Rule Activated: CRITICAL_VOLTAGE, Reason: Bus voltage below threshold: 0.18 < 25.50
2025-07-11 04:29:38,509 - INFO - [AUDIT] - Decision: RECOVER_EPS, Reason: Critical voltage, Mode: Nominal
2025-07-11 04:29:38,509 - INFO - [AUDIT] - Rule Activated: CRITICAL_VOLTAGE, Reason: Bus voltage below threshold: 0.18 < 25.50
2025-07-11 04:29:38,509 - INFO - [AUDIT] - Decision: RECOVER_EPS, Reason: Critical voltage, Mode: Nominal
2025-07-11 04:29:38,509 - INFO - [AUDIT] - Rule Activated: CRITICAL_VOLTAGE, Reason: Bus voltage below threshold: 0.18 < 25.50
2025-07-11 04:29:38,509 - INFO - [AUDIT] - Decision: RECOVER_EPS, Reason: Critical voltage, Mode: Nominal
2025-07-11 04:29:38,509 - INFO - [AUDIT] - Rule Activated: CRITICAL_VOLTAGE, Reason: Bus voltage below threshold: 0.18 < 25.50
2025-07-11 04:29:38,509 - INFO - [AUDIT] - Decision: RECOVER_EPS, Reason: Critical voltage, Mode: Nominal
2025-07-11 04:29:38,509 - INFO - [AUDIT] - Rule Activated: CRITICAL_VOLTAGE, Reason: Bus voltage below threshold: 0.18 < 25.50
2025-07-11 04:29:38,509 - INFO - [AUDIT] - Decision: RECOVER_EPS, Reason: Critical voltage, Mode: Nominal
2025-07-11 04:29:38,510 - INFO - [AUDIT] - Rule Activated: CRITICAL_VOLTAGE, Reason: Bus voltage below threshold: 0.18 < 25.50
2025-07-11 04:29:38,510 - INFO - [AUDIT] - Decision: RECOVER_EPS, Reason: Critical voltage, Mode: Nominal
2025-07-11 04:29:38,510 - INFO - [AUDIT] - Rule Activated: CRITICAL_VOLTAGE, Reason: Bus voltage below threshold: 0.18 < 25.50
2025-07-11 04:29:38,510 - INFO - [AUDIT] - Decision: RECOVER_EPS, Reason: Critical voltage, Mode: Nominal
2025-07-11 04:29:38,510 - INFO - [AUDIT] - Rule Activated: CRITICAL_VOLTAGE, Reason: Bus voltage below threshold: 0.18 < 25.50
2025-07-11 04:29:38,510 - INFO - [AUDIT] - Decision: RECOVER_EPS, Reason: Critical voltage, Mode: Nominal
2025-07-11 04:29:38,510 - INFO - [AUDIT] - Rule Activated: CRITICAL_VOLTAGE, Reason: Bus voltage below threshold: 0.18 < 25.50
2025-07-11 04:29:38,510 - INFO - [AUDIT] - Decision: RECOVER_EPS, Reason: Critical voltage, Mode: Nominal
2025-07-11 04:29:38,510 - INFO - [AUDIT] - Rule Activated: CRITICAL_VOLTAGE, Reason: Bus voltage below threshold: 0.18 < 25.50
2025-07-11 04:29:38,510 - INFO - [AUDIT] - Decision: RECOVER_EPS, Reason: Critical voltage, Mode: Nominal
2025-07-11 04:29:38,510 - INFO - [AUDIT] - Rule Activated: CRITICAL_VOLTAGE, Reason: Bus voltage below threshold: 0.18 < 25.50
2025-07-11 04:29:38,510 - INFO - [AUDIT] - Decision: RECOVER_EPS, Reason: Critical voltage, Mode: Nominal
2025-07-11 04:29:38,511 - INFO - [AUDIT] - Rule Activated: CRITICAL_VOLTAGE, Reason: Bus voltage below threshold: 0.18 < 25.50
2025-07-11 04:29:38,511 - INFO - [AUDIT] - Decision: RECOVER_EPS, Reason: Critical voltage, Mode: Nominal
2025-07-11 04:29:38,511 - INFO - [AUDIT] - Rule Activated: CRITICAL_VOLTAGE, Reason: Bus voltage below threshold: 0.18 < 25.50
2025-07-11 04:29:38,511 - INFO - [AUDIT] - Decision: RECOVER_EPS, Reason: Critical voltage, Mode: Nominal
2025-07-11 04:29:38,511 - INFO - [AUDIT] - Rule Activated: CRITICAL_VOLTAGE, Reason: Bus voltage below threshold: 0.18 < 25.50
2025-07-11 04:29:38,511 - INFO - [AUDIT] - Decision: RECOVER_EPS, Reason: Critical voltage, Mode: Nominal
2025-07-11 04:29:38,511 - INFO - [AUDIT] - Rule Activated: CRITICAL_VOLTAGE, Reason: Bus voltage below threshold: 0.18 < 25.50
2025-07-11 04:29:38,511 - INFO - [AUDIT] - Decision: RECOVER_EPS, Reason: Critical voltage, Mode: Nominal
2025-07-11 04:29:38,511 - INFO - [AUDIT] - Rule Activated: CRITICAL_VOLTAGE, Reason: Bus voltage below threshold: 0.18 < 25.50
2025-07-11 04:29:38,512 - INFO - [AUDIT] - Decision: RECOVER_EPS, Reason: Critical voltage, Mode: Nominal
2025-07-11 04:29:38,512 - INFO - [AUDIT] - Rule Activated: CRITICAL_VOLTAGE, Reason: Bus voltage below threshold: 0.18 < 25.50
2025-07-11 04:29:38,512 - INFO - [AUDIT] - Decision: RECOVER_EPS, Reason: Critical voltage, Mode: Nominal
2025-07-11 04:29:38,512 - INFO - [AUDIT] - Rule Activated: CRITICAL_VOLTAGE, Reason: Bus voltage below threshold: 0.18 < 25.50
2025-07-11 04:29:38,512 - INFO - [AUDIT] - Decision: RECOVER_EPS, Reason: Critical voltage, Mode: Nominal
2025-07-11 04:29:38,512 - INFO - [AUDIT] - Rule Activated: CRITICAL_VOLTAGE, Reason: Bus voltage below threshold: 0.18 < 25.50
2025-07-11 04:29:38,512 - INFO - [AUDIT] - Decision: RECOVER_EPS, Reason: Critical voltage, Mode: Nominal
2025-07-11 04:29:38,512 - INFO - [AUDIT] - Rule Activated: CRITICAL_VOLTAGE, Reason: Bus voltage below threshold: 0.18 < 25.50
2025-07-11 04:29:38,512 - INFO - [AUDIT] - Decision: RECOVER_EPS, Reason: Critical voltage, Mode: Nominal
2025-07-11 04:29:38,513 - INFO - [AUDIT] - Rule Activated: CRITICAL_VOLTAGE, Reason: Bus voltage below threshold: 0.18 < 25.50
2025-07-11 04:29:38,513 - INFO - [AUDIT] - Decision: RECOVER_EPS, Reason: Critical voltage, Mode: Nominal
2025-07-11 04:29:38,513 - INFO - [AUDIT] - Rule Activated: CRITICAL_VOLTAGE, Reason: Bus voltage below threshold: 0.18 < 25.50
2025-07-11 04:29:38,513 - INFO - [AUDIT] - Decision: RECOVER_EPS, Reason: Critical voltage, Mode: Nominal
2025-07-11 04:29:38,513 - INFO - [AUDIT] - Rule Activated: CRITICAL_VOLTAGE, Reason: Bus voltage below threshold: 0.18 < 25.50
2025-07-11 04:29:38,513 - INFO - [AUDIT] - Decision: RECOVER_EPS, Reason: Critical voltage, Mode: Nominal
2025-07-11 04:29:38,513 - INFO - [AUDIT] - Rule Activated: CRITICAL_VOLTAGE, Reason: Bus voltage below threshold: 0.18 < 25.50
2025-07-11 04:29:38,513 - INFO - [AUDIT] - Decision: RECOVER_EPS, Reason: Critical voltage, Mode: Nominal
2025-07-11 04:29:38,513 - INFO - [AUDIT] - Rule Activated: CRITICAL_VOLTAGE, Reason: Bus voltage below threshold: 0.18 < 25.50
2025-07-11 04:29:38,513 - INFO - [AUDIT] - Decision: RECOVER_EPS, Reason: Critical voltage, Mode: Nominal
2025-07-11 04:29:38,513 - INFO - [AUDIT] - Rule Activated: CRITICAL_VOLTAGE, Reason: Bus voltage below threshold: 0.18 < 25.50
2025-07-11 04:29:38,513 - INFO - [AUDIT] - Decision: RECOVER_EPS, Reason: Critical voltage, Mode: Nominal
2025-07-11 04:29:38,514 - INFO - [AUDIT] - Rule Activated: CRITICAL_VOLTAGE, Reason: Bus voltage below threshold: 0.18 < 25.50
2025-07-11 04:29:38,514 - INFO - [AUDIT] - Decision: RECOVER_EPS, Reason: Critical voltage, Mode: Nominal
2025-07-11 04:29:38,514 - INFO - [AUDIT] - Rule Activated: CRITICAL_VOLTAGE, Reason: Bus voltage below threshold: 0.18 < 25.50
2025-07-11 04:29:38,514 - INFO - [AUDIT] - Decision: RECOVER_EPS, Reason: Critical voltage, Mode: Nominal
2025-07-11 04:29:38,514 - INFO - [AUDIT] - Rule Activated: CRITICAL_VOLTAGE, Reason: Bus voltage below threshold: 0.18 < 25.50
2025-07-11 04:29:38,514 - INFO - [AUDIT] - Decision: RECOVER_EPS, Reason: Critical voltage, Mode: Nominal
2025-07-11 04:29:38,514 - INFO - [AUDIT] - Rule Activated: CRITICAL_VOLTAGE, Reason: Bus voltage below threshold: 0.18 < 25.50
2025-07-11 04:29:38,514 - INFO - [AUDIT] - Decision: RECOVER_EPS, Reason: Critical voltage, Mode: Nominal
2025-07-11 04:29:38,514 - INFO - [AUDIT] - Rule Activated: CRITICAL_VOLTAGE, Reason: Bus voltage below threshold: 0.18 < 25.50
2025-07-11 04:29:38,514 - INFO - [AUDIT] - Decision: RECOVER_EPS, Reason: Critical voltage, Mode: Nominal
2025-07-11 04:29:38,514 - INFO - [AUDIT] - Rule Activated: CRITICAL_VOLTAGE, Reason: Bus voltage below threshold: 0.18 < 25.50
2025-07-11 04:29:38,514 - INFO - [AUDIT] - Decision: RECOVER_EPS, Reason: Critical voltage, Mode: Nominal
2025-07-11 04:29:38,515 - INFO - [AUDIT] - Rule Activated: CRITICAL_VOLTAGE, Reason: Bus voltage below threshold: 0.18 < 25.50
2025-07-11 04:29:38,515 - INFO - [AUDIT] - Decision: RECOVER_EPS, Reason: Critical voltage, Mode: Nominal
2025-07-11 04:29:38,515 - INFO - [AUDIT] - Rule Activated: CRITICAL_VOLTAGE, Reason: Bus voltage below threshold: 0.18 < 25.50
2025-07-11 04:29:38,515 - INFO - [AUDIT] - Decision: RECOVER_EPS, Reason: Critical voltage, Mode: Nominal
2025-07-11 04:29:38,515 - INFO - [AUDIT] - Rule Activated: CRITICAL_VOLTAGE, Reason: Bus voltage below threshold: 0.18 < 25.50
2025-07-11 04:29:38,515 - INFO - [AUDIT] - Decision: RECOVER_EPS, Reason: Critical voltage, Mode: Nominal
2025-07-11 04:29:38,515 - INFO - [AUDIT] - Rule Activated: CRITICAL_VOLTAGE, Reason: Bus voltage below threshold: 0.18 < 25.50
2025-07-11 04:29:38,515 - INFO - [AUDIT] - Decision: RECOVER_EPS, Reason: Critical voltage, Mode: Nominal
2025-07-11 04:29:38,515 - INFO - [AUDIT] - Rule Activated: CRITICAL_VOLTAGE, Reason: Bus voltage below threshold: 0.18 < 25.50
2025-07-11 04:29:38,515 - INFO - [AUDIT] - Decision: RECOVER_EPS, Reason: Critical voltage, Mode: Nominal
2025-07-11 04:29:38,515 - INFO - [AUDIT] - Rule Activated: CRITICAL_VOLTAGE, Reason: Bus voltage below threshold: 0.18 < 25.50
2025-07-11 04:29:38,515 - INFO - [AUDIT] - Decision: RECOVER_EPS, Reason: Critical voltage, Mode: Nominal
2025-07-11 04:29:38,516 - INFO - [AUDIT] - Rule Activated: CRITICAL_VOLTAGE, Reason: Bus voltage below threshold: 0.18 < 25.50
2025-07-11 04:29:38,516 - INFO - [AUDIT] - Decision: RECOVER_EPS, Reason: Critical voltage, Mode: Nominal
2025-07-11 04:29:38,516 - INFO - [AUDIT] - Rule Activated: CRITICAL_VOLTAGE, Reason: Bus voltage below threshold: 0.18 < 25.50
2025-07-11 04:29:38,516 - INFO - [AUDIT] - Decision: RECOVER_EPS, Reason: Critical voltage, Mode: Nominal
2025-07-11 04:29:38,516 - INFO - [AUDIT] - Rule Activated: CRITICAL_VOLTAGE, Reason: Bus voltage below threshold: 0.18 < 25.50
2025-07-11 04:29:38,516 - INFO - [AUDIT] - Decision: RECOVER_EPS, Reason: Critical voltage, Mode: Nominal
2025-07-11 04:29:38,516 - INFO - [AUDIT] - Rule Activated: CRITICAL_VOLTAGE, Reason: Bus voltage below threshold: 0.18 < 25.50
2025-07-11 04:29:38,516 - INFO - [AUDIT] - Decision: RECOVER_EPS, Reason: Critical voltage, Mode: Nominal
2025-07-11 04:29:38,516 - INFO - [AUDIT] - Rule Activated: CRITICAL_VOLTAGE, Reason: Bus voltage below threshold: 0.18 < 25.50
2025-07-11 04:29:38,516 - INFO - [AUDIT] - Decision: RECOVER_EPS, Reason: Critical voltage, Mode: Nominal
2025-07-11 04:29:38,516 - INFO - [AUDIT] - Rule Activated: CRITICAL_VOLTAGE, Reason: Bus voltage below threshold: 0.18 < 25.50
2025-07-11 04:29:38,516 - INFO - [AUDIT] - Decision: RECOVER_EPS, Reason: Critical voltage, Mode: Nominal
2025-07-11 04:29:38,517 - INFO - [AUDIT] - Rule Activated: CRITICAL_VOLTAGE, Reason: Bus voltage below threshold: 0.18 < 25.50
2025-07-11 04:29:38,517 - INFO - [AUDIT] - Decision: RECOVER_EPS, Reason: Critical voltage, Mode: Nominal
2025-07-11 04:29:38,517 - INFO - [AUDIT] - Rule Activated: CRITICAL_VOLTAGE, Reason: Bus voltage below threshold: 0.18 < 25.50
2025-07-11 04:29:38,517 - INFO - [AUDIT] - Decision: RECOVER_EPS, Reason: Critical voltage, Mode: Nominal
2025-07-11 04:29:38,517 - INFO - [AUDIT] - Rule Activated: CRITICAL_VOLTAGE, Reason: Bus voltage below threshold: 0.18 < 25.50
2025-07-11 04:29:38,517 - INFO - [AUDIT] - Decision: RECOVER_EPS, Reason: Critical voltage, Mode: Nominal
2025-07-11 04:29:38,517 - INFO - [AUDIT] - Rule Activated: CRITICAL_VOLTAGE, Reason: Bus voltage below threshold: 0.18 < 25.50
2025-07-11 04:29:38,517 - INFO - [AUDIT] - Decision: RECOVER_EPS, Reason: Critical voltage, Mode: Nominal
2025-07-11 04:29:38,517 - INFO - [AUDIT] - Rule Activated: CRITICAL_VOLTAGE, Reason: Bus voltage below threshold: 0.18 < 25.50
2025-07-11 04:29:38,517 - INFO - [AUDIT] - Decision: RECOVER_EPS, Reason: Critical voltage, Mode: Nominal
2025-07-11 04:29:38,517 - INFO - [AUDIT] - Rule Activated: CRITICAL_VOLTAGE, Reason: Bus voltage below threshold: 0.18 < 25.50
2025-07-11 04:29:38,517 - INFO - [AUDIT] - Decision: RECOVER_EPS, Reason: Critical voltage, Mode: Nominal
2025-07-11 04:29:38,518 - INFO - [AUDIT] - Rule Activated: CRITICAL_VOLTAGE, Reason: Bus voltage below threshold: 0.18 < 25.50
2025-07-11 04:29:38,518 - INFO - [AUDIT] - Decision: RECOVER_EPS, Reason: Critical voltage, Mode: Nominal
2025-07-11 04:29:38,518 - INFO - [AUDIT] - Rule Activated: CRITICAL_VOLTAGE, Reason: Bus voltage below threshold: 0.18 < 25.50
2025-07-11 04:29:38,518 - INFO - [AUDIT] - Decision: RECOVER_EPS, Reason: Critical voltage, Mode: Nominal
2025-07-11 04:29:38,518 - INFO - [AUDIT] - Rule Activated: CRITICAL_VOLTAGE, Reason: Bus voltage below threshold: 0.18 < 25.50
2025-07-11 04:29:38,518 - INFO - [AUDIT] - Decision: RECOVER_EPS, Reason: Critical voltage, Mode: Nominal
2025-07-11 04:29:38,518 - INFO - [AUDIT] - Rule Activated: CRITICAL_VOLTAGE, Reason: Bus voltage below threshold: 0.18 < 25.50
2025-07-11 04:29:38,518 - INFO - [AUDIT] - Decision: RECOVER_EPS, Reason: Critical voltage, Mode: Nominal
2025-07-11 04:29:38,518 - INFO - [AUDIT] - Rule Activated: CRITICAL_VOLTAGE, Reason: Bus voltage below threshold: 0.18 < 25.50
2025-07-11 04:29:38,518 - INFO - [AUDIT] - Decision: RECOVER_EPS, Reason: Critical voltage, Mode: Nominal
2025-07-11 04:29:38,518 - INFO - [AUDIT] - Rule Activated: CRITICAL_VOLTAGE, Reason: Bus voltage below threshold: 0.18 < 25.50
2025-07-11 04:29:38,518 - INFO - [AUDIT] - Decision: RECOVER_EPS, Reason: Critical voltage, Mode: Nominal
2025-07-11 04:29:38,519 - INFO - [AUDIT] - Rule Activated: CRITICAL_VOLTAGE, Reason: Bus voltage below threshold: 0.18 < 25.50
2025-07-11 04:29:38,519 - INFO - [AUDIT] - Decision: RECOVER_EPS, Reason: Critical voltage, Mode: Nominal
2025-07-11 04:29:38,519 - INFO - [AUDIT] - Rule Activated: CRITICAL_VOLTAGE, Reason: Bus voltage below threshold: 0.18 < 25.50
2025-07-11 04:29:38,519 - INFO - [AUDIT] - Decision: RECOVER_EPS, Reason: Critical voltage, Mode: Nominal
2025-07-11 04:29:38,519 - INFO - [AUDIT] - Rule Activated: CRITICAL_VOLTAGE, Reason: Bus voltage below threshold: 0.18 < 25.50
2025-07-11 04:29:38,519 - INFO - [AUDIT] - Decision: RECOVER_EPS, Reason: Critical voltage, Mode: Nominal
2025-07-11 04:29:38,519 - INFO - [AUDIT] - Rule Activated: CRITICAL_VOLTAGE, Reason: Bus voltage below threshold: 0.18 < 25.50
2025-07-11 04:29:38,519 - INFO - [AUDIT] - Decision: RECOVER_EPS, Reason: Critical voltage, Mode: Nominal
2025-07-11 04:29:38,519 - INFO - [AUDIT] - Rule Activated: CRITICAL_VOLTAGE, Reason: Bus voltage below threshold: 0.18 < 25.50
2025-07-11 04:29:38,519 - INFO - [AUDIT] - Decision: RECOVER_EPS, Reason: Critical voltage, Mode: Nominal
2025-07-11 04:29:38,519 - INFO - [AUDIT] - Rule Activated: CRITICAL_VOLTAGE, Reason: Bus voltage below threshold: 0.18 < 25.50
2025-07-11 04:29:38,519 - INFO - [AUDIT] - Decision: RECOVER_EPS, Reason: Critical voltage, Mode: Nominal
2025-07-11 04:29:38,520 - INFO - [AUDIT] - Rule Activated: CRITICAL_VOLTAGE, Reason: Bus voltage below threshold: 0.18 < 25.50
2025-07-11 04:29:38,520 - INFO - [AUDIT] - Decision: RECOVER_EPS, Reason: Critical voltage, Mode: Nominal
2025-07-11 04:29:38,520 - INFO - [AUDIT] - Rule Activated: CRITICAL_VOLTAGE, Reason: Bus voltage below threshold: 0.18 < 25.50
2025-07-11 04:29:38,520 - INFO - [AUDIT] - Decision: RECOVER_EPS, Reason: Critical voltage, Mode: Nominal
2025-07-11 04:29:38,520 - INFO - [AUDIT] - Rule Activated: CRITICAL_VOLTAGE, Reason: Bus voltage below threshold: 0.18 < 25.50
2025-07-11 04:29:38,520 - INFO - [AUDIT] - Decision: RECOVER_EPS, Reason: Critical voltage, Mode: Nominal
2025-07-11 04:29:38,520 - INFO - [AUDIT] - Rule Activated: CRITICAL_VOLTAGE, Reason: Bus voltage below threshold: 0.18 < 25.50
2025-07-11 04:29:38,520 - INFO - [AUDIT] - Decision: RECOVER_EPS, Reason: Critical voltage, Mode: Nominal
2025-07-11 04:29:38,520 - INFO - [AUDIT] - Rule Activated: CRITICAL_VOLTAGE, Reason: Bus voltage below threshold: 0.18 < 25.50
2025-07-11 04:29:38,520 - INFO - [AUDIT] - Decision: RECOVER_EPS, Reason: Critical voltage, Mode: Nominal
2025-07-11 04:29:38,520 - INFO - [AUDIT] - Rule Activated: CRITICAL_VOLTAGE, Reason: Bus voltage below threshold: 0.18 < 25.50
2025-07-11 04:29:38,520 - INFO - [AUDIT] - Decision: RECOVER_EPS, Reason: Critical voltage, Mode: Nominal
2025-07-11 04:29:38,521 - INFO - [AUDIT] - Rule Activated: CRITICAL_VOLTAGE, Reason: Bus voltage below threshold: 0.18 < 25.50
2025-07-11 04:29:38,521 - INFO - [AUDIT] - Decision: RECOVER_EPS, Reason: Critical voltage, Mode: Nominal
2025-07-11 04:29:38,521 - INFO - [AUDIT] - Rule Activated: CRITICAL_VOLTAGE, Reason: Bus voltage below threshold: 0.18 < 25.50
2025-07-11 04:29:38,521 - INFO - [AUDIT] - Decision: RECOVER_EPS, Reason: Critical voltage, Mode: Nominal
2025-07-11 04:29:38,521 - INFO - [AUDIT] - Rule Activated: CRITICAL_VOLTAGE, Reason: Bus voltage below threshold: 0.18 < 25.50
2025-07-11 04:29:38,521 - INFO - [AUDIT] - Decision: RECOVER_EPS, Reason: Critical voltage, Mode: Nominal
2025-07-11 04:29:38,521 - INFO - [AUDIT] - Rule Activated: CRITICAL_VOLTAGE, Reason: Bus voltage below threshold: 0.18 < 25.50
2025-07-11 04:29:38,521 - INFO - [AUDIT] - Decision: RECOVER_EPS, Reason: Critical voltage, Mode: Nominal
2025-07-11 04:29:38,521 - INFO - [AUDIT] - Rule Activated: CRITICAL_VOLTAGE, Reason: Bus voltage below threshold: 0.18 < 25.50
2025-07-11 04:29:38,521 - INFO - [AUDIT] - Decision: RECOVER_EPS, Reason: Critical voltage, Mode: Nominal
2025-07-11 04:29:38,521 - INFO - [AUDIT] - Rule Activated: CRITICAL_VOLTAGE, Reason: Bus voltage below threshold: 0.18 < 25.50
2025-07-11 04:29:38,521 - INFO - [AUDIT] - Decision: RECOVER_EPS, Reason: Critical voltage, Mode: Nominal
2025-07-11 04:29:38,522 - INFO - [AUDIT] - Rule Activated: CRITICAL_VOLTAGE, Reason: Bus voltage below threshold: 0.18 < 25.50
2025-07-11 04:29:38,522 - INFO - [AUDIT] - Decision: RECOVER_EPS, Reason: Critical voltage, Mode: Nominal
2025-07-11 04:29:38,522 - INFO - [AUDIT] - Rule Activated: CRITICAL_VOLTAGE, Reason: Bus voltage below threshold: 0.18 < 25.50
2025-07-11 04:29:38,522 - INFO - [AUDIT] - Decision: RECOVER_EPS, Reason: Critical voltage, Mode: Nominal
2025-07-11 04:29:38,522 - INFO - [AUDIT] - Rule Activated: CRITICAL_VOLTAGE, Reason: Bus voltage below threshold: 0.18 < 25.50
2025-07-11 04:29:38,522 - INFO - [AUDIT] - Decision: RECOVER_EPS, Reason: Critical voltage, Mode: Nominal
2025-07-11 04:29:38,522 - INFO - [AUDIT] - Rule Activated: CRITICAL_VOLTAGE, Reason: Bus voltage below threshold: 0.18 < 25.50
2025-07-11 04:29:38,522 - INFO - [AUDIT] - Decision: RECOVER_EPS, Reason: Critical voltage, Mode: Nominal
2025-07-11 04:29:38,522 - INFO - [AUDIT] - Rule Activated: CRITICAL_VOLTAGE, Reason: Bus voltage below threshold: 0.18 < 25.50
2025-07-11 04:29:38,522 - INFO - [AUDIT] - Decision: RECOVER_EPS, Reason: Critical voltage, Mode: Nominal
2025-07-11 04:29:38,522 - INFO - [AUDIT] - Rule Activated: CRITICAL_VOLTAGE, Reason: Bus voltage below threshold: 0.18 < 25.50
2025-07-11 04:29:38,522 - INFO - [AUDIT] - Decision: RECOVER_EPS, Reason: Critical voltage, Mode: Nominal
2025-07-11 04:29:38,523 - INFO - [AUDIT] - Rule Activated: CRITICAL_VOLTAGE, Reason: Bus voltage below threshold: 0.18 < 25.50
2025-07-11 04:29:38,523 - INFO - [AUDIT] - Decision: RECOVER_EPS, Reason: Critical voltage, Mode: Nominal
2025-07-11 04:29:38,523 - INFO - [AUDIT] - Rule Activated: CRITICAL_VOLTAGE, Reason: Bus voltage below threshold: 0.18 < 25.50
2025-07-11 04:29:38,523 - INFO - [AUDIT] - Decision: RECOVER_EPS, Reason: Critical voltage, Mode: Nominal
2025-07-11 04:29:38,523 - INFO - [AUDIT] - Rule Activated: CRITICAL_VOLTAGE, Reason: Bus voltage below threshold: 0.18 < 25.50
2025-07-11 04:29:38,523 - INFO - [AUDIT] - Decision: RECOVER_EPS, Reason: Critical voltage, Mode: Nominal
2025-07-11 04:29:38,523 - INFO - [AUDIT] - Rule Activated: CRITICAL_VOLTAGE, Reason: Bus voltage below threshold: 0.18 < 25.50
2025-07-11 04:29:38,523 - INFO - [AUDIT] - Decision: RECOVER_EPS, Reason: Critical voltage, Mode: Nominal
2025-07-11 04:29:38,523 - INFO - [AUDIT] - Rule Activated: CRITICAL_VOLTAGE, Reason: Bus voltage below threshold: 0.18 < 25.50
2025-07-11 04:29:38,523 - INFO - [AUDIT] - Decision: RECOVER_EPS, Reason: Critical voltage, Mode: Nominal
2025-07-11 04:29:38,523 - INFO - [AUDIT] - Rule Activated: CRITICAL_VOLTAGE, Reason: Bus voltage below threshold: 0.18 < 25.50
2025-07-11 04:29:38,523 - INFO - [AUDIT] - Decision: RECOVER_EPS, Reason: Critical voltage, Mode: Nominal
2025-07-11 04:29:38,524 - INFO - [AUDIT] - Rule Activated: CRITICAL_VOLTAGE, Reason: Bus voltage below threshold: 0.18 < 25.50
2025-07-11 04:29:38,524 - INFO - [AUDIT] - Decision: RECOVER_EPS, Reason: Critical voltage, Mode: Nominal
2025-07-11 04:29:38,524 - INFO - [AUDIT] - Rule Activated: CRITICAL_VOLTAGE, Reason: Bus voltage below threshold: 0.18 < 25.50
2025-07-11 04:29:38,524 - INFO - [AUDIT] - Decision: RECOVER_EPS, Reason: Critical voltage, Mode: Nominal
2025-07-11 04:29:38,524 - INFO - [AUDIT] - Rule Activated: CRITICAL_VOLTAGE, Reason: Bus voltage below threshold: 0.18 < 25.50
2025-07-11 04:29:38,524 - INFO - [AUDIT] - Decision: RECOVER_EPS, Reason: Critical voltage, Mode: Nominal
2025-07-11 04:29:38,524 - INFO - [AUDIT] - Rule Activated: CRITICAL_VOLTAGE, Reason: Bus voltage below threshold: 0.18 < 25.50
2025-07-11 04:29:38,524 - INFO - [AUDIT] - Decision: RECOVER_EPS, Reason: Critical voltage, Mode: Nominal
2025-07-11 04:29:38,525 - INFO - [AUDIT] - Rule Activated: CRITICAL_VOLTAGE, Reason: Bus voltage below threshold: 0.18 < 25.50
2025-07-11 04:29:38,525 - INFO - [AUDIT] - Decision: RECOVER_EPS, Reason: Critical voltage, Mode: Nominal
2025-07-11 04:29:38,525 - INFO - [AUDIT] - Rule Activated: CRITICAL_VOLTAGE, Reason: Bus voltage below threshold: 0.18 < 25.50
2025-07-11 04:29:38,525 - INFO - [AUDIT] - Decision: RECOVER_EPS, Reason: Critical voltage, Mode: Nominal
2025-07-11 04:29:38,525 - INFO - [AUDIT] - Rule Activated: CRITICAL_VOLTAGE, Reason: Bus voltage below threshold: 0.18 < 25.50
2025-07-11 04:29:38,525 - INFO - [AUDIT] - Decision: RECOVER_EPS, Reason: Critical voltage, Mode: Nominal
2025-07-11 04:29:38,525 - INFO - [AUDIT] - Rule Activated: CRITICAL_VOLTAGE, Reason: Bus voltage below threshold: 0.18 < 25.50
2025-07-11 04:29:38,525 - INFO - [AUDIT] - Decision: RECOVER_EPS, Reason: Critical voltage, Mode: Nominal
2025-07-11 04:29:38,525 - INFO - [AUDIT] - Rule Activated: CRITICAL_VOLTAGE, Reason: Bus voltage below threshold: 0.18 < 25.50
2025-07-11 04:29:38,525 - INFO - [AUDIT] - Decision: RECOVER_EPS, Reason: Critical voltage, Mode: Nominal
2025-07-11 04:29:38,525 - INFO - [AUDIT] - Rule Activated: CRITICAL_VOLTAGE, Reason: Bus voltage below threshold: 0.18 < 25.50
2025-07-11 04:29:38,526 - INFO - [AUDIT] - Decision: RECOVER_EPS, Reason: Critical voltage, Mode: Nominal
2025-07-11 04:29:38,526 - INFO - [AUDIT] - Rule Activated: CRITICAL_VOLTAGE, Reason: Bus voltage below threshold: 0.18 < 25.50
2025-07-11 04:29:38,526 - INFO - [AUDIT] - Decision: RECOVER_EPS, Reason: Critical voltage, Mode: Nominal
2025-07-11 04:29:38,526 - INFO - [AUDIT] - Rule Activated: CRITICAL_VOLTAGE, Reason: Bus voltage below threshold: 0.18 < 25.50
2025-07-11 04:29:38,526 - INFO - [AUDIT] - Decision: RECOVER_EPS, Reason: Critical voltage, Mode: Nominal
2025-07-11 04:29:38,526 - INFO - [AUDIT] - Rule Activated: CRITICAL_VOLTAGE, Reason: Bus voltage below threshold: 0.18 < 25.50
2025-07-11 04:29:38,526 - INFO - [AUDIT] - Decision: RECOVER_EPS, Reason: Critical voltage, Mode: Nominal
2025-07-11 04:29:38,526 - INFO - [AUDIT] - Rule Activated: CRITICAL_VOLTAGE, Reason: Bus voltage below threshold: 0.18 < 25.50
2025-07-11 04:29:38,526 - INFO - [AUDIT] - Decision: RECOVER_EPS, Reason: Critical voltage, Mode: Nominal
2025-07-11 04:29:38,527 - INFO - [AUDIT] - Rule Activated: CRITICAL_VOLTAGE, Reason: Bus voltage below threshold: 0.18 < 25.50
2025-07-11 04:29:38,527 - INFO - [AUDIT] - Decision: RECOVER_EPS, Reason: Critical voltage, Mode: Nominal
2025-07-11 04:29:38,527 - INFO - [AUDIT] - Rule Activated: CRITICAL_VOLTAGE, Reason: Bus voltage below threshold: 0.18 < 25.50
2025-07-11 04:29:38,527 - INFO - [AUDIT] - Decision: RECOVER_EPS, Reason: Critical voltage, Mode: Nominal
2025-07-11 04:29:38,527 - INFO - [AUDIT] - Rule Activated: CRITICAL_VOLTAGE, Reason: Bus voltage below threshold: 0.18 < 25.50
2025-07-11 04:29:38,527 - INFO - [AUDIT] - Decision: RECOVER_EPS, Reason: Critical voltage, Mode: Nominal
2025-07-11 04:29:38,527 - INFO - [AUDIT] - Rule Activated: CRITICAL_VOLTAGE, Reason: Bus voltage below threshold: 0.18 < 25.50
2025-07-11 04:29:38,527 - INFO - [AUDIT] - Decision: RECOVER_EPS, Reason: Critical voltage, Mode: Nominal
2025-07-11 04:29:38,527 - INFO - [AUDIT] - Rule Activated: CRITICAL_VOLTAGE, Reason: Bus voltage below threshold: 0.18 < 25.50
2025-07-11 04:29:38,527 - INFO - [AUDIT] - Decision: RECOVER_EPS, Reason: Critical voltage, Mode: Nominal
2025-07-11 04:29:38,527 - INFO - [AUDIT] - Rule Activated: CRITICAL_VOLTAGE, Reason: Bus voltage below threshold: 0.18 < 25.50
2025-07-11 04:29:38,527 - INFO - [AUDIT] - Decision: RECOVER_EPS, Reason: Critical voltage, Mode: Nominal
2025-07-11 04:29:38,528 - INFO - [AUDIT] - Rule Activated: CRITICAL_VOLTAGE, Reason: Bus voltage below threshold: 0.18 < 25.50
2025-07-11 04:29:38,528 - INFO - [AUDIT] - Decision: RECOVER_EPS, Reason: Critical voltage, Mode: Nominal
2025-07-11 04:29:38,528 - INFO - [AUDIT] - Rule Activated: CRITICAL_VOLTAGE, Reason: Bus voltage below threshold: 0.18 < 25.50
2025-07-11 04:29:38,528 - INFO - [AUDIT] - Decision: RECOVER_EPS, Reason: Critical voltage, Mode: Nominal
2025-07-11 04:29:38,528 - INFO - [AUDIT] - Rule Activated: CRITICAL_VOLTAGE, Reason: Bus voltage below threshold: 0.18 < 25.50
2025-07-11 04:29:38,528 - INFO - [AUDIT] - Decision: RECOVER_EPS, Reason: Critical voltage, Mode: Nominal
2025-07-11 04:29:38,528 - INFO - [AUDIT] - Rule Activated: CRITICAL_VOLTAGE, Reason: Bus voltage below threshold: 0.18 < 25.50
2025-07-11 04:29:38,528 - INFO - [AUDIT] - Decision: RECOVER_EPS, Reason: Critical voltage, Mode: Nominal
2025-07-11 04:29:38,528 - INFO - [AUDIT] - Rule Activated: CRITICAL_VOLTAGE, Reason: Bus voltage below threshold: 0.18 < 25.50
2025-07-11 04:29:38,528 - INFO - [AUDIT] - Decision: RECOVER_EPS, Reason: Critical voltage, Mode: Nominal
2025-07-11 04:29:38,528 - INFO - [AUDIT] - Rule Activated: CRITICAL_VOLTAGE, Reason: Bus voltage below threshold: 0.18 < 25.50
2025-07-11 04:29:38,528 - INFO - [AUDIT] - Decision: RECOVER_EPS, Reason: Critical voltage, Mode: Nominal
2025-07-11 04:29:38,529 - INFO - [AUDIT] - Rule Activated: CRITICAL_VOLTAGE, Reason: Bus voltage below threshold: 0.18 < 25.50
2025-07-11 04:29:38,529 - INFO - [AUDIT] - Decision: RECOVER_EPS, Reason: Critical voltage, Mode: Nominal
2025-07-11 04:29:38,529 - INFO - [AUDIT] - Rule Activated: CRITICAL_VOLTAGE, Reason: Bus voltage below threshold: 0.18 < 25.50
2025-07-11 04:29:38,529 - INFO - [AUDIT] - Decision: RECOVER_EPS, Reason: Critical voltage, Mode: Nominal
2025-07-11 04:29:38,529 - INFO - [AUDIT] - Rule Activated: CRITICAL_VOLTAGE, Reason: Bus voltage below threshold: 0.18 < 25.50
2025-07-11 04:29:38,529 - INFO - [AUDIT] - Decision: RECOVER_EPS, Reason: Critical voltage, Mode: Nominal
2025-07-11 04:29:38,529 - INFO - [AUDIT] - Rule Activated: CRITICAL_VOLTAGE, Reason: Bus voltage below threshold: 0.18 < 25.50
2025-07-11 04:29:38,529 - INFO - [AUDIT] - Decision: RECOVER_EPS, Reason: Critical voltage, Mode: Nominal
2025-07-11 04:29:38,529 - INFO - [AUDIT] - Rule Activated: CRITICAL_VOLTAGE, Reason: Bus voltage below threshold: 0.18 < 25.50
2025-07-11 04:29:38,529 - INFO - [AUDIT] - Decision: RECOVER_EPS, Reason: Critical voltage, Mode: Nominal
2025-07-11 04:29:38,529 - INFO - [AUDIT] - Rule Activated: CRITICAL_VOLTAGE, Reason: Bus voltage below threshold: 0.18 < 25.50
2025-07-11 04:29:38,529 - INFO - [AUDIT] - Decision: RECOVER_EPS, Reason: Critical voltage, Mode: Nominal
2025-07-11 04:29:38,529 - INFO - [AUDIT] - Rule Activated: CRITICAL_VOLTAGE, Reason: Bus voltage below threshold: 0.18 < 25.50
2025-07-11 04:29:38,530 - INFO - [AUDIT] - Decision: RECOVER_EPS, Reason: Critical voltage, Mode: Nominal
2025-07-11 04:29:38,530 - INFO - [AUDIT] - Rule Activated: CRITICAL_VOLTAGE, Reason: Bus voltage below threshold: 0.18 < 25.50
2025-07-11 04:29:38,530 - INFO - [AUDIT] - Decision: RECOVER_EPS, Reason: Critical voltage, Mode: Nominal
2025-07-11 04:29:38,530 - INFO - [AUDIT] - Rule Activated: CRITICAL_VOLTAGE, Reason: Bus voltage below threshold: 0.18 < 25.50
2025-07-11 04:29:38,530 - INFO - [AUDIT] - Decision: RECOVER_EPS, Reason: Critical voltage, Mode: Nominal
2025-07-11 04:29:38,530 - INFO - [AUDIT] - Rule Activated: CRITICAL_VOLTAGE, Reason: Bus voltage below threshold: 0.18 < 25.50
2025-07-11 04:29:38,530 - INFO - [AUDIT] - Decision: RECOVER_EPS, Reason: Critical voltage, Mode: Nominal
2025-07-11 04:29:38,530 - INFO - [AUDIT] - Rule Activated: CRITICAL_VOLTAGE, Reason: Bus voltage below threshold: 0.18 < 25.50
2025-07-11 04:29:38,530 - INFO - [AUDIT] - Decision: RECOVER_EPS, Reason: Critical voltage, Mode: Nominal
2025-07-11 04:29:38,530 - INFO - [AUDIT] - Rule Activated: CRITICAL_VOLTAGE, Reason: Bus voltage below threshold: 0.18 < 25.50
2025-07-11 04:29:38,530 - INFO - [AUDIT] - Decision: RECOVER_EPS, Reason: Critical voltage, Mode: Nominal
2025-07-11 04:29:38,530 - INFO - [AUDIT] - Rule Activated: CRITICAL_VOLTAGE, Reason: Bus voltage below threshold: 0.18 < 25.50
2025-07-11 04:29:38,530 - INFO - [AUDIT] - Decision: RECOVER_EPS, Reason: Critical voltage, Mode: Nominal
2025-07-11 04:29:38,531 - INFO - [AUDIT] - Rule Activated: CRITICAL_VOLTAGE, Reason: Bus voltage below threshold: 0.18 < 25.50
2025-07-11 04:29:38,531 - INFO - [AUDIT] - Decision: RECOVER_EPS, Reason: Critical voltage, Mode: Nominal
2025-07-11 04:29:38,531 - INFO - [AUDIT] - Rule Activated: CRITICAL_VOLTAGE, Reason: Bus voltage below threshold: 0.18 < 25.50
2025-07-11 04:29:38,531 - INFO - [AUDIT] - Decision: RECOVER_EPS, Reason: Critical voltage, Mode: Nominal
2025-07-11 04:29:38,531 - INFO - [AUDIT] - Rule Activated: CRITICAL_VOLTAGE, Reason: Bus voltage below threshold: 0.00 < 25.50
2025-07-11 04:29:38,531 - INFO - [AUDIT] - Decision: RECOVER_EPS, Reason: Critical voltage, Mode: Nominal
2025-07-11 04:29:38,531 - INFO - [AUDIT] - Rule Activated: CRITICAL_VOLTAGE, Reason: Bus voltage below threshold: 0.18 < 25.50
2025-07-11 04:29:38,531 - INFO - [AUDIT] - Decision: RECOVER_EPS, Reason: Critical voltage, Mode: Nominal
2025-07-11 04:29:38,532 - INFO - [AUDIT] - Rule Activated: CRITICAL_VOLTAGE, Reason: Bus voltage below threshold: 0.18 < 25.50
2025-07-11 04:29:38,532 - INFO - [AUDIT] - Decision: RECOVER_EPS, Reason: Critical voltage, Mode: Nominal
2025-07-11 04:29:38,532 - INFO - [AUDIT] - Rule Activated: CRITICAL_VOLTAGE, Reason: Bus voltage below threshold: 0.18 < 25.50
2025-07-11 04:29:38,532 - INFO - [AUDIT] - Decision: RECOVER_EPS, Reason: Critical voltage, Mode: Nominal
2025-07-11 04:29:38,532 - INFO - [AUDIT] - Rule Activated: CRITICAL_VOLTAGE, Reason: Bus voltage below threshold: 0.18 < 25.50
2025-07-11 04:29:38,532 - INFO - [AUDIT] - Decision: RECOVER_EPS, Reason: Critical voltage, Mode: Nominal
2025-07-11 04:29:38,532 - INFO - [AUDIT] - Rule Activated: CRITICAL_VOLTAGE, Reason: Bus voltage below threshold: 0.18 < 25.50
2025-07-11 04:29:38,532 - INFO - [AUDIT] - Decision: RECOVER_EPS, Reason: Critical voltage, Mode: Nominal
2025-07-11 04:29:38,532 - INFO - [AUDIT] - Rule Activated: CRITICAL_VOLTAGE, Reason: Bus voltage below threshold: 0.18 < 25.50
2025-07-11 04:29:38,532 - INFO - [AUDIT] - Decision: RECOVER_EPS, Reason: Critical voltage, Mode: Nominal
2025-07-11 04:29:38,532 - INFO - [AUDIT] - Rule Activated: CRITICAL_VOLTAGE, Reason: Bus voltage below threshold: 0.18 < 25.50
2025-07-11 04:29:38,532 - INFO - [AUDIT] - Decision: RECOVER_EPS, Reason: Critical voltage, Mode: Nominal
2025-07-11 04:29:38,533 - INFO - [AUDIT] - Rule Activated: CRITICAL_VOLTAGE, Reason: Bus voltage below threshold: 0.18 < 25.50
2025-07-11 04:29:38,533 - INFO - [AUDIT] - Decision: RECOVER_EPS, Reason: Critical voltage, Mode: Nominal
2025-07-11 04:29:38,533 - INFO - [AUDIT] - Rule Activated: CRITICAL_VOLTAGE, Reason: Bus voltage below threshold: 0.18 < 25.50
2025-07-11 04:29:38,533 - INFO - [AUDIT] - Decision: RECOVER_EPS, Reason: Critical voltage, Mode: Nominal
2025-07-11 04:29:38,533 - INFO - [AUDIT] - Rule Activated: CRITICAL_VOLTAGE, Reason: Bus voltage below threshold: 0.18 < 25.50
2025-07-11 04:29:38,533 - INFO - [AUDIT] - Decision: RECOVER_EPS, Reason: Critical voltage, Mode: Nominal
2025-07-11 04:29:38,533 - INFO - [AUDIT] - Rule Activated: CRITICAL_VOLTAGE, Reason: Bus voltage below threshold: 0.18 < 25.50
2025-07-11 04:29:38,533 - INFO - [AUDIT] - Decision: RECOVER_EPS, Reason: Critical voltage, Mode: Nominal
2025-07-11 04:29:38,533 - INFO - [AUDIT] - Rule Activated: CRITICAL_VOLTAGE, Reason: Bus voltage below threshold: 0.18 < 25.50
2025-07-11 04:29:38,533 - INFO - [AUDIT] - Decision: RECOVER_EPS, Reason: Critical voltage, Mode: Nominal
2025-07-11 04:29:38,533 - INFO - [AUDIT] - Rule Activated: CRITICAL_VOLTAGE, Reason: Bus voltage below threshold: 0.18 < 25.50
2025-07-11 04:29:38,534 - INFO - [AUDIT] - Decision: RECOVER_EPS, Reason: Critical voltage, Mode: Nominal
2025-07-11 04:29:38,534 - INFO - [AUDIT] - Rule Activated: CRITICAL_VOLTAGE, Reason: Bus voltage below threshold: 0.18 < 25.50
2025-07-11 04:29:38,534 - INFO - [AUDIT] - Decision: RECOVER_EPS, Reason: Critical voltage, Mode: Nominal
2025-07-11 04:29:38,534 - INFO - [AUDIT] - Rule Activated: CRITICAL_VOLTAGE, Reason: Bus voltage below threshold: 0.18 < 25.50
2025-07-11 04:29:38,534 - INFO - [AUDIT] - Decision: RECOVER_EPS, Reason: Critical voltage, Mode: Nominal
2025-07-11 04:29:38,534 - INFO - [AUDIT] - Rule Activated: CRITICAL_VOLTAGE, Reason: Bus voltage below threshold: 0.18 < 25.50
2025-07-11 04:29:38,534 - INFO - [AUDIT] - Decision: RECOVER_EPS, Reason: Critical voltage, Mode: Nominal
2025-07-11 04:29:38,534 - INFO - [AUDIT] - Rule Activated: CRITICAL_VOLTAGE, Reason: Bus voltage below threshold: 0.18 < 25.50
2025-07-11 04:29:38,534 - INFO - [AUDIT] - Decision: RECOVER_EPS, Reason: Critical voltage, Mode: Nominal
2025-07-11 04:29:38,534 - INFO - [AUDIT] - Rule Activated: CRITICAL_VOLTAGE, Reason: Bus voltage below threshold: 0.18 < 25.50
2025-07-11 04:29:38,534 - INFO - [AUDIT] - Decision: RECOVER_EPS, Reason: Critical voltage, Mode: Nominal
2025-07-11 04:29:38,534 - INFO - [AUDIT] - Rule Activated: CRITICAL_VOLTAGE, Reason: Bus voltage below threshold: 0.18 < 25.50
2025-07-11 04:29:38,534 - INFO - [AUDIT] - Decision: RECOVER_EPS, Reason: Critical voltage, Mode: Nominal
2025-07-11 04:29:38,535 - INFO - [AUDIT] - Rule Activated: CRITICAL_VOLTAGE, Reason: Bus voltage below threshold: 0.18 < 25.50
2025-07-11 04:29:38,535 - INFO - [AUDIT] - Decision: RECOVER_EPS, Reason: Critical voltage, Mode: Nominal
2025-07-11 04:29:38,535 - INFO - [AUDIT] - Rule Activated: CRITICAL_VOLTAGE, Reason: Bus voltage below threshold: 0.18 < 25.50
2025-07-11 04:29:38,535 - INFO - [AUDIT] - Decision: RECOVER_EPS, Reason: Critical voltage, Mode: Nominal
2025-07-11 04:29:38,535 - INFO - [AUDIT] - Rule Activated: CRITICAL_VOLTAGE, Reason: Bus voltage below threshold: 0.18 < 25.50
2025-07-11 04:29:38,535 - INFO - [AUDIT] - Decision: RECOVER_EPS, Reason: Critical voltage, Mode: Nominal
2025-07-11 04:29:38,535 - INFO - [AUDIT] - Rule Activated: CRITICAL_VOLTAGE, Reason: Bus voltage below threshold: 0.18 < 25.50
2025-07-11 04:29:38,535 - INFO - [AUDIT] - Decision: RECOVER_EPS, Reason: Critical voltage, Mode: Nominal
2025-07-11 04:29:38,535 - INFO - [AUDIT] - Rule Activated: CRITICAL_VOLTAGE, Reason: Bus voltage below threshold: 0.18 < 25.50
2025-07-11 04:29:38,535 - INFO - [AUDIT] - Decision: RECOVER_EPS, Reason: Critical voltage, Mode: Nominal
2025-07-11 04:29:38,535 - INFO - [AUDIT] - Rule Activated: CRITICAL_VOLTAGE, Reason: Bus voltage below threshold: 0.18 < 25.50
2025-07-11 04:29:38,535 - INFO - [AUDIT] - Decision: RECOVER_EPS, Reason: Critical voltage, Mode: Nominal
2025-07-11 04:29:38,536 - INFO - [AUDIT] - Rule Activated: CRITICAL_VOLTAGE, Reason: Bus voltage below threshold: 0.18 < 25.50
2025-07-11 04:29:38,536 - INFO - [AUDIT] - Decision: RECOVER_EPS, Reason: Critical voltage, Mode: Nominal
2025-07-11 04:29:38,536 - INFO - [AUDIT] - Rule Activated: CRITICAL_VOLTAGE, Reason: Bus voltage below threshold: 0.18 < 25.50
2025-07-11 04:29:38,536 - INFO - [AUDIT] - Decision: RECOVER_EPS, Reason: Critical voltage, Mode: Nominal
2025-07-11 04:29:38,536 - INFO - [AUDIT] - Rule Activated: CRITICAL_VOLTAGE, Reason: Bus voltage below threshold: 0.18 < 25.50
2025-07-11 04:29:38,536 - INFO - [AUDIT] - Decision: RECOVER_EPS, Reason: Critical voltage, Mode: Nominal
2025-07-11 04:29:38,536 - INFO - [AUDIT] - Rule Activated: CRITICAL_VOLTAGE, Reason: Bus voltage below threshold: 0.18 < 25.50
2025-07-11 04:29:38,536 - INFO - [AUDIT] - Decision: RECOVER_EPS, Reason: Critical voltage, Mode: Nominal
2025-07-11 04:29:38,536 - INFO - [AUDIT] - Rule Activated: CRITICAL_VOLTAGE, Reason: Bus voltage below threshold: 0.18 < 25.50
2025-07-11 04:29:38,536 - INFO - [AUDIT] - Decision: RECOVER_EPS, Reason: Critical voltage, Mode: Nominal
2025-07-11 04:29:38,537 - INFO - [AUDIT] - Rule Activated: CRITICAL_VOLTAGE, Reason: Bus voltage below threshold: 0.18 < 25.50
2025-07-11 04:29:38,537 - INFO - [AUDIT] - Decision: RECOVER_EPS, Reason: Critical voltage, Mode: Nominal
2025-07-11 04:29:38,537 - INFO - [AUDIT] - Rule Activated: CRITICAL_VOLTAGE, Reason: Bus voltage below threshold: 0.18 < 25.50
2025-07-11 04:29:38,537 - INFO - [AUDIT] - Decision: RECOVER_EPS, Reason: Critical voltage, Mode: Nominal
2025-07-11 04:29:38,537 - INFO - [AUDIT] - Rule Activated: CRITICAL_VOLTAGE, Reason: Bus voltage below threshold: 0.18 < 25.50
2025-07-11 04:29:38,537 - INFO - [AUDIT] - Decision: RECOVER_EPS, Reason: Critical voltage, Mode: Nominal
2025-07-11 04:29:38,537 - INFO - [AUDIT] - Rule Activated: CRITICAL_VOLTAGE, Reason: Bus voltage below threshold: 0.18 < 25.50
2025-07-11 04:29:38,537 - INFO - [AUDIT] - Decision: RECOVER_EPS, Reason: Critical voltage, Mode: Nominal
2025-07-11 04:29:38,537 - INFO - [AUDIT] - Rule Activated: CRITICAL_VOLTAGE, Reason: Bus voltage below threshold: 0.18 < 25.50
2025-07-11 04:29:38,537 - INFO - [AUDIT] - Decision: RECOVER_EPS, Reason: Critical voltage, Mode: Nominal
2025-07-11 04:29:38,537 - INFO - [AUDIT] - Rule Activated: CRITICAL_VOLTAGE, Reason: Bus voltage below threshold: 0.18 < 25.50
2025-07-11 04:29:38,537 - INFO - [AUDIT] - Decision: RECOVER_EPS, Reason: Critical voltage, Mode: Nominal
2025-07-11 04:29:38,538 - INFO - [AUDIT] - Rule Activated: CRITICAL_VOLTAGE, Reason: Bus voltage below threshold: 0.18 < 25.50
2025-07-11 04:29:38,538 - INFO - [AUDIT] - Decision: RECOVER_EPS, Reason: Critical voltage, Mode: Nominal
2025-07-11 04:29:38,538 - INFO - [AUDIT] - Rule Activated: CRITICAL_VOLTAGE, Reason: Bus voltage below threshold: 0.18 < 25.50
2025-07-11 04:29:38,538 - INFO - [AUDIT] - Decision: RECOVER_EPS, Reason: Critical voltage, Mode: Nominal
2025-07-11 04:29:38,538 - INFO - [AUDIT] - Rule Activated: CRITICAL_VOLTAGE, Reason: Bus voltage below threshold: 0.18 < 25.50
2025-07-11 04:29:38,538 - INFO - [AUDIT] - Decision: RECOVER_EPS, Reason: Critical voltage, Mode: Nominal
2025-07-11 04:29:38,538 - INFO - [AUDIT] - Rule Activated: CRITICAL_VOLTAGE, Reason: Bus voltage below threshold: 0.18 < 25.50
2025-07-11 04:29:38,538 - INFO - [AUDIT] - Decision: RECOVER_EPS, Reason: Critical voltage, Mode: Nominal
2025-07-11 04:29:38,538 - INFO - [AUDIT] - Rule Activated: CRITICAL_VOLTAGE, Reason: Bus voltage below threshold: 0.18 < 25.50
2025-07-11 04:29:38,538 - INFO - [AUDIT] - Decision: RECOVER_EPS, Reason: Critical voltage, Mode: Nominal
2025-07-11 04:29:38,538 - INFO - [AUDIT] - Rule Activated: CRITICAL_VOLTAGE, Reason: Bus voltage below threshold: 0.18 < 25.50
2025-07-11 04:29:38,538 - INFO - [AUDIT] - Decision: RECOVER_EPS, Reason: Critical voltage, Mode: Nominal
2025-07-11 04:29:38,539 - INFO - [AUDIT] - Rule Activated: CRITICAL_VOLTAGE, Reason: Bus voltage below threshold: 0.18 < 25.50
2025-07-11 04:29:38,539 - INFO - [AUDIT] - Decision: RECOVER_EPS, Reason: Critical voltage, Mode: Nominal
2025-07-11 04:29:38,539 - INFO - [AUDIT] - Rule Activated: CRITICAL_VOLTAGE, Reason: Bus voltage below threshold: 0.18 < 25.50
2025-07-11 04:29:38,539 - INFO - [AUDIT] - Decision: RECOVER_EPS, Reason: Critical voltage, Mode: Nominal
2025-07-11 04:29:38,539 - INFO - [AUDIT] - Rule Activated: CRITICAL_VOLTAGE, Reason: Bus voltage below threshold: 0.18 < 25.50
2025-07-11 04:29:38,539 - INFO - [AUDIT] - Decision: RECOVER_EPS, Reason: Critical voltage, Mode: Nominal
2025-07-11 04:29:38,539 - INFO - [AUDIT] - Rule Activated: CRITICAL_VOLTAGE, Reason: Bus voltage below threshold: 0.18 < 25.50
2025-07-11 04:29:38,539 - INFO - [AUDIT] - Decision: RECOVER_EPS, Reason: Critical voltage, Mode: Nominal
2025-07-11 04:29:38,539 - INFO - [AUDIT] - Rule Activated: CRITICAL_VOLTAGE, Reason: Bus voltage below threshold: 0.18 < 25.50
2025-07-11 04:29:38,539 - INFO - [AUDIT] - Decision: RECOVER_EPS, Reason: Critical voltage, Mode: Nominal
2025-07-11 04:29:38,539 - INFO - [AUDIT] - Rule Activated: CRITICAL_VOLTAGE, Reason: Bus voltage below threshold: 0.18 < 25.50
2025-07-11 04:29:38,539 - INFO - [AUDIT] - Decision: RECOVER_EPS, Reason: Critical voltage, Mode: Nominal
2025-07-11 04:29:38,540 - INFO - [AUDIT] - Rule Activated: CRITICAL_VOLTAGE, Reason: Bus voltage below threshold: 0.18 < 25.50
2025-07-11 04:29:38,540 - INFO - [AUDIT] - Decision: RECOVER_EPS, Reason: Critical voltage, Mode: Nominal
2025-07-11 04:29:38,540 - INFO - [AUDIT] - Rule Activated: CRITICAL_VOLTAGE, Reason: Bus voltage below threshold: 0.18 < 25.50
2025-07-11 04:29:38,540 - INFO - [AUDIT] - Decision: RECOVER_EPS, Reason: Critical voltage, Mode: Nominal
2025-07-11 04:29:38,540 - INFO - [AUDIT] - Rule Activated: CRITICAL_VOLTAGE, Reason: Bus voltage below threshold: 0.18 < 25.50
2025-07-11 04:29:38,540 - INFO - [AUDIT] - Decision: RECOVER_EPS, Reason: Critical voltage, Mode: Nominal
2025-07-11 04:29:38,540 - INFO - [AUDIT] - Rule Activated: CRITICAL_VOLTAGE, Reason: Bus voltage below threshold: 0.18 < 25.50
2025-07-11 04:29:38,540 - INFO - [AUDIT] - Decision: RECOVER_EPS, Reason: Critical voltage, Mode: Nominal
2025-07-11 04:29:38,540 - INFO - [AUDIT] - Rule Activated: CRITICAL_VOLTAGE, Reason: Bus voltage below threshold: 0.18 < 25.50
2025-07-11 04:29:38,540 - INFO - [AUDIT] - Decision: RECOVER_EPS, Reason: Critical voltage, Mode: Nominal
2025-07-11 04:29:38,540 - INFO - [AUDIT] - Rule Activated: CRITICAL_VOLTAGE, Reason: Bus voltage below threshold: 0.18 < 25.50
2025-07-11 04:29:38,540 - INFO - [AUDIT] - Decision: RECOVER_EPS, Reason: Critical voltage, Mode: Nominal
2025-07-11 04:29:38,540 - INFO - [AUDIT] - Rule Activated: CRITICAL_VOLTAGE, Reason: Bus voltage below threshold: 0.18 < 25.50
2025-07-11 04:29:38,540 - INFO - [AUDIT] - Decision: RECOVER_EPS, Reason: Critical voltage, Mode: Nominal
2025-07-11 04:29:38,541 - INFO - [AUDIT] - Rule Activated: CRITICAL_VOLTAGE, Reason: Bus voltage below threshold: 0.18 < 25.50
2025-07-11 04:29:38,541 - INFO - [AUDIT] - Decision: RECOVER_EPS, Reason: Critical voltage, Mode: Nominal
2025-07-11 04:29:38,541 - INFO - [AUDIT] - Rule Activated: CRITICAL_VOLTAGE, Reason: Bus voltage below threshold: 0.18 < 25.50
2025-07-11 04:29:38,541 - INFO - [AUDIT] - Decision: RECOVER_EPS, Reason: Critical voltage, Mode: Nominal
2025-07-11 04:29:38,541 - INFO - [AUDIT] - Rule Activated: CRITICAL_VOLTAGE, Reason: Bus voltage below threshold: 0.18 < 25.50
2025-07-11 04:29:38,541 - INFO - [AUDIT] - Decision: RECOVER_EPS, Reason: Critical voltage, Mode: Nominal
2025-07-11 04:29:38,541 - INFO - [AUDIT] - Rule Activated: CRITICAL_VOLTAGE, Reason: Bus voltage below threshold: 0.18 < 25.50
2025-07-11 04:29:38,541 - INFO - [AUDIT] - Decision: RECOVER_EPS, Reason: Critical voltage, Mode: Nominal
2025-07-11 04:29:38,541 - INFO - [AUDIT] - Rule Activated: CRITICAL_VOLTAGE, Reason: Bus voltage below threshold: 0.18 < 25.50
2025-07-11 04:29:38,541 - INFO - [AUDIT] - Decision: RECOVER_EPS, Reason: Critical voltage, Mode: Nominal
2025-07-11 04:29:38,541 - INFO - [AUDIT] - Rule Activated: CRITICAL_VOLTAGE, Reason: Bus voltage below threshold: 0.18 < 25.50
2025-07-11 04:29:38,541 - INFO - [AUDIT] - Decision: RECOVER_EPS, Reason: Critical voltage, Mode: Nominal
2025-07-11 04:29:38,542 - INFO - [AUDIT] - Rule Activated: CRITICAL_VOLTAGE, Reason: Bus voltage below threshold: 0.18 < 25.50
2025-07-11 04:29:38,542 - INFO - [AUDIT] - Decision: RECOVER_EPS, Reason: Critical voltage, Mode: Nominal
2025-07-11 04:29:38,542 - INFO - [AUDIT] - Rule Activated: CRITICAL_VOLTAGE, Reason: Bus voltage below threshold: 0.18 < 25.50
2025-07-11 04:29:38,542 - INFO - [AUDIT] - Decision: RECOVER_EPS, Reason: Critical voltage, Mode: Nominal
2025-07-11 04:29:38,542 - INFO - [AUDIT] - Rule Activated: CRITICAL_VOLTAGE, Reason: Bus voltage below threshold: 0.18 < 25.50
2025-07-11 04:29:38,542 - INFO - [AUDIT] - Decision: RECOVER_EPS, Reason: Critical voltage, Mode: Nominal
2025-07-11 04:29:38,542 - INFO - [AUDIT] - Rule Activated: CRITICAL_VOLTAGE, Reason: Bus voltage below threshold: 0.18 < 25.50
2025-07-11 04:29:38,542 - INFO - [AUDIT] - Decision: RECOVER_EPS, Reason: Critical voltage, Mode: Nominal
2025-07-11 04:29:38,542 - INFO - [AUDIT] - Rule Activated: CRITICAL_VOLTAGE, Reason: Bus voltage below threshold: 0.18 < 25.50
2025-07-11 04:29:38,542 - INFO - [AUDIT] - Decision: RECOVER_EPS, Reason: Critical voltage, Mode: Nominal
2025-07-11 04:29:38,542 - INFO - [AUDIT] - Rule Activated: CRITICAL_VOLTAGE, Reason: Bus voltage below threshold: 0.18 < 25.50
2025-07-11 04:29:38,542 - INFO - [AUDIT] - Decision: RECOVER_EPS, Reason: Critical voltage, Mode: Nominal
2025-07-11 04:29:38,543 - INFO - [AUDIT] - Rule Activated: CRITICAL_VOLTAGE, Reason: Bus voltage below threshold: 0.18 < 25.50
2025-07-11 04:29:38,543 - INFO - [AUDIT] - Decision: RECOVER_EPS, Reason: Critical voltage, Mode: Nominal
2025-07-11 04:29:38,543 - INFO - [AUDIT] - Rule Activated: CRITICAL_VOLTAGE, Reason: Bus voltage below threshold: 0.18 < 25.50
2025-07-11 04:29:38,543 - INFO - [AUDIT] - Decision: RECOVER_EPS, Reason: Critical voltage, Mode: Nominal
2025-07-11 04:29:38,543 - INFO - [AUDIT] - Rule Activated: CRITICAL_VOLTAGE, Reason: Bus voltage below threshold: 0.18 < 25.50
2025-07-11 04:29:38,543 - INFO - [AUDIT] - Decision: RECOVER_EPS, Reason: Critical voltage, Mode: Nominal
2025-07-11 04:29:38,543 - INFO - [AUDIT] - Rule Activated: CRITICAL_VOLTAGE, Reason: Bus voltage below threshold: 0.18 < 25.50
2025-07-11 04:29:38,543 - INFO - [AUDIT] - Decision: RECOVER_EPS, Reason: Critical voltage, Mode: Nominal
2025-07-11 04:29:38,543 - INFO - [AUDIT] - Rule Activated: CRITICAL_VOLTAGE, Reason: Bus voltage below threshold: 0.18 < 25.50
2025-07-11 04:29:38,544 - INFO - [AUDIT] - Decision: RECOVER_EPS, Reason: Critical voltage, Mode: Nominal
2025-07-11 04:29:38,544 - INFO - [AUDIT] - Rule Activated: CRITICAL_VOLTAGE, Reason: Bus voltage below threshold: 0.18 < 25.50
2025-07-11 04:29:38,544 - INFO - [AUDIT] - Decision: RECOVER_EPS, Reason: Critical voltage, Mode: Nominal
2025-07-11 04:29:38,544 - INFO - [AUDIT] - Rule Activated: CRITICAL_VOLTAGE, Reason: Bus voltage below threshold: 0.18 < 25.50
2025-07-11 04:29:38,544 - INFO - [AUDIT] - Decision: RECOVER_EPS, Reason: Critical voltage, Mode: Nominal
2025-07-11 04:29:38,544 - INFO - [AUDIT] - Rule Activated: CRITICAL_VOLTAGE, Reason: Bus voltage below threshold: 0.18 < 25.50
2025-07-11 04:29:38,544 - INFO - [AUDIT] - Decision: RECOVER_EPS, Reason: Critical voltage, Mode: Nominal
2025-07-11 04:29:38,544 - INFO - [AUDIT] - Rule Activated: CRITICAL_VOLTAGE, Reason: Bus voltage below threshold: 0.18 < 25.50
2025-07-11 04:29:38,544 - INFO - [AUDIT] - Decision: RECOVER_EPS, Reason: Critical voltage, Mode: Nominal
2025-07-11 04:29:38,544 - INFO - [AUDIT] - Rule Activated: CRITICAL_VOLTAGE, Reason: Bus voltage below threshold: 0.18 < 25.50
2025-07-11 04:29:38,544 - INFO - [AUDIT] - Decision: RECOVER_EPS, Reason: Critical voltage, Mode: Nominal
2025-07-11 04:29:38,544 - INFO - [AUDIT] - Rule Activated: CRITICAL_VOLTAGE, Reason: Bus voltage below threshold: 0.18 < 25.50
2025-07-11 04:29:38,544 - INFO - [AUDIT] - Decision: RECOVER_EPS, Reason: Critical voltage, Mode: Nominal
2025-07-11 04:29:38,545 - INFO - [AUDIT] - Rule Activated: CRITICAL_VOLTAGE, Reason: Bus voltage below threshold: 0.18 < 25.50
2025-07-11 04:29:38,545 - INFO - [AUDIT] - Decision: RECOVER_EPS, Reason: Critical voltage, Mode: Nominal
2025-07-11 04:29:38,545 - INFO - [AUDIT] - Rule Activated: CRITICAL_VOLTAGE, Reason: Bus voltage below threshold: 0.18 < 25.50
2025-07-11 04:29:38,545 - INFO - [AUDIT] - Decision: RECOVER_EPS, Reason: Critical voltage, Mode: Nominal
2025-07-11 04:29:38,545 - INFO - [AUDIT] - Rule Activated: CRITICAL_VOLTAGE, Reason: Bus voltage below threshold: 0.18 < 25.50
2025-07-11 04:29:38,545 - INFO - [AUDIT] - Decision: RECOVER_EPS, Reason: Critical voltage, Mode: Nominal
2025-07-11 04:29:38,545 - INFO - [AUDIT] - Rule Activated: CRITICAL_VOLTAGE, Reason: Bus voltage below threshold: 0.18 < 25.50
2025-07-11 04:29:38,545 - INFO - [AUDIT] - Decision: RECOVER_EPS, Reason: Critical voltage, Mode: Nominal
2025-07-11 04:29:38,545 - INFO - [AUDIT] - Rule Activated: CRITICAL_VOLTAGE, Reason: Bus voltage below threshold: 0.18 < 25.50
2025-07-11 04:29:38,545 - INFO - [AUDIT] - Decision: RECOVER_EPS, Reason: Critical voltage, Mode: Nominal
2025-07-11 04:29:38,545 - INFO - [AUDIT] - Rule Activated: CRITICAL_VOLTAGE, Reason: Bus voltage below threshold: 0.18 < 25.50
2025-07-11 04:29:38,545 - INFO - [AUDIT] - Decision: RECOVER_EPS, Reason: Critical voltage, Mode: Nominal
2025-07-11 04:29:38,546 - INFO - [AUDIT] - Rule Activated: CRITICAL_VOLTAGE, Reason: Bus voltage below threshold: 0.18 < 25.50
2025-07-11 04:29:38,546 - INFO - [AUDIT] - Decision: RECOVER_EPS, Reason: Critical voltage, Mode: Nominal
2025-07-11 04:29:38,546 - INFO - [AUDIT] - Rule Activated: CRITICAL_VOLTAGE, Reason: Bus voltage below threshold: 0.18 < 25.50
2025-07-11 04:29:38,546 - INFO - [AUDIT] - Decision: RECOVER_EPS, Reason: Critical voltage, Mode: Nominal
2025-07-11 04:29:38,546 - INFO - [AUDIT] - Rule Activated: CRITICAL_VOLTAGE, Reason: Bus voltage below threshold: 0.18 < 25.50
2025-07-11 04:29:38,546 - INFO - [AUDIT] - Decision: RECOVER_EPS, Reason: Critical voltage, Mode: Nominal
2025-07-11 04:29:38,546 - INFO - [AUDIT] - Rule Activated: CRITICAL_VOLTAGE, Reason: Bus voltage below threshold: 0.18 < 25.50
2025-07-11 04:29:38,546 - INFO - [AUDIT] - Decision: RECOVER_EPS, Reason: Critical voltage, Mode: Nominal
2025-07-11 04:29:38,546 - INFO - [AUDIT] - Rule Activated: CRITICAL_VOLTAGE, Reason: Bus voltage below threshold: 0.18 < 25.50
2025-07-11 04:29:38,546 - INFO - [AUDIT] - Decision: RECOVER_EPS, Reason: Critical voltage, Mode: Nominal
2025-07-11 04:29:38,546 - INFO - [AUDIT] - Rule Activated: CRITICAL_VOLTAGE, Reason: Bus voltage below threshold: 0.18 < 25.50
2025-07-11 04:29:38,546 - INFO - [AUDIT] - Decision: RECOVER_EPS, Reason: Critical voltage, Mode: Nominal
2025-07-11 04:29:38,547 - INFO - [AUDIT] - Rule Activated: CRITICAL_VOLTAGE, Reason: Bus voltage below threshold: 0.18 < 25.50
2025-07-11 04:29:38,547 - INFO - [AUDIT] - Decision: RECOVER_EPS, Reason: Critical voltage, Mode: Nominal
2025-07-11 04:29:38,547 - INFO - [AUDIT] - Rule Activated: CRITICAL_VOLTAGE, Reason: Bus voltage below threshold: 0.18 < 25.50
2025-07-11 04:29:38,547 - INFO - [AUDIT] - Decision: RECOVER_EPS, Reason: Critical voltage, Mode: Nominal
2025-07-11 04:29:38,547 - INFO - [AUDIT] - Rule Activated: CRITICAL_VOLTAGE, Reason: Bus voltage below threshold: 0.18 < 25.50
2025-07-11 04:29:38,547 - INFO - [AUDIT] - Decision: RECOVER_EPS, Reason: Critical voltage, Mode: Nominal
2025-07-11 04:29:38,547 - INFO - [AUDIT] - Rule Activated: CRITICAL_VOLTAGE, Reason: Bus voltage below threshold: 0.18 < 25.50
2025-07-11 04:29:38,547 - INFO - [AUDIT] - Decision: RECOVER_EPS, Reason: Critical voltage, Mode: Nominal
2025-07-11 04:29:38,547 - INFO - [AUDIT] - Rule Activated: CRITICAL_VOLTAGE, Reason: Bus voltage below threshold: 0.18 < 25.50
2025-07-11 04:29:38,547 - INFO - [AUDIT] - Decision: RECOVER_EPS, Reason: Critical voltage, Mode: Nominal
2025-07-11 04:29:38,547 - INFO - [AUDIT] - Rule Activated: CRITICAL_VOLTAGE, Reason: Bus voltage below threshold: 0.18 < 25.50
2025-07-11 04:29:38,547 - INFO - [AUDIT] - Decision: RECOVER_EPS, Reason: Critical voltage, Mode: Nominal
2025-07-11 04:29:38,548 - INFO - [AUDIT] - Rule Activated: CRITICAL_VOLTAGE, Reason: Bus voltage below threshold: 0.18 < 25.50
2025-07-11 04:29:38,548 - INFO - [AUDIT] - Decision: RECOVER_EPS, Reason: Critical voltage, Mode: Nominal
2025-07-11 04:29:38,548 - INFO - [AUDIT] - Rule Activated: CRITICAL_VOLTAGE, Reason: Bus voltage below threshold: 0.18 < 25.50
2025-07-11 04:29:38,548 - INFO - [AUDIT] - Decision: RECOVER_EPS, Reason: Critical voltage, Mode: Nominal
2025-07-11 04:29:38,548 - INFO - [AUDIT] - Rule Activated: CRITICAL_VOLTAGE, Reason: Bus voltage below threshold: 0.18 < 25.50
2025-07-11 04:29:38,548 - INFO - [AUDIT] - Decision: RECOVER_EPS, Reason: Critical voltage, Mode: Nominal
2025-07-11 04:29:38,548 - INFO - [AUDIT] - Rule Activated: CRITICAL_VOLTAGE, Reason: Bus voltage below threshold: 0.18 < 25.50
2025-07-11 04:29:38,548 - INFO - [AUDIT] - Decision: RECOVER_EPS, Reason: Critical voltage, Mode: Nominal
2025-07-11 04:29:38,548 - INFO - [AUDIT] - Rule Activated: CRITICAL_VOLTAGE, Reason: Bus voltage below threshold: 0.18 < 25.50
2025-07-11 04:29:38,548 - INFO - [AUDIT] - Decision: RECOVER_EPS, Reason: Critical voltage, Mode: Nominal
2025-07-11 04:29:38,548 - INFO - [AUDIT] - Rule Activated: CRITICAL_VOLTAGE, Reason: Bus voltage below threshold: 0.18 < 25.50
2025-07-11 04:29:38,548 - INFO - [AUDIT] - Decision: RECOVER_EPS, Reason: Critical voltage, Mode: Nominal
2025-07-11 04:29:38,549 - INFO - [AUDIT] - Rule Activated: CRITICAL_VOLTAGE, Reason: Bus voltage below threshold: 0.18 < 25.50
2025-07-11 04:29:38,549 - INFO - [AUDIT] - Decision: RECOVER_EPS, Reason: Critical voltage, Mode: Nominal
2025-07-11 04:29:38,549 - INFO - [AUDIT] - Rule Activated: CRITICAL_VOLTAGE, Reason: Bus voltage below threshold: 0.18 < 25.50
2025-07-11 04:29:38,549 - INFO - [AUDIT] - Decision: RECOVER_EPS, Reason: Critical voltage, Mode: Nominal
2025-07-11 04:29:38,549 - INFO - [AUDIT] - Rule Activated: CRITICAL_VOLTAGE, Reason: Bus voltage below threshold: 0.18 < 25.50
2025-07-11 04:29:38,549 - INFO - [AUDIT] - Decision: RECOVER_EPS, Reason: Critical voltage, Mode: Nominal
2025-07-11 04:29:38,549 - INFO - [AUDIT] - Rule Activated: CRITICAL_VOLTAGE, Reason: Bus voltage below threshold: 0.18 < 25.50
2025-07-11 04:29:38,549 - INFO - [AUDIT] - Decision: RECOVER_EPS, Reason: Critical voltage, Mode: Nominal
2025-07-11 04:29:38,549 - INFO - [AUDIT] - Rule Activated: CRITICAL_VOLTAGE, Reason: Bus voltage below threshold: 0.18 < 25.50
2025-07-11 04:29:38,549 - INFO - [AUDIT] - Decision: RECOVER_EPS, Reason: Critical voltage, Mode: Nominal
2025-07-11 04:29:38,549 - INFO - [AUDIT] - Rule Activated: CRITICAL_VOLTAGE, Reason: Bus voltage below threshold: 0.18 < 25.50
2025-07-11 04:29:38,549 - INFO - [AUDIT] - Decision: RECOVER_EPS, Reason: Critical voltage, Mode: Nominal
2025-07-11 04:29:38,549 - INFO - [AUDIT] - Rule Activated: CRITICAL_VOLTAGE, Reason: Bus voltage below threshold: 0.18 < 25.50
2025-07-11 04:29:38,550 - INFO - [AUDIT] - Decision: RECOVER_EPS, Reason: Critical voltage, Mode: Nominal
2025-07-11 04:29:38,550 - INFO - [AUDIT] - Rule Activated: CRITICAL_VOLTAGE, Reason: Bus voltage below threshold: 0.18 < 25.50
2025-07-11 04:29:38,550 - INFO - [AUDIT] - Decision: RECOVER_EPS, Reason: Critical voltage, Mode: Nominal
2025-07-11 04:29:38,550 - INFO - [AUDIT] - Rule Activated: CRITICAL_VOLTAGE, Reason: Bus voltage below threshold: 0.18 < 25.50
2025-07-11 04:29:38,550 - INFO - [AUDIT] - Decision: RECOVER_EPS, Reason: Critical voltage, Mode: Nominal
2025-07-11 04:29:38,550 - INFO - [AUDIT] - Rule Activated: CRITICAL_VOLTAGE, Reason: Bus voltage below threshold: 0.18 < 25.50
2025-07-11 04:29:38,550 - INFO - [AUDIT] - Decision: RECOVER_EPS, Reason: Critical voltage, Mode: Nominal
2025-07-11 04:29:38,550 - INFO - [AUDIT] - Rule Activated: CRITICAL_VOLTAGE, Reason: Bus voltage below threshold: 0.18 < 25.50
2025-07-11 04:29:38,550 - INFO - [AUDIT] - Decision: RECOVER_EPS, Reason: Critical voltage, Mode: Nominal
2025-07-11 04:29:38,550 - INFO - [AUDIT] - Rule Activated: CRITICAL_VOLTAGE, Reason: Bus voltage below threshold: 0.18 < 25.50
2025-07-11 04:29:38,550 - INFO - [AUDIT] - Decision: RECOVER_EPS, Reason: Critical voltage, Mode: Nominal
2025-07-11 04:29:38,550 - INFO - [AUDIT] - Rule Activated: CRITICAL_VOLTAGE, Reason: Bus voltage below threshold: 0.18 < 25.50
2025-07-11 04:29:38,551 - INFO - [AUDIT] - Decision: RECOVER_EPS, Reason: Critical voltage, Mode: Nominal
2025-07-11 04:29:38,551 - INFO - [AUDIT] - Rule Activated: CRITICAL_VOLTAGE, Reason: Bus voltage below threshold: 0.18 < 25.50
2025-07-11 04:29:38,551 - INFO - [AUDIT] - Decision: RECOVER_EPS, Reason: Critical voltage, Mode: Nominal
2025-07-11 04:29:38,551 - INFO - [AUDIT] - Rule Activated: CRITICAL_VOLTAGE, Reason: Bus voltage below threshold: 0.18 < 25.50
2025-07-11 04:29:38,551 - INFO - [AUDIT] - Decision: RECOVER_EPS, Reason: Critical voltage, Mode: Nominal
2025-07-11 04:29:38,551 - INFO - [AUDIT] - Rule Activated: CRITICAL_VOLTAGE, Reason: Bus voltage below threshold: 0.18 < 25.50
2025-07-11 04:29:38,551 - INFO - [AUDIT] - Decision: RECOVER_EPS, Reason: Critical voltage, Mode: Nominal
2025-07-11 04:29:38,551 - INFO - [AUDIT] - Rule Activated: CRITICAL_VOLTAGE, Reason: Bus voltage below threshold: 0.18 < 25.50
2025-07-11 04:29:38,551 - INFO - [AUDIT] - Decision: RECOVER_EPS, Reason: Critical voltage, Mode: Nominal
2025-07-11 04:29:38,551 - INFO - [AUDIT] - Rule Activated: CRITICAL_VOLTAGE, Reason: Bus voltage below threshold: 0.18 < 25.50
2025-07-11 04:29:38,551 - INFO - [AUDIT] - Decision: RECOVER_EPS, Reason: Critical voltage, Mode: Nominal
2025-07-11 04:29:38,552 - INFO - [AUDIT] - Rule Activated: CRITICAL_VOLTAGE, Reason: Bus voltage below threshold: 0.18 < 25.50
2025-07-11 04:29:38,552 - INFO - [AUDIT] - Decision: RECOVER_EPS, Reason: Critical voltage, Mode: Nominal
2025-07-11 04:29:38,552 - INFO - [AUDIT] - Rule Activated: CRITICAL_VOLTAGE, Reason: Bus voltage below threshold: 0.18 < 25.50
2025-07-11 04:29:38,552 - INFO - [AUDIT] - Decision: RECOVER_EPS, Reason: Critical voltage, Mode: Nominal
2025-07-11 04:29:38,552 - INFO - [AUDIT] - Rule Activated: CRITICAL_VOLTAGE, Reason: Bus voltage below threshold: 0.18 < 25.50
2025-07-11 04:29:38,552 - INFO - [AUDIT] - Decision: RECOVER_EPS, Reason: Critical voltage, Mode: Nominal
2025-07-11 04:29:38,552 - INFO - [AUDIT] - Rule Activated: CRITICAL_VOLTAGE, Reason: Bus voltage below threshold: 0.18 < 25.50
2025-07-11 04:29:38,552 - INFO - [AUDIT] - Decision: RECOVER_EPS, Reason: Critical voltage, Mode: Nominal
2025-07-11 04:29:38,552 - INFO - [AUDIT] - Rule Activated: CRITICAL_VOLTAGE, Reason: Bus voltage below threshold: 0.18 < 25.50
2025-07-11 04:29:38,552 - INFO - [AUDIT] - Decision: RECOVER_EPS, Reason: Critical voltage, Mode: Nominal
2025-07-11 04:29:38,552 - INFO - [AUDIT] - Rule Activated: CRITICAL_VOLTAGE, Reason: Bus voltage below threshold: 0.18 < 25.50
2025-07-11 04:29:38,552 - INFO - [AUDIT] - Decision: RECOVER_EPS, Reason: Critical voltage, Mode: Nominal
2025-07-11 04:29:38,553 - INFO - [AUDIT] - Rule Activated: CRITICAL_VOLTAGE, Reason: Bus voltage below threshold: 0.18 < 25.50
2025-07-11 04:29:38,553 - INFO - [AUDIT] - Decision: RECOVER_EPS, Reason: Critical voltage, Mode: Nominal
2025-07-11 04:29:38,553 - INFO - [AUDIT] - Rule Activated: CRITICAL_VOLTAGE, Reason: Bus voltage below threshold: 0.18 < 25.50
2025-07-11 04:29:38,553 - INFO - [AUDIT] - Decision: RECOVER_EPS, Reason: Critical voltage, Mode: Nominal
2025-07-11 04:29:38,553 - INFO - [AUDIT] - Rule Activated: CRITICAL_VOLTAGE, Reason: Bus voltage below threshold: 0.18 < 25.50
2025-07-11 04:29:38,553 - INFO - [AUDIT] - Decision: RECOVER_EPS, Reason: Critical voltage, Mode: Nominal
2025-07-11 04:29:38,553 - INFO - [AUDIT] - Rule Activated: CRITICAL_VOLTAGE, Reason: Bus voltage below threshold: 0.18 < 25.50
2025-07-11 04:29:38,553 - INFO - [AUDIT] - Decision: RECOVER_EPS, Reason: Critical voltage, Mode: Nominal
2025-07-11 04:29:38,553 - INFO - [AUDIT] - Rule Activated: CRITICAL_VOLTAGE, Reason: Bus voltage below threshold: 0.18 < 25.50
2025-07-11 04:29:38,553 - INFO - [AUDIT] - Decision: RECOVER_EPS, Reason: Critical voltage, Mode: Nominal
2025-07-11 04:29:38,553 - INFO - [AUDIT] - Rule Activated: CRITICAL_VOLTAGE, Reason: Bus voltage below threshold: 0.18 < 25.50
2025-07-11 04:29:38,553 - INFO - [AUDIT] - Decision: RECOVER_EPS, Reason: Critical voltage, Mode: Nominal
2025-07-11 04:29:38,554 - INFO - [AUDIT] - Rule Activated: CRITICAL_VOLTAGE, Reason: Bus voltage below threshold: 0.18 < 25.50
2025-07-11 04:29:38,554 - INFO - [AUDIT] - Decision: RECOVER_EPS, Reason: Critical voltage, Mode: Nominal
2025-07-11 04:29:38,554 - INFO - [AUDIT] - Rule Activated: CRITICAL_VOLTAGE, Reason: Bus voltage below threshold: 0.18 < 25.50
2025-07-11 04:29:38,554 - INFO - [AUDIT] - Decision: RECOVER_EPS, Reason: Critical voltage, Mode: Nominal
2025-07-11 04:29:38,554 - INFO - [AUDIT] - Rule Activated: CRITICAL_VOLTAGE, Reason: Bus voltage below threshold: 0.18 < 25.50
2025-07-11 04:29:38,554 - INFO - [AUDIT] - Decision: RECOVER_EPS, Reason: Critical voltage, Mode: Nominal
2025-07-11 04:29:38,554 - INFO - [AUDIT] - Rule Activated: CRITICAL_VOLTAGE, Reason: Bus voltage below threshold: 0.18 < 25.50
2025-07-11 04:29:38,554 - INFO - [AUDIT] - Decision: RECOVER_EPS, Reason: Critical voltage, Mode: Nominal
2025-07-11 04:29:38,554 - INFO - [AUDIT] - Rule Activated: CRITICAL_VOLTAGE, Reason: Bus voltage below threshold: 0.18 < 25.50
2025-07-11 04:29:38,554 - INFO - [AUDIT] - Decision: RECOVER_EPS, Reason: Critical voltage, Mode: Nominal
2025-07-11 04:29:38,554 - INFO - [AUDIT] - Rule Activated: CRITICAL_VOLTAGE, Reason: Bus voltage below threshold: 0.18 < 25.50
2025-07-11 04:29:38,554 - INFO - [AUDIT] - Decision: RECOVER_EPS, Reason: Critical voltage, Mode: Nominal
2025-07-11 04:29:38,555 - INFO - [AUDIT] - Rule Activated: CRITICAL_VOLTAGE, Reason: Bus voltage below threshold: 0.18 < 25.50
2025-07-11 04:29:38,555 - INFO - [AUDIT] - Decision: RECOVER_EPS, Reason: Critical voltage, Mode: Nominal
2025-07-11 04:29:38,555 - INFO - [AUDIT] - Rule Activated: CRITICAL_VOLTAGE, Reason: Bus voltage below threshold: 0.18 < 25.50
2025-07-11 04:29:38,555 - INFO - [AUDIT] - Decision: RECOVER_EPS, Reason: Critical voltage, Mode: Nominal
2025-07-11 04:29:38,555 - INFO - [AUDIT] - Rule Activated: CRITICAL_VOLTAGE, Reason: Bus voltage below threshold: 0.18 < 25.50
2025-07-11 04:29:38,555 - INFO - [AUDIT] - Decision: RECOVER_EPS, Reason: Critical voltage, Mode: Nominal
2025-07-11 04:29:38,555 - INFO - [AUDIT] - Rule Activated: CRITICAL_VOLTAGE, Reason: Bus voltage below threshold: 0.18 < 25.50
2025-07-11 04:29:38,555 - INFO - [AUDIT] - Decision: RECOVER_EPS, Reason: Critical voltage, Mode: Nominal
2025-07-11 04:29:38,555 - INFO - [AUDIT] - Rule Activated: CRITICAL_VOLTAGE, Reason: Bus voltage below threshold: 0.18 < 25.50
2025-07-11 04:29:38,555 - INFO - [AUDIT] - Decision: RECOVER_EPS, Reason: Critical voltage, Mode: Nominal
2025-07-11 04:29:38,555 - INFO - [AUDIT] - Rule Activated: CRITICAL_VOLTAGE, Reason: Bus voltage below threshold: 0.18 < 25.50
2025-07-11 04:29:38,555 - INFO - [AUDIT] - Decision: RECOVER_EPS, Reason: Critical voltage, Mode: Nominal
2025-07-11 04:29:38,555 - INFO - [AUDIT] - Rule Activated: CRITICAL_VOLTAGE, Reason: Bus voltage below threshold: 0.18 < 25.50
2025-07-11 04:29:38,556 - INFO - [AUDIT] - Decision: RECOVER_EPS, Reason: Critical voltage, Mode: Nominal
2025-07-11 04:29:38,556 - INFO - [AUDIT] - Rule Activated: CRITICAL_VOLTAGE, Reason: Bus voltage below threshold: 0.18 < 25.50
2025-07-11 04:29:38,556 - INFO - [AUDIT] - Decision: RECOVER_EPS, Reason: Critical voltage, Mode: Nominal
2025-07-11 04:29:38,556 - INFO - [AUDIT] - Rule Activated: CRITICAL_VOLTAGE, Reason: Bus voltage below threshold: 0.18 < 25.50
2025-07-11 04:29:38,556 - INFO - [AUDIT] - Decision: RECOVER_EPS, Reason: Critical voltage, Mode: Nominal
2025-07-11 04:29:38,556 - INFO - [AUDIT] - Rule Activated: CRITICAL_VOLTAGE, Reason: Bus voltage below threshold: 0.18 < 25.50
2025-07-11 04:29:38,556 - INFO - [AUDIT] - Decision: RECOVER_EPS, Reason: Critical voltage, Mode: Nominal
2025-07-11 04:29:38,556 - INFO - [AUDIT] - Rule Activated: CRITICAL_VOLTAGE, Reason: Bus voltage below threshold: 0.18 < 25.50
2025-07-11 04:29:38,556 - INFO - [AUDIT] - Decision: RECOVER_EPS, Reason: Critical voltage, Mode: Nominal
2025-07-11 04:29:38,556 - INFO - [AUDIT] - Rule Activated: CRITICAL_VOLTAGE, Reason: Bus voltage below threshold: 0.18 < 25.50
2025-07-11 04:29:38,556 - INFO - [AUDIT] - Decision: RECOVER_EPS, Reason: Critical voltage, Mode: Nominal
2025-07-11 04:29:38,557 - INFO - [AUDIT] - Rule Activated: CRITICAL_VOLTAGE, Reason: Bus voltage below threshold: 0.18 < 25.50
2025-07-11 04:29:38,557 - INFO - [AUDIT] - Decision: RECOVER_EPS, Reason: Critical voltage, Mode: Nominal
2025-07-11 04:29:38,557 - INFO - [AUDIT] - Rule Activated: CRITICAL_VOLTAGE, Reason: Bus voltage below threshold: 0.18 < 25.50
2025-07-11 04:29:38,557 - INFO - [AUDIT] - Decision: RECOVER_EPS, Reason: Critical voltage, Mode: Nominal
2025-07-11 04:29:38,557 - INFO - [AUDIT] - Rule Activated: CRITICAL_VOLTAGE, Reason: Bus voltage below threshold: 0.18 < 25.50
2025-07-11 04:29:38,557 - INFO - [AUDIT] - Decision: RECOVER_EPS, Reason: Critical voltage, Mode: Nominal
2025-07-11 04:29:38,557 - INFO - [AUDIT] - Rule Activated: CRITICAL_VOLTAGE, Reason: Bus voltage below threshold: 0.18 < 25.50
2025-07-11 04:29:38,557 - INFO - [AUDIT] - Decision: RECOVER_EPS, Reason: Critical voltage, Mode: Nominal
2025-07-11 04:29:38,557 - INFO - [AUDIT] - Rule Activated: CRITICAL_VOLTAGE, Reason: Bus voltage below threshold: 0.18 < 25.50
2025-07-11 04:29:38,557 - INFO - [AUDIT] - Decision: RECOVER_EPS, Reason: Critical voltage, Mode: Nominal
2025-07-11 04:29:38,557 - INFO - [AUDIT] - Rule Activated: CRITICAL_VOLTAGE, Reason: Bus voltage below threshold: 0.18 < 25.50
2025-07-11 04:29:38,557 - INFO - [AUDIT] - Decision: RECOVER_EPS, Reason: Critical voltage, Mode: Nominal
2025-07-11 04:29:38,557 - INFO - [AUDIT] - Rule Activated: CRITICAL_VOLTAGE, Reason: Bus voltage below threshold: 0.18 < 25.50
2025-07-11 04:29:38,557 - INFO - [AUDIT] - Decision: RECOVER_EPS, Reason: Critical voltage, Mode: Nominal
2025-07-11 04:29:38,558 - INFO - [AUDIT] - Rule Activated: CRITICAL_VOLTAGE, Reason: Bus voltage below threshold: 0.18 < 25.50
2025-07-11 04:29:38,558 - INFO - [AUDIT] - Decision: RECOVER_EPS, Reason: Critical voltage, Mode: Nominal
2025-07-11 04:29:38,558 - INFO - [AUDIT] - Rule Activated: CRITICAL_VOLTAGE, Reason: Bus voltage below threshold: 0.18 < 25.50
2025-07-11 04:29:38,558 - INFO - [AUDIT] - Decision: RECOVER_EPS, Reason: Critical voltage, Mode: Nominal
2025-07-11 04:29:38,558 - INFO - [AUDIT] - Rule Activated: CRITICAL_VOLTAGE, Reason: Bus voltage below threshold: 0.18 < 25.50
2025-07-11 04:29:38,558 - INFO - [AUDIT] - Decision: RECOVER_EPS, Reason: Critical voltage, Mode: Nominal
2025-07-11 04:29:38,558 - INFO - [AUDIT] - Rule Activated: CRITICAL_VOLTAGE, Reason: Bus voltage below threshold: 0.18 < 25.50
2025-07-11 04:29:38,558 - INFO - [AUDIT] - Decision: RECOVER_EPS, Reason: Critical voltage, Mode: Nominal
2025-07-11 04:29:38,559 - INFO - [AUDIT] - Rule Activated: CRITICAL_VOLTAGE, Reason: Bus voltage below threshold: 0.18 < 25.50
2025-07-11 04:29:38,559 - INFO - [AUDIT] - Decision: RECOVER_EPS, Reason: Critical voltage, Mode: Nominal
2025-07-11 04:29:38,559 - INFO - [AUDIT] - Rule Activated: CRITICAL_VOLTAGE, Reason: Bus voltage below threshold: 0.18 < 25.50
2025-07-11 04:29:38,559 - INFO - [AUDIT] - Decision: RECOVER_EPS, Reason: Critical voltage, Mode: Nominal
2025-07-11 04:29:38,559 - INFO - [AUDIT] - Rule Activated: CRITICAL_VOLTAGE, Reason: Bus voltage below threshold: 0.18 < 25.50
2025-07-11 04:29:38,559 - INFO - [AUDIT] - Decision: RECOVER_EPS, Reason: Critical voltage, Mode: Nominal
2025-07-11 04:29:38,559 - INFO - [AUDIT] - Rule Activated: CRITICAL_VOLTAGE, Reason: Bus voltage below threshold: 0.18 < 25.50
2025-07-11 04:29:38,559 - INFO - [AUDIT] - Decision: RECOVER_EPS, Reason: Critical voltage, Mode: Nominal
2025-07-11 04:29:38,559 - INFO - [AUDIT] - Rule Activated: CRITICAL_VOLTAGE, Reason: Bus voltage below threshold: 0.18 < 25.50
2025-07-11 04:29:38,559 - INFO - [AUDIT] - Decision: RECOVER_EPS, Reason: Critical voltage, Mode: Nominal
2025-07-11 04:29:38,559 - INFO - [AUDIT] - Rule Activated: CRITICAL_VOLTAGE, Reason: Bus voltage below threshold: 0.18 < 25.50
2025-07-11 04:29:38,560 - INFO - [AUDIT] - Decision: RECOVER_EPS, Reason: Critical voltage, Mode: Nominal
2025-07-11 04:29:38,560 - INFO - [AUDIT] - Rule Activated: CRITICAL_VOLTAGE, Reason: Bus voltage below threshold: 0.18 < 25.50
2025-07-11 04:29:38,560 - INFO - [AUDIT] - Decision: RECOVER_EPS, Reason: Critical voltage, Mode: Nominal
2025-07-11 04:29:38,560 - INFO - [AUDIT] - Rule Activated: CRITICAL_VOLTAGE, Reason: Bus voltage below threshold: 0.18 < 25.50
2025-07-11 04:29:38,560 - INFO - [AUDIT] - Decision: RECOVER_EPS, Reason: Critical voltage, Mode: Nominal
2025-07-11 04:29:38,560 - INFO - [AUDIT] - Rule Activated: CRITICAL_VOLTAGE, Reason: Bus voltage below threshold: 0.18 < 25.50
2025-07-11 04:29:38,560 - INFO - [AUDIT] - Decision: RECOVER_EPS, Reason: Critical voltage, Mode: Nominal
2025-07-11 04:29:38,560 - INFO - [AUDIT] - Rule Activated: CRITICAL_VOLTAGE, Reason: Bus voltage below threshold: 0.18 < 25.50
2025-07-11 04:29:38,560 - INFO - [AUDIT] - Decision: RECOVER_EPS, Reason: Critical voltage, Mode: Nominal
2025-07-11 04:29:38,560 - INFO - [AUDIT] - Rule Activated: CRITICAL_VOLTAGE, Reason: Bus voltage below threshold: 0.18 < 25.50
2025-07-11 04:29:38,560 - INFO - [AUDIT] - Decision: RECOVER_EPS, Reason: Critical voltage, Mode: Nominal
2025-07-11 04:29:38,561 - INFO - [AUDIT] - Rule Activated: CRITICAL_VOLTAGE, Reason: Bus voltage below threshold: 0.18 < 25.50
2025-07-11 04:29:38,561 - INFO - [AUDIT] - Decision: RECOVER_EPS, Reason: Critical voltage, Mode: Nominal
2025-07-11 04:29:38,561 - INFO - [AUDIT] - Rule Activated: CRITICAL_VOLTAGE, Reason: Bus voltage below threshold: 0.18 < 25.50
2025-07-11 04:29:38,561 - INFO - [AUDIT] - Decision: RECOVER_EPS, Reason: Critical voltage, Mode: Nominal
2025-07-11 04:29:38,561 - INFO - [AUDIT] - Rule Activated: CRITICAL_VOLTAGE, Reason: Bus voltage below threshold: 0.18 < 25.50
2025-07-11 04:29:38,561 - INFO - [AUDIT] - Decision: RECOVER_EPS, Reason: Critical voltage, Mode: Nominal
2025-07-11 04:29:38,561 - INFO - [AUDIT] - Rule Activated: CRITICAL_VOLTAGE, Reason: Bus voltage below threshold: 0.18 < 25.50
2025-07-11 04:29:38,561 - INFO - [AUDIT] - Decision: RECOVER_EPS, Reason: Critical voltage, Mode: Nominal
2025-07-11 04:29:38,561 - INFO - [AUDIT] - Rule Activated: CRITICAL_VOLTAGE, Reason: Bus voltage below threshold: 0.18 < 25.50
2025-07-11 04:29:38,561 - INFO - [AUDIT] - Decision: RECOVER_EPS, Reason: Critical voltage, Mode: Nominal
2025-07-11 04:29:38,561 - INFO - [AUDIT] - Rule Activated: CRITICAL_VOLTAGE, Reason: Bus voltage below threshold: 0.18 < 25.50
2025-07-11 04:29:38,561 - INFO - [AUDIT] - Decision: RECOVER_EPS, Reason: Critical voltage, Mode: Nominal
2025-07-11 04:29:38,562 - INFO - [AUDIT] - Rule Activated: CRITICAL_VOLTAGE, Reason: Bus voltage below threshold: 0.18 < 25.50
2025-07-11 04:29:38,562 - INFO - [AUDIT] - Decision: RECOVER_EPS, Reason: Critical voltage, Mode: Nominal
2025-07-11 04:29:38,562 - INFO - [AUDIT] - Rule Activated: CRITICAL_VOLTAGE, Reason: Bus voltage below threshold: 0.18 < 25.50
2025-07-11 04:29:38,562 - INFO - [AUDIT] - Decision: RECOVER_EPS, Reason: Critical voltage, Mode: Nominal
2025-07-11 04:29:38,562 - INFO - [AUDIT] - Rule Activated: CRITICAL_VOLTAGE, Reason: Bus voltage below threshold: 0.18 < 25.50
2025-07-11 04:29:38,562 - INFO - [AUDIT] - Decision: RECOVER_EPS, Reason: Critical voltage, Mode: Nominal
2025-07-11 04:29:38,562 - INFO - [AUDIT] - Rule Activated: CRITICAL_VOLTAGE, Reason: Bus voltage below threshold: 0.18 < 25.50
2025-07-11 04:29:38,562 - INFO - [AUDIT] - Decision: RECOVER_EPS, Reason: Critical voltage, Mode: Nominal
2025-07-11 04:29:38,562 - INFO - [AUDIT] - Rule Activated: CRITICAL_VOLTAGE, Reason: Bus voltage below threshold: 0.18 < 25.50
2025-07-11 04:29:38,562 - INFO - [AUDIT] - Decision: RECOVER_EPS, Reason: Critical voltage, Mode: Nominal
2025-07-11 04:29:38,562 - INFO - [AUDIT] - Rule Activated: CRITICAL_VOLTAGE, Reason: Bus voltage below threshold: 0.18 < 25.50
2025-07-11 04:29:38,562 - INFO - [AUDIT] - Decision: RECOVER_EPS, Reason: Critical voltage, Mode: Nominal
2025-07-11 04:29:38,563 - INFO - [AUDIT] - Rule Activated: CRITICAL_VOLTAGE, Reason: Bus voltage below threshold: 0.18 < 25.50
2025-07-11 04:29:38,563 - INFO - [AUDIT] - Decision: RECOVER_EPS, Reason: Critical voltage, Mode: Nominal
2025-07-11 04:29:38,563 - INFO - [AUDIT] - Rule Activated: CRITICAL_VOLTAGE, Reason: Bus voltage below threshold: 0.18 < 25.50
2025-07-11 04:29:38,563 - INFO - [AUDIT] - Decision: RECOVER_EPS, Reason: Critical voltage, Mode: Nominal
2025-07-11 04:29:38,563 - INFO - [AUDIT] - Rule Activated: CRITICAL_VOLTAGE, Reason: Bus voltage below threshold: 0.18 < 25.50
2025-07-11 04:29:38,563 - INFO - [AUDIT] - Decision: RECOVER_EPS, Reason: Critical voltage, Mode: Nominal
2025-07-11 04:29:38,563 - INFO - [AUDIT] - Rule Activated: CRITICAL_VOLTAGE, Reason: Bus voltage below threshold: 0.18 < 25.50
2025-07-11 04:29:38,563 - INFO - [AUDIT] - Decision: RECOVER_EPS, Reason: Critical voltage, Mode: Nominal
2025-07-11 04:29:38,563 - INFO - [AUDIT] - Rule Activated: CRITICAL_VOLTAGE, Reason: Bus voltage below threshold: 0.18 < 25.50
2025-07-11 04:29:38,563 - INFO - [AUDIT] - Decision: RECOVER_EPS, Reason: Critical voltage, Mode: Nominal
2025-07-11 04:29:38,563 - INFO - [AUDIT] - Rule Activated: CRITICAL_VOLTAGE, Reason: Bus voltage below threshold: 0.18 < 25.50
2025-07-11 04:29:38,563 - INFO - [AUDIT] - Decision: RECOVER_EPS, Reason: Critical voltage, Mode: Nominal
2025-07-11 04:29:38,564 - INFO - [AUDIT] - Rule Activated: CRITICAL_VOLTAGE, Reason: Bus voltage below threshold: 0.18 < 25.50
2025-07-11 04:29:38,564 - INFO - [AUDIT] - Decision: RECOVER_EPS, Reason: Critical voltage, Mode: Nominal
2025-07-11 04:29:38,564 - INFO - [AUDIT] - Rule Activated: CRITICAL_VOLTAGE, Reason: Bus voltage below threshold: 0.18 < 25.50
2025-07-11 04:29:38,564 - INFO - [AUDIT] - Decision: RECOVER_EPS, Reason: Critical voltage, Mode: Nominal
2025-07-11 04:29:38,564 - INFO - [AUDIT] - Rule Activated: CRITICAL_VOLTAGE, Reason: Bus voltage below threshold: 0.18 < 25.50
2025-07-11 04:29:38,564 - INFO - [AUDIT] - Decision: RECOVER_EPS, Reason: Critical voltage, Mode: Nominal
2025-07-11 04:29:38,564 - INFO - [AUDIT] - Rule Activated: CRITICAL_VOLTAGE, Reason: Bus voltage below threshold: 0.18 < 25.50
2025-07-11 04:29:38,564 - INFO - [AUDIT] - Decision: RECOVER_EPS, Reason: Critical voltage, Mode: Nominal
2025-07-11 04:29:38,564 - INFO - [AUDIT] - Rule Activated: CRITICAL_VOLTAGE, Reason: Bus voltage below threshold: 0.18 < 25.50
2025-07-11 04:29:38,564 - INFO - [AUDIT] - Decision: RECOVER_EPS, Reason: Critical voltage, Mode: Nominal
2025-07-11 04:29:38,564 - INFO - [AUDIT] - Rule Activated: CRITICAL_VOLTAGE, Reason: Bus voltage below threshold: 0.18 < 25.50
2025-07-11 04:29:38,564 - INFO - [AUDIT] - Decision: RECOVER_EPS, Reason: Critical voltage, Mode: Nominal
2025-07-11 04:29:38,564 - INFO - [AUDIT] - Rule Activated: CRITICAL_VOLTAGE, Reason: Bus voltage below threshold: 0.18 < 25.50
2025-07-11 04:29:38,564 - INFO - [AUDIT] - Decision: RECOVER_EPS, Reason: Critical voltage, Mode: Nominal
2025-07-11 04:29:38,565 - INFO - [AUDIT] - Rule Activated: CRITICAL_VOLTAGE, Reason: Bus voltage below threshold: 0.18 < 25.50
2025-07-11 04:29:38,565 - INFO - [AUDIT] - Decision: RECOVER_EPS, Reason: Critical voltage, Mode: Nominal
2025-07-11 04:29:38,565 - INFO - [AUDIT] - Rule Activated: CRITICAL_VOLTAGE, Reason: Bus voltage below threshold: 0.18 < 25.50
2025-07-11 04:29:38,565 - INFO - [AUDIT] - Decision: RECOVER_EPS, Reason: Critical voltage, Mode: Nominal
2025-07-11 04:29:38,565 - INFO - [AUDIT] - Rule Activated: CRITICAL_VOLTAGE, Reason: Bus voltage below threshold: 0.00 < 25.50
2025-07-11 04:29:38,565 - INFO - [AUDIT] - Decision: RECOVER_EPS, Reason: Critical voltage, Mode: Nominal
2025-07-11 04:29:38,565 - INFO - [AUDIT] - Rule Activated: CRITICAL_VOLTAGE, Reason: Bus voltage below threshold: 0.18 < 25.50
2025-07-11 04:29:38,565 - INFO - [AUDIT] - Decision: RECOVER_EPS, Reason: Critical voltage, Mode: Nominal
2025-07-11 04:29:38,566 - INFO - [AUDIT] - Rule Activated: CRITICAL_VOLTAGE, Reason: Bus voltage below threshold: 0.18 < 25.50
2025-07-11 04:29:38,566 - INFO - [AUDIT] - Decision: RECOVER_EPS, Reason: Critical voltage, Mode: Nominal
2025-07-11 04:29:38,566 - INFO - [AUDIT] - Rule Activated: CRITICAL_VOLTAGE, Reason: Bus voltage below threshold: 0.18 < 25.50
2025-07-11 04:29:38,566 - INFO - [AUDIT] - Decision: RECOVER_EPS, Reason: Critical voltage, Mode: Nominal
2025-07-11 04:29:38,566 - INFO - [AUDIT] - Rule Activated: CRITICAL_VOLTAGE, Reason: Bus voltage below threshold: 0.18 < 25.50
2025-07-11 04:29:38,566 - INFO - [AUDIT] - Decision: RECOVER_EPS, Reason: Critical voltage, Mode: Nominal
2025-07-11 04:29:38,566 - INFO - [AUDIT] - Rule Activated: CRITICAL_VOLTAGE, Reason: Bus voltage below threshold: 0.18 < 25.50
2025-07-11 04:29:38,566 - INFO - [AUDIT] - Decision: RECOVER_EPS, Reason: Critical voltage, Mode: Nominal
2025-07-11 04:29:38,566 - INFO - [AUDIT] - Rule Activated: CRITICAL_VOLTAGE, Reason: Bus voltage below threshold: 0.18 < 25.50
2025-07-11 04:29:38,566 - INFO - [AUDIT] - Decision: RECOVER_EPS, Reason: Critical voltage, Mode: Nominal
2025-07-11 04:29:38,566 - INFO - [AUDIT] - Rule Activated: CRITICAL_VOLTAGE, Reason: Bus voltage below threshold: 0.18 < 25.50
2025-07-11 04:29:38,566 - INFO - [AUDIT] - Decision: RECOVER_EPS, Reason: Critical voltage, Mode: Nominal
2025-07-11 04:29:38,567 - INFO - [AUDIT] - Rule Activated: CRITICAL_VOLTAGE, Reason: Bus voltage below threshold: 0.18 < 25.50
2025-07-11 04:29:38,567 - INFO - [AUDIT] - Decision: RECOVER_EPS, Reason: Critical voltage, Mode: Nominal
2025-07-11 04:29:38,567 - INFO - [AUDIT] - Rule Activated: CRITICAL_VOLTAGE, Reason: Bus voltage below threshold: 0.18 < 25.50
2025-07-11 04:29:38,567 - INFO - [AUDIT] - Decision: RECOVER_EPS, Reason: Critical voltage, Mode: Nominal
2025-07-11 04:29:38,567 - INFO - [AUDIT] - Rule Activated: CRITICAL_VOLTAGE, Reason: Bus voltage below threshold: 0.18 < 25.50
2025-07-11 04:29:38,567 - INFO - [AUDIT] - Decision: RECOVER_EPS, Reason: Critical voltage, Mode: Nominal
2025-07-11 04:29:38,567 - INFO - [AUDIT] - Rule Activated: CRITICAL_VOLTAGE, Reason: Bus voltage below threshold: 0.18 < 25.50
2025-07-11 04:29:38,567 - INFO - [AUDIT] - Decision: RECOVER_EPS, Reason: Critical voltage, Mode: Nominal
2025-07-11 04:29:38,567 - INFO - [AUDIT] - Rule Activated: CRITICAL_VOLTAGE, Reason: Bus voltage below threshold: 0.18 < 25.50
2025-07-11 04:29:38,567 - INFO - [AUDIT] - Decision: RECOVER_EPS, Reason: Critical voltage, Mode: Nominal
2025-07-11 04:29:38,567 - INFO - [AUDIT] - Rule Activated: CRITICAL_VOLTAGE, Reason: Bus voltage below threshold: 0.18 < 25.50
2025-07-11 04:29:38,567 - INFO - [AUDIT] - Decision: RECOVER_EPS, Reason: Critical voltage, Mode: Nominal
2025-07-11 04:29:38,568 - INFO - [AUDIT] - Rule Activated: CRITICAL_VOLTAGE, Reason: Bus voltage below threshold: 0.18 < 25.50
2025-07-11 04:29:38,568 - INFO - [AUDIT] - Decision: RECOVER_EPS, Reason: Critical voltage, Mode: Nominal
2025-07-11 04:29:38,568 - INFO - [AUDIT] - Rule Activated: CRITICAL_VOLTAGE, Reason: Bus voltage below threshold: 0.18 < 25.50
2025-07-11 04:29:38,568 - INFO - [AUDIT] - Decision: RECOVER_EPS, Reason: Critical voltage, Mode: Nominal
2025-07-11 04:29:38,568 - INFO - [AUDIT] - Rule Activated: CRITICAL_VOLTAGE, Reason: Bus voltage below threshold: 0.18 < 25.50
2025-07-11 04:29:38,568 - INFO - [AUDIT] - Decision: RECOVER_EPS, Reason: Critical voltage, Mode: Nominal
2025-07-11 04:29:38,568 - INFO - [AUDIT] - Rule Activated: CRITICAL_VOLTAGE, Reason: Bus voltage below threshold: 0.18 < 25.50
2025-07-11 04:29:38,568 - INFO - [AUDIT] - Decision: RECOVER_EPS, Reason: Critical voltage, Mode: Nominal
2025-07-11 04:29:38,568 - INFO - [AUDIT] - Rule Activated: CRITICAL_VOLTAGE, Reason: Bus voltage below threshold: 0.18 < 25.50
2025-07-11 04:29:38,568 - INFO - [AUDIT] - Decision: RECOVER_EPS, Reason: Critical voltage, Mode: Nominal
2025-07-11 04:29:38,568 - INFO - [AUDIT] - Rule Activated: CRITICAL_VOLTAGE, Reason: Bus voltage below threshold: 0.18 < 25.50
2025-07-11 04:29:38,568 - INFO - [AUDIT] - Decision: RECOVER_EPS, Reason: Critical voltage, Mode: Nominal
2025-07-11 04:29:38,569 - INFO - [AUDIT] - Rule Activated: CRITICAL_VOLTAGE, Reason: Bus voltage below threshold: 0.18 < 25.50
2025-07-11 04:29:38,569 - INFO - [AUDIT] - Decision: RECOVER_EPS, Reason: Critical voltage, Mode: Nominal
2025-07-11 04:29:38,569 - INFO - [AUDIT] - Rule Activated: CRITICAL_VOLTAGE, Reason: Bus voltage below threshold: 0.18 < 25.50
2025-07-11 04:29:38,569 - INFO - [AUDIT] - Decision: RECOVER_EPS, Reason: Critical voltage, Mode: Nominal
2025-07-11 04:29:38,569 - INFO - [AUDIT] - Rule Activated: CRITICAL_VOLTAGE, Reason: Bus voltage below threshold: 0.18 < 25.50
2025-07-11 04:29:38,569 - INFO - [AUDIT] - Decision: RECOVER_EPS, Reason: Critical voltage, Mode: Nominal
2025-07-11 04:29:38,569 - INFO - [AUDIT] - Rule Activated: CRITICAL_VOLTAGE, Reason: Bus voltage below threshold: 0.18 < 25.50
2025-07-11 04:29:38,569 - INFO - [AUDIT] - Decision: RECOVER_EPS, Reason: Critical voltage, Mode: Nominal
2025-07-11 04:29:38,569 - INFO - [AUDIT] - Rule Activated: CRITICAL_VOLTAGE, Reason: Bus voltage below threshold: 0.18 < 25.50
2025-07-11 04:29:38,569 - INFO - [AUDIT] - Decision: RECOVER_EPS, Reason: Critical voltage, Mode: Nominal
2025-07-11 04:29:38,569 - INFO - [AUDIT] - Rule Activated: CRITICAL_VOLTAGE, Reason: Bus voltage below threshold: 0.18 < 25.50
2025-07-11 04:29:38,569 - INFO - [AUDIT] - Decision: RECOVER_EPS, Reason: Critical voltage, Mode: Nominal
2025-07-11 04:29:38,570 - INFO - [AUDIT] - Rule Activated: CRITICAL_VOLTAGE, Reason: Bus voltage below threshold: 0.18 < 25.50
2025-07-11 04:29:38,570 - INFO - [AUDIT] - Decision: RECOVER_EPS, Reason: Critical voltage, Mode: Nominal
2025-07-11 04:29:38,570 - INFO - [AUDIT] - Rule Activated: CRITICAL_VOLTAGE, Reason: Bus voltage below threshold: 0.18 < 25.50
2025-07-11 04:29:38,570 - INFO - [AUDIT] - Decision: RECOVER_EPS, Reason: Critical voltage, Mode: Nominal
2025-07-11 04:29:38,570 - INFO - [AUDIT] - Rule Activated: CRITICAL_VOLTAGE, Reason: Bus voltage below threshold: 0.18 < 25.50
2025-07-11 04:29:38,570 - INFO - [AUDIT] - Decision: RECOVER_EPS, Reason: Critical voltage, Mode: Nominal
2025-07-11 04:29:38,570 - INFO - [AUDIT] - Rule Activated: CRITICAL_VOLTAGE, Reason: Bus voltage below threshold: 0.18 < 25.50
2025-07-11 04:29:38,570 - INFO - [AUDIT] - Decision: RECOVER_EPS, Reason: Critical voltage, Mode: Nominal
2025-07-11 04:29:38,570 - INFO - [AUDIT] - Rule Activated: CRITICAL_VOLTAGE, Reason: Bus voltage below threshold: 0.18 < 25.50
2025-07-11 04:29:38,570 - INFO - [AUDIT] - Decision: RECOVER_EPS, Reason: Critical voltage, Mode: Nominal
2025-07-11 04:29:38,570 - INFO - [AUDIT] - Rule Activated: CRITICAL_VOLTAGE, Reason: Bus voltage below threshold: 0.18 < 25.50
2025-07-11 04:29:38,570 - INFO - [AUDIT] - Decision: RECOVER_EPS, Reason: Critical voltage, Mode: Nominal
2025-07-11 04:29:38,571 - INFO - [AUDIT] - Rule Activated: CRITICAL_VOLTAGE, Reason: Bus voltage below threshold: 0.18 < 25.50
2025-07-11 04:29:38,571 - INFO - [AUDIT] - Decision: RECOVER_EPS, Reason: Critical voltage, Mode: Nominal
2025-07-11 04:29:38,571 - INFO - [AUDIT] - Rule Activated: CRITICAL_VOLTAGE, Reason: Bus voltage below threshold: 0.18 < 25.50
2025-07-11 04:29:38,571 - INFO - [AUDIT] - Decision: RECOVER_EPS, Reason: Critical voltage, Mode: Nominal
2025-07-11 04:29:38,571 - INFO - [AUDIT] - Rule Activated: CRITICAL_VOLTAGE, Reason: Bus voltage below threshold: 0.18 < 25.50
2025-07-11 04:29:38,571 - INFO - [AUDIT] - Decision: RECOVER_EPS, Reason: Critical voltage, Mode: Nominal
2025-07-11 04:29:38,571 - INFO - [AUDIT] - Rule Activated: CRITICAL_VOLTAGE, Reason: Bus voltage below threshold: 0.18 < 25.50
2025-07-11 04:29:38,571 - INFO - [AUDIT] - Decision: RECOVER_EPS, Reason: Critical voltage, Mode: Nominal
2025-07-11 04:29:38,571 - INFO - [AUDIT] - Rule Activated: CRITICAL_VOLTAGE, Reason: Bus voltage below threshold: 0.18 < 25.50
2025-07-11 04:29:38,572 - INFO - [AUDIT] - Decision: RECOVER_EPS, Reason: Critical voltage, Mode: Nominal
2025-07-11 04:29:38,572 - INFO - [AUDIT] - Rule Activated: CRITICAL_VOLTAGE, Reason: Bus voltage below threshold: 0.18 < 25.50
2025-07-11 04:29:38,572 - INFO - [AUDIT] - Decision: RECOVER_EPS, Reason: Critical voltage, Mode: Nominal
2025-07-11 04:29:38,572 - INFO - [AUDIT] - Rule Activated: CRITICAL_VOLTAGE, Reason: Bus voltage below threshold: 0.18 < 25.50
2025-07-11 04:29:38,572 - INFO - [AUDIT] - Decision: RECOVER_EPS, Reason: Critical voltage, Mode: Nominal
2025-07-11 04:29:38,572 - INFO - [AUDIT] - Rule Activated: CRITICAL_VOLTAGE, Reason: Bus voltage below threshold: 0.18 < 25.50
2025-07-11 04:29:38,572 - INFO - [AUDIT] - Decision: RECOVER_EPS, Reason: Critical voltage, Mode: Nominal
2025-07-11 04:29:38,572 - INFO - [AUDIT] - Rule Activated: CRITICAL_VOLTAGE, Reason: Bus voltage below threshold: 0.18 < 25.50
2025-07-11 04:29:38,572 - INFO - [AUDIT] - Decision: RECOVER_EPS, Reason: Critical voltage, Mode: Nominal
2025-07-11 04:29:38,572 - INFO - [AUDIT] - Rule Activated: CRITICAL_VOLTAGE, Reason: Bus voltage below threshold: 0.18 < 25.50
2025-07-11 04:29:38,572 - INFO - [AUDIT] - Decision: RECOVER_EPS, Reason: Critical voltage, Mode: Nominal
2025-07-11 04:29:38,573 - INFO - [AUDIT] - Rule Activated: CRITICAL_VOLTAGE, Reason: Bus voltage below threshold: 0.18 < 25.50
2025-07-11 04:29:38,573 - INFO - [AUDIT] - Decision: RECOVER_EPS, Reason: Critical voltage, Mode: Nominal
2025-07-11 04:29:38,573 - INFO - [AUDIT] - Rule Activated: CRITICAL_VOLTAGE, Reason: Bus voltage below threshold: 0.18 < 25.50
2025-07-11 04:29:38,573 - INFO - [AUDIT] - Decision: RECOVER_EPS, Reason: Critical voltage, Mode: Nominal
2025-07-11 04:29:38,573 - INFO - [AUDIT] - Rule Activated: CRITICAL_VOLTAGE, Reason: Bus voltage below threshold: 0.18 < 25.50
2025-07-11 04:29:38,573 - INFO - [AUDIT] - Decision: RECOVER_EPS, Reason: Critical voltage, Mode: Nominal
2025-07-11 04:29:38,573 - INFO - [AUDIT] - Rule Activated: CRITICAL_VOLTAGE, Reason: Bus voltage below threshold: 0.18 < 25.50
2025-07-11 04:29:38,573 - INFO - [AUDIT] - Decision: RECOVER_EPS, Reason: Critical voltage, Mode: Nominal
2025-07-11 04:29:38,573 - INFO - [AUDIT] - Rule Activated: CRITICAL_VOLTAGE, Reason: Bus voltage below threshold: 0.18 < 25.50
2025-07-11 04:29:38,573 - INFO - [AUDIT] - Decision: RECOVER_EPS, Reason: Critical voltage, Mode: Nominal
2025-07-11 04:29:38,573 - INFO - [AUDIT] - Rule Activated: CRITICAL_VOLTAGE, Reason: Bus voltage below threshold: 0.18 < 25.50
2025-07-11 04:29:38,574 - INFO - [AUDIT] - Decision: RECOVER_EPS, Reason: Critical voltage, Mode: Nominal
2025-07-11 04:29:38,574 - INFO - [AUDIT] - Rule Activated: CRITICAL_VOLTAGE, Reason: Bus voltage below threshold: 0.18 < 25.50
2025-07-11 04:29:38,574 - INFO - [AUDIT] - Decision: RECOVER_EPS, Reason: Critical voltage, Mode: Nominal
2025-07-11 04:29:38,574 - INFO - [AUDIT] - Rule Activated: CRITICAL_VOLTAGE, Reason: Bus voltage below threshold: 0.18 < 25.50
2025-07-11 04:29:38,574 - INFO - [AUDIT] - Decision: RECOVER_EPS, Reason: Critical voltage, Mode: Nominal
2025-07-11 04:29:38,574 - INFO - [AUDIT] - Rule Activated: CRITICAL_VOLTAGE, Reason: Bus voltage below threshold: 0.18 < 25.50
2025-07-11 04:29:38,574 - INFO - [AUDIT] - Decision: RECOVER_EPS, Reason: Critical voltage, Mode: Nominal
2025-07-11 04:29:38,574 - INFO - [AUDIT] - Rule Activated: CRITICAL_VOLTAGE, Reason: Bus voltage below threshold: 0.18 < 25.50
2025-07-11 04:29:38,574 - INFO - [AUDIT] - Decision: RECOVER_EPS, Reason: Critical voltage, Mode: Nominal
2025-07-11 04:29:38,574 - INFO - [AUDIT] - Rule Activated: CRITICAL_VOLTAGE, Reason: Bus voltage below threshold: 0.18 < 25.50
2025-07-11 04:29:38,574 - INFO - [AUDIT] - Decision: RECOVER_EPS, Reason: Critical voltage, Mode: Nominal
2025-07-11 04:29:38,574 - INFO - [AUDIT] - Rule Activated: CRITICAL_VOLTAGE, Reason: Bus voltage below threshold: 0.18 < 25.50
2025-07-11 04:29:38,574 - INFO - [AUDIT] - Decision: RECOVER_EPS, Reason: Critical voltage, Mode: Nominal
2025-07-11 04:29:38,575 - INFO - [AUDIT] - Rule Activated: CRITICAL_VOLTAGE, Reason: Bus voltage below threshold: 0.18 < 25.50
2025-07-11 04:29:38,575 - INFO - [AUDIT] - Decision: RECOVER_EPS, Reason: Critical voltage, Mode: Nominal
2025-07-11 04:29:38,575 - INFO - [AUDIT] - Rule Activated: CRITICAL_VOLTAGE, Reason: Bus voltage below threshold: 0.18 < 25.50
2025-07-11 04:29:38,575 - INFO - [AUDIT] - Decision: RECOVER_EPS, Reason: Critical voltage, Mode: Nominal
2025-07-11 04:29:38,575 - INFO - [AUDIT] - Rule Activated: CRITICAL_VOLTAGE, Reason: Bus voltage below threshold: 0.18 < 25.50
2025-07-11 04:29:38,575 - INFO - [AUDIT] - Decision: RECOVER_EPS, Reason: Critical voltage, Mode: Nominal
2025-07-11 04:29:38,575 - INFO - [AUDIT] - Rule Activated: CRITICAL_VOLTAGE, Reason: Bus voltage below threshold: 0.18 < 25.50
2025-07-11 04:29:38,575 - INFO - [AUDIT] - Decision: RECOVER_EPS, Reason: Critical voltage, Mode: Nominal
2025-07-11 04:29:38,575 - INFO - [AUDIT] - Rule Activated: CRITICAL_VOLTAGE, Reason: Bus voltage below threshold: 0.18 < 25.50
2025-07-11 04:29:38,575 - INFO - [AUDIT] - Decision: RECOVER_EPS, Reason: Critical voltage, Mode: Nominal
2025-07-11 04:29:38,575 - INFO - [AUDIT] - Rule Activated: CRITICAL_VOLTAGE, Reason: Bus voltage below threshold: 0.18 < 25.50
2025-07-11 04:29:38,575 - INFO - [AUDIT] - Decision: RECOVER_EPS, Reason: Critical voltage, Mode: Nominal
2025-07-11 04:29:38,576 - INFO - [AUDIT] - Rule Activated: CRITICAL_VOLTAGE, Reason: Bus voltage below threshold: 0.18 < 25.50
2025-07-11 04:29:38,576 - INFO - [AUDIT] - Decision: RECOVER_EPS, Reason: Critical voltage, Mode: Nominal
2025-07-11 04:29:38,576 - INFO - [AUDIT] - Rule Activated: CRITICAL_VOLTAGE, Reason: Bus voltage below threshold: 0.18 < 25.50
2025-07-11 04:29:38,576 - INFO - [AUDIT] - Decision: RECOVER_EPS, Reason: Critical voltage, Mode: Nominal
2025-07-11 04:29:38,576 - INFO - [AUDIT] - Rule Activated: CRITICAL_VOLTAGE, Reason: Bus voltage below threshold: 0.18 < 25.50
2025-07-11 04:29:38,576 - INFO - [AUDIT] - Decision: RECOVER_EPS, Reason: Critical voltage, Mode: Nominal
2025-07-11 04:29:38,576 - INFO - [AUDIT] - Rule Activated: CRITICAL_VOLTAGE, Reason: Bus voltage below threshold: 0.18 < 25.50
2025-07-11 04:29:38,576 - INFO - [AUDIT] - Decision: RECOVER_EPS, Reason: Critical voltage, Mode: Nominal
2025-07-11 04:29:38,576 - INFO - [AUDIT] - Rule Activated: CRITICAL_VOLTAGE, Reason: Bus voltage below threshold: 0.18 < 25.50
2025-07-11 04:29:38,576 - INFO - [AUDIT] - Decision: RECOVER_EPS, Reason: Critical voltage, Mode: Nominal
2025-07-11 04:29:38,576 - INFO - [AUDIT] - Rule Activated: CRITICAL_VOLTAGE, Reason: Bus voltage below threshold: 0.18 < 25.50
2025-07-11 04:29:38,576 - INFO - [AUDIT] - Decision: RECOVER_EPS, Reason: Critical voltage, Mode: Nominal
2025-07-11 04:29:38,577 - INFO - [AUDIT] - Rule Activated: CRITICAL_VOLTAGE, Reason: Bus voltage below threshold: 0.18 < 25.50
2025-07-11 04:29:38,577 - INFO - [AUDIT] - Decision: RECOVER_EPS, Reason: Critical voltage, Mode: Nominal
2025-07-11 04:29:38,577 - INFO - [AUDIT] - Rule Activated: CRITICAL_VOLTAGE, Reason: Bus voltage below threshold: 0.18 < 25.50
2025-07-11 04:29:38,577 - INFO - [AUDIT] - Decision: RECOVER_EPS, Reason: Critical voltage, Mode: Nominal
2025-07-11 04:29:38,577 - INFO - [AUDIT] - Rule Activated: CRITICAL_VOLTAGE, Reason: Bus voltage below threshold: 0.18 < 25.50
2025-07-11 04:29:38,577 - INFO - [AUDIT] - Decision: RECOVER_EPS, Reason: Critical voltage, Mode: Nominal
2025-07-11 04:29:38,577 - INFO - [AUDIT] - Rule Activated: CRITICAL_VOLTAGE, Reason: Bus voltage below threshold: 0.18 < 25.50
2025-07-11 04:29:38,577 - INFO - [AUDIT] - Decision: RECOVER_EPS, Reason: Critical voltage, Mode: Nominal
2025-07-11 04:29:38,577 - INFO - [AUDIT] - Rule Activated: CRITICAL_VOLTAGE, Reason: Bus voltage below threshold: 0.18 < 25.50
2025-07-11 04:29:38,577 - INFO - [AUDIT] - Decision: RECOVER_EPS, Reason: Critical voltage, Mode: Nominal
2025-07-11 04:29:38,577 - INFO - [AUDIT] - Rule Activated: CRITICAL_VOLTAGE, Reason: Bus voltage below threshold: 0.18 < 25.50
2025-07-11 04:29:38,577 - INFO - [AUDIT] - Decision: RECOVER_EPS, Reason: Critical voltage, Mode: Nominal
2025-07-11 04:29:38,577 - INFO - [AUDIT] - Rule Activated: CRITICAL_VOLTAGE, Reason: Bus voltage below threshold: 0.18 < 25.50
2025-07-11 04:29:38,578 - INFO - [AUDIT] - Decision: RECOVER_EPS, Reason: Critical voltage, Mode: Nominal
2025-07-11 04:29:38,578 - INFO - [AUDIT] - Rule Activated: CRITICAL_VOLTAGE, Reason: Bus voltage below threshold: 0.18 < 25.50
2025-07-11 04:29:38,578 - INFO - [AUDIT] - Decision: RECOVER_EPS, Reason: Critical voltage, Mode: Nominal
2025-07-11 04:29:38,578 - INFO - [AUDIT] - Rule Activated: CRITICAL_VOLTAGE, Reason: Bus voltage below threshold: 0.18 < 25.50
2025-07-11 04:29:38,578 - INFO - [AUDIT] - Decision: RECOVER_EPS, Reason: Critical voltage, Mode: Nominal
2025-07-11 04:29:38,578 - INFO - [AUDIT] - Rule Activated: CRITICAL_VOLTAGE, Reason: Bus voltage below threshold: 0.18 < 25.50
2025-07-11 04:29:38,578 - INFO - [AUDIT] - Decision: RECOVER_EPS, Reason: Critical voltage, Mode: Nominal
2025-07-11 04:29:38,578 - INFO - [AUDIT] - Rule Activated: CRITICAL_VOLTAGE, Reason: Bus voltage below threshold: 0.18 < 25.50
2025-07-11 04:29:38,578 - INFO - [AUDIT] - Decision: RECOVER_EPS, Reason: Critical voltage, Mode: Nominal
2025-07-11 04:29:38,579 - INFO - [AUDIT] - Rule Activated: CRITICAL_VOLTAGE, Reason: Bus voltage below threshold: 0.18 < 25.50
2025-07-11 04:29:38,579 - INFO - [AUDIT] - Decision: RECOVER_EPS, Reason: Critical voltage, Mode: Nominal
2025-07-11 04:29:38,579 - INFO - [AUDIT] - Rule Activated: CRITICAL_VOLTAGE, Reason: Bus voltage below threshold: 0.18 < 25.50
2025-07-11 04:29:38,579 - INFO - [AUDIT] - Decision: RECOVER_EPS, Reason: Critical voltage, Mode: Nominal
2025-07-11 04:29:38,579 - INFO - [AUDIT] - Rule Activated: CRITICAL_VOLTAGE, Reason: Bus voltage below threshold: 0.18 < 25.50
2025-07-11 04:29:38,579 - INFO - [AUDIT] - Decision: RECOVER_EPS, Reason: Critical voltage, Mode: Nominal
2025-07-11 04:29:38,579 - INFO - [AUDIT] - Rule Activated: CRITICAL_VOLTAGE, Reason: Bus voltage below threshold: 0.18 < 25.50
2025-07-11 04:29:38,579 - INFO - [AUDIT] - Decision: RECOVER_EPS, Reason: Critical voltage, Mode: Nominal
2025-07-11 04:29:38,579 - INFO - [AUDIT] - Rule Activated: CRITICAL_VOLTAGE, Reason: Bus voltage below threshold: 0.18 < 25.50
2025-07-11 04:29:38,579 - INFO - [AUDIT] - Decision: RECOVER_EPS, Reason: Critical voltage, Mode: Nominal
2025-07-11 04:29:38,580 - INFO - [AUDIT] - Rule Activated: CRITICAL_VOLTAGE, Reason: Bus voltage below threshold: 0.18 < 25.50
2025-07-11 04:29:38,580 - INFO - [AUDIT] - Decision: RECOVER_EPS, Reason: Critical voltage, Mode: Nominal
2025-07-11 04:29:38,580 - INFO - [AUDIT] - Rule Activated: CRITICAL_VOLTAGE, Reason: Bus voltage below threshold: 0.18 < 25.50
2025-07-11 04:29:38,580 - INFO - [AUDIT] - Decision: RECOVER_EPS, Reason: Critical voltage, Mode: Nominal
2025-07-11 04:29:38,580 - INFO - [AUDIT] - Rule Activated: CRITICAL_VOLTAGE, Reason: Bus voltage below threshold: 0.18 < 25.50
2025-07-11 04:29:38,580 - INFO - [AUDIT] - Decision: RECOVER_EPS, Reason: Critical voltage, Mode: Nominal
2025-07-11 04:29:38,580 - INFO - [AUDIT] - Rule Activated: CRITICAL_VOLTAGE, Reason: Bus voltage below threshold: 0.18 < 25.50
2025-07-11 04:29:38,580 - INFO - [AUDIT] - Decision: RECOVER_EPS, Reason: Critical voltage, Mode: Nominal
2025-07-11 04:29:38,580 - INFO - [AUDIT] - Rule Activated: CRITICAL_VOLTAGE, Reason: Bus voltage below threshold: 0.18 < 25.50
2025-07-11 04:29:38,580 - INFO - [AUDIT] - Decision: RECOVER_EPS, Reason: Critical voltage, Mode: Nominal
2025-07-11 04:29:38,580 - INFO - [AUDIT] - Rule Activated: CRITICAL_VOLTAGE, Reason: Bus voltage below threshold: 0.18 < 25.50
2025-07-11 04:29:38,580 - INFO - [AUDIT] - Decision: RECOVER_EPS, Reason: Critical voltage, Mode: Nominal
2025-07-11 04:29:38,580 - INFO - [AUDIT] - Rule Activated: CRITICAL_VOLTAGE, Reason: Bus voltage below threshold: 0.18 < 25.50
2025-07-11 04:29:38,581 - INFO - [AUDIT] - Decision: RECOVER_EPS, Reason: Critical voltage, Mode: Nominal
2025-07-11 04:29:38,581 - INFO - [AUDIT] - Rule Activated: CRITICAL_VOLTAGE, Reason: Bus voltage below threshold: 0.18 < 25.50
2025-07-11 04:29:38,581 - INFO - [AUDIT] - Decision: RECOVER_EPS, Reason: Critical voltage, Mode: Nominal
2025-07-11 04:29:38,581 - INFO - [AUDIT] - Rule Activated: CRITICAL_VOLTAGE, Reason: Bus voltage below threshold: 0.18 < 25.50
2025-07-11 04:29:38,581 - INFO - [AUDIT] - Decision: RECOVER_EPS, Reason: Critical voltage, Mode: Nominal
2025-07-11 04:29:38,581 - INFO - [AUDIT] - Rule Activated: CRITICAL_VOLTAGE, Reason: Bus voltage below threshold: 0.18 < 25.50
2025-07-11 04:29:38,581 - INFO - [AUDIT] - Decision: RECOVER_EPS, Reason: Critical voltage, Mode: Nominal
2025-07-11 04:29:38,581 - INFO - [AUDIT] - Rule Activated: CRITICAL_VOLTAGE, Reason: Bus voltage below threshold: 0.18 < 25.50
2025-07-11 04:29:38,581 - INFO - [AUDIT] - Decision: RECOVER_EPS, Reason: Critical voltage, Mode: Nominal
2025-07-11 04:29:38,581 - INFO - [AUDIT] - Rule Activated: CRITICAL_VOLTAGE, Reason: Bus voltage below threshold: 0.18 < 25.50
2025-07-11 04:29:38,581 - INFO - [AUDIT] - Decision: RECOVER_EPS, Reason: Critical voltage, Mode: Nominal
2025-07-11 04:29:38,582 - INFO - [AUDIT] - Rule Activated: CRITICAL_VOLTAGE, Reason: Bus voltage below threshold: 0.18 < 25.50
2025-07-11 04:29:38,582 - INFO - [AUDIT] - Decision: RECOVER_EPS, Reason: Critical voltage, Mode: Nominal
2025-07-11 04:29:38,582 - INFO - [AUDIT] - Rule Activated: CRITICAL_VOLTAGE, Reason: Bus voltage below threshold: 0.18 < 25.50
2025-07-11 04:29:38,582 - INFO - [AUDIT] - Decision: RECOVER_EPS, Reason: Critical voltage, Mode: Nominal
2025-07-11 04:29:38,582 - INFO - [AUDIT] - Rule Activated: CRITICAL_VOLTAGE, Reason: Bus voltage below threshold: 0.18 < 25.50
2025-07-11 04:29:38,582 - INFO - [AUDIT] - Decision: RECOVER_EPS, Reason: Critical voltage, Mode: Nominal
2025-07-11 04:29:38,582 - INFO - [AUDIT] - Rule Activated: CRITICAL_VOLTAGE, Reason: Bus voltage below threshold: 0.18 < 25.50
2025-07-11 04:29:38,582 - INFO - [AUDIT] - Decision: RECOVER_EPS, Reason: Critical voltage, Mode: Nominal
2025-07-11 04:29:38,582 - INFO - [AUDIT] - Rule Activated: CRITICAL_VOLTAGE, Reason: Bus voltage below threshold: 0.18 < 25.50
2025-07-11 04:29:38,582 - INFO - [AUDIT] - Decision: RECOVER_EPS, Reason: Critical voltage, Mode: Nominal
2025-07-11 04:29:38,582 - INFO - [AUDIT] - Rule Activated: CRITICAL_VOLTAGE, Reason: Bus voltage below threshold: 0.18 < 25.50
2025-07-11 04:29:38,582 - INFO - [AUDIT] - Decision: RECOVER_EPS, Reason: Critical voltage, Mode: Nominal
2025-07-11 04:29:38,583 - INFO - [AUDIT] - Rule Activated: CRITICAL_VOLTAGE, Reason: Bus voltage below threshold: 0.18 < 25.50
2025-07-11 04:29:38,583 - INFO - [AUDIT] - Decision: RECOVER_EPS, Reason: Critical voltage, Mode: Nominal
2025-07-11 04:29:38,583 - INFO - [AUDIT] - Rule Activated: CRITICAL_VOLTAGE, Reason: Bus voltage below threshold: 0.18 < 25.50
2025-07-11 04:29:38,583 - INFO - [AUDIT] - Decision: RECOVER_EPS, Reason: Critical voltage, Mode: Nominal
2025-07-11 04:29:38,583 - INFO - [AUDIT] - Rule Activated: CRITICAL_VOLTAGE, Reason: Bus voltage below threshold: 0.18 < 25.50
2025-07-11 04:29:38,583 - INFO - [AUDIT] - Decision: RECOVER_EPS, Reason: Critical voltage, Mode: Nominal
2025-07-11 04:29:38,583 - INFO - [AUDIT] - Rule Activated: CRITICAL_VOLTAGE, Reason: Bus voltage below threshold: 0.18 < 25.50
2025-07-11 04:29:38,583 - INFO - [AUDIT] - Decision: RECOVER_EPS, Reason: Critical voltage, Mode: Nominal
2025-07-11 04:29:38,583 - INFO - [AUDIT] - Rule Activated: CRITICAL_VOLTAGE, Reason: Bus voltage below threshold: 0.18 < 25.50
2025-07-11 04:29:38,583 - INFO - [AUDIT] - Decision: RECOVER_EPS, Reason: Critical voltage, Mode: Nominal
2025-07-11 04:29:38,583 - INFO - [AUDIT] - Rule Activated: CRITICAL_VOLTAGE, Reason: Bus voltage below threshold: 0.18 < 25.50
2025-07-11 04:29:38,584 - INFO - [AUDIT] - Decision: RECOVER_EPS, Reason: Critical voltage, Mode: Nominal
2025-07-11 04:29:38,584 - INFO - [AUDIT] - Rule Activated: CRITICAL_VOLTAGE, Reason: Bus voltage below threshold: 0.18 < 25.50
2025-07-11 04:29:38,584 - INFO - [AUDIT] - Decision: RECOVER_EPS, Reason: Critical voltage, Mode: Nominal
2025-07-11 04:29:38,584 - INFO - [AUDIT] - Rule Activated: CRITICAL_VOLTAGE, Reason: Bus voltage below threshold: 0.18 < 25.50
2025-07-11 04:29:38,584 - INFO - [AUDIT] - Decision: RECOVER_EPS, Reason: Critical voltage, Mode: Nominal
2025-07-11 04:29:38,584 - INFO - [AUDIT] - Rule Activated: CRITICAL_VOLTAGE, Reason: Bus voltage below threshold: 0.18 < 25.50
2025-07-11 04:29:38,584 - INFO - [AUDIT] - Decision: RECOVER_EPS, Reason: Critical voltage, Mode: Nominal
2025-07-11 04:29:38,584 - INFO - [AUDIT] - Rule Activated: CRITICAL_VOLTAGE, Reason: Bus voltage below threshold: 0.18 < 25.50
2025-07-11 04:29:38,584 - INFO - [AUDIT] - Decision: RECOVER_EPS, Reason: Critical voltage, Mode: Nominal
2025-07-11 04:29:38,584 - INFO - [AUDIT] - Rule Activated: CRITICAL_VOLTAGE, Reason: Bus voltage below threshold: 0.18 < 25.50
2025-07-11 04:29:38,584 - INFO - [AUDIT] - Decision: RECOVER_EPS, Reason: Critical voltage, Mode: Nominal
2025-07-11 04:29:38,584 - INFO - [AUDIT] - Rule Activated: CRITICAL_VOLTAGE, Reason: Bus voltage below threshold: 0.18 < 25.50
2025-07-11 04:29:38,584 - INFO - [AUDIT] - Decision: RECOVER_EPS, Reason: Critical voltage, Mode: Nominal
2025-07-11 04:29:38,585 - INFO - [AUDIT] - Rule Activated: CRITICAL_VOLTAGE, Reason: Bus voltage below threshold: 0.18 < 25.50
2025-07-11 04:29:38,585 - INFO - [AUDIT] - Decision: RECOVER_EPS, Reason: Critical voltage, Mode: Nominal
2025-07-11 04:29:38,585 - INFO - [AUDIT] - Rule Activated: CRITICAL_VOLTAGE, Reason: Bus voltage below threshold: 0.18 < 25.50
2025-07-11 04:29:38,585 - INFO - [AUDIT] - Decision: RECOVER_EPS, Reason: Critical voltage, Mode: Nominal
2025-07-11 04:29:38,585 - INFO - [AUDIT] - Rule Activated: CRITICAL_VOLTAGE, Reason: Bus voltage below threshold: 0.18 < 25.50
2025-07-11 04:29:38,585 - INFO - [AUDIT] - Decision: RECOVER_EPS, Reason: Critical voltage, Mode: Nominal
2025-07-11 04:29:38,585 - INFO - [AUDIT] - Rule Activated: CRITICAL_VOLTAGE, Reason: Bus voltage below threshold: 0.18 < 25.50
2025-07-11 04:29:38,585 - INFO - [AUDIT] - Decision: RECOVER_EPS, Reason: Critical voltage, Mode: Nominal
2025-07-11 04:29:38,585 - INFO - [AUDIT] - Rule Activated: CRITICAL_VOLTAGE, Reason: Bus voltage below threshold: 0.18 < 25.50
2025-07-11 04:29:38,585 - INFO - [AUDIT] - Decision: RECOVER_EPS, Reason: Critical voltage, Mode: Nominal
2025-07-11 04:29:38,585 - INFO - [AUDIT] - Rule Activated: CRITICAL_VOLTAGE, Reason: Bus voltage below threshold: 0.18 < 25.50
2025-07-11 04:29:38,585 - INFO - [AUDIT] - Decision: RECOVER_EPS, Reason: Critical voltage, Mode: Nominal
2025-07-11 04:29:38,586 - INFO - [AUDIT] - Rule Activated: CRITICAL_VOLTAGE, Reason: Bus voltage below threshold: 0.18 < 25.50
2025-07-11 04:29:38,586 - INFO - [AUDIT] - Decision: RECOVER_EPS, Reason: Critical voltage, Mode: Nominal
2025-07-11 04:29:38,586 - INFO - [AUDIT] - Rule Activated: CRITICAL_VOLTAGE, Reason: Bus voltage below threshold: 0.18 < 25.50
2025-07-11 04:29:38,586 - INFO - [AUDIT] - Decision: RECOVER_EPS, Reason: Critical voltage, Mode: Nominal
2025-07-11 04:29:38,586 - INFO - [AUDIT] - Rule Activated: CRITICAL_VOLTAGE, Reason: Bus voltage below threshold: 0.18 < 25.50
2025-07-11 04:29:38,586 - INFO - [AUDIT] - Decision: RECOVER_EPS, Reason: Critical voltage, Mode: Nominal
2025-07-11 04:29:38,586 - INFO - [AUDIT] - Rule Activated: CRITICAL_VOLTAGE, Reason: Bus voltage below threshold: 0.18 < 25.50
2025-07-11 04:29:38,586 - INFO - [AUDIT] - Decision: RECOVER_EPS, Reason: Critical voltage, Mode: Nominal
2025-07-11 04:29:38,586 - INFO - [AUDIT] - Rule Activated: CRITICAL_VOLTAGE, Reason: Bus voltage below threshold: 0.18 < 25.50
2025-07-11 04:29:38,586 - INFO - [AUDIT] - Decision: RECOVER_EPS, Reason: Critical voltage, Mode: Nominal
2025-07-11 04:29:38,586 - INFO - [AUDIT] - Rule Activated: CRITICAL_VOLTAGE, Reason: Bus voltage below threshold: 0.18 < 25.50
2025-07-11 04:29:38,586 - INFO - [AUDIT] - Decision: RECOVER_EPS, Reason: Critical voltage, Mode: Nominal
2025-07-11 04:29:38,587 - INFO - [AUDIT] - Rule Activated: CRITICAL_VOLTAGE, Reason: Bus voltage below threshold: 0.18 < 25.50
2025-07-11 04:29:38,587 - INFO - [AUDIT] - Decision: RECOVER_EPS, Reason: Critical voltage, Mode: Nominal
2025-07-11 04:29:38,587 - INFO - [AUDIT] - Rule Activated: CRITICAL_VOLTAGE, Reason: Bus voltage below threshold: 0.18 < 25.50
2025-07-11 04:29:38,587 - INFO - [AUDIT] - Decision: RECOVER_EPS, Reason: Critical voltage, Mode: Nominal
2025-07-11 04:29:38,587 - INFO - [AUDIT] - Rule Activated: CRITICAL_VOLTAGE, Reason: Bus voltage below threshold: 0.18 < 25.50
2025-07-11 04:29:38,587 - INFO - [AUDIT] - Decision: RECOVER_EPS, Reason: Critical voltage, Mode: Nominal
2025-07-11 04:29:38,587 - INFO - [AUDIT] - Rule Activated: CRITICAL_VOLTAGE, Reason: Bus voltage below threshold: 0.18 < 25.50
2025-07-11 04:29:38,587 - INFO - [AUDIT] - Decision: RECOVER_EPS, Reason: Critical voltage, Mode: Nominal
2025-07-11 04:29:38,587 - INFO - [AUDIT] - Rule Activated: CRITICAL_VOLTAGE, Reason: Bus voltage below threshold: 0.18 < 25.50
2025-07-11 04:29:38,587 - INFO - [AUDIT] - Decision: RECOVER_EPS, Reason: Critical voltage, Mode: Nominal
2025-07-11 04:29:38,588 - INFO - [AUDIT] - Rule Activated: CRITICAL_VOLTAGE, Reason: Bus voltage below threshold: 0.18 < 25.50
2025-07-11 04:29:38,588 - INFO - [AUDIT] - Decision: RECOVER_EPS, Reason: Critical voltage, Mode: Nominal
2025-07-11 04:29:38,588 - INFO - [AUDIT] - Rule Activated: CRITICAL_VOLTAGE, Reason: Bus voltage below threshold: 0.18 < 25.50
2025-07-11 04:29:38,588 - INFO - [AUDIT] - Decision: RECOVER_EPS, Reason: Critical voltage, Mode: Nominal
2025-07-11 04:29:38,588 - INFO - [AUDIT] - Rule Activated: CRITICAL_VOLTAGE, Reason: Bus voltage below threshold: 0.18 < 25.50
2025-07-11 04:29:38,588 - INFO - [AUDIT] - Decision: RECOVER_EPS, Reason: Critical voltage, Mode: Nominal
2025-07-11 04:29:38,588 - INFO - [AUDIT] - Rule Activated: CRITICAL_VOLTAGE, Reason: Bus voltage below threshold: 0.18 < 25.50
2025-07-11 04:29:38,588 - INFO - [AUDIT] - Decision: RECOVER_EPS, Reason: Critical voltage, Mode: Nominal
2025-07-11 04:29:38,588 - INFO - [AUDIT] - Rule Activated: CRITICAL_VOLTAGE, Reason: Bus voltage below threshold: 0.18 < 25.50
2025-07-11 04:29:38,588 - INFO - [AUDIT] - Decision: RECOVER_EPS, Reason: Critical voltage, Mode: Nominal
2025-07-11 04:29:38,588 - INFO - [AUDIT] - Rule Activated: CRITICAL_VOLTAGE, Reason: Bus voltage below threshold: 0.18 < 25.50
2025-07-11 04:29:38,588 - INFO - [AUDIT] - Decision: RECOVER_EPS, Reason: Critical voltage, Mode: Nominal
2025-07-11 04:29:38,589 - INFO - [AUDIT] - Rule Activated: CRITICAL_VOLTAGE, Reason: Bus voltage below threshold: 0.18 < 25.50
2025-07-11 04:29:38,589 - INFO - [AUDIT] - Decision: RECOVER_EPS, Reason: Critical voltage, Mode: Nominal
2025-07-11 04:29:38,589 - INFO - [AUDIT] - Rule Activated: CRITICAL_VOLTAGE, Reason: Bus voltage below threshold: 0.18 < 25.50
2025-07-11 04:29:38,589 - INFO - [AUDIT] - Decision: RECOVER_EPS, Reason: Critical voltage, Mode: Nominal
2025-07-11 04:29:38,589 - INFO - [AUDIT] - Rule Activated: CRITICAL_VOLTAGE, Reason: Bus voltage below threshold: 0.18 < 25.50
2025-07-11 04:29:38,589 - INFO - [AUDIT] - Decision: RECOVER_EPS, Reason: Critical voltage, Mode: Nominal
2025-07-11 04:29:38,589 - INFO - [AUDIT] - Rule Activated: CRITICAL_VOLTAGE, Reason: Bus voltage below threshold: 0.18 < 25.50
2025-07-11 04:29:38,589 - INFO - [AUDIT] - Decision: RECOVER_EPS, Reason: Critical voltage, Mode: Nominal
2025-07-11 04:29:38,589 - INFO - [AUDIT] - Rule Activated: CRITICAL_VOLTAGE, Reason: Bus voltage below threshold: 0.18 < 25.50
2025-07-11 04:29:38,589 - INFO - [AUDIT] - Decision: RECOVER_EPS, Reason: Critical voltage, Mode: Nominal
2025-07-11 04:29:38,589 - INFO - [AUDIT] - Rule Activated: CRITICAL_VOLTAGE, Reason: Bus voltage below threshold: 0.18 < 25.50
2025-07-11 04:29:38,589 - INFO - [AUDIT] - Decision: RECOVER_EPS, Reason: Critical voltage, Mode: Nominal
2025-07-11 04:29:38,589 - INFO - [AUDIT] - Rule Activated: CRITICAL_VOLTAGE, Reason: Bus voltage below threshold: 0.18 < 25.50
2025-07-11 04:29:38,590 - INFO - [AUDIT] - Decision: RECOVER_EPS, Reason: Critical voltage, Mode: Nominal
2025-07-11 04:29:38,590 - INFO - [AUDIT] - Rule Activated: CRITICAL_VOLTAGE, Reason: Bus voltage below threshold: 0.18 < 25.50
2025-07-11 04:29:38,590 - INFO - [AUDIT] - Decision: RECOVER_EPS, Reason: Critical voltage, Mode: Nominal
2025-07-11 04:29:38,590 - INFO - [AUDIT] - Rule Activated: CRITICAL_VOLTAGE, Reason: Bus voltage below threshold: 0.18 < 25.50
2025-07-11 04:29:38,590 - INFO - [AUDIT] - Decision: RECOVER_EPS, Reason: Critical voltage, Mode: Nominal
2025-07-11 04:29:38,590 - INFO - [AUDIT] - Rule Activated: CRITICAL_VOLTAGE, Reason: Bus voltage below threshold: 0.18 < 25.50
2025-07-11 04:29:38,590 - INFO - [AUDIT] - Decision: RECOVER_EPS, Reason: Critical voltage, Mode: Nominal
2025-07-11 04:29:38,590 - INFO - [AUDIT] - Rule Activated: CRITICAL_VOLTAGE, Reason: Bus voltage below threshold: 0.18 < 25.50
2025-07-11 04:29:38,590 - INFO - [AUDIT] - Decision: RECOVER_EPS, Reason: Critical voltage, Mode: Nominal
2025-07-11 04:29:38,590 - INFO - [AUDIT] - Rule Activated: CRITICAL_VOLTAGE, Reason: Bus voltage below threshold: 0.18 < 25.50
2025-07-11 04:29:38,590 - INFO - [AUDIT] - Decision: RECOVER_EPS, Reason: Critical voltage, Mode: Nominal
2025-07-11 04:29:38,590 - INFO - [AUDIT] - Rule Activated: CRITICAL_VOLTAGE, Reason: Bus voltage below threshold: 0.18 < 25.50
2025-07-11 04:29:38,590 - INFO - [AUDIT] - Decision: RECOVER_EPS, Reason: Critical voltage, Mode: Nominal
2025-07-11 04:29:38,591 - INFO - [AUDIT] - Rule Activated: CRITICAL_VOLTAGE, Reason: Bus voltage below threshold: 0.18 < 25.50
2025-07-11 04:29:38,591 - INFO - [AUDIT] - Decision: RECOVER_EPS, Reason: Critical voltage, Mode: Nominal
2025-07-11 04:29:38,591 - INFO - [AUDIT] - Rule Activated: CRITICAL_VOLTAGE, Reason: Bus voltage below threshold: 0.18 < 25.50
2025-07-11 04:29:38,591 - INFO - [AUDIT] - Decision: RECOVER_EPS, Reason: Critical voltage, Mode: Nominal
2025-07-11 04:29:38,591 - INFO - [AUDIT] - Rule Activated: CRITICAL_VOLTAGE, Reason: Bus voltage below threshold: 0.18 < 25.50
2025-07-11 04:29:38,591 - INFO - [AUDIT] - Decision: RECOVER_EPS, Reason: Critical voltage, Mode: Nominal
2025-07-11 04:29:38,591 - INFO - [AUDIT] - Rule Activated: CRITICAL_VOLTAGE, Reason: Bus voltage below threshold: 0.18 < 25.50
2025-07-11 04:29:38,591 - INFO - [AUDIT] - Decision: RECOVER_EPS, Reason: Critical voltage, Mode: Nominal
2025-07-11 04:29:38,591 - INFO - [AUDIT] - Rule Activated: CRITICAL_VOLTAGE, Reason: Bus voltage below threshold: 0.18 < 25.50
2025-07-11 04:29:38,591 - INFO - [AUDIT] - Decision: RECOVER_EPS, Reason: Critical voltage, Mode: Nominal
2025-07-11 04:29:38,591 - INFO - [AUDIT] - Rule Activated: CRITICAL_VOLTAGE, Reason: Bus voltage below threshold: 0.18 < 25.50
2025-07-11 04:29:38,591 - INFO - [AUDIT] - Decision: RECOVER_EPS, Reason: Critical voltage, Mode: Nominal
2025-07-11 04:29:38,592 - INFO - [AUDIT] - Rule Activated: CRITICAL_VOLTAGE, Reason: Bus voltage below threshold: 0.18 < 25.50
2025-07-11 04:29:38,592 - INFO - [AUDIT] - Decision: RECOVER_EPS, Reason: Critical voltage, Mode: Nominal
2025-07-11 04:29:38,592 - INFO - [AUDIT] - Rule Activated: CRITICAL_VOLTAGE, Reason: Bus voltage below threshold: 0.18 < 25.50
2025-07-11 04:29:38,592 - INFO - [AUDIT] - Decision: RECOVER_EPS, Reason: Critical voltage, Mode: Nominal
2025-07-11 04:29:38,592 - INFO - [AUDIT] - Rule Activated: CRITICAL_VOLTAGE, Reason: Bus voltage below threshold: 0.18 < 25.50
2025-07-11 04:29:38,592 - INFO - [AUDIT] - Decision: RECOVER_EPS, Reason: Critical voltage, Mode: Nominal
2025-07-11 04:29:38,592 - INFO - [AUDIT] - Rule Activated: CRITICAL_VOLTAGE, Reason: Bus voltage below threshold: 0.18 < 25.50
2025-07-11 04:29:38,592 - INFO - [AUDIT] - Decision: RECOVER_EPS, Reason: Critical voltage, Mode: Nominal
2025-07-11 04:29:38,592 - INFO - [AUDIT] - Rule Activated: CRITICAL_VOLTAGE, Reason: Bus voltage below threshold: 0.18 < 25.50
2025-07-11 04:29:38,592 - INFO - [AUDIT] - Decision: RECOVER_EPS, Reason: Critical voltage, Mode: Nominal
2025-07-11 04:29:38,592 - INFO - [AUDIT] - Rule Activated: CRITICAL_VOLTAGE, Reason: Bus voltage below threshold: 0.18 < 25.50
2025-07-11 04:29:38,592 - INFO - [AUDIT] - Decision: RECOVER_EPS, Reason: Critical voltage, Mode: Nominal
2025-07-11 04:29:38,593 - INFO - [AUDIT] - Rule Activated: CRITICAL_VOLTAGE, Reason: Bus voltage below threshold: 0.18 < 25.50
2025-07-11 04:29:38,593 - INFO - [AUDIT] - Decision: RECOVER_EPS, Reason: Critical voltage, Mode: Nominal
2025-07-11 04:29:38,593 - INFO - [AUDIT] - Rule Activated: CRITICAL_VOLTAGE, Reason: Bus voltage below threshold: 0.18 < 25.50
2025-07-11 04:29:38,593 - INFO - [AUDIT] - Decision: RECOVER_EPS, Reason: Critical voltage, Mode: Nominal
2025-07-11 04:29:38,593 - INFO - [AUDIT] - Rule Activated: CRITICAL_VOLTAGE, Reason: Bus voltage below threshold: 0.18 < 25.50
2025-07-11 04:29:38,593 - INFO - [AUDIT] - Decision: RECOVER_EPS, Reason: Critical voltage, Mode: Nominal
2025-07-11 04:29:38,593 - INFO - [AUDIT] - Rule Activated: CRITICAL_VOLTAGE, Reason: Bus voltage below threshold: 0.18 < 25.50
2025-07-11 04:29:38,593 - INFO - [AUDIT] - Decision: RECOVER_EPS, Reason: Critical voltage, Mode: Nominal
2025-07-11 04:29:38,593 - INFO - [AUDIT] - Rule Activated: CRITICAL_VOLTAGE, Reason: Bus voltage below threshold: 0.18 < 25.50
2025-07-11 04:29:38,593 - INFO - [AUDIT] - Decision: RECOVER_EPS, Reason: Critical voltage, Mode: Nominal
2025-07-11 04:29:38,594 - INFO - [AUDIT] - Rule Activated: CRITICAL_VOLTAGE, Reason: Bus voltage below threshold: 0.18 < 25.50
2025-07-11 04:29:38,594 - INFO - [AUDIT] - Decision: RECOVER_EPS, Reason: Critical voltage, Mode: Nominal
2025-07-11 04:29:38,594 - INFO - [AUDIT] - Rule Activated: CRITICAL_VOLTAGE, Reason: Bus voltage below threshold: 0.18 < 25.50
2025-07-11 04:29:38,594 - INFO - [AUDIT] - Decision: RECOVER_EPS, Reason: Critical voltage, Mode: Nominal
2025-07-11 04:29:38,594 - INFO - [AUDIT] - Rule Activated: CRITICAL_VOLTAGE, Reason: Bus voltage below threshold: 0.18 < 25.50
2025-07-11 04:29:38,594 - INFO - [AUDIT] - Decision: RECOVER_EPS, Reason: Critical voltage, Mode: Nominal
2025-07-11 04:29:38,594 - INFO - [AUDIT] - Rule Activated: CRITICAL_VOLTAGE, Reason: Bus voltage below threshold: 0.18 < 25.50
2025-07-11 04:29:38,594 - INFO - [AUDIT] - Decision: RECOVER_EPS, Reason: Critical voltage, Mode: Nominal
2025-07-11 04:29:38,594 - INFO - [AUDIT] - Rule Activated: CRITICAL_VOLTAGE, Reason: Bus voltage below threshold: 0.18 < 25.50
2025-07-11 04:29:38,594 - INFO - [AUDIT] - Decision: RECOVER_EPS, Reason: Critical voltage, Mode: Nominal
2025-07-11 04:29:38,594 - INFO - [AUDIT] - Rule Activated: CRITICAL_VOLTAGE, Reason: Bus voltage below threshold: 0.18 < 25.50
2025-07-11 04:29:38,594 - INFO - [AUDIT] - Decision: RECOVER_EPS, Reason: Critical voltage, Mode: Nominal
2025-07-11 04:29:38,595 - INFO - [AUDIT] - Rule Activated: CRITICAL_VOLTAGE, Reason: Bus voltage below threshold: 0.18 < 25.50
2025-07-11 04:29:38,595 - INFO - [AUDIT] - Decision: RECOVER_EPS, Reason: Critical voltage, Mode: Nominal
2025-07-11 04:29:38,595 - INFO - [AUDIT] - Rule Activated: CRITICAL_VOLTAGE, Reason: Bus voltage below threshold: 0.18 < 25.50
2025-07-11 04:29:38,595 - INFO - [AUDIT] - Decision: RECOVER_EPS, Reason: Critical voltage, Mode: Nominal
2025-07-11 04:29:38,595 - INFO - [AUDIT] - Rule Activated: CRITICAL_VOLTAGE, Reason: Bus voltage below threshold: 0.18 < 25.50
2025-07-11 04:29:38,595 - INFO - [AUDIT] - Decision: RECOVER_EPS, Reason: Critical voltage, Mode: Nominal
2025-07-11 04:29:38,595 - INFO - [AUDIT] - Rule Activated: CRITICAL_VOLTAGE, Reason: Bus voltage below threshold: 0.18 < 25.50
2025-07-11 04:29:38,595 - INFO - [AUDIT] - Decision: RECOVER_EPS, Reason: Critical voltage, Mode: Nominal
2025-07-11 04:29:38,595 - INFO - [AUDIT] - Rule Activated: CRITICAL_VOLTAGE, Reason: Bus voltage below threshold: 0.18 < 25.50
2025-07-11 04:29:38,595 - INFO - [AUDIT] - Decision: RECOVER_EPS, Reason: Critical voltage, Mode: Nominal
2025-07-11 04:29:38,595 - INFO - [AUDIT] - Rule Activated: CRITICAL_VOLTAGE, Reason: Bus voltage below threshold: 0.18 < 25.50
2025-07-11 04:29:38,595 - INFO - [AUDIT] - Decision: RECOVER_EPS, Reason: Critical voltage, Mode: Nominal
2025-07-11 04:29:38,596 - INFO - [AUDIT] - Rule Activated: CRITICAL_VOLTAGE, Reason: Bus voltage below threshold: 0.18 < 25.50
2025-07-11 04:29:38,596 - INFO - [AUDIT] - Decision: RECOVER_EPS, Reason: Critical voltage, Mode: Nominal
2025-07-11 04:29:38,596 - INFO - [AUDIT] - Rule Activated: CRITICAL_VOLTAGE, Reason: Bus voltage below threshold: 0.18 < 25.50
2025-07-11 04:29:38,596 - INFO - [AUDIT] - Decision: RECOVER_EPS, Reason: Critical voltage, Mode: Nominal
2025-07-11 04:29:38,596 - INFO - [AUDIT] - Rule Activated: CRITICAL_VOLTAGE, Reason: Bus voltage below threshold: 0.18 < 25.50
2025-07-11 04:29:38,596 - INFO - [AUDIT] - Decision: RECOVER_EPS, Reason: Critical voltage, Mode: Nominal
2025-07-11 04:29:38,596 - INFO - [AUDIT] - Rule Activated: CRITICAL_VOLTAGE, Reason: Bus voltage below threshold: 0.18 < 25.50
2025-07-11 04:29:38,596 - INFO - [AUDIT] - Decision: RECOVER_EPS, Reason: Critical voltage, Mode: Nominal
2025-07-11 04:29:38,596 - INFO - [AUDIT] - Rule Activated: CRITICAL_VOLTAGE, Reason: Bus voltage below threshold: 0.18 < 25.50
2025-07-11 04:29:38,596 - INFO - [AUDIT] - Decision: RECOVER_EPS, Reason: Critical voltage, Mode: Nominal
2025-07-11 04:29:38,597 - INFO - [AUDIT] - Rule Activated: CRITICAL_VOLTAGE, Reason: Bus voltage below threshold: 0.18 < 25.50
2025-07-11 04:29:38,597 - INFO - [AUDIT] - Decision: RECOVER_EPS, Reason: Critical voltage, Mode: Nominal
2025-07-11 04:29:38,597 - INFO - [AUDIT] - Rule Activated: CRITICAL_VOLTAGE, Reason: Bus voltage below threshold: 0.18 < 25.50
2025-07-11 04:29:38,597 - INFO - [AUDIT] - Decision: RECOVER_EPS, Reason: Critical voltage, Mode: Nominal
2025-07-11 04:29:38,597 - INFO - [AUDIT] - Rule Activated: CRITICAL_VOLTAGE, Reason: Bus voltage below threshold: 0.18 < 25.50
2025-07-11 04:29:38,597 - INFO - [AUDIT] - Decision: RECOVER_EPS, Reason: Critical voltage, Mode: Nominal
2025-07-11 04:29:38,597 - INFO - [AUDIT] - Rule Activated: CRITICAL_VOLTAGE, Reason: Bus voltage below threshold: 0.18 < 25.50
2025-07-11 04:29:38,597 - INFO - [AUDIT] - Decision: RECOVER_EPS, Reason: Critical voltage, Mode: Nominal
2025-07-11 04:29:38,597 - INFO - [AUDIT] - Rule Activated: CRITICAL_VOLTAGE, Reason: Bus voltage below threshold: 0.18 < 25.50
2025-07-11 04:29:38,597 - INFO - [AUDIT] - Decision: RECOVER_EPS, Reason: Critical voltage, Mode: Nominal
2025-07-11 04:29:38,597 - INFO - [AUDIT] - Rule Activated: CRITICAL_VOLTAGE, Reason: Bus voltage below threshold: 0.18 < 25.50
2025-07-11 04:29:38,597 - INFO - [AUDIT] - Decision: RECOVER_EPS, Reason: Critical voltage, Mode: Nominal
2025-07-11 04:29:38,598 - INFO - [AUDIT] - Rule Activated: CRITICAL_VOLTAGE, Reason: Bus voltage below threshold: 0.18 < 25.50
2025-07-11 04:29:38,598 - INFO - [AUDIT] - Decision: RECOVER_EPS, Reason: Critical voltage, Mode: Nominal
2025-07-11 04:29:38,598 - INFO - [AUDIT] - Rule Activated: CRITICAL_VOLTAGE, Reason: Bus voltage below threshold: 0.18 < 25.50
2025-07-11 04:29:38,598 - INFO - [AUDIT] - Decision: RECOVER_EPS, Reason: Critical voltage, Mode: Nominal
2025-07-11 04:29:38,598 - INFO - [AUDIT] - Rule Activated: CRITICAL_VOLTAGE, Reason: Bus voltage below threshold: 0.18 < 25.50
2025-07-11 04:29:38,598 - INFO - [AUDIT] - Decision: RECOVER_EPS, Reason: Critical voltage, Mode: Nominal
2025-07-11 04:29:38,598 - INFO - [AUDIT] - Rule Activated: CRITICAL_VOLTAGE, Reason: Bus voltage below threshold: 0.18 < 25.50
2025-07-11 04:29:38,598 - INFO - [AUDIT] - Decision: RECOVER_EPS, Reason: Critical voltage, Mode: Nominal
2025-07-11 04:29:38,598 - INFO - [AUDIT] - Rule Activated: CRITICAL_VOLTAGE, Reason: Bus voltage below threshold: 0.18 < 25.50
2025-07-11 04:29:38,598 - INFO - [AUDIT] - Decision: RECOVER_EPS, Reason: Critical voltage, Mode: Nominal
2025-07-11 04:29:38,598 - INFO - [AUDIT] - Rule Activated: CRITICAL_VOLTAGE, Reason: Bus voltage below threshold: 0.18 < 25.50
2025-07-11 04:29:38,598 - INFO - [AUDIT] - Decision: RECOVER_EPS, Reason: Critical voltage, Mode: Nominal
2025-07-11 04:29:38,599 - INFO - [AUDIT] - Rule Activated: CRITICAL_VOLTAGE, Reason: Bus voltage below threshold: 0.18 < 25.50
2025-07-11 04:29:38,599 - INFO - [AUDIT] - Decision: RECOVER_EPS, Reason: Critical voltage, Mode: Nominal
2025-07-11 04:29:38,599 - INFO - [AUDIT] - Rule Activated: CRITICAL_VOLTAGE, Reason: Bus voltage below threshold: 0.18 < 25.50
2025-07-11 04:29:38,599 - INFO - [AUDIT] - Decision: RECOVER_EPS, Reason: Critical voltage, Mode: Nominal
2025-07-11 04:29:38,599 - INFO - [AUDIT] - Rule Activated: CRITICAL_VOLTAGE, Reason: Bus voltage below threshold: 0.18 < 25.50
2025-07-11 04:29:38,599 - INFO - [AUDIT] - Decision: RECOVER_EPS, Reason: Critical voltage, Mode: Nominal
2025-07-11 04:29:38,599 - INFO - [AUDIT] - Rule Activated: CRITICAL_VOLTAGE, Reason: Bus voltage below threshold: 0.18 < 25.50
2025-07-11 04:29:38,599 - INFO - [AUDIT] - Decision: RECOVER_EPS, Reason: Critical voltage, Mode: Nominal
2025-07-11 04:29:38,599 - INFO - [AUDIT] - Rule Activated: CRITICAL_VOLTAGE, Reason: Bus voltage below threshold: 0.18 < 25.50
2025-07-11 04:29:38,599 - INFO - [AUDIT] - Decision: RECOVER_EPS, Reason: Critical voltage, Mode: Nominal
2025-07-11 04:29:38,599 - INFO - [AUDIT] - Rule Activated: CRITICAL_VOLTAGE, Reason: Bus voltage below threshold: 0.18 < 25.50
2025-07-11 04:29:38,599 - INFO - [AUDIT] - Decision: RECOVER_EPS, Reason: Critical voltage, Mode: Nominal
2025-07-11 04:29:38,600 - INFO - [AUDIT] - Rule Activated: CRITICAL_VOLTAGE, Reason: Bus voltage below threshold: 0.00 < 25.50
2025-07-11 04:29:38,600 - INFO - [AUDIT] - Decision: RECOVER_EPS, Reason: Critical voltage, Mode: Nominal
2025-07-11 04:29:38,600 - INFO - [AUDIT] - Rule Activated: CRITICAL_VOLTAGE, Reason: Bus voltage below threshold: 0.18 < 25.50
2025-07-11 04:29:38,600 - INFO - [AUDIT] - Decision: RECOVER_EPS, Reason: Critical voltage, Mode: Nominal
2025-07-11 04:29:38,600 - INFO - [AUDIT] - Rule Activated: CRITICAL_VOLTAGE, Reason: Bus voltage below threshold: 0.18 < 25.50
2025-07-11 04:29:38,600 - INFO - [AUDIT] - Decision: RECOVER_EPS, Reason: Critical voltage, Mode: Nominal
2025-07-11 04:29:38,600 - INFO - [AUDIT] - Rule Activated: CRITICAL_VOLTAGE, Reason: Bus voltage below threshold: 0.18 < 25.50
2025-07-11 04:29:38,600 - INFO - [AUDIT] - Decision: RECOVER_EPS, Reason: Critical voltage, Mode: Nominal
2025-07-11 04:29:38,600 - INFO - [AUDIT] - Rule Activated: CRITICAL_VOLTAGE, Reason: Bus voltage below threshold: 0.18 < 25.50
2025-07-11 04:29:38,600 - INFO - [AUDIT] - Decision: RECOVER_EPS, Reason: Critical voltage, Mode: Nominal
2025-07-11 04:29:38,601 - INFO - [AUDIT] - Rule Activated: CRITICAL_VOLTAGE, Reason: Bus voltage below threshold: 0.18 < 25.50
2025-07-11 04:29:38,601 - INFO - [AUDIT] - Decision: RECOVER_EPS, Reason: Critical voltage, Mode: Nominal
2025-07-11 04:29:38,601 - INFO - [AUDIT] - Rule Activated: CRITICAL_VOLTAGE, Reason: Bus voltage below threshold: 0.18 < 25.50
2025-07-11 04:29:38,601 - INFO - [AUDIT] - Decision: RECOVER_EPS, Reason: Critical voltage, Mode: Nominal
2025-07-11 04:29:38,601 - INFO - [AUDIT] - Rule Activated: CRITICAL_VOLTAGE, Reason: Bus voltage below threshold: 0.18 < 25.50
2025-07-11 04:29:38,601 - INFO - [AUDIT] - Decision: RECOVER_EPS, Reason: Critical voltage, Mode: Nominal
2025-07-11 04:29:38,601 - INFO - [AUDIT] - Rule Activated: CRITICAL_VOLTAGE, Reason: Bus voltage below threshold: 0.18 < 25.50
2025-07-11 04:29:38,601 - INFO - [AUDIT] - Decision: RECOVER_EPS, Reason: Critical voltage, Mode: Nominal
2025-07-11 04:29:38,601 - INFO - [AUDIT] - Rule Activated: CRITICAL_VOLTAGE, Reason: Bus voltage below threshold: 0.18 < 25.50
2025-07-11 04:29:38,601 - INFO - [AUDIT] - Decision: RECOVER_EPS, Reason: Critical voltage, Mode: Nominal
2025-07-11 04:29:38,602 - INFO - [AUDIT] - Rule Activated: CRITICAL_VOLTAGE, Reason: Bus voltage below threshold: 0.18 < 25.50
2025-07-11 04:29:38,602 - INFO - [AUDIT] - Decision: RECOVER_EPS, Reason: Critical voltage, Mode: Nominal
2025-07-11 04:29:38,602 - INFO - [AUDIT] - Rule Activated: CRITICAL_VOLTAGE, Reason: Bus voltage below threshold: 0.18 < 25.50
2025-07-11 04:29:38,602 - INFO - [AUDIT] - Decision: RECOVER_EPS, Reason: Critical voltage, Mode: Nominal
2025-07-11 04:29:38,602 - INFO - [AUDIT] - Rule Activated: CRITICAL_VOLTAGE, Reason: Bus voltage below threshold: 0.18 < 25.50
2025-07-11 04:29:38,602 - INFO - [AUDIT] - Decision: RECOVER_EPS, Reason: Critical voltage, Mode: Nominal
2025-07-11 04:29:38,602 - INFO - [AUDIT] - Rule Activated: CRITICAL_VOLTAGE, Reason: Bus voltage below threshold: 0.18 < 25.50
2025-07-11 04:29:38,602 - INFO - [AUDIT] - Decision: RECOVER_EPS, Reason: Critical voltage, Mode: Nominal
2025-07-11 04:29:38,602 - INFO - [AUDIT] - Rule Activated: CRITICAL_VOLTAGE, Reason: Bus voltage below threshold: 0.18 < 25.50
2025-07-11 04:29:38,602 - INFO - [AUDIT] - Decision: RECOVER_EPS, Reason: Critical voltage, Mode: Nominal
2025-07-11 04:29:38,602 - INFO - [AUDIT] - Rule Activated: CRITICAL_VOLTAGE, Reason: Bus voltage below threshold: 0.18 < 25.50
2025-07-11 04:29:38,602 - INFO - [AUDIT] - Decision: RECOVER_EPS, Reason: Critical voltage, Mode: Nominal
2025-07-11 04:29:38,603 - INFO - [AUDIT] - Rule Activated: CRITICAL_VOLTAGE, Reason: Bus voltage below threshold: 0.18 < 25.50
2025-07-11 04:29:38,603 - INFO - [AUDIT] - Decision: RECOVER_EPS, Reason: Critical voltage, Mode: Nominal
2025-07-11 04:29:38,603 - INFO - [AUDIT] - Rule Activated: CRITICAL_VOLTAGE, Reason: Bus voltage below threshold: 0.18 < 25.50
2025-07-11 04:29:38,603 - INFO - [AUDIT] - Decision: RECOVER_EPS, Reason: Critical voltage, Mode: Nominal
2025-07-11 04:29:38,603 - INFO - [AUDIT] - Rule Activated: CRITICAL_VOLTAGE, Reason: Bus voltage below threshold: 0.18 < 25.50
2025-07-11 04:29:38,603 - INFO - [AUDIT] - Decision: RECOVER_EPS, Reason: Critical voltage, Mode: Nominal
2025-07-11 04:29:38,603 - INFO - [AUDIT] - Rule Activated: CRITICAL_VOLTAGE, Reason: Bus voltage below threshold: 0.18 < 25.50
2025-07-11 04:29:38,603 - INFO - [AUDIT] - Decision: RECOVER_EPS, Reason: Critical voltage, Mode: Nominal
2025-07-11 04:29:38,603 - INFO - [AUDIT] - Rule Activated: CRITICAL_VOLTAGE, Reason: Bus voltage below threshold: 0.18 < 25.50
2025-07-11 04:29:38,603 - INFO - [AUDIT] - Decision: RECOVER_EPS, Reason: Critical voltage, Mode: Nominal
2025-07-11 04:29:38,603 - INFO - [AUDIT] - Rule Activated: CRITICAL_VOLTAGE, Reason: Bus voltage below threshold: 0.18 < 25.50
2025-07-11 04:29:38,603 - INFO - [AUDIT] - Decision: RECOVER_EPS, Reason: Critical voltage, Mode: Nominal
2025-07-11 04:29:38,604 - INFO - [AUDIT] - Rule Activated: CRITICAL_VOLTAGE, Reason: Bus voltage below threshold: 0.18 < 25.50
2025-07-11 04:29:38,604 - INFO - [AUDIT] - Decision: RECOVER_EPS, Reason: Critical voltage, Mode: Nominal
2025-07-11 04:29:38,604 - INFO - [AUDIT] - Rule Activated: CRITICAL_VOLTAGE, Reason: Bus voltage below threshold: 0.18 < 25.50
2025-07-11 04:29:38,604 - INFO - [AUDIT] - Decision: RECOVER_EPS, Reason: Critical voltage, Mode: Nominal
2025-07-11 04:29:38,604 - INFO - [AUDIT] - Rule Activated: CRITICAL_VOLTAGE, Reason: Bus voltage below threshold: 0.18 < 25.50
2025-07-11 04:29:38,604 - INFO - [AUDIT] - Decision: RECOVER_EPS, Reason: Critical voltage, Mode: Nominal
2025-07-11 04:29:38,604 - INFO - [AUDIT] - Rule Activated: CRITICAL_VOLTAGE, Reason: Bus voltage below threshold: 0.18 < 25.50
2025-07-11 04:29:38,604 - INFO - [AUDIT] - Decision: RECOVER_EPS, Reason: Critical voltage, Mode: Nominal
2025-07-11 04:29:38,604 - INFO - [AUDIT] - Rule Activated: CRITICAL_VOLTAGE, Reason: Bus voltage below threshold: 0.18 < 25.50
2025-07-11 04:29:38,604 - INFO - [AUDIT] - Decision: RECOVER_EPS, Reason: Critical voltage, Mode: Nominal
2025-07-11 04:29:38,604 - INFO - [AUDIT] - Rule Activated: CRITICAL_VOLTAGE, Reason: Bus voltage below threshold: 0.18 < 25.50
2025-07-11 04:29:38,604 - INFO - [AUDIT] - Decision: RECOVER_EPS, Reason: Critical voltage, Mode: Nominal
2025-07-11 04:29:38,605 - INFO - [AUDIT] - Rule Activated: CRITICAL_VOLTAGE, Reason: Bus voltage below threshold: 0.18 < 25.50
2025-07-11 04:29:38,605 - INFO - [AUDIT] - Decision: RECOVER_EPS, Reason: Critical voltage, Mode: Nominal
2025-07-11 04:29:38,605 - INFO - [AUDIT] - Rule Activated: CRITICAL_VOLTAGE, Reason: Bus voltage below threshold: 0.18 < 25.50
2025-07-11 04:29:38,605 - INFO - [AUDIT] - Decision: RECOVER_EPS, Reason: Critical voltage, Mode: Nominal
2025-07-11 04:29:38,605 - INFO - [AUDIT] - Rule Activated: CRITICAL_VOLTAGE, Reason: Bus voltage below threshold: 0.18 < 25.50
2025-07-11 04:29:38,605 - INFO - [AUDIT] - Decision: RECOVER_EPS, Reason: Critical voltage, Mode: Nominal
2025-07-11 04:29:38,605 - INFO - [AUDIT] - Rule Activated: CRITICAL_VOLTAGE, Reason: Bus voltage below threshold: 0.18 < 25.50
2025-07-11 04:29:38,605 - INFO - [AUDIT] - Decision: RECOVER_EPS, Reason: Critical voltage, Mode: Nominal
2025-07-11 04:29:38,605 - INFO - [AUDIT] - Rule Activated: CRITICAL_VOLTAGE, Reason: Bus voltage below threshold: 0.18 < 25.50
2025-07-11 04:29:38,605 - INFO - [AUDIT] - Decision: RECOVER_EPS, Reason: Critical voltage, Mode: Nominal
2025-07-11 04:29:38,605 - INFO - [AUDIT] - Rule Activated: CRITICAL_VOLTAGE, Reason: Bus voltage below threshold: 0.18 < 25.50
2025-07-11 04:29:38,605 - INFO - [AUDIT] - Decision: RECOVER_EPS, Reason: Critical voltage, Mode: Nominal
2025-07-11 04:29:38,605 - INFO - [AUDIT] - Rule Activated: CRITICAL_VOLTAGE, Reason: Bus voltage below threshold: 0.18 < 25.50
2025-07-11 04:29:38,606 - INFO - [AUDIT] - Decision: RECOVER_EPS, Reason: Critical voltage, Mode: Nominal
2025-07-11 04:29:38,606 - INFO - [AUDIT] - Rule Activated: CRITICAL_VOLTAGE, Reason: Bus voltage below threshold: 0.18 < 25.50
2025-07-11 04:29:38,606 - INFO - [AUDIT] - Decision: RECOVER_EPS, Reason: Critical voltage, Mode: Nominal
2025-07-11 04:29:38,606 - INFO - [AUDIT] - Rule Activated: CRITICAL_VOLTAGE, Reason: Bus voltage below threshold: 0.18 < 25.50
2025-07-11 04:29:38,606 - INFO - [AUDIT] - Decision: RECOVER_EPS, Reason: Critical voltage, Mode: Nominal
2025-07-11 04:29:38,606 - INFO - [AUDIT] - Rule Activated: CRITICAL_VOLTAGE, Reason: Bus voltage below threshold: 0.18 < 25.50
2025-07-11 04:29:38,606 - INFO - [AUDIT] - Decision: RECOVER_EPS, Reason: Critical voltage, Mode: Nominal
2025-07-11 04:29:38,606 - INFO - [AUDIT] - Rule Activated: CRITICAL_VOLTAGE, Reason: Bus voltage below threshold: 0.18 < 25.50
2025-07-11 04:29:38,606 - INFO - [AUDIT] - Decision: RECOVER_EPS, Reason: Critical voltage, Mode: Nominal
2025-07-11 04:29:38,606 - INFO - [AUDIT] - Rule Activated: CRITICAL_VOLTAGE, Reason: Bus voltage below threshold: 0.18 < 25.50
2025-07-11 04:29:38,606 - INFO - [AUDIT] - Decision: RECOVER_EPS, Reason: Critical voltage, Mode: Nominal
2025-07-11 04:29:38,607 - INFO - [AUDIT] - Rule Activated: CRITICAL_VOLTAGE, Reason: Bus voltage below threshold: 0.18 < 25.50
2025-07-11 04:29:38,607 - INFO - [AUDIT] - Decision: RECOVER_EPS, Reason: Critical voltage, Mode: Nominal
2025-07-11 04:29:38,607 - INFO - [AUDIT] - Rule Activated: CRITICAL_VOLTAGE, Reason: Bus voltage below threshold: 0.18 < 25.50
2025-07-11 04:29:38,607 - INFO - [AUDIT] - Decision: RECOVER_EPS, Reason: Critical voltage, Mode: Nominal
2025-07-11 04:29:38,607 - INFO - [AUDIT] - Rule Activated: CRITICAL_VOLTAGE, Reason: Bus voltage below threshold: 0.18 < 25.50
2025-07-11 04:29:38,607 - INFO - [AUDIT] - Decision: RECOVER_EPS, Reason: Critical voltage, Mode: Nominal
2025-07-11 04:29:38,607 - INFO - [AUDIT] - Rule Activated: CRITICAL_VOLTAGE, Reason: Bus voltage below threshold: 0.18 < 25.50
2025-07-11 04:29:38,607 - INFO - [AUDIT] - Decision: RECOVER_EPS, Reason: Critical voltage, Mode: Nominal
2025-07-11 04:29:38,607 - INFO - [AUDIT] - Rule Activated: CRITICAL_VOLTAGE, Reason: Bus voltage below threshold: 0.18 < 25.50
2025-07-11 04:29:38,607 - INFO - [AUDIT] - Decision: RECOVER_EPS, Reason: Critical voltage, Mode: Nominal
2025-07-11 04:29:38,607 - INFO - [AUDIT] - Rule Activated: CRITICAL_VOLTAGE, Reason: Bus voltage below threshold: 0.18 < 25.50
2025-07-11 04:29:38,607 - INFO - [AUDIT] - Decision: RECOVER_EPS, Reason: Critical voltage, Mode: Nominal
2025-07-11 04:29:38,608 - INFO - [AUDIT] - Rule Activated: CRITICAL_VOLTAGE, Reason: Bus voltage below threshold: 0.18 < 25.50
2025-07-11 04:29:38,608 - INFO - [AUDIT] - Decision: RECOVER_EPS, Reason: Critical voltage, Mode: Nominal
2025-07-11 04:29:38,608 - INFO - [AUDIT] - Rule Activated: CRITICAL_VOLTAGE, Reason: Bus voltage below threshold: 0.18 < 25.50
2025-07-11 04:29:38,608 - INFO - [AUDIT] - Decision: RECOVER_EPS, Reason: Critical voltage, Mode: Nominal
2025-07-11 04:29:38,608 - INFO - [AUDIT] - Rule Activated: CRITICAL_VOLTAGE, Reason: Bus voltage below threshold: 0.18 < 25.50
2025-07-11 04:29:38,608 - INFO - [AUDIT] - Decision: RECOVER_EPS, Reason: Critical voltage, Mode: Nominal
2025-07-11 04:29:38,608 - INFO - [AUDIT] - Rule Activated: CRITICAL_VOLTAGE, Reason: Bus voltage below threshold: 0.18 < 25.50
2025-07-11 04:29:38,608 - INFO - [AUDIT] - Decision: RECOVER_EPS, Reason: Critical voltage, Mode: Nominal
2025-07-11 04:29:38,609 - INFO - [AUDIT] - Rule Activated: CRITICAL_VOLTAGE, Reason: Bus voltage below threshold: 0.18 < 25.50
2025-07-11 04:29:38,609 - INFO - [AUDIT] - Decision: RECOVER_EPS, Reason: Critical voltage, Mode: Nominal
2025-07-11 04:29:38,609 - INFO - [AUDIT] - Rule Activated: CRITICAL_VOLTAGE, Reason: Bus voltage below threshold: 0.18 < 25.50
2025-07-11 04:29:38,609 - INFO - [AUDIT] - Decision: RECOVER_EPS, Reason: Critical voltage, Mode: Nominal
2025-07-11 04:29:38,609 - INFO - [AUDIT] - Rule Activated: CRITICAL_VOLTAGE, Reason: Bus voltage below threshold: 0.18 < 25.50
2025-07-11 04:29:38,609 - INFO - [AUDIT] - Decision: RECOVER_EPS, Reason: Critical voltage, Mode: Nominal
2025-07-11 04:29:38,609 - INFO - [AUDIT] - Rule Activated: CRITICAL_VOLTAGE, Reason: Bus voltage below threshold: 0.18 < 25.50
2025-07-11 04:29:38,609 - INFO - [AUDIT] - Decision: RECOVER_EPS, Reason: Critical voltage, Mode: Nominal
2025-07-11 04:29:38,609 - INFO - [AUDIT] - Rule Activated: CRITICAL_VOLTAGE, Reason: Bus voltage below threshold: 0.18 < 25.50
2025-07-11 04:29:38,609 - INFO - [AUDIT] - Decision: RECOVER_EPS, Reason: Critical voltage, Mode: Nominal
2025-07-11 04:29:38,609 - INFO - [AUDIT] - Rule Activated: CRITICAL_VOLTAGE, Reason: Bus voltage below threshold: 0.18 < 25.50
2025-07-11 04:29:38,610 - INFO - [AUDIT] - Decision: RECOVER_EPS, Reason: Critical voltage, Mode: Nominal
2025-07-11 04:29:38,610 - INFO - [AUDIT] - Rule Activated: CRITICAL_VOLTAGE, Reason: Bus voltage below threshold: 0.18 < 25.50
2025-07-11 04:29:38,610 - INFO - [AUDIT] - Decision: RECOVER_EPS, Reason: Critical voltage, Mode: Nominal
2025-07-11 04:29:38,610 - INFO - [AUDIT] - Rule Activated: CRITICAL_VOLTAGE, Reason: Bus voltage below threshold: 0.18 < 25.50
2025-07-11 04:29:38,610 - INFO - [AUDIT] - Decision: RECOVER_EPS, Reason: Critical voltage, Mode: Nominal
2025-07-11 04:29:38,610 - INFO - [AUDIT] - Rule Activated: CRITICAL_VOLTAGE, Reason: Bus voltage below threshold: 0.18 < 25.50
2025-07-11 04:29:38,610 - INFO - [AUDIT] - Decision: RECOVER_EPS, Reason: Critical voltage, Mode: Nominal
2025-07-11 04:29:38,610 - INFO - [AUDIT] - Rule Activated: CRITICAL_VOLTAGE, Reason: Bus voltage below threshold: 0.18 < 25.50
2025-07-11 04:29:38,610 - INFO - [AUDIT] - Decision: RECOVER_EPS, Reason: Critical voltage, Mode: Nominal
2025-07-11 04:29:38,610 - INFO - [AUDIT] - Rule Activated: CRITICAL_VOLTAGE, Reason: Bus voltage below threshold: 0.18 < 25.50
2025-07-11 04:29:38,610 - INFO - [AUDIT] - Decision: RECOVER_EPS, Reason: Critical voltage, Mode: Nominal
2025-07-11 04:29:38,610 - INFO - [AUDIT] - Rule Activated: CRITICAL_VOLTAGE, Reason: Bus voltage below threshold: 0.18 < 25.50
2025-07-11 04:29:38,610 - INFO - [AUDIT] - Decision: RECOVER_EPS, Reason: Critical voltage, Mode: Nominal
2025-07-11 04:29:38,611 - INFO - [AUDIT] - Rule Activated: CRITICAL_VOLTAGE, Reason: Bus voltage below threshold: 0.18 < 25.50
2025-07-11 04:29:38,611 - INFO - [AUDIT] - Decision: RECOVER_EPS, Reason: Critical voltage, Mode: Nominal
2025-07-11 04:29:38,611 - INFO - [AUDIT] - Rule Activated: CRITICAL_VOLTAGE, Reason: Bus voltage below threshold: 0.18 < 25.50
2025-07-11 04:29:38,611 - INFO - [AUDIT] - Decision: RECOVER_EPS, Reason: Critical voltage, Mode: Nominal
2025-07-11 04:29:38,611 - INFO - [AUDIT] - Rule Activated: CRITICAL_VOLTAGE, Reason: Bus voltage below threshold: 0.18 < 25.50
2025-07-11 04:29:38,611 - INFO - [AUDIT] - Decision: RECOVER_EPS, Reason: Critical voltage, Mode: Nominal
2025-07-11 04:29:38,611 - INFO - [AUDIT] - Rule Activated: CRITICAL_VOLTAGE, Reason: Bus voltage below threshold: 0.18 < 25.50
2025-07-11 04:29:38,611 - INFO - [AUDIT] - Decision: RECOVER_EPS, Reason: Critical voltage, Mode: Nominal
2025-07-11 04:29:38,611 - INFO - [AUDIT] - Rule Activated: CRITICAL_VOLTAGE, Reason: Bus voltage below threshold: 0.18 < 25.50
2025-07-11 04:29:38,611 - INFO - [AUDIT] - Decision: RECOVER_EPS, Reason: Critical voltage, Mode: Nominal
2025-07-11 04:29:38,611 - INFO - [AUDIT] - Rule Activated: CRITICAL_VOLTAGE, Reason: Bus voltage below threshold: 0.18 < 25.50
2025-07-11 04:29:38,612 - INFO - [AUDIT] - Decision: RECOVER_EPS, Reason: Critical voltage, Mode: Nominal
2025-07-11 04:29:38,612 - INFO - [AUDIT] - Rule Activated: CRITICAL_VOLTAGE, Reason: Bus voltage below threshold: 0.18 < 25.50
2025-07-11 04:29:38,612 - INFO - [AUDIT] - Decision: RECOVER_EPS, Reason: Critical voltage, Mode: Nominal
2025-07-11 04:29:38,612 - INFO - [AUDIT] - Rule Activated: CRITICAL_VOLTAGE, Reason: Bus voltage below threshold: 0.18 < 25.50
2025-07-11 04:29:38,612 - INFO - [AUDIT] - Decision: RECOVER_EPS, Reason: Critical voltage, Mode: Nominal
2025-07-11 04:29:38,612 - INFO - [AUDIT] - Rule Activated: CRITICAL_VOLTAGE, Reason: Bus voltage below threshold: 0.18 < 25.50
2025-07-11 04:29:38,612 - INFO - [AUDIT] - Decision: RECOVER_EPS, Reason: Critical voltage, Mode: Nominal
2025-07-11 04:29:38,612 - INFO - [AUDIT] - Rule Activated: CRITICAL_VOLTAGE, Reason: Bus voltage below threshold: 0.18 < 25.50
2025-07-11 04:29:38,612 - INFO - [AUDIT] - Decision: RECOVER_EPS, Reason: Critical voltage, Mode: Nominal
2025-07-11 04:29:38,612 - INFO - [AUDIT] - Rule Activated: CRITICAL_VOLTAGE, Reason: Bus voltage below threshold: 0.18 < 25.50
2025-07-11 04:29:38,612 - INFO - [AUDIT] - Decision: RECOVER_EPS, Reason: Critical voltage, Mode: Nominal
2025-07-11 04:29:38,613 - INFO - [AUDIT] - Rule Activated: CRITICAL_VOLTAGE, Reason: Bus voltage below threshold: 0.18 < 25.50
2025-07-11 04:29:38,613 - INFO - [AUDIT] - Decision: RECOVER_EPS, Reason: Critical voltage, Mode: Nominal
2025-07-11 04:29:38,613 - INFO - [AUDIT] - Rule Activated: CRITICAL_VOLTAGE, Reason: Bus voltage below threshold: 0.18 < 25.50
2025-07-11 04:29:38,613 - INFO - [AUDIT] - Decision: RECOVER_EPS, Reason: Critical voltage, Mode: Nominal
2025-07-11 04:29:38,613 - INFO - [AUDIT] - Rule Activated: CRITICAL_VOLTAGE, Reason: Bus voltage below threshold: 0.18 < 25.50
2025-07-11 04:29:38,613 - INFO - [AUDIT] - Decision: RECOVER_EPS, Reason: Critical voltage, Mode: Nominal
2025-07-11 04:29:38,613 - INFO - [AUDIT] - Rule Activated: CRITICAL_VOLTAGE, Reason: Bus voltage below threshold: 0.18 < 25.50
2025-07-11 04:29:38,613 - INFO - [AUDIT] - Decision: RECOVER_EPS, Reason: Critical voltage, Mode: Nominal
2025-07-11 04:29:38,613 - INFO - [AUDIT] - Rule Activated: CRITICAL_VOLTAGE, Reason: Bus voltage below threshold: 0.18 < 25.50
2025-07-11 04:29:38,613 - INFO - [AUDIT] - Decision: RECOVER_EPS, Reason: Critical voltage, Mode: Nominal
2025-07-11 04:29:38,613 - INFO - [AUDIT] - Rule Activated: CRITICAL_VOLTAGE, Reason: Bus voltage below threshold: 0.18 < 25.50
2025-07-11 04:29:38,613 - INFO - [AUDIT] - Decision: RECOVER_EPS, Reason: Critical voltage, Mode: Nominal
2025-07-11 04:29:38,613 - INFO - [AUDIT] - Rule Activated: CRITICAL_VOLTAGE, Reason: Bus voltage below threshold: 0.18 < 25.50
2025-07-11 04:29:38,613 - INFO - [AUDIT] - Decision: RECOVER_EPS, Reason: Critical voltage, Mode: Nominal
2025-07-11 04:29:38,614 - INFO - [AUDIT] - Rule Activated: CRITICAL_VOLTAGE, Reason: Bus voltage below threshold: 0.18 < 25.50
2025-07-11 04:29:38,614 - INFO - [AUDIT] - Decision: RECOVER_EPS, Reason: Critical voltage, Mode: Nominal
2025-07-11 04:29:38,614 - INFO - [AUDIT] - Rule Activated: CRITICAL_VOLTAGE, Reason: Bus voltage below threshold: 0.18 < 25.50
2025-07-11 04:29:38,614 - INFO - [AUDIT] - Decision: RECOVER_EPS, Reason: Critical voltage, Mode: Nominal
2025-07-11 04:29:38,614 - INFO - [AUDIT] - Rule Activated: CRITICAL_VOLTAGE, Reason: Bus voltage below threshold: 0.18 < 25.50
2025-07-11 04:29:38,614 - INFO - [AUDIT] - Decision: RECOVER_EPS, Reason: Critical voltage, Mode: Nominal
2025-07-11 04:29:38,614 - INFO - [AUDIT] - Rule Activated: CRITICAL_VOLTAGE, Reason: Bus voltage below threshold: 0.18 < 25.50
2025-07-11 04:29:38,614 - INFO - [AUDIT] - Decision: RECOVER_EPS, Reason: Critical voltage, Mode: Nominal
2025-07-11 04:29:38,614 - INFO - [AUDIT] - Rule Activated: CRITICAL_VOLTAGE, Reason: Bus voltage below threshold: 0.18 < 25.50
2025-07-11 04:29:38,614 - INFO - [AUDIT] - Decision: RECOVER_EPS, Reason: Critical voltage, Mode: Nominal
2025-07-11 04:29:38,614 - INFO - [AUDIT] - Rule Activated: CRITICAL_VOLTAGE, Reason: Bus voltage below threshold: 0.18 < 25.50
2025-07-11 04:29:38,614 - INFO - [AUDIT] - Decision: RECOVER_EPS, Reason: Critical voltage, Mode: Nominal
2025-07-11 04:29:38,615 - INFO - [AUDIT] - Rule Activated: CRITICAL_VOLTAGE, Reason: Bus voltage below threshold: 0.18 < 25.50
2025-07-11 04:29:38,615 - INFO - [AUDIT] - Decision: RECOVER_EPS, Reason: Critical voltage, Mode: Nominal
2025-07-11 04:29:38,615 - INFO - [AUDIT] - Rule Activated: CRITICAL_VOLTAGE, Reason: Bus voltage below threshold: 0.18 < 25.50
2025-07-11 04:29:38,615 - INFO - [AUDIT] - Decision: RECOVER_EPS, Reason: Critical voltage, Mode: Nominal
2025-07-11 04:29:38,615 - INFO - [AUDIT] - Rule Activated: CRITICAL_VOLTAGE, Reason: Bus voltage below threshold: 0.18 < 25.50
2025-07-11 04:29:38,615 - INFO - [AUDIT] - Decision: RECOVER_EPS, Reason: Critical voltage, Mode: Nominal
2025-07-11 04:29:38,615 - INFO - [AUDIT] - Rule Activated: CRITICAL_VOLTAGE, Reason: Bus voltage below threshold: 0.18 < 25.50
2025-07-11 04:29:38,615 - INFO - [AUDIT] - Decision: RECOVER_EPS, Reason: Critical voltage, Mode: Nominal
2025-07-11 04:29:38,615 - INFO - [AUDIT] - Rule Activated: CRITICAL_VOLTAGE, Reason: Bus voltage below threshold: 0.18 < 25.50
2025-07-11 04:29:38,615 - INFO - [AUDIT] - Decision: RECOVER_EPS, Reason: Critical voltage, Mode: Nominal
2025-07-11 04:29:38,615 - INFO - [AUDIT] - Rule Activated: CRITICAL_VOLTAGE, Reason: Bus voltage below threshold: 0.18 < 25.50
2025-07-11 04:29:38,615 - INFO - [AUDIT] - Decision: RECOVER_EPS, Reason: Critical voltage, Mode: Nominal
2025-07-11 04:29:38,616 - INFO - [AUDIT] - Rule Activated: CRITICAL_VOLTAGE, Reason: Bus voltage below threshold: 0.18 < 25.50
2025-07-11 04:29:38,616 - INFO - [AUDIT] - Decision: RECOVER_EPS, Reason: Critical voltage, Mode: Nominal
2025-07-11 04:29:38,616 - INFO - [AUDIT] - Rule Activated: CRITICAL_VOLTAGE, Reason: Bus voltage below threshold: 0.18 < 25.50
2025-07-11 04:29:38,616 - INFO - [AUDIT] - Decision: RECOVER_EPS, Reason: Critical voltage, Mode: Nominal
2025-07-11 04:29:38,616 - INFO - [AUDIT] - Rule Activated: CRITICAL_VOLTAGE, Reason: Bus voltage below threshold: 0.18 < 25.50
2025-07-11 04:29:38,616 - INFO - [AUDIT] - Decision: RECOVER_EPS, Reason: Critical voltage, Mode: Nominal
2025-07-11 04:29:38,616 - INFO - [AUDIT] - Rule Activated: CRITICAL_VOLTAGE, Reason: Bus voltage below threshold: 0.18 < 25.50
2025-07-11 04:29:38,616 - INFO - [AUDIT] - Decision: RECOVER_EPS, Reason: Critical voltage, Mode: Nominal
2025-07-11 04:29:38,616 - INFO - [AUDIT] - Rule Activated: CRITICAL_VOLTAGE, Reason: Bus voltage below threshold: 0.18 < 25.50
2025-07-11 04:29:38,616 - INFO - [AUDIT] - Decision: RECOVER_EPS, Reason: Critical voltage, Mode: Nominal
2025-07-11 04:29:38,616 - INFO - [AUDIT] - Rule Activated: CRITICAL_VOLTAGE, Reason: Bus voltage below threshold: 0.18 < 25.50
2025-07-11 04:29:38,617 - INFO - [AUDIT] - Decision: RECOVER_EPS, Reason: Critical voltage, Mode: Nominal
2025-07-11 04:29:38,617 - INFO - [AUDIT] - Rule Activated: CRITICAL_VOLTAGE, Reason: Bus voltage below threshold: 0.18 < 25.50
2025-07-11 04:29:38,617 - INFO - [AUDIT] - Decision: RECOVER_EPS, Reason: Critical voltage, Mode: Nominal
2025-07-11 04:29:38,617 - INFO - [AUDIT] - Rule Activated: CRITICAL_VOLTAGE, Reason: Bus voltage below threshold: 0.18 < 25.50
2025-07-11 04:29:38,617 - INFO - [AUDIT] - Decision: RECOVER_EPS, Reason: Critical voltage, Mode: Nominal
2025-07-11 04:29:38,617 - INFO - [AUDIT] - Rule Activated: CRITICAL_VOLTAGE, Reason: Bus voltage below threshold: 0.18 < 25.50
2025-07-11 04:29:38,617 - INFO - [AUDIT] - Decision: RECOVER_EPS, Reason: Critical voltage, Mode: Nominal
2025-07-11 04:29:38,617 - INFO - [AUDIT] - Rule Activated: CRITICAL_VOLTAGE, Reason: Bus voltage below threshold: 0.18 < 25.50
2025-07-11 04:29:38,617 - INFO - [AUDIT] - Decision: RECOVER_EPS, Reason: Critical voltage, Mode: Nominal
2025-07-11 04:29:38,617 - INFO - [AUDIT] - Rule Activated: CRITICAL_VOLTAGE, Reason: Bus voltage below threshold: 0.18 < 25.50
2025-07-11 04:29:38,617 - INFO - [AUDIT] - Decision: RECOVER_EPS, Reason: Critical voltage, Mode: Nominal
2025-07-11 04:29:38,618 - INFO - [AUDIT] - Rule Activated: CRITICAL_VOLTAGE, Reason: Bus voltage below threshold: 0.18 < 25.50
2025-07-11 04:29:38,618 - INFO - [AUDIT] - Decision: RECOVER_EPS, Reason: Critical voltage, Mode: Nominal
2025-07-11 04:29:38,618 - INFO - [AUDIT] - Rule Activated: CRITICAL_VOLTAGE, Reason: Bus voltage below threshold: 0.18 < 25.50
2025-07-11 04:29:38,618 - INFO - [AUDIT] - Decision: RECOVER_EPS, Reason: Critical voltage, Mode: Nominal
2025-07-11 04:29:38,618 - INFO - [AUDIT] - Rule Activated: CRITICAL_VOLTAGE, Reason: Bus voltage below threshold: 0.18 < 25.50
2025-07-11 04:29:38,618 - INFO - [AUDIT] - Decision: RECOVER_EPS, Reason: Critical voltage, Mode: Nominal
2025-07-11 04:29:38,618 - INFO - [AUDIT] - Rule Activated: CRITICAL_VOLTAGE, Reason: Bus voltage below threshold: 0.18 < 25.50
2025-07-11 04:29:38,618 - INFO - [AUDIT] - Decision: RECOVER_EPS, Reason: Critical voltage, Mode: Nominal
2025-07-11 04:29:38,618 - INFO - [AUDIT] - Rule Activated: CRITICAL_VOLTAGE, Reason: Bus voltage below threshold: 0.18 < 25.50
2025-07-11 04:29:38,618 - INFO - [AUDIT] - Decision: RECOVER_EPS, Reason: Critical voltage, Mode: Nominal
2025-07-11 04:29:38,618 - INFO - [AUDIT] - Rule Activated: CRITICAL_VOLTAGE, Reason: Bus voltage below threshold: 0.18 < 25.50
2025-07-11 04:29:38,618 - INFO - [AUDIT] - Decision: RECOVER_EPS, Reason: Critical voltage, Mode: Nominal
2025-07-11 04:29:38,618 - INFO - [AUDIT] - Rule Activated: CRITICAL_VOLTAGE, Reason: Bus voltage below threshold: 0.18 < 25.50
2025-07-11 04:29:38,618 - INFO - [AUDIT] - Decision: RECOVER_EPS, Reason: Critical voltage, Mode: Nominal
2025-07-11 04:29:38,619 - INFO - [AUDIT] - Rule Activated: CRITICAL_VOLTAGE, Reason: Bus voltage below threshold: 0.18 < 25.50
2025-07-11 04:29:38,619 - INFO - [AUDIT] - Decision: RECOVER_EPS, Reason: Critical voltage, Mode: Nominal
2025-07-11 04:29:38,619 - INFO - [AUDIT] - Rule Activated: CRITICAL_VOLTAGE, Reason: Bus voltage below threshold: 0.18 < 25.50
2025-07-11 04:29:38,619 - INFO - [AUDIT] - Decision: RECOVER_EPS, Reason: Critical voltage, Mode: Nominal
2025-07-11 04:29:38,619 - INFO - [AUDIT] - Rule Activated: CRITICAL_VOLTAGE, Reason: Bus voltage below threshold: 0.18 < 25.50
2025-07-11 04:29:38,619 - INFO - [AUDIT] - Decision: RECOVER_EPS, Reason: Critical voltage, Mode: Nominal
2025-07-11 04:29:38,619 - INFO - [AUDIT] - Rule Activated: CRITICAL_VOLTAGE, Reason: Bus voltage below threshold: 0.18 < 25.50
2025-07-11 04:29:38,619 - INFO - [AUDIT] - Decision: RECOVER_EPS, Reason: Critical voltage, Mode: Nominal
2025-07-11 04:29:38,619 - INFO - [AUDIT] - Rule Activated: CRITICAL_VOLTAGE, Reason: Bus voltage below threshold: 0.18 < 25.50
2025-07-11 04:29:38,619 - INFO - [AUDIT] - Decision: RECOVER_EPS, Reason: Critical voltage, Mode: Nominal
2025-07-11 04:29:38,619 - INFO - [AUDIT] - Rule Activated: CRITICAL_VOLTAGE, Reason: Bus voltage below threshold: 0.18 < 25.50
2025-07-11 04:29:38,619 - INFO - [AUDIT] - Decision: RECOVER_EPS, Reason: Critical voltage, Mode: Nominal
2025-07-11 04:29:38,620 - INFO - [AUDIT] - Rule Activated: CRITICAL_VOLTAGE, Reason: Bus voltage below threshold: 0.18 < 25.50
2025-07-11 04:29:38,620 - INFO - [AUDIT] - Decision: RECOVER_EPS, Reason: Critical voltage, Mode: Nominal
2025-07-11 04:29:38,620 - INFO - [AUDIT] - Rule Activated: CRITICAL_VOLTAGE, Reason: Bus voltage below threshold: 0.18 < 25.50
2025-07-11 04:29:38,620 - INFO - [AUDIT] - Decision: RECOVER_EPS, Reason: Critical voltage, Mode: Nominal
2025-07-11 04:29:38,620 - INFO - [AUDIT] - Rule Activated: CRITICAL_VOLTAGE, Reason: Bus voltage below threshold: 0.18 < 25.50
2025-07-11 04:29:38,620 - INFO - [AUDIT] - Decision: RECOVER_EPS, Reason: Critical voltage, Mode: Nominal
2025-07-11 04:29:38,620 - INFO - [AUDIT] - Rule Activated: CRITICAL_VOLTAGE, Reason: Bus voltage below threshold: 0.18 < 25.50
2025-07-11 04:29:38,620 - INFO - [AUDIT] - Decision: RECOVER_EPS, Reason: Critical voltage, Mode: Nominal
2025-07-11 04:29:38,620 - INFO - [AUDIT] - Rule Activated: CRITICAL_VOLTAGE, Reason: Bus voltage below threshold: 0.18 < 25.50
2025-07-11 04:29:38,620 - INFO - [AUDIT] - Decision: RECOVER_EPS, Reason: Critical voltage, Mode: Nominal
2025-07-11 04:29:38,620 - INFO - [AUDIT] - Rule Activated: CRITICAL_VOLTAGE, Reason: Bus voltage below threshold: 0.18 < 25.50
2025-07-11 04:29:38,620 - INFO - [AUDIT] - Decision: RECOVER_EPS, Reason: Critical voltage, Mode: Nominal
2025-07-11 04:29:38,620 - INFO - [AUDIT] - Rule Activated: CRITICAL_VOLTAGE, Reason: Bus voltage below threshold: 0.18 < 25.50
2025-07-11 04:29:38,621 - INFO - [AUDIT] - Decision: RECOVER_EPS, Reason: Critical voltage, Mode: Nominal
2025-07-11 04:29:38,621 - INFO - [AUDIT] - Rule Activated: CRITICAL_VOLTAGE, Reason: Bus voltage below threshold: 0.18 < 25.50
2025-07-11 04:29:38,621 - INFO - [AUDIT] - Decision: RECOVER_EPS, Reason: Critical voltage, Mode: Nominal
2025-07-11 04:29:38,621 - INFO - [AUDIT] - Rule Activated: CRITICAL_VOLTAGE, Reason: Bus voltage below threshold: 0.18 < 25.50
2025-07-11 04:29:38,621 - INFO - [AUDIT] - Decision: RECOVER_EPS, Reason: Critical voltage, Mode: Nominal
2025-07-11 04:29:38,621 - INFO - [AUDIT] - Rule Activated: CRITICAL_VOLTAGE, Reason: Bus voltage below threshold: 0.18 < 25.50
2025-07-11 04:29:38,621 - INFO - [AUDIT] - Decision: RECOVER_EPS, Reason: Critical voltage, Mode: Nominal
2025-07-11 04:29:38,621 - INFO - [AUDIT] - Rule Activated: CRITICAL_VOLTAGE, Reason: Bus voltage below threshold: 0.18 < 25.50
2025-07-11 04:29:38,621 - INFO - [AUDIT] - Decision: RECOVER_EPS, Reason: Critical voltage, Mode: Nominal
2025-07-11 04:29:38,621 - INFO - [AUDIT] - Rule Activated: CRITICAL_VOLTAGE, Reason: Bus voltage below threshold: 0.18 < 25.50
2025-07-11 04:29:38,621 - INFO - [AUDIT] - Decision: RECOVER_EPS, Reason: Critical voltage, Mode: Nominal
2025-07-11 04:29:38,621 - INFO - [AUDIT] - Rule Activated: CRITICAL_VOLTAGE, Reason: Bus voltage below threshold: 0.18 < 25.50
2025-07-11 04:29:38,622 - INFO - [AUDIT] - Decision: RECOVER_EPS, Reason: Critical voltage, Mode: Nominal
2025-07-11 04:29:38,622 - INFO - [AUDIT] - Rule Activated: CRITICAL_VOLTAGE, Reason: Bus voltage below threshold: 0.18 < 25.50
2025-07-11 04:29:38,622 - INFO - [AUDIT] - Decision: RECOVER_EPS, Reason: Critical voltage, Mode: Nominal
2025-07-11 04:29:38,622 - INFO - [AUDIT] - Rule Activated: CRITICAL_VOLTAGE, Reason: Bus voltage below threshold: 0.18 < 25.50
2025-07-11 04:29:38,622 - INFO - [AUDIT] - Decision: RECOVER_EPS, Reason: Critical voltage, Mode: Nominal
2025-07-11 04:29:38,622 - INFO - [AUDIT] - Rule Activated: CRITICAL_VOLTAGE, Reason: Bus voltage below threshold: 0.18 < 25.50
2025-07-11 04:29:38,622 - INFO - [AUDIT] - Decision: RECOVER_EPS, Reason: Critical voltage, Mode: Nominal
2025-07-11 04:29:38,622 - INFO - [AUDIT] - Rule Activated: CRITICAL_VOLTAGE, Reason: Bus voltage below threshold: 0.18 < 25.50
2025-07-11 04:29:38,622 - INFO - [AUDIT] - Decision: RECOVER_EPS, Reason: Critical voltage, Mode: Nominal
2025-07-11 04:29:38,622 - INFO - [AUDIT] - Rule Activated: CRITICAL_VOLTAGE, Reason: Bus voltage below threshold: 0.18 < 25.50
2025-07-11 04:29:38,622 - INFO - [AUDIT] - Decision: RECOVER_EPS, Reason: Critical voltage, Mode: Nominal
2025-07-11 04:29:38,623 - INFO - [AUDIT] - Rule Activated: CRITICAL_VOLTAGE, Reason: Bus voltage below threshold: 0.18 < 25.50
2025-07-11 04:29:38,623 - INFO - [AUDIT] - Decision: RECOVER_EPS, Reason: Critical voltage, Mode: Nominal
2025-07-11 04:29:38,623 - INFO - [AUDIT] - Rule Activated: CRITICAL_VOLTAGE, Reason: Bus voltage below threshold: 0.18 < 25.50
2025-07-11 04:29:38,623 - INFO - [AUDIT] - Decision: RECOVER_EPS, Reason: Critical voltage, Mode: Nominal
2025-07-11 04:29:38,623 - INFO - [AUDIT] - Rule Activated: CRITICAL_VOLTAGE, Reason: Bus voltage below threshold: 0.18 < 25.50
2025-07-11 04:29:38,623 - INFO - [AUDIT] - Decision: RECOVER_EPS, Reason: Critical voltage, Mode: Nominal
2025-07-11 04:29:38,623 - INFO - [AUDIT] - Rule Activated: CRITICAL_VOLTAGE, Reason: Bus voltage below threshold: 0.18 < 25.50
2025-07-11 04:29:38,623 - INFO - [AUDIT] - Decision: RECOVER_EPS, Reason: Critical voltage, Mode: Nominal
2025-07-11 04:29:38,623 - INFO - [AUDIT] - Rule Activated: CRITICAL_VOLTAGE, Reason: Bus voltage below threshold: 0.18 < 25.50
2025-07-11 04:29:38,623 - INFO - [AUDIT] - Decision: RECOVER_EPS, Reason: Critical voltage, Mode: Nominal
2025-07-11 04:29:38,623 - INFO - [AUDIT] - Rule Activated: CRITICAL_VOLTAGE, Reason: Bus voltage below threshold: 0.18 < 25.50
2025-07-11 04:29:38,623 - INFO - [AUDIT] - Decision: RECOVER_EPS, Reason: Critical voltage, Mode: Nominal
2025-07-11 04:29:38,623 - INFO - [AUDIT] - Rule Activated: CRITICAL_VOLTAGE, Reason: Bus voltage below threshold: 0.18 < 25.50
2025-07-11 04:29:38,624 - INFO - [AUDIT] - Decision: RECOVER_EPS, Reason: Critical voltage, Mode: Nominal
2025-07-11 04:29:38,624 - INFO - [AUDIT] - Rule Activated: CRITICAL_VOLTAGE, Reason: Bus voltage below threshold: 0.18 < 25.50
2025-07-11 04:29:38,624 - INFO - [AUDIT] - Decision: RECOVER_EPS, Reason: Critical voltage, Mode: Nominal
2025-07-11 04:29:38,624 - INFO - [AUDIT] - Rule Activated: CRITICAL_VOLTAGE, Reason: Bus voltage below threshold: 0.18 < 25.50
2025-07-11 04:29:38,624 - INFO - [AUDIT] - Decision: RECOVER_EPS, Reason: Critical voltage, Mode: Nominal
2025-07-11 04:29:38,624 - INFO - [AUDIT] - Rule Activated: CRITICAL_VOLTAGE, Reason: Bus voltage below threshold: 0.18 < 25.50
2025-07-11 04:29:38,624 - INFO - [AUDIT] - Decision: RECOVER_EPS, Reason: Critical voltage, Mode: Nominal
2025-07-11 04:29:38,624 - INFO - [AUDIT] - Rule Activated: CRITICAL_VOLTAGE, Reason: Bus voltage below threshold: 0.18 < 25.50
2025-07-11 04:29:38,624 - INFO - [AUDIT] - Decision: RECOVER_EPS, Reason: Critical voltage, Mode: Nominal
2025-07-11 04:29:38,624 - INFO - [AUDIT] - Rule Activated: CRITICAL_VOLTAGE, Reason: Bus voltage below threshold: 0.18 < 25.50
2025-07-11 04:29:38,624 - INFO - [AUDIT] - Decision: RECOVER_EPS, Reason: Critical voltage, Mode: Nominal
2025-07-11 04:29:38,624 - INFO - [AUDIT] - Rule Activated: CRITICAL_VOLTAGE, Reason: Bus voltage below threshold: 0.18 < 25.50
2025-07-11 04:29:38,624 - INFO - [AUDIT] - Decision: RECOVER_EPS, Reason: Critical voltage, Mode: Nominal
2025-07-11 04:29:38,625 - INFO - [AUDIT] - Rule Activated: CRITICAL_VOLTAGE, Reason: Bus voltage below threshold: 0.18 < 25.50
2025-07-11 04:29:38,625 - INFO - [AUDIT] - Decision: RECOVER_EPS, Reason: Critical voltage, Mode: Nominal
2025-07-11 04:29:38,625 - INFO - [AUDIT] - Rule Activated: CRITICAL_VOLTAGE, Reason: Bus voltage below threshold: 0.18 < 25.50
2025-07-11 04:29:38,625 - INFO - [AUDIT] - Decision: RECOVER_EPS, Reason: Critical voltage, Mode: Nominal
2025-07-11 04:29:38,625 - INFO - [AUDIT] - Rule Activated: CRITICAL_VOLTAGE, Reason: Bus voltage below threshold: 0.18 < 25.50
2025-07-11 04:29:38,625 - INFO - [AUDIT] - Decision: RECOVER_EPS, Reason: Critical voltage, Mode: Nominal
2025-07-11 04:29:38,625 - INFO - [AUDIT] - Rule Activated: CRITICAL_VOLTAGE, Reason: Bus voltage below threshold: 0.18 < 25.50
2025-07-11 04:29:38,625 - INFO - [AUDIT] - Decision: RECOVER_EPS, Reason: Critical voltage, Mode: Nominal
2025-07-11 04:29:38,625 - INFO - [AUDIT] - Rule Activated: CRITICAL_VOLTAGE, Reason: Bus voltage below threshold: 0.18 < 25.50
2025-07-11 04:29:38,625 - INFO - [AUDIT] - Decision: RECOVER_EPS, Reason: Critical voltage, Mode: Nominal
2025-07-11 04:29:38,626 - INFO - [AUDIT] - Rule Activated: CRITICAL_VOLTAGE, Reason: Bus voltage below threshold: 0.18 < 25.50
2025-07-11 04:29:38,626 - INFO - [AUDIT] - Decision: RECOVER_EPS, Reason: Critical voltage, Mode: Nominal
2025-07-11 04:29:38,626 - INFO - [AUDIT] - Rule Activated: CRITICAL_VOLTAGE, Reason: Bus voltage below threshold: 0.18 < 25.50
2025-07-11 04:29:38,626 - INFO - [AUDIT] - Decision: RECOVER_EPS, Reason: Critical voltage, Mode: Nominal
2025-07-11 04:29:38,626 - INFO - [AUDIT] - Rule Activated: CRITICAL_VOLTAGE, Reason: Bus voltage below threshold: 0.18 < 25.50
2025-07-11 04:29:38,626 - INFO - [AUDIT] - Decision: RECOVER_EPS, Reason: Critical voltage, Mode: Nominal
2025-07-11 04:29:38,626 - INFO - [AUDIT] - Rule Activated: CRITICAL_VOLTAGE, Reason: Bus voltage below threshold: 0.18 < 25.50
2025-07-11 04:29:38,626 - INFO - [AUDIT] - Decision: RECOVER_EPS, Reason: Critical voltage, Mode: Nominal
2025-07-11 04:29:38,626 - INFO - [AUDIT] - Rule Activated: CRITICAL_VOLTAGE, Reason: Bus voltage below threshold: 0.18 < 25.50
2025-07-11 04:29:38,626 - INFO - [AUDIT] - Decision: RECOVER_EPS, Reason: Critical voltage, Mode: Nominal
2025-07-11 04:29:38,626 - INFO - [AUDIT] - Rule Activated: CRITICAL_VOLTAGE, Reason: Bus voltage below threshold: 0.18 < 25.50
2025-07-11 04:29:38,626 - INFO - [AUDIT] - Decision: RECOVER_EPS, Reason: Critical voltage, Mode: Nominal
2025-07-11 04:29:38,627 - INFO - [AUDIT] - Rule Activated: CRITICAL_VOLTAGE, Reason: Bus voltage below threshold: 0.18 < 25.50
2025-07-11 04:29:38,627 - INFO - [AUDIT] - Decision: RECOVER_EPS, Reason: Critical voltage, Mode: Nominal
2025-07-11 04:29:38,627 - INFO - [AUDIT] - Rule Activated: CRITICAL_VOLTAGE, Reason: Bus voltage below threshold: 0.18 < 25.50
2025-07-11 04:29:38,627 - INFO - [AUDIT] - Decision: RECOVER_EPS, Reason: Critical voltage, Mode: Nominal
2025-07-11 04:29:38,627 - INFO - [AUDIT] - Rule Activated: CRITICAL_VOLTAGE, Reason: Bus voltage below threshold: 0.18 < 25.50
2025-07-11 04:29:38,627 - INFO - [AUDIT] - Decision: RECOVER_EPS, Reason: Critical voltage, Mode: Nominal
2025-07-11 04:29:38,627 - INFO - [AUDIT] - Rule Activated: CRITICAL_VOLTAGE, Reason: Bus voltage below threshold: 0.18 < 25.50
2025-07-11 04:29:38,627 - INFO - [AUDIT] - Decision: RECOVER_EPS, Reason: Critical voltage, Mode: Nominal
2025-07-11 04:29:38,627 - INFO - [AUDIT] - Rule Activated: CRITICAL_VOLTAGE, Reason: Bus voltage below threshold: 0.18 < 25.50
2025-07-11 04:29:38,627 - INFO - [AUDIT] - Decision: RECOVER_EPS, Reason: Critical voltage, Mode: Nominal
2025-07-11 04:29:38,627 - INFO - [AUDIT] - Rule Activated: CRITICAL_VOLTAGE, Reason: Bus voltage below threshold: 0.18 < 25.50
2025-07-11 04:29:38,627 - INFO - [AUDIT] - Decision: RECOVER_EPS, Reason: Critical voltage, Mode: Nominal
2025-07-11 04:29:38,628 - INFO - [AUDIT] - Rule Activated: CRITICAL_VOLTAGE, Reason: Bus voltage below threshold: 0.18 < 25.50
2025-07-11 04:29:38,628 - INFO - [AUDIT] - Decision: RECOVER_EPS, Reason: Critical voltage, Mode: Nominal
2025-07-11 04:29:38,628 - INFO - [AUDIT] - Rule Activated: CRITICAL_VOLTAGE, Reason: Bus voltage below threshold: 0.18 < 25.50
2025-07-11 04:29:38,628 - INFO - [AUDIT] - Decision: RECOVER_EPS, Reason: Critical voltage, Mode: Nominal
2025-07-11 04:29:38,628 - INFO - [AUDIT] - Rule Activated: CRITICAL_VOLTAGE, Reason: Bus voltage below threshold: 0.18 < 25.50
2025-07-11 04:29:38,628 - INFO - [AUDIT] - Decision: RECOVER_EPS, Reason: Critical voltage, Mode: Nominal
2025-07-11 04:29:38,628 - INFO - [AUDIT] - Rule Activated: CRITICAL_VOLTAGE, Reason: Bus voltage below threshold: 0.18 < 25.50
2025-07-11 04:29:38,628 - INFO - [AUDIT] - Decision: RECOVER_EPS, Reason: Critical voltage, Mode: Nominal
2025-07-11 04:29:38,628 - INFO - [AUDIT] - Rule Activated: CRITICAL_VOLTAGE, Reason: Bus voltage below threshold: 0.18 < 25.50
2025-07-11 04:29:38,628 - INFO - [AUDIT] - Decision: RECOVER_EPS, Reason: Critical voltage, Mode: Nominal
2025-07-11 04:29:38,629 - INFO - [AUDIT] - Rule Activated: CRITICAL_VOLTAGE, Reason: Bus voltage below threshold: 0.18 < 25.50
2025-07-11 04:29:38,629 - INFO - [AUDIT] - Decision: RECOVER_EPS, Reason: Critical voltage, Mode: Nominal
2025-07-11 04:29:38,629 - INFO - [AUDIT] - Rule Activated: CRITICAL_VOLTAGE, Reason: Bus voltage below threshold: 0.18 < 25.50
2025-07-11 04:29:38,629 - INFO - [AUDIT] - Decision: RECOVER_EPS, Reason: Critical voltage, Mode: Nominal
2025-07-11 04:29:38,629 - INFO - [AUDIT] - Rule Activated: CRITICAL_VOLTAGE, Reason: Bus voltage below threshold: 0.18 < 25.50
2025-07-11 04:29:38,629 - INFO - [AUDIT] - Decision: RECOVER_EPS, Reason: Critical voltage, Mode: Nominal
2025-07-11 04:29:38,629 - INFO - [AUDIT] - Rule Activated: CRITICAL_VOLTAGE, Reason: Bus voltage below threshold: 0.18 < 25.50
2025-07-11 04:29:38,629 - INFO - [AUDIT] - Decision: RECOVER_EPS, Reason: Critical voltage, Mode: Nominal
2025-07-11 04:29:38,629 - INFO - [AUDIT] - Rule Activated: CRITICAL_VOLTAGE, Reason: Bus voltage below threshold: 0.18 < 25.50
2025-07-11 04:29:38,629 - INFO - [AUDIT] - Decision: RECOVER_EPS, Reason: Critical voltage, Mode: Nominal
2025-07-11 04:29:38,629 - INFO - [AUDIT] - Rule Activated: CRITICAL_VOLTAGE, Reason: Bus voltage below threshold: 0.18 < 25.50
2025-07-11 04:29:38,629 - INFO - [AUDIT] - Decision: RECOVER_EPS, Reason: Critical voltage, Mode: Nominal
2025-07-11 04:29:38,629 - INFO - [AUDIT] - Rule Activated: CRITICAL_VOLTAGE, Reason: Bus voltage below threshold: 0.18 < 25.50
2025-07-11 04:29:38,629 - INFO - [AUDIT] - Decision: RECOVER_EPS, Reason: Critical voltage, Mode: Nominal
2025-07-11 04:29:38,630 - INFO - [AUDIT] - Rule Activated: CRITICAL_VOLTAGE, Reason: Bus voltage below threshold: 0.18 < 25.50
2025-07-11 04:29:38,630 - INFO - [AUDIT] - Decision: RECOVER_EPS, Reason: Critical voltage, Mode: Nominal
2025-07-11 04:29:38,630 - INFO - [AUDIT] - Rule Activated: CRITICAL_VOLTAGE, Reason: Bus voltage below threshold: 0.18 < 25.50
2025-07-11 04:29:38,630 - INFO - [AUDIT] - Decision: RECOVER_EPS, Reason: Critical voltage, Mode: Nominal
2025-07-11 04:29:38,630 - INFO - [AUDIT] - Rule Activated: CRITICAL_VOLTAGE, Reason: Bus voltage below threshold: 0.18 < 25.50
2025-07-11 04:29:38,630 - INFO - [AUDIT] - Decision: RECOVER_EPS, Reason: Critical voltage, Mode: Nominal
2025-07-11 04:29:38,630 - INFO - [AUDIT] - Rule Activated: CRITICAL_VOLTAGE, Reason: Bus voltage below threshold: 0.18 < 25.50
2025-07-11 04:29:38,630 - INFO - [AUDIT] - Decision: RECOVER_EPS, Reason: Critical voltage, Mode: Nominal
2025-07-11 04:29:38,630 - INFO - [AUDIT] - Rule Activated: CRITICAL_VOLTAGE, Reason: Bus voltage below threshold: 0.18 < 25.50
2025-07-11 04:29:38,630 - INFO - [AUDIT] - Decision: RECOVER_EPS, Reason: Critical voltage, Mode: Nominal
2025-07-11 04:29:38,630 - INFO - [AUDIT] - Rule Activated: CRITICAL_VOLTAGE, Reason: Bus voltage below threshold: 0.18 < 25.50
2025-07-11 04:29:38,630 - INFO - [AUDIT] - Decision: RECOVER_EPS, Reason: Critical voltage, Mode: Nominal
2025-07-11 04:29:38,631 - INFO - [AUDIT] - Rule Activated: CRITICAL_VOLTAGE, Reason: Bus voltage below threshold: 0.18 < 25.50
2025-07-11 04:29:38,631 - INFO - [AUDIT] - Decision: RECOVER_EPS, Reason: Critical voltage, Mode: Nominal
2025-07-11 04:29:38,631 - INFO - [AUDIT] - Rule Activated: CRITICAL_VOLTAGE, Reason: Bus voltage below threshold: 0.18 < 25.50
2025-07-11 04:29:38,631 - INFO - [AUDIT] - Decision: RECOVER_EPS, Reason: Critical voltage, Mode: Nominal
2025-07-11 04:29:38,631 - INFO - [AUDIT] - Rule Activated: CRITICAL_VOLTAGE, Reason: Bus voltage below threshold: 0.18 < 25.50
2025-07-11 04:29:38,631 - INFO - [AUDIT] - Decision: RECOVER_EPS, Reason: Critical voltage, Mode: Nominal
2025-07-11 04:29:38,631 - INFO - [AUDIT] - Rule Activated: CRITICAL_VOLTAGE, Reason: Bus voltage below threshold: 0.18 < 25.50
2025-07-11 04:29:38,631 - INFO - [AUDIT] - Decision: RECOVER_EPS, Reason: Critical voltage, Mode: Nominal
2025-07-11 04:29:38,631 - INFO - [AUDIT] - Rule Activated: CRITICAL_VOLTAGE, Reason: Bus voltage below threshold: 0.18 < 25.50
2025-07-11 04:29:38,631 - INFO - [AUDIT] - Decision: RECOVER_EPS, Reason: Critical voltage, Mode: Nominal
2025-07-11 04:29:38,631 - INFO - [AUDIT] - Rule Activated: CRITICAL_VOLTAGE, Reason: Bus voltage below threshold: 0.18 < 25.50
2025-07-11 04:29:38,631 - INFO - [AUDIT] - Decision: RECOVER_EPS, Reason: Critical voltage, Mode: Nominal
2025-07-11 04:29:38,632 - INFO - [AUDIT] - Rule Activated: CRITICAL_VOLTAGE, Reason: Bus voltage below threshold: 0.18 < 25.50
2025-07-11 04:29:38,632 - INFO - [AUDIT] - Decision: RECOVER_EPS, Reason: Critical voltage, Mode: Nominal
2025-07-11 04:29:38,632 - INFO - [AUDIT] - Rule Activated: CRITICAL_VOLTAGE, Reason: Bus voltage below threshold: 0.18 < 25.50
2025-07-11 04:29:38,632 - INFO - [AUDIT] - Decision: RECOVER_EPS, Reason: Critical voltage, Mode: Nominal
2025-07-11 04:29:38,632 - INFO - [AUDIT] - Rule Activated: CRITICAL_VOLTAGE, Reason: Bus voltage below threshold: 0.18 < 25.50
2025-07-11 04:29:38,632 - INFO - [AUDIT] - Decision: RECOVER_EPS, Reason: Critical voltage, Mode: Nominal
2025-07-11 04:29:38,632 - INFO - [AUDIT] - Rule Activated: CRITICAL_VOLTAGE, Reason: Bus voltage below threshold: 0.18 < 25.50
2025-07-11 04:29:38,632 - INFO - [AUDIT] - Decision: RECOVER_EPS, Reason: Critical voltage, Mode: Nominal
2025-07-11 04:29:38,632 - INFO - [AUDIT] - Rule Activated: CRITICAL_VOLTAGE, Reason: Bus voltage below threshold: 0.18 < 25.50
2025-07-11 04:29:38,632 - INFO - [AUDIT] - Decision: RECOVER_EPS, Reason: Critical voltage, Mode: Nominal
2025-07-11 04:29:38,632 - INFO - [AUDIT] - Rule Activated: CRITICAL_VOLTAGE, Reason: Bus voltage below threshold: 0.18 < 25.50
2025-07-11 04:29:38,632 - INFO - [AUDIT] - Decision: RECOVER_EPS, Reason: Critical voltage, Mode: Nominal
2025-07-11 04:29:38,633 - INFO - [AUDIT] - Rule Activated: CRITICAL_VOLTAGE, Reason: Bus voltage below threshold: 0.18 < 25.50
2025-07-11 04:29:38,633 - INFO - [AUDIT] - Decision: RECOVER_EPS, Reason: Critical voltage, Mode: Nominal
2025-07-11 04:29:38,633 - INFO - [AUDIT] - Rule Activated: CRITICAL_VOLTAGE, Reason: Bus voltage below threshold: 0.18 < 25.50
2025-07-11 04:29:38,633 - INFO - [AUDIT] - Decision: RECOVER_EPS, Reason: Critical voltage, Mode: Nominal
2025-07-11 04:29:38,633 - INFO - [AUDIT] - Rule Activated: CRITICAL_VOLTAGE, Reason: Bus voltage below threshold: 0.18 < 25.50
2025-07-11 04:29:38,633 - INFO - [AUDIT] - Decision: RECOVER_EPS, Reason: Critical voltage, Mode: Nominal
2025-07-11 04:29:38,633 - INFO - [AUDIT] - Rule Activated: CRITICAL_VOLTAGE, Reason: Bus voltage below threshold: 0.18 < 25.50
2025-07-11 04:29:38,633 - INFO - [AUDIT] - Decision: RECOVER_EPS, Reason: Critical voltage, Mode: Nominal
2025-07-11 04:29:38,633 - INFO - [AUDIT] - Rule Activated: CRITICAL_VOLTAGE, Reason: Bus voltage below threshold: 0.18 < 25.50
2025-07-11 04:29:38,633 - INFO - [AUDIT] - Decision: RECOVER_EPS, Reason: Critical voltage, Mode: Nominal
2025-07-11 04:29:38,633 - INFO - [AUDIT] - Rule Activated: CRITICAL_VOLTAGE, Reason: Bus voltage below threshold: 0.18 < 25.50
2025-07-11 04:29:38,633 - INFO - [AUDIT] - Decision: RECOVER_EPS, Reason: Critical voltage, Mode: Nominal
